"Severity","Category","Object","RecordId","RecordName","Issue","Evidence","RecommendedAction"
"High","MRR","Contract__c","a04RB00000kUANnYAO","CN-00000013","有効契約のMRRが空","Status=Activated","請求明細または契約内容を根拠にMRRを設定する"
"High","MRR","Contract__c","a04RB00000nA94DYAS","CN-00000230","有効契約のMRRが空","Status=Activated","請求明細または契約内容を根拠にMRRを設定する"
"High","MRR","Contract__c","a04RB00000nRI1RYAW","CN-00000240","有効契約のMRRが空","Status=Activated","請求明細または契約内容を根拠にMRRを設定する"
"High","ステータス矛盾","Contract__c","a04RB00000kUAO9YAO","CN-00000035","終了済み日付だが有効契約","End=2026-07-30","更新契約の有無を確認し、終了・更新予定・有効のいずれかへ整理する"
"High","関連不足","Contract__c","a04RB00000kUANnYAO","CN-00000013","有効契約に請求がない","Invoice count=0","freee請求の未取込または契約紐付けを確認する"
"High","関連不足","Contract__c","a04RB00000kUANqYAO","CN-00000016","有効契約に請求がない","Invoice count=0","freee請求の未取込または契約紐付けを確認する"
"High","関連不足","Contract__c","a04RB00000kUANtYAO","CN-00000019","有効契約に請求がない","Invoice count=0","freee請求の未取込または契約紐付けを確認する"
"High","関連不足","Contract__c","a04RB00000kUANuYAO","CN-00000020","有効契約に請求がない","Invoice count=0","freee請求の未取込または契約紐付けを確認する"
"High","関連不足","Contract__c","a04RB00000kUANxYAO","CN-00000023","有効契約に請求がない","Invoice count=0","freee請求の未取込または契約紐付けを確認する"
"High","関連不足","Contract__c","a04RB00000kUAO6YAO","CN-00000032","有効契約に請求がない","Invoice count=0","freee請求の未取込または契約紐付けを確認する"
"High","関連不足","Contract__c","a04RB00000kUAO9YAO","CN-00000035","有効契約に請求がない","Invoice count=0","freee請求の未取込または契約紐付けを確認する"
"High","関連不足","Contract__c","a04RB00000kUAOIYA4","CN-00000044","有効契約に請求がない","Invoice count=0","freee請求の未取込または契約紐付けを確認する"
"High","関連不足","Contract__c","a04RB00000kUAOKYA4","CN-00000046","有効契約に請求がない","Invoice count=0","freee請求の未取込または契約紐付けを確認する"
"High","関連不足","Contract__c","a04RB00000kUAOLYA4","CN-00000047","有効契約に請求がない","Invoice count=0","freee請求の未取込または契約紐付けを確認する"
"High","関連不足","Contract__c","a04RB00000kUAONYA4","CN-00000049","有効契約に請求がない","Invoice count=0","freee請求の未取込または契約紐付けを確認する"
"High","関連不足","Contract__c","a04RB00000kUAOOYA4","CN-00000050","有効契約に請求がない","Invoice count=0","freee請求の未取込または契約紐付けを確認する"
"High","関連不足","Contract__c","a04RB00000kUAOVYA4","CN-00000057","有効契約に請求がない","Invoice count=0","freee請求の未取込または契約紐付けを確認する"
"High","関連不足","Contract__c","a04RB00000kUAOXYA4","CN-00000059","有効契約に請求がない","Invoice count=0","freee請求の未取込または契約紐付けを確認する"
"High","関連不足","Contract__c","a04RB00000kUAOYYA4","CN-00000060","有効契約に請求がない","Invoice count=0","freee請求の未取込または契約紐付けを確認する"
"High","関連不足","Contract__c","a04RB00000kUAOZYA4","CN-00000061","有効契約に請求がない","Invoice count=0","freee請求の未取込または契約紐付けを確認する"
"High","関連不足","Contract__c","a04RB00000kUAOaYAO","CN-00000062","有効契約に請求がない","Invoice count=0","freee請求の未取込または契約紐付けを確認する"
"High","関連不足","Contract__c","a04RB00000kUAOkYAO","CN-00000072","有効契約に請求がない","Invoice count=0","freee請求の未取込または契約紐付けを確認する"
"High","関連不足","Contract__c","a04RB00000kUAOoYAO","CN-00000076","有効契約に請求がない","Invoice count=0","freee請求の未取込または契約紐付けを確認する"
"High","関連不足","Contract__c","a04RB00000kUAOrYAO","CN-00000079","有効契約に請求がない","Invoice count=0","freee請求の未取込または契約紐付けを確認する"
"High","関連不足","Contract__c","a04RB00000kUAOsYAO","CN-00000080","有効契約に請求がない","Invoice count=0","freee請求の未取込または契約紐付けを確認する"
"High","関連不足","Contract__c","a04RB00000kUAOvYAO","CN-00000083","有効契約に請求がない","Invoice count=0","freee請求の未取込または契約紐付けを確認する"
"High","関連不足","Contract__c","a04RB00000kUAOwYAO","CN-00000084","有効契約に請求がない","Invoice count=0","freee請求の未取込または契約紐付けを確認する"
"High","関連不足","Contract__c","a04RB00000kUAP2YAO","CN-00000090","有効契約に請求がない","Invoice count=0","freee請求の未取込または契約紐付けを確認する"
"High","関連不足","Contract__c","a04RB00000kUAP8YAO","CN-00000096","有効契約に請求がない","Invoice count=0","freee請求の未取込または契約紐付けを確認する"
"High","関連不足","Contract__c","a04RB00000kUAP9YAO","CN-00000097","有効契約に請求がない","Invoice count=0","freee請求の未取込または契約紐付けを確認する"
"High","関連不足","Contract__c","a04RB00000kUAPCYA4","CN-00000100","有効契約に請求がない","Invoice count=0","freee請求の未取込または契約紐付けを確認する"
"High","関連不足","Contract__c","a04RB00000kUAPDYA4","CN-00000101","有効契約に請求がない","Invoice count=0","freee請求の未取込または契約紐付けを確認する"
"High","関連不足","Contract__c","a04RB00000kUAPKYA4","CN-00000108","有効契約に請求がない","Invoice count=0","freee請求の未取込または契約紐付けを確認する"
"High","関連不足","Contract__c","a04RB00000kUAPLYA4","CN-00000109","有効契約に請求がない","Invoice count=0","freee請求の未取込または契約紐付けを確認する"
"High","関連不足","Contract__c","a04RB00000kUAPMYA4","CN-00000110","有効契約に請求がない","Invoice count=0","freee請求の未取込または契約紐付けを確認する"
"High","関連不足","Contract__c","a04RB00000kUAPgYAO","CN-00000130","有効契約に請求がない","Invoice count=0","freee請求の未取込または契約紐付けを確認する"
"High","関連不足","Contract__c","a04RB00000nA94DYAS","CN-00000230","有効契約に契約月次明細が1件もない","Monthly count=0","契約期間と商品を確認して月次明細を生成する"
"High","関連不足","Contract__c","a04RB00000nA94DYAS","CN-00000230","有効契約に契約期間がない","Period count=0","契約開始日・終了日から契約期間を作成する"
"High","関連不足","Contract__c","a04RB00000nCmpRYAS","CN-00000233","有効契約に請求がない","Invoice count=0","freee請求の未取込または契約紐付けを確認する"
"High","関連不足","Contract__c","a04RB00000nCmpSYAS","CN-00000234","有効契約に請求がない","Invoice count=0","freee請求の未取込または契約紐付けを確認する"
"High","関連不足","Contract__c","a04RB00000nRI1RYAW","CN-00000240","有効契約に契約月次明細が1件もない","Monthly count=0","契約期間と商品を確認して月次明細を生成する"
"High","関連不足","Contract__c","a04RB00000nRI1RYAW","CN-00000240","有効契約に請求がない","Invoice count=0","freee請求の未取込または契約紐付けを確認する"
"High","関連不足","Contract__c","a04RB00000nS9IgYAK","CN-00000243","有効契約に請求がない","Invoice count=0","freee請求の未取込または契約紐付けを確認する"
"High","期間重複","ContractPeriod__c","a0BRB00000ynb5i2AA","CP-00000011","同一契約の契約期間が重複","Previous=CP-00000115, previous end=2024-09-30, current start=2024-09-01","更新期間の境界を修正または重複期間を統合する"
"High","期間重複","ContractPeriod__c","a0BRB00000ynn5I2AQ","CP-00000113","同一契約の契約期間が重複","Previous=CP-00000010, previous end=2024-10-31, current start=2024-10-01","更新期間の境界を修正または重複期間を統合する"
"High","期間重複","ContractPeriod__c","a0BRB00000ynn5Z2AQ","CP-00000130","同一契約の契約期間が重複","Previous=CP-00000131, previous end=2025-01-31, current start=2025-01-01","更新期間の境界を修正または重複期間を統合する"
"High","期間重複","ContractPeriod__c","a0BRB000010uujt2AA","CP-00000212","同一契約の契約期間が重複","Previous=CP-00000017, previous end=2026-10-30, current start=2026-08-01","更新期間の境界を修正または重複期間を統合する"
"High","期間重複","ContractPeriod__c","a0BRB000010uuju2AA","CP-00000213","同一契約の契約期間が重複","Previous=CP-00000018, previous end=2026-10-30, current start=2026-08-01","更新期間の境界を修正または重複期間を統合する"
"High","期間重複","ContractPeriod__c","a0BRB000010uuk12AA","CP-00000220","同一契約の契約期間が重複","Previous=CP-00000373, previous end=2026-06-30, current start=2026-06-01","更新期間の境界を修正または重複期間を統合する"
"High","期間重複","ContractPeriod__c","a0BRB000010uuk72AA","CP-00000226","同一契約の契約期間が重複","Previous=CP-00000047, previous end=2027-03-31, current start=2026-08-01","更新期間の境界を修正または重複期間を統合する"
"High","期間重複","ContractPeriod__c","a0BRB000010uukD2AQ","CP-00000232","同一契約の契約期間が重複","Previous=CP-00000057, previous end=2027-03-31, current start=2026-08-01","更新期間の境界を修正または重複期間を統合する"
"High","期間重複","ContractPeriod__c","a0BRB000010uukh2AA","CP-00000262","同一契約の契約期間が重複","Previous=CP-00000107, previous end=2027-03-31, current start=2026-08-01","更新期間の境界を修正または重複期間を統合する"
"High","決済ステータス矛盾","Invoice__c","a00RB000024Ux4IYAS","INV-0000000011","決済済みだが金額が完済状態ではない","Paid=1837000, Unpaid=0, Invoice=1670000","freeeから決済ステータスと金額を再同期する"
"High","決済ステータス矛盾","Invoice__c","a00RB000024Ux4qYAC","INV-0000000045","決済済みだが金額が完済状態ではない","Paid=2057000, Unpaid=0, Invoice=1870000","freeeから決済ステータスと金額を再同期する"
"High","月次不足","Contract__c","a04RB00000kUAO9YAO","CN-00000035","有効契約に当月の契約月次明細がない","Expected month=2026/08","当月の契約対象を確認し月次明細を生成する"
"High","月次不足","Contract__c","a04RB00000kUAPZYA4","CN-00000123","有効契約に当月の契約月次明細がない","Expected month=2026/08","当月の契約対象を確認し月次明細を生成する"
"High","参照不一致","ContractLineItem__c","a03RB00001VLhyrYAD","a03RB00001VLhyr","契約期間の親契約と契約管理が異なる","PeriodContract=a04RB00000kUAPEYA4, Master=a04RB00000kVL7KYAW","正しい契約期間へ付け替える"
"High","参照不一致","Invoice__c","a00RB00002BahLfYAJ","INV-0000000410","契約期間の親契約と請求の親契約が異なる","PeriodContract=a04RB00000kUAPEYA4, InvoiceContract=a04RB00000kVL7KYAW","正しい契約期間へ付け替える"
"High","参照不足","Invoice__c","a00RB000023liu7YAA","INV-0000000003","親契約が未設定","Account=001RB00001UvdpFYAR, Billing=2026-06-19","取引先・請求明細・請求月から契約を特定する"
"High","取引先不一致","Invoice__c","a00RB00002B5oL5YAJ","INV-0000000383","請求と契約管理の取引先が異なる","Invoice=001RB00001br9KPYAY, Contract=001RB00001VTrHrYAL","正しい契約または取引先へ付け替える"
"High","重複","ContractLineItem__c","a03RB00001RIRErYAP","47内装株式会社_2026/06","同一契約・対象月・商品で月次明細が重複","Key=a04RB00000kUAO1YAO|2026/06|a0CRB0000CcXZ6T2QW, Count=2","請求・作成元を確認し重複を統合する"
"High","重複","ContractLineItem__c","a03RB00001T6sPaYAJ","a03RB00001T6sPa","同一契約・対象月・商品で月次明細が重複","Key=a04RB00000mYhriYAC|2026/07|a0CRB0000CcXZ6W2QW, Count=12","請求・作成元を確認し重複を統合する"
"High","重複","ContractLineItem__c","a03RB00001T6sPbYAJ","a03RB00001T6sPb","同一契約・対象月・商品で月次明細が重複","Key=a04RB00000mYhriYAC|2026/07|a0CRB0000CcXZ6W2QW, Count=12","請求・作成元を確認し重複を統合する"
"High","重複","ContractLineItem__c","a03RB00001T6sPcYAJ","a03RB00001T6sPc","同一契約・対象月・商品で月次明細が重複","Key=a04RB00000mYhriYAC|2026/07|a0CRB0000CcXZ6W2QW, Count=12","請求・作成元を確認し重複を統合する"
"High","重複","ContractLineItem__c","a03RB00001T6sPdYAJ","a03RB00001T6sPd","同一契約・対象月・商品で月次明細が重複","Key=a04RB00000mYhriYAC|2026/07|a0CRB0000CcXZ6W2QW, Count=12","請求・作成元を確認し重複を統合する"
"High","重複","ContractLineItem__c","a03RB00001T6sPeYAJ","a03RB00001T6sPe","同一契約・対象月・商品で月次明細が重複","Key=a04RB00000mYhriYAC|2026/07|a0CRB0000CcXZ6W2QW, Count=12","請求・作成元を確認し重複を統合する"
"High","重複","ContractLineItem__c","a03RB00001T6sPfYAJ","a03RB00001T6sPf","同一契約・対象月・商品で月次明細が重複","Key=a04RB00000mYhriYAC|2026/07|a0CRB0000CcXZ6W2QW, Count=12","請求・作成元を確認し重複を統合する"
"High","重複","ContractLineItem__c","a03RB00001T6sPgYAJ","a03RB00001T6sPg","同一契約・対象月・商品で月次明細が重複","Key=a04RB00000mYhriYAC|2026/07|a0CRB0000CcXZ6W2QW, Count=12","請求・作成元を確認し重複を統合する"
"High","重複","ContractLineItem__c","a03RB00001T6sPhYAJ","a03RB00001T6sPh","同一契約・対象月・商品で月次明細が重複","Key=a04RB00000mYhriYAC|2026/07|a0CRB0000CcXZ6W2QW, Count=12","請求・作成元を確認し重複を統合する"
"High","重複","ContractLineItem__c","a03RB00001T6sPWYAZ","a03RB00001T6sPW","同一契約・対象月・商品で月次明細が重複","Key=a04RB00000mYhriYAC|2026/07|a0CRB0000CcXZ6W2QW, Count=12","請求・作成元を確認し重複を統合する"
"High","重複","ContractLineItem__c","a03RB00001T6sPXYAZ","a03RB00001T6sPX","同一契約・対象月・商品で月次明細が重複","Key=a04RB00000mYhriYAC|2026/07|a0CRB0000CcXZ6W2QW, Count=12","請求・作成元を確認し重複を統合する"
"High","重複","ContractLineItem__c","a03RB00001T6sPYYAZ","a03RB00001T6sPY","同一契約・対象月・商品で月次明細が重複","Key=a04RB00000mYhriYAC|2026/07|a0CRB0000CcXZ6W2QW, Count=12","請求・作成元を確認し重複を統合する"
"High","重複","ContractLineItem__c","a03RB00001T6sPZYAZ","a03RB00001T6sPZ","同一契約・対象月・商品で月次明細が重複","Key=a04RB00000mYhriYAC|2026/07|a0CRB0000CcXZ6W2QW, Count=12","請求・作成元を確認し重複を統合する"
"High","重複","ContractLineItem__c","a03RB00001Uj0rrYAB","a03RB00001Uj0rr","同一契約・対象月・商品で月次明細が重複","Key=a04RB00000kUAOFYA4|2026/06|a0CRB0000CcXZ6Q2QW, Count=2","請求・作成元を確認し重複を統合する"
"High","重複","ContractLineItem__c","a03RB00001Uj0rsYAB","a03RB00001Uj0rs","同一契約・対象月・商品で月次明細が重複","Key=a04RB00000kUAO7YAO|2026/06|a0CRB0000CcXZ6Q2QW, Count=2","請求・作成元を確認し重複を統合する"
"High","重複","ContractLineItem__c","a03RB00001Uj0rtYAB","a03RB00001Uj0rt","同一契約・対象月・商品で月次明細が重複","Key=a04RB00000kUAO2YAO|2026/06|a0CRB0000CcXZ6Q2QW, Count=2","請求・作成元を確認し重複を統合する"
"High","重複","ContractLineItem__c","a03RB00001Uj0ruYAB","a03RB00001Uj0ru","同一契約・対象月・商品で月次明細が重複","Key=a04RB00000kUAO1YAO|2026/06|a0CRB0000CcXZ6T2QW, Count=2","請求・作成元を確認し重複を統合する"
"High","重複","ContractLineItem__c","a03RB00001Uj0rvYAB","a03RB00001Uj0rv","同一契約・対象月・商品で月次明細が重複","Key=a04RB00000kUANwYAO|2026/06|a0CRB0000CcXZ6Q2QW, Count=2","請求・作成元を確認し重複を統合する"
"High","重複","ContractLineItem__c","a03RB00001Uj0rwYAB","a03RB00001Uj0rw","同一契約・対象月・商品で月次明細が重複","Key=a04RB00000kUANmYAO|2026/06|a0CRB0000CcXZ6Q2QW, Count=2","請求・作成元を確認し重複を統合する"
"High","重複","ContractLineItem__c","a03RB00001Uj0ryYAB","a03RB00001Uj0ry","同一契約・対象月・商品で月次明細が重複","Key=a04RB00000kUAO0YAO|2026/06|a0CRB0000CcXZ6T2QW, Count=2","請求・作成元を確認し重複を統合する"
"High","重複","ContractLineItem__c","a03RB00001Uj0s2YAB","a03RB00001Uj0s2","同一契約・対象月・商品で月次明細が重複","Key=a04RB00000kUAORYA4|2026/06|a0CRB0000CcXZ6T2QW, Count=2","請求・作成元を確認し重複を統合する"
"High","重複","ContractLineItem__c","a03RB00001Uj0s3YAB","a03RB00001Uj0s3","同一契約・対象月・商品で月次明細が重複","Key=a04RB00000kUAPIYA4|2026/06|a0CRB0000CcXZ6Q2QW, Count=2","請求・作成元を確認し重複を統合する"
"High","重複","ContractLineItem__c","a03RB00001Uj0s4YAB","a03RB00001Uj0s4","同一契約・対象月・商品で月次明細が重複","Key=a04RB00000kUAP1YAO|2026/06|a0CRB0000CcXZ6Q2QW, Count=2","請求・作成元を確認し重複を統合する"
"High","重複","ContractLineItem__c","a03RB00001Uj0s5YAB","a03RB00001Uj0s5","同一契約・対象月・商品で月次明細が重複","Key=a04RB00000kUAPBYA4|2026/06|a0CRB0000CcXZ6Q2QW, Count=2","請求・作成元を確認し重複を統合する"
"High","重複","ContractLineItem__c","a03RB00001Uj0s6YAB","a03RB00001Uj0s6","同一契約・対象月・商品で月次明細が重複","Key=a04RB00000kUAPHYA4|2026/06|a0CRB0000CcXZ6Q2QW, Count=2","請求・作成元を確認し重複を統合する"
"High","重複","ContractLineItem__c","a03RB00001Uj0sFYAR","a03RB00001Uj0sF","同一契約・対象月・商品で月次明細が重複","Key=a04RB00000kUAPzYAO|2026/06|a0CRB0000CcXZ6i2QG, Count=2","請求・作成元を確認し重複を統合する"
"High","重複","ContractLineItem__c","a03RB00001Uj0sGYAR","a03RB00001Uj0sG","同一契約・対象月・商品で月次明細が重複","Key=a04RB00000kUAQ6YAO|2026/06|a0CRB0000CcXZ6j2QG, Count=2","請求・作成元を確認し重複を統合する"
"High","重複","ContractLineItem__c","a03RB00001Uj0sHYAR","a03RB00001Uj0sH","同一契約・対象月・商品で月次明細が重複","Key=a04RB00000kUAPFYA4|2026/06|a0CRB0000CcXZ6Q2QW, Count=2","請求・作成元を確認し重複を統合する"
"High","重複","ContractLineItem__c","a03RB00001Uj0sKYAR","a03RB00001Uj0sK","同一契約・対象月・商品で月次明細が重複","Key=a04RB00000kUAPzYAO|2026/05|a0CRB0000CcXZ6i2QG, Count=2","請求・作成元を確認し重複を統合する"
"High","重複","ContractLineItem__c","a03RB00001UyXx0YAF","a03RB00001UyXx0","同一契約・対象月・商品で月次明細が重複","Key=a04RB00000kUAQ2YAO|2026/06|a0CRB0000CcXZ6i2QG, Count=2","請求・作成元を確認し重複を統合する"
"High","重複","ContractLineItem__c","a03RB00001UyXx1YAF","a03RB00001UyXx1","同一契約・対象月・商品で月次明細が重複","Key=a04RB00000kUAQ3YAO|2026/06|a0CRB0000CcXZ6i2QG, Count=2","請求・作成元を確認し重複を統合する"
"High","重複","ContractLineItem__c","a03RB00001UyXx2YAF","a03RB00001UyXx2","同一契約・対象月・商品で月次明細が重複","Key=a04RB00000kUAPbYAO|2026/06|a0CRB0000CcXZ6i2QG, Count=2","請求・作成元を確認し重複を統合する"
"High","重複","ContractLineItem__c","a03RB00001VH5KPYA1","a03RB00001VH5KP","同一契約・対象月・商品で月次明細が重複","Key=a04RB00000kUAOAYA4|2026/06|a0CRB0000CcXZ6V2QW, Count=2","請求・作成元を確認し重複を統合する"
"High","重複","ContractLineItem__c","a03RB00001VH5KQYA1","a03RB00001VH5KQ","同一契約・対象月・商品で月次明細が重複","Key=a04RB00000kUAPjYAO|2026/06|a0CRB0000CcXZ6i2QG, Count=2","請求・作成元を確認し重複を統合する"
"High","重複","ContractLineItem__c","a03RB00001VH5KRYA1","a03RB00001VH5KR","同一契約・対象月・商品で月次明細が重複","Key=a04RB00000kUAPlYAO|2026/06|a0CRB0000CcXZ6i2QG, Count=2","請求・作成元を確認し重複を統合する"
"High","重複","ContractLineItem__c","a03RB00001VH5KUYA1","a03RB00001VH5KU","同一契約・対象月・商品で月次明細が重複","Key=a04RB00000kUAPXYA4|2026/06|a0CRB0000CcXZ6i2QG, Count=2","請求・作成元を確認し重複を統合する"
"High","重複","ContractLineItem__c","a03RB00001VH5KVYA1","a03RB00001VH5KV","同一契約・対象月・商品で月次明細が重複","Key=a04RB00000kUAPVYA4|2026/06|a0CRB0000CcXZ6i2QG, Count=2","請求・作成元を確認し重複を統合する"
"High","重複","ContractLineItem__c","a03RB00001VUaoXYAT","a03RB00001VUaoX","同一契約・対象月・商品で月次明細が重複","Key=a04RB00000kUAPNYA4|2026/06|a0CRB0000CcXZ6Q2QW, Count=2","請求・作成元を確認し重複を統合する"
"High","重複","ContractLineItem__c","a03RB00001VUaoYYAT","a03RB00001VUaoY","同一契約・対象月・商品で月次明細が重複","Key=a04RB00000kUAPOYA4|2026/06|a0CRB0000CcXZ6Z2QW, Count=2","請求・作成元を確認し重複を統合する"
"High","重複","ContractLineItem__c","a03RB00001WSLkwYAH","a03RB00001WSLkw","同一契約・対象月・商品で月次明細が重複","Key=a04RB00000nQDdJYAW|2026/08|a0CRB0000CcXZ6Q2QW, Count=6","請求・作成元を確認し重複を統合する"
"High","重複","ContractLineItem__c","a03RB00001WSLkxYAH","a03RB00001WSLkx","同一契約・対象月・商品で月次明細が重複","Key=a04RB00000nQDdJYAW|2026/08|a0CRB0000CcXZ6Q2QW, Count=6","請求・作成元を確認し重複を統合する"
"High","重複","ContractLineItem__c","a03RB00001WSLkyYAH","a03RB00001WSLky","同一契約・対象月・商品で月次明細が重複","Key=a04RB00000nQDdJYAW|2026/08|a0CRB0000CcXZ6Q2QW, Count=6","請求・作成元を確認し重複を統合する"
"High","重複","ContractLineItem__c","a03RB00001WSLkzYAH","a03RB00001WSLkz","同一契約・対象月・商品で月次明細が重複","Key=a04RB00000nQDdJYAW|2026/08|a0CRB0000CcXZ6Q2QW, Count=6","請求・作成元を確認し重複を統合する"
"High","重複","ContractLineItem__c","a03RB00001WSLl0YAH","a03RB00001WSLl0","同一契約・対象月・商品で月次明細が重複","Key=a04RB00000nQDdJYAW|2026/08|a0CRB0000CcXZ6Q2QW, Count=6","請求・作成元を確認し重複を統合する"
"High","重複","ContractLineItem__c","a03RB00001WSLl1YAH","a03RB00001WSLl1","同一契約・対象月・商品で月次明細が重複","Key=a04RB00000nQDdJYAW|2026/08|a0CRB0000CcXZ6Q2QW, Count=6","請求・作成元を確認し重複を統合する"
"High","重複","ContractLineItem__c","a03RB00001WYiuvYAD","a03RB00001WYiuv","同一契約・対象月・商品で月次明細が重複","Key=a04RB00000nRlg9YAC|2026/08|a0CRB0000CcXZ6V2QW, Count=8","請求・作成元を確認し重複を統合する"
"High","重複","ContractLineItem__c","a03RB00001WYiuwYAD","a03RB00001WYiuw","同一契約・対象月・商品で月次明細が重複","Key=a04RB00000nRlg9YAC|2026/08|a0CRB0000CcXZ6V2QW, Count=8","請求・作成元を確認し重複を統合する"
"High","重複","ContractLineItem__c","a03RB00001WYiuxYAD","a03RB00001WYiux","同一契約・対象月・商品で月次明細が重複","Key=a04RB00000nRlg9YAC|2026/08|a0CRB0000CcXZ6V2QW, Count=8","請求・作成元を確認し重複を統合する"
"High","重複","ContractLineItem__c","a03RB00001WYiuyYAD","a03RB00001WYiuy","同一契約・対象月・商品で月次明細が重複","Key=a04RB00000nRlg9YAC|2026/08|a0CRB0000CcXZ6V2QW, Count=8","請求・作成元を確認し重複を統合する"
"High","重複","ContractLineItem__c","a03RB00001WYiuzYAD","a03RB00001WYiuz","同一契約・対象月・商品で月次明細が重複","Key=a04RB00000nRlg9YAC|2026/08|a0CRB0000CcXZ6V2QW, Count=8","請求・作成元を確認し重複を統合する"
"High","重複","ContractLineItem__c","a03RB00001WYiv0YAD","a03RB00001WYiv0","同一契約・対象月・商品で月次明細が重複","Key=a04RB00000nRlg9YAC|2026/08|a0CRB0000CcXZ6V2QW, Count=8","請求・作成元を確認し重複を統合する"
"High","重複","ContractLineItem__c","a03RB00001WYiv1YAD","a03RB00001WYiv1","同一契約・対象月・商品で月次明細が重複","Key=a04RB00000nRlg9YAC|2026/08|a0CRB0000CcXZ6V2QW, Count=8","請求・作成元を確認し重複を統合する"
"High","重複","ContractLineItem__c","a03RB00001WYiv2YAD","a03RB00001WYiv2","同一契約・対象月・商品で月次明細が重複","Key=a04RB00000nRlg9YAC|2026/08|a0CRB0000CcXZ6V2QW, Count=8","請求・作成元を確認し重複を統合する"
"High","重複","ContractLineItem__c","a03RB00001WYiv3YAD","a03RB00001WYiv3","同一契約・対象月・商品で月次明細が重複","Key=a04RB00000nRlg9YAC|2026/09|a0CRB0000CcXZ6V2QW, Count=8","請求・作成元を確認し重複を統合する"
"High","重複","ContractLineItem__c","a03RB00001WYiv4YAD","a03RB00001WYiv4","同一契約・対象月・商品で月次明細が重複","Key=a04RB00000nRlg9YAC|2026/09|a0CRB0000CcXZ6V2QW, Count=8","請求・作成元を確認し重複を統合する"
"High","重複","ContractLineItem__c","a03RB00001WYiv5YAD","a03RB00001WYiv5","同一契約・対象月・商品で月次明細が重複","Key=a04RB00000nRlg9YAC|2026/09|a0CRB0000CcXZ6V2QW, Count=8","請求・作成元を確認し重複を統合する"
"High","重複","ContractLineItem__c","a03RB00001WYiv6YAD","a03RB00001WYiv6","同一契約・対象月・商品で月次明細が重複","Key=a04RB00000nRlg9YAC|2026/09|a0CRB0000CcXZ6V2QW, Count=8","請求・作成元を確認し重複を統合する"
"High","重複","ContractLineItem__c","a03RB00001WYiv7YAD","a03RB00001WYiv7","同一契約・対象月・商品で月次明細が重複","Key=a04RB00000nRlg9YAC|2026/09|a0CRB0000CcXZ6V2QW, Count=8","請求・作成元を確認し重複を統合する"
"High","重複","ContractLineItem__c","a03RB00001WYiv8YAD","a03RB00001WYiv8","同一契約・対象月・商品で月次明細が重複","Key=a04RB00000nRlg9YAC|2026/09|a0CRB0000CcXZ6V2QW, Count=8","請求・作成元を確認し重複を統合する"
"High","重複","ContractLineItem__c","a03RB00001WYiv9YAD","a03RB00001WYiv9","同一契約・対象月・商品で月次明細が重複","Key=a04RB00000nRlg9YAC|2026/09|a0CRB0000CcXZ6V2QW, Count=8","請求・作成元を確認し重複を統合する"
"High","重複","ContractLineItem__c","a03RB00001WYivAYAT","a03RB00001WYivA","同一契約・対象月・商品で月次明細が重複","Key=a04RB00000nRlg9YAC|2026/09|a0CRB0000CcXZ6V2QW, Count=8","請求・作成元を確認し重複を統合する"
"High","重複","ContractLineItem__c","a03RB00001WYivaYAD","a03RB00001WYiva","同一契約・対象月・商品で月次明細が重複","Key=a04RB00000nRlg9YAC|2027/01|a0CRB0000CcXZ6V2QW, Count=8","請求・作成元を確認し重複を統合する"
"High","重複","ContractLineItem__c","a03RB00001WYivBYAT","a03RB00001WYivB","同一契約・対象月・商品で月次明細が重複","Key=a04RB00000nRlg9YAC|2026/10|a0CRB0000CcXZ6V2QW, Count=8","請求・作成元を確認し重複を統合する"
"High","重複","ContractLineItem__c","a03RB00001WYivbYAD","a03RB00001WYivb","同一契約・対象月・商品で月次明細が重複","Key=a04RB00000nRlg9YAC|2027/01|a0CRB0000CcXZ6V2QW, Count=8","請求・作成元を確認し重複を統合する"
"High","重複","ContractLineItem__c","a03RB00001WYivcYAD","a03RB00001WYivc","同一契約・対象月・商品で月次明細が重複","Key=a04RB00000nRlg9YAC|2027/01|a0CRB0000CcXZ6V2QW, Count=8","請求・作成元を確認し重複を統合する"
"High","重複","ContractLineItem__c","a03RB00001WYivCYAT","a03RB00001WYivC","同一契約・対象月・商品で月次明細が重複","Key=a04RB00000nRlg9YAC|2026/10|a0CRB0000CcXZ6V2QW, Count=8","請求・作成元を確認し重複を統合する"
"High","重複","ContractLineItem__c","a03RB00001WYivDYAT","a03RB00001WYivD","同一契約・対象月・商品で月次明細が重複","Key=a04RB00000nRlg9YAC|2026/10|a0CRB0000CcXZ6V2QW, Count=8","請求・作成元を確認し重複を統合する"
"High","重複","ContractLineItem__c","a03RB00001WYivdYAD","a03RB00001WYivd","同一契約・対象月・商品で月次明細が重複","Key=a04RB00000nRlg9YAC|2027/01|a0CRB0000CcXZ6V2QW, Count=8","請求・作成元を確認し重複を統合する"
"High","重複","ContractLineItem__c","a03RB00001WYiveYAD","a03RB00001WYive","同一契約・対象月・商品で月次明細が重複","Key=a04RB00000nRlg9YAC|2027/01|a0CRB0000CcXZ6V2QW, Count=8","請求・作成元を確認し重複を統合する"
"High","重複","ContractLineItem__c","a03RB00001WYivEYAT","a03RB00001WYivE","同一契約・対象月・商品で月次明細が重複","Key=a04RB00000nRlg9YAC|2026/10|a0CRB0000CcXZ6V2QW, Count=8","請求・作成元を確認し重複を統合する"
"High","重複","ContractLineItem__c","a03RB00001WYivFYAT","a03RB00001WYivF","同一契約・対象月・商品で月次明細が重複","Key=a04RB00000nRlg9YAC|2026/10|a0CRB0000CcXZ6V2QW, Count=8","請求・作成元を確認し重複を統合する"
"High","重複","ContractLineItem__c","a03RB00001WYivfYAD","a03RB00001WYivf","同一契約・対象月・商品で月次明細が重複","Key=a04RB00000nRlg9YAC|2027/01|a0CRB0000CcXZ6V2QW, Count=8","請求・作成元を確認し重複を統合する"
"High","重複","ContractLineItem__c","a03RB00001WYivGYAT","a03RB00001WYivG","同一契約・対象月・商品で月次明細が重複","Key=a04RB00000nRlg9YAC|2026/10|a0CRB0000CcXZ6V2QW, Count=8","請求・作成元を確認し重複を統合する"
"High","重複","ContractLineItem__c","a03RB00001WYivgYAD","a03RB00001WYivg","同一契約・対象月・商品で月次明細が重複","Key=a04RB00000nRlg9YAC|2027/01|a0CRB0000CcXZ6V2QW, Count=8","請求・作成元を確認し重複を統合する"
"High","重複","ContractLineItem__c","a03RB00001WYivHYAT","a03RB00001WYivH","同一契約・対象月・商品で月次明細が重複","Key=a04RB00000nRlg9YAC|2026/10|a0CRB0000CcXZ6V2QW, Count=8","請求・作成元を確認し重複を統合する"
"High","重複","ContractLineItem__c","a03RB00001WYivhYAD","a03RB00001WYivh","同一契約・対象月・商品で月次明細が重複","Key=a04RB00000nRlg9YAC|2027/02|a0CRB0000CcXZ6V2QW, Count=8","請求・作成元を確認し重複を統合する"
"High","重複","ContractLineItem__c","a03RB00001WYivIYAT","a03RB00001WYivI","同一契約・対象月・商品で月次明細が重複","Key=a04RB00000nRlg9YAC|2026/10|a0CRB0000CcXZ6V2QW, Count=8","請求・作成元を確認し重複を統合する"
"High","重複","ContractLineItem__c","a03RB00001WYiviYAD","a03RB00001WYivi","同一契約・対象月・商品で月次明細が重複","Key=a04RB00000nRlg9YAC|2027/02|a0CRB0000CcXZ6V2QW, Count=8","請求・作成元を確認し重複を統合する"
"High","重複","ContractLineItem__c","a03RB00001WYivJYAT","a03RB00001WYivJ","同一契約・対象月・商品で月次明細が重複","Key=a04RB00000nRlg9YAC|2026/11|a0CRB0000CcXZ6V2QW, Count=8","請求・作成元を確認し重複を統合する"
"High","重複","ContractLineItem__c","a03RB00001WYivjYAD","a03RB00001WYivj","同一契約・対象月・商品で月次明細が重複","Key=a04RB00000nRlg9YAC|2027/02|a0CRB0000CcXZ6V2QW, Count=8","請求・作成元を確認し重複を統合する"
"High","重複","ContractLineItem__c","a03RB00001WYivKYAT","a03RB00001WYivK","同一契約・対象月・商品で月次明細が重複","Key=a04RB00000nRlg9YAC|2026/11|a0CRB0000CcXZ6V2QW, Count=8","請求・作成元を確認し重複を統合する"
"High","重複","ContractLineItem__c","a03RB00001WYivkYAD","a03RB00001WYivk","同一契約・対象月・商品で月次明細が重複","Key=a04RB00000nRlg9YAC|2027/02|a0CRB0000CcXZ6V2QW, Count=8","請求・作成元を確認し重複を統合する"
"High","重複","ContractLineItem__c","a03RB00001WYivLYAT","a03RB00001WYivL","同一契約・対象月・商品で月次明細が重複","Key=a04RB00000nRlg9YAC|2026/11|a0CRB0000CcXZ6V2QW, Count=8","請求・作成元を確認し重複を統合する"
"High","重複","ContractLineItem__c","a03RB00001WYivlYAD","a03RB00001WYivl","同一契約・対象月・商品で月次明細が重複","Key=a04RB00000nRlg9YAC|2027/02|a0CRB0000CcXZ6V2QW, Count=8","請求・作成元を確認し重複を統合する"
"High","重複","ContractLineItem__c","a03RB00001WYivMYAT","a03RB00001WYivM","同一契約・対象月・商品で月次明細が重複","Key=a04RB00000nRlg9YAC|2026/11|a0CRB0000CcXZ6V2QW, Count=8","請求・作成元を確認し重複を統合する"
"High","重複","ContractLineItem__c","a03RB00001WYivmYAD","a03RB00001WYivm","同一契約・対象月・商品で月次明細が重複","Key=a04RB00000nRlg9YAC|2027/02|a0CRB0000CcXZ6V2QW, Count=8","請求・作成元を確認し重複を統合する"
"High","重複","ContractLineItem__c","a03RB00001WYivNYAT","a03RB00001WYivN","同一契約・対象月・商品で月次明細が重複","Key=a04RB00000nRlg9YAC|2026/11|a0CRB0000CcXZ6V2QW, Count=8","請求・作成元を確認し重複を統合する"
"High","重複","ContractLineItem__c","a03RB00001WYivnYAD","a03RB00001WYivn","同一契約・対象月・商品で月次明細が重複","Key=a04RB00000nRlg9YAC|2027/02|a0CRB0000CcXZ6V2QW, Count=8","請求・作成元を確認し重複を統合する"
"High","重複","ContractLineItem__c","a03RB00001WYivoYAD","a03RB00001WYivo","同一契約・対象月・商品で月次明細が重複","Key=a04RB00000nRlg9YAC|2027/02|a0CRB0000CcXZ6V2QW, Count=8","請求・作成元を確認し重複を統合する"
"High","重複","ContractLineItem__c","a03RB00001WYivOYAT","a03RB00001WYivO","同一契約・対象月・商品で月次明細が重複","Key=a04RB00000nRlg9YAC|2026/11|a0CRB0000CcXZ6V2QW, Count=8","請求・作成元を確認し重複を統合する"
"High","重複","ContractLineItem__c","a03RB00001WYivpYAD","a03RB00001WYivp","同一契約・対象月・商品で月次明細が重複","Key=a04RB00000nRlg9YAC|2027/03|a0CRB0000CcXZ6V2QW, Count=8","請求・作成元を確認し重複を統合する"
"High","重複","ContractLineItem__c","a03RB00001WYivPYAT","a03RB00001WYivP","同一契約・対象月・商品で月次明細が重複","Key=a04RB00000nRlg9YAC|2026/11|a0CRB0000CcXZ6V2QW, Count=8","請求・作成元を確認し重複を統合する"
"High","重複","ContractLineItem__c","a03RB00001WYivqYAD","a03RB00001WYivq","同一契約・対象月・商品で月次明細が重複","Key=a04RB00000nRlg9YAC|2027/03|a0CRB0000CcXZ6V2QW, Count=8","請求・作成元を確認し重複を統合する"
"High","重複","ContractLineItem__c","a03RB00001WYivQYAT","a03RB00001WYivQ","同一契約・対象月・商品で月次明細が重複","Key=a04RB00000nRlg9YAC|2026/11|a0CRB0000CcXZ6V2QW, Count=8","請求・作成元を確認し重複を統合する"
"High","重複","ContractLineItem__c","a03RB00001WYivrYAD","a03RB00001WYivr","同一契約・対象月・商品で月次明細が重複","Key=a04RB00000nRlg9YAC|2027/03|a0CRB0000CcXZ6V2QW, Count=8","請求・作成元を確認し重複を統合する"
"High","重複","ContractLineItem__c","a03RB00001WYivRYAT","a03RB00001WYivR","同一契約・対象月・商品で月次明細が重複","Key=a04RB00000nRlg9YAC|2026/12|a0CRB0000CcXZ6V2QW, Count=8","請求・作成元を確認し重複を統合する"
"High","重複","ContractLineItem__c","a03RB00001WYivSYAT","a03RB00001WYivS","同一契約・対象月・商品で月次明細が重複","Key=a04RB00000nRlg9YAC|2026/12|a0CRB0000CcXZ6V2QW, Count=8","請求・作成元を確認し重複を統合する"
"High","重複","ContractLineItem__c","a03RB00001WYivsYAD","a03RB00001WYivs","同一契約・対象月・商品で月次明細が重複","Key=a04RB00000nRlg9YAC|2027/03|a0CRB0000CcXZ6V2QW, Count=8","請求・作成元を確認し重複を統合する"
"High","重複","ContractLineItem__c","a03RB00001WYivtYAD","a03RB00001WYivt","同一契約・対象月・商品で月次明細が重複","Key=a04RB00000nRlg9YAC|2027/03|a0CRB0000CcXZ6V2QW, Count=8","請求・作成元を確認し重複を統合する"
"High","重複","ContractLineItem__c","a03RB00001WYivTYAT","a03RB00001WYivT","同一契約・対象月・商品で月次明細が重複","Key=a04RB00000nRlg9YAC|2026/12|a0CRB0000CcXZ6V2QW, Count=8","請求・作成元を確認し重複を統合する"
"High","重複","ContractLineItem__c","a03RB00001WYivuYAD","a03RB00001WYivu","同一契約・対象月・商品で月次明細が重複","Key=a04RB00000nRlg9YAC|2027/03|a0CRB0000CcXZ6V2QW, Count=8","請求・作成元を確認し重複を統合する"
"High","重複","ContractLineItem__c","a03RB00001WYivUYAT","a03RB00001WYivU","同一契約・対象月・商品で月次明細が重複","Key=a04RB00000nRlg9YAC|2026/12|a0CRB0000CcXZ6V2QW, Count=8","請求・作成元を確認し重複を統合する"
"High","重複","ContractLineItem__c","a03RB00001WYivVYAT","a03RB00001WYivV","同一契約・対象月・商品で月次明細が重複","Key=a04RB00000nRlg9YAC|2026/12|a0CRB0000CcXZ6V2QW, Count=8","請求・作成元を確認し重複を統合する"
"High","重複","ContractLineItem__c","a03RB00001WYivvYAD","a03RB00001WYivv","同一契約・対象月・商品で月次明細が重複","Key=a04RB00000nRlg9YAC|2027/03|a0CRB0000CcXZ6V2QW, Count=8","請求・作成元を確認し重複を統合する"
"High","重複","ContractLineItem__c","a03RB00001WYivwYAD","a03RB00001WYivw","同一契約・対象月・商品で月次明細が重複","Key=a04RB00000nRlg9YAC|2027/03|a0CRB0000CcXZ6V2QW, Count=8","請求・作成元を確認し重複を統合する"
"High","重複","ContractLineItem__c","a03RB00001WYivWYAT","a03RB00001WYivW","同一契約・対象月・商品で月次明細が重複","Key=a04RB00000nRlg9YAC|2026/12|a0CRB0000CcXZ6V2QW, Count=8","請求・作成元を確認し重複を統合する"
"High","重複","ContractLineItem__c","a03RB00001WYivxYAD","a03RB00001WYivx","同一契約・対象月・商品で月次明細が重複","Key=a04RB00000nRlg9YAC|2027/04|a0CRB0000CcXZ6V2QW, Count=8","請求・作成元を確認し重複を統合する"
"High","重複","ContractLineItem__c","a03RB00001WYivXYAT","a03RB00001WYivX","同一契約・対象月・商品で月次明細が重複","Key=a04RB00000nRlg9YAC|2026/12|a0CRB0000CcXZ6V2QW, Count=8","請求・作成元を確認し重複を統合する"
"High","重複","ContractLineItem__c","a03RB00001WYivyYAD","a03RB00001WYivy","同一契約・対象月・商品で月次明細が重複","Key=a04RB00000nRlg9YAC|2027/04|a0CRB0000CcXZ6V2QW, Count=8","請求・作成元を確認し重複を統合する"
"High","重複","ContractLineItem__c","a03RB00001WYivYYAT","a03RB00001WYivY","同一契約・対象月・商品で月次明細が重複","Key=a04RB00000nRlg9YAC|2026/12|a0CRB0000CcXZ6V2QW, Count=8","請求・作成元を確認し重複を統合する"
"High","重複","ContractLineItem__c","a03RB00001WYivzYAD","a03RB00001WYivz","同一契約・対象月・商品で月次明細が重複","Key=a04RB00000nRlg9YAC|2027/04|a0CRB0000CcXZ6V2QW, Count=8","請求・作成元を確認し重複を統合する"
"High","重複","ContractLineItem__c","a03RB00001WYivZYAT","a03RB00001WYivZ","同一契約・対象月・商品で月次明細が重複","Key=a04RB00000nRlg9YAC|2027/01|a0CRB0000CcXZ6V2QW, Count=8","請求・作成元を確認し重複を統合する"
"High","重複","ContractLineItem__c","a03RB00001WYiw0YAD","a03RB00001WYiw0","同一契約・対象月・商品で月次明細が重複","Key=a04RB00000nRlg9YAC|2027/04|a0CRB0000CcXZ6V2QW, Count=8","請求・作成元を確認し重複を統合する"
"High","重複","ContractLineItem__c","a03RB00001WYiw1YAD","a03RB00001WYiw1","同一契約・対象月・商品で月次明細が重複","Key=a04RB00000nRlg9YAC|2027/04|a0CRB0000CcXZ6V2QW, Count=8","請求・作成元を確認し重複を統合する"
"High","重複","ContractLineItem__c","a03RB00001WYiw2YAD","a03RB00001WYiw2","同一契約・対象月・商品で月次明細が重複","Key=a04RB00000nRlg9YAC|2027/04|a0CRB0000CcXZ6V2QW, Count=8","請求・作成元を確認し重複を統合する"
"High","重複","ContractLineItem__c","a03RB00001WYiw3YAD","a03RB00001WYiw3","同一契約・対象月・商品で月次明細が重複","Key=a04RB00000nRlg9YAC|2027/04|a0CRB0000CcXZ6V2QW, Count=8","請求・作成元を確認し重複を統合する"
"High","重複","ContractLineItem__c","a03RB00001WYiw4YAD","a03RB00001WYiw4","同一契約・対象月・商品で月次明細が重複","Key=a04RB00000nRlg9YAC|2027/04|a0CRB0000CcXZ6V2QW, Count=8","請求・作成元を確認し重複を統合する"
"High","重複","ContractLineItem__c","a03RB00001WYiw5YAD","a03RB00001WYiw5","同一契約・対象月・商品で月次明細が重複","Key=a04RB00000nRlg9YAC|2027/05|a0CRB0000CcXZ6V2QW, Count=8","請求・作成元を確認し重複を統合する"
"High","重複","ContractLineItem__c","a03RB00001WYiw6YAD","a03RB00001WYiw6","同一契約・対象月・商品で月次明細が重複","Key=a04RB00000nRlg9YAC|2027/05|a0CRB0000CcXZ6V2QW, Count=8","請求・作成元を確認し重複を統合する"
"High","重複","ContractLineItem__c","a03RB00001WYiw7YAD","a03RB00001WYiw7","同一契約・対象月・商品で月次明細が重複","Key=a04RB00000nRlg9YAC|2027/05|a0CRB0000CcXZ6V2QW, Count=8","請求・作成元を確認し重複を統合する"
"High","重複","ContractLineItem__c","a03RB00001WYiw8YAD","a03RB00001WYiw8","同一契約・対象月・商品で月次明細が重複","Key=a04RB00000nRlg9YAC|2027/05|a0CRB0000CcXZ6V2QW, Count=8","請求・作成元を確認し重複を統合する"
"High","重複","ContractLineItem__c","a03RB00001WYiw9YAD","a03RB00001WYiw9","同一契約・対象月・商品で月次明細が重複","Key=a04RB00000nRlg9YAC|2027/05|a0CRB0000CcXZ6V2QW, Count=8","請求・作成元を確認し重複を統合する"
"High","重複","ContractLineItem__c","a03RB00001WYiwAYAT","a03RB00001WYiwA","同一契約・対象月・商品で月次明細が重複","Key=a04RB00000nRlg9YAC|2027/05|a0CRB0000CcXZ6V2QW, Count=8","請求・作成元を確認し重複を統合する"
"High","重複","ContractLineItem__c","a03RB00001WYiwBYAT","a03RB00001WYiwB","同一契約・対象月・商品で月次明細が重複","Key=a04RB00000nRlg9YAC|2027/05|a0CRB0000CcXZ6V2QW, Count=8","請求・作成元を確認し重複を統合する"
"High","重複","ContractLineItem__c","a03RB00001WYiwCYAT","a03RB00001WYiwC","同一契約・対象月・商品で月次明細が重複","Key=a04RB00000nRlg9YAC|2027/05|a0CRB0000CcXZ6V2QW, Count=8","請求・作成元を確認し重複を統合する"
"High","重複","ContractLineItem__c","a03RB00001WYiwDYAT","a03RB00001WYiwD","同一契約・対象月・商品で月次明細が重複","Key=a04RB00000nRlg9YAC|2027/06|a0CRB0000CcXZ6V2QW, Count=8","請求・作成元を確認し重複を統合する"
"High","重複","ContractLineItem__c","a03RB00001WYiwEYAT","a03RB00001WYiwE","同一契約・対象月・商品で月次明細が重複","Key=a04RB00000nRlg9YAC|2027/06|a0CRB0000CcXZ6V2QW, Count=8","請求・作成元を確認し重複を統合する"
"High","重複","ContractLineItem__c","a03RB00001WYiwFYAT","a03RB00001WYiwF","同一契約・対象月・商品で月次明細が重複","Key=a04RB00000nRlg9YAC|2027/06|a0CRB0000CcXZ6V2QW, Count=8","請求・作成元を確認し重複を統合する"
"High","重複","ContractLineItem__c","a03RB00001WYiwGYAT","a03RB00001WYiwG","同一契約・対象月・商品で月次明細が重複","Key=a04RB00000nRlg9YAC|2027/06|a0CRB0000CcXZ6V2QW, Count=8","請求・作成元を確認し重複を統合する"
"High","重複","ContractLineItem__c","a03RB00001WYiwHYAT","a03RB00001WYiwH","同一契約・対象月・商品で月次明細が重複","Key=a04RB00000nRlg9YAC|2027/06|a0CRB0000CcXZ6V2QW, Count=8","請求・作成元を確認し重複を統合する"
"High","重複","ContractLineItem__c","a03RB00001WYiwIYAT","a03RB00001WYiwI","同一契約・対象月・商品で月次明細が重複","Key=a04RB00000nRlg9YAC|2027/06|a0CRB0000CcXZ6V2QW, Count=8","請求・作成元を確認し重複を統合する"
"High","重複","ContractLineItem__c","a03RB00001WYiwJYAT","a03RB00001WYiwJ","同一契約・対象月・商品で月次明細が重複","Key=a04RB00000nRlg9YAC|2027/06|a0CRB0000CcXZ6V2QW, Count=8","請求・作成元を確認し重複を統合する"
"High","重複","ContractLineItem__c","a03RB00001WYiwKYAT","a03RB00001WYiwK","同一契約・対象月・商品で月次明細が重複","Key=a04RB00000nRlg9YAC|2027/06|a0CRB0000CcXZ6V2QW, Count=8","請求・作成元を確認し重複を統合する"
"High","重複","ContractLineItem__c","a03RB00001WYiwLYAT","a03RB00001WYiwL","同一契約・対象月・商品で月次明細が重複","Key=a04RB00000nRlg9YAC|2027/07|a0CRB0000CcXZ6V2QW, Count=8","請求・作成元を確認し重複を統合する"
"High","重複","ContractLineItem__c","a03RB00001WYiwMYAT","a03RB00001WYiwM","同一契約・対象月・商品で月次明細が重複","Key=a04RB00000nRlg9YAC|2027/07|a0CRB0000CcXZ6V2QW, Count=8","請求・作成元を確認し重複を統合する"
"High","重複","ContractLineItem__c","a03RB00001WYiwNYAT","a03RB00001WYiwN","同一契約・対象月・商品で月次明細が重複","Key=a04RB00000nRlg9YAC|2027/07|a0CRB0000CcXZ6V2QW, Count=8","請求・作成元を確認し重複を統合する"
"High","重複","ContractLineItem__c","a03RB00001WYiwOYAT","a03RB00001WYiwO","同一契約・対象月・商品で月次明細が重複","Key=a04RB00000nRlg9YAC|2027/07|a0CRB0000CcXZ6V2QW, Count=8","請求・作成元を確認し重複を統合する"
"High","重複","ContractLineItem__c","a03RB00001WYiwPYAT","a03RB00001WYiwP","同一契約・対象月・商品で月次明細が重複","Key=a04RB00000nRlg9YAC|2027/07|a0CRB0000CcXZ6V2QW, Count=8","請求・作成元を確認し重複を統合する"
"High","重複","ContractLineItem__c","a03RB00001WYiwQYAT","a03RB00001WYiwQ","同一契約・対象月・商品で月次明細が重複","Key=a04RB00000nRlg9YAC|2027/07|a0CRB0000CcXZ6V2QW, Count=8","請求・作成元を確認し重複を統合する"
"High","重複","ContractLineItem__c","a03RB00001WYiwRYAT","a03RB00001WYiwR","同一契約・対象月・商品で月次明細が重複","Key=a04RB00000nRlg9YAC|2027/07|a0CRB0000CcXZ6V2QW, Count=8","請求・作成元を確認し重複を統合する"
"High","重複","ContractLineItem__c","a03RB00001WYiwSYAT","a03RB00001WYiwS","同一契約・対象月・商品で月次明細が重複","Key=a04RB00000nRlg9YAC|2027/07|a0CRB0000CcXZ6V2QW, Count=8","請求・作成元を確認し重複を統合する"
"High","重複","ContractLineItem__c","a03RB00001RIREtYAP","ANAスカイビルサービス株式会社　※郵送希望_2026/06","同一契約・対象月・商品で月次明細が重複","Key=a04RB00000kUAO2YAO|2026/06|a0CRB0000CcXZ6Q2QW, Count=2","請求・作成元を確認し重複を統合する"
"High","重複","ContractLineItem__c","a03RB00001RIRF6YAP","JOA株式会社_2026/06","同一契約・対象月・商品で月次明細が重複","Key=a04RB00000kUAORYA4|2026/06|a0CRB0000CcXZ6T2QW, Count=2","請求・作成元を確認し重複を統合する"
"High","重複","ContractLineItem__c","a03RB00001QugoZYAR","Mig_freee請求移行_株式会社コスモスイニシア_2026/04_INV-0000000069","同一契約・対象月・商品で月次明細が重複","Key=a04RB00000kVL7VYAW|2026/04|a0CRB0000CcXZ6h2QG, Count=2","請求・作成元を確認し重複を統合する"
"High","重複","ContractLineItem__c","a03RB00001QugoaYAB","Mig_freee請求移行_株式会社コスモスイニシア_2026/04_INV-0000000070","同一契約・対象月・商品で月次明細が重複","Key=a04RB00000kVL7VYAW|2026/04|a0CRB0000CcXZ6h2QG, Count=2","請求・作成元を確認し重複を統合する"
"High","重複","ContractLineItem__c","a03RB00001QugoxYAB","Mig_freee請求移行_野村不動産株式会社_2026/04_INV-0000000068","同一契約・対象月・商品で月次明細が重複","Key=a04RB00000kVL7jYAG|2026/04|a0CRB0000CcXZ6V2QW, Count=2","請求・作成元を確認し重複を統合する"
"High","重複","ContractLineItem__c","a03RB00001QugoyYAB","Mig_freee請求移行_野村不動産株式会社_2026/04_INV-0000000071","同一契約・対象月・商品で月次明細が重複","Key=a04RB00000kVL7jYAG|2026/04|a0CRB0000CcXZ6V2QW, Count=2","請求・作成元を確認し重複を統合する"
"High","重複","ContractLineItem__c","a03RB00001NswrOYAR","TC神鋼不動産株式会社_2026/05","同一契約・対象月・商品で月次明細が重複","Key=a04RB00000kUAPzYAO|2026/05|a0CRB0000CcXZ6i2QG, Count=2","請求・作成元を確認し重複を統合する"
"High","重複","ContractLineItem__c","a03RB00001RIRF2YAP","TC神鋼不動産株式会社_2026/06","同一契約・対象月・商品で月次明細が重複","Key=a04RB00000kUAPzYAO|2026/06|a0CRB0000CcXZ6i2QG, Count=2","請求・作成元を確認し重複を統合する"
"High","重複","ContractLineItem__c","a03RB00001RIREhYAP","ハウスプラザ_2026/06","同一契約・対象月・商品で月次明細が重複","Key=a04RB00000kUAPVYA4|2026/06|a0CRB0000CcXZ6i2QG, Count=2","請求・作成元を確認し重複を統合する"
"High","重複","ContractLineItem__c","a03RB00001RIRF4YAP","ホームトレードセンター株式会社_2026/06","同一契約・対象月・商品で月次明細が重複","Key=a04RB00000kUAQ2YAO|2026/06|a0CRB0000CcXZ6i2QG, Count=2","請求・作成元を確認し重複を統合する"
"High","重複","ContractLineItem__c","a03RB00001RIREgYAP","ムゲンエステート_2026/06","同一契約・対象月・商品で月次明細が重複","Key=a04RB00000kUANmYAO|2026/06|a0CRB0000CcXZ6Q2QW, Count=2","請求・作成元を確認し重複を統合する"
"High","重複","ContractLineItem__c","a03RB00001RIRElYAP","株式会社TRIAD_2026/06","同一契約・対象月・商品で月次明細が重複","Key=a04RB00000kUANwYAO|2026/06|a0CRB0000CcXZ6Q2QW, Count=2","請求・作成元を確認し重複を統合する"
"High","重複","ContractLineItem__c","a03RB00001RIRF5YAP","株式会社アズスタット_2026/06","同一契約・対象月・商品で月次明細が重複","Key=a04RB00000kUAQ3YAO|2026/06|a0CRB0000CcXZ6i2QG, Count=2","請求・作成元を確認し重複を統合する"
"High","重複","ContractLineItem__c","a03RB00001RIREiYAP","株式会社イーグランド_2026/06","同一契約・対象月・商品で月次明細が重複","Key=a04RB00000kUAPXYA4|2026/06|a0CRB0000CcXZ6i2QG, Count=2","請求・作成元を確認し重複を統合する"
"High","重複","ContractLineItem__c","a03RB00001RIREpYAP","株式会社エージェント_2026/06","同一契約・対象月・商品で月次明細が重複","Key=a04RB00000kUAPjYAO|2026/06|a0CRB0000CcXZ6i2QG, Count=2","請求・作成元を確認し重複を統合する"
"High","重複","ContractLineItem__c","a03RB00001NswkdYAB","株式会社エリオクリエイト_2026/06","同一契約・対象月・商品で月次明細が重複","Key=a04RB00000kUAPNYA4|2026/06|a0CRB0000CcXZ6Q2QW, Count=2","請求・作成元を確認し重複を統合する"
"High","重複","ContractLineItem__c","a03RB00001Nswk8YAB","株式会社ジョイフル本田（Pro１アカウント）_2026/06","同一契約・対象月・商品で月次明細が重複","Key=a04RB00000kUAPFYA4|2026/06|a0CRB0000CcXZ6Q2QW, Count=2","請求・作成元を確認し重複を統合する"
"High","重複","ContractLineItem__c","a03RB00001RIREvYAP","株式会社デザインアーク_2026/06","同一契約・対象月・商品で月次明細が重複","Key=a04RB00000kUAOAYA4|2026/06|a0CRB0000CcXZ6V2QW, Count=2","請求・作成元を確認し重複を統合する"
"High","重複","ContractLineItem__c","a03RB00001RIRFFYA5","株式会社ルミネ_2026/06","同一契約・対象月・商品で月次明細が重複","Key=a04RB00000kUAPBYA4|2026/06|a0CRB0000CcXZ6Q2QW, Count=2","請求・作成元を確認し重複を統合する"
"High","重複","ContractLineItem__c","a03RB00001RIRF7YAP","株式会社レーベントラスト_2026/06","同一契約・対象月・商品で月次明細が重複","Key=a04RB00000kUAQ6YAO|2026/06|a0CRB0000CcXZ6j2QG, Count=2","請求・作成元を確認し重複を統合する"
"High","重複","ContractLineItem__c","a03RB00001RIRFCYA5","株式会社紀伊國屋書店_2026/06","同一契約・対象月・商品で月次明細が重複","Key=a04RB00000kUAP1YAO|2026/06|a0CRB0000CcXZ6Q2QW, Count=2","請求・作成元を確認し重複を統合する"
"High","重複","ContractLineItem__c","a03RB00001NswkeYAB","株式会社創建ホーム_2026/06","同一契約・対象月・商品で月次明細が重複","Key=a04RB00000kUAPOYA4|2026/06|a0CRB0000CcXZ6Z2QW, Count=2","請求・作成元を確認し重複を統合する"
"High","重複","ContractLineItem__c","a03RB00001NswkNYAR","株式会社乃村工藝社 カルチャー・コミュニケーション推進本部_2026/06","同一契約・対象月・商品で月次明細が重複","Key=a04RB00000kUAPIYA4|2026/06|a0CRB0000CcXZ6Q2QW, Count=2","請求・作成元を確認し重複を統合する"
"High","重複","ContractLineItem__c","a03RB00001RIREqYAP","株式会社博進コスモプラザ_2026/06","同一契約・対象月・商品で月次明細が重複","Key=a04RB00000kUAPlYAO|2026/06|a0CRB0000CcXZ6i2QG, Count=2","請求・作成元を確認し重複を統合する"
"High","重複","ContractLineItem__c","a03RB00001RIREkYAP","株式会社穂積住宅_2026/06","同一契約・対象月・商品で月次明細が重複","Key=a04RB00000kUAPbYAO|2026/06|a0CRB0000CcXZ6i2QG, Count=2","請求・作成元を確認し重複を統合する"
"High","重複","ContractLineItem__c","a03RB00001RIREuYAP","吉村紳　一級建築士事務所_2026/06","同一契約・対象月・商品で月次明細が重複","Key=a04RB00000kUAO7YAO|2026/06|a0CRB0000CcXZ6Q2QW, Count=2","請求・作成元を確認し重複を統合する"
"High","重複","ContractLineItem__c","a03RB00001RIREnYAP","戸田建設(設計部:月額)_2026/06","同一契約・対象月・商品で月次明細が重複","Key=a04RB00000kUAO0YAO|2026/06|a0CRB0000CcXZ6T2QW, Count=2","請求・作成元を確認し重複を統合する"
"High","重複","ContractLineItem__c","a03RB00001RIRFHYA5","西日本旅客鉄道株式会社 ビジネスデザイン部　JCLaaS事業部_2026/06","同一契約・対象月・商品で月次明細が重複","Key=a04RB00000kUAPHYA4|2026/06|a0CRB0000CcXZ6Q2QW, Count=2","請求・作成元を確認し重複を統合する"
"High","重複","ContractLineItem__c","a03RB00001RIREwYAP","野原グループ株式会社_2026/06","同一契約・対象月・商品で月次明細が重複","Key=a04RB00000kUAOFYA4|2026/06|a0CRB0000CcXZ6Q2QW, Count=2","請求・作成元を確認し重複を統合する"
"High","入金金額不一致","Invoice__c","a00RB000024Ux4IYAS","INV-0000000011","入金額と未入金額の合計が請求金額と一致しない","Paid=1837000, Unpaid=0, Invoice=1670000","freee決済情報を再同期する"
"High","入金金額不一致","Invoice__c","a00RB000024Ux4qYAC","INV-0000000045","入金額と未入金額の合計が請求金額と一致しない","Paid=2057000, Unpaid=0, Invoice=1870000","freee決済情報を再同期する"
"High","明細不足","Invoice__c","a00RB00002BOnJhYAL","INV-0000000404","請求明細がない","InvoiceAmount=3510000","freee明細を再取得するか請求明細を作成する"
"Medium","参照不足","Invoice__c","a00RB000024Ux4gYAC","INV-0000000035","契約はあるが契約期間が未設定","Contract=a04RB00000kUAPzYAO","請求対象月を含む契約期間を設定する"
"Medium","参照不足","Invoice__c","a00RB000024Ux57YAC","INV-0000000062","契約はあるが契約期間が未設定","Contract=a04RB00000kUAPzYAO","請求対象月を含む契約期間を設定する"
"Medium","参照不足","Invoice__c","a00RB000027flsLYAQ","INV-0000000133","契約はあるが契約期間が未設定","Contract=a04RB00000kUAPzYAO","請求対象月を含む契約期間を設定する"
"Medium","参照不足","Invoice__c","a00RB00002BOnJhYAL","INV-0000000404","契約はあるが契約期間が未設定","Contract=a04RB00000nA94DYAS","請求対象月を含む契約期間を設定する"
"Medium","商品不足","ContractLineItem__c","a03RB00001NswhiYAB","（三ヶ月のみ契約）前田建設工業株式会社_2026/01","商品マスタが未設定","Month=2026/01, Amount=75000","請求明細の商品・名称・金額から商品を確定する"
"Medium","商品不足","ContractLineItem__c","a03RB00001NswhjYAB","（三ヶ月のみ契約）前田建設工業株式会社_2026/02","商品マスタが未設定","Month=2026/02, Amount=75000","請求明細の商品・名称・金額から商品を確定する"
"Medium","商品不足","ContractLineItem__c","a03RB00001NswhkYAB","（三ヶ月のみ契約）前田建設工業株式会社_2026/03","商品マスタが未設定","Month=2026/03, Amount=75000","請求明細の商品・名称・金額から商品を確定する"
"Medium","商品不足","ContractLineItem__c","a03RB00001Nswa2YAB","47内装株式会社_2025/03","商品マスタが未設定","Month=2025/03, Amount=110000","請求明細の商品・名称・金額から商品を確定する"
"Medium","商品不足","ContractLineItem__c","a03RB00001Nswa3YAB","47内装株式会社_2025/04","商品マスタが未設定","Month=2025/04, Amount=110000","請求明細の商品・名称・金額から商品を確定する"
"Medium","商品不足","ContractLineItem__c","a03RB00001Nswa4YAB","47内装株式会社_2025/05","商品マスタが未設定","Month=2025/05, Amount=110000","請求明細の商品・名称・金額から商品を確定する"
"Medium","商品不足","ContractLineItem__c","a03RB00001NswkbYAB","NTTファシリティーズ株式会社_2026/06","商品マスタが未設定","Month=2026/06, Amount=1500000","請求明細の商品・名称・金額から商品を確定する"
"Medium","商品不足","ContractLineItem__c","a03RB00001RcACLYA3","NTTファシリティーズ株式会社_2026/07","商品マスタが未設定","Month=2026/07, Amount=1500000","請求明細の商品・名称・金額から商品を確定する"
"Medium","商品不足","ContractLineItem__c","a03RB00001STmHfYAL","NTTファシリティーズ株式会社_2026/08","商品マスタが未設定","Month=2026/08, Amount=1500000","請求明細の商品・名称・金額から商品を確定する"
"Medium","商品不足","ContractLineItem__c","a03RB00001NswX7YAJ","studio55_2024/09","商品マスタが未設定","Month=2024/09, Amount=","請求明細の商品・名称・金額から商品を確定する"
"Medium","商品不足","ContractLineItem__c","a03RB00001Nswl3YAB","studio55_2024/09","商品マスタが未設定","Month=2024/09, Amount=","請求明細の商品・名称・金額から商品を確定する"
"Medium","商品不足","ContractLineItem__c","a03RB00001Nswl4YAB","studio55_2024/10","商品マスタが未設定","Month=2024/10, Amount=","請求明細の商品・名称・金額から商品を確定する"
"Medium","商品不足","ContractLineItem__c","a03RB00001NswX8YAJ","studio55_2024/10","商品マスタが未設定","Month=2024/10, Amount=","請求明細の商品・名称・金額から商品を確定する"
"Medium","商品不足","ContractLineItem__c","a03RB00001NswX9YAJ","studio55_2024/11","商品マスタが未設定","Month=2024/11, Amount=","請求明細の商品・名称・金額から商品を確定する"
"Medium","商品不足","ContractLineItem__c","a03RB00001Nswl5YAB","studio55_2024/11","商品マスタが未設定","Month=2024/11, Amount=","請求明細の商品・名称・金額から商品を確定する"
"Medium","商品不足","ContractLineItem__c","a03RB00001RIREdYAP","studio55_2026/06","商品マスタが未設定","Month=2026/06, Amount=","請求明細の商品・名称・金額から商品を確定する"
"Medium","商品不足","ContractLineItem__c","a03RB00001RcABDYA3","studio55_2026/07","商品マスタが未設定","Month=2026/07, Amount=","請求明細の商品・名称・金額から商品を確定する"
"Medium","商品不足","ContractLineItem__c","a03RB00001STmGuYAL","studio55_2026/08","商品マスタが未設定","Month=2026/08, Amount=","請求明細の商品・名称・金額から商品を確定する"
"Medium","商品不足","ContractLineItem__c","a03RB00001Nswc5YAB","アイリスオーヤマ（ストアデザイン部）_2025/05","商品マスタが未設定","Month=2025/05, Amount=24000","請求明細の商品・名称・金額から商品を確定する"
"Medium","商品不足","ContractLineItem__c","a03RB00001NswdMYAR","アイリスオーヤマ（ストアデザイン部）_2025/06","商品マスタが未設定","Month=2025/06, Amount=44000","請求明細の商品・名称・金額から商品を確定する"
"Medium","商品不足","ContractLineItem__c","a03RB00001NswdNYAR","アイリスオーヤマ（ストアデザイン部）_2025/07","商品マスタが未設定","Month=2025/07, Amount=44000","請求明細の商品・名称・金額から商品を確定する"
"Medium","商品不足","ContractLineItem__c","a03RB00001NswdOYAR","アイリスオーヤマ（ストアデザイン部）_2025/08","商品マスタが未設定","Month=2025/08, Amount=44000","請求明細の商品・名称・金額から商品を確定する"
"Medium","商品不足","ContractLineItem__c","a03RB00001NswdPYAR","アイリスオーヤマ（ストアデザイン部）_2025/09","商品マスタが未設定","Month=2025/09, Amount=44000","請求明細の商品・名称・金額から商品を確定する"
"Medium","商品不足","ContractLineItem__c","a03RB00001NswdQYAR","アイリスオーヤマ（ストアデザイン部）_2025/10","商品マスタが未設定","Month=2025/10, Amount=44000","請求明細の商品・名称・金額から商品を確定する"
"Medium","商品不足","ContractLineItem__c","a03RB00001NswdRYAR","アイリスオーヤマ（ストアデザイン部）_2025/11","商品マスタが未設定","Month=2025/11, Amount=44000","請求明細の商品・名称・金額から商品を確定する"
"Medium","商品不足","ContractLineItem__c","a03RB00001NswdSYAR","アイリスオーヤマ（ストアデザイン部）_2025/12","商品マスタが未設定","Month=2025/12, Amount=44000","請求明細の商品・名称・金額から商品を確定する"
"Medium","商品不足","ContractLineItem__c","a03RB00001NswdTYAR","アイリスオーヤマ（ストアデザイン部）_2026/01","商品マスタが未設定","Month=2026/01, Amount=44000","請求明細の商品・名称・金額から商品を確定する"
"Medium","商品不足","ContractLineItem__c","a03RB00001NswdUYAR","アイリスオーヤマ（ストアデザイン部）_2026/02","商品マスタが未設定","Month=2026/02, Amount=44000","請求明細の商品・名称・金額から商品を確定する"
"Medium","商品不足","ContractLineItem__c","a03RB00001NswdVYAR","アイリスオーヤマ（ストアデザイン部）_2026/03","商品マスタが未設定","Month=2026/03, Amount=44000","請求明細の商品・名称・金額から商品を確定する"
"Medium","商品不足","ContractLineItem__c","a03RB00001NswdWYAR","アイリスオーヤマ（ストアデザイン部）_2026/04","商品マスタが未設定","Month=2026/04, Amount=44000","請求明細の商品・名称・金額から商品を確定する"
"Medium","商品不足","ContractLineItem__c","a03RB00001NswdXYAR","アイリスオーヤマ（ストアデザイン部）_2026/05","商品マスタが未設定","Month=2026/05, Amount=44000","請求明細の商品・名称・金額から商品を確定する"
"Medium","商品不足","ContractLineItem__c","a03RB00001RIREyYAP","アイリスオーヤマ（ストアデザイン部）_2026/06","商品マスタが未設定","Month=2026/06, Amount=44000","請求明細の商品・名称・金額から商品を確定する"
"Medium","商品不足","ContractLineItem__c","a03RB00001RcABaYAN","アイリスオーヤマ（ストアデザイン部）_2026/07","商品マスタが未設定","Month=2026/07, Amount=44000","請求明細の商品・名称・金額から商品を確定する"
"Medium","商品不足","ContractLineItem__c","a03RB00001STmH6YAL","アイリスオーヤマ（ストアデザイン部）_2026/08","商品マスタが未設定","Month=2026/08, Amount=44000","請求明細の商品・名称・金額から商品を確定する"
"Medium","商品不足","ContractLineItem__c","a03RB00001Nswc6YAB","アイリスオーヤマ（空間デザイン部）_2025/05","商品マスタが未設定","Month=2025/05, Amount=8000","請求明細の商品・名称・金額から商品を確定する"
"Medium","商品不足","ContractLineItem__c","a03RB00001NswdYYAR","アイリスオーヤマ（空間デザイン部）_2025/06","商品マスタが未設定","Month=2025/06, Amount=11000","請求明細の商品・名称・金額から商品を確定する"
"Medium","商品不足","ContractLineItem__c","a03RB00001NswdZYAR","アイリスオーヤマ（空間デザイン部）_2025/07","商品マスタが未設定","Month=2025/07, Amount=11000","請求明細の商品・名称・金額から商品を確定する"
"Medium","商品不足","ContractLineItem__c","a03RB00001NswdaYAB","アイリスオーヤマ（空間デザイン部）_2025/08","商品マスタが未設定","Month=2025/08, Amount=11000","請求明細の商品・名称・金額から商品を確定する"
"Medium","商品不足","ContractLineItem__c","a03RB00001NswdbYAB","アイリスオーヤマ（空間デザイン部）_2025/09","商品マスタが未設定","Month=2025/09, Amount=11000","請求明細の商品・名称・金額から商品を確定する"
"Medium","商品不足","ContractLineItem__c","a03RB00001NswdcYAB","アイリスオーヤマ（空間デザイン部）_2025/10","商品マスタが未設定","Month=2025/10, Amount=11000","請求明細の商品・名称・金額から商品を確定する"
"Medium","商品不足","ContractLineItem__c","a03RB00001NswddYAB","アイリスオーヤマ（空間デザイン部）_2025/11","商品マスタが未設定","Month=2025/11, Amount=11000","請求明細の商品・名称・金額から商品を確定する"
"Medium","商品不足","ContractLineItem__c","a03RB00001NswdeYAB","アイリスオーヤマ（空間デザイン部）_2025/12","商品マスタが未設定","Month=2025/12, Amount=11000","請求明細の商品・名称・金額から商品を確定する"
"Medium","商品不足","ContractLineItem__c","a03RB00001NswdfYAB","アイリスオーヤマ（空間デザイン部）_2026/01","商品マスタが未設定","Month=2026/01, Amount=11000","請求明細の商品・名称・金額から商品を確定する"
"Medium","商品不足","ContractLineItem__c","a03RB00001NswdgYAB","アイリスオーヤマ（空間デザイン部）_2026/02","商品マスタが未設定","Month=2026/02, Amount=11000","請求明細の商品・名称・金額から商品を確定する"
"Medium","商品不足","ContractLineItem__c","a03RB00001NswdhYAB","アイリスオーヤマ（空間デザイン部）_2026/03","商品マスタが未設定","Month=2026/03, Amount=11000","請求明細の商品・名称・金額から商品を確定する"
"Medium","商品不足","ContractLineItem__c","a03RB00001NswdiYAB","アイリスオーヤマ（空間デザイン部）_2026/04","商品マスタが未設定","Month=2026/04, Amount=11000","請求明細の商品・名称・金額から商品を確定する"
"Medium","商品不足","ContractLineItem__c","a03RB00001NswdjYAB","アイリスオーヤマ（空間デザイン部）_2026/05","商品マスタが未設定","Month=2026/05, Amount=11000","請求明細の商品・名称・金額から商品を確定する"
"Medium","商品不足","ContractLineItem__c","a03RB00001RIREzYAP","アイリスオーヤマ（空間デザイン部）_2026/06","商品マスタが未設定","Month=2026/06, Amount=11000","請求明細の商品・名称・金額から商品を確定する"
"Medium","商品不足","ContractLineItem__c","a03RB00001RcABbYAN","アイリスオーヤマ（空間デザイン部）_2026/07","商品マスタが未設定","Month=2026/07, Amount=11000","請求明細の商品・名称・金額から商品を確定する"
"Medium","商品不足","ContractLineItem__c","a03RB00001STmH7YAL","アイリスオーヤマ（空間デザイン部）_2026/08","商品マスタが未設定","Month=2026/08, Amount=11000","請求明細の商品・名称・金額から商品を確定する"
"Medium","商品不足","ContractLineItem__c","a03RB00001NswZkYAJ","アイリスチトセ株式会社_2025/04","商品マスタが未設定","Month=2025/04, Amount=16000","請求明細の商品・名称・金額から商品を確定する"
"Medium","商品不足","ContractLineItem__c","a03RB00001NswZlYAJ","アイリスチトセ株式会社_2025/05","商品マスタが未設定","Month=2025/05, Amount=16000","請求明細の商品・名称・金額から商品を確定する"
"Medium","商品不足","ContractLineItem__c","a03RB00001NswdAYAR","アイリスチトセ株式会社_2025/06","商品マスタが未設定","Month=2025/06, Amount=77000","請求明細の商品・名称・金額から商品を確定する"
"Medium","商品不足","ContractLineItem__c","a03RB00001NswdBYAR","アイリスチトセ株式会社_2025/07","商品マスタが未設定","Month=2025/07, Amount=77000","請求明細の商品・名称・金額から商品を確定する"
"Medium","商品不足","ContractLineItem__c","a03RB00001NswdCYAR","アイリスチトセ株式会社_2025/08","商品マスタが未設定","Month=2025/08, Amount=77000","請求明細の商品・名称・金額から商品を確定する"
"Medium","商品不足","ContractLineItem__c","a03RB00001NswdDYAR","アイリスチトセ株式会社_2025/09","商品マスタが未設定","Month=2025/09, Amount=77000","請求明細の商品・名称・金額から商品を確定する"
"Medium","商品不足","ContractLineItem__c","a03RB00001NswdEYAR","アイリスチトセ株式会社_2025/10","商品マスタが未設定","Month=2025/10, Amount=77000","請求明細の商品・名称・金額から商品を確定する"
"Medium","商品不足","ContractLineItem__c","a03RB00001NswdFYAR","アイリスチトセ株式会社_2025/11","商品マスタが未設定","Month=2025/11, Amount=77000","請求明細の商品・名称・金額から商品を確定する"
"Medium","商品不足","ContractLineItem__c","a03RB00001NswdGYAR","アイリスチトセ株式会社_2025/12","商品マスタが未設定","Month=2025/12, Amount=77000","請求明細の商品・名称・金額から商品を確定する"
"Medium","商品不足","ContractLineItem__c","a03RB00001NswdHYAR","アイリスチトセ株式会社_2026/01","商品マスタが未設定","Month=2026/01, Amount=77000","請求明細の商品・名称・金額から商品を確定する"
"Medium","商品不足","ContractLineItem__c","a03RB00001NswdIYAR","アイリスチトセ株式会社_2026/02","商品マスタが未設定","Month=2026/02, Amount=77000","請求明細の商品・名称・金額から商品を確定する"
"Medium","商品不足","ContractLineItem__c","a03RB00001NswdJYAR","アイリスチトセ株式会社_2026/03","商品マスタが未設定","Month=2026/03, Amount=77000","請求明細の商品・名称・金額から商品を確定する"
"Medium","商品不足","ContractLineItem__c","a03RB00001NswdKYAR","アイリスチトセ株式会社_2026/04","商品マスタが未設定","Month=2026/04, Amount=77000","請求明細の商品・名称・金額から商品を確定する"
"Medium","商品不足","ContractLineItem__c","a03RB00001NswdLYAR","アイリスチトセ株式会社_2026/05","商品マスタが未設定","Month=2026/05, Amount=77000","請求明細の商品・名称・金額から商品を確定する"
"Medium","商品不足","ContractLineItem__c","a03RB00001NswXoYAJ","インフィニティ株式会社_2024/11","商品マスタが未設定","Month=2024/11, Amount=8000","請求明細の商品・名称・金額から商品を確定する"
"Medium","商品不足","ContractLineItem__c","a03RB00001NswXpYAJ","インフィニティ株式会社_2024/12","商品マスタが未設定","Month=2024/12, Amount=8000","請求明細の商品・名称・金額から商品を確定する"
"Medium","商品不足","ContractLineItem__c","a03RB00001NswXqYAJ","インフィニティ株式会社_2025/01","商品マスタが未設定","Month=2025/01, Amount=8000","請求明細の商品・名称・金額から商品を確定する"
"Medium","商品不足","ContractLineItem__c","a03RB00001NswXrYAJ","インフィニティ株式会社_2025/02","商品マスタが未設定","Month=2025/02, Amount=8000","請求明細の商品・名称・金額から商品を確定する"
"Medium","商品不足","ContractLineItem__c","a03RB00001NswXsYAJ","インフィニティ株式会社_2025/03","商品マスタが未設定","Month=2025/03, Amount=8000","請求明細の商品・名称・金額から商品を確定する"
"Medium","商品不足","ContractLineItem__c","a03RB00001NswXtYAJ","インフィニティ株式会社_2025/04","商品マスタが未設定","Month=2025/04, Amount=8000","請求明細の商品・名称・金額から商品を確定する"
"Medium","商品不足","ContractLineItem__c","a03RB00001NswXuYAJ","インフィニティ株式会社_2025/05","商品マスタが未設定","Month=2025/05, Amount=8000","請求明細の商品・名称・金額から商品を確定する"
"Medium","商品不足","ContractLineItem__c","a03RB00001NswXvYAJ","インフィニティ株式会社_2025/06","商品マスタが未設定","Month=2025/06, Amount=8000","請求明細の商品・名称・金額から商品を確定する"
"Medium","商品不足","ContractLineItem__c","a03RB00001NswXwYAJ","インフィニティ株式会社_2025/07","商品マスタが未設定","Month=2025/07, Amount=8000","請求明細の商品・名称・金額から商品を確定する"
"Medium","商品不足","ContractLineItem__c","a03RB00001NswXxYAJ","インフィニティ株式会社_2025/08","商品マスタが未設定","Month=2025/08, Amount=8000","請求明細の商品・名称・金額から商品を確定する"
"Medium","商品不足","ContractLineItem__c","a03RB00001NswXyYAJ","インフィニティ株式会社_2025/09","商品マスタが未設定","Month=2025/09, Amount=8000","請求明細の商品・名称・金額から商品を確定する"
"Medium","商品不足","ContractLineItem__c","a03RB00001NswXzYAJ","インフィニティ株式会社_2025/10","商品マスタが未設定","Month=2025/10, Amount=8000","請求明細の商品・名称・金額から商品を確定する"
"Medium","商品不足","ContractLineItem__c","a03RB00001NswY0YAJ","インフィニティ株式会社_2025/11","商品マスタが未設定","Month=2025/11, Amount=8000","請求明細の商品・名称・金額から商品を確定する"
"Medium","商品不足","ContractLineItem__c","a03RB00001NswY1YAJ","インフィニティ株式会社_2025/12","商品マスタが未設定","Month=2025/12, Amount=8000","請求明細の商品・名称・金額から商品を確定する"
"Medium","商品不足","ContractLineItem__c","a03RB00001NswY2YAJ","インフィニティ株式会社_2026/01","商品マスタが未設定","Month=2026/01, Amount=8000","請求明細の商品・名称・金額から商品を確定する"
"Medium","商品不足","ContractLineItem__c","a03RB00001NswY3YAJ","インフィニティ株式会社_2026/02","商品マスタが未設定","Month=2026/02, Amount=8000","請求明細の商品・名称・金額から商品を確定する"
"Medium","商品不足","ContractLineItem__c","a03RB00001NswY4YAJ","インフィニティ株式会社_2026/03","商品マスタが未設定","Month=2026/03, Amount=8000","請求明細の商品・名称・金額から商品を確定する"
"Medium","商品不足","ContractLineItem__c","a03RB00001NswY5YAJ","インフィニティ株式会社_2026/04","商品マスタが未設定","Month=2026/04, Amount=8000","請求明細の商品・名称・金額から商品を確定する"
"Medium","商品不足","ContractLineItem__c","a03RB00001NswY6YAJ","インフィニティ株式会社_2026/05","商品マスタが未設定","Month=2026/05, Amount=8000","請求明細の商品・名称・金額から商品を確定する"
"Medium","商品不足","ContractLineItem__c","a03RB00001NswXAYAZ","コクヨ_2024/11","商品マスタが未設定","Month=2024/11, Amount=110000","請求明細の商品・名称・金額から商品を確定する"
"Medium","商品不足","ContractLineItem__c","a03RB00001NswXBYAZ","コクヨ_2024/12","商品マスタが未設定","Month=2024/12, Amount=110000","請求明細の商品・名称・金額から商品を確定する"
"Medium","商品不足","ContractLineItem__c","a03RB00001NswXCYAZ","コクヨ_2025/01","商品マスタが未設定","Month=2025/01, Amount=55000","請求明細の商品・名称・金額から商品を確定する"
"Medium","商品不足","ContractLineItem__c","a03RB00001NswXDYAZ","コクヨ_2025/02","商品マスタが未設定","Month=2025/02, Amount=55000","請求明細の商品・名称・金額から商品を確定する"
"Medium","商品不足","ContractLineItem__c","a03RB00001NswXEYAZ","コクヨ_2025/03","商品マスタが未設定","Month=2025/03, Amount=55000","請求明細の商品・名称・金額から商品を確定する"
"Medium","商品不足","ContractLineItem__c","a03RB00001NswYKYAZ","ジェイアール北海道エンジニアリング株式会社(大塚商会)_2024/12","商品マスタが未設定","Month=2024/12, Amount=6400","請求明細の商品・名称・金額から商品を確定する"
"Medium","商品不足","ContractLineItem__c","a03RB00001NswYLYAZ","ジェイアール北海道エンジニアリング株式会社(大塚商会)_2025/11","商品マスタが未設定","Month=2025/11, Amount=6400","請求明細の商品・名称・金額から商品を確定する"
"Medium","商品不足","ContractLineItem__c","a03RB00001NswYMYAZ","ジェイアール北海道エンジニアリング株式会社(大塚商会)_2025/12","商品マスタが未設定","Month=2025/12, Amount=6400","請求明細の商品・名称・金額から商品を確定する"
"Medium","商品不足","ContractLineItem__c","a03RB00001NswYNYAZ","ジェイアール北海道エンジニアリング株式会社(大塚商会)_2026/05","商品マスタが未設定","Month=2026/05, Amount=6400","請求明細の商品・名称・金額から商品を確定する"
"Medium","商品不足","ContractLineItem__c","a03RB00001NswYOYAZ","ジェイアール北海道エンジニアリング株式会社(大塚商会)_2026/06","商品マスタが未設定","Month=2026/06, Amount=6400","請求明細の商品・名称・金額から商品を確定する"
"Medium","商品不足","ContractLineItem__c","a03RB00001NswYPYAZ","ジェイアール北海道エンジニアリング株式会社(大塚商会)_2026/07","商品マスタが未設定","Month=2026/07, Amount=6400","請求明細の商品・名称・金額から商品を確定する"
"Medium","商品不足","ContractLineItem__c","a03RB00001NswYQYAZ","ジェイアール北海道エンジニアリング株式会社(大塚商会)_2026/08","商品マスタが未設定","Month=2026/08, Amount=6400","請求明細の商品・名称・金額から商品を確定する"
"Medium","商品不足","ContractLineItem__c","a03RB00001NswYRYAZ","ジェイアール北海道エンジニアリング株式会社(大塚商会)_2026/09","商品マスタが未設定","Month=2026/09, Amount=6400","請求明細の商品・名称・金額から商品を確定する"
"Medium","商品不足","ContractLineItem__c","a03RB00001NswYSYAZ","ジェイアール北海道エンジニアリング株式会社(大塚商会)_2026/10","商品マスタが未設定","Month=2026/10, Amount=6400","請求明細の商品・名称・金額から商品を確定する"
"Medium","商品不足","ContractLineItem__c","a03RB00001NswdkYAB","ショウワ グループ株式会社_2024/12","商品マスタが未設定","Month=2024/12, Amount=8000","請求明細の商品・名称・金額から商品を確定する"
"Medium","商品不足","ContractLineItem__c","a03RB00001NswdlYAB","ショウワ グループ株式会社_2025/01","商品マスタが未設定","Month=2025/01, Amount=8000","請求明細の商品・名称・金額から商品を確定する"
"Medium","商品不足","ContractLineItem__c","a03RB00001NswdmYAB","ショウワ グループ株式会社_2025/02","商品マスタが未設定","Month=2025/02, Amount=8000","請求明細の商品・名称・金額から商品を確定する"
"Medium","商品不足","ContractLineItem__c","a03RB00001NswdnYAB","ショウワ グループ株式会社_2025/03","商品マスタが未設定","Month=2025/03, Amount=8000","請求明細の商品・名称・金額から商品を確定する"
"Medium","商品不足","ContractLineItem__c","a03RB00001NswdoYAB","ショウワ グループ株式会社_2025/04","商品マスタが未設定","Month=2025/04, Amount=8000","請求明細の商品・名称・金額から商品を確定する"
"Medium","商品不足","ContractLineItem__c","a03RB00001NswdpYAB","ショウワ グループ株式会社_2025/05","商品マスタが未設定","Month=2025/05, Amount=8000","請求明細の商品・名称・金額から商品を確定する"
"Medium","商品不足","ContractLineItem__c","a03RB00001Nswl6YAB","タクエーホーム株式会社_2024/09","商品マスタが未設定","Month=2024/09, Amount=11000","請求明細の商品・名称・金額から商品を確定する"
"Medium","商品不足","ContractLineItem__c","a03RB00001Nswl7YAB","タクエーホーム株式会社_2024/10","商品マスタが未設定","Month=2024/10, Amount=11000","請求明細の商品・名称・金額から商品を確定する"
"Medium","商品不足","ContractLineItem__c","a03RB00001Nswl8YAB","タクエーホーム株式会社_2024/11","商品マスタが未設定","Month=2024/11, Amount=11000","請求明細の商品・名称・金額から商品を確定する"
"Medium","商品不足","ContractLineItem__c","a03RB00001Nswl9YAB","タクエーホーム株式会社_2024/12","商品マスタが未設定","Month=2024/12, Amount=11000","請求明細の商品・名称・金額から商品を確定する"
"Medium","商品不足","ContractLineItem__c","a03RB00001NswlAYAR","タクエーホーム株式会社_2025/01","商品マスタが未設定","Month=2025/01, Amount=11000","請求明細の商品・名称・金額から商品を確定する"
"Medium","商品不足","ContractLineItem__c","a03RB00001NswlBYAR","タクエーホーム株式会社_2025/02","商品マスタが未設定","Month=2025/02, Amount=11000","請求明細の商品・名称・金額から商品を確定する"
"Medium","商品不足","ContractLineItem__c","a03RB00001NswlCYAR","タクエーホーム株式会社_2025/03","商品マスタが未設定","Month=2025/03, Amount=11000","請求明細の商品・名称・金額から商品を確定する"
"Medium","商品不足","ContractLineItem__c","a03RB00001NswlDYAR","タクエーホーム株式会社_2025/04","商品マスタが未設定","Month=2025/04, Amount=11000","請求明細の商品・名称・金額から商品を確定する"
"Medium","商品不足","ContractLineItem__c","a03RB00001NswlEYAR","タクエーホーム株式会社_2025/05","商品マスタが未設定","Month=2025/05, Amount=11000","請求明細の商品・名称・金額から商品を確定する"
"Medium","商品不足","ContractLineItem__c","a03RB00001NswlFYAR","タクエーホーム株式会社_2025/06","商品マスタが未設定","Month=2025/06, Amount=11000","請求明細の商品・名称・金額から商品を確定する"
"Medium","商品不足","ContractLineItem__c","a03RB00001NswlGYAR","タクエーホーム株式会社_2025/07","商品マスタが未設定","Month=2025/07, Amount=11000","請求明細の商品・名称・金額から商品を確定する"
"Medium","商品不足","ContractLineItem__c","a03RB00001NswlHYAR","タクエーホーム株式会社_2025/08","商品マスタが未設定","Month=2025/08, Amount=11000","請求明細の商品・名称・金額から商品を確定する"
"Medium","商品不足","ContractLineItem__c","a03RB00001NswlIYAR","タクエーホーム株式会社_2025/09","商品マスタが未設定","Month=2025/09, Amount=11000","請求明細の商品・名称・金額から商品を確定する"
"Medium","商品不足","ContractLineItem__c","a03RB00001NswmNYAR","ドアーズ株式会社_2024/11","商品マスタが未設定","Month=2024/11, Amount=11000","請求明細の商品・名称・金額から商品を確定する"
"Medium","商品不足","ContractLineItem__c","a03RB00001NswmOYAR","ドアーズ株式会社_2024/12","商品マスタが未設定","Month=2024/12, Amount=11000","請求明細の商品・名称・金額から商品を確定する"
"Medium","商品不足","ContractLineItem__c","a03RB00001NswmPYAR","ドアーズ株式会社_2025/01","商品マスタが未設定","Month=2025/01, Amount=11000","請求明細の商品・名称・金額から商品を確定する"
"Medium","商品不足","ContractLineItem__c","a03RB00001NswmQYAR","ドアーズ株式会社_2025/02","商品マスタが未設定","Month=2025/02, Amount=11000","請求明細の商品・名称・金額から商品を確定する"
"Medium","商品不足","ContractLineItem__c","a03RB00001NswlPYAR","ハウスプラザ_2024/10","商品マスタが未設定","Month=2024/10, Amount=11000","請求明細の商品・名称・金額から商品を確定する"
"Medium","商品不足","ContractLineItem__c","a03RB00001NswlQYAR","ハウスプラザ_2024/11","商品マスタが未設定","Month=2024/11, Amount=11000","請求明細の商品・名称・金額から商品を確定する"
"Medium","商品不足","ContractLineItem__c","a03RB00001NswlRYAR","ハウスプラザ_2024/12","商品マスタが未設定","Month=2024/12, Amount=11000","請求明細の商品・名称・金額から商品を確定する"
"Medium","商品不足","ContractLineItem__c","a03RB00001NswlSYAR","ハウスプラザ_2025/01","商品マスタが未設定","Month=2025/01, Amount=11000","請求明細の商品・名称・金額から商品を確定する"
"Medium","商品不足","ContractLineItem__c","a03RB00001NswlTYAR","ハウスプラザ_2025/02","商品マスタが未設定","Month=2025/02, Amount=11000","請求明細の商品・名称・金額から商品を確定する"
"Medium","商品不足","ContractLineItem__c","a03RB00001NswlUYAR","ハウスプラザ_2025/03","商品マスタが未設定","Month=2025/03, Amount=11000","請求明細の商品・名称・金額から商品を確定する"
"Medium","商品不足","ContractLineItem__c","a03RB00001NswlVYAR","ハウスプラザ_2025/04","商品マスタが未設定","Month=2025/04, Amount=11000","請求明細の商品・名称・金額から商品を確定する"
"Medium","商品不足","ContractLineItem__c","a03RB00001NswlWYAR","ハウスプラザ_2025/05","商品マスタが未設定","Month=2025/05, Amount=11000","請求明細の商品・名称・金額から商品を確定する"
"Medium","商品不足","ContractLineItem__c","a03RB00001NswlXYAR","ハウスプラザ_2025/06","商品マスタが未設定","Month=2025/06, Amount=11000","請求明細の商品・名称・金額から商品を確定する"
"Medium","商品不足","ContractLineItem__c","a03RB00001NswlYYAR","ハウスプラザ_2025/07","商品マスタが未設定","Month=2025/07, Amount=11000","請求明細の商品・名称・金額から商品を確定する"
"Medium","商品不足","ContractLineItem__c","a03RB00001NswlZYAR","ハウスプラザ_2025/08","商品マスタが未設定","Month=2025/08, Amount=11000","請求明細の商品・名称・金額から商品を確定する"
"Medium","商品不足","ContractLineItem__c","a03RB00001NswlaYAB","ハウスプラザ_2025/09","商品マスタが未設定","Month=2025/09, Amount=11000","請求明細の商品・名称・金額から商品を確定する"
"Medium","商品不足","ContractLineItem__c","a03RB00001NswlbYAB","ハウスプラザ_2025/10","商品マスタが未設定","Month=2025/10, Amount=11000","請求明細の商品・名称・金額から商品を確定する"
"Medium","商品不足","ContractLineItem__c","a03RB00001NswlcYAB","ハウスプラザ_2025/11","商品マスタが未設定","Month=2025/11, Amount=11000","請求明細の商品・名称・金額から商品を確定する"
"Medium","商品不足","ContractLineItem__c","a03RB00001NswldYAB","ハウスプラザ_2025/12","商品マスタが未設定","Month=2025/12, Amount=11000","請求明細の商品・名称・金額から商品を確定する"
"Medium","商品不足","ContractLineItem__c","a03RB00001NswleYAB","ハウスプラザ_2026/01","商品マスタが未設定","Month=2026/01, Amount=11000","請求明細の商品・名称・金額から商品を確定する"
"Medium","商品不足","ContractLineItem__c","a03RB00001NswlfYAB","ハウスプラザ_2026/02","商品マスタが未設定","Month=2026/02, Amount=11000","請求明細の商品・名称・金額から商品を確定する"
"Medium","商品不足","ContractLineItem__c","a03RB00001STmHhYAL","ハウスプラザ_2026/08","商品マスタが未設定","Month=2026/08, Amount=11000","請求明細の商品・名称・金額から商品を確定する"
"Medium","商品不足","ContractLineItem__c","a03RB00001NswrdYAB","ホームトレードセンター株式会社_2025/08","商品マスタが未設定","Month=2025/08, Amount=11000","請求明細の商品・名称・金額から商品を確定する"
"Medium","商品不足","ContractLineItem__c","a03RB00001NswreYAB","ホームトレードセンター株式会社_2025/09","商品マスタが未設定","Month=2025/09, Amount=11000","請求明細の商品・名称・金額から商品を確定する"
"Medium","商品不足","ContractLineItem__c","a03RB00001NswrfYAB","ホームトレードセンター株式会社_2025/10","商品マスタが未設定","Month=2025/10, Amount=11000","請求明細の商品・名称・金額から商品を確定する"
"Medium","商品不足","ContractLineItem__c","a03RB00001NswrgYAB","ホームトレードセンター株式会社_2025/11","商品マスタが未設定","Month=2025/11, Amount=11000","請求明細の商品・名称・金額から商品を確定する"
"Medium","商品不足","ContractLineItem__c","a03RB00001NswrhYAB","ホームトレードセンター株式会社_2025/12","商品マスタが未設定","Month=2025/12, Amount=11000","請求明細の商品・名称・金額から商品を確定する"
"Medium","商品不足","ContractLineItem__c","a03RB00001NswriYAB","ホームトレードセンター株式会社_2026/01","商品マスタが未設定","Month=2026/01, Amount=11000","請求明細の商品・名称・金額から商品を確定する"
"Medium","商品不足","ContractLineItem__c","a03RB00001NswrjYAB","ホームトレードセンター株式会社_2026/02","商品マスタが未設定","Month=2026/02, Amount=11000","請求明細の商品・名称・金額から商品を確定する"
"Medium","商品不足","ContractLineItem__c","a03RB00001STmHsYAL","ホームトレードセンター株式会社_2026/08","商品マスタが未設定","Month=2026/08, Amount=11000","請求明細の商品・名称・金額から商品を確定する"
"Medium","商品不足","ContractLineItem__c","a03RB00001NswkkYAB","ムゲンエステート_2024/10","商品マスタが未設定","Month=2024/10, Amount=11000","請求明細の商品・名称・金額から商品を確定する"
"Medium","商品不足","ContractLineItem__c","a03RB00001NswklYAB","ムゲンエステート_2024/11","商品マスタが未設定","Month=2024/11, Amount=11000","請求明細の商品・名称・金額から商品を確定する"
"Medium","商品不足","ContractLineItem__c","a03RB00001NswkmYAB","ムゲンエステート_2024/12","商品マスタが未設定","Month=2024/12, Amount=11000","請求明細の商品・名称・金額から商品を確定する"
"Medium","商品不足","ContractLineItem__c","a03RB00001NswknYAB","ムゲンエステート_2025/01","商品マスタが未設定","Month=2025/01, Amount=11000","請求明細の商品・名称・金額から商品を確定する"
"Medium","商品不足","ContractLineItem__c","a03RB00001NswkoYAB","ムゲンエステート_2025/02","商品マスタが未設定","Month=2025/02, Amount=11000","請求明細の商品・名称・金額から商品を確定する"
"Medium","商品不足","ContractLineItem__c","a03RB00001NswkpYAB","ムゲンエステート_2025/03","商品マスタが未設定","Month=2025/03, Amount=11000","請求明細の商品・名称・金額から商品を確定する"
"Medium","商品不足","ContractLineItem__c","a03RB00001NswkqYAB","ムゲンエステート_2025/04","商品マスタが未設定","Month=2025/04, Amount=11000","請求明細の商品・名称・金額から商品を確定する"
"Medium","商品不足","ContractLineItem__c","a03RB00001NswkrYAB","ムゲンエステート_2025/05","商品マスタが未設定","Month=2025/05, Amount=11000","請求明細の商品・名称・金額から商品を確定する"
"Medium","商品不足","ContractLineItem__c","a03RB00001NswksYAB","ムゲンエステート_2025/06","商品マスタが未設定","Month=2025/06, Amount=11000","請求明細の商品・名称・金額から商品を確定する"
"Medium","商品不足","ContractLineItem__c","a03RB00001NswktYAB","ムゲンエステート_2025/07","商品マスタが未設定","Month=2025/07, Amount=11000","請求明細の商品・名称・金額から商品を確定する"
"Medium","商品不足","ContractLineItem__c","a03RB00001NswkuYAB","ムゲンエステート_2025/08","商品マスタが未設定","Month=2025/08, Amount=11000","請求明細の商品・名称・金額から商品を確定する"
"Medium","商品不足","ContractLineItem__c","a03RB00001NswkvYAB","ムゲンエステート_2025/09","商品マスタが未設定","Month=2025/09, Amount=11000","請求明細の商品・名称・金額から商品を確定する"
"Medium","商品不足","ContractLineItem__c","a03RB00001NswkwYAB","ムゲンエステート_2025/10","商品マスタが未設定","Month=2025/10, Amount=11000","請求明細の商品・名称・金額から商品を確定する"
"Medium","商品不足","ContractLineItem__c","a03RB00001NswkxYAB","ムゲンエステート_2025/11","商品マスタが未設定","Month=2025/11, Amount=11000","請求明細の商品・名称・金額から商品を確定する"
"Medium","商品不足","ContractLineItem__c","a03RB00001NswkyYAB","ムゲンエステート_2025/12","商品マスタが未設定","Month=2025/12, Amount=11000","請求明細の商品・名称・金額から商品を確定する"
"Medium","商品不足","ContractLineItem__c","a03RB00001NswkzYAB","ムゲンエステート_2026/01","商品マスタが未設定","Month=2026/01, Amount=11000","請求明細の商品・名称・金額から商品を確定する"
"Medium","商品不足","ContractLineItem__c","a03RB00001Nswl0YAB","ムゲンエステート_2026/02","商品マスタが未設定","Month=2026/02, Amount=11000","請求明細の商品・名称・金額から商品を確定する"
"Medium","商品不足","ContractLineItem__c","a03RB00001NswnNYAR","リアルティホールディングス株式会社_2025/01","商品マスタが未設定","Month=2025/01, Amount=163125","請求明細の商品・名称・金額から商品を確定する"
"Medium","商品不足","ContractLineItem__c","a03RB00001NswnOYAR","リアルティホールディングス株式会社_2025/02","商品マスタが未設定","Month=2025/02, Amount=159500","請求明細の商品・名称・金額から商品を確定する"
"Medium","商品不足","ContractLineItem__c","a03RB00001NswnPYAR","リアルティホールディングス株式会社_2025/03","商品マスタが未設定","Month=2025/03, Amount=159500","請求明細の商品・名称・金額から商品を確定する"
"Medium","商品不足","ContractLineItem__c","a03RB00001NswnQYAR","リアルティホールディングス株式会社_2025/04","商品マスタが未設定","Month=2025/04, Amount=223300","請求明細の商品・名称・金額から商品を確定する"
"Medium","商品不足","ContractLineItem__c","a03RB00001NswnRYAR","リアルティホールディングス株式会社_2025/05","商品マスタが未設定","Month=2025/05, Amount=223300","請求明細の商品・名称・金額から商品を確定する"
"Medium","商品不足","ContractLineItem__c","a03RB00001NswnSYAR","リアルティホールディングス株式会社_2025/06","商品マスタが未設定","Month=2025/06, Amount=223300","請求明細の商品・名称・金額から商品を確定する"
"Medium","商品不足","ContractLineItem__c","a03RB00001NswnTYAR","リアルティホールディングス株式会社_2025/07","商品マスタが未設定","Month=2025/07, Amount=174000","請求明細の商品・名称・金額から商品を確定する"
"Medium","商品不足","ContractLineItem__c","a03RB00001NswnUYAR","リアルティホールディングス株式会社_2025/08","商品マスタが未設定","Month=2025/08, Amount=174000","請求明細の商品・名称・金額から商品を確定する"
"Medium","商品不足","ContractLineItem__c","a03RB00001NswnVYAR","リアルティホールディングス株式会社_2025/09","商品マスタが未設定","Month=2025/09, Amount=135000","請求明細の商品・名称・金額から商品を確定する"
"Medium","商品不足","ContractLineItem__c","a03RB00001NswnWYAR","リアルティホールディングス株式会社_2025/10","商品マスタが未設定","Month=2025/10, Amount=135000","請求明細の商品・名称・金額から商品を確定する"
"Medium","商品不足","ContractLineItem__c","a03RB00001NswnXYAR","リアルティホールディングス株式会社_2025/11","商品マスタが未設定","Month=2025/11, Amount=135000","請求明細の商品・名称・金額から商品を確定する"
"Medium","商品不足","ContractLineItem__c","a03RB00001NswnYYAR","リアルティホールディングス株式会社_2025/12","商品マスタが未設定","Month=2025/12, Amount=135000","請求明細の商品・名称・金額から商品を確定する"
"Medium","商品不足","ContractLineItem__c","a03RB00001NswnZYAR","リアルティホールディングス株式会社_2026/01","商品マスタが未設定","Month=2026/01, Amount=135000","請求明細の商品・名称・金額から商品を確定する"
"Medium","商品不足","ContractLineItem__c","a03RB00001NswnaYAB","リアルティホールディングス株式会社_2026/02","商品マスタが未設定","Month=2026/02, Amount=174000","請求明細の商品・名称・金額から商品を確定する"
"Medium","商品不足","ContractLineItem__c","a03RB00001NswnbYAB","リアルティホールディングス株式会社_2026/03","商品マスタが未設定","Month=2026/03, Amount=159500","請求明細の商品・名称・金額から商品を確定する"
"Medium","商品不足","ContractLineItem__c","a03RB00001NswncYAB","リアルティホールディングス株式会社_2026/04","商品マスタが未設定","Month=2026/04, Amount=159500","請求明細の商品・名称・金額から商品を確定する"
"Medium","商品不足","ContractLineItem__c","a03RB00001NswndYAB","リアルティホールディングス株式会社_2026/05","商品マスタが未設定","Month=2026/05, Amount=159500","請求明細の商品・名称・金額から商品を確定する"
"Medium","商品不足","ContractLineItem__c","a03RB00001RIREmYAP","リアルティホールディングス株式会社_2026/06","商品マスタが未設定","Month=2026/06, Amount=159500","請求明細の商品・名称・金額から商品を確定する"
"Medium","商品不足","ContractLineItem__c","a03RB00001RcABNYA3","リアルティホールディングス株式会社_2026/07","商品マスタが未設定","Month=2026/07, Amount=159500","請求明細の商品・名称・金額から商品を確定する"
"Medium","商品不足","ContractLineItem__c","a03RB00001STmHkYAL","リアルティホールディングス株式会社_2026/08","商品マスタが未設定","Month=2026/08, Amount=159500","請求明細の商品・名称・金額から商品を確定する"
"Medium","商品不足","ContractLineItem__c","a03RB00001NswpiYAB","リユースせいわ 西和不動産株式会社 栗東店_2025/04","商品マスタが未設定","Month=2025/04, Amount=11000","請求明細の商品・名称・金額から商品を確定する"
"Medium","商品不足","ContractLineItem__c","a03RB00001NswpjYAB","リユースせいわ 西和不動産株式会社 栗東店_2025/05","商品マスタが未設定","Month=2025/05, Amount=11000","請求明細の商品・名称・金額から商品を確定する"
"Medium","商品不足","ContractLineItem__c","a03RB00001NswpkYAB","リユースせいわ 西和不動産株式会社 栗東店_2025/06","商品マスタが未設定","Month=2025/06, Amount=11000","請求明細の商品・名称・金額から商品を確定する"
"Medium","商品不足","ContractLineItem__c","a03RB00001NswplYAB","リユースせいわ 西和不動産株式会社 栗東店_2025/07","商品マスタが未設定","Month=2025/07, Amount=11000","請求明細の商品・名称・金額から商品を確定する"
"Medium","商品不足","ContractLineItem__c","a03RB00001NswpmYAB","リユースせいわ 西和不動産株式会社 栗東店_2025/08","商品マスタが未設定","Month=2025/08, Amount=11000","請求明細の商品・名称・金額から商品を確定する"
"Medium","商品不足","ContractLineItem__c","a03RB00001NswpnYAB","リユースせいわ 西和不動産株式会社 栗東店_2025/09","商品マスタが未設定","Month=2025/09, Amount=11000","請求明細の商品・名称・金額から商品を確定する"
"Medium","商品不足","ContractLineItem__c","a03RB00001NswpoYAB","リユースせいわ 西和不動産株式会社 栗東店_2025/10","商品マスタが未設定","Month=2025/10, Amount=11000","請求明細の商品・名称・金額から商品を確定する"
"Medium","商品不足","ContractLineItem__c","a03RB00001NswppYAB","リユースせいわ 西和不動産株式会社 栗東店_2025/11","商品マスタが未設定","Month=2025/11, Amount=11000","請求明細の商品・名称・金額から商品を確定する"
"Medium","商品不足","ContractLineItem__c","a03RB00001NswpqYAB","リユースせいわ 西和不動産株式会社 栗東店_2025/12","商品マスタが未設定","Month=2025/12, Amount=11000","請求明細の商品・名称・金額から商品を確定する"
"Medium","商品不足","ContractLineItem__c","a03RB00001NswprYAB","リユースせいわ 西和不動産株式会社 栗東店_2026/01","商品マスタが未設定","Month=2026/01, Amount=11000","請求明細の商品・名称・金額から商品を確定する"
"Medium","商品不足","ContractLineItem__c","a03RB00001NswpsYAB","リユースせいわ 西和不動産株式会社 栗東店_2026/02","商品マスタが未設定","Month=2026/02, Amount=11000","請求明細の商品・名称・金額から商品を確定する"
"Medium","商品不足","ContractLineItem__c","a03RB00001NswptYAB","リユースせいわ 西和不動産株式会社 栗東店_2026/04","商品マスタが未設定","Month=2026/04, Amount=11000","請求明細の商品・名称・金額から商品を確定する"
"Medium","商品不足","ContractLineItem__c","a03RB00001NswpuYAB","リユースせいわ 西和不動産株式会社 栗東店_2026/05","商品マスタが未設定","Month=2026/05, Amount=11000","請求明細の商品・名称・金額から商品を確定する"
"Medium","商品不足","ContractLineItem__c","a03RB00001NswpvYAB","リユースせいわ 西和不動産株式会社 栗東店_2026/06","商品マスタが未設定","Month=2026/06, Amount=11000","請求明細の商品・名称・金額から商品を確定する"
"Medium","商品不足","ContractLineItem__c","a03RB00001NswYTYAZ","リリカラ(大塚商会)_2024/11","商品マスタが未設定","Month=2024/11, Amount=12800","請求明細の商品・名称・金額から商品を確定する"
"Medium","商品不足","ContractLineItem__c","a03RB00001NswYUYAZ","リリカラ(大塚商会)_2024/12","商品マスタが未設定","Month=2024/12, Amount=12800","請求明細の商品・名称・金額から商品を確定する"
"Medium","商品不足","ContractLineItem__c","a03RB00001NswYVYAZ","リリカラ(大塚商会)_2025/01","商品マスタが未設定","Month=2025/01, Amount=12800","請求明細の商品・名称・金額から商品を確定する"
"Medium","商品不足","ContractLineItem__c","a03RB00001NswYWYAZ","リリカラ(大塚商会)_2025/02","商品マスタが未設定","Month=2025/02, Amount=12800","請求明細の商品・名称・金額から商品を確定する"
"Medium","商品不足","ContractLineItem__c","a03RB00001NswYXYAZ","リリカラ(大塚商会)_2025/03","商品マスタが未設定","Month=2025/03, Amount=12800","請求明細の商品・名称・金額から商品を確定する"
"Medium","商品不足","ContractLineItem__c","a03RB00001NswYYYAZ","リリカラ(大塚商会)_2025/04","商品マスタが未設定","Month=2025/04, Amount=12800","請求明細の商品・名称・金額から商品を確定する"
"Medium","商品不足","ContractLineItem__c","a03RB00001NswYZYAZ","リリカラ(大塚商会)_2025/05","商品マスタが未設定","Month=2025/05, Amount=12800","請求明細の商品・名称・金額から商品を確定する"
"Medium","商品不足","ContractLineItem__c","a03RB00001NswYaYAJ","リリカラ(大塚商会)_2025/06","商品マスタが未設定","Month=2025/06, Amount=12800","請求明細の商品・名称・金額から商品を確定する"
"Medium","商品不足","ContractLineItem__c","a03RB00001NswYbYAJ","リリカラ(大塚商会)_2025/07","商品マスタが未設定","Month=2025/07, Amount=12800","請求明細の商品・名称・金額から商品を確定する"
"Medium","商品不足","ContractLineItem__c","a03RB00001NswYcYAJ","リリカラ(大塚商会)_2025/08","商品マスタが未設定","Month=2025/08, Amount=12800","請求明細の商品・名称・金額から商品を確定する"
"Medium","商品不足","ContractLineItem__c","a03RB00001NswYdYAJ","リリカラ(大塚商会)_2025/09","商品マスタが未設定","Month=2025/09, Amount=12800","請求明細の商品・名称・金額から商品を確定する"
"Medium","商品不足","ContractLineItem__c","a03RB00001NswYeYAJ","リリカラ(大塚商会)_2025/10","商品マスタが未設定","Month=2025/10, Amount=12800","請求明細の商品・名称・金額から商品を確定する"
"Medium","商品不足","ContractLineItem__c","a03RB00001NswYfYAJ","リリカラ(大塚商会)_2025/11","商品マスタが未設定","Month=2025/11, Amount=12800","請求明細の商品・名称・金額から商品を確定する"
"Medium","商品不足","ContractLineItem__c","a03RB00001NswYgYAJ","リリカラ(大塚商会)_2025/12","商品マスタが未設定","Month=2025/12, Amount=12800","請求明細の商品・名称・金額から商品を確定する"
"Medium","商品不足","ContractLineItem__c","a03RB00001NswYhYAJ","リリカラ(大塚商会)_2026/01","商品マスタが未設定","Month=2026/01, Amount=12800","請求明細の商品・名称・金額から商品を確定する"
"Medium","商品不足","ContractLineItem__c","a03RB00001NswYiYAJ","リリカラ(大塚商会)_2026/02","商品マスタが未設定","Month=2026/02, Amount=12800","請求明細の商品・名称・金額から商品を確定する"
"Medium","商品不足","ContractLineItem__c","a03RB00001NswYjYAJ","リリカラ(大塚商会)_2026/03","商品マスタが未設定","Month=2026/03, Amount=12800","請求明細の商品・名称・金額から商品を確定する"
"Medium","商品不足","ContractLineItem__c","a03RB00001NswYkYAJ","リリカラ(大塚商会)_2026/04","商品マスタが未設定","Month=2026/04, Amount=12800","請求明細の商品・名称・金額から商品を確定する"
"Medium","商品不足","ContractLineItem__c","a03RB00001NswYlYAJ","リリカラ(大塚商会)_2026/05","商品マスタが未設定","Month=2026/05, Amount=12800","請求明細の商品・名称・金額から商品を確定する"
"Medium","商品不足","ContractLineItem__c","a03RB00001NswYmYAJ","リリカラ(大塚商会)_2026/06","商品マスタが未設定","Month=2026/06, Amount=12800","請求明細の商品・名称・金額から商品を確定する"
"Medium","商品不足","ContractLineItem__c","a03RB00001NswYnYAJ","リリカラ(大塚商会)_2026/07","商品マスタが未設定","Month=2026/07, Amount=12800","請求明細の商品・名称・金額から商品を確定する"
"Medium","商品不足","ContractLineItem__c","a03RB00001NswYoYAJ","リリカラ(大塚商会)_2026/08","商品マスタが未設定","Month=2026/08, Amount=12800","請求明細の商品・名称・金額から商品を確定する"
"Medium","商品不足","ContractLineItem__c","a03RB00001NswYpYAJ","リリカラ(大塚商会)_2026/09","商品マスタが未設定","Month=2026/09, Amount=12800","請求明細の商品・名称・金額から商品を確定する"
"Medium","商品不足","ContractLineItem__c","a03RB00001NswYqYAJ","リリカラ(大塚商会)_2026/10","商品マスタが未設定","Month=2026/10, Amount=12800","請求明細の商品・名称・金額から商品を確定する"
"Medium","商品不足","ContractLineItem__c","a03RB00001NswmaYAB","わくわく不動産_2024/12","商品マスタが未設定","Month=2024/12, Amount=11000","請求明細の商品・名称・金額から商品を確定する"
"Medium","商品不足","ContractLineItem__c","a03RB00001NswmbYAB","わくわく不動産_2025/01","商品マスタが未設定","Month=2025/01, Amount=11000","請求明細の商品・名称・金額から商品を確定する"
"Medium","商品不足","ContractLineItem__c","a03RB00001NswmcYAB","わくわく不動産_2025/02","商品マスタが未設定","Month=2025/02, Amount=11000","請求明細の商品・名称・金額から商品を確定する"
"Medium","商品不足","ContractLineItem__c","a03RB00001NswmdYAB","わくわく不動産_2025/03","商品マスタが未設定","Month=2025/03, Amount=11000","請求明細の商品・名称・金額から商品を確定する"
"Medium","商品不足","ContractLineItem__c","a03RB00001NswmeYAB","わくわく不動産_2025/04","商品マスタが未設定","Month=2025/04, Amount=11000","請求明細の商品・名称・金額から商品を確定する"
"Medium","商品不足","ContractLineItem__c","a03RB00001NswmfYAB","わくわく不動産_2025/05","商品マスタが未設定","Month=2025/05, Amount=11000","請求明細の商品・名称・金額から商品を確定する"
"Medium","商品不足","ContractLineItem__c","a03RB00001NswmgYAB","わくわく不動産_2025/06","商品マスタが未設定","Month=2025/06, Amount=11000","請求明細の商品・名称・金額から商品を確定する"
"Medium","商品不足","ContractLineItem__c","a03RB00001NswmhYAB","わくわく不動産_2025/07","商品マスタが未設定","Month=2025/07, Amount=11000","請求明細の商品・名称・金額から商品を確定する"
"Medium","商品不足","ContractLineItem__c","a03RB00001NswmiYAB","わくわく不動産_2025/08","商品マスタが未設定","Month=2025/08, Amount=11000","請求明細の商品・名称・金額から商品を確定する"
"Medium","商品不足","ContractLineItem__c","a03RB00001NswmjYAB","わくわく不動産_2025/09","商品マスタが未設定","Month=2025/09, Amount=11000","請求明細の商品・名称・金額から商品を確定する"
"Medium","商品不足","ContractLineItem__c","a03RB00001NswmkYAB","わくわく不動産_2025/10","商品マスタが未設定","Month=2025/10, Amount=11000","請求明細の商品・名称・金額から商品を確定する"
"Medium","商品不足","ContractLineItem__c","a03RB00001NswmlYAB","わくわく不動産_2025/11","商品マスタが未設定","Month=2025/11, Amount=11000","請求明細の商品・名称・金額から商品を確定する"
"Medium","商品不足","ContractLineItem__c","a03RB00001NswmmYAB","わくわく不動産_2025/12","商品マスタが未設定","Month=2025/12, Amount=11000","請求明細の商品・名称・金額から商品を確定する"
"Medium","商品不足","ContractLineItem__c","a03RB00001NswmnYAB","わくわく不動産_2026/01","商品マスタが未設定","Month=2026/01, Amount=11000","請求明細の商品・名称・金額から商品を確定する"
"Medium","商品不足","ContractLineItem__c","a03RB00001NswmoYAB","わくわく不動産_2026/02","商品マスタが未設定","Month=2026/02, Amount=11000","請求明細の商品・名称・金額から商品を確定する"
"Medium","商品不足","ContractLineItem__c","a03RB00001NswV2YAJ","株式会社 ノムラメディアス_2024/08","商品マスタが未設定","Month=2024/08, Amount=104000","請求明細の商品・名称・金額から商品を確定する"
"Medium","商品不足","ContractLineItem__c","a03RB00001NswV3YAJ","株式会社 ノムラメディアス_2024/09","商品マスタが未設定","Month=2024/09, Amount=104000","請求明細の商品・名称・金額から商品を確定する"
"Medium","商品不足","ContractLineItem__c","a03RB00001NswV4YAJ","株式会社 ノムラメディアス_2024/10","商品マスタが未設定","Month=2024/10, Amount=104000","請求明細の商品・名称・金額から商品を確定する"
"Medium","商品不足","ContractLineItem__c","a03RB00001NswV5YAJ","株式会社 ノムラメディアス_2024/11","商品マスタが未設定","Month=2024/11, Amount=104000","請求明細の商品・名称・金額から商品を確定する"
"Medium","商品不足","ContractLineItem__c","a03RB00001NswV6YAJ","株式会社 ノムラメディアス_2024/12","商品マスタが未設定","Month=2024/12, Amount=104000","請求明細の商品・名称・金額から商品を確定する"
"Medium","商品不足","ContractLineItem__c","a03RB00001NswV7YAJ","株式会社 ノムラメディアス_2025/01","商品マスタが未設定","Month=2025/01, Amount=104000","請求明細の商品・名称・金額から商品を確定する"
"Medium","商品不足","ContractLineItem__c","a03RB00001NswV8YAJ","株式会社 ノムラメディアス_2025/02","商品マスタが未設定","Month=2025/02, Amount=104000","請求明細の商品・名称・金額から商品を確定する"
"Medium","商品不足","ContractLineItem__c","a03RB00001NswaVYAR","株式会社 ノムラメディアス_2025/03","商品マスタが未設定","Month=2025/03, Amount=55000","請求明細の商品・名称・金額から商品を確定する"
"Medium","商品不足","ContractLineItem__c","a03RB00001NswaWYAR","株式会社 ノムラメディアス_2025/04","商品マスタが未設定","Month=2025/04, Amount=55000","請求明細の商品・名称・金額から商品を確定する"
"Medium","商品不足","ContractLineItem__c","a03RB00001NswaXYAR","株式会社 ノムラメディアス_2025/05","商品マスタが未設定","Month=2025/05, Amount=55000","請求明細の商品・名称・金額から商品を確定する"
"Medium","商品不足","ContractLineItem__c","a03RB00001NswaYYAR","株式会社 ノムラメディアス_2025/06","商品マスタが未設定","Month=2025/06, Amount=55000","請求明細の商品・名称・金額から商品を確定する"
"Medium","商品不足","ContractLineItem__c","a03RB00001NswaZYAR","株式会社 ノムラメディアス_2025/07","商品マスタが未設定","Month=2025/07, Amount=55000","請求明細の商品・名称・金額から商品を確定する"
"Medium","商品不足","ContractLineItem__c","a03RB00001NswaaYAB","株式会社 ノムラメディアス_2025/08","商品マスタが未設定","Month=2025/08, Amount=55000","請求明細の商品・名称・金額から商品を確定する"
"Medium","商品不足","ContractLineItem__c","a03RB00001NswabYAB","株式会社 ノムラメディアス_2025/09","商品マスタが未設定","Month=2025/09, Amount=55000","請求明細の商品・名称・金額から商品を確定する"
"Medium","商品不足","ContractLineItem__c","a03RB00001NswacYAB","株式会社 ノムラメディアス_2025/10","商品マスタが未設定","Month=2025/10, Amount=55000","請求明細の商品・名称・金額から商品を確定する"
"Medium","商品不足","ContractLineItem__c","a03RB00001NswadYAB","株式会社 ノムラメディアス_2025/11","商品マスタが未設定","Month=2025/11, Amount=55000","請求明細の商品・名称・金額から商品を確定する"
"Medium","商品不足","ContractLineItem__c","a03RB00001NswaeYAB","株式会社 ノムラメディアス_2025/12","商品マスタが未設定","Month=2025/12, Amount=55000","請求明細の商品・名称・金額から商品を確定する"
"Medium","商品不足","ContractLineItem__c","a03RB00001NswafYAB","株式会社 ノムラメディアス_2026/01","商品マスタが未設定","Month=2026/01, Amount=55000","請求明細の商品・名称・金額から商品を確定する"
"Medium","商品不足","ContractLineItem__c","a03RB00001NswagYAB","株式会社 ノムラメディアス_2026/02","商品マスタが未設定","Month=2026/02, Amount=55000","請求明細の商品・名称・金額から商品を確定する"
"Medium","商品不足","ContractLineItem__c","a03RB00001NsweRYAR","株式会社 一条工務店_2025/08","商品マスタが未設定","Month=2025/08, Amount=16000","請求明細の商品・名称・金額から商品を確定する"
"Medium","商品不足","ContractLineItem__c","a03RB00001NsweSYAR","株式会社 一条工務店_2025/09","商品マスタが未設定","Month=2025/09, Amount=16000","請求明細の商品・名称・金額から商品を確定する"
"Medium","商品不足","ContractLineItem__c","a03RB00001NsweTYAR","株式会社 一条工務店_2025/10","商品マスタが未設定","Month=2025/10, Amount=16000","請求明細の商品・名称・金額から商品を確定する"
"Medium","商品不足","ContractLineItem__c","a03RB00001NswrxYAB","株式会社 秀建_2025/08","商品マスタが未設定","Month=2025/08, Amount=11000","請求明細の商品・名称・金額から商品を確定する"
"Medium","商品不足","ContractLineItem__c","a03RB00001NswryYAB","株式会社 秀建_2025/09","商品マスタが未設定","Month=2025/09, Amount=11000","請求明細の商品・名称・金額から商品を確定する"
"Medium","商品不足","ContractLineItem__c","a03RB00001NswrzYAB","株式会社 秀建_2025/10","商品マスタが未設定","Month=2025/10, Amount=11000","請求明細の商品・名称・金額から商品を確定する"
"Medium","商品不足","ContractLineItem__c","a03RB00001Nsws0YAB","株式会社 秀建_2025/11","商品マスタが未設定","Month=2025/11, Amount=11000","請求明細の商品・名称・金額から商品を確定する"
"Medium","商品不足","ContractLineItem__c","a03RB00001Nsws1YAB","株式会社 秀建_2025/12","商品マスタが未設定","Month=2025/12, Amount=11000","請求明細の商品・名称・金額から商品を確定する"
"Medium","商品不足","ContractLineItem__c","a03RB00001NswedYAB","株式会社B-PROJECT_2025/09","商品マスタが未設定","Month=2025/09, Amount=66000","請求明細の商品・名称・金額から商品を確定する"
"Medium","商品不足","ContractLineItem__c","a03RB00001NsweeYAB","株式会社B-PROJECT_2025/10","商品マスタが未設定","Month=2025/10, Amount=66000","請求明細の商品・名称・金額から商品を確定する"
"Medium","商品不足","ContractLineItem__c","a03RB00001NswefYAB","株式会社B-PROJECT_2025/11","商品マスタが未設定","Month=2025/11, Amount=66000","請求明細の商品・名称・金額から商品を確定する"
"Medium","商品不足","ContractLineItem__c","a03RB00001NswegYAB","株式会社B-PROJECT_2025/12","商品マスタが未設定","Month=2025/12, Amount=66000","請求明細の商品・名称・金額から商品を確定する"
"Medium","商品不足","ContractLineItem__c","a03RB00001NswehYAB","株式会社B-PROJECT_2026/01","商品マスタが未設定","Month=2026/01, Amount=66000","請求明細の商品・名称・金額から商品を確定する"
"Medium","商品不足","ContractLineItem__c","a03RB00001NswsIYAR","株式会社CHINTAI_2025/10","商品マスタが未設定","Month=2025/10, Amount=145000","請求明細の商品・名称・金額から商品を確定する"
"Medium","商品不足","ContractLineItem__c","a03RB00001NswsJYAR","株式会社CHINTAI_2025/11","商品マスタが未設定","Month=2025/11, Amount=145000","請求明細の商品・名称・金額から商品を確定する"
"Medium","商品不足","ContractLineItem__c","a03RB00001NswsKYAR","株式会社CHINTAI_2026/02","商品マスタが未設定","Month=2026/02, Amount=145000","請求明細の商品・名称・金額から商品を確定する"
"Medium","商品不足","ContractLineItem__c","a03RB00001NswoIYAR","株式会社Housebank千葉_2025/01","商品マスタが未設定","Month=2025/01, Amount=55000","請求明細の商品・名称・金額から商品を確定する"
"Medium","商品不足","ContractLineItem__c","a03RB00001NswoGYAR","株式会社Housebank千葉_2025/01","商品マスタが未設定","Month=2025/01, Amount=11000","請求明細の商品・名称・金額から商品を確定する"
"Medium","商品不足","ContractLineItem__c","a03RB00001NswoHYAR","株式会社Housebank千葉_2025/02","商品マスタが未設定","Month=2025/02, Amount=11000","請求明細の商品・名称・金額から商品を確定する"
"Medium","商品不足","ContractLineItem__c","a03RB00001NswoJYAR","株式会社Housebank千葉_2025/02","商品マスタが未設定","Month=2025/02, Amount=55000","請求明細の商品・名称・金額から商品を確定する"
"Medium","商品不足","ContractLineItem__c","a03RB00001NswoKYAR","株式会社Housebank千葉_2025/03","商品マスタが未設定","Month=2025/03, Amount=55000","請求明細の商品・名称・金額から商品を確定する"
"Medium","商品不足","ContractLineItem__c","a03RB00001NswoLYAR","株式会社Housebank千葉_2025/04","商品マスタが未設定","Month=2025/04, Amount=55000","請求明細の商品・名称・金額から商品を確定する"
"Medium","商品不足","ContractLineItem__c","a03RB00001NswoMYAR","株式会社Housebank千葉_2025/05","商品マスタが未設定","Month=2025/05, Amount=55000","請求明細の商品・名称・金額から商品を確定する"
"Medium","商品不足","ContractLineItem__c","a03RB00001NswoNYAR","株式会社Housebank千葉_2025/06","商品マスタが未設定","Month=2025/06, Amount=55000","請求明細の商品・名称・金額から商品を確定する"
"Medium","商品不足","ContractLineItem__c","a03RB00001NswoOYAR","株式会社Housebank千葉_2025/07","商品マスタが未設定","Month=2025/07, Amount=55000","請求明細の商品・名称・金額から商品を確定する"
"Medium","商品不足","ContractLineItem__c","a03RB00001NswoPYAR","株式会社Housebank千葉_2025/08","商品マスタが未設定","Month=2025/08, Amount=55000","請求明細の商品・名称・金額から商品を確定する"
"Medium","商品不足","ContractLineItem__c","a03RB00001NswoQYAR","株式会社Housebank千葉_2025/09","商品マスタが未設定","Month=2025/09, Amount=55000","請求明細の商品・名称・金額から商品を確定する"
"Medium","商品不足","ContractLineItem__c","a03RB00001NswoRYAR","株式会社Housebank千葉_2025/10","商品マスタが未設定","Month=2025/10, Amount=55000","請求明細の商品・名称・金額から商品を確定する"
"Medium","商品不足","ContractLineItem__c","a03RB00001NswoSYAR","株式会社Housebank千葉_2025/11","商品マスタが未設定","Month=2025/11, Amount=55000","請求明細の商品・名称・金額から商品を確定する"
"Medium","商品不足","ContractLineItem__c","a03RB00001NswoTYAR","株式会社Housebank千葉_2025/12","商品マスタが未設定","Month=2025/12, Amount=55000","請求明細の商品・名称・金額から商品を確定する"
"Medium","商品不足","ContractLineItem__c","a03RB00001NswoUYAR","株式会社Housebank千葉_2026/01","商品マスタが未設定","Month=2026/01, Amount=55000","請求明細の商品・名称・金額から商品を確定する"
"Medium","商品不足","ContractLineItem__c","a03RB00001NswoVYAR","株式会社Housebank千葉_2026/02","商品マスタが未設定","Month=2026/02, Amount=55000","請求明細の商品・名称・金額から商品を確定する"
"Medium","商品不足","ContractLineItem__c","a03RB00001NswoWYAR","株式会社Housebank千葉_2026/03","商品マスタが未設定","Month=2026/03, Amount=55000","請求明細の商品・名称・金額から商品を確定する"
"Medium","商品不足","ContractLineItem__c","a03RB00001NswoXYAR","株式会社Housebank千葉_2026/04","商品マスタが未設定","Month=2026/04, Amount=55000","請求明細の商品・名称・金額から商品を確定する"
"Medium","商品不足","ContractLineItem__c","a03RB00001NswoYYAR","株式会社Housebank千葉_2026/05","商品マスタが未設定","Month=2026/05, Amount=55000","請求明細の商品・名称・金額から商品を確定する"
"Medium","商品不足","ContractLineItem__c","a03RB00001NswsgYAB","株式会社JBリアルエステート_2026/04","商品マスタが未設定","Month=2026/04, Amount=11000","請求明細の商品・名称・金額から商品を確定する"
"Medium","商品不足","ContractLineItem__c","a03RB00001Nswe2YAB","株式会社JR東日本建築設計_2025/07","商品マスタが未設定","Month=2025/07, Amount=8000","請求明細の商品・名称・金額から商品を確定する"
"Medium","商品不足","ContractLineItem__c","a03RB00001Nswe3YAB","株式会社JR東日本建築設計_2025/08","商品マスタが未設定","Month=2025/08, Amount=8000","請求明細の商品・名称・金額から商品を確定する"
"Medium","商品不足","ContractLineItem__c","a03RB00001Nswe4YAB","株式会社JR東日本建築設計_2025/09","商品マスタが未設定","Month=2025/09, Amount=8000","請求明細の商品・名称・金額から商品を確定する"
"Medium","商品不足","ContractLineItem__c","a03RB00001Nswe5YAB","株式会社JR東日本建築設計_2025/10","商品マスタが未設定","Month=2025/10, Amount=8000","請求明細の商品・名称・金額から商品を確定する"
"Medium","商品不足","ContractLineItem__c","a03RB00001Nswe6YAB","株式会社JR東日本建築設計_2025/11","商品マスタが未設定","Month=2025/11, Amount=8000","請求明細の商品・名称・金額から商品を確定する"
"Medium","商品不足","ContractLineItem__c","a03RB00001Nswe7YAB","株式会社JR東日本建築設計_2025/12","商品マスタが未設定","Month=2025/12, Amount=8000","請求明細の商品・名称・金額から商品を確定する"
"Medium","商品不足","ContractLineItem__c","a03RB00001Nswe8YAB","株式会社JR東日本建築設計_2026/01","商品マスタが未設定","Month=2026/01, Amount=8000","請求明細の商品・名称・金額から商品を確定する"
"Medium","商品不足","ContractLineItem__c","a03RB00001Nswe9YAB","株式会社JR東日本建築設計_2026/02","商品マスタが未設定","Month=2026/02, Amount=8000","請求明細の商品・名称・金額から商品を確定する"
"Medium","商品不足","ContractLineItem__c","a03RB00001NsweAYAR","株式会社JR東日本建築設計_2026/03","商品マスタが未設定","Month=2026/03, Amount=8000","請求明細の商品・名称・金額から商品を確定する"
"Medium","商品不足","ContractLineItem__c","a03RB00001NsweBYAR","株式会社JR東日本建築設計_2026/04","商品マスタが未設定","Month=2026/04, Amount=8000","請求明細の商品・名称・金額から商品を確定する"
"Medium","商品不足","ContractLineItem__c","a03RB00001NsweCYAR","株式会社JR東日本建築設計_2026/05","商品マスタが未設定","Month=2026/05, Amount=8000","請求明細の商品・名称・金額から商品を確定する"
"Medium","商品不足","ContractLineItem__c","a03RB00001NsweDYAR","株式会社JR東日本建築設計_2026/06","商品マスタが未設定","Month=2026/06, Amount=8000","請求明細の商品・名称・金額から商品を確定する"
"Medium","商品不足","ContractLineItem__c","a03RB00001NsweEYAR","株式会社JR東日本建築設計_2026/07","商品マスタが未設定","Month=2026/07, Amount=8000","請求明細の商品・名称・金額から商品を確定する"
"Medium","商品不足","ContractLineItem__c","a03RB00001NsweFYAR","株式会社JR東日本建築設計_2026/08","商品マスタが未設定","Month=2026/08, Amount=8000","請求明細の商品・名称・金額から商品を確定する"
"Medium","商品不足","ContractLineItem__c","a03RB00001NsweGYAR","株式会社JR東日本建築設計_2026/09","商品マスタが未設定","Month=2026/09, Amount=8000","請求明細の商品・名称・金額から商品を確定する"
"Medium","商品不足","ContractLineItem__c","a03RB00001NsweHYAR","株式会社JR東日本建築設計_2026/10","商品マスタが未設定","Month=2026/10, Amount=8000","請求明細の商品・名称・金額から商品を確定する"
"Medium","商品不足","ContractLineItem__c","a03RB00001NsweIYAR","株式会社JR東日本建築設計_2026/11","商品マスタが未設定","Month=2026/11, Amount=8000","請求明細の商品・名称・金額から商品を確定する"
"Medium","商品不足","ContractLineItem__c","a03RB00001NsweJYAR","株式会社JR東日本建築設計_2026/12","商品マスタが未設定","Month=2026/12, Amount=8000","請求明細の商品・名称・金額から商品を確定する"
"Medium","商品不足","ContractLineItem__c","a03RB00001NsweKYAR","株式会社JR東日本建築設計_2027/01","商品マスタが未設定","Month=2027/01, Amount=8000","請求明細の商品・名称・金額から商品を確定する"
"Medium","商品不足","ContractLineItem__c","a03RB00001NsweLYAR","株式会社JR東日本建築設計_2027/02","商品マスタが未設定","Month=2027/02, Amount=8000","請求明細の商品・名称・金額から商品を確定する"
"Medium","商品不足","ContractLineItem__c","a03RB00001NsweMYAR","株式会社JR東日本建築設計_2027/03","商品マスタが未設定","Month=2027/03, Amount=8000","請求明細の商品・名称・金額から商品を確定する"
"Medium","商品不足","ContractLineItem__c","a03RB00001NswqCYAR","株式会社Machidaホールディングス_2025/04","商品マスタが未設定","Month=2025/04, Amount=11000","請求明細の商品・名称・金額から商品を確定する"
"Medium","商品不足","ContractLineItem__c","a03RB00001NswqDYAR","株式会社Machidaホールディングス_2025/05","商品マスタが未設定","Month=2025/05, Amount=11000","請求明細の商品・名称・金額から商品を確定する"
"Medium","商品不足","ContractLineItem__c","a03RB00001NswqEYAR","株式会社Machidaホールディングス_2025/06","商品マスタが未設定","Month=2025/06, Amount=11000","請求明細の商品・名称・金額から商品を確定する"
"Medium","商品不足","ContractLineItem__c","a03RB00001NswqFYAR","株式会社Machidaホールディングス_2025/07","商品マスタが未設定","Month=2025/07, Amount=11000","請求明細の商品・名称・金額から商品を確定する"
"Medium","商品不足","ContractLineItem__c","a03RB00001NswqGYAR","株式会社Machidaホールディングス_2025/08","商品マスタが未設定","Month=2025/08, Amount=11000","請求明細の商品・名称・金額から商品を確定する"
"Medium","商品不足","ContractLineItem__c","a03RB00001NswqHYAR","株式会社Machidaホールディングス_2025/09","商品マスタが未設定","Month=2025/09, Amount=11000","請求明細の商品・名称・金額から商品を確定する"
"Medium","商品不足","ContractLineItem__c","a03RB00001NswqIYAR","株式会社Machidaホールディングス_2025/10","商品マスタが未設定","Month=2025/10, Amount=11000","請求明細の商品・名称・金額から商品を確定する"
"Medium","商品不足","ContractLineItem__c","a03RB00001NswqJYAR","株式会社Machidaホールディングス_2025/11","商品マスタが未設定","Month=2025/11, Amount=11000","請求明細の商品・名称・金額から商品を確定する"
"Medium","商品不足","ContractLineItem__c","a03RB00001NswqKYAR","株式会社Machidaホールディングス_2025/12","商品マスタが未設定","Month=2025/12, Amount=11000","請求明細の商品・名称・金額から商品を確定する"
"Medium","商品不足","ContractLineItem__c","a03RB00001NswahYAB","株式会社URリンケージ(月額払い)_2025/03","商品マスタが未設定","Month=2025/03, Amount=8000","請求明細の商品・名称・金額から商品を確定する"
"Medium","商品不足","ContractLineItem__c","a03RB00001NswaiYAB","株式会社URリンケージ(月額払い)_2025/04","商品マスタが未設定","Month=2025/04, Amount=8000","請求明細の商品・名称・金額から商品を確定する"
"Medium","商品不足","ContractLineItem__c","a03RB00001NswajYAB","株式会社URリンケージ(年額払い)_2025/03","商品マスタが未設定","Month=2025/03, Amount=8000","請求明細の商品・名称・金額から商品を確定する"
"Medium","商品不足","ContractLineItem__c","a03RB00001NswakYAB","株式会社URリンケージ(年額払い)_2025/04","商品マスタが未設定","Month=2025/04, Amount=8000","請求明細の商品・名称・金額から商品を確定する"
"Medium","商品不足","ContractLineItem__c","a03RB00001NswalYAB","株式会社URリンケージ(年額払い)_2025/05","商品マスタが未設定","Month=2025/05, Amount=8000","請求明細の商品・名称・金額から商品を確定する"
"Medium","商品不足","ContractLineItem__c","a03RB00001NswamYAB","株式会社URリンケージ(年額払い)_2025/06","商品マスタが未設定","Month=2025/06, Amount=8000","請求明細の商品・名称・金額から商品を確定する"
"Medium","商品不足","ContractLineItem__c","a03RB00001NswanYAB","株式会社URリンケージ(年額払い)_2025/07","商品マスタが未設定","Month=2025/07, Amount=8000","請求明細の商品・名称・金額から商品を確定する"
"Medium","商品不足","ContractLineItem__c","a03RB00001NswaoYAB","株式会社URリンケージ(年額払い)_2025/08","商品マスタが未設定","Month=2025/08, Amount=8000","請求明細の商品・名称・金額から商品を確定する"
"Medium","商品不足","ContractLineItem__c","a03RB00001NswapYAB","株式会社URリンケージ(年額払い)_2025/09","商品マスタが未設定","Month=2025/09, Amount=8000","請求明細の商品・名称・金額から商品を確定する"
"Medium","商品不足","ContractLineItem__c","a03RB00001NswaqYAB","株式会社URリンケージ(年額払い)_2025/10","商品マスタが未設定","Month=2025/10, Amount=8000","請求明細の商品・名称・金額から商品を確定する"
"Medium","商品不足","ContractLineItem__c","a03RB00001NswarYAB","株式会社URリンケージ(年額払い)_2025/11","商品マスタが未設定","Month=2025/11, Amount=8000","請求明細の商品・名称・金額から商品を確定する"
"Medium","商品不足","ContractLineItem__c","a03RB00001NswasYAB","株式会社URリンケージ(年額払い)_2025/12","商品マスタが未設定","Month=2025/12, Amount=8000","請求明細の商品・名称・金額から商品を確定する"
"Medium","商品不足","ContractLineItem__c","a03RB00001NswatYAB","株式会社URリンケージ(年額払い)_2026/01","商品マスタが未設定","Month=2026/01, Amount=8000","請求明細の商品・名称・金額から商品を確定する"
"Medium","商品不足","ContractLineItem__c","a03RB00001NswauYAB","株式会社URリンケージ(年額払い)_2026/02","商品マスタが未設定","Month=2026/02, Amount=8000","請求明細の商品・名称・金額から商品を確定する"
"Medium","商品不足","ContractLineItem__c","a03RB00001Nsws2YAB","株式会社アークフロンティア テラスエステート_2025/09","商品マスタが未設定","Month=2025/09, Amount=112000","請求明細の商品・名称・金額から商品を確定する"
"Medium","商品不足","ContractLineItem__c","a03RB00001Nsws3YAB","株式会社アークフロンティア テラスエステート_2025/10","商品マスタが未設定","Month=2025/10, Amount=112000","請求明細の商品・名称・金額から商品を確定する"
"Medium","商品不足","ContractLineItem__c","a03RB00001Nsws4YAB","株式会社アークフロンティア テラスエステート_2025/11","商品マスタが未設定","Month=2025/11, Amount=112000","請求明細の商品・名称・金額から商品を確定する"
"Medium","商品不足","ContractLineItem__c","a03RB00001Nsws5YAB","株式会社アークフロンティア テラスエステート_2025/12","商品マスタが未設定","Month=2025/12, Amount=112000","請求明細の商品・名称・金額から商品を確定する"
"Medium","商品不足","ContractLineItem__c","a03RB00001Nsws6YAB","株式会社アークフロンティア テラスエステート_2026/01","商品マスタが未設定","Month=2026/01, Amount=112000","請求明細の商品・名称・金額から商品を確定する"
"Medium","商品不足","ContractLineItem__c","a03RB00001Nsws7YAB","株式会社アークフロンティア テラスエステート_2026/02","商品マスタが未設定","Month=2026/02, Amount=112000","請求明細の商品・名称・金額から商品を確定する"
"Medium","商品不足","ContractLineItem__c","a03RB00001Nsws8YAB","株式会社アークフロンティア テラスエステート_2026/03","商品マスタが未設定","Month=2026/03, Amount=112000","請求明細の商品・名称・金額から商品を確定する"
"Medium","商品不足","ContractLineItem__c","a03RB00001NswibYAB","株式会社アールシーコア(セキュリティオプション月額）_2026/01","商品マスタが未設定","Month=2026/01, Amount=100000","請求明細の商品・名称・金額から商品を確定する"
"Medium","商品不足","ContractLineItem__c","a03RB00001NswicYAB","株式会社アールシーコア(セキュリティオプション月額）_2026/02","商品マスタが未設定","Month=2026/02, Amount=100000","請求明細の商品・名称・金額から商品を確定する"
"Medium","商品不足","ContractLineItem__c","a03RB00001NswidYAB","株式会社アールシーコア(セキュリティオプション月額）_2026/03","商品マスタが未設定","Month=2026/03, Amount=100000","請求明細の商品・名称・金額から商品を確定する"
"Medium","商品不足","ContractLineItem__c","a03RB00001NswieYAB","株式会社アールシーコア(セキュリティオプション月額）_2026/04","商品マスタが未設定","Month=2026/04, Amount=100000","請求明細の商品・名称・金額から商品を確定する"
"Medium","商品不足","ContractLineItem__c","a03RB00001NswifYAB","株式会社アールシーコア(セキュリティオプション月額）_2026/05","商品マスタが未設定","Month=2026/05, Amount=100000","請求明細の商品・名称・金額から商品を確定する"
"Medium","商品不足","ContractLineItem__c","a03RB00001RIRFBYA5","株式会社アールシーコア(セキュリティオプション月額）_2026/06","商品マスタが未設定","Month=2026/06, Amount=100000","請求明細の商品・名称・金額から商品を確定する"
"Medium","商品不足","ContractLineItem__c","a03RB00001RcABvYAN","株式会社アールシーコア(セキュリティオプション月額）_2026/07","商品マスタが未設定","Month=2026/07, Amount=100000","請求明細の商品・名称・金額から商品を確定する"
"Medium","商品不足","ContractLineItem__c","a03RB00001STmHJYA1","株式会社アールシーコア(セキュリティオプション月額）_2026/08","商品マスタが未設定","Month=2026/08, Amount=100000","請求明細の商品・名称・金額から商品を確定する"
"Medium","商品不足","ContractLineItem__c","a03RB00001NswhxYAB","株式会社アールシーコア_2026/01","商品マスタが未設定","Month=2026/01, Amount=150000","請求明細の商品・名称・金額から商品を確定する"
"Medium","商品不足","ContractLineItem__c","a03RB00001NswhyYAB","株式会社アールシーコア_2026/02","商品マスタが未設定","Month=2026/02, Amount=150000","請求明細の商品・名称・金額から商品を確定する"
"Medium","商品不足","ContractLineItem__c","a03RB00001NswhzYAB","株式会社アールシーコア_2026/04","商品マスタが未設定","Month=2026/04, Amount=150000","請求明細の商品・名称・金額から商品を確定する"
"Medium","商品不足","ContractLineItem__c","a03RB00001Nswi0YAB","株式会社アールシーコア_2026/05","商品マスタが未設定","Month=2026/05, Amount=150000","請求明細の商品・名称・金額から商品を確定する"
"Medium","商品不足","ContractLineItem__c","a03RB00001RIRFAYA5","株式会社アールシーコア_2026/06","商品マスタが未設定","Month=2026/06, Amount=150000","請求明細の商品・名称・金額から商品を確定する"
"Medium","商品不足","ContractLineItem__c","a03RB00001RcABuYAN","株式会社アールシーコア_2026/07","商品マスタが未設定","Month=2026/07, Amount=150000","請求明細の商品・名称・金額から商品を確定する"
"Medium","商品不足","ContractLineItem__c","a03RB00001STmHHYA1","株式会社アールシーコア_2026/08","商品マスタが未設定","Month=2026/08, Amount=150000","請求明細の商品・名称・金額から商品を確定する"
"Medium","商品不足","ContractLineItem__c","a03RB00001NswrnYAB","株式会社アズスタット_2025/08","商品マスタが未設定","Month=2025/08, Amount=11000","請求明細の商品・名称・金額から商品を確定する"
"Medium","商品不足","ContractLineItem__c","a03RB00001NswroYAB","株式会社アズスタット_2025/09","商品マスタが未設定","Month=2025/09, Amount=11000","請求明細の商品・名称・金額から商品を確定する"
"Medium","商品不足","ContractLineItem__c","a03RB00001NswrpYAB","株式会社アズスタット_2025/10","商品マスタが未設定","Month=2025/10, Amount=11000","請求明細の商品・名称・金額から商品を確定する"
"Medium","商品不足","ContractLineItem__c","a03RB00001NswrqYAB","株式会社アズスタット_2025/11","商品マスタが未設定","Month=2025/11, Amount=11000","請求明細の商品・名称・金額から商品を確定する"
"Medium","商品不足","ContractLineItem__c","a03RB00001NswrrYAB","株式会社アズスタット_2025/12","商品マスタが未設定","Month=2025/12, Amount=11000","請求明細の商品・名称・金額から商品を確定する"
"Medium","商品不足","ContractLineItem__c","a03RB00001NswrsYAB","株式会社アズスタット_2026/01","商品マスタが未設定","Month=2026/01, Amount=11000","請求明細の商品・名称・金額から商品を確定する"
"Medium","商品不足","ContractLineItem__c","a03RB00001NswrtYAB","株式会社アズスタット_2026/02","商品マスタが未設定","Month=2026/02, Amount=11000","請求明細の商品・名称・金額から商品を確定する"
"Medium","商品不足","ContractLineItem__c","a03RB00001STmHtYAL","株式会社アズスタット_2026/08","商品マスタが未設定","Month=2026/08, Amount=11000","請求明細の商品・名称・金額から商品を確定する"
"Medium","商品不足","ContractLineItem__c","a03RB00001NswgOYAR","株式会社アットオフィス デザイン企画部_2025/10","商品マスタが未設定","Month=2025/10, Amount=55000","請求明細の商品・名称・金額から商品を確定する"
"Medium","商品不足","ContractLineItem__c","a03RB00001NswgPYAR","株式会社アットオフィス デザイン企画部_2025/11","商品マスタが未設定","Month=2025/11, Amount=","請求明細の商品・名称・金額から商品を確定する"
"Medium","商品不足","ContractLineItem__c","a03RB00001NswgQYAR","株式会社アットオフィス デザイン企画部_2025/12","商品マスタが未設定","Month=2025/12, Amount=110000","請求明細の商品・名称・金額から商品を確定する"
"Medium","商品不足","ContractLineItem__c","a03RB00001NswgRYAR","株式会社アットオフィス デザイン企画部_2026/01","商品マスタが未設定","Month=2026/01, Amount=55000","請求明細の商品・名称・金額から商品を確定する"
"Medium","商品不足","ContractLineItem__c","a03RB00001Nswm4YAB","株式会社イーグランド_2024/11","商品マスタが未設定","Month=2024/11, Amount=11000","請求明細の商品・名称・金額から商品を確定する"
"Medium","商品不足","ContractLineItem__c","a03RB00001Nswm5YAB","株式会社イーグランド_2024/12","商品マスタが未設定","Month=2024/12, Amount=11000","請求明細の商品・名称・金額から商品を確定する"
"Medium","商品不足","ContractLineItem__c","a03RB00001Nswm6YAB","株式会社イーグランド_2025/01","商品マスタが未設定","Month=2025/01, Amount=11000","請求明細の商品・名称・金額から商品を確定する"
"Medium","商品不足","ContractLineItem__c","a03RB00001Nswm7YAB","株式会社イーグランド_2025/02","商品マスタが未設定","Month=2025/02, Amount=11000","請求明細の商品・名称・金額から商品を確定する"
"Medium","商品不足","ContractLineItem__c","a03RB00001Nswm8YAB","株式会社イーグランド_2025/03","商品マスタが未設定","Month=2025/03, Amount=11000","請求明細の商品・名称・金額から商品を確定する"
"Medium","商品不足","ContractLineItem__c","a03RB00001Nswm9YAB","株式会社イーグランド_2025/04","商品マスタが未設定","Month=2025/04, Amount=11000","請求明細の商品・名称・金額から商品を確定する"
"Medium","商品不足","ContractLineItem__c","a03RB00001NswmAYAR","株式会社イーグランド_2025/05","商品マスタが未設定","Month=2025/05, Amount=11000","請求明細の商品・名称・金額から商品を確定する"
"Medium","商品不足","ContractLineItem__c","a03RB00001NswmBYAR","株式会社イーグランド_2025/06","商品マスタが未設定","Month=2025/06, Amount=11000","請求明細の商品・名称・金額から商品を確定する"
"Medium","商品不足","ContractLineItem__c","a03RB00001NswmCYAR","株式会社イーグランド_2025/07","商品マスタが未設定","Month=2025/07, Amount=11000","請求明細の商品・名称・金額から商品を確定する"
"Medium","商品不足","ContractLineItem__c","a03RB00001NswmDYAR","株式会社イーグランド_2025/08","商品マスタが未設定","Month=2025/08, Amount=11000","請求明細の商品・名称・金額から商品を確定する"
"Medium","商品不足","ContractLineItem__c","a03RB00001NswmEYAR","株式会社イーグランド_2025/09","商品マスタが未設定","Month=2025/09, Amount=11000","請求明細の商品・名称・金額から商品を確定する"
"Medium","商品不足","ContractLineItem__c","a03RB00001NswmFYAR","株式会社イーグランド_2025/10","商品マスタが未設定","Month=2025/10, Amount=11000","請求明細の商品・名称・金額から商品を確定する"
"Medium","商品不足","ContractLineItem__c","a03RB00001NswmGYAR","株式会社イーグランド_2025/11","商品マスタが未設定","Month=2025/11, Amount=11000","請求明細の商品・名称・金額から商品を確定する"
"Medium","商品不足","ContractLineItem__c","a03RB00001NswmHYAR","株式会社イーグランド_2025/12","商品マスタが未設定","Month=2025/12, Amount=11000","請求明細の商品・名称・金額から商品を確定する"
"Medium","商品不足","ContractLineItem__c","a03RB00001NswmIYAR","株式会社イーグランド_2026/01","商品マスタが未設定","Month=2026/01, Amount=11000","請求明細の商品・名称・金額から商品を確定する"
"Medium","商品不足","ContractLineItem__c","a03RB00001NswmJYAR","株式会社イーグランド_2026/02","商品マスタが未設定","Month=2026/02, Amount=11000","請求明細の商品・名称・金額から商品を確定する"
"Medium","商品不足","ContractLineItem__c","a03RB00001STmHiYAL","株式会社イーグランド_2026/08","商品マスタが未設定","Month=2026/08, Amount=11000","請求明細の商品・名称・金額から商品を確定する"
"Medium","商品不足","ContractLineItem__c","a03RB00001NswYrYAJ","株式会社イトーキ_2024/12","商品マスタが未設定","Month=2024/12, Amount=5000","請求明細の商品・名称・金額から商品を確定する"
"Medium","商品不足","ContractLineItem__c","a03RB00001NswYsYAJ","株式会社イトーキ_2025/01","商品マスタが未設定","Month=2025/01, Amount=5000","請求明細の商品・名称・金額から商品を確定する"
"Medium","商品不足","ContractLineItem__c","a03RB00001NswYtYAJ","株式会社イトーキ_2025/02","商品マスタが未設定","Month=2025/02, Amount=5000","請求明細の商品・名称・金額から商品を確定する"
"Medium","商品不足","ContractLineItem__c","a03RB00001NswYuYAJ","株式会社イトーキ_2025/03","商品マスタが未設定","Month=2025/03, Amount=5000","請求明細の商品・名称・金額から商品を確定する"
"Medium","商品不足","ContractLineItem__c","a03RB00001NswYvYAJ","株式会社イトーキ_2025/04","商品マスタが未設定","Month=2025/04, Amount=5000","請求明細の商品・名称・金額から商品を確定する"
"Medium","商品不足","ContractLineItem__c","a03RB00001NswYwYAJ","株式会社イトーキ_2025/05","商品マスタが未設定","Month=2025/05, Amount=5000","請求明細の商品・名称・金額から商品を確定する"
"Medium","商品不足","ContractLineItem__c","a03RB00001NswYxYAJ","株式会社イトーキ_2025/06","商品マスタが未設定","Month=2025/06, Amount=5000","請求明細の商品・名称・金額から商品を確定する"
"Medium","商品不足","ContractLineItem__c","a03RB00001NswYyYAJ","株式会社イトーキ_2025/07","商品マスタが未設定","Month=2025/07, Amount=5000","請求明細の商品・名称・金額から商品を確定する"
"Medium","商品不足","ContractLineItem__c","a03RB00001NswYzYAJ","株式会社イトーキ_2025/08","商品マスタが未設定","Month=2025/08, Amount=5000","請求明細の商品・名称・金額から商品を確定する"
"Medium","商品不足","ContractLineItem__c","a03RB00001NswZ0YAJ","株式会社イトーキ_2025/09","商品マスタが未設定","Month=2025/09, Amount=5000","請求明細の商品・名称・金額から商品を確定する"
"Medium","商品不足","ContractLineItem__c","a03RB00001NswZ1YAJ","株式会社イトーキ_2025/10","商品マスタが未設定","Month=2025/10, Amount=5000","請求明細の商品・名称・金額から商品を確定する"
"Medium","商品不足","ContractLineItem__c","a03RB00001NswZ2YAJ","株式会社イトーキ_2025/11","商品マスタが未設定","Month=2025/11, Amount=5000","請求明細の商品・名称・金額から商品を確定する"
"Medium","商品不足","ContractLineItem__c","a03RB00001NswZ3YAJ","株式会社イトーキ_2025/12","商品マスタが未設定","Month=2025/12, Amount=5000","請求明細の商品・名称・金額から商品を確定する"
"Medium","商品不足","ContractLineItem__c","a03RB00001NswoZYAR","株式会社エージェント_2025/02","商品マスタが未設定","Month=2025/02, Amount=11000","請求明細の商品・名称・金額から商品を確定する"
"Medium","商品不足","ContractLineItem__c","a03RB00001NswoaYAB","株式会社エージェント_2025/03","商品マスタが未設定","Month=2025/03, Amount=11000","請求明細の商品・名称・金額から商品を確定する"
"Medium","商品不足","ContractLineItem__c","a03RB00001NswobYAB","株式会社エージェント_2025/04","商品マスタが未設定","Month=2025/04, Amount=11000","請求明細の商品・名称・金額から商品を確定する"
"Medium","商品不足","ContractLineItem__c","a03RB00001NswocYAB","株式会社エージェント_2025/05","商品マスタが未設定","Month=2025/05, Amount=11000","請求明細の商品・名称・金額から商品を確定する"
"Medium","商品不足","ContractLineItem__c","a03RB00001NswodYAB","株式会社エージェント_2025/06","商品マスタが未設定","Month=2025/06, Amount=11000","請求明細の商品・名称・金額から商品を確定する"
"Medium","商品不足","ContractLineItem__c","a03RB00001NswoeYAB","株式会社エージェント_2025/07","商品マスタが未設定","Month=2025/07, Amount=11000","請求明細の商品・名称・金額から商品を確定する"
"Medium","商品不足","ContractLineItem__c","a03RB00001NswofYAB","株式会社エージェント_2025/08","商品マスタが未設定","Month=2025/08, Amount=11000","請求明細の商品・名称・金額から商品を確定する"
"Medium","商品不足","ContractLineItem__c","a03RB00001NswogYAB","株式会社エージェント_2025/09","商品マスタが未設定","Month=2025/09, Amount=11000","請求明細の商品・名称・金額から商品を確定する"
"Medium","商品不足","ContractLineItem__c","a03RB00001NswohYAB","株式会社エージェント_2025/10","商品マスタが未設定","Month=2025/10, Amount=11000","請求明細の商品・名称・金額から商品を確定する"
"Medium","商品不足","ContractLineItem__c","a03RB00001NswoiYAB","株式会社エージェント_2025/11","商品マスタが未設定","Month=2025/11, Amount=11000","請求明細の商品・名称・金額から商品を確定する"
"Medium","商品不足","ContractLineItem__c","a03RB00001NswojYAB","株式会社エージェント_2025/12","商品マスタが未設定","Month=2025/12, Amount=11000","請求明細の商品・名称・金額から商品を確定する"
"Medium","商品不足","ContractLineItem__c","a03RB00001NswokYAB","株式会社エージェント_2026/01","商品マスタが未設定","Month=2026/01, Amount=11000","請求明細の商品・名称・金額から商品を確定する"
"Medium","商品不足","ContractLineItem__c","a03RB00001NswolYAB","株式会社エージェント_2026/02","商品マスタが未設定","Month=2026/02, Amount=11000","請求明細の商品・名称・金額から商品を確定する"
"Medium","商品不足","ContractLineItem__c","a03RB00001STmHmYAL","株式会社エージェント_2026/08","商品マスタが未設定","Month=2026/08, Amount=11000","請求明細の商品・名称・金額から商品を確定する"
"Medium","商品不足","ContractLineItem__c","a03RB00001NswZdYAJ","株式会社オリバー_2025/01","商品マスタが未設定","Month=2025/01, Amount=","請求明細の商品・名称・金額から商品を確定する"
"Medium","商品不足","ContractLineItem__c","a03RB00001NswZeYAJ","株式会社オリバー_2025/02","商品マスタが未設定","Month=2025/02, Amount=138600","請求明細の商品・名称・金額から商品を確定する"
"Medium","商品不足","ContractLineItem__c","a03RB00001NswZfYAJ","株式会社オリバー_2025/03","商品マスタが未設定","Month=2025/03, Amount=","請求明細の商品・名称・金額から商品を確定する"
"Medium","商品不足","ContractLineItem__c","a03RB00001NswZgYAJ","株式会社オリバー_2025/04","商品マスタが未設定","Month=2025/04, Amount=","請求明細の商品・名称・金額から商品を確定する"
"Medium","商品不足","ContractLineItem__c","a03RB00001NswZhYAJ","株式会社オリバー_2025/05","商品マスタが未設定","Month=2025/05, Amount=","請求明細の商品・名称・金額から商品を確定する"
"Medium","商品不足","ContractLineItem__c","a03RB00001NswZiYAJ","株式会社オリバー_2025/06","商品マスタが未設定","Month=2025/06, Amount=","請求明細の商品・名称・金額から商品を確定する"
"Medium","商品不足","ContractLineItem__c","a03RB00001NswZjYAJ","株式会社オリバー_2025/07","商品マスタが未設定","Month=2025/07, Amount=","請求明細の商品・名称・金額から商品を確定する"
"Medium","商品不足","ContractLineItem__c","a03RB00001NswraYAB","株式会社グローバルセンター_2025/08","商品マスタが未設定","Month=2025/08, Amount=11000","請求明細の商品・名称・金額から商品を確定する"
"Medium","商品不足","ContractLineItem__c","a03RB00001NswrbYAB","株式会社グローバルセンター_2025/09","商品マスタが未設定","Month=2025/09, Amount=11000","請求明細の商品・名称・金額から商品を確定する"
"Medium","商品不足","ContractLineItem__c","a03RB00001NswrcYAB","株式会社グローバルセンター_2025/10","商品マスタが未設定","Month=2025/10, Amount=11000","請求明細の商品・名称・金額から商品を確定する"
"Medium","商品不足","ContractLineItem__c","a03RB00001Nswf8YAB","株式会社コスモスイニシア デジタル推進部門_2025/10","商品マスタが未設定","Month=2025/10, Amount=100000","請求明細の商品・名称・金額から商品を確定する"
"Medium","商品不足","ContractLineItem__c","a03RB00001Nswf9YAB","株式会社コスモスイニシア デジタル推進部門_2025/11","商品マスタが未設定","Month=2025/11, Amount=100000","請求明細の商品・名称・金額から商品を確定する"
"Medium","商品不足","ContractLineItem__c","a03RB00001NswfAYAR","株式会社コスモスイニシア デジタル推進部門_2025/12","商品マスタが未設定","Month=2025/12, Amount=100000","請求明細の商品・名称・金額から商品を確定する"
"Medium","商品不足","ContractLineItem__c","a03RB00001NswfBYAR","株式会社コスモスイニシア デジタル推進部門_2026/01","商品マスタが未設定","Month=2026/01, Amount=100000","請求明細の商品・名称・金額から商品を確定する"
"Medium","商品不足","ContractLineItem__c","a03RB00001NswfCYAR","株式会社コスモスイニシア デジタル推進部門_2026/02","商品マスタが未設定","Month=2026/02, Amount=100000","請求明細の商品・名称・金額から商品を確定する"
"Medium","商品不足","ContractLineItem__c","a03RB00001NswfDYAR","株式会社コスモスイニシア デジタル推進部門_2026/03","商品マスタが未設定","Month=2026/03, Amount=100000","請求明細の商品・名称・金額から商品を確定する"
"Medium","商品不足","ContractLineItem__c","a03RB00001NswfWYAR","株式会社コスモスイニシア 建築本部(セキュリティオプション年払い）_2026/04","商品マスタが未設定","Month=2026/04, Amount=70000","請求明細の商品・名称・金額から商品を確定する"
"Medium","商品不足","ContractLineItem__c","a03RB00001NswfXYAR","株式会社コスモスイニシア 建築本部(セキュリティオプション年払い）_2026/05","商品マスタが未設定","Month=2026/05, Amount=70000","請求明細の商品・名称・金額から商品を確定する"
"Medium","商品不足","ContractLineItem__c","a03RB00001NswfYYAR","株式会社コスモスイニシア 建築本部(セキュリティオプション年払い）_2026/06","商品マスタが未設定","Month=2026/06, Amount=70000","請求明細の商品・名称・金額から商品を確定する"
"Medium","商品不足","ContractLineItem__c","a03RB00001NswfZYAR","株式会社コスモスイニシア 建築本部(セキュリティオプション年払い）_2026/07","商品マスタが未設定","Month=2026/07, Amount=70000","請求明細の商品・名称・金額から商品を確定する"
"Medium","商品不足","ContractLineItem__c","a03RB00001NswfaYAB","株式会社コスモスイニシア 建築本部(セキュリティオプション年払い）_2026/08","商品マスタが未設定","Month=2026/08, Amount=70000","請求明細の商品・名称・金額から商品を確定する"
"Medium","商品不足","ContractLineItem__c","a03RB00001NswfbYAB","株式会社コスモスイニシア 建築本部(セキュリティオプション年払い）_2026/09","商品マスタが未設定","Month=2026/09, Amount=70000","請求明細の商品・名称・金額から商品を確定する"
"Medium","商品不足","ContractLineItem__c","a03RB00001NswfcYAB","株式会社コスモスイニシア 建築本部(セキュリティオプション年払い）_2026/10","商品マスタが未設定","Month=2026/10, Amount=70000","請求明細の商品・名称・金額から商品を確定する"
"Medium","商品不足","ContractLineItem__c","a03RB00001NswfdYAB","株式会社コスモスイニシア 建築本部(セキュリティオプション年払い）_2026/11","商品マスタが未設定","Month=2026/11, Amount=70000","請求明細の商品・名称・金額から商品を確定する"
"Medium","商品不足","ContractLineItem__c","a03RB00001NswfeYAB","株式会社コスモスイニシア 建築本部(セキュリティオプション年払い）_2026/12","商品マスタが未設定","Month=2026/12, Amount=70000","請求明細の商品・名称・金額から商品を確定する"
"Medium","商品不足","ContractLineItem__c","a03RB00001NswffYAB","株式会社コスモスイニシア 建築本部(セキュリティオプション年払い）_2027/01","商品マスタが未設定","Month=2027/01, Amount=70000","請求明細の商品・名称・金額から商品を確定する"
"Medium","商品不足","ContractLineItem__c","a03RB00001NswfgYAB","株式会社コスモスイニシア 建築本部(セキュリティオプション年払い）_2027/02","商品マスタが未設定","Month=2027/02, Amount=70000","請求明細の商品・名称・金額から商品を確定する"
"Medium","商品不足","ContractLineItem__c","a03RB00001NswfhYAB","株式会社コスモスイニシア 建築本部(セキュリティオプション年払い）_2027/03","商品マスタが未設定","Month=2027/03, Amount=70000","請求明細の商品・名称・金額から商品を確定する"
"Medium","商品不足","ContractLineItem__c","a03RB00001NswfEYAR","株式会社コスモスイニシア 建築本部_2025/10","商品マスタが未設定","Month=2025/10, Amount=77000","請求明細の商品・名称・金額から商品を確定する"
"Medium","商品不足","ContractLineItem__c","a03RB00001NswfFYAR","株式会社コスモスイニシア 建築本部_2025/11","商品マスタが未設定","Month=2025/11, Amount=77000","請求明細の商品・名称・金額から商品を確定する"
"Medium","商品不足","ContractLineItem__c","a03RB00001NswfGYAR","株式会社コスモスイニシア 建築本部_2025/12","商品マスタが未設定","Month=2025/12, Amount=77000","請求明細の商品・名称・金額から商品を確定する"
"Medium","商品不足","ContractLineItem__c","a03RB00001NswfHYAR","株式会社コスモスイニシア 建築本部_2026/01","商品マスタが未設定","Month=2026/01, Amount=77000","請求明細の商品・名称・金額から商品を確定する"
"Medium","商品不足","ContractLineItem__c","a03RB00001NswfIYAR","株式会社コスモスイニシア 建築本部_2026/02","商品マスタが未設定","Month=2026/02, Amount=77000","請求明細の商品・名称・金額から商品を確定する"
"Medium","商品不足","ContractLineItem__c","a03RB00001NswfJYAR","株式会社コスモスイニシア 建築本部_2026/03","商品マスタが未設定","Month=2026/03, Amount=77000","請求明細の商品・名称・金額から商品を確定する"
"Medium","商品不足","ContractLineItem__c","a03RB00001NswfKYAR","株式会社コスモスイニシア 建築本部_2026/04","商品マスタが未設定","Month=2026/04, Amount=98000","請求明細の商品・名称・金額から商品を確定する"
"Medium","商品不足","ContractLineItem__c","a03RB00001NswfLYAR","株式会社コスモスイニシア 建築本部_2026/05","商品マスタが未設定","Month=2026/05, Amount=98000","請求明細の商品・名称・金額から商品を確定する"
"Medium","商品不足","ContractLineItem__c","a03RB00001NswfMYAR","株式会社コスモスイニシア 建築本部_2026/06","商品マスタが未設定","Month=2026/06, Amount=98000","請求明細の商品・名称・金額から商品を確定する"
"Medium","商品不足","ContractLineItem__c","a03RB00001NswfNYAR","株式会社コスモスイニシア 建築本部_2026/07","商品マスタが未設定","Month=2026/07, Amount=98000","請求明細の商品・名称・金額から商品を確定する"
"Medium","商品不足","ContractLineItem__c","a03RB00001NswfOYAR","株式会社コスモスイニシア 建築本部_2026/08","商品マスタが未設定","Month=2026/08, Amount=98000","請求明細の商品・名称・金額から商品を確定する"
"Medium","商品不足","ContractLineItem__c","a03RB00001NswfPYAR","株式会社コスモスイニシア 建築本部_2026/09","商品マスタが未設定","Month=2026/09, Amount=98000","請求明細の商品・名称・金額から商品を確定する"
"Medium","商品不足","ContractLineItem__c","a03RB00001NswfQYAR","株式会社コスモスイニシア 建築本部_2026/10","商品マスタが未設定","Month=2026/10, Amount=98000","請求明細の商品・名称・金額から商品を確定する"
"Medium","商品不足","ContractLineItem__c","a03RB00001NswfRYAR","株式会社コスモスイニシア 建築本部_2026/11","商品マスタが未設定","Month=2026/11, Amount=98000","請求明細の商品・名称・金額から商品を確定する"
"Medium","商品不足","ContractLineItem__c","a03RB00001NswfSYAR","株式会社コスモスイニシア 建築本部_2026/12","商品マスタが未設定","Month=2026/12, Amount=98000","請求明細の商品・名称・金額から商品を確定する"
"Medium","商品不足","ContractLineItem__c","a03RB00001NswfTYAR","株式会社コスモスイニシア 建築本部_2027/01","商品マスタが未設定","Month=2027/01, Amount=98000","請求明細の商品・名称・金額から商品を確定する"
"Medium","商品不足","ContractLineItem__c","a03RB00001NswfUYAR","株式会社コスモスイニシア 建築本部_2027/02","商品マスタが未設定","Month=2027/02, Amount=98000","請求明細の商品・名称・金額から商品を確定する"
"Medium","商品不足","ContractLineItem__c","a03RB00001NswfVYAR","株式会社コスモスイニシア 建築本部_2027/03","商品マスタが未設定","Month=2027/03, Amount=98000","請求明細の商品・名称・金額から商品を確定する"
"Medium","商品不足","ContractLineItem__c","a03RB00001NswfiYAB","株式会社コスモスイニシア 事業本部（流通事業）_2025/10","商品マスタが未設定","Month=2025/10, Amount=33000","請求明細の商品・名称・金額から商品を確定する"
"Medium","商品不足","ContractLineItem__c","a03RB00001NswfjYAB","株式会社コスモスイニシア 事業本部（流通事業）_2025/11","商品マスタが未設定","Month=2025/11, Amount=33000","請求明細の商品・名称・金額から商品を確定する"
"Medium","商品不足","ContractLineItem__c","a03RB00001NswfkYAB","株式会社コスモスイニシア 事業本部（流通事業）_2025/12","商品マスタが未設定","Month=2025/12, Amount=33000","請求明細の商品・名称・金額から商品を確定する"
"Medium","商品不足","ContractLineItem__c","a03RB00001NswflYAB","株式会社コスモスイニシア 事業本部（流通事業）_2026/01","商品マスタが未設定","Month=2026/01, Amount=33000","請求明細の商品・名称・金額から商品を確定する"
"Medium","商品不足","ContractLineItem__c","a03RB00001NswfmYAB","株式会社コスモスイニシア 事業本部（流通事業）_2026/02","商品マスタが未設定","Month=2026/02, Amount=33000","請求明細の商品・名称・金額から商品を確定する"
"Medium","商品不足","ContractLineItem__c","a03RB00001NswfnYAB","株式会社コスモスイニシア 事業本部（流通事業）_2026/03","商品マスタが未設定","Month=2026/03, Amount=33000","請求明細の商品・名称・金額から商品を確定する"
"Medium","商品不足","ContractLineItem__c","a03RB00001NswfoYAB","株式会社コスモスイニシア 事業本部（流通事業）_2026/04","商品マスタが未設定","Month=2026/04, Amount=42000","請求明細の商品・名称・金額から商品を確定する"
"Medium","商品不足","ContractLineItem__c","a03RB00001NswfpYAB","株式会社コスモスイニシア 事業本部（流通事業）_2026/05","商品マスタが未設定","Month=2026/05, Amount=42000","請求明細の商品・名称・金額から商品を確定する"
"Medium","商品不足","ContractLineItem__c","a03RB00001NswfqYAB","株式会社コスモスイニシア 事業本部（流通事業）_2026/06","商品マスタが未設定","Month=2026/06, Amount=42000","請求明細の商品・名称・金額から商品を確定する"
"Medium","商品不足","ContractLineItem__c","a03RB00001NswfrYAB","株式会社コスモスイニシア 事業本部（流通事業）_2026/07","商品マスタが未設定","Month=2026/07, Amount=42000","請求明細の商品・名称・金額から商品を確定する"
"Medium","商品不足","ContractLineItem__c","a03RB00001NswfsYAB","株式会社コスモスイニシア 事業本部（流通事業）_2026/08","商品マスタが未設定","Month=2026/08, Amount=42000","請求明細の商品・名称・金額から商品を確定する"
"Medium","商品不足","ContractLineItem__c","a03RB00001NswftYAB","株式会社コスモスイニシア 事業本部（流通事業）_2026/09","商品マスタが未設定","Month=2026/09, Amount=42000","請求明細の商品・名称・金額から商品を確定する"
"Medium","商品不足","ContractLineItem__c","a03RB00001NswfuYAB","株式会社コスモスイニシア 事業本部（流通事業）_2026/10","商品マスタが未設定","Month=2026/10, Amount=42000","請求明細の商品・名称・金額から商品を確定する"
"Medium","商品不足","ContractLineItem__c","a03RB00001NswfvYAB","株式会社コスモスイニシア 事業本部（流通事業）_2026/11","商品マスタが未設定","Month=2026/11, Amount=42000","請求明細の商品・名称・金額から商品を確定する"
"Medium","商品不足","ContractLineItem__c","a03RB00001NswfwYAB","株式会社コスモスイニシア 事業本部（流通事業）_2026/12","商品マスタが未設定","Month=2026/12, Amount=42000","請求明細の商品・名称・金額から商品を確定する"
"Medium","商品不足","ContractLineItem__c","a03RB00001NswfxYAB","株式会社コスモスイニシア 事業本部（流通事業）_2027/01","商品マスタが未設定","Month=2027/01, Amount=42000","請求明細の商品・名称・金額から商品を確定する"
"Medium","商品不足","ContractLineItem__c","a03RB00001NswfyYAB","株式会社コスモスイニシア 事業本部（流通事業）_2027/02","商品マスタが未設定","Month=2027/02, Amount=42000","請求明細の商品・名称・金額から商品を確定する"
"Medium","商品不足","ContractLineItem__c","a03RB00001NswfzYAB","株式会社コスモスイニシア 事業本部（流通事業）_2027/03","商品マスタが未設定","Month=2027/03, Amount=42000","請求明細の商品・名称・金額から商品を確定する"
"Medium","商品不足","ContractLineItem__c","a03RB00001Nswg0YAB","株式会社コスモスイニシア 流通事業部(セキュリティオプション年払い）_2026/04","商品マスタが未設定","Month=2026/04, Amount=30000","請求明細の商品・名称・金額から商品を確定する"
"Medium","商品不足","ContractLineItem__c","a03RB00001Nswg1YAB","株式会社コスモスイニシア 流通事業部(セキュリティオプション年払い）_2026/05","商品マスタが未設定","Month=2026/05, Amount=30000","請求明細の商品・名称・金額から商品を確定する"
"Medium","商品不足","ContractLineItem__c","a03RB00001Nswg2YAB","株式会社コスモスイニシア 流通事業部(セキュリティオプション年払い）_2026/06","商品マスタが未設定","Month=2026/06, Amount=30000","請求明細の商品・名称・金額から商品を確定する"
"Medium","商品不足","ContractLineItem__c","a03RB00001Nswg3YAB","株式会社コスモスイニシア 流通事業部(セキュリティオプション年払い）_2026/07","商品マスタが未設定","Month=2026/07, Amount=30000","請求明細の商品・名称・金額から商品を確定する"
"Medium","商品不足","ContractLineItem__c","a03RB00001Nswg4YAB","株式会社コスモスイニシア 流通事業部(セキュリティオプション年払い）_2026/08","商品マスタが未設定","Month=2026/08, Amount=30000","請求明細の商品・名称・金額から商品を確定する"
"Medium","商品不足","ContractLineItem__c","a03RB00001Nswg5YAB","株式会社コスモスイニシア 流通事業部(セキュリティオプション年払い）_2026/09","商品マスタが未設定","Month=2026/09, Amount=30000","請求明細の商品・名称・金額から商品を確定する"
"Medium","商品不足","ContractLineItem__c","a03RB00001Nswg6YAB","株式会社コスモスイニシア 流通事業部(セキュリティオプション年払い）_2026/10","商品マスタが未設定","Month=2026/10, Amount=30000","請求明細の商品・名称・金額から商品を確定する"
"Medium","商品不足","ContractLineItem__c","a03RB00001Nswg7YAB","株式会社コスモスイニシア 流通事業部(セキュリティオプション年払い）_2026/11","商品マスタが未設定","Month=2026/11, Amount=30000","請求明細の商品・名称・金額から商品を確定する"
"Medium","商品不足","ContractLineItem__c","a03RB00001Nswg8YAB","株式会社コスモスイニシア 流通事業部(セキュリティオプション年払い）_2026/12","商品マスタが未設定","Month=2026/12, Amount=30000","請求明細の商品・名称・金額から商品を確定する"
"Medium","商品不足","ContractLineItem__c","a03RB00001Nswg9YAB","株式会社コスモスイニシア 流通事業部(セキュリティオプション年払い）_2027/01","商品マスタが未設定","Month=2027/01, Amount=30000","請求明細の商品・名称・金額から商品を確定する"
"Medium","商品不足","ContractLineItem__c","a03RB00001NswgAYAR","株式会社コスモスイニシア 流通事業部(セキュリティオプション年払い）_2027/02","商品マスタが未設定","Month=2027/02, Amount=30000","請求明細の商品・名称・金額から商品を確定する"
"Medium","商品不足","ContractLineItem__c","a03RB00001NswgBYAR","株式会社コスモスイニシア 流通事業部(セキュリティオプション年払い）_2027/03","商品マスタが未設定","Month=2027/03, Amount=30000","請求明細の商品・名称・金額から商品を確定する"
"Medium","商品不足","ContractLineItem__c","a03RB00001NswjCYAR","株式会社サンケイビル_2026/04","商品マスタが未設定","Month=2026/04, Amount=70000","請求明細の商品・名称・金額から商品を確定する"
"Medium","商品不足","ContractLineItem__c","a03RB00001NswjDYAR","株式会社サンケイビル_2026/05","商品マスタが未設定","Month=2026/05, Amount=70000","請求明細の商品・名称・金額から商品を確定する"
"Medium","商品不足","ContractLineItem__c","a03RB00001NswjEYAR","株式会社サンケイビル_2026/06","商品マスタが未設定","Month=2026/06, Amount=70000","請求明細の商品・名称・金額から商品を確定する"
"Medium","商品不足","ContractLineItem__c","a03RB00001NswjFYAR","株式会社サンケイビル_2026/07","商品マスタが未設定","Month=2026/07, Amount=70000","請求明細の商品・名称・金額から商品を確定する"
"Medium","商品不足","ContractLineItem__c","a03RB00001NswjGYAR","株式会社サンケイビル_2026/08","商品マスタが未設定","Month=2026/08, Amount=70000","請求明細の商品・名称・金額から商品を確定する"
"Medium","商品不足","ContractLineItem__c","a03RB00001NswjHYAR","株式会社サンケイビル_2026/09","商品マスタが未設定","Month=2026/09, Amount=70000","請求明細の商品・名称・金額から商品を確定する"
"Medium","商品不足","ContractLineItem__c","a03RB00001NswjIYAR","株式会社サンケイビル_2026/10","商品マスタが未設定","Month=2026/10, Amount=70000","請求明細の商品・名称・金額から商品を確定する"
"Medium","商品不足","ContractLineItem__c","a03RB00001NswjJYAR","株式会社サンケイビル_2026/11","商品マスタが未設定","Month=2026/11, Amount=70000","請求明細の商品・名称・金額から商品を確定する"
"Medium","商品不足","ContractLineItem__c","a03RB00001NswjKYAR","株式会社サンケイビル_2026/12","商品マスタが未設定","Month=2026/12, Amount=70000","請求明細の商品・名称・金額から商品を確定する"
"Medium","商品不足","ContractLineItem__c","a03RB00001NswjLYAR","株式会社サンケイビル_2027/01","商品マスタが未設定","Month=2027/01, Amount=70000","請求明細の商品・名称・金額から商品を確定する"
"Medium","商品不足","ContractLineItem__c","a03RB00001NswjMYAR","株式会社サンケイビル_2027/02","商品マスタが未設定","Month=2027/02, Amount=70000","請求明細の商品・名称・金額から商品を確定する"
"Medium","商品不足","ContractLineItem__c","a03RB00001NswjNYAR","株式会社サンケイビル_2027/03","商品マスタが未設定","Month=2027/03, Amount=70000","請求明細の商品・名称・金額から商品を確定する"
"Medium","商品不足","ContractLineItem__c","a03RB00001Nswq2YAB","株式会社サンホームズ_2025/04","商品マスタが未設定","Month=2025/04, Amount=11000","請求明細の商品・名称・金額から商品を確定する"
"Medium","商品不足","ContractLineItem__c","a03RB00001Nswq3YAB","株式会社サンホームズ_2025/05","商品マスタが未設定","Month=2025/05, Amount=11000","請求明細の商品・名称・金額から商品を確定する"
"Medium","商品不足","ContractLineItem__c","a03RB00001Nswq4YAB","株式会社サンホームズ_2025/06","商品マスタが未設定","Month=2025/06, Amount=11000","請求明細の商品・名称・金額から商品を確定する"
"Medium","商品不足","ContractLineItem__c","a03RB00001Nswq5YAB","株式会社サンホームズ_2025/07","商品マスタが未設定","Month=2025/07, Amount=11000","請求明細の商品・名称・金額から商品を確定する"
"Medium","商品不足","ContractLineItem__c","a03RB00001Nswq6YAB","株式会社サンホームズ_2025/08","商品マスタが未設定","Month=2025/08, Amount=11000","請求明細の商品・名称・金額から商品を確定する"
"Medium","商品不足","ContractLineItem__c","a03RB00001Nswq7YAB","株式会社サンホームズ_2025/09","商品マスタが未設定","Month=2025/09, Amount=11000","請求明細の商品・名称・金額から商品を確定する"
"Medium","商品不足","ContractLineItem__c","a03RB00001Nswq8YAB","株式会社サンホームズ_2025/10","商品マスタが未設定","Month=2025/10, Amount=11000","請求明細の商品・名称・金額から商品を確定する"
"Medium","商品不足","ContractLineItem__c","a03RB00001Nswq9YAB","株式会社サンホームズ_2025/11","商品マスタが未設定","Month=2025/11, Amount=11000","請求明細の商品・名称・金額から商品を確定する"
"Medium","商品不足","ContractLineItem__c","a03RB00001NswqAYAR","株式会社サンホームズ_2025/12","商品マスタが未設定","Month=2025/12, Amount=11000","請求明細の商品・名称・金額から商品を確定する"
"Medium","商品不足","ContractLineItem__c","a03RB00001NswnmYAB","株式会社シアーズホーム(旧：株式会社サンタ不動産）_2025/02","商品マスタが未設定","Month=2025/02, Amount=11000","請求明細の商品・名称・金額から商品を確定する"
"Medium","商品不足","ContractLineItem__c","a03RB00001NswnnYAB","株式会社シアーズホーム(旧：株式会社サンタ不動産）_2025/03","商品マスタが未設定","Month=2025/03, Amount=11000","請求明細の商品・名称・金額から商品を確定する"
"Medium","商品不足","ContractLineItem__c","a03RB00001NswnoYAB","株式会社シアーズホーム(旧：株式会社サンタ不動産）_2025/04","商品マスタが未設定","Month=2025/04, Amount=11000","請求明細の商品・名称・金額から商品を確定する"
"Medium","商品不足","ContractLineItem__c","a03RB00001NswnpYAB","株式会社シアーズホーム(旧：株式会社サンタ不動産）_2025/05","商品マスタが未設定","Month=2025/05, Amount=11000","請求明細の商品・名称・金額から商品を確定する"
"Medium","商品不足","ContractLineItem__c","a03RB00001NswnqYAB","株式会社シアーズホーム(旧：株式会社サンタ不動産）_2025/06","商品マスタが未設定","Month=2025/06, Amount=11000","請求明細の商品・名称・金額から商品を確定する"
"Medium","商品不足","ContractLineItem__c","a03RB00001NswnrYAB","株式会社シアーズホーム(旧：株式会社サンタ不動産）_2025/07","商品マスタが未設定","Month=2025/07, Amount=11000","請求明細の商品・名称・金額から商品を確定する"
"Medium","商品不足","ContractLineItem__c","a03RB00001NswnsYAB","株式会社シアーズホーム(旧：株式会社サンタ不動産）_2025/08","商品マスタが未設定","Month=2025/08, Amount=11000","請求明細の商品・名称・金額から商品を確定する"
"Medium","商品不足","ContractLineItem__c","a03RB00001NswntYAB","株式会社シアーズホーム(旧：株式会社サンタ不動産）_2025/09","商品マスタが未設定","Month=2025/09, Amount=11000","請求明細の商品・名称・金額から商品を確定する"
"Medium","商品不足","ContractLineItem__c","a03RB00001NswnuYAB","株式会社シアーズホーム(旧：株式会社サンタ不動産）_2025/10","商品マスタが未設定","Month=2025/10, Amount=11000","請求明細の商品・名称・金額から商品を確定する"
"Medium","商品不足","ContractLineItem__c","a03RB00001NswnvYAB","株式会社シアーズホーム(旧：株式会社サンタ不動産）_2025/11","商品マスタが未設定","Month=2025/11, Amount=11000","請求明細の商品・名称・金額から商品を確定する"
"Medium","商品不足","ContractLineItem__c","a03RB00001NswnwYAB","株式会社シアーズホーム(旧：株式会社サンタ不動産）_2025/12","商品マスタが未設定","Month=2025/12, Amount=11000","請求明細の商品・名称・金額から商品を確定する"
"Medium","商品不足","ContractLineItem__c","a03RB00001NswnxYAB","株式会社シアーズホーム(旧：株式会社サンタ不動産）_2026/01","商品マスタが未設定","Month=2026/01, Amount=11000","請求明細の商品・名称・金額から商品を確定する"
"Medium","商品不足","ContractLineItem__c","a03RB00001NswnyYAB","株式会社シアーズホーム(旧：株式会社サンタ不動産）_2026/02","商品マスタが未設定","Month=2026/02, Amount=11000","請求明細の商品・名称・金額から商品を確定する"
"Medium","商品不足","ContractLineItem__c","a03RB00001NswnzYAB","株式会社シアーズホーム(旧：株式会社サンタ不動産）_2026/03","商品マスタが未設定","Month=2026/03, Amount=11000","請求明細の商品・名称・金額から商品を確定する"
"Medium","商品不足","ContractLineItem__c","a03RB00001NswckYAB","株式会社ジョイフル本田_2025/05","商品マスタが未設定","Month=2025/05, Amount=55000","請求明細の商品・名称・金額から商品を確定する"
"Medium","商品不足","ContractLineItem__c","a03RB00001NswclYAB","株式会社ジョイフル本田_2025/06","商品マスタが未設定","Month=2025/06, Amount=55000","請求明細の商品・名称・金額から商品を確定する"
"Medium","商品不足","ContractLineItem__c","a03RB00001NswcmYAB","株式会社ジョイフル本田_2025/07","商品マスタが未設定","Month=2025/07, Amount=55000","請求明細の商品・名称・金額から商品を確定する"
"Medium","商品不足","ContractLineItem__c","a03RB00001NswcnYAB","株式会社ジョイフル本田_2025/08","商品マスタが未設定","Month=2025/08, Amount=55000","請求明細の商品・名称・金額から商品を確定する"
"Medium","商品不足","ContractLineItem__c","a03RB00001NswcoYAB","株式会社ジョイフル本田_2025/09","商品マスタが未設定","Month=2025/09, Amount=55000","請求明細の商品・名称・金額から商品を確定する"
"Medium","商品不足","ContractLineItem__c","a03RB00001NswcpYAB","株式会社ジョイフル本田_2025/10","商品マスタが未設定","Month=2025/10, Amount=55000","請求明細の商品・名称・金額から商品を確定する"
"Medium","商品不足","ContractLineItem__c","a03RB00001NswcqYAB","株式会社ジョイフル本田_2025/11","商品マスタが未設定","Month=2025/11, Amount=55000","請求明細の商品・名称・金額から商品を確定する"
"Medium","商品不足","ContractLineItem__c","a03RB00001NswcrYAB","株式会社ジョイフル本田_2025/12","商品マスタが未設定","Month=2025/12, Amount=55000","請求明細の商品・名称・金額から商品を確定する"
"Medium","商品不足","ContractLineItem__c","a03RB00001NswcsYAB","株式会社ジョイフル本田_2026/01","商品マスタが未設定","Month=2026/01, Amount=55000","請求明細の商品・名称・金額から商品を確定する"
"Medium","商品不足","ContractLineItem__c","a03RB00001NswctYAB","株式会社ジョイフル本田_2026/02","商品マスタが未設定","Month=2026/02, Amount=55000","請求明細の商品・名称・金額から商品を確定する"
"Medium","商品不足","ContractLineItem__c","a03RB00001NswcuYAB","株式会社ジョイフル本田_2026/03","商品マスタが未設定","Month=2026/03, Amount=55000","請求明細の商品・名称・金額から商品を確定する"
"Medium","商品不足","ContractLineItem__c","a03RB00001NswcvYAB","株式会社ジョイフル本田_2026/04","商品マスタが未設定","Month=2026/04, Amount=55000","請求明細の商品・名称・金額から商品を確定する"
"Medium","商品不足","ContractLineItem__c","a03RB00001NswcwYAB","株式会社ジョイフル本田_2026/05","商品マスタが未設定","Month=2026/05, Amount=55000","請求明細の商品・名称・金額から商品を確定する"
"Medium","商品不足","ContractLineItem__c","a03RB00001NswkaYAB","株式会社デザインアーク 東京本店 東京スペースソリューション第１営業所_2026/06","商品マスタが未設定","Month=2026/06, Amount=30000","請求明細の商品・名称・金額から商品を確定する"
"Medium","商品不足","ContractLineItem__c","a03RB00001RcACKYA3","株式会社デザインアーク　東京本店　東京スペースソリューション第１営業所_2026/07","商品マスタが未設定","Month=2026/07, Amount=30000","請求明細の商品・名称・金額から商品を確定する"
"Medium","商品不足","ContractLineItem__c","a03RB00001STmHeYAL","株式会社デザインアーク　東京本店　東京スペースソリューション第１営業所_2026/08","商品マスタが未設定","Month=2026/08, Amount=30000","請求明細の商品・名称・金額から商品を確定する"
"Medium","商品不足","ContractLineItem__c","a03RB00001NswirYAB","株式会社トーケン_2026/03","商品マスタが未設定","Month=2026/03, Amount=80000","請求明細の商品・名称・金額から商品を確定する"
"Medium","商品不足","ContractLineItem__c","a03RB00001NswisYAB","株式会社トーケン_2026/04","商品マスタが未設定","Month=2026/04, Amount=80000","請求明細の商品・名称・金額から商品を確定する"
"Medium","商品不足","ContractLineItem__c","a03RB00001NswitYAB","株式会社トーケン_2026/05","商品マスタが未設定","Month=2026/05, Amount=80000","請求明細の商品・名称・金額から商品を確定する"
"Medium","商品不足","ContractLineItem__c","a03RB00001NswiuYAB","株式会社トーケン_2026/06","商品マスタが未設定","Month=2026/06, Amount=80000","請求明細の商品・名称・金額から商品を確定する"
"Medium","商品不足","ContractLineItem__c","a03RB00001NswivYAB","株式会社トーケン_2026/07","商品マスタが未設定","Month=2026/07, Amount=80000","請求明細の商品・名称・金額から商品を確定する"
"Medium","商品不足","ContractLineItem__c","a03RB00001NswiwYAB","株式会社トーケン_2026/08","商品マスタが未設定","Month=2026/08, Amount=80000","請求明細の商品・名称・金額から商品を確定する"
"Medium","商品不足","ContractLineItem__c","a03RB00001NswixYAB","株式会社トーケン_2026/09","商品マスタが未設定","Month=2026/09, Amount=80000","請求明細の商品・名称・金額から商品を確定する"
"Medium","商品不足","ContractLineItem__c","a03RB00001NswiyYAB","株式会社トーケン_2026/10","商品マスタが未設定","Month=2026/10, Amount=80000","請求明細の商品・名称・金額から商品を確定する"
"Medium","商品不足","ContractLineItem__c","a03RB00001NswizYAB","株式会社トーケン_2026/11","商品マスタが未設定","Month=2026/11, Amount=80000","請求明細の商品・名称・金額から商品を確定する"
"Medium","商品不足","ContractLineItem__c","a03RB00001Nswj0YAB","株式会社トーケン_2026/12","商品マスタが未設定","Month=2026/12, Amount=80000","請求明細の商品・名称・金額から商品を確定する"
"Medium","商品不足","ContractLineItem__c","a03RB00001Nswj1YAB","株式会社トーケン_2027/01","商品マスタが未設定","Month=2027/01, Amount=80000","請求明細の商品・名称・金額から商品を確定する"
"Medium","商品不足","ContractLineItem__c","a03RB00001Nswj2YAB","株式会社トーケン_2027/02","商品マスタが未設定","Month=2027/02, Amount=80000","請求明細の商品・名称・金額から商品を確定する"
"Medium","商品不足","ContractLineItem__c","a03RB00001NswqbYAB","株式会社ハートランド_2025/04","商品マスタが未設定","Month=2025/04, Amount=11000","請求明細の商品・名称・金額から商品を確定する"
"Medium","商品不足","ContractLineItem__c","a03RB00001NswqcYAB","株式会社ハートランド_2025/05","商品マスタが未設定","Month=2025/05, Amount=11000","請求明細の商品・名称・金額から商品を確定する"
"Medium","商品不足","ContractLineItem__c","a03RB00001NswqdYAB","株式会社ハートランド_2025/06","商品マスタが未設定","Month=2025/06, Amount=11000","請求明細の商品・名称・金額から商品を確定する"
"Medium","商品不足","ContractLineItem__c","a03RB00001NswqeYAB","株式会社ハートランド_2025/07","商品マスタが未設定","Month=2025/07, Amount=11000","請求明細の商品・名称・金額から商品を確定する"
"Medium","商品不足","ContractLineItem__c","a03RB00001NswqfYAB","株式会社ハートランド_2025/08","商品マスタが未設定","Month=2025/08, Amount=11000","請求明細の商品・名称・金額から商品を確定する"
"Medium","商品不足","ContractLineItem__c","a03RB00001NswqgYAB","株式会社ハートランド_2025/09","商品マスタが未設定","Month=2025/09, Amount=11000","請求明細の商品・名称・金額から商品を確定する"
"Medium","商品不足","ContractLineItem__c","a03RB00001NswqhYAB","株式会社ハートランド_2025/10","商品マスタが未設定","Month=2025/10, Amount=11000","請求明細の商品・名称・金額から商品を確定する"
"Medium","商品不足","ContractLineItem__c","a03RB00001NswqiYAB","株式会社ハートランド_2025/11","商品マスタが未設定","Month=2025/11, Amount=11000","請求明細の商品・名称・金額から商品を確定する"
"Medium","商品不足","ContractLineItem__c","a03RB00001NswqjYAB","株式会社ハートランド_2025/12","商品マスタが未設定","Month=2025/12, Amount=11000","請求明細の商品・名称・金額から商品を確定する"
"Medium","商品不足","ContractLineItem__c","a03RB00001NswqkYAB","株式会社ハートランド_2026/01","商品マスタが未設定","Month=2026/01, Amount=11000","請求明細の商品・名称・金額から商品を確定する"
"Medium","商品不足","ContractLineItem__c","a03RB00001NswqlYAB","株式会社ハートランド_2026/02","商品マスタが未設定","Month=2026/02, Amount=11000","請求明細の商品・名称・金額から商品を確定する"
"Medium","商品不足","ContractLineItem__c","a03RB00001NswqmYAB","株式会社ハートランド_2026/03","商品マスタが未設定","Month=2026/03, Amount=11000","請求明細の商品・名称・金額から商品を確定する"
"Medium","商品不足","ContractLineItem__c","a03RB00001NswqnYAB","株式会社ハートランド_2026/04","商品マスタが未設定","Month=2026/04, Amount=11000","請求明細の商品・名称・金額から商品を確定する"
"Medium","商品不足","ContractLineItem__c","a03RB00001NswqoYAB","株式会社ハートランド_2026/05","商品マスタが未設定","Month=2026/05, Amount=11000","請求明細の商品・名称・金額から商品を確定する"
"Medium","商品不足","ContractLineItem__c","a03RB00001NswqpYAB","株式会社ハートランド_2026/06","商品マスタが未設定","Month=2026/06, Amount=11000","請求明細の商品・名称・金額から商品を確定する"
"Medium","商品不足","ContractLineItem__c","a03RB00001NswjiYAB","株式会社フジタ BIM推進部_2026/04","商品マスタが未設定","Month=2026/04, Amount=42000","請求明細の商品・名称・金額から商品を確定する"
"Medium","商品不足","ContractLineItem__c","a03RB00001NswjjYAB","株式会社フジタ BIM推進部_2026/05","商品マスタが未設定","Month=2026/05, Amount=42000","請求明細の商品・名称・金額から商品を確定する"
"Medium","商品不足","ContractLineItem__c","a03RB00001NswjkYAB","株式会社フジタ BIM推進部_2026/06","商品マスタが未設定","Month=2026/06, Amount=42000","請求明細の商品・名称・金額から商品を確定する"
"Medium","商品不足","ContractLineItem__c","a03RB00001NswjlYAB","株式会社フジタ BIM推進部_2026/07","商品マスタが未設定","Month=2026/07, Amount=42000","請求明細の商品・名称・金額から商品を確定する"
"Medium","商品不足","ContractLineItem__c","a03RB00001NswjmYAB","株式会社フジタ BIM推進部_2026/08","商品マスタが未設定","Month=2026/08, Amount=42000","請求明細の商品・名称・金額から商品を確定する"
"Medium","商品不足","ContractLineItem__c","a03RB00001NswjnYAB","株式会社フジタ BIM推進部_2026/09","商品マスタが未設定","Month=2026/09, Amount=42000","請求明細の商品・名称・金額から商品を確定する"
"Medium","商品不足","ContractLineItem__c","a03RB00001NswjoYAB","株式会社フジタ BIM推進部_2026/10","商品マスタが未設定","Month=2026/10, Amount=42000","請求明細の商品・名称・金額から商品を確定する"
"Medium","商品不足","ContractLineItem__c","a03RB00001NswjpYAB","株式会社フジタ BIM推進部_2026/11","商品マスタが未設定","Month=2026/11, Amount=42000","請求明細の商品・名称・金額から商品を確定する"
"Medium","商品不足","ContractLineItem__c","a03RB00001NswjqYAB","株式会社フジタ BIM推進部_2026/12","商品マスタが未設定","Month=2026/12, Amount=42000","請求明細の商品・名称・金額から商品を確定する"
"Medium","商品不足","ContractLineItem__c","a03RB00001NswjrYAB","株式会社フジタ BIM推進部_2027/01","商品マスタが未設定","Month=2027/01, Amount=42000","請求明細の商品・名称・金額から商品を確定する"
"Medium","商品不足","ContractLineItem__c","a03RB00001NswjsYAB","株式会社フジタ BIM推進部_2027/02","商品マスタが未設定","Month=2027/02, Amount=42000","請求明細の商品・名称・金額から商品を確定する"
"Medium","商品不足","ContractLineItem__c","a03RB00001NswjtYAB","株式会社フジタ BIM推進部_2027/03","商品マスタが未設定","Month=2027/03, Amount=42000","請求明細の商品・名称・金額から商品を確定する"
"Medium","商品不足","ContractLineItem__c","a03RB00001NswjuYAB","株式会社フジタ 設計統括部_2026/04","商品マスタが未設定","Month=2026/04, Amount=98000","請求明細の商品・名称・金額から商品を確定する"
"Medium","商品不足","ContractLineItem__c","a03RB00001NswjvYAB","株式会社フジタ 設計統括部_2026/05","商品マスタが未設定","Month=2026/05, Amount=98000","請求明細の商品・名称・金額から商品を確定する"
"Medium","商品不足","ContractLineItem__c","a03RB00001NswjwYAB","株式会社フジタ 設計統括部_2026/06","商品マスタが未設定","Month=2026/06, Amount=98000","請求明細の商品・名称・金額から商品を確定する"
"Medium","商品不足","ContractLineItem__c","a03RB00001NswjxYAB","株式会社フジタ 設計統括部_2026/07","商品マスタが未設定","Month=2026/07, Amount=98000","請求明細の商品・名称・金額から商品を確定する"
"Medium","商品不足","ContractLineItem__c","a03RB00001NswjyYAB","株式会社フジタ 設計統括部_2026/08","商品マスタが未設定","Month=2026/08, Amount=98000","請求明細の商品・名称・金額から商品を確定する"
"Medium","商品不足","ContractLineItem__c","a03RB00001NswjzYAB","株式会社フジタ 設計統括部_2026/09","商品マスタが未設定","Month=2026/09, Amount=98000","請求明細の商品・名称・金額から商品を確定する"
"Medium","商品不足","ContractLineItem__c","a03RB00001Nswk0YAB","株式会社フジタ 設計統括部_2026/10","商品マスタが未設定","Month=2026/10, Amount=98000","請求明細の商品・名称・金額から商品を確定する"
"Medium","商品不足","ContractLineItem__c","a03RB00001Nswk1YAB","株式会社フジタ 設計統括部_2026/11","商品マスタが未設定","Month=2026/11, Amount=98000","請求明細の商品・名称・金額から商品を確定する"
"Medium","商品不足","ContractLineItem__c","a03RB00001Nswk2YAB","株式会社フジタ 設計統括部_2026/12","商品マスタが未設定","Month=2026/12, Amount=98000","請求明細の商品・名称・金額から商品を確定する"
"Medium","商品不足","ContractLineItem__c","a03RB00001Nswk3YAB","株式会社フジタ 設計統括部_2027/01","商品マスタが未設定","Month=2027/01, Amount=98000","請求明細の商品・名称・金額から商品を確定する"
"Medium","商品不足","ContractLineItem__c","a03RB00001Nswk4YAB","株式会社フジタ 設計統括部_2027/02","商品マスタが未設定","Month=2027/02, Amount=98000","請求明細の商品・名称・金額から商品を確定する"
"Medium","商品不足","ContractLineItem__c","a03RB00001Nswk5YAB","株式会社フジタ 設計統括部_2027/03","商品マスタが未設定","Month=2027/03, Amount=98000","請求明細の商品・名称・金額から商品を確定する"
"Medium","商品不足","ContractLineItem__c","a03RB00001NswhUYAR","株式会社フジタ（調達本部 インテリア・ソリューション統括部 インテリア部）_2026/02","商品マスタが未設定","Month=2026/02, Amount=75000","請求明細の商品・名称・金額から商品を確定する"
"Medium","商品不足","ContractLineItem__c","a03RB00001NswhVYAR","株式会社フジタ（調達本部 インテリア・ソリューション統括部 インテリア部）_2026/03","商品マスタが未設定","Month=2026/03, Amount=75000","請求明細の商品・名称・金額から商品を確定する"
"Medium","商品不足","ContractLineItem__c","a03RB00001NswhWYAR","株式会社フジタ（調達本部 インテリア・ソリューション統括部 インテリア部）_2026/04","商品マスタが未設定","Month=2026/04, Amount=70000","請求明細の商品・名称・金額から商品を確定する"
"Medium","商品不足","ContractLineItem__c","a03RB00001NswhXYAR","株式会社フジタ（調達本部 インテリア・ソリューション統括部 インテリア部）_2026/05","商品マスタが未設定","Month=2026/05, Amount=70000","請求明細の商品・名称・金額から商品を確定する"
"Medium","商品不足","ContractLineItem__c","a03RB00001NswhYYAR","株式会社フジタ（調達本部 インテリア・ソリューション統括部 インテリア部）_2026/06","商品マスタが未設定","Month=2026/06, Amount=70000","請求明細の商品・名称・金額から商品を確定する"
"Medium","商品不足","ContractLineItem__c","a03RB00001NswhZYAR","株式会社フジタ（調達本部 インテリア・ソリューション統括部 インテリア部）_2026/07","商品マスタが未設定","Month=2026/07, Amount=70000","請求明細の商品・名称・金額から商品を確定する"
"Medium","商品不足","ContractLineItem__c","a03RB00001NswhaYAB","株式会社フジタ（調達本部 インテリア・ソリューション統括部 インテリア部）_2026/08","商品マスタが未設定","Month=2026/08, Amount=70000","請求明細の商品・名称・金額から商品を確定する"
"Medium","商品不足","ContractLineItem__c","a03RB00001NswhbYAB","株式会社フジタ（調達本部 インテリア・ソリューション統括部 インテリア部）_2026/09","商品マスタが未設定","Month=2026/09, Amount=70000","請求明細の商品・名称・金額から商品を確定する"
"Medium","商品不足","ContractLineItem__c","a03RB00001NswhcYAB","株式会社フジタ（調達本部 インテリア・ソリューション統括部 インテリア部）_2026/10","商品マスタが未設定","Month=2026/10, Amount=70000","請求明細の商品・名称・金額から商品を確定する"
"Medium","商品不足","ContractLineItem__c","a03RB00001NswhdYAB","株式会社フジタ（調達本部 インテリア・ソリューション統括部 インテリア部）_2026/11","商品マスタが未設定","Month=2026/11, Amount=70000","請求明細の商品・名称・金額から商品を確定する"
"Medium","商品不足","ContractLineItem__c","a03RB00001NswheYAB","株式会社フジタ（調達本部 インテリア・ソリューション統括部 インテリア部）_2026/12","商品マスタが未設定","Month=2026/12, Amount=70000","請求明細の商品・名称・金額から商品を確定する"
"Medium","商品不足","ContractLineItem__c","a03RB00001NswhfYAB","株式会社フジタ（調達本部 インテリア・ソリューション統括部 インテリア部）_2027/01","商品マスタが未設定","Month=2027/01, Amount=70000","請求明細の商品・名称・金額から商品を確定する"
"Medium","商品不足","ContractLineItem__c","a03RB00001NswhgYAB","株式会社フジタ（調達本部 インテリア・ソリューション統括部 インテリア部）_2027/02","商品マスタが未設定","Month=2027/02, Amount=70000","請求明細の商品・名称・金額から商品を確定する"
"Medium","商品不足","ContractLineItem__c","a03RB00001NswhhYAB","株式会社フジタ（調達本部 インテリア・ソリューション統括部 インテリア部）_2027/03","商品マスタが未設定","Month=2027/03, Amount=70000","請求明細の商品・名称・金額から商品を確定する"
"Medium","商品不足","ContractLineItem__c","a03RB00001NswopYAB","株式会社ヤマユウ_2025/01","商品マスタが未設定","Month=2025/01, Amount=11000","請求明細の商品・名称・金額から商品を確定する"
"Medium","商品不足","ContractLineItem__c","a03RB00001NswoqYAB","株式会社ヤマユウ_2025/02","商品マスタが未設定","Month=2025/02, Amount=11000","請求明細の商品・名称・金額から商品を確定する"
"Medium","商品不足","ContractLineItem__c","a03RB00001NsworYAB","株式会社ヤマユウ_2025/03","商品マスタが未設定","Month=2025/03, Amount=11000","請求明細の商品・名称・金額から商品を確定する"
"Medium","商品不足","ContractLineItem__c","a03RB00001NswosYAB","株式会社ヤマユウ_2025/04","商品マスタが未設定","Month=2025/04, Amount=11000","請求明細の商品・名称・金額から商品を確定する"
"Medium","商品不足","ContractLineItem__c","a03RB00001NswotYAB","株式会社ヤマユウ_2025/05","商品マスタが未設定","Month=2025/05, Amount=11000","請求明細の商品・名称・金額から商品を確定する"
"Medium","商品不足","ContractLineItem__c","a03RB00001NswouYAB","株式会社ヤマユウ_2025/06","商品マスタが未設定","Month=2025/06, Amount=11000","請求明細の商品・名称・金額から商品を確定する"
"Medium","商品不足","ContractLineItem__c","a03RB00001NswovYAB","株式会社ヤマユウ_2025/07","商品マスタが未設定","Month=2025/07, Amount=11000","請求明細の商品・名称・金額から商品を確定する"
"Medium","商品不足","ContractLineItem__c","a03RB00001NswowYAB","株式会社ヤマユウ_2025/08","商品マスタが未設定","Month=2025/08, Amount=11000","請求明細の商品・名称・金額から商品を確定する"
"Medium","商品不足","ContractLineItem__c","a03RB00001NswoxYAB","株式会社ヤマユウ_2025/09","商品マスタが未設定","Month=2025/09, Amount=11000","請求明細の商品・名称・金額から商品を確定する"
"Medium","商品不足","ContractLineItem__c","a03RB00001NswoyYAB","株式会社ヤマユウ_2025/10","商品マスタが未設定","Month=2025/10, Amount=11000","請求明細の商品・名称・金額から商品を確定する"
"Medium","商品不足","ContractLineItem__c","a03RB00001NswozYAB","株式会社ヤマユウ_2025/11","商品マスタが未設定","Month=2025/11, Amount=11000","請求明細の商品・名称・金額から商品を確定する"
"Medium","商品不足","ContractLineItem__c","a03RB00001Nswp0YAB","株式会社ヤマユウ_2025/12","商品マスタが未設定","Month=2025/12, Amount=11000","請求明細の商品・名称・金額から商品を確定する"
"Medium","商品不足","ContractLineItem__c","a03RB00001Nswo0YAB","株式会社ヨコハマ地所_2025/02","商品マスタが未設定","Month=2025/02, Amount=11000","請求明細の商品・名称・金額から商品を確定する"
"Medium","商品不足","ContractLineItem__c","a03RB00001Nswo1YAB","株式会社ヨコハマ地所_2025/03","商品マスタが未設定","Month=2025/03, Amount=11000","請求明細の商品・名称・金額から商品を確定する"
"Medium","商品不足","ContractLineItem__c","a03RB00001Nswo2YAB","株式会社ヨコハマ地所_2025/04","商品マスタが未設定","Month=2025/04, Amount=11000","請求明細の商品・名称・金額から商品を確定する"
"Medium","商品不足","ContractLineItem__c","a03RB00001Nswo3YAB","株式会社ヨコハマ地所_2025/05","商品マスタが未設定","Month=2025/05, Amount=11000","請求明細の商品・名称・金額から商品を確定する"
"Medium","商品不足","ContractLineItem__c","a03RB00001Nswo4YAB","株式会社ヨコハマ地所_2025/06","商品マスタが未設定","Month=2025/06, Amount=11000","請求明細の商品・名称・金額から商品を確定する"
"Medium","商品不足","ContractLineItem__c","a03RB00001Nswo5YAB","株式会社ヨコハマ地所_2025/07","商品マスタが未設定","Month=2025/07, Amount=11000","請求明細の商品・名称・金額から商品を確定する"
"Medium","商品不足","ContractLineItem__c","a03RB00001Nswo6YAB","株式会社ヨコハマ地所_2025/08","商品マスタが未設定","Month=2025/08, Amount=11000","請求明細の商品・名称・金額から商品を確定する"
"Medium","商品不足","ContractLineItem__c","a03RB00001Nswo7YAB","株式会社ヨコハマ地所_2025/09","商品マスタが未設定","Month=2025/09, Amount=11000","請求明細の商品・名称・金額から商品を確定する"
"Medium","商品不足","ContractLineItem__c","a03RB00001Nswo8YAB","株式会社ヨコハマ地所_2025/10","商品マスタが未設定","Month=2025/10, Amount=11000","請求明細の商品・名称・金額から商品を確定する"
"Medium","商品不足","ContractLineItem__c","a03RB00001Nswo9YAB","株式会社ヨコハマ地所_2025/11","商品マスタが未設定","Month=2025/11, Amount=11000","請求明細の商品・名称・金額から商品を確定する"
"Medium","商品不足","ContractLineItem__c","a03RB00001NswoAYAR","株式会社ヨコハマ地所_2025/12","商品マスタが未設定","Month=2025/12, Amount=11000","請求明細の商品・名称・金額から商品を確定する"
"Medium","商品不足","ContractLineItem__c","a03RB00001NswoBYAR","株式会社ヨコハマ地所_2026/01","商品マスタが未設定","Month=2026/01, Amount=11000","請求明細の商品・名称・金額から商品を確定する"
"Medium","商品不足","ContractLineItem__c","a03RB00001NswoCYAR","株式会社ヨコハマ地所_2026/02","商品マスタが未設定","Month=2026/02, Amount=11000","請求明細の商品・名称・金額から商品を確定する"
"Medium","商品不足","ContractLineItem__c","a03RB00001NswoDYAR","株式会社ヨコハマ地所_2026/03","商品マスタが未設定","Month=2026/03, Amount=11000","請求明細の商品・名称・金額から商品を確定する"
"Medium","商品不足","ContractLineItem__c","a03RB00001NswoEYAR","株式会社ヨコハマ地所_2026/04","商品マスタが未設定","Month=2026/04, Amount=11000","請求明細の商品・名称・金額から商品を確定する"
"Medium","商品不足","ContractLineItem__c","a03RB00001NswoFYAR","株式会社ヨコハマ地所_2026/05","商品マスタが未設定","Month=2026/05, Amount=11000","請求明細の商品・名称・金額から商品を確定する"
"Medium","商品不足","ContractLineItem__c","a03RB00001RIREoYAP","株式会社ヨコハマ地所_2026/06","商品マスタが未設定","Month=2026/06, Amount=11000","請求明細の商品・名称・金額から商品を確定する"
"Medium","商品不足","ContractLineItem__c","a03RB00001RcABPYA3","株式会社ヨコハマ地所_2026/07","商品マスタが未設定","Month=2026/07, Amount=11000","請求明細の商品・名称・金額から商品を確定する"
"Medium","商品不足","ContractLineItem__c","a03RB00001STmHlYAL","株式会社ヨコハマ地所_2026/08","商品マスタが未設定","Month=2026/08, Amount=11000","請求明細の商品・名称・金額から商品を確定する"
"Medium","商品不足","ContractLineItem__c","a03RB00001NswneYAB","株式会社ライフラインサービス_2025/01","商品マスタが未設定","Month=2025/01, Amount=11000","請求明細の商品・名称・金額から商品を確定する"
"Medium","商品不足","ContractLineItem__c","a03RB00001NswnfYAB","株式会社ライフラインサービス_2025/02","商品マスタが未設定","Month=2025/02, Amount=11000","請求明細の商品・名称・金額から商品を確定する"
"Medium","商品不足","ContractLineItem__c","a03RB00001NswngYAB","株式会社ライフラインサービス_2025/03","商品マスタが未設定","Month=2025/03, Amount=11000","請求明細の商品・名称・金額から商品を確定する"
"Medium","商品不足","ContractLineItem__c","a03RB00001NswnhYAB","株式会社ライフラインサービス_2025/04","商品マスタが未設定","Month=2025/04, Amount=11000","請求明細の商品・名称・金額から商品を確定する"
"Medium","商品不足","ContractLineItem__c","a03RB00001NswniYAB","株式会社ライフラインサービス_2025/05","商品マスタが未設定","Month=2025/05, Amount=11000","請求明細の商品・名称・金額から商品を確定する"
"Medium","商品不足","ContractLineItem__c","a03RB00001NswnjYAB","株式会社ライフラインサービス_2025/06","商品マスタが未設定","Month=2025/06, Amount=11000","請求明細の商品・名称・金額から商品を確定する"
"Medium","商品不足","ContractLineItem__c","a03RB00001NswnkYAB","株式会社ライフラインサービス_2025/07","商品マスタが未設定","Month=2025/07, Amount=11000","請求明細の商品・名称・金額から商品を確定する"
"Medium","商品不足","ContractLineItem__c","a03RB00001NswnlYAB","株式会社ライフラインサービス_2025/08","商品マスタが未設定","Month=2025/08, Amount=11000","請求明細の商品・名称・金額から商品を確定する"
"Medium","商品不足","ContractLineItem__c","a03RB00001NswkfYAB","株式会社リアルエステートブラザーズ_2024/08","商品マスタが未設定","Month=2024/08, Amount=11000","請求明細の商品・名称・金額から商品を確定する"
"Medium","商品不足","ContractLineItem__c","a03RB00001NswkgYAB","株式会社リアルエステートブラザーズ_2024/09","商品マスタが未設定","Month=2024/09, Amount=11000","請求明細の商品・名称・金額から商品を確定する"
"Medium","商品不足","ContractLineItem__c","a03RB00001NswY7YAJ","株式会社リノシスコーポレーション_2024/10","商品マスタが未設定","Month=2024/10, Amount=55000","請求明細の商品・名称・金額から商品を確定する"
"Medium","商品不足","ContractLineItem__c","a03RB00001NswY8YAJ","株式会社リノシスコーポレーション_2024/11","商品マスタが未設定","Month=2024/11, Amount=55000","請求明細の商品・名称・金額から商品を確定する"
"Medium","商品不足","ContractLineItem__c","a03RB00001NswY9YAJ","株式会社リノシスコーポレーション_2024/12","商品マスタが未設定","Month=2024/12, Amount=55000","請求明細の商品・名称・金額から商品を確定する"
"Medium","商品不足","ContractLineItem__c","a03RB00001NswYAYAZ","株式会社リノシスコーポレーション_2025/01","商品マスタが未設定","Month=2025/01, Amount=55000","請求明細の商品・名称・金額から商品を確定する"
"Medium","商品不足","ContractLineItem__c","a03RB00001NswYBYAZ","株式会社リノシスコーポレーション_2025/02","商品マスタが未設定","Month=2025/02, Amount=55000","請求明細の商品・名称・金額から商品を確定する"
"Medium","商品不足","ContractLineItem__c","a03RB00001NswYCYAZ","株式会社リノシスコーポレーション_2025/03","商品マスタが未設定","Month=2025/03, Amount=55000","請求明細の商品・名称・金額から商品を確定する"
"Medium","商品不足","ContractLineItem__c","a03RB00001NswYDYAZ","株式会社リノシスコーポレーション_2025/04","商品マスタが未設定","Month=2025/04, Amount=55000","請求明細の商品・名称・金額から商品を確定する"
"Medium","商品不足","ContractLineItem__c","a03RB00001NswYEYAZ","株式会社リノシスコーポレーション_2025/05","商品マスタが未設定","Month=2025/05, Amount=55000","請求明細の商品・名称・金額から商品を確定する"
"Medium","商品不足","ContractLineItem__c","a03RB00001NswYFYAZ","株式会社リノシスコーポレーション_2025/06","商品マスタが未設定","Month=2025/06, Amount=55000","請求明細の商品・名称・金額から商品を確定する"
"Medium","商品不足","ContractLineItem__c","a03RB00001NswYGYAZ","株式会社リノシスコーポレーション_2025/07","商品マスタが未設定","Month=2025/07, Amount=55000","請求明細の商品・名称・金額から商品を確定する"
"Medium","商品不足","ContractLineItem__c","a03RB00001NswYHYAZ","株式会社リノシスコーポレーション_2025/08","商品マスタが未設定","Month=2025/08, Amount=55000","請求明細の商品・名称・金額から商品を確定する"
"Medium","商品不足","ContractLineItem__c","a03RB00001NswYIYAZ","株式会社リノシスコーポレーション_2025/09","商品マスタが未設定","Month=2025/09, Amount=55000","請求明細の商品・名称・金額から商品を確定する"
"Medium","商品不足","ContractLineItem__c","a03RB00001NswYJYAZ","株式会社リノシスコーポレーション_2025/10","商品マスタが未設定","Month=2025/10, Amount=55000","請求明細の商品・名称・金額から商品を確定する"
"Medium","商品不足","ContractLineItem__c","a03RB00001NswkhYAB","株式会社四ツ橋_2024/08","商品マスタが未設定","Month=2024/08, Amount=10000","請求明細の商品・名称・金額から商品を確定する"
"Medium","商品不足","ContractLineItem__c","a03RB00001NswkiYAB","株式会社四ツ橋_2024/09","商品マスタが未設定","Month=2024/09, Amount=10000","請求明細の商品・名称・金額から商品を確定する"
"Medium","商品不足","ContractLineItem__c","a03RB00001NswkjYAB","株式会社四ツ橋_2024/10","商品マスタが未設定","Month=2024/10, Amount=10000","請求明細の商品・名称・金額から商品を確定する"
"Medium","商品不足","ContractLineItem__c","a03RB00001NswmRYAR","株式会社西武開発_2024/12","商品マスタが未設定","Month=2024/12, Amount=93500","請求明細の商品・名称・金額から商品を確定する"
"Medium","商品不足","ContractLineItem__c","a03RB00001NswmSYAR","株式会社西武開発_2025/01","商品マスタが未設定","Month=2025/01, Amount=2376000","請求明細の商品・名称・金額から商品を確定する"
"Medium","商品不足","ContractLineItem__c","a03RB00001NswqLYAR","株式会社西武開発_2025/04","商品マスタが未設定","Month=2025/04, Amount=26400","請求明細の商品・名称・金額から商品を確定する"
"Medium","商品不足","ContractLineItem__c","a03RB00001NswqMYAR","株式会社西武開発_2025/05","商品マスタが未設定","Month=2025/05, Amount=26400","請求明細の商品・名称・金額から商品を確定する"
"Medium","商品不足","ContractLineItem__c","a03RB00001NswqNYAR","株式会社西武開発_2025/06","商品マスタが未設定","Month=2025/06, Amount=26400","請求明細の商品・名称・金額から商品を確定する"
"Medium","商品不足","ContractLineItem__c","a03RB00001NswqOYAR","株式会社西武開発_2025/07","商品マスタが未設定","Month=2025/07, Amount=26400","請求明細の商品・名称・金額から商品を確定する"
"Medium","商品不足","ContractLineItem__c","a03RB00001NswqPYAR","株式会社西武開発_2025/08","商品マスタが未設定","Month=2025/08, Amount=26400","請求明細の商品・名称・金額から商品を確定する"
"Medium","商品不足","ContractLineItem__c","a03RB00001NswqQYAR","株式会社西武開発_2025/09","商品マスタが未設定","Month=2025/09, Amount=26400","請求明細の商品・名称・金額から商品を確定する"
"Medium","商品不足","ContractLineItem__c","a03RB00001NswqRYAR","株式会社西武開発_2025/10","商品マスタが未設定","Month=2025/10, Amount=26400","請求明細の商品・名称・金額から商品を確定する"
"Medium","商品不足","ContractLineItem__c","a03RB00001NswqSYAR","株式会社西武開発_2025/11","商品マスタが未設定","Month=2025/11, Amount=26400","請求明細の商品・名称・金額から商品を確定する"
"Medium","商品不足","ContractLineItem__c","a03RB00001NswqTYAR","株式会社西武開発_2025/12","商品マスタが未設定","Month=2025/12, Amount=26400","請求明細の商品・名称・金額から商品を確定する"
"Medium","商品不足","ContractLineItem__c","a03RB00001NswmTYAR","株式会社西武開発_2026/01","商品マスタが未設定","Month=2026/01, Amount=257400","請求明細の商品・名称・金額から商品を確定する"
"Medium","商品不足","ContractLineItem__c","a03RB00001NswqUYAR","株式会社西武開発_2026/01","商品マスタが未設定","Month=2026/01, Amount=26400","請求明細の商品・名称・金額から商品を確定する"
"Medium","商品不足","ContractLineItem__c","a03RB00001NswmUYAR","株式会社西武開発_2026/02","商品マスタが未設定","Month=2026/02, Amount=257400","請求明細の商品・名称・金額から商品を確定する"
"Medium","商品不足","ContractLineItem__c","a03RB00001NswqVYAR","株式会社西武開発_2026/02","商品マスタが未設定","Month=2026/02, Amount=26400","請求明細の商品・名称・金額から商品を確定する"
"Medium","商品不足","ContractLineItem__c","a03RB00001NswmVYAR","株式会社西武開発_2026/03","商品マスタが未設定","Month=2026/03, Amount=257400","請求明細の商品・名称・金額から商品を確定する"
"Medium","商品不足","ContractLineItem__c","a03RB00001NswqWYAR","株式会社西武開発_2026/03","商品マスタが未設定","Month=2026/03, Amount=26400","請求明細の商品・名称・金額から商品を確定する"
"Medium","商品不足","ContractLineItem__c","a03RB00001NswmWYAR","株式会社西武開発_2026/04","商品マスタが未設定","Month=2026/04, Amount=257400","請求明細の商品・名称・金額から商品を確定する"
"Medium","商品不足","ContractLineItem__c","a03RB00001NswmXYAR","株式会社西武開発_2026/05","商品マスタが未設定","Month=2026/05, Amount=257400","請求明細の商品・名称・金額から商品を確定する"
"Medium","商品不足","ContractLineItem__c","a03RB00001NswmYYAR","株式会社西武開発_2026/06","商品マスタが未設定","Month=2026/06, Amount=257400","請求明細の商品・名称・金額から商品を確定する"
"Medium","商品不足","ContractLineItem__c","a03RB00001NswmZYAR","株式会社西武開発_2026/07","商品マスタが未設定","Month=2026/07, Amount=257400","請求明細の商品・名称・金額から商品を確定する"
"Medium","商品不足","ContractLineItem__c","a03RB00001NswiJYAR","株式会社石勝エクステリア(シングルサインオン分）_2025/10","商品マスタが未設定","Month=2025/10, Amount=30000","請求明細の商品・名称・金額から商品を確定する"
"Medium","商品不足","ContractLineItem__c","a03RB00001NswiKYAR","株式会社石勝エクステリア(シングルサインオン分）_2025/11","商品マスタが未設定","Month=2025/11, Amount=30000","請求明細の商品・名称・金額から商品を確定する"
"Medium","商品不足","ContractLineItem__c","a03RB00001NswiLYAR","株式会社石勝エクステリア(シングルサインオン分）_2025/12","商品マスタが未設定","Month=2025/12, Amount=30000","請求明細の商品・名称・金額から商品を確定する"
"Medium","商品不足","ContractLineItem__c","a03RB00001NswiMYAR","株式会社石勝エクステリア(シングルサインオン分）_2026/01","商品マスタが未設定","Month=2026/01, Amount=30000","請求明細の商品・名称・金額から商品を確定する"
"Medium","商品不足","ContractLineItem__c","a03RB00001NswiNYAR","株式会社石勝エクステリア(シングルサインオン分）_2026/02","商品マスタが未設定","Month=2026/02, Amount=30000","請求明細の商品・名称・金額から商品を確定する"
"Medium","商品不足","ContractLineItem__c","a03RB00001NswiOYAR","株式会社石勝エクステリア(シングルサインオン分）_2026/03","商品マスタが未設定","Month=2026/03, Amount=30000","請求明細の商品・名称・金額から商品を確定する"
"Medium","商品不足","ContractLineItem__c","a03RB00001NswiPYAR","株式会社石勝エクステリア(シングルサインオン分）_2026/04","商品マスタが未設定","Month=2026/04, Amount=30000","請求明細の商品・名称・金額から商品を確定する"
"Medium","商品不足","ContractLineItem__c","a03RB00001NswiQYAR","株式会社石勝エクステリア(シングルサインオン分）_2026/05","商品マスタが未設定","Month=2026/05, Amount=30000","請求明細の商品・名称・金額から商品を確定する"
"Medium","商品不足","ContractLineItem__c","a03RB00001NswiRYAR","株式会社石勝エクステリア(シングルサインオン分）_2026/06","商品マスタが未設定","Month=2026/06, Amount=30000","請求明細の商品・名称・金額から商品を確定する"
"Medium","商品不足","ContractLineItem__c","a03RB00001NswiSYAR","株式会社石勝エクステリア(シングルサインオン分）_2026/07","商品マスタが未設定","Month=2026/07, Amount=30000","請求明細の商品・名称・金額から商品を確定する"
"Medium","商品不足","ContractLineItem__c","a03RB00001NswiTYAR","株式会社石勝エクステリア(シングルサインオン分）_2026/08","商品マスタが未設定","Month=2026/08, Amount=30000","請求明細の商品・名称・金額から商品を確定する"
"Medium","商品不足","ContractLineItem__c","a03RB00001NswiUYAR","株式会社石勝エクステリア(シングルサインオン分）_2026/09","商品マスタが未設定","Month=2026/09, Amount=30000","請求明細の商品・名称・金額から商品を確定する"
"Medium","商品不足","ContractLineItem__c","a03RB00001NswiVYAR","株式会社石勝エクステリア(シングルサインオン分）_2026/10","商品マスタが未設定","Month=2026/10, Amount=30000","請求明細の商品・名称・金額から商品を確定する"
"Medium","商品不足","ContractLineItem__c","a03RB00001NswiWYAR","株式会社石勝エクステリア(シングルサインオン分）_2026/11","商品マスタが未設定","Month=2026/11, Amount=30000","請求明細の商品・名称・金額から商品を確定する"
"Medium","商品不足","ContractLineItem__c","a03RB00001NswiXYAR","株式会社石勝エクステリア(シングルサインオン分）_2026/12","商品マスタが未設定","Month=2026/12, Amount=30000","請求明細の商品・名称・金額から商品を確定する"
"Medium","商品不足","ContractLineItem__c","a03RB00001NswiYYAR","株式会社石勝エクステリア(シングルサインオン分）_2027/01","商品マスタが未設定","Month=2027/01, Amount=30000","請求明細の商品・名称・金額から商品を確定する"
"Medium","商品不足","ContractLineItem__c","a03RB00001NswiZYAR","株式会社石勝エクステリア(シングルサインオン分）_2027/02","商品マスタが未設定","Month=2027/02, Amount=30000","請求明細の商品・名称・金額から商品を確定する"
"Medium","商品不足","ContractLineItem__c","a03RB00001NswiaYAB","株式会社石勝エクステリア(シングルサインオン分）_2027/03","商品マスタが未設定","Month=2027/03, Amount=30000","請求明細の商品・名称・金額から商品を確定する"
"Medium","商品不足","ContractLineItem__c","a03RB00001NswhCYAR","株式会社石勝エクステリア_2025/10","商品マスタが未設定","Month=2025/10, Amount=100000","請求明細の商品・名称・金額から商品を確定する"
"Medium","商品不足","ContractLineItem__c","a03RB00001NswhDYAR","株式会社石勝エクステリア_2025/11","商品マスタが未設定","Month=2025/11, Amount=100000","請求明細の商品・名称・金額から商品を確定する"
"Medium","商品不足","ContractLineItem__c","a03RB00001NswhEYAR","株式会社石勝エクステリア_2025/12","商品マスタが未設定","Month=2025/12, Amount=110000","請求明細の商品・名称・金額から商品を確定する"
"Medium","商品不足","ContractLineItem__c","a03RB00001NswhFYAR","株式会社石勝エクステリア_2026/01","商品マスタが未設定","Month=2026/01, Amount=110000","請求明細の商品・名称・金額から商品を確定する"
"Medium","商品不足","ContractLineItem__c","a03RB00001NswhGYAR","株式会社石勝エクステリア_2026/02","商品マスタが未設定","Month=2026/02, Amount=110000","請求明細の商品・名称・金額から商品を確定する"
"Medium","商品不足","ContractLineItem__c","a03RB00001NswhHYAR","株式会社石勝エクステリア_2026/03","商品マスタが未設定","Month=2026/03, Amount=110000","請求明細の商品・名称・金額から商品を確定する"
"Medium","商品不足","ContractLineItem__c","a03RB00001NswhIYAR","株式会社石勝エクステリア_2026/04","商品マスタが未設定","Month=2026/04, Amount=100000","請求明細の商品・名称・金額から商品を確定する"
"Medium","商品不足","ContractLineItem__c","a03RB00001NswhJYAR","株式会社石勝エクステリア_2026/05","商品マスタが未設定","Month=2026/05, Amount=100000","請求明細の商品・名称・金額から商品を確定する"
"Medium","商品不足","ContractLineItem__c","a03RB00001NswhKYAR","株式会社石勝エクステリア_2026/06","商品マスタが未設定","Month=2026/06, Amount=100000","請求明細の商品・名称・金額から商品を確定する"
"Medium","商品不足","ContractLineItem__c","a03RB00001NswhLYAR","株式会社石勝エクステリア_2026/07","商品マスタが未設定","Month=2026/07, Amount=100000","請求明細の商品・名称・金額から商品を確定する"
"Medium","商品不足","ContractLineItem__c","a03RB00001NswhMYAR","株式会社石勝エクステリア_2026/08","商品マスタが未設定","Month=2026/08, Amount=100000","請求明細の商品・名称・金額から商品を確定する"
"Medium","商品不足","ContractLineItem__c","a03RB00001NswhNYAR","株式会社石勝エクステリア_2026/09","商品マスタが未設定","Month=2026/09, Amount=100000","請求明細の商品・名称・金額から商品を確定する"
"Medium","商品不足","ContractLineItem__c","a03RB00001NswhOYAR","株式会社石勝エクステリア_2026/10","商品マスタが未設定","Month=2026/10, Amount=100000","請求明細の商品・名称・金額から商品を確定する"
"Medium","商品不足","ContractLineItem__c","a03RB00001NswhPYAR","株式会社石勝エクステリア_2026/11","商品マスタが未設定","Month=2026/11, Amount=100000","請求明細の商品・名称・金額から商品を確定する"
"Medium","商品不足","ContractLineItem__c","a03RB00001NswhQYAR","株式会社石勝エクステリア_2026/12","商品マスタが未設定","Month=2026/12, Amount=100000","請求明細の商品・名称・金額から商品を確定する"
"Medium","商品不足","ContractLineItem__c","a03RB00001NswhRYAR","株式会社石勝エクステリア_2027/01","商品マスタが未設定","Month=2027/01, Amount=100000","請求明細の商品・名称・金額から商品を確定する"
"Medium","商品不足","ContractLineItem__c","a03RB00001NswhSYAR","株式会社石勝エクステリア_2027/02","商品マスタが未設定","Month=2027/02, Amount=100000","請求明細の商品・名称・金額から商品を確定する"
"Medium","商品不足","ContractLineItem__c","a03RB00001NswhTYAR","株式会社石勝エクステリア_2027/03","商品マスタが未設定","Month=2027/03, Amount=100000","請求明細の商品・名称・金額から商品を確定する"
"Medium","商品不足","ContractLineItem__c","a03RB00001NswbXYAR","株式会社乃村工藝社_2025/01","商品マスタが未設定","Month=2025/01, Amount=16000","請求明細の商品・名称・金額から商品を確定する"
"Medium","商品不足","ContractLineItem__c","a03RB00001NswbYYAR","株式会社乃村工藝社_2025/02","商品マスタが未設定","Month=2025/02, Amount=16000","請求明細の商品・名称・金額から商品を確定する"
"Medium","商品不足","ContractLineItem__c","a03RB00001NswbZYAR","株式会社乃村工藝社_2025/03","商品マスタが未設定","Month=2025/03, Amount=16000","請求明細の商品・名称・金額から商品を確定する"
"Medium","商品不足","ContractLineItem__c","a03RB00001NswbaYAB","株式会社乃村工藝社_2025/04","商品マスタが未設定","Month=2025/04, Amount=16000","請求明細の商品・名称・金額から商品を確定する"
"Medium","商品不足","ContractLineItem__c","a03RB00001Nswp1YAB","株式会社博進コスモプラザ_2025/02","商品マスタが未設定","Month=2025/02, Amount=11000","請求明細の商品・名称・金額から商品を確定する"
"Medium","商品不足","ContractLineItem__c","a03RB00001Nswp2YAB","株式会社博進コスモプラザ_2025/03","商品マスタが未設定","Month=2025/03, Amount=11000","請求明細の商品・名称・金額から商品を確定する"
"Medium","商品不足","ContractLineItem__c","a03RB00001Nswp3YAB","株式会社博進コスモプラザ_2025/04","商品マスタが未設定","Month=2025/04, Amount=11000","請求明細の商品・名称・金額から商品を確定する"
"Medium","商品不足","ContractLineItem__c","a03RB00001Nswp4YAB","株式会社博進コスモプラザ_2025/05","商品マスタが未設定","Month=2025/05, Amount=11000","請求明細の商品・名称・金額から商品を確定する"
"Medium","商品不足","ContractLineItem__c","a03RB00001Nswp5YAB","株式会社博進コスモプラザ_2025/06","商品マスタが未設定","Month=2025/06, Amount=11000","請求明細の商品・名称・金額から商品を確定する"
"Medium","商品不足","ContractLineItem__c","a03RB00001Nswp6YAB","株式会社博進コスモプラザ_2025/07","商品マスタが未設定","Month=2025/07, Amount=11000","請求明細の商品・名称・金額から商品を確定する"
"Medium","商品不足","ContractLineItem__c","a03RB00001Nswp7YAB","株式会社博進コスモプラザ_2025/08","商品マスタが未設定","Month=2025/08, Amount=11000","請求明細の商品・名称・金額から商品を確定する"
"Medium","商品不足","ContractLineItem__c","a03RB00001Nswp8YAB","株式会社博進コスモプラザ_2025/09","商品マスタが未設定","Month=2025/09, Amount=11000","請求明細の商品・名称・金額から商品を確定する"
"Medium","商品不足","ContractLineItem__c","a03RB00001Nswp9YAB","株式会社博進コスモプラザ_2025/10","商品マスタが未設定","Month=2025/10, Amount=11000","請求明細の商品・名称・金額から商品を確定する"
"Medium","商品不足","ContractLineItem__c","a03RB00001NswpAYAR","株式会社博進コスモプラザ_2025/11","商品マスタが未設定","Month=2025/11, Amount=11000","請求明細の商品・名称・金額から商品を確定する"
"Medium","商品不足","ContractLineItem__c","a03RB00001NswpBYAR","株式会社博進コスモプラザ_2025/12","商品マスタが未設定","Month=2025/12, Amount=11000","請求明細の商品・名称・金額から商品を確定する"
"Medium","商品不足","ContractLineItem__c","a03RB00001NswpCYAR","株式会社博進コスモプラザ_2026/01","商品マスタが未設定","Month=2026/01, Amount=11000","請求明細の商品・名称・金額から商品を確定する"
"Medium","商品不足","ContractLineItem__c","a03RB00001NswpDYAR","株式会社博進コスモプラザ_2026/02","商品マスタが未設定","Month=2026/02, Amount=11000","請求明細の商品・名称・金額から商品を確定する"
"Medium","商品不足","ContractLineItem__c","a03RB00001STmHnYAL","株式会社博進コスモプラザ_2026/08","商品マスタが未設定","Month=2026/08, Amount=11000","請求明細の商品・名称・金額から商品を確定する"
"Medium","商品不足","ContractLineItem__c","a03RB00001NswmpYAB","株式会社穂積住宅_2024/12","商品マスタが未設定","Month=2024/12, Amount=33000","請求明細の商品・名称・金額から商品を確定する"
"Medium","商品不足","ContractLineItem__c","a03RB00001NswmqYAB","株式会社穂積住宅_2025/01","商品マスタが未設定","Month=2025/01, Amount=33000","請求明細の商品・名称・金額から商品を確定する"
"Medium","商品不足","ContractLineItem__c","a03RB00001NswmrYAB","株式会社穂積住宅_2025/02","商品マスタが未設定","Month=2025/02, Amount=33000","請求明細の商品・名称・金額から商品を確定する"
"Medium","商品不足","ContractLineItem__c","a03RB00001NswmsYAB","株式会社穂積住宅_2025/03","商品マスタが未設定","Month=2025/03, Amount=33000","請求明細の商品・名称・金額から商品を確定する"
"Medium","商品不足","ContractLineItem__c","a03RB00001NswmtYAB","株式会社穂積住宅_2025/04","商品マスタが未設定","Month=2025/04, Amount=33000","請求明細の商品・名称・金額から商品を確定する"
"Medium","商品不足","ContractLineItem__c","a03RB00001NswmuYAB","株式会社穂積住宅_2025/05","商品マスタが未設定","Month=2025/05, Amount=33000","請求明細の商品・名称・金額から商品を確定する"
"Medium","商品不足","ContractLineItem__c","a03RB00001NswmvYAB","株式会社穂積住宅_2025/06","商品マスタが未設定","Month=2025/06, Amount=33000","請求明細の商品・名称・金額から商品を確定する"
"Medium","商品不足","ContractLineItem__c","a03RB00001NswmwYAB","株式会社穂積住宅_2025/07","商品マスタが未設定","Month=2025/07, Amount=33000","請求明細の商品・名称・金額から商品を確定する"
"Medium","商品不足","ContractLineItem__c","a03RB00001NswmxYAB","株式会社穂積住宅_2025/08","商品マスタが未設定","Month=2025/08, Amount=33000","請求明細の商品・名称・金額から商品を確定する"
"Medium","商品不足","ContractLineItem__c","a03RB00001NswmyYAB","株式会社穂積住宅_2025/09","商品マスタが未設定","Month=2025/09, Amount=33000","請求明細の商品・名称・金額から商品を確定する"
"Medium","商品不足","ContractLineItem__c","a03RB00001NswmzYAB","株式会社穂積住宅_2025/10","商品マスタが未設定","Month=2025/10, Amount=33000","請求明細の商品・名称・金額から商品を確定する"
"Medium","商品不足","ContractLineItem__c","a03RB00001Nswn0YAB","株式会社穂積住宅_2025/11","商品マスタが未設定","Month=2025/11, Amount=33000","請求明細の商品・名称・金額から商品を確定する"
"Medium","商品不足","ContractLineItem__c","a03RB00001Nswn1YAB","株式会社穂積住宅_2025/12","商品マスタが未設定","Month=2025/12, Amount=33000","請求明細の商品・名称・金額から商品を確定する"
"Medium","商品不足","ContractLineItem__c","a03RB00001Nswn2YAB","株式会社穂積住宅_2026/01","商品マスタが未設定","Month=2026/01, Amount=33000","請求明細の商品・名称・金額から商品を確定する"
"Medium","商品不足","ContractLineItem__c","a03RB00001Nswn3YAB","株式会社穂積住宅_2026/02","商品マスタが未設定","Month=2026/02, Amount=33000","請求明細の商品・名称・金額から商品を確定する"
"Medium","商品不足","ContractLineItem__c","a03RB00001STmHjYAL","株式会社穂積住宅_2026/08","商品マスタが未設定","Month=2026/08, Amount=33000","請求明細の商品・名称・金額から商品を確定する"
"Medium","商品不足","ContractLineItem__c","a03RB00001NswlJYAR","㈱渚工務店 SmileHome_2024/09","商品マスタが未設定","Month=2024/09, Amount=11000","請求明細の商品・名称・金額から商品を確定する"
"Medium","商品不足","ContractLineItem__c","a03RB00001NswlKYAR","㈱渚工務店 SmileHome_2024/10","商品マスタが未設定","Month=2024/10, Amount=11000","請求明細の商品・名称・金額から商品を確定する"
"Medium","商品不足","ContractLineItem__c","a03RB00001NswlLYAR","㈱渚工務店 SmileHome_2024/11","商品マスタが未設定","Month=2024/11, Amount=11000","請求明細の商品・名称・金額から商品を確定する"
"Medium","商品不足","ContractLineItem__c","a03RB00001NswlMYAR","㈱渚工務店 SmileHome_2024/12","商品マスタが未設定","Month=2024/12, Amount=11000","請求明細の商品・名称・金額から商品を確定する"
"Medium","商品不足","ContractLineItem__c","a03RB00001NswlNYAR","㈱渚工務店 SmileHome_2025/01","商品マスタが未設定","Month=2025/01, Amount=11000","請求明細の商品・名称・金額から商品を確定する"
"Medium","商品不足","ContractLineItem__c","a03RB00001NswlOYAR","㈱渚工務店 SmileHome_2025/02","商品マスタが未設定","Month=2025/02, Amount=11000","請求明細の商品・名称・金額から商品を確定する"
"Medium","商品不足","ContractLineItem__c","a03RB00001NswjcYAB","近鉄不動産(セキュリティオプション月額）_2026/04","商品マスタが未設定","Month=2026/04, Amount=100000","請求明細の商品・名称・金額から商品を確定する"
"Medium","商品不足","ContractLineItem__c","a03RB00001NswjdYAB","近鉄不動産(セキュリティオプション月額）_2026/05","商品マスタが未設定","Month=2026/05, Amount=100000","請求明細の商品・名称・金額から商品を確定する"
"Medium","商品不足","ContractLineItem__c","a03RB00001RIRFDYA5","近鉄不動産(セキュリティオプション月額）_2026/06","商品マスタが未設定","Month=2026/06, Amount=100000","請求明細の商品・名称・金額から商品を確定する"
"Medium","商品不足","ContractLineItem__c","a03RB00001RcACDYA3","近鉄不動産(セキュリティオプション月額）_2026/07","商品マスタが未設定","Month=2026/07, Amount=100000","請求明細の商品・名称・金額から商品を確定する"
"Medium","商品不足","ContractLineItem__c","a03RB00001STmHXYA1","近鉄不動産(セキュリティオプション月額）_2026/08","商品マスタが未設定","Month=2026/08, Amount=100000","請求明細の商品・名称・金額から商品を確定する"
"Medium","商品不足","ContractLineItem__c","a03RB00001NswjZYAR","近鉄不動産_2026/04","商品マスタが未設定","Month=2026/04, Amount=165000","請求明細の商品・名称・金額から商品を確定する"
"Medium","商品不足","ContractLineItem__c","a03RB00001NswjaYAB","近鉄不動産_2026/05","商品マスタが未設定","Month=2026/05, Amount=165000","請求明細の商品・名称・金額から商品を確定する"
"Medium","商品不足","ContractLineItem__c","a03RB00001NswjbYAB","近鉄不動産_2026/06","商品マスタが未設定","Month=2026/06, Amount=180000","請求明細の商品・名称・金額から商品を確定する"
"Medium","商品不足","ContractLineItem__c","a03RB00001RcACCYA3","近鉄不動産_2026/07","商品マスタが未設定","Month=2026/07, Amount=180000","請求明細の商品・名称・金額から商品を確定する"
"Medium","商品不足","ContractLineItem__c","a03RB00001STmHWYA1","近鉄不動産_2026/08","商品マスタが未設定","Month=2026/08, Amount=180000","請求明細の商品・名称・金額から商品を確定する"
"Medium","商品不足","ContractLineItem__c","a03RB00001NswdqYAB","九州旅客鉄道株式会社 開発工事部_2025/06","商品マスタが未設定","Month=2025/06, Amount=8000","請求明細の商品・名称・金額から商品を確定する"
"Medium","商品不足","ContractLineItem__c","a03RB00001NswdrYAB","九州旅客鉄道株式会社 開発工事部_2025/07","商品マスタが未設定","Month=2025/07, Amount=8000","請求明細の商品・名称・金額から商品を確定する"
"Medium","商品不足","ContractLineItem__c","a03RB00001NswdsYAB","九州旅客鉄道株式会社 開発工事部_2025/08","商品マスタが未設定","Month=2025/08, Amount=8000","請求明細の商品・名称・金額から商品を確定する"
"Medium","商品不足","ContractLineItem__c","a03RB00001NswdtYAB","九州旅客鉄道株式会社 開発工事部_2025/09","商品マスタが未設定","Month=2025/09, Amount=8000","請求明細の商品・名称・金額から商品を確定する"
"Medium","商品不足","ContractLineItem__c","a03RB00001NswduYAB","九州旅客鉄道株式会社 開発工事部_2025/10","商品マスタが未設定","Month=2025/10, Amount=8000","請求明細の商品・名称・金額から商品を確定する"
"Medium","商品不足","ContractLineItem__c","a03RB00001NswdvYAB","九州旅客鉄道株式会社 開発工事部_2025/11","商品マスタが未設定","Month=2025/11, Amount=8000","請求明細の商品・名称・金額から商品を確定する"
"Medium","商品不足","ContractLineItem__c","a03RB00001NswdwYAB","九州旅客鉄道株式会社 開発工事部_2025/12","商品マスタが未設定","Month=2025/12, Amount=8000","請求明細の商品・名称・金額から商品を確定する"
"Medium","商品不足","ContractLineItem__c","a03RB00001NswdxYAB","九州旅客鉄道株式会社 開発工事部_2026/01","商品マスタが未設定","Month=2026/01, Amount=8000","請求明細の商品・名称・金額から商品を確定する"
"Medium","商品不足","ContractLineItem__c","a03RB00001NswdyYAB","九州旅客鉄道株式会社 開発工事部_2026/02","商品マスタが未設定","Month=2026/02, Amount=8000","請求明細の商品・名称・金額から商品を確定する"
"Medium","商品不足","ContractLineItem__c","a03RB00001NswdzYAB","九州旅客鉄道株式会社 開発工事部_2026/03","商品マスタが未設定","Month=2026/03, Amount=8000","請求明細の商品・名称・金額から商品を確定する"
"Medium","商品不足","ContractLineItem__c","a03RB00001Nswe0YAB","九州旅客鉄道株式会社 開発工事部_2026/04","商品マスタが未設定","Month=2026/04, Amount=8000","請求明細の商品・名称・金額から商品を確定する"
"Medium","商品不足","ContractLineItem__c","a03RB00001Nswe1YAB","九州旅客鉄道株式会社 開発工事部_2026/05","商品マスタが未設定","Month=2026/05, Amount=8000","請求明細の商品・名称・金額から商品を確定する"
"Medium","商品不足","ContractLineItem__c","a03RB00001RIRF0YAP","九州旅客鉄道株式会社　開発工事部_2026/06","商品マスタが未設定","Month=2026/06, Amount=8000","請求明細の商品・名称・金額から商品を確定する"
"Medium","商品不足","ContractLineItem__c","a03RB00001RcABcYAN","九州旅客鉄道株式会社　開発工事部_2026/07","商品マスタが未設定","Month=2026/07, Amount=8000","請求明細の商品・名称・金額から商品を確定する"
"Medium","商品不足","ContractLineItem__c","a03RB00001STmH8YAL","九州旅客鉄道株式会社　開発工事部_2026/08","商品マスタが未設定","Month=2026/08, Amount=8000","請求明細の商品・名称・金額から商品を確定する"
"Medium","商品不足","ContractLineItem__c","a03RB00001NswZLYAZ","九州旅客鉄道株式会社 工事部施設課_2024/12","商品マスタが未設定","Month=2024/12, Amount=8000","請求明細の商品・名称・金額から商品を確定する"
"Medium","商品不足","ContractLineItem__c","a03RB00001NswZMYAZ","九州旅客鉄道株式会社 工事部施設課_2025/01","商品マスタが未設定","Month=2025/01, Amount=8000","請求明細の商品・名称・金額から商品を確定する"
"Medium","商品不足","ContractLineItem__c","a03RB00001NswZNYAZ","九州旅客鉄道株式会社 工事部施設課_2025/02","商品マスタが未設定","Month=2025/02, Amount=8000","請求明細の商品・名称・金額から商品を確定する"
"Medium","商品不足","ContractLineItem__c","a03RB00001NswZOYAZ","九州旅客鉄道株式会社 工事部施設課_2025/03","商品マスタが未設定","Month=2025/03, Amount=8000","請求明細の商品・名称・金額から商品を確定する"
"Medium","商品不足","ContractLineItem__c","a03RB00001NswZPYAZ","九州旅客鉄道株式会社 工事部施設課_2025/04","商品マスタが未設定","Month=2025/04, Amount=8000","請求明細の商品・名称・金額から商品を確定する"
"Medium","商品不足","ContractLineItem__c","a03RB00001NswZQYAZ","九州旅客鉄道株式会社 工事部施設課_2025/05","商品マスタが未設定","Month=2025/05, Amount=8000","請求明細の商品・名称・金額から商品を確定する"
"Medium","商品不足","ContractLineItem__c","a03RB00001NswZRYAZ","九州旅客鉄道株式会社 工事部施設課_2025/06","商品マスタが未設定","Month=2025/06, Amount=8000","請求明細の商品・名称・金額から商品を確定する"
"Medium","商品不足","ContractLineItem__c","a03RB00001NswZSYAZ","九州旅客鉄道株式会社 工事部施設課_2025/07","商品マスタが未設定","Month=2025/07, Amount=8000","請求明細の商品・名称・金額から商品を確定する"
"Medium","商品不足","ContractLineItem__c","a03RB00001NswZTYAZ","九州旅客鉄道株式会社 工事部施設課_2025/08","商品マスタが未設定","Month=2025/08, Amount=8000","請求明細の商品・名称・金額から商品を確定する"
"Medium","商品不足","ContractLineItem__c","a03RB00001NswZUYAZ","九州旅客鉄道株式会社 工事部施設課_2025/09","商品マスタが未設定","Month=2025/09, Amount=8000","請求明細の商品・名称・金額から商品を確定する"
"Medium","商品不足","ContractLineItem__c","a03RB00001NswZVYAZ","九州旅客鉄道株式会社 工事部施設課_2025/10","商品マスタが未設定","Month=2025/10, Amount=8000","請求明細の商品・名称・金額から商品を確定する"
"Medium","商品不足","ContractLineItem__c","a03RB00001NswZWYAZ","九州旅客鉄道株式会社 工事部施設課_2025/11","商品マスタが未設定","Month=2025/11, Amount=8000","請求明細の商品・名称・金額から商品を確定する"
"Medium","商品不足","ContractLineItem__c","a03RB00001NswZXYAZ","九州旅客鉄道株式会社 工事部施設課_2025/12","商品マスタが未設定","Month=2025/12, Amount=8000","請求明細の商品・名称・金額から商品を確定する"
"Medium","商品不足","ContractLineItem__c","a03RB00001NswZYYAZ","九州旅客鉄道株式会社 工事部施設課_2026/01","商品マスタが未設定","Month=2026/01, Amount=8000","請求明細の商品・名称・金額から商品を確定する"
"Medium","商品不足","ContractLineItem__c","a03RB00001NswZZYAZ","九州旅客鉄道株式会社 工事部施設課_2026/02","商品マスタが未設定","Month=2026/02, Amount=8000","請求明細の商品・名称・金額から商品を確定する"
"Medium","商品不足","ContractLineItem__c","a03RB00001NswZaYAJ","九州旅客鉄道株式会社 工事部施設課_2026/03","商品マスタが未設定","Month=2026/03, Amount=8000","請求明細の商品・名称・金額から商品を確定する"
"Medium","商品不足","ContractLineItem__c","a03RB00001NswZbYAJ","九州旅客鉄道株式会社 工事部施設課_2026/04","商品マスタが未設定","Month=2026/04, Amount=8000","請求明細の商品・名称・金額から商品を確定する"
"Medium","商品不足","ContractLineItem__c","a03RB00001NswZcYAJ","九州旅客鉄道株式会社 工事部施設課_2026/05","商品マスタが未設定","Month=2026/05, Amount=8000","請求明細の商品・名称・金額から商品を確定する"
"Medium","商品不足","ContractLineItem__c","a03RB00001RIREjYAP","九州旅客鉄道株式会社　工事部施設課_2026/06","商品マスタが未設定","Month=2026/06, Amount=8000","請求明細の商品・名称・金額から商品を確定する"
"Medium","商品不足","ContractLineItem__c","a03RB00001RcABKYA3","九州旅客鉄道株式会社　工事部施設課_2026/07","商品マスタが未設定","Month=2026/07, Amount=8000","請求明細の商品・名称・金額から商品を確定する"
"Medium","商品不足","ContractLineItem__c","a03RB00001STmGxYAL","九州旅客鉄道株式会社　工事部施設課_2026/08","商品マスタが未設定","Month=2026/08, Amount=8000","請求明細の商品・名称・金額から商品を確定する"
"Medium","商品不足","ContractLineItem__c","a03RB00001NswcxYAB","九州旅客鉄道株式会社 博多設備区_2025/05","商品マスタが未設定","Month=2025/05, Amount=8000","請求明細の商品・名称・金額から商品を確定する"
"Medium","商品不足","ContractLineItem__c","a03RB00001NswcyYAB","九州旅客鉄道株式会社 博多設備区_2025/06","商品マスタが未設定","Month=2025/06, Amount=8000","請求明細の商品・名称・金額から商品を確定する"
"Medium","商品不足","ContractLineItem__c","a03RB00001NswczYAB","九州旅客鉄道株式会社 博多設備区_2025/07","商品マスタが未設定","Month=2025/07, Amount=8000","請求明細の商品・名称・金額から商品を確定する"
"Medium","商品不足","ContractLineItem__c","a03RB00001Nswd0YAB","九州旅客鉄道株式会社 博多設備区_2025/08","商品マスタが未設定","Month=2025/08, Amount=8000","請求明細の商品・名称・金額から商品を確定する"
"Medium","商品不足","ContractLineItem__c","a03RB00001Nswd1YAB","九州旅客鉄道株式会社 博多設備区_2025/09","商品マスタが未設定","Month=2025/09, Amount=8000","請求明細の商品・名称・金額から商品を確定する"
"Medium","商品不足","ContractLineItem__c","a03RB00001Nswd2YAB","九州旅客鉄道株式会社 博多設備区_2025/10","商品マスタが未設定","Month=2025/10, Amount=8000","請求明細の商品・名称・金額から商品を確定する"
"Medium","商品不足","ContractLineItem__c","a03RB00001Nswd3YAB","九州旅客鉄道株式会社 博多設備区_2025/11","商品マスタが未設定","Month=2025/11, Amount=8000","請求明細の商品・名称・金額から商品を確定する"
"Medium","商品不足","ContractLineItem__c","a03RB00001Nswd4YAB","九州旅客鉄道株式会社 博多設備区_2025/12","商品マスタが未設定","Month=2025/12, Amount=8000","請求明細の商品・名称・金額から商品を確定する"
"Medium","商品不足","ContractLineItem__c","a03RB00001Nswd5YAB","九州旅客鉄道株式会社 博多設備区_2026/01","商品マスタが未設定","Month=2026/01, Amount=8000","請求明細の商品・名称・金額から商品を確定する"
"Medium","商品不足","ContractLineItem__c","a03RB00001Nswd6YAB","九州旅客鉄道株式会社 博多設備区_2026/02","商品マスタが未設定","Month=2026/02, Amount=8000","請求明細の商品・名称・金額から商品を確定する"
"Medium","商品不足","ContractLineItem__c","a03RB00001Nswd7YAB","九州旅客鉄道株式会社 博多設備区_2026/03","商品マスタが未設定","Month=2026/03, Amount=8000","請求明細の商品・名称・金額から商品を確定する"
"Medium","商品不足","ContractLineItem__c","a03RB00001Nswd8YAB","九州旅客鉄道株式会社 博多設備区_2026/04","商品マスタが未設定","Month=2026/04, Amount=8000","請求明細の商品・名称・金額から商品を確定する"
"Medium","商品不足","ContractLineItem__c","a03RB00001Nswd9YAB","九州旅客鉄道株式会社 博多設備区_2026/05","商品マスタが未設定","Month=2026/05, Amount=8000","請求明細の商品・名称・金額から商品を確定する"
"Medium","商品不足","ContractLineItem__c","a03RB00001RIRExYAP","九州旅客鉄道株式会社　博多設備区_2026/06","商品マスタが未設定","Month=2026/06, Amount=8000","請求明細の商品・名称・金額から商品を確定する"
"Medium","商品不足","ContractLineItem__c","a03RB00001RcABZYA3","九州旅客鉄道株式会社　博多設備区_2026/07","商品マスタが未設定","Month=2026/07, Amount=8000","請求明細の商品・名称・金額から商品を確定する"
"Medium","商品不足","ContractLineItem__c","a03RB00001STmH5YAL","九州旅客鉄道株式会社　博多設備区_2026/08","商品マスタが未設定","Month=2026/08, Amount=8000","請求明細の商品・名称・金額から商品を確定する"
"Medium","商品不足","ContractLineItem__c","a03RB00001NswXFYAZ","戸田建設(開発推進部:年額)_2024/11","商品マスタが未設定","Month=2024/11, Amount=88000","請求明細の商品・名称・金額から商品を確定する"
"Medium","商品不足","ContractLineItem__c","a03RB00001NswXGYAZ","戸田建設(開発推進部:年額)_2024/12","商品マスタが未設定","Month=2024/12, Amount=88000","請求明細の商品・名称・金額から商品を確定する"
"Medium","商品不足","ContractLineItem__c","a03RB00001NswXHYAZ","戸田建設(開発推進部:年額)_2025/01","商品マスタが未設定","Month=2025/01, Amount=88000","請求明細の商品・名称・金額から商品を確定する"
"Medium","商品不足","ContractLineItem__c","a03RB00001NswXIYAZ","戸田建設(開発推進部:年額)_2025/02","商品マスタが未設定","Month=2025/02, Amount=264000","請求明細の商品・名称・金額から商品を確定する"
"Medium","商品不足","ContractLineItem__c","a03RB00001NswXJYAZ","戸田建設(開発推進部:年額)_2025/03","商品マスタが未設定","Month=2025/03, Amount=","請求明細の商品・名称・金額から商品を確定する"
"Medium","商品不足","ContractLineItem__c","a03RB00001NswXKYAZ","戸田建設(開発推進部:年額)_2025/04","商品マスタが未設定","Month=2025/04, Amount=","請求明細の商品・名称・金額から商品を確定する"
"Medium","商品不足","ContractLineItem__c","a03RB00001NswXLYAZ","戸田建設(開発推進部:年額)_2025/05","商品マスタが未設定","Month=2025/05, Amount=","請求明細の商品・名称・金額から商品を確定する"
"Medium","商品不足","ContractLineItem__c","a03RB00001NswXMYAZ","戸田建設(開発推進部:年額)_2025/06","商品マスタが未設定","Month=2025/06, Amount=","請求明細の商品・名称・金額から商品を確定する"
"Medium","商品不足","ContractLineItem__c","a03RB00001NswXNYAZ","戸田建設(開発推進部:年額)_2025/07","商品マスタが未設定","Month=2025/07, Amount=","請求明細の商品・名称・金額から商品を確定する"
"Medium","商品不足","ContractLineItem__c","a03RB00001NswXOYAZ","戸田建設(開発推進部:年額)_2025/08","商品マスタが未設定","Month=2025/08, Amount=","請求明細の商品・名称・金額から商品を確定する"
"Medium","商品不足","ContractLineItem__c","a03RB00001NswXPYAZ","戸田建設(開発推進部:年額)_2025/09","商品マスタが未設定","Month=2025/09, Amount=","請求明細の商品・名称・金額から商品を確定する"
"Medium","商品不足","ContractLineItem__c","a03RB00001NswXQYAZ","戸田建設(開発推進部:年額)_2025/10","商品マスタが未設定","Month=2025/10, Amount=","請求明細の商品・名称・金額から商品を確定する"
"Medium","商品不足","ContractLineItem__c","a03RB00001NswXRYAZ","戸田建設(開発推進部:年額)_2025/11","商品マスタが未設定","Month=2025/11, Amount=","請求明細の商品・名称・金額から商品を確定する"
"Medium","商品不足","ContractLineItem__c","a03RB00001NswXSYAZ","戸田建設(開発推進部:年額)_2025/12","商品マスタが未設定","Month=2025/12, Amount=","請求明細の商品・名称・金額から商品を確定する"
"Medium","商品不足","ContractLineItem__c","a03RB00001NswXTYAZ","戸田建設(開発推進部:年額)_2026/01","商品マスタが未設定","Month=2026/01, Amount=","請求明細の商品・名称・金額から商品を確定する"
"Medium","商品不足","ContractLineItem__c","a03RB00001NswZmYAJ","戸田建設(設計部:月額)_2025/02","商品マスタが未設定","Month=2025/02, Amount=22000","請求明細の商品・名称・金額から商品を確定する"
"Medium","商品不足","ContractLineItem__c","a03RB00001NswZnYAJ","戸田建設(設計部:月額)_2025/03","商品マスタが未設定","Month=2025/03, Amount=22000","請求明細の商品・名称・金額から商品を確定する"
"Medium","商品不足","ContractLineItem__c","a03RB00001NswZoYAJ","戸田建設(設計部:月額)_2025/04","商品マスタが未設定","Month=2025/04, Amount=22000","請求明細の商品・名称・金額から商品を確定する"
"Medium","商品不足","ContractLineItem__c","a03RB00001NswZpYAJ","戸田建設(設計部:月額)_2025/05","商品マスタが未設定","Month=2025/05, Amount=22000","請求明細の商品・名称・金額から商品を確定する"
"Medium","商品不足","ContractLineItem__c","a03RB00001NswZqYAJ","戸田建設(設計部:月額)_2025/06","商品マスタが未設定","Month=2025/06, Amount=22000","請求明細の商品・名称・金額から商品を確定する"
"Medium","商品不足","ContractLineItem__c","a03RB00001NswZrYAJ","戸田建設(設計部:月額)_2025/07","商品マスタが未設定","Month=2025/07, Amount=22000","請求明細の商品・名称・金額から商品を確定する"
"Medium","商品不足","ContractLineItem__c","a03RB00001NswZsYAJ","戸田建設(設計部:月額)_2025/08","商品マスタが未設定","Month=2025/08, Amount=55000","請求明細の商品・名称・金額から商品を確定する"
"Medium","商品不足","ContractLineItem__c","a03RB00001NswZtYAJ","戸田建設(設計部:月額)_2025/09","商品マスタが未設定","Month=2025/09, Amount=55000","請求明細の商品・名称・金額から商品を確定する"
"Medium","商品不足","ContractLineItem__c","a03RB00001NswZuYAJ","戸田建設(設計部:月額)_2025/10","商品マスタが未設定","Month=2025/10, Amount=55000","請求明細の商品・名称・金額から商品を確定する"
"Medium","商品不足","ContractLineItem__c","a03RB00001NswZvYAJ","戸田建設(設計部:月額)_2025/11","商品マスタが未設定","Month=2025/11, Amount=55000","請求明細の商品・名称・金額から商品を確定する"
"Medium","商品不足","ContractLineItem__c","a03RB00001NswZwYAJ","戸田建設(設計部:月額)_2025/12","商品マスタが未設定","Month=2025/12, Amount=55000","請求明細の商品・名称・金額から商品を確定する"
"Medium","商品不足","ContractLineItem__c","a03RB00001NswZxYAJ","戸田建設(設計部:月額)_2026/01","商品マスタが未設定","Month=2026/01, Amount=55000","請求明細の商品・名称・金額から商品を確定する"
"Medium","商品不足","ContractLineItem__c","a03RB00001NswZyYAJ","戸田建設(設計部:月額)_2026/02","商品マスタが未設定","Month=2026/02, Amount=55000","請求明細の商品・名称・金額から商品を確定する"
"Medium","商品不足","ContractLineItem__c","a03RB00001NswZzYAJ","戸田建設(設計部:月額)_2026/03","商品マスタが未設定","Month=2026/03, Amount=55000","請求明細の商品・名称・金額から商品を確定する"
"Medium","商品不足","ContractLineItem__c","a03RB00001STmGyYAL","戸田建設(設計部:月額)_2026/08","商品マスタが未設定","Month=2026/08, Amount=55000","請求明細の商品・名称・金額から商品を確定する"
"Medium","商品不足","ContractLineItem__c","a03RB00001NswcYYAR","高松テクノサービス株式会社 ＊年払い、特別価格_2025/05","商品マスタが未設定","Month=2025/05, Amount=15834","請求明細の商品・名称・金額から商品を確定する"
"Medium","商品不足","ContractLineItem__c","a03RB00001NswcZYAR","高松テクノサービス株式会社 ＊年払い、特別価格_2025/06","商品マスタが未設定","Month=2025/06, Amount=15834","請求明細の商品・名称・金額から商品を確定する"
"Medium","商品不足","ContractLineItem__c","a03RB00001NswcaYAB","高松テクノサービス株式会社 ＊年払い、特別価格_2025/07","商品マスタが未設定","Month=2025/07, Amount=15834","請求明細の商品・名称・金額から商品を確定する"
"Medium","商品不足","ContractLineItem__c","a03RB00001NswcbYAB","高松テクノサービス株式会社 ＊年払い、特別価格_2025/08","商品マスタが未設定","Month=2025/08, Amount=15834","請求明細の商品・名称・金額から商品を確定する"
"Medium","商品不足","ContractLineItem__c","a03RB00001NswccYAB","高松テクノサービス株式会社 ＊年払い、特別価格_2025/09","商品マスタが未設定","Month=2025/09, Amount=15834","請求明細の商品・名称・金額から商品を確定する"
"Medium","商品不足","ContractLineItem__c","a03RB00001NswcdYAB","高松テクノサービス株式会社 ＊年払い、特別価格_2025/10","商品マスタが未設定","Month=2025/10, Amount=15834","請求明細の商品・名称・金額から商品を確定する"
"Medium","商品不足","ContractLineItem__c","a03RB00001NswceYAB","高松テクノサービス株式会社 ＊年払い、特別価格_2025/11","商品マスタが未設定","Month=2025/11, Amount=15834","請求明細の商品・名称・金額から商品を確定する"
"Medium","商品不足","ContractLineItem__c","a03RB00001NswcfYAB","高松テクノサービス株式会社 ＊年払い、特別価格_2025/12","商品マスタが未設定","Month=2025/12, Amount=15834","請求明細の商品・名称・金額から商品を確定する"
"Medium","商品不足","ContractLineItem__c","a03RB00001NswcgYAB","高松テクノサービス株式会社 ＊年払い、特別価格_2026/01","商品マスタが未設定","Month=2026/01, Amount=15834","請求明細の商品・名称・金額から商品を確定する"
"Medium","商品不足","ContractLineItem__c","a03RB00001NswchYAB","高松テクノサービス株式会社 ＊年払い、特別価格_2026/02","商品マスタが未設定","Month=2026/02, Amount=15834","請求明細の商品・名称・金額から商品を確定する"
"Medium","商品不足","ContractLineItem__c","a03RB00001NswciYAB","高松テクノサービス株式会社 ＊年払い、特別価格_2026/03","商品マスタが未設定","Month=2026/03, Amount=15834","請求明細の商品・名称・金額から商品を確定する"
"Medium","商品不足","ContractLineItem__c","a03RB00001NswcjYAB","高松テクノサービス株式会社 ＊年払い、特別価格_2026/04","商品マスタが未設定","Month=2026/04, Amount=15834","請求明細の商品・名称・金額から商品を確定する"
"Medium","商品不足","ContractLineItem__c","a03RB00001NswkcYAB","合同会社小島屋_2026/06","商品マスタが未設定","Month=2026/06, Amount=8000","請求明細の商品・名称・金額から商品を確定する"
"Medium","商品不足","ContractLineItem__c","a03RB00001RcACMYA3","合同会社小島屋_2026/07","商品マスタが未設定","Month=2026/07, Amount=8000","請求明細の商品・名称・金額から商品を確定する"
"Medium","商品不足","ContractLineItem__c","a03RB00001STmHgYAL","合同会社小島屋_2026/08","商品マスタが未設定","Month=2026/08, Amount=8000","請求明細の商品・名称・金額から商品を確定する"
"Medium","商品不足","ContractLineItem__c","a03RB00001NswavYAB","佐伯綜合建設(大塚商会)_2025/02","商品マスタが未設定","Month=2025/02, Amount=6400","請求明細の商品・名称・金額から商品を確定する"
"Medium","商品不足","ContractLineItem__c","a03RB00001NswawYAB","佐伯綜合建設(大塚商会)_2025/03","商品マスタが未設定","Month=2025/03, Amount=6400","請求明細の商品・名称・金額から商品を確定する"
"Medium","商品不足","ContractLineItem__c","a03RB00001NswaxYAB","佐伯綜合建設(大塚商会)_2025/04","商品マスタが未設定","Month=2025/04, Amount=6400","請求明細の商品・名称・金額から商品を確定する"
"Medium","商品不足","ContractLineItem__c","a03RB00001NswayYAB","佐伯綜合建設(大塚商会)_2025/05","商品マスタが未設定","Month=2025/05, Amount=6400","請求明細の商品・名称・金額から商品を確定する"
"Medium","商品不足","ContractLineItem__c","a03RB00001NswazYAB","佐伯綜合建設(大塚商会)_2025/06","商品マスタが未設定","Month=2025/06, Amount=6400","請求明細の商品・名称・金額から商品を確定する"
"Medium","商品不足","ContractLineItem__c","a03RB00001Nswb0YAB","佐伯綜合建設(大塚商会)_2025/07","商品マスタが未設定","Month=2025/07, Amount=6400","請求明細の商品・名称・金額から商品を確定する"
"Medium","商品不足","ContractLineItem__c","a03RB00001Nswb1YAB","佐伯綜合建設(大塚商会)_2025/08","商品マスタが未設定","Month=2025/08, Amount=6400","請求明細の商品・名称・金額から商品を確定する"
"Medium","商品不足","ContractLineItem__c","a03RB00001Nswb2YAB","佐伯綜合建設(大塚商会)_2025/09","商品マスタが未設定","Month=2025/09, Amount=6400","請求明細の商品・名称・金額から商品を確定する"
"Medium","商品不足","ContractLineItem__c","a03RB00001Nswb3YAB","佐伯綜合建設(大塚商会)_2025/10","商品マスタが未設定","Month=2025/10, Amount=6400","請求明細の商品・名称・金額から商品を確定する"
"Medium","商品不足","ContractLineItem__c","a03RB00001Nswb4YAB","佐伯綜合建設(大塚商会)_2025/11","商品マスタが未設定","Month=2025/11, Amount=6400","請求明細の商品・名称・金額から商品を確定する"
"Medium","商品不足","ContractLineItem__c","a03RB00001Nswb5YAB","佐伯綜合建設(大塚商会)_2025/12","商品マスタが未設定","Month=2025/12, Amount=6400","請求明細の商品・名称・金額から商品を確定する"
"Medium","商品不足","ContractLineItem__c","a03RB00001Nswb6YAB","佐伯綜合建設(大塚商会)_2026/01","商品マスタが未設定","Month=2026/01, Amount=6400","請求明細の商品・名称・金額から商品を確定する"
"Medium","商品不足","ContractLineItem__c","a03RB00001Nswb7YAB","佐伯綜合建設(大塚商会)_2026/02","商品マスタが未設定","Month=2026/02, Amount=6400","請求明細の商品・名称・金額から商品を確定する"
"Medium","商品不足","ContractLineItem__c","a03RB00001Nswb8YAB","佐伯綜合建設(大塚商会)_2026/03","商品マスタが未設定","Month=2026/03, Amount=6400","請求明細の商品・名称・金額から商品を確定する"
"Medium","商品不足","ContractLineItem__c","a03RB00001Nswb9YAB","佐伯綜合建設(大塚商会)_2026/04","商品マスタが未設定","Month=2026/04, Amount=6400","請求明細の商品・名称・金額から商品を確定する"
"Medium","商品不足","ContractLineItem__c","a03RB00001NswbAYAR","佐伯綜合建設(大塚商会)_2026/05","商品マスタが未設定","Month=2026/05, Amount=6400","請求明細の商品・名称・金額から商品を確定する"
"Medium","商品不足","ContractLineItem__c","a03RB00001NswbBYAR","佐伯綜合建設(大塚商会)_2026/06","商品マスタが未設定","Month=2026/06, Amount=6400","請求明細の商品・名称・金額から商品を確定する"
"Medium","商品不足","ContractLineItem__c","a03RB00001NswbCYAR","佐伯綜合建設(大塚商会)_2026/07","商品マスタが未設定","Month=2026/07, Amount=6400","請求明細の商品・名称・金額から商品を確定する"
"Medium","商品不足","ContractLineItem__c","a03RB00001NswbDYAR","佐伯綜合建設(大塚商会)_2026/08","商品マスタが未設定","Month=2026/08, Amount=6400","請求明細の商品・名称・金額から商品を確定する"
"Medium","商品不足","ContractLineItem__c","a03RB00001NswbEYAR","佐伯綜合建設(大塚商会)_2026/09","商品マスタが未設定","Month=2026/09, Amount=6400","請求明細の商品・名称・金額から商品を確定する"
"Medium","商品不足","ContractLineItem__c","a03RB00001NswbFYAR","佐伯綜合建設(大塚商会)_2026/10","商品マスタが未設定","Month=2026/10, Amount=6400","請求明細の商品・名称・金額から商品を確定する"
"Medium","商品不足","ContractLineItem__c","a03RB00001NswbGYAR","佐伯綜合建設(大塚商会)_2026/11","商品マスタが未設定","Month=2026/11, Amount=6400","請求明細の商品・名称・金額から商品を確定する"
"Medium","商品不足","ContractLineItem__c","a03RB00001NswbHYAR","佐伯綜合建設(大塚商会)_2026/12","商品マスタが未設定","Month=2026/12, Amount=6400","請求明細の商品・名称・金額から商品を確定する"
"Medium","商品不足","ContractLineItem__c","a03RB00001NswbIYAR","佐伯綜合建設(大塚商会)_2027/01","商品マスタが未設定","Month=2027/01, Amount=6400","請求明細の商品・名称・金額から商品を確定する"
"Medium","商品不足","ContractLineItem__c","a03RB00001NswWgYAJ","三井デザインテック_2024/09","商品マスタが未設定","Month=2024/09, Amount=20000","請求明細の商品・名称・金額から商品を確定する"
"Medium","商品不足","ContractLineItem__c","a03RB00001NswWhYAJ","三井デザインテック_2024/10","商品マスタが未設定","Month=2024/10, Amount=20000","請求明細の商品・名称・金額から商品を確定する"
"Medium","商品不足","ContractLineItem__c","a03RB00001NswWiYAJ","三井デザインテック_2024/11","商品マスタが未設定","Month=2024/11, Amount=20000","請求明細の商品・名称・金額から商品を確定する"
"Medium","商品不足","ContractLineItem__c","a03RB00001NswWjYAJ","三井デザインテック_2024/12","商品マスタが未設定","Month=2024/12, Amount=20000","請求明細の商品・名称・金額から商品を確定する"
"Medium","商品不足","ContractLineItem__c","a03RB00001NswWkYAJ","三井デザインテック_2025/01","商品マスタが未設定","Month=2025/01, Amount=20000","請求明細の商品・名称・金額から商品を確定する"
"Medium","商品不足","ContractLineItem__c","a03RB00001NswWlYAJ","三井デザインテック_2025/02","商品マスタが未設定","Month=2025/02, Amount=20000","請求明細の商品・名称・金額から商品を確定する"
"Medium","商品不足","ContractLineItem__c","a03RB00001NswWmYAJ","三井デザインテック_2025/03","商品マスタが未設定","Month=2025/03, Amount=20000","請求明細の商品・名称・金額から商品を確定する"
"Medium","商品不足","ContractLineItem__c","a03RB00001Nswl1YAB","三井不動産レジデンシャルリース_2024/10","商品マスタが未設定","Month=2024/10, Amount=11000","請求明細の商品・名称・金額から商品を確定する"
"Medium","商品不足","ContractLineItem__c","a03RB00001Nswl2YAB","三井不動産レジデンシャルリース_2025/05","商品マスタが未設定","Month=2025/05, Amount=11000","請求明細の商品・名称・金額から商品を確定する"
"Medium","商品不足","ContractLineItem__c","a03RB00001Nswh5YAB","三菱地所レジデンス株式会社_2026/01","商品マスタが未設定","Month=2026/01, Amount=16000","請求明細の商品・名称・金額から商品を確定する"
"Medium","商品不足","ContractLineItem__c","a03RB00001Nswh6YAB","三菱地所レジデンス株式会社_2026/02","商品マスタが未設定","Month=2026/02, Amount=16000","請求明細の商品・名称・金額から商品を確定する"
"Medium","商品不足","ContractLineItem__c","a03RB00001Nswh8YAB","三菱地所レジデンス株式会社_2026/04","商品マスタが未設定","Month=2026/04, Amount=16000","請求明細の商品・名称・金額から商品を確定する"
"Medium","商品不足","ContractLineItem__c","a03RB00001NswhAYAR","三菱地所レジデンス株式会社_2026/06","商品マスタが未設定","Month=2026/06, Amount=16000","請求明細の商品・名称・金額から商品を確定する"
"Medium","商品不足","ContractLineItem__c","a03RB00001RcABtYAN","三菱地所レジデンス株式会社_2026/07","商品マスタが未設定","Month=2026/07, Amount=140000","請求明細の商品・名称・金額から商品を確定する"
"Medium","商品不足","ContractLineItem__c","a03RB00001NswhBYAR","三菱地所レジデンス株式会社_2026/08","商品マスタが未設定","Month=2026/08, Amount=140000","請求明細の商品・名称・金額から商品を確定する"
"Medium","商品不足","ContractLineItem__c","a03RB00001Nswf0YAB","三菱地所株式会社(DX推進部)_2025/10","商品マスタが未設定","Month=2025/10, Amount=16000","請求明細の商品・名称・金額から商品を確定する"
"Medium","商品不足","ContractLineItem__c","a03RB00001Nswf1YAB","三菱地所株式会社(DX推進部)_2025/11","商品マスタが未設定","Month=2025/11, Amount=16000","請求明細の商品・名称・金額から商品を確定する"
"Medium","商品不足","ContractLineItem__c","a03RB00001Nswf2YAB","三菱地所株式会社(DX推進部)_2025/12","商品マスタが未設定","Month=2025/12, Amount=16000","請求明細の商品・名称・金額から商品を確定する"
"Medium","商品不足","ContractLineItem__c","a03RB00001Nswf3YAB","三菱地所株式会社(DX推進部)_2026/01","商品マスタが未設定","Month=2026/01, Amount=16000","請求明細の商品・名称・金額から商品を確定する"
"Medium","商品不足","ContractLineItem__c","a03RB00001Nswf4YAB","三菱地所株式会社(DX推進部)_2026/02","商品マスタが未設定","Month=2026/02, Amount=16000","請求明細の商品・名称・金額から商品を確定する"
"Medium","商品不足","ContractLineItem__c","a03RB00001Nswf5YAB","三菱地所株式会社(DX推進部)_2026/03","商品マスタが未設定","Month=2026/03, Amount=16000","請求明細の商品・名称・金額から商品を確定する"
"Medium","商品不足","ContractLineItem__c","a03RB00001Nswf6YAB","三菱地所株式会社(DX推進部)_2026/04","商品マスタが未設定","Month=2026/04, Amount=16000","請求明細の商品・名称・金額から商品を確定する"
"Medium","商品不足","ContractLineItem__c","a03RB00001Nswf7YAB","三菱地所株式会社(DX推進部)_2026/05","商品マスタが未設定","Month=2026/05, Amount=16000","請求明細の商品・名称・金額から商品を確定する"
"Medium","商品不足","ContractLineItem__c","a03RB00001RIRF8YAP","三菱地所株式会社(DX推進部)_2026/06","商品マスタが未設定","Month=2026/06, Amount=16000","請求明細の商品・名称・金額から商品を確定する"
"Medium","商品不足","ContractLineItem__c","a03RB00001RcABnYAN","三菱地所株式会社(DX推進部)_2026/07","商品マスタが未設定","Month=2026/07, Amount=16000","請求明細の商品・名称・金額から商品を確定する"
"Medium","商品不足","ContractLineItem__c","a03RB00001STmHDYA1","三菱地所株式会社(DX推進部)_2026/08","商品マスタが未設定","Month=2026/08, Amount=16000","請求明細の商品・名称・金額から商品を確定する"
"Medium","商品不足","ContractLineItem__c","a03RB00001Nswk9YAB","若築建設株式会社_2026/05","商品マスタが未設定","Month=2026/05, Amount=8000","請求明細の商品・名称・金額から商品を確定する"
"Medium","商品不足","ContractLineItem__c","a03RB00001NswkAYAR","若築建設株式会社_2026/06","商品マスタが未設定","Month=2026/06, Amount=8000","請求明細の商品・名称・金額から商品を確定する"
"Medium","商品不足","ContractLineItem__c","a03RB00001NswkBYAR","若築建設株式会社_2026/07","商品マスタが未設定","Month=2026/07, Amount=8000","請求明細の商品・名称・金額から商品を確定する"
"Medium","商品不足","ContractLineItem__c","a03RB00001NswkCYAR","若築建設株式会社_2026/08","商品マスタが未設定","Month=2026/08, Amount=8000","請求明細の商品・名称・金額から商品を確定する"
"Medium","商品不足","ContractLineItem__c","a03RB00001NswkDYAR","若築建設株式会社_2026/09","商品マスタが未設定","Month=2026/09, Amount=8000","請求明細の商品・名称・金額から商品を確定する"
"Medium","商品不足","ContractLineItem__c","a03RB00001NswkEYAR","若築建設株式会社_2026/10","商品マスタが未設定","Month=2026/10, Amount=8000","請求明細の商品・名称・金額から商品を確定する"
"Medium","商品不足","ContractLineItem__c","a03RB00001NswkFYAR","若築建設株式会社_2026/11","商品マスタが未設定","Month=2026/11, Amount=8000","請求明細の商品・名称・金額から商品を確定する"
"Medium","商品不足","ContractLineItem__c","a03RB00001NswkGYAR","若築建設株式会社_2026/12","商品マスタが未設定","Month=2026/12, Amount=8000","請求明細の商品・名称・金額から商品を確定する"
"Medium","商品不足","ContractLineItem__c","a03RB00001NswkHYAR","若築建設株式会社_2027/01","商品マスタが未設定","Month=2027/01, Amount=8000","請求明細の商品・名称・金額から商品を確定する"
"Medium","商品不足","ContractLineItem__c","a03RB00001NswkIYAR","若築建設株式会社_2027/02","商品マスタが未設定","Month=2027/02, Amount=8000","請求明細の商品・名称・金額から商品を確定する"
"Medium","商品不足","ContractLineItem__c","a03RB00001NswkJYAR","若築建設株式会社_2027/03","商品マスタが未設定","Month=2027/03, Amount=8000","請求明細の商品・名称・金額から商品を確定する"
"Medium","商品不足","ContractLineItem__c","a03RB00001NswkKYAR","若築建設株式会社_2027/04","商品マスタが未設定","Month=2027/04, Amount=8000","請求明細の商品・名称・金額から商品を確定する"
"Medium","商品不足","ContractLineItem__c","a03RB00001Nswr2YAB","松栄不動産株式会社_2025/06","商品マスタが未設定","Month=2025/06, Amount=11000","請求明細の商品・名称・金額から商品を確定する"
"Medium","商品不足","ContractLineItem__c","a03RB00001Nswr3YAB","松栄不動産株式会社_2025/07","商品マスタが未設定","Month=2025/07, Amount=11000","請求明細の商品・名称・金額から商品を確定する"
"Medium","商品不足","ContractLineItem__c","a03RB00001Nswr4YAB","松栄不動産株式会社_2025/08","商品マスタが未設定","Month=2025/08, Amount=11000","請求明細の商品・名称・金額から商品を確定する"
"Medium","商品不足","ContractLineItem__c","a03RB00001Nswr5YAB","松栄不動産株式会社_2025/09","商品マスタが未設定","Month=2025/09, Amount=11000","請求明細の商品・名称・金額から商品を確定する"
"Medium","商品不足","ContractLineItem__c","a03RB00001Nswr6YAB","松栄不動産株式会社_2025/10","商品マスタが未設定","Month=2025/10, Amount=11000","請求明細の商品・名称・金額から商品を確定する"
"Medium","商品不足","ContractLineItem__c","a03RB00001Nswr7YAB","松栄不動産株式会社_2025/11","商品マスタが未設定","Month=2025/11, Amount=11000","請求明細の商品・名称・金額から商品を確定する"
"Medium","商品不足","ContractLineItem__c","a03RB00001Nswr8YAB","松栄不動産株式会社_2025/12","商品マスタが未設定","Month=2025/12, Amount=11000","請求明細の商品・名称・金額から商品を確定する"
"Medium","商品不足","ContractLineItem__c","a03RB00001Nswr9YAB","松栄不動産株式会社_2026/01","商品マスタが未設定","Month=2026/01, Amount=11000","請求明細の商品・名称・金額から商品を確定する"
"Medium","商品不足","ContractLineItem__c","a03RB00001NswrAYAR","松栄不動産株式会社_2026/02","商品マスタが未設定","Month=2026/02, Amount=11000","請求明細の商品・名称・金額から商品を確定する"
"Medium","商品不足","ContractLineItem__c","a03RB00001NswrBYAR","松栄不動産株式会社_2026/03","商品マスタが未設定","Month=2026/03, Amount=11000","請求明細の商品・名称・金額から商品を確定する"
"Medium","商品不足","ContractLineItem__c","a03RB00001NswrCYAR","松栄不動産株式会社_2026/04","商品マスタが未設定","Month=2026/04, Amount=11000","請求明細の商品・名称・金額から商品を確定する"
"Medium","商品不足","ContractLineItem__c","a03RB00001NswrDYAR","松栄不動産株式会社_2026/05","商品マスタが未設定","Month=2026/05, Amount=11000","請求明細の商品・名称・金額から商品を確定する"
"Medium","商品不足","ContractLineItem__c","a03RB00001NswgSYAR","生和コーポレーション株式会社_2025/11","商品マスタが未設定","Month=2025/11, Amount=52800","請求明細の商品・名称・金額から商品を確定する"
"Medium","商品不足","ContractLineItem__c","a03RB00001NswgTYAR","生和コーポレーション株式会社_2025/12","商品マスタが未設定","Month=2025/12, Amount=","請求明細の商品・名称・金額から商品を確定する"
"Medium","商品不足","ContractLineItem__c","a03RB00001NswgUYAR","生和コーポレーション株式会社_2026/01","商品マスタが未設定","Month=2026/01, Amount=","請求明細の商品・名称・金額から商品を確定する"
"Medium","商品不足","ContractLineItem__c","a03RB00001NswgVYAR","生和コーポレーション株式会社_2026/02","商品マスタが未設定","Month=2026/02, Amount=","請求明細の商品・名称・金額から商品を確定する"
"Medium","商品不足","ContractLineItem__c","a03RB00001NswgWYAR","生和コーポレーション株式会社_2026/03","商品マスタが未設定","Month=2026/03, Amount=","請求明細の商品・名称・金額から商品を確定する"
"Medium","商品不足","ContractLineItem__c","a03RB00001NswgXYAR","生和コーポレーション株式会社_2026/04","商品マスタが未設定","Month=2026/04, Amount=8000","請求明細の商品・名称・金額から商品を確定する"
"Medium","商品不足","ContractLineItem__c","a03RB00001RIRF9YAP","生和コーポレーション株式会社_2026/06","商品マスタが未設定","Month=2026/06, Amount=8000","請求明細の商品・名称・金額から商品を確定する"
"Medium","商品不足","ContractLineItem__c","a03RB00001RcABoYAN","生和コーポレーション株式会社_2026/07","商品マスタが未設定","Month=2026/07, Amount=8000","請求明細の商品・名称・金額から商品を確定する"
"Medium","商品不足","ContractLineItem__c","a03RB00001STmHEYA1","生和コーポレーション株式会社_2026/08","商品マスタが未設定","Month=2026/08, Amount=8000","請求明細の商品・名称・金額から商品を確定する"
"Medium","商品不足","ContractLineItem__c","a03RB00001NswgYYAR","西日本旅客鉄道株式会社 金沢支社 金沢建築区_2025/11","商品マスタが未設定","Month=2025/11, Amount=5000","請求明細の商品・名称・金額から商品を確定する"
"Medium","商品不足","ContractLineItem__c","a03RB00001NswgZYAR","西日本旅客鉄道株式会社 金沢支社 金沢建築区_2025/12","商品マスタが未設定","Month=2025/12, Amount=5000","請求明細の商品・名称・金額から商品を確定する"
"Medium","商品不足","ContractLineItem__c","a03RB00001NswgaYAB","西日本旅客鉄道株式会社 金沢支社 金沢建築区_2026/01","商品マスタが未設定","Month=2026/01, Amount=5000","請求明細の商品・名称・金額から商品を確定する"
"Medium","商品不足","ContractLineItem__c","a03RB00001NswgbYAB","西日本旅客鉄道株式会社 金沢支社 金沢建築区_2026/02","商品マスタが未設定","Month=2026/02, Amount=5000","請求明細の商品・名称・金額から商品を確定する"
"Medium","商品不足","ContractLineItem__c","a03RB00001NswgcYAB","西日本旅客鉄道株式会社 金沢支社 金沢建築区_2026/03","商品マスタが未設定","Month=2026/03, Amount=5000","請求明細の商品・名称・金額から商品を確定する"
"Medium","商品不足","ContractLineItem__c","a03RB00001NswpwYAB","西和不動産株式会社 イエしが 草津店_2025/04","商品マスタが未設定","Month=2025/04, Amount=11000","請求明細の商品・名称・金額から商品を確定する"
"Medium","商品不足","ContractLineItem__c","a03RB00001NswpxYAB","西和不動産株式会社 イエしが 草津店_2025/05","商品マスタが未設定","Month=2025/05, Amount=11000","請求明細の商品・名称・金額から商品を確定する"
"Medium","商品不足","ContractLineItem__c","a03RB00001NswpyYAB","西和不動産株式会社 イエしが 草津店_2025/06","商品マスタが未設定","Month=2025/06, Amount=11000","請求明細の商品・名称・金額から商品を確定する"
"Medium","商品不足","ContractLineItem__c","a03RB00001NswpzYAB","西和不動産株式会社 イエしが 大津店_2025/03","商品マスタが未設定","Month=2025/03, Amount=","請求明細の商品・名称・金額から商品を確定する"
"Medium","商品不足","ContractLineItem__c","a03RB00001Nswq0YAB","西和不動産株式会社 イエしが 大津店_2025/04","商品マスタが未設定","Month=2025/04, Amount=11000","請求明細の商品・名称・金額から商品を確定する"
"Medium","商品不足","ContractLineItem__c","a03RB00001Nswq1YAB","西和不動産株式会社 イエしが 大津店_2025/05","商品マスタが未設定","Month=2025/05, Amount=11000","請求明細の商品・名称・金額から商品を確定する"
"Medium","商品不足","ContractLineItem__c","a03RB00001NswWJYAZ","前田工務店_2024/10","商品マスタが未設定","Month=2024/10, Amount=55000","請求明細の商品・名称・金額から商品を確定する"
"Medium","商品不足","ContractLineItem__c","a03RB00001NswWKYAZ","前田工務店_2024/11","商品マスタが未設定","Month=2024/11, Amount=55000","請求明細の商品・名称・金額から商品を確定する"
"Medium","商品不足","ContractLineItem__c","a03RB00001NswWLYAZ","前田工務店_2024/12","商品マスタが未設定","Month=2024/12, Amount=55000","請求明細の商品・名称・金額から商品を確定する"
"Medium","商品不足","ContractLineItem__c","a03RB00001NswWMYAZ","前田工務店_2025/01","商品マスタが未設定","Month=2025/01, Amount=55000","請求明細の商品・名称・金額から商品を確定する"
"Medium","商品不足","ContractLineItem__c","a03RB00001NswWNYAZ","前田工務店_2025/02","商品マスタが未設定","Month=2025/02, Amount=55000","請求明細の商品・名称・金額から商品を確定する"
"Medium","商品不足","ContractLineItem__c","a03RB00001NswWOYAZ","前田工務店_2025/03","商品マスタが未設定","Month=2025/03, Amount=55000","請求明細の商品・名称・金額から商品を確定する"
"Medium","商品不足","ContractLineItem__c","a03RB00001NswWPYAZ","前田工務店_2025/04","商品マスタが未設定","Month=2025/04, Amount=55000","請求明細の商品・名称・金額から商品を確定する"
"Medium","商品不足","ContractLineItem__c","a03RB00001NswWQYAZ","前田工務店_2025/05","商品マスタが未設定","Month=2025/05, Amount=55000","請求明細の商品・名称・金額から商品を確定する"
"Medium","商品不足","ContractLineItem__c","a03RB00001NswWRYAZ","前田工務店_2025/06","商品マスタが未設定","Month=2025/06, Amount=55000","請求明細の商品・名称・金額から商品を確定する"
"Medium","商品不足","ContractLineItem__c","a03RB00001NswWSYAZ","前田工務店_2025/07","商品マスタが未設定","Month=2025/07, Amount=55000","請求明細の商品・名称・金額から商品を確定する"
"Medium","商品不足","ContractLineItem__c","a03RB00001NswWTYAZ","前田工務店_2025/08","商品マスタが未設定","Month=2025/08, Amount=55000","請求明細の商品・名称・金額から商品を確定する"
"Medium","商品不足","ContractLineItem__c","a03RB00001NswWUYAZ","前田工務店_2025/09","商品マスタが未設定","Month=2025/09, Amount=55000","請求明細の商品・名称・金額から商品を確定する"
"Medium","商品不足","ContractLineItem__c","a03RB00001NswWVYAZ","前田工務店_2025/10","商品マスタが未設定","Month=2025/10, Amount=55000","請求明細の商品・名称・金額から商品を確定する"
"Medium","商品不足","ContractLineItem__c","a03RB00001NswWWYAZ","前田工務店_2025/11","商品マスタが未設定","Month=2025/11, Amount=55000","請求明細の商品・名称・金額から商品を確定する"
"Medium","商品不足","ContractLineItem__c","a03RB00001NswWXYAZ","前田工務店_2025/12","商品マスタが未設定","Month=2025/12, Amount=55000","請求明細の商品・名称・金額から商品を確定する"
"Medium","商品不足","ContractLineItem__c","a03RB00001NswWYYAZ","前田工務店_2026/01","商品マスタが未設定","Month=2026/01, Amount=55000","請求明細の商品・名称・金額から商品を確定する"
"Medium","商品不足","ContractLineItem__c","a03RB00001NswWZYAZ","前田工務店_2026/02","商品マスタが未設定","Month=2026/02, Amount=8000","請求明細の商品・名称・金額から商品を確定する"
"Medium","商品不足","ContractLineItem__c","a03RB00001NswWaYAJ","前田工務店_2026/03","商品マスタが未設定","Month=2026/03, Amount=8000","請求明細の商品・名称・金額から商品を確定する"
"Medium","商品不足","ContractLineItem__c","a03RB00001NswWbYAJ","前田工務店_2026/04","商品マスタが未設定","Month=2026/04, Amount=8000","請求明細の商品・名称・金額から商品を確定する"
"Medium","商品不足","ContractLineItem__c","a03RB00001RIREfYAP","前田工務店_2026/06","商品マスタが未設定","Month=2026/06, Amount=8000","請求明細の商品・名称・金額から商品を確定する"
"Medium","商品不足","ContractLineItem__c","a03RB00001RcABFYA3","前田工務店_2026/07","商品マスタが未設定","Month=2026/07, Amount=8000","請求明細の商品・名称・金額から商品を確定する"
"Medium","商品不足","ContractLineItem__c","a03RB00001STmGsYAL","前田工務店_2026/08","商品マスタが未設定","Month=2026/08, Amount=8000","請求明細の商品・名称・金額から商品を確定する"
"Medium","商品不足","ContractLineItem__c","a03RB00001Nswc2YAB","大塚商会(株式会社長谷建築設計事務所様)_2025/04","商品マスタが未設定","Month=2025/04, Amount=6400","請求明細の商品・名称・金額から商品を確定する"
"Medium","商品不足","ContractLineItem__c","a03RB00001Nswc3YAB","大塚商会(株式会社長谷建築設計事務所様)_2025/05","商品マスタが未設定","Month=2025/05, Amount=6400","請求明細の商品・名称・金額から商品を確定する"
"Medium","商品不足","ContractLineItem__c","a03RB00001Nswc4YAB","大塚商会(株式会社長谷建築設計事務所様)_2026/04","商品マスタが未設定","Month=2026/04, Amount=6400","請求明細の商品・名称・金額から商品を確定する"
"Medium","商品不足","ContractLineItem__c","a03RB00001NswgtYAB","大東建託株式会社 商品開発部_2026/01","商品マスタが未設定","Month=2026/01, Amount=24000","請求明細の商品・名称・金額から商品を確定する"
"Medium","商品不足","ContractLineItem__c","a03RB00001NswikYAB","大東建託株式会社 流通設計部_2026/02","商品マスタが未設定","Month=2026/02, Amount=15000","請求明細の商品・名称・金額から商品を確定する"
"Medium","商品不足","ContractLineItem__c","a03RB00001NsweNYAR","大東建託株式会社_2025/08","商品マスタが未設定","Month=2025/08, Amount=132000","請求明細の商品・名称・金額から商品を確定する"
"Medium","商品不足","ContractLineItem__c","a03RB00001NsweOYAR","大東建託株式会社_2025/09","商品マスタが未設定","Month=2025/09, Amount=132000","請求明細の商品・名称・金額から商品を確定する"
"Medium","商品不足","ContractLineItem__c","a03RB00001NswePYAR","大東建託株式会社_2025/10","商品マスタが未設定","Month=2025/10, Amount=132000","請求明細の商品・名称・金額から商品を確定する"
"Medium","商品不足","ContractLineItem__c","a03RB00001NsweQYAR","大東建託株式会社_2025/11","商品マスタが未設定","Month=2025/11, Amount=132000","請求明細の商品・名称・金額から商品を確定する"
"Medium","商品不足","ContractLineItem__c","a03RB00001NswqXYAR","中尾建設工業株式会社(ナカオホーム)_2025/04","商品マスタが未設定","Month=2025/04, Amount=11000","請求明細の商品・名称・金額から商品を確定する"
"Medium","商品不足","ContractLineItem__c","a03RB00001NswqYYAR","中尾建設工業株式会社(ナカオホーム)_2025/05","商品マスタが未設定","Month=2025/05, Amount=11000","請求明細の商品・名称・金額から商品を確定する"
"Medium","商品不足","ContractLineItem__c","a03RB00001NswqZYAR","中尾建設工業株式会社(ナカオホーム)_2025/06","商品マスタが未設定","Month=2025/06, Amount=11000","請求明細の商品・名称・金額から商品を確定する"
"Medium","商品不足","ContractLineItem__c","a03RB00001NswqaYAB","中尾建設工業株式会社(ナカオホーム)_2025/10","商品マスタが未設定","Month=2025/10, Amount=11000","請求明細の商品・名称・金額から商品を確定する"
"Medium","商品不足","ContractLineItem__c","a03RB00001NswXUYAZ","東急リゾーツ＆ステイ_2024/11","商品マスタが未設定","Month=2024/11, Amount=99000","請求明細の商品・名称・金額から商品を確定する"
"Medium","商品不足","ContractLineItem__c","a03RB00001NswXVYAZ","東急リゾーツ＆ステイ_2024/12","商品マスタが未設定","Month=2024/12, Amount=99000","請求明細の商品・名称・金額から商品を確定する"
"Medium","商品不足","ContractLineItem__c","a03RB00001NswXWYAZ","東急リゾーツ＆ステイ_2025/01","商品マスタが未設定","Month=2025/01, Amount=99000","請求明細の商品・名称・金額から商品を確定する"
"Medium","商品不足","ContractLineItem__c","a03RB00001NswXXYAZ","東急リゾーツ＆ステイ_2025/02","商品マスタが未設定","Month=2025/02, Amount=99000","請求明細の商品・名称・金額から商品を確定する"
"Medium","商品不足","ContractLineItem__c","a03RB00001NswXYYAZ","東急リゾーツ＆ステイ_2025/03","商品マスタが未設定","Month=2025/03, Amount=99000","請求明細の商品・名称・金額から商品を確定する"
"Medium","商品不足","ContractLineItem__c","a03RB00001NswXZYAZ","東急リゾーツ＆ステイ_2025/04","商品マスタが未設定","Month=2025/04, Amount=99000","請求明細の商品・名称・金額から商品を確定する"
"Medium","商品不足","ContractLineItem__c","a03RB00001NswXaYAJ","東急リゾーツ＆ステイ_2025/05","商品マスタが未設定","Month=2025/05, Amount=99000","請求明細の商品・名称・金額から商品を確定する"
"Medium","商品不足","ContractLineItem__c","a03RB00001NswXbYAJ","東急リゾーツ＆ステイ_2025/06","商品マスタが未設定","Month=2025/06, Amount=99000","請求明細の商品・名称・金額から商品を確定する"
"Medium","商品不足","ContractLineItem__c","a03RB00001NswXcYAJ","東急リゾーツ＆ステイ_2025/07","商品マスタが未設定","Month=2025/07, Amount=99000","請求明細の商品・名称・金額から商品を確定する"
"Medium","商品不足","ContractLineItem__c","a03RB00001NswXdYAJ","東急リゾーツ＆ステイ_2025/08","商品マスタが未設定","Month=2025/08, Amount=99000","請求明細の商品・名称・金額から商品を確定する"
"Medium","商品不足","ContractLineItem__c","a03RB00001NswXeYAJ","東急リゾーツ＆ステイ_2025/09","商品マスタが未設定","Month=2025/09, Amount=99000","請求明細の商品・名称・金額から商品を確定する"
"Medium","商品不足","ContractLineItem__c","a03RB00001NswXfYAJ","東急リゾーツ＆ステイ_2025/10","商品マスタが未設定","Month=2025/10, Amount=99000","請求明細の商品・名称・金額から商品を確定する"
"Medium","商品不足","ContractLineItem__c","a03RB00001NswXgYAJ","東急リゾーツ＆ステイ_2025/11","商品マスタが未設定","Month=2025/11, Amount=99000","請求明細の商品・名称・金額から商品を確定する"
"Medium","商品不足","ContractLineItem__c","a03RB00001NswXhYAJ","東急リゾーツ＆ステイ_2025/12","商品マスタが未設定","Month=2025/12, Amount=99000","請求明細の商品・名称・金額から商品を確定する"
"Medium","商品不足","ContractLineItem__c","a03RB00001NswXiYAJ","東急リゾーツ＆ステイ_2026/01","商品マスタが未設定","Month=2026/01, Amount=99000","請求明細の商品・名称・金額から商品を確定する"
"Medium","商品不足","ContractLineItem__c","a03RB00001NswXjYAJ","東急リゾーツ＆ステイ_2026/02","商品マスタが未設定","Month=2026/02, Amount=99000","請求明細の商品・名称・金額から商品を確定する"
"Medium","商品不足","ContractLineItem__c","a03RB00001NswXkYAJ","東急リゾーツ＆ステイ_2026/03","商品マスタが未設定","Month=2026/03, Amount=99000","請求明細の商品・名称・金額から商品を確定する"
"Medium","商品不足","ContractLineItem__c","a03RB00001NswXlYAJ","東急リゾーツ＆ステイ_2026/04","商品マスタが未設定","Month=2026/04, Amount=99000","請求明細の商品・名称・金額から商品を確定する"
"Medium","商品不足","ContractLineItem__c","a03RB00001NswXmYAJ","東急リゾーツ＆ステイ_2026/05","商品マスタが未設定","Month=2026/05, Amount=99000","請求明細の商品・名称・金額から商品を確定する"
"Medium","商品不足","ContractLineItem__c","a03RB00001NswXnYAJ","東急リゾーツ＆ステイ_2026/06","商品マスタが未設定","Month=2026/06, Amount=44000","請求明細の商品・名称・金額から商品を確定する"
"Medium","商品不足","ContractLineItem__c","a03RB00001RcABIYA3","東急リゾーツ＆ステイ_2026/07","商品マスタが未設定","Month=2026/07, Amount=44000","請求明細の商品・名称・金額から商品を確定する"
"Medium","商品不足","ContractLineItem__c","a03RB00001STmGvYAL","東急リゾーツ＆ステイ_2026/08","商品マスタが未設定","Month=2026/08, Amount=44000","請求明細の商品・名称・金額から商品を確定する"
"Medium","商品不足","ContractLineItem__c","a03RB00001RIREeYAP","東急株式会社_2026/06","商品マスタが未設定","Month=2026/06, Amount=11000","請求明細の商品・名称・金額から商品を確定する"
"Medium","商品不足","ContractLineItem__c","a03RB00001NswVcYAJ","東急建設 ○独特の請求書式あり_2025/08","商品マスタが未設定","Month=2025/08, Amount=72000","請求明細の商品・名称・金額から商品を確定する"
"Medium","商品不足","ContractLineItem__c","a03RB00001NswVdYAJ","東急建設 ○独特の請求書式あり_2025/09","商品マスタが未設定","Month=2025/09, Amount=","請求明細の商品・名称・金額から商品を確定する"
"Medium","商品不足","ContractLineItem__c","a03RB00001NswVeYAJ","東急建設 ○独特の請求書式あり_2025/10","商品マスタが未設定","Month=2025/10, Amount=","請求明細の商品・名称・金額から商品を確定する"
"Medium","商品不足","ContractLineItem__c","a03RB00001NswVfYAJ","東急建設 ○独特の請求書式あり_2025/11","商品マスタが未設定","Month=2025/11, Amount=","請求明細の商品・名称・金額から商品を確定する"
"Medium","商品不足","ContractLineItem__c","a03RB00001NswVgYAJ","東急建設 ○独特の請求書式あり_2025/12","商品マスタが未設定","Month=2025/12, Amount=","請求明細の商品・名称・金額から商品を確定する"
"Medium","商品不足","ContractLineItem__c","a03RB00001NswVhYAJ","東急建設 ○独特の請求書式あり_2026/01","商品マスタが未設定","Month=2026/01, Amount=","請求明細の商品・名称・金額から商品を確定する"
"Medium","商品不足","ContractLineItem__c","a03RB00001NswViYAJ","東急建設 ○独特の請求書式あり_2026/02","商品マスタが未設定","Month=2026/02, Amount=","請求明細の商品・名称・金額から商品を確定する"
"Medium","商品不足","ContractLineItem__c","a03RB00001NswVjYAJ","東急建設 ○独特の請求書式あり_2026/03","商品マスタが未設定","Month=2026/03, Amount=","請求明細の商品・名称・金額から商品を確定する"
"Medium","商品不足","ContractLineItem__c","a03RB00001NswUfYAJ","東急不動産株式会社_2024/08","商品マスタが未設定","Month=2024/08, Amount=264000","請求明細の商品・名称・金額から商品を確定する"
"Medium","商品不足","ContractLineItem__c","a03RB00001NswUgYAJ","東急不動産株式会社_2024/09","商品マスタが未設定","Month=2024/09, Amount=264000","請求明細の商品・名称・金額から商品を確定する"
"Medium","商品不足","ContractLineItem__c","a03RB00001NswUhYAJ","東急不動産株式会社_2024/10","商品マスタが未設定","Month=2024/10, Amount=264000","請求明細の商品・名称・金額から商品を確定する"
"Medium","商品不足","ContractLineItem__c","a03RB00001NswUiYAJ","東急不動産株式会社_2024/11","商品マスタが未設定","Month=2024/11, Amount=154000","請求明細の商品・名称・金額から商品を確定する"
"Medium","商品不足","ContractLineItem__c","a03RB00001NswUjYAJ","東急不動産株式会社_2024/12","商品マスタが未設定","Month=2024/12, Amount=231000","請求明細の商品・名称・金額から商品を確定する"
"Medium","商品不足","ContractLineItem__c","a03RB00001NswUkYAJ","東急不動産株式会社_2025/01","商品マスタが未設定","Month=2025/01, Amount=231000","請求明細の商品・名称・金額から商品を確定する"
"Medium","商品不足","ContractLineItem__c","a03RB00001NswUlYAJ","東急不動産株式会社_2025/02","商品マスタが未設定","Month=2025/02, Amount=231000","請求明細の商品・名称・金額から商品を確定する"
"Medium","商品不足","ContractLineItem__c","a03RB00001NswUmYAJ","東急不動産株式会社_2025/03","商品マスタが未設定","Month=2025/03, Amount=231000","請求明細の商品・名称・金額から商品を確定する"
"Medium","商品不足","ContractLineItem__c","a03RB00001NswUnYAJ","東急不動産株式会社_2025/04","商品マスタが未設定","Month=2025/04, Amount=209000","請求明細の商品・名称・金額から商品を確定する"
"Medium","商品不足","ContractLineItem__c","a03RB00001NswUoYAJ","東急不動産株式会社_2025/05","商品マスタが未設定","Month=2025/05, Amount=176000","請求明細の商品・名称・金額から商品を確定する"
"Medium","商品不足","ContractLineItem__c","a03RB00001NswUpYAJ","東急不動産株式会社_2025/06","商品マスタが未設定","Month=2025/06, Amount=176000","請求明細の商品・名称・金額から商品を確定する"
"Medium","商品不足","ContractLineItem__c","a03RB00001NswUqYAJ","東急不動産株式会社_2025/07","商品マスタが未設定","Month=2025/07, Amount=176000","請求明細の商品・名称・金額から商品を確定する"
"Medium","商品不足","ContractLineItem__c","a03RB00001NswUrYAJ","東急不動産株式会社_2025/08","商品マスタが未設定","Month=2025/08, Amount=187000","請求明細の商品・名称・金額から商品を確定する"
"Medium","商品不足","ContractLineItem__c","a03RB00001NswUsYAJ","東急不動産株式会社_2025/09","商品マスタが未設定","Month=2025/09, Amount=187000","請求明細の商品・名称・金額から商品を確定する"
"Medium","商品不足","ContractLineItem__c","a03RB00001NswUtYAJ","東急不動産株式会社_2025/10","商品マスタが未設定","Month=2025/10, Amount=187000","請求明細の商品・名称・金額から商品を確定する"
"Medium","商品不足","ContractLineItem__c","a03RB00001NswUuYAJ","東急不動産株式会社_2025/11","商品マスタが未設定","Month=2025/11, Amount=209000","請求明細の商品・名称・金額から商品を確定する"
"Medium","商品不足","ContractLineItem__c","a03RB00001NswUvYAJ","東急不動産株式会社_2025/12","商品マスタが未設定","Month=2025/12, Amount=209000","請求明細の商品・名称・金額から商品を確定する"
"Medium","商品不足","ContractLineItem__c","a03RB00001NswUwYAJ","東急不動産株式会社_2026/01","商品マスタが未設定","Month=2026/01, Amount=209000","請求明細の商品・名称・金額から商品を確定する"
"Medium","商品不足","ContractLineItem__c","a03RB00001NswUxYAJ","東急不動産株式会社_2026/02","商品マスタが未設定","Month=2026/02, Amount=209000","請求明細の商品・名称・金額から商品を確定する"
"Medium","商品不足","ContractLineItem__c","a03RB00001NswUyYAJ","東急不動産株式会社_2026/03","商品マスタが未設定","Month=2026/03, Amount=209000","請求明細の商品・名称・金額から商品を確定する"
"Medium","商品不足","ContractLineItem__c","a03RB00001NswUzYAJ","東急不動産株式会社_2026/04","商品マスタが未設定","Month=2026/04, Amount=209000","請求明細の商品・名称・金額から商品を確定する"
"Medium","商品不足","ContractLineItem__c","a03RB00001NswV0YAJ","東急不動産株式会社_2026/05","商品マスタが未設定","Month=2026/05, Amount=209000","請求明細の商品・名称・金額から商品を確定する"
"Medium","商品不足","ContractLineItem__c","a03RB00001NswV1YAJ","東急不動産株式会社_2026/06","商品マスタが未設定","Month=2026/06, Amount=209000","請求明細の商品・名称・金額から商品を確定する"
"Medium","商品不足","ContractLineItem__c","a03RB00001NswWcYAJ","東京建物_2024/09","商品マスタが未設定","Month=2024/09, Amount=110000","請求明細の商品・名称・金額から商品を確定する"
"Medium","商品不足","ContractLineItem__c","a03RB00001NswWdYAJ","東京建物_2024/10","商品マスタが未設定","Month=2024/10, Amount=110000","請求明細の商品・名称・金額から商品を確定する"
"Medium","商品不足","ContractLineItem__c","a03RB00001NswWeYAJ","東京建物_2024/11","商品マスタが未設定","Month=2024/11, Amount=110000","請求明細の商品・名称・金額から商品を確定する"
"Medium","商品不足","ContractLineItem__c","a03RB00001NswWfYAJ","東京建物_2024/12","商品マスタが未設定","Month=2024/12, Amount=110000","請求明細の商品・名称・金額から商品を確定する"
"Medium","商品不足","ContractLineItem__c","a03RB00001NswsLYAR","東京建物不動産販売株式会社 ※10月のみ_2025/10","商品マスタが未設定","Month=2025/10, Amount=","請求明細の商品・名称・金額から商品を確定する"
"Medium","商品不足","ContractLineItem__c","a03RB00001Nswi5YAB","日鉄興和不動産株式会社_2026/02","商品マスタが未設定","Month=2026/02, Amount=195000","請求明細の商品・名称・金額から商品を確定する"
"Medium","商品不足","ContractLineItem__c","a03RB00001Nswi6YAB","日鉄興和不動産株式会社_2026/03","商品マスタが未設定","Month=2026/03, Amount=195000","請求明細の商品・名称・金額から商品を確定する"
"Medium","商品不足","ContractLineItem__c","a03RB00001Nswi7YAB","日鉄興和不動産株式会社_2026/05","商品マスタが未設定","Month=2026/05, Amount=140000","請求明細の商品・名称・金額から商品を確定する"
"Medium","商品不足","ContractLineItem__c","a03RB00001Nswi8YAB","日鉄興和不動産株式会社_2026/06","商品マスタが未設定","Month=2026/06, Amount=140000","請求明細の商品・名称・金額から商品を確定する"
"Medium","商品不足","ContractLineItem__c","a03RB00001Nswi9YAB","日鉄興和不動産株式会社_2026/07","商品マスタが未設定","Month=2026/07, Amount=140000","請求明細の商品・名称・金額から商品を確定する"
"Medium","商品不足","ContractLineItem__c","a03RB00001NswiAYAR","日鉄興和不動産株式会社_2026/08","商品マスタが未設定","Month=2026/08, Amount=140000","請求明細の商品・名称・金額から商品を確定する"
"Medium","商品不足","ContractLineItem__c","a03RB00001NswiBYAR","日鉄興和不動産株式会社_2026/09","商品マスタが未設定","Month=2026/09, Amount=140000","請求明細の商品・名称・金額から商品を確定する"
"Medium","商品不足","ContractLineItem__c","a03RB00001NswiCYAR","日鉄興和不動産株式会社_2026/10","商品マスタが未設定","Month=2026/10, Amount=140000","請求明細の商品・名称・金額から商品を確定する"
"Medium","商品不足","ContractLineItem__c","a03RB00001NswiDYAR","日鉄興和不動産株式会社_2026/11","商品マスタが未設定","Month=2026/11, Amount=140000","請求明細の商品・名称・金額から商品を確定する"
"Medium","商品不足","ContractLineItem__c","a03RB00001NswiEYAR","日鉄興和不動産株式会社_2026/12","商品マスタが未設定","Month=2026/12, Amount=140000","請求明細の商品・名称・金額から商品を確定する"
"Medium","商品不足","ContractLineItem__c","a03RB00001NswiFYAR","日鉄興和不動産株式会社_2027/01","商品マスタが未設定","Month=2027/01, Amount=140000","請求明細の商品・名称・金額から商品を確定する"
"Medium","商品不足","ContractLineItem__c","a03RB00001NswiGYAR","日鉄興和不動産株式会社_2027/02","商品マスタが未設定","Month=2027/02, Amount=140000","請求明細の商品・名称・金額から商品を確定する"
"Medium","商品不足","ContractLineItem__c","a03RB00001NswiHYAR","日鉄興和不動産株式会社_2027/03","商品マスタが未設定","Month=2027/03, Amount=140000","請求明細の商品・名称・金額から商品を確定する"
"Medium","商品不足","ContractLineItem__c","a03RB00001NswiIYAR","日鉄興和不動産株式会社_2027/04","商品マスタが未設定","Month=2027/04, Amount=140000","請求明細の商品・名称・金額から商品を確定する"
"Medium","商品不足","ContractLineItem__c","a03RB00001NswkPYAR","梅林建設株式会社_2026/07","商品マスタが未設定","Month=2026/07, Amount=70000","請求明細の商品・名称・金額から商品を確定する"
"Medium","商品不足","ContractLineItem__c","a03RB00001NswkQYAR","梅林建設株式会社_2026/08","商品マスタが未設定","Month=2026/08, Amount=70000","請求明細の商品・名称・金額から商品を確定する"
"Medium","商品不足","ContractLineItem__c","a03RB00001NswkRYAR","梅林建設株式会社_2026/09","商品マスタが未設定","Month=2026/09, Amount=70000","請求明細の商品・名称・金額から商品を確定する"
"Medium","商品不足","ContractLineItem__c","a03RB00001NswkSYAR","梅林建設株式会社_2026/10","商品マスタが未設定","Month=2026/10, Amount=70000","請求明細の商品・名称・金額から商品を確定する"
"Medium","商品不足","ContractLineItem__c","a03RB00001NswkTYAR","梅林建設株式会社_2026/11","商品マスタが未設定","Month=2026/11, Amount=70000","請求明細の商品・名称・金額から商品を確定する"
"Medium","商品不足","ContractLineItem__c","a03RB00001NswkUYAR","梅林建設株式会社_2026/12","商品マスタが未設定","Month=2026/12, Amount=70000","請求明細の商品・名称・金額から商品を確定する"
"Medium","商品不足","ContractLineItem__c","a03RB00001NswkVYAR","梅林建設株式会社_2027/01","商品マスタが未設定","Month=2027/01, Amount=70000","請求明細の商品・名称・金額から商品を確定する"
"Medium","商品不足","ContractLineItem__c","a03RB00001NswkWYAR","梅林建設株式会社_2027/02","商品マスタが未設定","Month=2027/02, Amount=70000","請求明細の商品・名称・金額から商品を確定する"
"Medium","商品不足","ContractLineItem__c","a03RB00001NswkXYAR","梅林建設株式会社_2027/03","商品マスタが未設定","Month=2027/03, Amount=70000","請求明細の商品・名称・金額から商品を確定する"
"Medium","商品不足","ContractLineItem__c","a03RB00001NswkYYAR","梅林建設株式会社_2027/04","商品マスタが未設定","Month=2027/04, Amount=70000","請求明細の商品・名称・金額から商品を確定する"
"Medium","商品不足","ContractLineItem__c","a03RB00001NswkZYAR","梅林建設株式会社_2027/05","商品マスタが未設定","Month=2027/05, Amount=70000","請求明細の商品・名称・金額から商品を確定する"
"Medium","商品不足","ContractLineItem__c","a03RB00001NswpHYAR","富士ハウジング神戸支店_2025/01","商品マスタが未設定","Month=2025/01, Amount=55000","請求明細の商品・名称・金額から商品を確定する"
"Medium","商品不足","ContractLineItem__c","a03RB00001NswpIYAR","富士ハウジング神戸支店_2025/02","商品マスタが未設定","Month=2025/02, Amount=55000","請求明細の商品・名称・金額から商品を確定する"
"Medium","商品不足","ContractLineItem__c","a03RB00001NswpJYAR","富士ハウジング神戸支店_2025/03","商品マスタが未設定","Month=2025/03, Amount=55000","請求明細の商品・名称・金額から商品を確定する"
"Medium","商品不足","ContractLineItem__c","a03RB00001NswpKYAR","富士ハウジング神戸支店_2025/04","商品マスタが未設定","Month=2025/04, Amount=55000","請求明細の商品・名称・金額から商品を確定する"
"Medium","商品不足","ContractLineItem__c","a03RB00001NswpLYAR","富士ハウジング神戸支店_2025/05","商品マスタが未設定","Month=2025/05, Amount=55000","請求明細の商品・名称・金額から商品を確定する"
"Medium","商品不足","ContractLineItem__c","a03RB00001NswpMYAR","富士ハウジング神戸支店_2025/06","商品マスタが未設定","Month=2025/06, Amount=55000","請求明細の商品・名称・金額から商品を確定する"
"Medium","商品不足","ContractLineItem__c","a03RB00001NswpNYAR","富士ハウジング神戸支店_2025/07","商品マスタが未設定","Month=2025/07, Amount=55000","請求明細の商品・名称・金額から商品を確定する"
"Medium","商品不足","ContractLineItem__c","a03RB00001NswpOYAR","富士ハウジング神戸支店_2025/08","商品マスタが未設定","Month=2025/08, Amount=55000","請求明細の商品・名称・金額から商品を確定する"
"Medium","商品不足","ContractLineItem__c","a03RB00001NswpPYAR","富士ハウジング神戸支店_2025/10","商品マスタが未設定","Month=2025/10, Amount=55000","請求明細の商品・名称・金額から商品を確定する"
"Medium","商品不足","ContractLineItem__c","a03RB00001NswpQYAR","富士ハウジング神戸支店_2025/11","商品マスタが未設定","Month=2025/11, Amount=55000","請求明細の商品・名称・金額から商品を確定する"
"Medium","商品不足","ContractLineItem__c","a03RB00001NswpRYAR","富士ハウジング神戸支店_2025/12","商品マスタが未設定","Month=2025/12, Amount=55000","請求明細の商品・名称・金額から商品を確定する"
"Medium","商品不足","ContractLineItem__c","a03RB00001NswpSYAR","富士ハウジング神戸支店_2026/01","商品マスタが未設定","Month=2026/01, Amount=55000","請求明細の商品・名称・金額から商品を確定する"
"Medium","商品不足","ContractLineItem__c","a03RB00001NswioYAB","野村不動産株式会社（シングルサインオン分）_2026/04","商品マスタが未設定","Month=2026/04, Amount=30000","請求明細の商品・名称・金額から商品を確定する"
"Medium","商品不足","ContractLineItem__c","a03RB00001NswipYAB","野村不動産株式会社（シングルサインオン分）_2026/05","商品マスタが未設定","Month=2026/05, Amount=30000","請求明細の商品・名称・金額から商品を確定する"
"Medium","商品不足","ContractLineItem__c","a03RB00001NswiqYAB","野村不動産株式会社（シングルサインオン分）_2026/06","商品マスタが未設定","Month=2026/06, Amount=30000","請求明細の商品・名称・金額から商品を確定する"
"Medium","商品不足","ContractLineItem__c","a03RB00001RcAC4YAN","野村不動産株式会社（シングルサインオン分）_2026/07","商品マスタが未設定","Month=2026/07, Amount=30000","請求明細の商品・名称・金額から商品を確定する"
"Medium","商品不足","ContractLineItem__c","a03RB00001STmHMYA1","野村不動産株式会社（シングルサインオン分）_2026/08","商品マスタが未設定","Month=2026/08, Amount=30000","請求明細の商品・名称・金額から商品を確定する"
"Medium","商品不足","ContractLineItem__c","a03RB00001NswilYAB","野村不動産株式会社_2026/04","商品マスタが未設定","Month=2026/04, Amount=150000","請求明細の商品・名称・金額から商品を確定する"
"Medium","商品不足","ContractLineItem__c","a03RB00001NswimYAB","野村不動産株式会社_2026/05","商品マスタが未設定","Month=2026/05, Amount=150000","請求明細の商品・名称・金額から商品を確定する"
"Medium","商品不足","ContractLineItem__c","a03RB00001NswinYAB","野村不動産株式会社_2026/06","商品マスタが未設定","Month=2026/06, Amount=150000","請求明細の商品・名称・金額から商品を確定する"
"Medium","商品不足","ContractLineItem__c","a03RB00001RcAC3YAN","野村不動産株式会社_2026/07","商品マスタが未設定","Month=2026/07, Amount=150000","請求明細の商品・名称・金額から商品を確定する"
"Medium","商品不足","ContractLineItem__c","a03RB00001STmHLYA1","野村不動産株式会社_2026/08","商品マスタが未設定","Month=2026/08, Amount=150000","請求明細の商品・名称・金額から商品を確定する"
"Medium","商品不足","ContractLineItem__c","a03RB00001NswbbYAB","矢作建設工業株式会社_2025/04","商品マスタが未設定","Month=2025/04, Amount=32000","請求明細の商品・名称・金額から商品を確定する"
"Medium","商品不足","ContractLineItem__c","a03RB00001NswbcYAB","矢作建設工業株式会社_2025/07","商品マスタが未設定","Month=2025/07, Amount=55000","請求明細の商品・名称・金額から商品を確定する"
"Medium","商品不足","ContractLineItem__c","a03RB00001NswbdYAB","矢作建設工業株式会社_2025/08","商品マスタが未設定","Month=2025/08, Amount=49584","請求明細の商品・名称・金額から商品を確定する"
"Medium","商品不足","ContractLineItem__c","a03RB00001NswbeYAB","矢作建設工業株式会社_2025/09","商品マスタが未設定","Month=2025/09, Amount=49584","請求明細の商品・名称・金額から商品を確定する"
"Medium","商品不足","ContractLineItem__c","a03RB00001NswbfYAB","矢作建設工業株式会社_2025/10","商品マスタが未設定","Month=2025/10, Amount=49584","請求明細の商品・名称・金額から商品を確定する"
"Medium","商品不足","ContractLineItem__c","a03RB00001NswbgYAB","矢作建設工業株式会社_2025/11","商品マスタが未設定","Month=2025/11, Amount=49584","請求明細の商品・名称・金額から商品を確定する"
"Medium","商品不足","ContractLineItem__c","a03RB00001NswbhYAB","矢作建設工業株式会社_2025/12","商品マスタが未設定","Month=2025/12, Amount=49584","請求明細の商品・名称・金額から商品を確定する"
"Medium","商品不足","ContractLineItem__c","a03RB00001NswbiYAB","矢作建設工業株式会社_2026/01","商品マスタが未設定","Month=2026/01, Amount=49584","請求明細の商品・名称・金額から商品を確定する"
"Medium","商品不足","ContractLineItem__c","a03RB00001NswbjYAB","矢作建設工業株式会社_2026/02","商品マスタが未設定","Month=2026/02, Amount=49584","請求明細の商品・名称・金額から商品を確定する"
"Medium","商品不足","ContractLineItem__c","a03RB00001NswbkYAB","矢作建設工業株式会社_2026/03","商品マスタが未設定","Month=2026/03, Amount=49584","請求明細の商品・名称・金額から商品を確定する"
"Medium","商品不足","ContractLineItem__c","a03RB00001NswblYAB","矢作建設工業株式会社_2026/04","商品マスタが未設定","Month=2026/04, Amount=49584","請求明細の商品・名称・金額から商品を確定する"
"Medium","商品不足","ContractLineItem__c","a03RB00001NswbmYAB","矢作建設工業株式会社_2026/05","商品マスタが未設定","Month=2026/05, Amount=49584","請求明細の商品・名称・金額から商品を確定する"
"Medium","商品不足","ContractLineItem__c","a03RB00001NswbnYAB","矢作建設工業株式会社_2026/06","商品マスタが未設定","Month=2026/06, Amount=49584","請求明細の商品・名称・金額から商品を確定する"
"Medium","商品不足","ContractLineItem__c","a03RB00001NswboYAB","矢作建設工業株式会社_2026/07","商品マスタが未設定","Month=2026/07, Amount=49584","請求明細の商品・名称・金額から商品を確定する"
"Medium","商品不足","ContractLineItem__c","a03RB00001Nswn7YAB","有限会社タイセイプラン_2024/11","商品マスタが未設定","Month=2024/11, Amount=11000","請求明細の商品・名称・金額から商品を確定する"
"Medium","商品不足","ContractLineItem__c","a03RB00001Nswn8YAB","有限会社タイセイプラン_2024/12","商品マスタが未設定","Month=2024/12, Amount=11000","請求明細の商品・名称・金額から商品を確定する"
"Medium","商品不足","ContractLineItem__c","a03RB00001Nswn9YAB","有限会社タイセイプラン_2025/01","商品マスタが未設定","Month=2025/01, Amount=11000","請求明細の商品・名称・金額から商品を確定する"
"Medium","商品不足","ContractLineItem__c","a03RB00001NswnAYAR","有限会社タイセイプラン_2025/02","商品マスタが未設定","Month=2025/02, Amount=11000","請求明細の商品・名称・金額から商品を確定する"
"Medium","商品不足","ContractLineItem__c","a03RB00001NswnBYAR","有限会社タイセイプラン_2025/03","商品マスタが未設定","Month=2025/03, Amount=11000","請求明細の商品・名称・金額から商品を確定する"
"Medium","商品不足","ContractLineItem__c","a03RB00001NswnCYAR","有限会社タイセイプラン_2025/04","商品マスタが未設定","Month=2025/04, Amount=11000","請求明細の商品・名称・金額から商品を確定する"
"Medium","商品不足","ContractLineItem__c","a03RB00001NswnDYAR","有限会社タイセイプラン_2025/05","商品マスタが未設定","Month=2025/05, Amount=11000","請求明細の商品・名称・金額から商品を確定する"
"Medium","商品不足","ContractLineItem__c","a03RB00001NswnEYAR","有限会社タイセイプラン_2025/06","商品マスタが未設定","Month=2025/06, Amount=11000","請求明細の商品・名称・金額から商品を確定する"
"Medium","商品不足","ContractLineItem__c","a03RB00001NswnFYAR","有限会社タイセイプラン_2025/07","商品マスタが未設定","Month=2025/07, Amount=11000","請求明細の商品・名称・金額から商品を確定する"
"Medium","商品不足","ContractLineItem__c","a03RB00001NswnGYAR","有限会社タイセイプラン_2025/08","商品マスタが未設定","Month=2025/08, Amount=11000","請求明細の商品・名称・金額から商品を確定する"
"Medium","商品不足","ContractLineItem__c","a03RB00001NswnHYAR","有限会社タイセイプラン_2025/09","商品マスタが未設定","Month=2025/09, Amount=11000","請求明細の商品・名称・金額から商品を確定する"
"Medium","商品不足","ContractLineItem__c","a03RB00001NswnIYAR","有限会社タイセイプラン_2025/10","商品マスタが未設定","Month=2025/10, Amount=11000","請求明細の商品・名称・金額から商品を確定する"
"Medium","商品不足","ContractLineItem__c","a03RB00001NswnJYAR","有限会社タイセイプラン_2025/11","商品マスタが未設定","Month=2025/11, Amount=11000","請求明細の商品・名称・金額から商品を確定する"
"Medium","商品不足","ContractLineItem__c","a03RB00001NswnKYAR","有限会社タイセイプラン_2025/12","商品マスタが未設定","Month=2025/12, Amount=11000","請求明細の商品・名称・金額から商品を確定する"
"Medium","商品不足","ContractLineItem__c","a03RB00001NswnLYAR","有限会社タイセイプラン_2026/01","商品マスタが未設定","Month=2026/01, Amount=11000","請求明細の商品・名称・金額から商品を確定する"
"Medium","商品不足","ContractLineItem__c","a03RB00001NswnMYAR","有限会社タイセイプラン_2026/02","商品マスタが未設定","Month=2026/02, Amount=11000","請求明細の商品・名称・金額から商品を確定する"
"Medium","商品不足","ContractLineItem__c","a03RB00001NswqBYAR","有限会社山陽不動産_2025/04","商品マスタが未設定","Month=2025/04, Amount=11000","請求明細の商品・名称・金額から商品を確定する"
"Medium","商品不足","InvoiceLine__c","a01RB00001dy1VJYAY","INVL-0000000506","請求明細の商品マスタが未設定","Description=Rendery Enterpriseプラン 年間利用料, Amount=240000","商品名・金額・請求タイミングで商品を特定する"
"Medium","親子日付不一致","ContractPeriod__c","a0BRB000010uukQ2AQ","CP-00000245","契約期間終了日が親契約終了日より後","Period=2026-08-31, Contract=2026-06-30","契約更新履歴を確認する"
