attributes,Id,Name,Account__c,MasterContract__c,ContractPeriod__c,ContractYearMonth__c,Month__c,PeriodStartDate__c,PeriodEndDate__c,ProductMaster__c,QuotationLine__c,RelatedInvoice__c,RevenueAmount__c,Total__c,MRR_Target__c,InitialFee__c,PeopleNumber__c,CreatedDate,LastModifiedDate,ContractNumber,ContractName,ContractStatus,AccountName,ProductName,ProductMRR
"{'type': 'ContractLineItem__c', 'url': '/services/data/v67.0/sobjects/ContractLineItem__c/a03RB00001NswUHYAZ'}",a03RB00001NswUHYAZ,サンフロンティア不動産株式会社_2024/06,001RB00001VTqlYYAT,a04RB00000kUANdYAO,a0BRB00000ynb5Y2AQ,2024/06,2024/06,2024-06-01,2024-06-30,a0CRB0000CcXZ6Q2QW,,,64000,64000,False,False,8,2026-06-21T16:13:55.000+0000,2026-08-06T00:50:25.000+0000,CN-00000003,サンフロンティア不動産株式会社,Activated,サンフロンティア不動産株式会社,Rendery Proプラン,True
"{'type': 'ContractLineItem__c', 'url': '/services/data/v67.0/sobjects/ContractLineItem__c/a03RB00001NswUIYAZ'}",a03RB00001NswUIYAZ,サンフロンティア不動産株式会社_2024/07,001RB00001VTqlYYAT,a04RB00000kUANdYAO,a0BRB00000ynb5Y2AQ,2024/07,2024/07,2024-07-01,2024-07-31,a0CRB0000CcXZ6Q2QW,,,64000,64000,False,False,8,2026-06-21T16:13:55.000+0000,2026-08-06T00:50:25.000+0000,CN-00000003,サンフロンティア不動産株式会社,Activated,サンフロンティア不動産株式会社,Rendery Proプラン,True
"{'type': 'ContractLineItem__c', 'url': '/services/data/v67.0/sobjects/ContractLineItem__c/a03RB00001NswUJYAZ'}",a03RB00001NswUJYAZ,サンフロンティア不動産株式会社_2024/08,001RB00001VTqlYYAT,a04RB00000kUANdYAO,a0BRB00000ynb5Y2AQ,2024/08,2024/08,2024-08-01,2024-08-31,a0CRB0000CcXZ6Q2QW,,,64000,64000,False,False,8,2026-06-21T16:13:55.000+0000,2026-08-06T00:50:25.000+0000,CN-00000003,サンフロンティア不動産株式会社,Activated,サンフロンティア不動産株式会社,Rendery Proプラン,True
"{'type': 'ContractLineItem__c', 'url': '/services/data/v67.0/sobjects/ContractLineItem__c/a03RB00001NswUKYAZ'}",a03RB00001NswUKYAZ,サンフロンティア不動産株式会社_2024/09,001RB00001VTqlYYAT,a04RB00000kUANdYAO,a0BRB00000ynb5Y2AQ,2024/09,2024/09,2024-09-01,2024-09-30,a0CRB0000CcXZ6Q2QW,,,64000,64000,False,False,8,2026-06-21T16:13:55.000+0000,2026-08-06T00:50:25.000+0000,CN-00000003,サンフロンティア不動産株式会社,Activated,サンフロンティア不動産株式会社,Rendery Proプラン,True
"{'type': 'ContractLineItem__c', 'url': '/services/data/v67.0/sobjects/ContractLineItem__c/a03RB00001NswULYAZ'}",a03RB00001NswULYAZ,サンフロンティア不動産株式会社_2024/10,001RB00001VTqlYYAT,a04RB00000kUANdYAO,a0BRB00000ynb5Y2AQ,2024/10,2024/10,2024-10-01,2024-10-31,a0CRB0000CcXZ6Q2QW,,,64000,64000,False,False,8,2026-06-21T16:13:55.000+0000,2026-08-06T00:50:25.000+0000,CN-00000003,サンフロンティア不動産株式会社,Activated,サンフロンティア不動産株式会社,Rendery Proプラン,True
"{'type': 'ContractLineItem__c', 'url': '/services/data/v67.0/sobjects/ContractLineItem__c/a03RB00001NswUMYAZ'}",a03RB00001NswUMYAZ,サンフロンティア不動産株式会社_2024/11,001RB00001VTqlYYAT,a04RB00000kUANdYAO,a0BRB00000ynb5Y2AQ,2024/11,2024/11,2024-11-01,2024-11-30,a0CRB0000CcXZ6Q2QW,,,64000,64000,False,False,8,2026-06-21T16:13:55.000+0000,2026-08-06T00:50:25.000+0000,CN-00000003,サンフロンティア不動産株式会社,Activated,サンフロンティア不動産株式会社,Rendery Proプラン,True
"{'type': 'ContractLineItem__c', 'url': '/services/data/v67.0/sobjects/ContractLineItem__c/a03RB00001NswUNYAZ'}",a03RB00001NswUNYAZ,サンフロンティア不動産株式会社_2024/12,001RB00001VTqlYYAT,a04RB00000kUANdYAO,a0BRB00000ynb5Y2AQ,2024/12,2024/12,2024-12-01,2024-12-31,a0CRB0000CcXZ6Q2QW,,,64000,64000,False,False,8,2026-06-21T16:13:55.000+0000,2026-08-06T00:50:25.000+0000,CN-00000003,サンフロンティア不動産株式会社,Activated,サンフロンティア不動産株式会社,Rendery Proプラン,True
"{'type': 'ContractLineItem__c', 'url': '/services/data/v67.0/sobjects/ContractLineItem__c/a03RB00001NswUOYAZ'}",a03RB00001NswUOYAZ,サンフロンティア不動産株式会社_2025/01,001RB00001VTqlYYAT,a04RB00000kUANdYAO,a0BRB00000ynb5Y2AQ,2025/01,2025/01,2025-01-01,2025-01-31,a0CRB0000CcXZ6Q2QW,,,64000,64000,False,False,8,2026-06-21T16:13:55.000+0000,2026-08-06T00:50:25.000+0000,CN-00000003,サンフロンティア不動産株式会社,Activated,サンフロンティア不動産株式会社,Rendery Proプラン,True
"{'type': 'ContractLineItem__c', 'url': '/services/data/v67.0/sobjects/ContractLineItem__c/a03RB00001NswUPYAZ'}",a03RB00001NswUPYAZ,サンフロンティア不動産株式会社_2025/02,001RB00001VTqlYYAT,a04RB00000kUANdYAO,a0BRB00000ynb5Y2AQ,2025/02,2025/02,2025-02-01,2025-02-28,a0CRB0000CcXZ6Q2QW,,,64000,64000,False,False,8,2026-06-21T16:13:55.000+0000,2026-08-06T00:50:25.000+0000,CN-00000003,サンフロンティア不動産株式会社,Activated,サンフロンティア不動産株式会社,Rendery Proプラン,True
"{'type': 'ContractLineItem__c', 'url': '/services/data/v67.0/sobjects/ContractLineItem__c/a03RB00001NswUQYAZ'}",a03RB00001NswUQYAZ,サンフロンティア不動産株式会社_2025/03,001RB00001VTqlYYAT,a04RB00000kUANdYAO,a0BRB00000ynb5Y2AQ,2025/03,2025/03,2025-03-01,2025-03-31,a0CRB0000CcXZ6Q2QW,,,64000,64000,False,False,8,2026-06-21T16:13:55.000+0000,2026-08-06T00:50:25.000+0000,CN-00000003,サンフロンティア不動産株式会社,Activated,サンフロンティア不動産株式会社,Rendery Proプラン,True
"{'type': 'ContractLineItem__c', 'url': '/services/data/v67.0/sobjects/ContractLineItem__c/a03RB00001NswURYAZ'}",a03RB00001NswURYAZ,サンフロンティア不動産株式会社_2025/04,001RB00001VTqlYYAT,a04RB00000kUANdYAO,a0BRB00000ynb5Y2AQ,2025/04,2025/04,2025-04-01,2025-04-30,a0CRB0000CcXZ6Q2QW,,,64000,64000,False,False,8,2026-06-21T16:13:55.000+0000,2026-08-06T00:50:25.000+0000,CN-00000003,サンフロンティア不動産株式会社,Activated,サンフロンティア不動産株式会社,Rendery Proプラン,True
"{'type': 'ContractLineItem__c', 'url': '/services/data/v67.0/sobjects/ContractLineItem__c/a03RB00001NswUSYAZ'}",a03RB00001NswUSYAZ,サンフロンティア不動産株式会社_2025/05,001RB00001VTqlYYAT,a04RB00000kUANdYAO,a0BRB00000ynb5Y2AQ,2025/05,2025/05,2025-05-01,2025-05-31,a0CRB0000CcXZ6Q2QW,,,64000,64000,False,False,8,2026-06-21T16:13:55.000+0000,2026-08-06T00:50:25.000+0000,CN-00000003,サンフロンティア不動産株式会社,Activated,サンフロンティア不動産株式会社,Rendery Proプラン,True
"{'type': 'ContractLineItem__c', 'url': '/services/data/v67.0/sobjects/ContractLineItem__c/a03RB00001NswUTYAZ'}",a03RB00001NswUTYAZ,サンフロンティア不動産株式会社_2025/06,001RB00001VTqlYYAT,a04RB00000kUANdYAO,a0BRB00000ynb5Y2AQ,2025/06,2025/06,2025-06-01,2025-06-30,a0CRB0000CcXZ6Q2QW,,,64000,64000,False,False,8,2026-06-21T16:13:55.000+0000,2026-08-06T00:50:25.000+0000,CN-00000003,サンフロンティア不動産株式会社,Activated,サンフロンティア不動産株式会社,Rendery Proプラン,True
"{'type': 'ContractLineItem__c', 'url': '/services/data/v67.0/sobjects/ContractLineItem__c/a03RB00001NswUUYAZ'}",a03RB00001NswUUYAZ,サンフロンティア不動産株式会社_2025/07,001RB00001VTqlYYAT,a04RB00000kUANdYAO,a0BRB00000ynb5Y2AQ,2025/07,2025/07,2025-07-01,2025-07-31,a0CRB0000CcXZ6Q2QW,,,64000,64000,False,False,8,2026-06-21T16:13:55.000+0000,2026-08-06T00:50:25.000+0000,CN-00000003,サンフロンティア不動産株式会社,Activated,サンフロンティア不動産株式会社,Rendery Proプラン,True
"{'type': 'ContractLineItem__c', 'url': '/services/data/v67.0/sobjects/ContractLineItem__c/a03RB00001NswUVYAZ'}",a03RB00001NswUVYAZ,サンフロンティア不動産株式会社_2025/08,001RB00001VTqlYYAT,a04RB00000kUANdYAO,a0BRB00000ynb5Y2AQ,2025/08,2025/08,2025-08-01,2025-08-31,a0CRB0000CcXZ6Q2QW,,,64000,64000,False,False,8,2026-06-21T16:13:55.000+0000,2026-08-06T00:50:25.000+0000,CN-00000003,サンフロンティア不動産株式会社,Activated,サンフロンティア不動産株式会社,Rendery Proプラン,True
"{'type': 'ContractLineItem__c', 'url': '/services/data/v67.0/sobjects/ContractLineItem__c/a03RB00001NswUWYAZ'}",a03RB00001NswUWYAZ,サンフロンティア不動産株式会社_2025/09,001RB00001VTqlYYAT,a04RB00000kUANdYAO,a0BRB00000ynb5Y2AQ,2025/09,2025/09,2025-09-01,2025-09-30,a0CRB0000CcXZ6Q2QW,,,64000,64000,False,False,8,2026-06-21T16:13:55.000+0000,2026-08-06T00:50:25.000+0000,CN-00000003,サンフロンティア不動産株式会社,Activated,サンフロンティア不動産株式会社,Rendery Proプラン,True
"{'type': 'ContractLineItem__c', 'url': '/services/data/v67.0/sobjects/ContractLineItem__c/a03RB00001NswUXYAZ'}",a03RB00001NswUXYAZ,サンフロンティア不動産株式会社_2025/10,001RB00001VTqlYYAT,a04RB00000kUANdYAO,a0BRB00000ynb5Y2AQ,2025/10,2025/10,2025-10-01,2025-10-31,a0CRB0000CcXZ6Q2QW,,,64000,64000,False,False,8,2026-06-21T16:13:55.000+0000,2026-08-06T00:50:25.000+0000,CN-00000003,サンフロンティア不動産株式会社,Activated,サンフロンティア不動産株式会社,Rendery Proプラン,True
"{'type': 'ContractLineItem__c', 'url': '/services/data/v67.0/sobjects/ContractLineItem__c/a03RB00001NswUYYAZ'}",a03RB00001NswUYYAZ,サンフロンティア不動産株式会社_2025/11,001RB00001VTqlYYAT,a04RB00000kUANdYAO,a0BRB00000ynb5Y2AQ,2025/11,2025/11,2025-11-01,2025-11-30,a0CRB0000CcXZ6Q2QW,,,64000,64000,False,False,8,2026-06-21T16:13:55.000+0000,2026-08-06T00:50:25.000+0000,CN-00000003,サンフロンティア不動産株式会社,Activated,サンフロンティア不動産株式会社,Rendery Proプラン,True
"{'type': 'ContractLineItem__c', 'url': '/services/data/v67.0/sobjects/ContractLineItem__c/a03RB00001NswUZYAZ'}",a03RB00001NswUZYAZ,サンフロンティア不動産株式会社_2025/12,001RB00001VTqlYYAT,a04RB00000kUANdYAO,a0BRB00000ynb5Y2AQ,2025/12,2025/12,2025-12-01,2025-12-31,a0CRB0000CcXZ6Q2QW,,,64000,64000,False,False,8,2026-06-21T16:13:55.000+0000,2026-08-06T00:50:25.000+0000,CN-00000003,サンフロンティア不動産株式会社,Activated,サンフロンティア不動産株式会社,Rendery Proプラン,True
"{'type': 'ContractLineItem__c', 'url': '/services/data/v67.0/sobjects/ContractLineItem__c/a03RB00001NswUaYAJ'}",a03RB00001NswUaYAJ,サンフロンティア不動産株式会社_2026/01,001RB00001VTqlYYAT,a04RB00000kUANdYAO,a0BRB00000ynb5Y2AQ,2026/01,2026/01,2026-01-01,2026-01-31,a0CRB0000CcXZ6Q2QW,,,64000,64000,False,False,8,2026-06-21T16:13:55.000+0000,2026-08-06T00:50:25.000+0000,CN-00000003,サンフロンティア不動産株式会社,Activated,サンフロンティア不動産株式会社,Rendery Proプラン,True
"{'type': 'ContractLineItem__c', 'url': '/services/data/v67.0/sobjects/ContractLineItem__c/a03RB00001NswUbYAJ'}",a03RB00001NswUbYAJ,サンフロンティア不動産株式会社_2026/02,001RB00001VTqlYYAT,a04RB00000kUANdYAO,a0BRB00000ynb5Y2AQ,2026/02,2026/02,2026-02-01,2026-02-28,a0CRB0000CcXZ6Q2QW,,,64000,64000,False,False,8,2026-06-21T16:13:55.000+0000,2026-08-06T00:50:25.000+0000,CN-00000003,サンフロンティア不動産株式会社,Activated,サンフロンティア不動産株式会社,Rendery Proプラン,True
"{'type': 'ContractLineItem__c', 'url': '/services/data/v67.0/sobjects/ContractLineItem__c/a03RB00001NswUcYAJ'}",a03RB00001NswUcYAJ,サンフロンティア不動産株式会社_2026/03,001RB00001VTqlYYAT,a04RB00000kUANdYAO,a0BRB00000ynb5Y2AQ,2026/03,2026/03,2026-03-01,2026-03-31,a0CRB0000CcXZ6Q2QW,,a00RB000024Ux4KYAS,64000,64000,False,False,8,2026-06-21T16:13:55.000+0000,2026-08-06T00:50:25.000+0000,CN-00000003,サンフロンティア不動産株式会社,Activated,サンフロンティア不動産株式会社,Rendery Proプラン,True
"{'type': 'ContractLineItem__c', 'url': '/services/data/v67.0/sobjects/ContractLineItem__c/a03RB00001NswUdYAJ'}",a03RB00001NswUdYAJ,サンフロンティア不動産株式会社_2026/04,001RB00001VTqlYYAT,a04RB00000kUANdYAO,a0BRB00000ynb5Y2AQ,2026/04,2026/04,2026-04-01,2026-04-30,a0CRB0000CcXZ6Q2QW,,a00RB00002Am2AeYAJ,64000,64000,False,False,8,2026-06-21T16:13:55.000+0000,2026-08-06T00:50:25.000+0000,CN-00000003,サンフロンティア不動産株式会社,Activated,サンフロンティア不動産株式会社,Rendery Proプラン,True
"{'type': 'ContractLineItem__c', 'url': '/services/data/v67.0/sobjects/ContractLineItem__c/a03RB00001NswUeYAJ'}",a03RB00001NswUeYAJ,サンフロンティア不動産株式会社_2026/05,001RB00001VTqlYYAT,a04RB00000kUANdYAO,a0BRB00000ynb5Y2AQ,2026/05,2026/05,2026-05-01,2026-05-31,a0CRB0000CcXZ6Q2QW,,a00RB000024Ux5LYAS,64000,64000,False,False,8,2026-06-21T16:13:55.000+0000,2026-08-06T00:50:25.000+0000,CN-00000003,サンフロンティア不動産株式会社,Activated,サンフロンティア不動産株式会社,Rendery Proプラン,True
"{'type': 'ContractLineItem__c', 'url': '/services/data/v67.0/sobjects/ContractLineItem__c/a03RB00001NswVwYAJ'}",a03RB00001NswVwYAJ,株式会社フロンティアコンサルティング_2024/08,001RB00001VTqlHYAT,a04RB00000kUANiYAO,a0BRB00000ynb5d2AA,2024/08,2024/08,2024-08-01,2024-08-31,a0CRB0000CcXZ6T2QW,,,27500,27500,False,False,5,2026-06-21T16:13:55.000+0000,2026-08-06T00:50:25.000+0000,CN-00000008,株式会社フロンティアコンサルティング,Activated,株式会社フロンティアコンサルティング,[OLD] Rendery Enterpriseプラン(2025年9月まで),True
"{'type': 'ContractLineItem__c', 'url': '/services/data/v67.0/sobjects/ContractLineItem__c/a03RB00001NswVxYAJ'}",a03RB00001NswVxYAJ,株式会社フロンティアコンサルティング_2024/09,001RB00001VTqlHYAT,a04RB00000kUANiYAO,a0BRB00000ynb5d2AA,2024/09,2024/09,2024-09-01,2024-09-30,a0CRB0000CcXZ6T2QW,,,27500,27500,False,False,5,2026-06-21T16:13:55.000+0000,2026-08-06T00:50:25.000+0000,CN-00000008,株式会社フロンティアコンサルティング,Activated,株式会社フロンティアコンサルティング,[OLD] Rendery Enterpriseプラン(2025年9月まで),True
"{'type': 'ContractLineItem__c', 'url': '/services/data/v67.0/sobjects/ContractLineItem__c/a03RB00001NswVyYAJ'}",a03RB00001NswVyYAJ,株式会社フロンティアコンサルティング_2024/10,001RB00001VTqlHYAT,a04RB00000kUANiYAO,a0BRB00000ynb5d2AA,2024/10,2024/10,2024-10-01,2024-10-31,a0CRB0000CcXZ6T2QW,,,27500,27500,False,False,5,2026-06-21T16:13:55.000+0000,2026-08-06T00:50:25.000+0000,CN-00000008,株式会社フロンティアコンサルティング,Activated,株式会社フロンティアコンサルティング,[OLD] Rendery Enterpriseプラン(2025年9月まで),True
"{'type': 'ContractLineItem__c', 'url': '/services/data/v67.0/sobjects/ContractLineItem__c/a03RB00001NswVzYAJ'}",a03RB00001NswVzYAJ,株式会社フロンティアコンサルティング_2024/11,001RB00001VTqlHYAT,a04RB00000kUANiYAO,a0BRB00000ynb5d2AA,2024/11,2024/11,2024-11-01,2024-11-30,a0CRB0000CcXZ6T2QW,,,27500,27500,False,False,5,2026-06-21T16:13:55.000+0000,2026-08-06T00:50:25.000+0000,CN-00000008,株式会社フロンティアコンサルティング,Activated,株式会社フロンティアコンサルティング,[OLD] Rendery Enterpriseプラン(2025年9月まで),True
"{'type': 'ContractLineItem__c', 'url': '/services/data/v67.0/sobjects/ContractLineItem__c/a03RB00001NswW0YAJ'}",a03RB00001NswW0YAJ,株式会社フロンティアコンサルティング_2024/12,001RB00001VTqlHYAT,a04RB00000kUANiYAO,a0BRB00000ynb5d2AA,2024/12,2024/12,2024-12-01,2024-12-31,a0CRB0000CcXZ6T2QW,,,27500,27500,False,False,5,2026-06-21T16:13:55.000+0000,2026-08-06T00:50:25.000+0000,CN-00000008,株式会社フロンティアコンサルティング,Activated,株式会社フロンティアコンサルティング,[OLD] Rendery Enterpriseプラン(2025年9月まで),True
"{'type': 'ContractLineItem__c', 'url': '/services/data/v67.0/sobjects/ContractLineItem__c/a03RB00001NswW1YAJ'}",a03RB00001NswW1YAJ,株式会社フロンティアコンサルティング_2025/01,001RB00001VTqlHYAT,a04RB00000kUANiYAO,a0BRB00000ynb5d2AA,2025/01,2025/01,2025-01-01,2025-01-31,a0CRB0000CcXZ6T2QW,,,27500,27500,False,False,5,2026-06-21T16:13:55.000+0000,2026-08-06T00:50:25.000+0000,CN-00000008,株式会社フロンティアコンサルティング,Activated,株式会社フロンティアコンサルティング,[OLD] Rendery Enterpriseプラン(2025年9月まで),True
"{'type': 'ContractLineItem__c', 'url': '/services/data/v67.0/sobjects/ContractLineItem__c/a03RB00001NswW2YAJ'}",a03RB00001NswW2YAJ,株式会社フロンティアコンサルティング_2025/02,001RB00001VTqlHYAT,a04RB00000kUANiYAO,a0BRB00000ynb5d2AA,2025/02,2025/02,2025-02-01,2025-02-28,a0CRB0000CcXZ6T2QW,,,396000,396000,False,False,36,2026-06-21T16:13:55.000+0000,2026-08-06T00:50:25.000+0000,CN-00000008,株式会社フロンティアコンサルティング,Activated,株式会社フロンティアコンサルティング,[OLD] Rendery Enterpriseプラン(2025年9月まで),True
"{'type': 'ContractLineItem__c', 'url': '/services/data/v67.0/sobjects/ContractLineItem__c/a03RB00001NswW3YAJ'}",a03RB00001NswW3YAJ,株式会社フロンティアコンサルティング_2025/03,001RB00001VTqlHYAT,a04RB00000kUANiYAO,a0BRB00000ynb5d2AA,2025/03,2025/03,2025-03-01,2025-03-31,a0CRB0000CcXZ6T2QW,,,396000,396000,False,False,36,2026-06-21T16:13:55.000+0000,2026-08-06T00:50:25.000+0000,CN-00000008,株式会社フロンティアコンサルティング,Activated,株式会社フロンティアコンサルティング,[OLD] Rendery Enterpriseプラン(2025年9月まで),True
"{'type': 'ContractLineItem__c', 'url': '/services/data/v67.0/sobjects/ContractLineItem__c/a03RB00001NswW4YAJ'}",a03RB00001NswW4YAJ,株式会社フロンティアコンサルティング_2025/04,001RB00001VTqlHYAT,a04RB00000kUANiYAO,a0BRB00000ynb5d2AA,2025/04,2025/04,2025-04-01,2025-04-30,a0CRB0000CcXZ6T2QW,,,396000,396000,False,False,36,2026-06-21T16:13:55.000+0000,2026-08-06T00:50:25.000+0000,CN-00000008,株式会社フロンティアコンサルティング,Activated,株式会社フロンティアコンサルティング,[OLD] Rendery Enterpriseプラン(2025年9月まで),True
"{'type': 'ContractLineItem__c', 'url': '/services/data/v67.0/sobjects/ContractLineItem__c/a03RB00001NswW5YAJ'}",a03RB00001NswW5YAJ,株式会社フロンティアコンサルティング_2025/05,001RB00001VTqlHYAT,a04RB00000kUANiYAO,a0BRB00000ynb5d2AA,2025/05,2025/05,2025-05-01,2025-05-31,a0CRB0000CcXZ6T2QW,,,396000,396000,False,False,36,2026-06-21T16:13:55.000+0000,2026-08-06T00:50:25.000+0000,CN-00000008,株式会社フロンティアコンサルティング,Activated,株式会社フロンティアコンサルティング,[OLD] Rendery Enterpriseプラン(2025年9月まで),True
"{'type': 'ContractLineItem__c', 'url': '/services/data/v67.0/sobjects/ContractLineItem__c/a03RB00001NswW6YAJ'}",a03RB00001NswW6YAJ,株式会社フロンティアコンサルティング_2025/06,001RB00001VTqlHYAT,a04RB00000kUANiYAO,a0BRB00000ynb5d2AA,2025/06,2025/06,2025-06-01,2025-06-30,a0CRB0000CcXZ6T2QW,,,418000,418000,False,False,38,2026-06-21T16:13:55.000+0000,2026-08-06T00:50:25.000+0000,CN-00000008,株式会社フロンティアコンサルティング,Activated,株式会社フロンティアコンサルティング,[OLD] Rendery Enterpriseプラン(2025年9月まで),True
"{'type': 'ContractLineItem__c', 'url': '/services/data/v67.0/sobjects/ContractLineItem__c/a03RB00001NswW7YAJ'}",a03RB00001NswW7YAJ,株式会社フロンティアコンサルティング_2025/07,001RB00001VTqlHYAT,a04RB00000kUANiYAO,a0BRB00000ynb5d2AA,2025/07,2025/07,2025-07-01,2025-07-31,a0CRB0000CcXZ6T2QW,,,418000,418000,False,False,38,2026-06-21T16:13:55.000+0000,2026-08-06T00:50:25.000+0000,CN-00000008,株式会社フロンティアコンサルティング,Activated,株式会社フロンティアコンサルティング,[OLD] Rendery Enterpriseプラン(2025年9月まで),True
"{'type': 'ContractLineItem__c', 'url': '/services/data/v67.0/sobjects/ContractLineItem__c/a03RB00001NswW8YAJ'}",a03RB00001NswW8YAJ,株式会社フロンティアコンサルティング_2025/08,001RB00001VTqlHYAT,a04RB00000kUANiYAO,a0BRB00000ynb5d2AA,2025/08,2025/08,2025-08-01,2025-08-31,a0CRB0000CcXZ6T2QW,,,418000,418000,False,False,38,2026-06-21T16:13:55.000+0000,2026-08-06T00:50:25.000+0000,CN-00000008,株式会社フロンティアコンサルティング,Activated,株式会社フロンティアコンサルティング,[OLD] Rendery Enterpriseプラン(2025年9月まで),True
"{'type': 'ContractLineItem__c', 'url': '/services/data/v67.0/sobjects/ContractLineItem__c/a03RB00001NswW9YAJ'}",a03RB00001NswW9YAJ,株式会社フロンティアコンサルティング_2025/09,001RB00001VTqlHYAT,a04RB00000kUANiYAO,a0BRB00000ynb5d2AA,2025/09,2025/09,2025-09-01,2025-09-30,a0CRB0000CcXZ6T2QW,,,418000,418000,False,False,38,2026-06-21T16:13:55.000+0000,2026-08-06T00:50:25.000+0000,CN-00000008,株式会社フロンティアコンサルティング,Activated,株式会社フロンティアコンサルティング,[OLD] Rendery Enterpriseプラン(2025年9月まで),True
"{'type': 'ContractLineItem__c', 'url': '/services/data/v67.0/sobjects/ContractLineItem__c/a03RB00001NswWAYAZ'}",a03RB00001NswWAYAZ,株式会社フロンティアコンサルティング_2025/10,001RB00001VTqlHYAT,a04RB00000kUANiYAO,a0BRB00000ynb5d2AA,2025/10,2025/10,2025-10-01,2025-10-31,a0CRB0000CcXZ6T2QW,,,462000,462000,False,False,42,2026-06-21T16:13:55.000+0000,2026-08-06T00:50:25.000+0000,CN-00000008,株式会社フロンティアコンサルティング,Activated,株式会社フロンティアコンサルティング,[OLD] Rendery Enterpriseプラン(2025年9月まで),True
"{'type': 'ContractLineItem__c', 'url': '/services/data/v67.0/sobjects/ContractLineItem__c/a03RB00001NswWBYAZ'}",a03RB00001NswWBYAZ,株式会社フロンティアコンサルティング_2025/11,001RB00001VTqlHYAT,a04RB00000kUANiYAO,a0BRB00000ynb5d2AA,2025/11,2025/11,2025-11-01,2025-11-30,a0CRB0000CcXZ6T2QW,,,462000,462000,False,False,42,2026-06-21T16:13:55.000+0000,2026-08-06T00:50:25.000+0000,CN-00000008,株式会社フロンティアコンサルティング,Activated,株式会社フロンティアコンサルティング,[OLD] Rendery Enterpriseプラン(2025年9月まで),True
"{'type': 'ContractLineItem__c', 'url': '/services/data/v67.0/sobjects/ContractLineItem__c/a03RB00001NswWCYAZ'}",a03RB00001NswWCYAZ,株式会社フロンティアコンサルティング_2025/12,001RB00001VTqlHYAT,a04RB00000kUANiYAO,a0BRB00000ynb5d2AA,2025/12,2025/12,2025-12-01,2025-12-31,a0CRB0000CcXZ6T2QW,,,462000,462000,False,False,42,2026-06-21T16:13:55.000+0000,2026-08-06T00:50:25.000+0000,CN-00000008,株式会社フロンティアコンサルティング,Activated,株式会社フロンティアコンサルティング,[OLD] Rendery Enterpriseプラン(2025年9月まで),True
"{'type': 'ContractLineItem__c', 'url': '/services/data/v67.0/sobjects/ContractLineItem__c/a03RB00001NswWDYAZ'}",a03RB00001NswWDYAZ,株式会社フロンティアコンサルティング_2026/01,001RB00001VTqlHYAT,a04RB00000kUANiYAO,a0BRB00000ynb5d2AA,2026/01,2026/01,2026-01-01,2026-01-31,a0CRB0000CcXZ6T2QW,,,462000,462000,False,False,42,2026-06-21T16:13:55.000+0000,2026-08-06T00:50:25.000+0000,CN-00000008,株式会社フロンティアコンサルティング,Activated,株式会社フロンティアコンサルティング,[OLD] Rendery Enterpriseプラン(2025年9月まで),True
"{'type': 'ContractLineItem__c', 'url': '/services/data/v67.0/sobjects/ContractLineItem__c/a03RB00001NswWEYAZ'}",a03RB00001NswWEYAZ,株式会社フロンティアコンサルティング_2026/02,001RB00001VTqlHYAT,a04RB00000kUANiYAO,a0BRB00000ynb5d2AA,2026/02,2026/02,2026-02-01,2026-02-28,a0CRB0000CcXZ6T2QW,,,462000,462000,False,False,42,2026-06-21T16:13:55.000+0000,2026-08-06T00:50:25.000+0000,CN-00000008,株式会社フロンティアコンサルティング,Activated,株式会社フロンティアコンサルティング,[OLD] Rendery Enterpriseプラン(2025年9月まで),True
"{'type': 'ContractLineItem__c', 'url': '/services/data/v67.0/sobjects/ContractLineItem__c/a03RB00001NswWFYAZ'}",a03RB00001NswWFYAZ,株式会社フロンティアコンサルティング_2026/03,001RB00001VTqlHYAT,a04RB00000kUANiYAO,a0BRB00000ynb5d2AA,2026/03,2026/03,2026-03-01,2026-03-31,a0CRB0000CcXZ6T2QW,,a00RB000024Ux4LYAS,462000,462000,False,False,42,2026-06-21T16:13:55.000+0000,2026-08-06T00:50:25.000+0000,CN-00000008,株式会社フロンティアコンサルティング,Activated,株式会社フロンティアコンサルティング,[OLD] Rendery Enterpriseプラン(2025年9月まで),True
"{'type': 'ContractLineItem__c', 'url': '/services/data/v67.0/sobjects/ContractLineItem__c/a03RB00001NswWGYAZ'}",a03RB00001NswWGYAZ,株式会社フロンティアコンサルティング_2026/04,001RB00001VTqlHYAT,a04RB00000kUANiYAO,a0BRB00000ynb5d2AA,2026/04,2026/04,2026-04-01,2026-04-30,a0CRB0000CcXZ6T2QW,,a00RB00002Am2AfYAJ,462000,462000,False,False,42,2026-06-21T16:13:55.000+0000,2026-08-06T00:50:25.000+0000,CN-00000008,株式会社フロンティアコンサルティング,Activated,株式会社フロンティアコンサルティング,[OLD] Rendery Enterpriseプラン(2025年9月まで),True
"{'type': 'ContractLineItem__c', 'url': '/services/data/v67.0/sobjects/ContractLineItem__c/a03RB00001NswWHYAZ'}",a03RB00001NswWHYAZ,株式会社フロンティアコンサルティング_2026/05,001RB00001VTqlHYAT,a04RB00000kUANiYAO,a0BRB00000ynb5d2AA,2026/05,2026/05,2026-05-01,2026-05-31,a0CRB0000CcXZ6T2QW,,a00RB000024Ux5MYAS,484000,484000,False,False,44,2026-06-21T16:13:55.000+0000,2026-08-06T00:50:25.000+0000,CN-00000008,株式会社フロンティアコンサルティング,Activated,株式会社フロンティアコンサルティング,[OLD] Rendery Enterpriseプラン(2025年9月まで),True
"{'type': 'ContractLineItem__c', 'url': '/services/data/v67.0/sobjects/ContractLineItem__c/a03RB00001NswWIYAZ'}",a03RB00001NswWIYAZ,株式会社フロンティアコンサルティング_2026/06,001RB00001VTqlHYAT,a04RB00000kUANiYAO,a0BRB00000ynb5d2AA,2026/06,2026/06,2026-06-01,2026-06-30,a0CRB0000CcXZ6T2QW,,a00RB00002Am2BiYAJ,550000,550000,False,False,50,2026-06-21T16:13:55.000+0000,2026-08-06T00:04:59.000+0000,CN-00000008,株式会社フロンティアコンサルティング,Activated,株式会社フロンティアコンサルティング,[OLD] Rendery Enterpriseプラン(2025年9月まで),True
"{'type': 'ContractLineItem__c', 'url': '/services/data/v67.0/sobjects/ContractLineItem__c/a03RB00001NswbpYAB'}",a03RB00001NswbpYAB,株式会社デザインアーク_2025/05,001RB00001VTruAYAT,a04RB00000kUAOAYA4,a0BRB00000ynb652AA,2025/05,2025/05,2025-05-01,2025-05-31,a0CRB0000CcXZ6V2QW,,,132000,132000,False,False,6,2026-06-21T16:13:55.000+0000,2026-08-06T00:50:25.000+0000,CN-00000036,株式会社デザインアーク,Activated,株式会社デザインアーク,Rendery Enterpriseプラン,True
"{'type': 'ContractLineItem__c', 'url': '/services/data/v67.0/sobjects/ContractLineItem__c/a03RB00001NswbqYAB'}",a03RB00001NswbqYAB,株式会社デザインアーク_2025/06,001RB00001VTruAYAT,a04RB00000kUAOAYA4,a0BRB00000ynb652AA,2025/06,2025/06,2025-06-01,2025-06-30,a0CRB0000CcXZ6V2QW,,,66000,66000,False,False,6,2026-06-21T16:13:55.000+0000,2026-08-06T00:50:25.000+0000,CN-00000036,株式会社デザインアーク,Activated,株式会社デザインアーク,Rendery Enterpriseプラン,True
"{'type': 'ContractLineItem__c', 'url': '/services/data/v67.0/sobjects/ContractLineItem__c/a03RB00001NswbrYAB'}",a03RB00001NswbrYAB,株式会社デザインアーク_2025/07,001RB00001VTruAYAT,a04RB00000kUAOAYA4,a0BRB00000ynb652AA,2025/07,2025/07,2025-07-01,2025-07-31,a0CRB0000CcXZ6V2QW,,,66000,66000,False,False,6,2026-06-21T16:13:55.000+0000,2026-08-06T00:50:25.000+0000,CN-00000036,株式会社デザインアーク,Activated,株式会社デザインアーク,Rendery Enterpriseプラン,True
"{'type': 'ContractLineItem__c', 'url': '/services/data/v67.0/sobjects/ContractLineItem__c/a03RB00001NswbsYAB'}",a03RB00001NswbsYAB,株式会社デザインアーク_2025/08,001RB00001VTruAYAT,a04RB00000kUAOAYA4,a0BRB00000ynb652AA,2025/08,2025/08,2025-08-01,2025-08-31,a0CRB0000CcXZ6V2QW,,,66000,66000,False,False,6,2026-06-21T16:13:55.000+0000,2026-08-06T00:50:25.000+0000,CN-00000036,株式会社デザインアーク,Activated,株式会社デザインアーク,Rendery Enterpriseプラン,True
"{'type': 'ContractLineItem__c', 'url': '/services/data/v67.0/sobjects/ContractLineItem__c/a03RB00001NswbtYAB'}",a03RB00001NswbtYAB,株式会社デザインアーク_2025/09,001RB00001VTruAYAT,a04RB00000kUAOAYA4,a0BRB00000ynb652AA,2025/09,2025/09,2025-09-01,2025-09-30,a0CRB0000CcXZ6V2QW,,,66000,66000,False,False,6,2026-06-21T16:13:55.000+0000,2026-08-06T00:50:25.000+0000,CN-00000036,株式会社デザインアーク,Activated,株式会社デザインアーク,Rendery Enterpriseプラン,True
"{'type': 'ContractLineItem__c', 'url': '/services/data/v67.0/sobjects/ContractLineItem__c/a03RB00001NswbuYAB'}",a03RB00001NswbuYAB,株式会社デザインアーク_2025/10,001RB00001VTruAYAT,a04RB00000kUAOAYA4,a0BRB00000ynb652AA,2025/10,2025/10,2025-10-01,2025-10-31,a0CRB0000CcXZ6V2QW,,,66000,66000,False,False,6,2026-06-21T16:13:55.000+0000,2026-08-06T00:50:25.000+0000,CN-00000036,株式会社デザインアーク,Activated,株式会社デザインアーク,Rendery Enterpriseプラン,True
"{'type': 'ContractLineItem__c', 'url': '/services/data/v67.0/sobjects/ContractLineItem__c/a03RB00001NswbvYAB'}",a03RB00001NswbvYAB,株式会社デザインアーク_2025/11,001RB00001VTruAYAT,a04RB00000kUAOAYA4,a0BRB00000ynb652AA,2025/11,2025/11,2025-11-01,2025-11-30,a0CRB0000CcXZ6V2QW,,,66000,66000,False,False,6,2026-06-21T16:13:55.000+0000,2026-08-06T00:50:25.000+0000,CN-00000036,株式会社デザインアーク,Activated,株式会社デザインアーク,Rendery Enterpriseプラン,True
"{'type': 'ContractLineItem__c', 'url': '/services/data/v67.0/sobjects/ContractLineItem__c/a03RB00001NswbwYAB'}",a03RB00001NswbwYAB,株式会社デザインアーク_2025/12,001RB00001VTruAYAT,a04RB00000kUAOAYA4,a0BRB00000ynb652AA,2025/12,2025/12,2025-12-01,2025-12-31,a0CRB0000CcXZ6V2QW,,,66000,66000,False,False,6,2026-06-21T16:13:55.000+0000,2026-08-06T00:50:25.000+0000,CN-00000036,株式会社デザインアーク,Activated,株式会社デザインアーク,Rendery Enterpriseプラン,True
"{'type': 'ContractLineItem__c', 'url': '/services/data/v67.0/sobjects/ContractLineItem__c/a03RB00001NswbxYAB'}",a03RB00001NswbxYAB,株式会社デザインアーク_2026/01,001RB00001VTruAYAT,a04RB00000kUAOAYA4,a0BRB00000ynb652AA,2026/01,2026/01,2026-01-01,2026-01-31,a0CRB0000CcXZ6V2QW,,,66000,66000,False,False,6,2026-06-21T16:13:55.000+0000,2026-08-06T00:50:25.000+0000,CN-00000036,株式会社デザインアーク,Activated,株式会社デザインアーク,Rendery Enterpriseプラン,True
"{'type': 'ContractLineItem__c', 'url': '/services/data/v67.0/sobjects/ContractLineItem__c/a03RB00001NswbyYAB'}",a03RB00001NswbyYAB,株式会社デザインアーク_2026/02,001RB00001VTruAYAT,a04RB00000kUAOAYA4,a0BRB00000ynb652AA,2026/02,2026/02,2026-02-01,2026-02-28,a0CRB0000CcXZ6V2QW,,,55000,55000,False,False,5,2026-06-21T16:13:55.000+0000,2026-08-06T00:50:25.000+0000,CN-00000036,株式会社デザインアーク,Activated,株式会社デザインアーク,Rendery Enterpriseプラン,True
"{'type': 'ContractLineItem__c', 'url': '/services/data/v67.0/sobjects/ContractLineItem__c/a03RB00001NswbzYAB'}",a03RB00001NswbzYAB,株式会社デザインアーク_2026/03,001RB00001VTruAYAT,a04RB00000kUAOAYA4,a0BRB00000ynb652AA,2026/03,2026/03,2026-03-01,2026-03-31,a0CRB0000CcXZ6V2QW,,a00RB000027lnMsYAI,55000,55000,False,False,5,2026-06-21T16:13:55.000+0000,2026-08-06T00:04:59.000+0000,CN-00000036,株式会社デザインアーク,Activated,株式会社デザインアーク,Rendery Enterpriseプラン,True
"{'type': 'ContractLineItem__c', 'url': '/services/data/v67.0/sobjects/ContractLineItem__c/a03RB00001Nswc0YAB'}",a03RB00001Nswc0YAB,株式会社デザインアーク_2026/04,001RB00001VTruAYAT,a04RB00000kUAOAYA4,a0BRB00000ynb652AA,2026/04,2026/04,2026-04-01,2026-04-30,a0CRB0000CcXZ6V2QW,,a00RB000027lnMsYAI,55000,55000,False,False,5,2026-06-21T16:13:55.000+0000,2026-08-06T00:04:59.000+0000,CN-00000036,株式会社デザインアーク,Activated,株式会社デザインアーク,Rendery Enterpriseプラン,True
"{'type': 'ContractLineItem__c', 'url': '/services/data/v67.0/sobjects/ContractLineItem__c/a03RB00001Nswc1YAB'}",a03RB00001Nswc1YAB,株式会社デザインアーク_2026/05,001RB00001VTruAYAT,a04RB00000kUAOAYA4,a0BRB00000ynb652AA,2026/05,2026/05,2026-05-01,2026-05-31,a0CRB0000CcXZ6V2QW,,a00RB000027lnMsYAI,55000,55000,False,False,5,2026-06-21T16:13:55.000+0000,2026-08-06T00:04:59.000+0000,CN-00000036,株式会社デザインアーク,Activated,株式会社デザインアーク,Rendery Enterpriseプラン,True
"{'type': 'ContractLineItem__c', 'url': '/services/data/v67.0/sobjects/ContractLineItem__c/a03RB00001Nswc7YAB'}",a03RB00001Nswc7YAB,株式会社アーキテクト・ディベロッパー（5月1日より帝国不動産株式会社）_2025/05,001RB00001VTrtrYAD,a04RB00000kUAOEYA4,a0BRB00000ynb692AA,2025/05,2025/05,2025-05-01,2025-05-31,a0CRB0000CcXZ6Q2QW,,,40000,40000,False,False,5,2026-06-21T16:13:55.000+0000,2026-08-06T00:50:25.000+0000,CN-00000040,株式会社アーキテクト・ディベロッパー（5月1日より帝国不動産株式会社）,Activated,株式会社アーキテクト・ディベロッパー,Rendery Proプラン,True
"{'type': 'ContractLineItem__c', 'url': '/services/data/v67.0/sobjects/ContractLineItem__c/a03RB00001Nswc8YAB'}",a03RB00001Nswc8YAB,株式会社アーキテクト・ディベロッパー（5月1日より帝国不動産株式会社）_2025/06,001RB00001VTrtrYAD,a04RB00000kUAOEYA4,a0BRB00000ynb692AA,2025/06,2025/06,2025-06-01,2025-06-30,a0CRB0000CcXZ6Q2QW,,,40000,40000,False,False,5,2026-06-21T16:13:55.000+0000,2026-08-06T00:50:25.000+0000,CN-00000040,株式会社アーキテクト・ディベロッパー（5月1日より帝国不動産株式会社）,Activated,株式会社アーキテクト・ディベロッパー,Rendery Proプラン,True
"{'type': 'ContractLineItem__c', 'url': '/services/data/v67.0/sobjects/ContractLineItem__c/a03RB00001Nswc9YAB'}",a03RB00001Nswc9YAB,株式会社アーキテクト・ディベロッパー（5月1日より帝国不動産株式会社）_2025/07,001RB00001VTrtrYAD,a04RB00000kUAOEYA4,a0BRB00000ynb692AA,2025/07,2025/07,2025-07-01,2025-07-31,a0CRB0000CcXZ6Q2QW,,,40000,40000,False,False,5,2026-06-21T16:13:55.000+0000,2026-08-06T00:50:25.000+0000,CN-00000040,株式会社アーキテクト・ディベロッパー（5月1日より帝国不動産株式会社）,Activated,株式会社アーキテクト・ディベロッパー,Rendery Proプラン,True
"{'type': 'ContractLineItem__c', 'url': '/services/data/v67.0/sobjects/ContractLineItem__c/a03RB00001NswcAYAR'}",a03RB00001NswcAYAR,株式会社アーキテクト・ディベロッパー（5月1日より帝国不動産株式会社）_2025/08,001RB00001VTrtrYAD,a04RB00000kUAOEYA4,a0BRB00000ynb692AA,2025/08,2025/08,2025-08-01,2025-08-31,a0CRB0000CcXZ6Q2QW,,,40000,40000,False,False,5,2026-06-21T16:13:55.000+0000,2026-08-06T00:50:25.000+0000,CN-00000040,株式会社アーキテクト・ディベロッパー（5月1日より帝国不動産株式会社）,Activated,株式会社アーキテクト・ディベロッパー,Rendery Proプラン,True
"{'type': 'ContractLineItem__c', 'url': '/services/data/v67.0/sobjects/ContractLineItem__c/a03RB00001NswcBYAR'}",a03RB00001NswcBYAR,株式会社アーキテクト・ディベロッパー（5月1日より帝国不動産株式会社）_2025/09,001RB00001VTrtrYAD,a04RB00000kUAOEYA4,a0BRB00000ynb692AA,2025/09,2025/09,2025-09-01,2025-09-30,a0CRB0000CcXZ6Q2QW,,,40000,40000,False,False,5,2026-06-21T16:13:55.000+0000,2026-08-06T00:50:25.000+0000,CN-00000040,株式会社アーキテクト・ディベロッパー（5月1日より帝国不動産株式会社）,Activated,株式会社アーキテクト・ディベロッパー,Rendery Proプラン,True
"{'type': 'ContractLineItem__c', 'url': '/services/data/v67.0/sobjects/ContractLineItem__c/a03RB00001NswcCYAR'}",a03RB00001NswcCYAR,株式会社アーキテクト・ディベロッパー（5月1日より帝国不動産株式会社）_2025/10,001RB00001VTrtrYAD,a04RB00000kUAOEYA4,a0BRB00000ynb692AA,2025/10,2025/10,2025-10-01,2025-10-31,a0CRB0000CcXZ6Q2QW,,,48000,48000,False,False,6,2026-06-21T16:13:55.000+0000,2026-08-06T00:50:25.000+0000,CN-00000040,株式会社アーキテクト・ディベロッパー（5月1日より帝国不動産株式会社）,Activated,株式会社アーキテクト・ディベロッパー,Rendery Proプラン,True
"{'type': 'ContractLineItem__c', 'url': '/services/data/v67.0/sobjects/ContractLineItem__c/a03RB00001NswcDYAR'}",a03RB00001NswcDYAR,株式会社アーキテクト・ディベロッパー（5月1日より帝国不動産株式会社）_2025/11,001RB00001VTrtrYAD,a04RB00000kUAOEYA4,a0BRB00000ynb692AA,2025/11,2025/11,2025-11-01,2025-11-30,a0CRB0000CcXZ6Q2QW,,,48000,48000,False,False,6,2026-06-21T16:13:55.000+0000,2026-08-06T00:50:25.000+0000,CN-00000040,株式会社アーキテクト・ディベロッパー（5月1日より帝国不動産株式会社）,Activated,株式会社アーキテクト・ディベロッパー,Rendery Proプラン,True
"{'type': 'ContractLineItem__c', 'url': '/services/data/v67.0/sobjects/ContractLineItem__c/a03RB00001NswcEYAR'}",a03RB00001NswcEYAR,株式会社アーキテクト・ディベロッパー（5月1日より帝国不動産株式会社）_2025/12,001RB00001VTrtrYAD,a04RB00000kUAOEYA4,a0BRB00000ynb692AA,2025/12,2025/12,2025-12-01,2025-12-31,a0CRB0000CcXZ6Q2QW,,,48000,48000,False,False,6,2026-06-21T16:13:55.000+0000,2026-08-06T00:50:25.000+0000,CN-00000040,株式会社アーキテクト・ディベロッパー（5月1日より帝国不動産株式会社）,Activated,株式会社アーキテクト・ディベロッパー,Rendery Proプラン,True
"{'type': 'ContractLineItem__c', 'url': '/services/data/v67.0/sobjects/ContractLineItem__c/a03RB00001NswcFYAR'}",a03RB00001NswcFYAR,株式会社アーキテクト・ディベロッパー（5月1日より帝国不動産株式会社）_2026/01,001RB00001VTrtrYAD,a04RB00000kUAOEYA4,a0BRB00000ynb692AA,2026/01,2026/01,2026-01-01,2026-01-31,a0CRB0000CcXZ6Q2QW,,,48000,48000,False,False,6,2026-06-21T16:13:55.000+0000,2026-08-06T00:50:25.000+0000,CN-00000040,株式会社アーキテクト・ディベロッパー（5月1日より帝国不動産株式会社）,Activated,株式会社アーキテクト・ディベロッパー,Rendery Proプラン,True
"{'type': 'ContractLineItem__c', 'url': '/services/data/v67.0/sobjects/ContractLineItem__c/a03RB00001NswcGYAR'}",a03RB00001NswcGYAR,株式会社アーキテクト・ディベロッパー（5月1日より帝国不動産株式会社）_2026/02,001RB00001VTrtrYAD,a04RB00000kUAOEYA4,a0BRB00000ynb692AA,2026/02,2026/02,2026-02-01,2026-02-28,a0CRB0000CcXZ6Q2QW,,a00RB000024Ux4NYAS,48000,48000,False,False,6,2026-06-21T16:13:55.000+0000,2026-08-06T00:04:59.000+0000,CN-00000040,株式会社アーキテクト・ディベロッパー（5月1日より帝国不動産株式会社）,Activated,株式会社アーキテクト・ディベロッパー,Rendery Proプラン,True
"{'type': 'ContractLineItem__c', 'url': '/services/data/v67.0/sobjects/ContractLineItem__c/a03RB00001NswcHYAR'}",a03RB00001NswcHYAR,株式会社アーキテクト・ディベロッパー（5月1日より帝国不動産株式会社）_2026/03,001RB00001VTrtrYAD,a04RB00000kUAOEYA4,a0BRB00000ynb692AA,2026/03,2026/03,2026-03-01,2026-03-31,a0CRB0000CcXZ6Q2QW,,a00RB000024Ux4NYAS,48000,48000,False,False,6,2026-06-21T16:13:55.000+0000,2026-08-06T00:04:59.000+0000,CN-00000040,株式会社アーキテクト・ディベロッパー（5月1日より帝国不動産株式会社）,Activated,株式会社アーキテクト・ディベロッパー,Rendery Proプラン,True
"{'type': 'ContractLineItem__c', 'url': '/services/data/v67.0/sobjects/ContractLineItem__c/a03RB00001NswcIYAR'}",a03RB00001NswcIYAR,株式会社アーキテクト・ディベロッパー（5月1日より帝国不動産株式会社）_2026/04,001RB00001VTrtrYAD,a04RB00000kUAOEYA4,a0BRB00000ynb692AA,2026/04,2026/04,2026-04-01,2026-04-30,a0CRB0000CcXZ6Q2QW,,a00RB000024Ux4NYAS,48000,48000,False,False,6,2026-06-21T16:13:55.000+0000,2026-08-06T00:04:59.000+0000,CN-00000040,株式会社アーキテクト・ディベロッパー（5月1日より帝国不動産株式会社）,Activated,株式会社アーキテクト・ディベロッパー,Rendery Proプラン,True
"{'type': 'ContractLineItem__c', 'url': '/services/data/v67.0/sobjects/ContractLineItem__c/a03RB00001NswcJYAR'}",a03RB00001NswcJYAR,株式会社アーキテクト・ディベロッパー（5月1日より帝国不動産株式会社）_2026/05,001RB00001VTrtrYAD,a04RB00000kUAOEYA4,a0BRB00000ynb692AA,2026/05,2026/05,2026-05-01,2026-05-31,a0CRB0000CcXZ6Q2QW,,,48000,48000,False,False,6,2026-06-21T16:13:55.000+0000,2026-08-06T00:50:25.000+0000,CN-00000040,株式会社アーキテクト・ディベロッパー（5月1日より帝国不動産株式会社）,Activated,株式会社アーキテクト・ディベロッパー,Rendery Proプラン,True
"{'type': 'ContractLineItem__c', 'url': '/services/data/v67.0/sobjects/ContractLineItem__c/a03RB00001NswcKYAR'}",a03RB00001NswcKYAR,株式会社アーキテクト・ディベロッパー（5月1日より帝国不動産株式会社）_2026/06,001RB00001VTrtrYAD,a04RB00000kUAOEYA4,a0BRB00000ynb692AA,2026/06,2026/06,2026-06-01,2026-06-30,a0CRB0000CcXZ6Q2QW,,,48000,48000,False,False,6,2026-06-21T16:13:55.000+0000,2026-08-06T00:50:25.000+0000,CN-00000040,株式会社アーキテクト・ディベロッパー（5月1日より帝国不動産株式会社）,Activated,株式会社アーキテクト・ディベロッパー,Rendery Proプラン,True
"{'type': 'ContractLineItem__c', 'url': '/services/data/v67.0/sobjects/ContractLineItem__c/a03RB00001NsweiYAB'}",a03RB00001NsweiYAB,三井不動産レジデンシャルリース株式会社(ソリューション推進部)_2025/09,001RB00001VTqbXYAT,a04RB00000kUAOTYA4,a0BRB00000ynb6O2AQ,2025/09,2025/09,2025-09-01,2025-09-30,a0CRB0000CcXZ6T2QW,,,110000,110000,False,False,10,2026-06-21T16:13:56.000+0000,2026-08-06T00:50:25.000+0000,CN-00000055,三井不動産レジデンシャルリース株式会社(ソリューション推進部),Activated,三井不動産レジデンシャルリース株式会社,[OLD] Rendery Enterpriseプラン(2025年9月まで),True
"{'type': 'ContractLineItem__c', 'url': '/services/data/v67.0/sobjects/ContractLineItem__c/a03RB00001NswejYAB'}",a03RB00001NswejYAB,三井不動産レジデンシャルリース株式会社(ソリューション推進部)_2025/10,001RB00001VTqbXYAT,a04RB00000kUAOTYA4,a0BRB00000ynb6O2AQ,2025/10,2025/10,2025-10-01,2025-10-31,a0CRB0000CcXZ6T2QW,,,110000,110000,False,False,10,2026-06-21T16:13:56.000+0000,2026-08-06T00:50:25.000+0000,CN-00000055,三井不動産レジデンシャルリース株式会社(ソリューション推進部),Activated,三井不動産レジデンシャルリース株式会社,[OLD] Rendery Enterpriseプラン(2025年9月まで),True
"{'type': 'ContractLineItem__c', 'url': '/services/data/v67.0/sobjects/ContractLineItem__c/a03RB00001NswekYAB'}",a03RB00001NswekYAB,三井不動産レジデンシャルリース株式会社(ソリューション推進部)_2025/11,001RB00001VTqbXYAT,a04RB00000kUAOTYA4,a0BRB00000ynb6O2AQ,2025/11,2025/11,2025-11-01,2025-11-30,a0CRB0000CcXZ6T2QW,,,110000,110000,False,False,10,2026-06-21T16:13:56.000+0000,2026-08-06T00:50:25.000+0000,CN-00000055,三井不動産レジデンシャルリース株式会社(ソリューション推進部),Activated,三井不動産レジデンシャルリース株式会社,[OLD] Rendery Enterpriseプラン(2025年9月まで),True
"{'type': 'ContractLineItem__c', 'url': '/services/data/v67.0/sobjects/ContractLineItem__c/a03RB00001NswelYAB'}",a03RB00001NswelYAB,三井不動産レジデンシャルリース株式会社(ソリューション推進部)_2025/12,001RB00001VTqbXYAT,a04RB00000kUAOTYA4,a0BRB00000ynb6O2AQ,2025/12,2025/12,2025-12-01,2025-12-31,a0CRB0000CcXZ6T2QW,,,110000,110000,False,False,10,2026-06-21T16:13:56.000+0000,2026-08-06T00:50:25.000+0000,CN-00000055,三井不動産レジデンシャルリース株式会社(ソリューション推進部),Activated,三井不動産レジデンシャルリース株式会社,[OLD] Rendery Enterpriseプラン(2025年9月まで),True
"{'type': 'ContractLineItem__c', 'url': '/services/data/v67.0/sobjects/ContractLineItem__c/a03RB00001NswemYAB'}",a03RB00001NswemYAB,三井不動産レジデンシャルリース株式会社(ソリューション推進部)_2026/01,001RB00001VTqbXYAT,a04RB00000kUAOTYA4,a0BRB00000ynb6O2AQ,2026/01,2026/01,2026-01-01,2026-01-31,a0CRB0000CcXZ6T2QW,,,110000,110000,False,False,10,2026-06-21T16:13:56.000+0000,2026-08-06T00:50:25.000+0000,CN-00000055,三井不動産レジデンシャルリース株式会社(ソリューション推進部),Activated,三井不動産レジデンシャルリース株式会社,[OLD] Rendery Enterpriseプラン(2025年9月まで),True
"{'type': 'ContractLineItem__c', 'url': '/services/data/v67.0/sobjects/ContractLineItem__c/a03RB00001NswenYAB'}",a03RB00001NswenYAB,三井不動産レジデンシャルリース株式会社(ソリューション推進部)_2026/02,001RB00001VTqbXYAT,a04RB00000kUAOTYA4,a0BRB00000ynb6O2AQ,2026/02,2026/02,2026-02-01,2026-02-28,a0CRB0000CcXZ6T2QW,,,110000,110000,False,False,10,2026-06-21T16:13:56.000+0000,2026-08-06T00:50:25.000+0000,CN-00000055,三井不動産レジデンシャルリース株式会社(ソリューション推進部),Activated,三井不動産レジデンシャルリース株式会社,[OLD] Rendery Enterpriseプラン(2025年9月まで),True
"{'type': 'ContractLineItem__c', 'url': '/services/data/v67.0/sobjects/ContractLineItem__c/a03RB00001NsweoYAB'}",a03RB00001NsweoYAB,三井不動産レジデンシャルリース株式会社(ソリューション推進部)_2026/03,001RB00001VTqbXYAT,a04RB00000kUAOTYA4,a0BRB00000ynb6O2AQ,2026/03,2026/03,2026-03-01,2026-03-31,a0CRB0000CcXZ6T2QW,,a00RB000024Ux4RYAS,110000,110000,False,False,10,2026-06-21T16:13:56.000+0000,2026-08-06T00:50:25.000+0000,CN-00000055,三井不動産レジデンシャルリース株式会社(ソリューション推進部),Activated,三井不動産レジデンシャルリース株式会社,[OLD] Rendery Enterpriseプラン(2025年9月まで),True
"{'type': 'ContractLineItem__c', 'url': '/services/data/v67.0/sobjects/ContractLineItem__c/a03RB00001NswepYAB'}",a03RB00001NswepYAB,三井不動産レジデンシャルリース株式会社(ソリューション推進部)_2026/04,001RB00001VTqbXYAT,a04RB00000kUAOTYA4,a0BRB00000ynb6O2AQ,2026/04,2026/04,2026-04-01,2026-04-30,a0CRB0000CcXZ6T2QW,,,132000,132000,False,False,12,2026-06-21T16:13:56.000+0000,2026-08-06T00:50:25.000+0000,CN-00000055,三井不動産レジデンシャルリース株式会社(ソリューション推進部),Activated,三井不動産レジデンシャルリース株式会社,[OLD] Rendery Enterpriseプラン(2025年9月まで),True
"{'type': 'ContractLineItem__c', 'url': '/services/data/v67.0/sobjects/ContractLineItem__c/a03RB00001NsweqYAB'}",a03RB00001NsweqYAB,三井不動産レジデンシャルリース株式会社(ソリューション推進部)_2026/05,001RB00001VTqbXYAT,a04RB00000kUAOTYA4,a0BRB00000ynb6O2AQ,2026/05,2026/05,2026-05-01,2026-05-31,a0CRB0000CcXZ6T2QW,,a00RB000024Vf27YAC,132000,132000,False,False,12,2026-06-21T16:13:56.000+0000,2026-08-06T00:04:59.000+0000,CN-00000055,三井不動産レジデンシャルリース株式会社(ソリューション推進部),Activated,三井不動産レジデンシャルリース株式会社,[OLD] Rendery Enterpriseプラン(2025年9月まで),True
"{'type': 'ContractLineItem__c', 'url': '/services/data/v67.0/sobjects/ContractLineItem__c/a03RB00001NswerYAB'}",a03RB00001NswerYAB,株式会社LIXIL住宅研究所 リノベーション推進室_2025/09,001RB00001VTraTYAT,a04RB00000kUAOUYA4,a0BRB00000ynb6P2AQ,2025/09,2025/09,2025-09-01,2025-09-30,a0CRB0000CcXZ6d2QG,,,16000,16000,False,False,2,2026-06-21T16:13:56.000+0000,2026-08-06T00:50:25.000+0000,CN-00000056,株式会社LIXIL住宅研究所 リノベーション推進室,Activated,株式会社 LIXIL住宅研究所,Rendery セキュリティオプション(IP制限)_運用費用,True
"{'type': 'ContractLineItem__c', 'url': '/services/data/v67.0/sobjects/ContractLineItem__c/a03RB00001NswesYAB'}",a03RB00001NswesYAB,株式会社LIXIL住宅研究所 リノベーション推進室_2025/10,001RB00001VTraTYAT,a04RB00000kUAOUYA4,a0BRB00000ynb6P2AQ,2025/10,2025/10,2025-10-01,2025-10-31,a0CRB0000CcXZ6d2QG,,,16000,16000,False,False,2,2026-06-21T16:13:56.000+0000,2026-08-06T00:50:25.000+0000,CN-00000056,株式会社LIXIL住宅研究所 リノベーション推進室,Activated,株式会社 LIXIL住宅研究所,Rendery セキュリティオプション(IP制限)_運用費用,True
"{'type': 'ContractLineItem__c', 'url': '/services/data/v67.0/sobjects/ContractLineItem__c/a03RB00001NswetYAB'}",a03RB00001NswetYAB,株式会社LIXIL住宅研究所 リノベーション推進室_2025/11,001RB00001VTraTYAT,a04RB00000kUAOUYA4,a0BRB00000ynb6P2AQ,2025/11,2025/11,2025-11-01,2025-11-30,a0CRB0000CcXZ6d2QG,,,16000,16000,False,False,2,2026-06-21T16:13:56.000+0000,2026-08-06T00:50:25.000+0000,CN-00000056,株式会社LIXIL住宅研究所 リノベーション推進室,Activated,株式会社 LIXIL住宅研究所,Rendery セキュリティオプション(IP制限)_運用費用,True
"{'type': 'ContractLineItem__c', 'url': '/services/data/v67.0/sobjects/ContractLineItem__c/a03RB00001NsweuYAB'}",a03RB00001NsweuYAB,株式会社LIXIL住宅研究所 リノベーション推進室_2025/12,001RB00001VTraTYAT,a04RB00000kUAOUYA4,a0BRB00000ynb6P2AQ,2025/12,2025/12,2025-12-01,2025-12-31,a0CRB0000CcXZ6d2QG,,,16000,16000,False,False,2,2026-06-21T16:13:56.000+0000,2026-08-06T00:50:25.000+0000,CN-00000056,株式会社LIXIL住宅研究所 リノベーション推進室,Activated,株式会社 LIXIL住宅研究所,Rendery セキュリティオプション(IP制限)_運用費用,True
"{'type': 'ContractLineItem__c', 'url': '/services/data/v67.0/sobjects/ContractLineItem__c/a03RB00001NswevYAB'}",a03RB00001NswevYAB,株式会社LIXIL住宅研究所 リノベーション推進室_2026/01,001RB00001VTraTYAT,a04RB00000kUAOUYA4,a0BRB00000ynb6P2AQ,2026/01,2026/01,2026-01-01,2026-01-31,a0CRB0000CcXZ6d2QG,,,16000,16000,False,False,2,2026-06-21T16:13:56.000+0000,2026-08-06T00:50:25.000+0000,CN-00000056,株式会社LIXIL住宅研究所 リノベーション推進室,Activated,株式会社 LIXIL住宅研究所,Rendery セキュリティオプション(IP制限)_運用費用,True
"{'type': 'ContractLineItem__c', 'url': '/services/data/v67.0/sobjects/ContractLineItem__c/a03RB00001NswewYAB'}",a03RB00001NswewYAB,株式会社LIXIL住宅研究所 リノベーション推進室_2026/02,001RB00001VTraTYAT,a04RB00000kUAOUYA4,a0BRB00000ynb6P2AQ,2026/02,2026/02,2026-02-01,2026-02-28,a0CRB0000CcXZ6d2QG,,a00RB000024Ux4oYAC,16000,16000,False,False,2,2026-06-21T16:13:56.000+0000,2026-08-06T00:04:59.000+0000,CN-00000056,株式会社LIXIL住宅研究所 リノベーション推進室,Activated,株式会社 LIXIL住宅研究所,Rendery セキュリティオプション(IP制限)_運用費用,True
"{'type': 'ContractLineItem__c', 'url': '/services/data/v67.0/sobjects/ContractLineItem__c/a03RB00001NswexYAB'}",a03RB00001NswexYAB,株式会社LIXIL住宅研究所 リノベーション推進室_2026/03,001RB00001VTraTYAT,a04RB00000kUAOUYA4,a0BRB00000ynb6P2AQ,2026/03,2026/03,2026-03-01,2026-03-31,a0CRB0000CcXZ6d2QG,,a00RB000024Ux4oYAC,8000,8000,False,False,1,2026-06-21T16:13:56.000+0000,2026-08-06T00:04:59.000+0000,CN-00000056,株式会社LIXIL住宅研究所 リノベーション推進室,Activated,株式会社 LIXIL住宅研究所,Rendery セキュリティオプション(IP制限)_運用費用,True
"{'type': 'ContractLineItem__c', 'url': '/services/data/v67.0/sobjects/ContractLineItem__c/a03RB00001NsweyYAB'}",a03RB00001NsweyYAB,株式会社LIXIL住宅研究所 リノベーション推進室_2026/04,001RB00001VTraTYAT,a04RB00000kUAOUYA4,a0BRB00000ynb6P2AQ,2026/04,2026/04,2026-04-01,2026-04-30,a0CRB0000CcXZ6d2QG,,a00RB000024Ux4oYAC,8000,8000,False,False,1,2026-06-21T16:13:56.000+0000,2026-08-06T00:04:59.000+0000,CN-00000056,株式会社LIXIL住宅研究所 リノベーション推進室,Activated,株式会社 LIXIL住宅研究所,Rendery セキュリティオプション(IP制限)_運用費用,True
"{'type': 'ContractLineItem__c', 'url': '/services/data/v67.0/sobjects/ContractLineItem__c/a03RB00001NswezYAB'}",a03RB00001NswezYAB,株式会社LIXIL住宅研究所 リノベーション推進室_2026/05,001RB00001VTraTYAT,a04RB00000kUAOUYA4,a0BRB00000ynb6P2AQ,2026/05,2026/05,2026-05-01,2026-05-31,a0CRB0000CcXZ6d2QG,,,8000,8000,False,False,1,2026-06-21T16:13:56.000+0000,2026-08-06T00:50:25.000+0000,CN-00000056,株式会社LIXIL住宅研究所 リノベーション推進室,Activated,株式会社 LIXIL住宅研究所,Rendery セキュリティオプション(IP制限)_運用費用,True
"{'type': 'ContractLineItem__c', 'url': '/services/data/v67.0/sobjects/ContractLineItem__c/a03RB00001NswgCYAR'}",a03RB00001NswgCYAR,大塚商会（大和財宅）_2025/09,001RB00001VTqleYAD,a04RB00000kUAObYAO,a0BRB00000ynb6W2AQ,2025/09,2025/09,2025-09-01,2025-09-30,a0CRB0000CcXZ6R2QW,,,88000,88000,False,False,10,2026-06-21T16:13:56.000+0000,2026-08-06T02:00:37.000+0000,CN-00000063,大塚商会（大和財宅）,Activated,株式会社大塚商会,[代理販売20%] Rendery Proプラン,True
"{'type': 'ContractLineItem__c', 'url': '/services/data/v67.0/sobjects/ContractLineItem__c/a03RB00001NswgDYAR'}",a03RB00001NswgDYAR,大塚商会（大和財宅）_2025/10,001RB00001VTqleYAD,a04RB00000kUAObYAO,a0BRB00000ynb6W2AQ,2025/10,2025/10,2025-10-01,2025-10-31,a0CRB0000CcXZ6R2QW,,,88000,88000,False,False,10,2026-06-21T16:13:56.000+0000,2026-08-06T02:00:37.000+0000,CN-00000063,大塚商会（大和財宅）,Activated,株式会社大塚商会,[代理販売20%] Rendery Proプラン,True
"{'type': 'ContractLineItem__c', 'url': '/services/data/v67.0/sobjects/ContractLineItem__c/a03RB00001NswgEYAR'}",a03RB00001NswgEYAR,大塚商会（大和財宅）_2025/11,001RB00001VTqleYAD,a04RB00000kUAObYAO,a0BRB00000ynb6W2AQ,2025/11,2025/11,2025-11-01,2025-11-30,a0CRB0000CcXZ6R2QW,,,88000,88000,False,False,10,2026-06-21T16:13:56.000+0000,2026-08-06T02:00:37.000+0000,CN-00000063,大塚商会（大和財宅）,Activated,株式会社大塚商会,[代理販売20%] Rendery Proプラン,True
"{'type': 'ContractLineItem__c', 'url': '/services/data/v67.0/sobjects/ContractLineItem__c/a03RB00001NswgFYAR'}",a03RB00001NswgFYAR,大塚商会（大和財宅）_2025/12,001RB00001VTqleYAD,a04RB00000kUAObYAO,a0BRB00000ynb6W2AQ,2025/12,2025/12,2025-12-01,2025-12-31,a0CRB0000CcXZ6R2QW,,,88000,88000,False,False,10,2026-06-21T16:13:56.000+0000,2026-08-06T02:00:37.000+0000,CN-00000063,大塚商会（大和財宅）,Activated,株式会社大塚商会,[代理販売20%] Rendery Proプラン,True
"{'type': 'ContractLineItem__c', 'url': '/services/data/v67.0/sobjects/ContractLineItem__c/a03RB00001NswgGYAR'}",a03RB00001NswgGYAR,大塚商会（大和財宅）_2026/01,001RB00001VTqleYAD,a04RB00000kUAObYAO,a0BRB00000ynb6W2AQ,2026/01,2026/01,2026-01-01,2026-01-31,a0CRB0000CcXZ6R2QW,,,88000,88000,False,False,10,2026-06-21T16:13:56.000+0000,2026-08-06T02:00:37.000+0000,CN-00000063,大塚商会（大和財宅）,Activated,株式会社大塚商会,[代理販売20%] Rendery Proプラン,True
"{'type': 'ContractLineItem__c', 'url': '/services/data/v67.0/sobjects/ContractLineItem__c/a03RB00001NswgHYAR'}",a03RB00001NswgHYAR,大塚商会（大和財宅）_2026/02,001RB00001VTqleYAD,a04RB00000kUAObYAO,a0BRB00000ynb6W2AQ,2026/02,2026/02,2026-02-01,2026-02-28,a0CRB0000CcXZ6R2QW,,,88000,88000,False,False,10,2026-06-21T16:13:56.000+0000,2026-08-06T02:00:37.000+0000,CN-00000063,大塚商会（大和財宅）,Activated,株式会社大塚商会,[代理販売20%] Rendery Proプラン,True
"{'type': 'ContractLineItem__c', 'url': '/services/data/v67.0/sobjects/ContractLineItem__c/a03RB00001NswgIYAR'}",a03RB00001NswgIYAR,大塚商会（大和財宅）_2026/03,001RB00001VTqleYAD,a04RB00000kUAObYAO,a0BRB00000ynb6W2AQ,2026/03,2026/03,2026-03-01,2026-03-31,a0CRB0000CcXZ6R2QW,,,88000,88000,False,False,10,2026-06-21T16:13:56.000+0000,2026-08-06T02:00:37.000+0000,CN-00000063,大塚商会（大和財宅）,Activated,株式会社大塚商会,[代理販売20%] Rendery Proプラン,True
"{'type': 'ContractLineItem__c', 'url': '/services/data/v67.0/sobjects/ContractLineItem__c/a03RB00001NswgJYAR'}",a03RB00001NswgJYAR,大塚商会（大和財宅）_2026/04,001RB00001VTqleYAD,a04RB00000kUAObYAO,a0BRB00000ynb6W2AQ,2026/04,2026/04,2026-04-01,2026-04-30,a0CRB0000CcXZ6R2QW,,,88000,88000,False,False,10,2026-06-21T16:13:56.000+0000,2026-08-06T02:00:37.000+0000,CN-00000063,大塚商会（大和財宅）,Activated,株式会社大塚商会,[代理販売20%] Rendery Proプラン,True
"{'type': 'ContractLineItem__c', 'url': '/services/data/v67.0/sobjects/ContractLineItem__c/a03RB00001NswgKYAR'}",a03RB00001NswgKYAR,大塚商会（大和財宅）_2026/05,001RB00001VTqleYAD,a04RB00000kUAObYAO,a0BRB00000ynb6W2AQ,2026/05,2026/05,2026-05-01,2026-05-31,a0CRB0000CcXZ6R2QW,,,88000,88000,False,False,10,2026-06-21T16:13:56.000+0000,2026-08-06T02:00:37.000+0000,CN-00000063,大塚商会（大和財宅）,Activated,株式会社大塚商会,[代理販売20%] Rendery Proプラン,True
"{'type': 'ContractLineItem__c', 'url': '/services/data/v67.0/sobjects/ContractLineItem__c/a03RB00001NswgLYAR'}",a03RB00001NswgLYAR,大塚商会（大和財宅）_2026/06,001RB00001VTqleYAD,a04RB00000kUAObYAO,a0BRB00000ynb6W2AQ,2026/06,2026/06,2026-06-01,2026-06-30,a0CRB0000CcXZ6R2QW,,,88000,88000,False,False,10,2026-06-21T16:13:56.000+0000,2026-08-06T02:00:37.000+0000,CN-00000063,大塚商会（大和財宅）,Activated,株式会社大塚商会,[代理販売20%] Rendery Proプラン,True
"{'type': 'ContractLineItem__c', 'url': '/services/data/v67.0/sobjects/ContractLineItem__c/a03RB00001NswgMYAR'}",a03RB00001NswgMYAR,大塚商会（大和財宅）_2026/07,001RB00001VTqleYAD,a04RB00000kUAObYAO,a0BRB00000ynb6W2AQ,2026/07,2026/07,2026-07-01,2026-07-31,a0CRB0000CcXZ6R2QW,,,88000,88000,False,False,10,2026-06-21T16:13:56.000+0000,2026-08-06T02:00:37.000+0000,CN-00000063,大塚商会（大和財宅）,Activated,株式会社大塚商会,[代理販売20%] Rendery Proプラン,True
"{'type': 'ContractLineItem__c', 'url': '/services/data/v67.0/sobjects/ContractLineItem__c/a03RB00001NswgNYAR'}",a03RB00001NswgNYAR,大塚商会（大和財宅）_2026/08,001RB00001VTqleYAD,a04RB00000kUAObYAO,a0BRB00000ynb6W2AQ,2026/08,2026/08,2026-08-01,2026-08-31,a0CRB0000CcXZ6R2QW,,,88000,88000,False,False,10,2026-06-21T16:13:56.000+0000,2026-08-06T02:00:37.000+0000,CN-00000063,大塚商会（大和財宅）,Activated,株式会社大塚商会,[代理販売20%] Rendery Proプラン,True
"{'type': 'ContractLineItem__c', 'url': '/services/data/v67.0/sobjects/ContractLineItem__c/a03RB00001NswgdYAB'}",a03RB00001NswgdYAB,株式会社三越伊勢丹プロパティデザイン_2026/01,001RB00001VTqxsYAD,a04RB00000kUAOfYAO,a0BRB00000ynb6a2AA,2026/01,2026/01,2026-01-01,2026-01-31,a0CRB0000CcXZ6Q2QW,,,40000,40000,False,False,5,2026-06-21T16:13:56.000+0000,2026-08-06T00:50:25.000+0000,CN-00000067,株式会社三越伊勢丹プロパティデザイン,Activated,三越伊勢丹プロパティ・デザイン株式会社,Rendery Proプラン,True
"{'type': 'ContractLineItem__c', 'url': '/services/data/v67.0/sobjects/ContractLineItem__c/a03RB00001NswgeYAB'}",a03RB00001NswgeYAB,株式会社三越伊勢丹プロパティデザイン_2026/02,001RB00001VTqxsYAD,a04RB00000kUAOfYAO,a0BRB00000ynb6a2AA,2026/02,2026/02,2026-02-01,2026-02-28,a0CRB0000CcXZ6Q2QW,,,40000,40000,False,False,5,2026-06-21T16:13:56.000+0000,2026-08-06T00:50:25.000+0000,CN-00000067,株式会社三越伊勢丹プロパティデザイン,Activated,三越伊勢丹プロパティ・デザイン株式会社,Rendery Proプラン,True
"{'type': 'ContractLineItem__c', 'url': '/services/data/v67.0/sobjects/ContractLineItem__c/a03RB00001NswgfYAB'}",a03RB00001NswgfYAB,株式会社三越伊勢丹プロパティデザイン_2026/03,001RB00001VTqxsYAD,a04RB00000kUAOfYAO,a0BRB00000ynb6a2AA,2026/03,2026/03,2026-03-01,2026-03-31,a0CRB0000CcXZ6Q2QW,,a00RB000024Ux4TYAS,40000,40000,False,False,5,2026-06-21T16:13:56.000+0000,2026-08-06T00:50:25.000+0000,CN-00000067,株式会社三越伊勢丹プロパティデザイン,Activated,三越伊勢丹プロパティ・デザイン株式会社,Rendery Proプラン,True
"{'type': 'ContractLineItem__c', 'url': '/services/data/v67.0/sobjects/ContractLineItem__c/a03RB00001NswggYAB'}",a03RB00001NswggYAB,株式会社三越伊勢丹プロパティデザイン_2026/04,001RB00001VTqxsYAD,a04RB00000kUAOfYAO,a0BRB00000ynb6a2AA,2026/04,2026/04,2026-04-01,2026-04-30,a0CRB0000CcXZ6Q2QW,,a00RB000024Ux4wYAC,40000,40000,False,False,5,2026-06-21T16:13:56.000+0000,2026-08-06T00:50:25.000+0000,CN-00000067,株式会社三越伊勢丹プロパティデザイン,Activated,三越伊勢丹プロパティ・デザイン株式会社,Rendery Proプラン,True
"{'type': 'ContractLineItem__c', 'url': '/services/data/v67.0/sobjects/ContractLineItem__c/a03RB00001NswghYAB'}",a03RB00001NswghYAB,株式会社三越伊勢丹プロパティデザイン_2026/05,001RB00001VTqxsYAD,a04RB00000kUAOfYAO,a0BRB00000ynb6a2AA,2026/05,2026/05,2026-05-01,2026-05-31,a0CRB0000CcXZ6Q2QW,,a00RB000024Vf29YAC,40000,40000,False,False,5,2026-06-21T16:13:56.000+0000,2026-08-06T00:04:59.000+0000,CN-00000067,株式会社三越伊勢丹プロパティデザイン,Activated,三越伊勢丹プロパティ・デザイン株式会社,Rendery Proプラン,True
"{'type': 'ContractLineItem__c', 'url': '/services/data/v67.0/sobjects/ContractLineItem__c/a03RB00001NswgiYAB'}",a03RB00001NswgiYAB,株式会社三越伊勢丹プロパティデザイン_2026/06,001RB00001VTqxsYAD,a04RB00000kUAOfYAO,a0BRB00000ynb6a2AA,2026/06,2026/06,2026-06-01,2026-06-30,a0CRB0000CcXZ6Q2QW,,a00RB000024Vf29YAC,48000,48000,False,False,6,2026-06-21T16:13:56.000+0000,2026-08-06T00:04:59.000+0000,CN-00000067,株式会社三越伊勢丹プロパティデザイン,Activated,三越伊勢丹プロパティ・デザイン株式会社,Rendery Proプラン,True
"{'type': 'ContractLineItem__c', 'url': '/services/data/v67.0/sobjects/ContractLineItem__c/a03RB00001NswgjYAB'}",a03RB00001NswgjYAB,豊通ファシリティーズ株式会社 建築・設計部_2026/01,001RB00001VTqy1YAD,a04RB00000kUAOgYAO,a0BRB00000ynb6b2AA,2026/01,2026/01,2026-01-01,2026-01-31,a0CRB0000CcXZ6Q2QW,,,8000,8000,False,False,1,2026-06-21T16:13:56.000+0000,2026-08-06T00:50:25.000+0000,CN-00000068,豊通ファシリティーズ株式会社　建築・設計部,Activated,豊通ファシリティーズ株式会社,Rendery Proプラン,True
"{'type': 'ContractLineItem__c', 'url': '/services/data/v67.0/sobjects/ContractLineItem__c/a03RB00001NswgkYAB'}",a03RB00001NswgkYAB,豊通ファシリティーズ株式会社 建築・設計部_2026/02,001RB00001VTqy1YAD,a04RB00000kUAOgYAO,a0BRB00000ynb6b2AA,2026/02,2026/02,2026-02-01,2026-02-28,a0CRB0000CcXZ6Q2QW,,,8000,8000,False,False,1,2026-06-21T16:13:56.000+0000,2026-08-06T00:50:25.000+0000,CN-00000068,豊通ファシリティーズ株式会社　建築・設計部,Activated,豊通ファシリティーズ株式会社,Rendery Proプラン,True
"{'type': 'ContractLineItem__c', 'url': '/services/data/v67.0/sobjects/ContractLineItem__c/a03RB00001NswglYAB'}",a03RB00001NswglYAB,豊通ファシリティーズ株式会社 建築・設計部_2026/03,001RB00001VTqy1YAD,a04RB00000kUAOgYAO,a0BRB00000ynb6b2AA,2026/03,2026/03,2026-03-01,2026-03-31,a0CRB0000CcXZ6Q2QW,,a00RB000024Ux4WYAS,8000,8000,False,False,1,2026-06-21T16:13:56.000+0000,2026-08-06T00:50:25.000+0000,CN-00000068,豊通ファシリティーズ株式会社　建築・設計部,Activated,豊通ファシリティーズ株式会社,Rendery Proプラン,True
"{'type': 'ContractLineItem__c', 'url': '/services/data/v67.0/sobjects/ContractLineItem__c/a03RB00001NswgmYAB'}",a03RB00001NswgmYAB,豊通ファシリティーズ株式会社 建築・設計部_2026/04,001RB00001VTqy1YAD,a04RB00000kUAOgYAO,a0BRB00000ynb6b2AA,2026/04,2026/04,2026-04-01,2026-04-30,a0CRB0000CcXZ6Q2QW,,a00RB000024Ux4yYAC,8000,8000,False,False,1,2026-06-21T16:13:56.000+0000,2026-08-06T00:50:25.000+0000,CN-00000068,豊通ファシリティーズ株式会社　建築・設計部,Activated,豊通ファシリティーズ株式会社,Rendery Proプラン,True
"{'type': 'ContractLineItem__c', 'url': '/services/data/v67.0/sobjects/ContractLineItem__c/a03RB00001NswgnYAB'}",a03RB00001NswgnYAB,豊通ファシリティーズ株式会社 建築・設計部_2026/05,001RB00001VTqy1YAD,a04RB00000kUAOgYAO,a0BRB00000ynb6b2AA,2026/05,2026/05,2026-05-01,2026-05-31,a0CRB0000CcXZ6Q2QW,,a00RB000024Ux5TYAS,8000,8000,False,False,1,2026-06-21T16:13:56.000+0000,2026-08-06T00:50:25.000+0000,CN-00000068,豊通ファシリティーズ株式会社　建築・設計部,Activated,豊通ファシリティーズ株式会社,Rendery Proプラン,True
"{'type': 'ContractLineItem__c', 'url': '/services/data/v67.0/sobjects/ContractLineItem__c/a03RB00001NswgoYAB'}",a03RB00001NswgoYAB,豊通ファシリティーズ株式会社 建築・設計部_2026/06,001RB00001VTqy1YAD,a04RB00000kUAOgYAO,a0BRB00000ynb6b2AA,2026/06,2026/06,2026-06-01,2026-06-30,a0CRB0000CcXZ6Q2QW,,a00RB00002Am2BPYAZ,16000,16000,False,False,2,2026-06-21T16:13:56.000+0000,2026-08-06T00:04:59.000+0000,CN-00000068,豊通ファシリティーズ株式会社　建築・設計部,Activated,豊通ファシリティーズ株式会社,Rendery Proプラン,True
"{'type': 'ContractLineItem__c', 'url': '/services/data/v67.0/sobjects/ContractLineItem__c/a03RB00001NswgpYAB'}",a03RB00001NswgpYAB,フロンヴィルホームズ名古屋株式会社_2026/03,001RB00001VTr0hYAD,a04RB00000kUAOhYAO,a0BRB00000ynb6c2AA,2026/03,2026/03,2026-03-01,2026-03-31,a0CRB0000CcXZ6Q2QW,,a00RB000024Ux4ZYAS,8000,8000,False,False,1,2026-06-21T16:13:56.000+0000,2026-08-06T00:50:25.000+0000,CN-00000069,フロンヴィルホームズ名古屋株式会社,Activated,フロンヴィルホームズ名古屋株式会社,Rendery Proプラン,True
"{'type': 'ContractLineItem__c', 'url': '/services/data/v67.0/sobjects/ContractLineItem__c/a03RB00001NswgqYAB'}",a03RB00001NswgqYAB,フロンヴィルホームズ名古屋株式会社_2026/04,001RB00001VTr0hYAD,a04RB00000kUAOhYAO,a0BRB00000ynb6c2AA,2026/04,2026/04,2026-04-01,2026-04-30,a0CRB0000CcXZ6Q2QW,,a00RB000024Ux51YAC,8000,8000,False,False,1,2026-06-21T16:13:56.000+0000,2026-08-06T00:50:25.000+0000,CN-00000069,フロンヴィルホームズ名古屋株式会社,Activated,フロンヴィルホームズ名古屋株式会社,Rendery Proプラン,True
"{'type': 'ContractLineItem__c', 'url': '/services/data/v67.0/sobjects/ContractLineItem__c/a03RB00001NswgrYAB'}",a03RB00001NswgrYAB,フロンヴィルホームズ名古屋株式会社_2026/05,001RB00001VTr0hYAD,a04RB00000kUAOhYAO,a0BRB00000ynb6c2AA,2026/05,2026/05,2026-05-01,2026-05-31,a0CRB0000CcXZ6Q2QW,,a00RB000024Ux5WYAS,8000,8000,False,False,1,2026-06-21T16:13:56.000+0000,2026-08-06T00:50:25.000+0000,CN-00000069,フロンヴィルホームズ名古屋株式会社,Activated,フロンヴィルホームズ名古屋株式会社,Rendery Proプラン,True
"{'type': 'ContractLineItem__c', 'url': '/services/data/v67.0/sobjects/ContractLineItem__c/a03RB00001NswgsYAB'}",a03RB00001NswgsYAB,フロンヴィルホームズ名古屋株式会社_2026/08,001RB00001VTr0hYAD,a04RB00000kUAOhYAO,a0BRB00000ynb6c2AA,2026/08,2026/08,2026-08-01,2026-08-31,a0CRB0000CcXZ6Q2QW,,a00RB00002Am2BRYAZ,20000,20000,False,False,,2026-06-21T16:13:56.000+0000,2026-08-06T00:04:59.000+0000,CN-00000069,フロンヴィルホームズ名古屋株式会社,Activated,フロンヴィルホームズ名古屋株式会社,Rendery Proプラン,True
"{'type': 'ContractLineItem__c', 'url': '/services/data/v67.0/sobjects/ContractLineItem__c/a03RB00001Nswi1YAB'}",a03RB00001Nswi1YAB,株式会社錢高組_2026/02,001RB00001VTqW8YAL,a04RB00000kUAOpYAO,a0BRB00000ynb6k2AA,2026/02,2026/02,2026-02-01,2026-02-28,a0CRB0000CcXZ6Q2QW,,,24000,24000,False,False,3,2026-06-21T16:13:56.000+0000,2026-08-06T00:50:25.000+0000,CN-00000077,株式会社錢高組,Activated,株式会社 錢高組,Rendery Proプラン,True
"{'type': 'ContractLineItem__c', 'url': '/services/data/v67.0/sobjects/ContractLineItem__c/a03RB00001Nswi2YAB'}",a03RB00001Nswi2YAB,株式会社錢高組_2026/03,001RB00001VTqW8YAL,a04RB00000kUAOpYAO,a0BRB00000ynb6k2AA,2026/03,2026/03,2026-03-01,2026-03-31,a0CRB0000CcXZ6Q2QW,,a00RB000024Ux4YYAS,24000,24000,False,False,3,2026-06-21T16:13:56.000+0000,2026-08-06T00:50:25.000+0000,CN-00000077,株式会社錢高組,Activated,株式会社 錢高組,Rendery Proプラン,True
"{'type': 'ContractLineItem__c', 'url': '/services/data/v67.0/sobjects/ContractLineItem__c/a03RB00001Nswi3YAB'}",a03RB00001Nswi3YAB,株式会社錢高組_2026/04,001RB00001VTqW8YAL,a04RB00000kUAOpYAO,a0BRB00000ynb6k2AA,2026/04,2026/04,2026-04-01,2026-04-30,a0CRB0000CcXZ6Q2QW,,a00RB000024Ux50YAC,24000,24000,False,False,3,2026-06-21T16:13:56.000+0000,2026-08-06T00:50:25.000+0000,CN-00000077,株式会社錢高組,Activated,株式会社 錢高組,Rendery Proプラン,True
"{'type': 'ContractLineItem__c', 'url': '/services/data/v67.0/sobjects/ContractLineItem__c/a03RB00001Nswi4YAB'}",a03RB00001Nswi4YAB,株式会社錢高組_2026/05,001RB00001VTqW8YAL,a04RB00000kUAOpYAO,a0BRB00000ynb6k2AA,2026/05,2026/05,2026-05-01,2026-05-31,a0CRB0000CcXZ6Q2QW,,a00RB000024Vf2DYAS,24000,24000,False,False,3,2026-06-21T16:13:56.000+0000,2026-08-06T00:04:59.000+0000,CN-00000077,株式会社錢高組,Activated,株式会社 錢高組,Rendery Proプラン,True
"{'type': 'ContractLineItem__c', 'url': '/services/data/v67.0/sobjects/ContractLineItem__c/a03RB00001NswigYAB'}",a03RB00001NswigYAB,Phantom株式会社_2026/02,001RB00001VTrkRYAT,a04RB00000kUAOtYAO,a0BRB00000ynb6o2AA,2026/02,2026/02,2026-02-01,2026-02-28,a0CRB0000CcXZ6Q2QW,,,16000,16000,False,False,2,2026-06-21T16:13:56.000+0000,2026-08-06T00:50:25.000+0000,CN-00000081,Phantom株式会社,Activated,Phantom株式会社,Rendery Proプラン,True
"{'type': 'ContractLineItem__c', 'url': '/services/data/v67.0/sobjects/ContractLineItem__c/a03RB00001NswihYAB'}",a03RB00001NswihYAB,Phantom株式会社_2026/03,001RB00001VTrkRYAT,a04RB00000kUAOtYAO,a0BRB00000ynb6o2AA,2026/03,2026/03,2026-03-01,2026-03-31,a0CRB0000CcXZ6Q2QW,,a00RB000024Ux4cYAC,16000,16000,False,False,2,2026-06-21T16:13:56.000+0000,2026-08-06T00:50:25.000+0000,CN-00000081,Phantom株式会社,Activated,Phantom株式会社,Rendery Proプラン,True
"{'type': 'ContractLineItem__c', 'url': '/services/data/v67.0/sobjects/ContractLineItem__c/a03RB00001NswiiYAB'}",a03RB00001NswiiYAB,Phantom株式会社_2026/04,001RB00001VTrkRYAT,a04RB00000kUAOtYAO,a0BRB00000ynb6o2AA,2026/04,2026/04,2026-04-01,2026-04-30,a0CRB0000CcXZ6Q2QW,,a00RB000024Ux54YAC,16000,16000,False,False,2,2026-06-21T16:13:56.000+0000,2026-08-06T00:50:25.000+0000,CN-00000081,Phantom株式会社,Activated,Phantom株式会社,Rendery Proプラン,True
"{'type': 'ContractLineItem__c', 'url': '/services/data/v67.0/sobjects/ContractLineItem__c/a03RB00001NswijYAB'}",a03RB00001NswijYAB,Phantom株式会社_2026/05,001RB00001VTrkRYAT,a04RB00000kUAOtYAO,a0BRB00000ynb6o2AA,2026/05,2026/05,2026-05-01,2026-05-31,a0CRB0000CcXZ6Q2QW,,a00RB000024Ux5ZYAS,16000,16000,False,False,2,2026-06-21T16:13:56.000+0000,2026-08-06T00:50:25.000+0000,CN-00000081,Phantom株式会社,Activated,Phantom株式会社,Rendery Proプラン,True
"{'type': 'ContractLineItem__c', 'url': '/services/data/v67.0/sobjects/ContractLineItem__c/a03RB00001Nswj3YAB'}",a03RB00001Nswj3YAB,花菱不動産株式会社_2026/04,001RB00001VTrlBYAT,a04RB00000kUAOyYAO,a0BRB00000ynb6t2AA,2026/04,2026/04,2026-04-01,2026-04-30,a0CRB0000CcXZ6Q2QW,,a00RB00002Am2AhYAJ,16000,16000,False,False,2,2026-06-21T16:13:56.000+0000,2026-08-06T00:50:25.000+0000,CN-00000086,花菱不動産株式会社,Activated,花菱不動産株式会社,Rendery Proプラン,True
"{'type': 'ContractLineItem__c', 'url': '/services/data/v67.0/sobjects/ContractLineItem__c/a03RB00001Nswj4YAB'}",a03RB00001Nswj4YAB,花菱不動産株式会社_2026/05,001RB00001VTrlBYAT,a04RB00000kUAOyYAO,a0BRB00000ynb6t2AA,2026/05,2026/05,2026-05-01,2026-05-31,a0CRB0000CcXZ6Q2QW,,a00RB000024Ux5bYAC,16000,16000,False,False,2,2026-06-21T16:13:56.000+0000,2026-08-06T00:50:25.000+0000,CN-00000086,花菱不動産株式会社,Activated,花菱不動産株式会社,Rendery Proプラン,True
"{'type': 'ContractLineItem__c', 'url': '/services/data/v67.0/sobjects/ContractLineItem__c/a03RB00001Nswj5YAB'}",a03RB00001Nswj5YAB,コンチネンタルホーム株式会社_2026/04,001RB00001VTqgHYAT,a04RB00000kUAOzYAO,a0BRB00000ynb6u2AA,2026/04,2026/04,2026-04-01,2026-04-30,a0CRB0000CcXZ6Q2QW,,a00RB00002Am2AiYAJ,24000,24000,False,False,3,2026-06-21T16:13:56.000+0000,2026-08-06T00:04:59.000+0000,CN-00000087,コンチネンタルホーム株式会社,Expired,コンチネンタルホーム株式会社,Rendery Proプラン,True
"{'type': 'ContractLineItem__c', 'url': '/services/data/v67.0/sobjects/ContractLineItem__c/a03RB00001Nswj6YAB'}",a03RB00001Nswj6YAB,コンチネンタルホーム株式会社_2026/05,001RB00001VTqgHYAT,a04RB00000kUAOzYAO,a0BRB00000ynb6u2AA,2026/05,2026/05,2026-05-01,2026-05-31,a0CRB0000CcXZ6Q2QW,,a00RB00002Am2AiYAJ,24000,24000,False,False,3,2026-06-21T16:13:56.000+0000,2026-08-06T00:04:59.000+0000,CN-00000087,コンチネンタルホーム株式会社,Expired,コンチネンタルホーム株式会社,Rendery Proプラン,True
"{'type': 'ContractLineItem__c', 'url': '/services/data/v67.0/sobjects/ContractLineItem__c/a03RB00001Nswj7YAB'}",a03RB00001Nswj7YAB,柏井建設株式会社_2026/03,001RB00001VTrI5YAL,a04RB00000kUAP0YAO,a0BRB00000ynb6v2AA,2026/03,2026/03,2026-03-01,2026-03-31,a0CRB0000CcXZ6V2QW,,,75000,75000,False,False,5,2026-06-21T16:13:56.000+0000,2026-08-06T00:50:25.000+0000,CN-00000088,柏井建設株式会社,Activated,柏井建設 株式会社,Rendery Enterpriseプラン,True
"{'type': 'ContractLineItem__c', 'url': '/services/data/v67.0/sobjects/ContractLineItem__c/a03RB00001Nswj8YAB'}",a03RB00001Nswj8YAB,柏井建設株式会社_2026/04,001RB00001VTrI5YAL,a04RB00000kUAP0YAO,a0BRB00000ynb6v2AA,2026/04,2026/04,2026-04-01,2026-04-30,a0CRB0000CcXZ6V2QW,,a00RB000024Ux55YAC,75000,75000,False,False,5,2026-06-21T16:13:56.000+0000,2026-08-06T00:50:25.000+0000,CN-00000088,柏井建設株式会社,Activated,柏井建設 株式会社,Rendery Enterpriseプラン,True
"{'type': 'ContractLineItem__c', 'url': '/services/data/v67.0/sobjects/ContractLineItem__c/a03RB00001Nswj9YAB'}",a03RB00001Nswj9YAB,柏井建設株式会社_2026/05,001RB00001VTrI5YAL,a04RB00000kUAP0YAO,a0BRB00000ynb6v2AA,2026/05,2026/05,2026-05-01,2026-05-31,a0CRB0000CcXZ6V2QW,,a00RB000024Vf2IYAS,75000,75000,False,False,5,2026-06-21T16:13:56.000+0000,2026-08-06T00:04:59.000+0000,CN-00000088,柏井建設株式会社,Activated,柏井建設 株式会社,Rendery Enterpriseプラン,True
"{'type': 'ContractLineItem__c', 'url': '/services/data/v67.0/sobjects/ContractLineItem__c/a03RB00001NswjOYAR'}",a03RB00001NswjOYAR,三井住友建設株式会社_2026/03,001RB00001VTqeXYAT,a04RB00000kUAP3YAO,a0BRB00000ynb6y2AA,2026/03,2026/03,2026-03-01,2026-03-31,a0CRB0000CcXZ6Q2QW,,a00RB000024Ux4kYAC,8000,8000,False,False,1,2026-06-21T16:13:56.000+0000,2026-08-06T00:50:25.000+0000,CN-00000091,三井住友建設株式会社,Activated,三井住友建設株式会社,Rendery Proプラン,True
"{'type': 'ContractLineItem__c', 'url': '/services/data/v67.0/sobjects/ContractLineItem__c/a03RB00001NswjPYAR'}",a03RB00001NswjPYAR,三井住友建設株式会社_2026/04,001RB00001VTqeXYAT,a04RB00000kUAP3YAO,a0BRB00000ynb6y2AA,2026/04,2026/04,2026-04-01,2026-04-30,a0CRB0000CcXZ6Q2QW,,,8000,8000,False,False,1,2026-06-21T16:13:56.000+0000,2026-08-06T00:50:25.000+0000,CN-00000091,三井住友建設株式会社,Activated,三井住友建設株式会社,Rendery Proプラン,True
"{'type': 'ContractLineItem__c', 'url': '/services/data/v67.0/sobjects/ContractLineItem__c/a03RB00001NswjQYAR'}",a03RB00001NswjQYAR,三井住友建設株式会社_2026/05,001RB00001VTqeXYAT,a04RB00000kUAP3YAO,a0BRB00000ynb6y2AA,2026/05,2026/05,2026-05-01,2026-05-31,a0CRB0000CcXZ6Q2QW,,a00RB000024Ux5dYAC,8000,8000,False,False,1,2026-06-21T16:13:56.000+0000,2026-08-06T00:50:25.000+0000,CN-00000091,三井住友建設株式会社,Activated,三井住友建設株式会社,Rendery Proプラン,True
"{'type': 'ContractLineItem__c', 'url': '/services/data/v67.0/sobjects/ContractLineItem__c/a03RB00001NswjRYAR'}",a03RB00001NswjRYAR,Asplead株式会社_2026/04,001RB00001VTqnvYAD,a04RB00000kUAP4YAO,a0BRB00000ynb6z2AA,2026/04,2026/04,2026-04-01,2026-04-30,a0CRB0000CcXZ6Q2QW,,a00RB00002Am2AnYAJ,16000,16000,False,False,2,2026-06-21T16:13:56.000+0000,2026-08-06T00:50:25.000+0000,CN-00000092,Asplead株式会社,Activated,Asplead株式会社,Rendery Proプラン,True
"{'type': 'ContractLineItem__c', 'url': '/services/data/v67.0/sobjects/ContractLineItem__c/a03RB00001NswjSYAR'}",a03RB00001NswjSYAR,Asplead株式会社_2026/05,001RB00001VTqnvYAD,a04RB00000kUAP4YAO,a0BRB00000ynb6z2AA,2026/05,2026/05,2026-05-01,2026-05-31,a0CRB0000CcXZ6Q2QW,,a00RB000024Ux5gYAC,16000,16000,False,False,2,2026-06-21T16:13:56.000+0000,2026-08-06T00:50:25.000+0000,CN-00000092,Asplead株式会社,Activated,Asplead株式会社,Rendery Proプラン,True
"{'type': 'ContractLineItem__c', 'url': '/services/data/v67.0/sobjects/ContractLineItem__c/a03RB00001NswjTYAR'}",a03RB00001NswjTYAR,スタイルテック総合計画_2026/04,001RB00001VTrkbYAD,a04RB00000kUAP5YAO,a0BRB00000ynb702AA,2026/04,2026/04,2026-04-01,2026-04-30,a0CRB0000CcXZ6V2QW,,a00RB00002Am2AkYAJ,75000,75000,False,False,5,2026-06-21T16:13:56.000+0000,2026-08-06T00:50:25.000+0000,CN-00000093,スタイルテック総合計画,Activated,株式会社スタイルテック総合計画,Rendery Enterpriseプラン,True
"{'type': 'ContractLineItem__c', 'url': '/services/data/v67.0/sobjects/ContractLineItem__c/a03RB00001NswjUYAR'}",a03RB00001NswjUYAR,スタイルテック総合計画_2026/05,001RB00001VTrkbYAD,a04RB00000kUAP5YAO,a0BRB00000ynb702AA,2026/05,2026/05,2026-05-01,2026-05-31,a0CRB0000CcXZ6V2QW,,a00RB000024Ux5eYAC,75000,75000,False,False,5,2026-06-21T16:13:56.000+0000,2026-08-06T00:50:25.000+0000,CN-00000093,スタイルテック総合計画,Activated,株式会社スタイルテック総合計画,Rendery Enterpriseプラン,True
"{'type': 'ContractLineItem__c', 'url': '/services/data/v67.0/sobjects/ContractLineItem__c/a03RB00001NswjVYAR'}",a03RB00001NswjVYAR,株式会社ecoaハウス_2026/04,001RB00001VTrlqYAD,a04RB00000kUAP6YAO,a0BRB00000ynb712AA,2026/04,2026/04,2026-04-01,2026-04-30,a0CRB0000CcXZ6V2QW,,a00RB00002Am2AlYAJ,75000,75000,False,False,5,2026-06-21T16:13:56.000+0000,2026-08-06T00:50:25.000+0000,CN-00000094,株式会社ecoaハウス,Activated,株式会社ecoaハウス,Rendery Enterpriseプラン,True
"{'type': 'ContractLineItem__c', 'url': '/services/data/v67.0/sobjects/ContractLineItem__c/a03RB00001NswjWYAR'}",a03RB00001NswjWYAR,株式会社ecoaハウス_2026/05,001RB00001VTrlqYAD,a04RB00000kUAP6YAO,a0BRB00000ynb712AA,2026/05,2026/05,2026-05-01,2026-05-31,a0CRB0000CcXZ6V2QW,,a00RB000024Ux5fYAC,75000,75000,False,False,5,2026-06-21T16:13:56.000+0000,2026-08-06T00:50:25.000+0000,CN-00000094,株式会社ecoaハウス,Activated,株式会社ecoaハウス,Rendery Enterpriseプラン,True
"{'type': 'ContractLineItem__c', 'url': '/services/data/v67.0/sobjects/ContractLineItem__c/a03RB00001NswjXYAR'}",a03RB00001NswjXYAR,株式会社ドムコス_2026/04,001RB00001VTrqdYAD,a04RB00000kUAP7YAO,a0BRB00000ynb722AA,2026/04,2026/04,2026-04-01,2026-04-30,a0CRB0000CcXZ6Q2QW,,a00RB00002Am2AmYAJ,8000,8000,False,False,1,2026-06-21T16:13:56.000+0000,2026-08-06T00:50:25.000+0000,CN-00000095,株式会社ドムコス,Activated,株式会社ドムコス,Rendery Proプラン,True
"{'type': 'ContractLineItem__c', 'url': '/services/data/v67.0/sobjects/ContractLineItem__c/a03RB00001NswjYYAR'}",a03RB00001NswjYYAR,株式会社ドムコス_2026/05,001RB00001VTrqdYAD,a04RB00000kUAP7YAO,a0BRB00000ynb722AA,2026/05,2026/05,2026-05-01,2026-05-31,a0CRB0000CcXZ6Q2QW,,a00RB00002Am2B8YAJ,8000,8000,False,False,1,2026-06-21T16:13:56.000+0000,2026-08-06T00:50:25.000+0000,CN-00000095,株式会社ドムコス,Activated,株式会社ドムコス,Rendery Proプラン,True
"{'type': 'ContractLineItem__c', 'url': '/services/data/v67.0/sobjects/ContractLineItem__c/a03RB00001NswjeYAB'}",a03RB00001NswjeYAB,フィールド・デザイン・アーキテクツ一級建築士事務所_2026/04,001RB00001VTrqeYAD,a04RB00000kUAPAYA4,a0BRB00000ynb752AA,2026/04,2026/04,2026-04-01,2026-04-30,a0CRB0000CcXZ6Q2QW,,a00RB00002Am2AoYAJ,8000,8000,False,False,1,2026-06-21T16:13:56.000+0000,2026-08-06T00:50:25.000+0000,CN-00000098,フィールド・デザイン・アーキテクツ一級建築士事務所,Activated,株式会社フィールド・デザイン・アーキテクツ一級建築士事務所,Rendery Proプラン,True
"{'type': 'ContractLineItem__c', 'url': '/services/data/v67.0/sobjects/ContractLineItem__c/a03RB00001NswjfYAB'}",a03RB00001NswjfYAB,フィールド・デザイン・アーキテクツ一級建築士事務所_2026/05,001RB00001VTrqeYAD,a04RB00000kUAPAYA4,a0BRB00000ynb752AA,2026/05,2026/05,2026-05-01,2026-05-31,a0CRB0000CcXZ6Q2QW,,a00RB000024Ux5hYAC,8000,8000,False,False,1,2026-06-21T16:13:56.000+0000,2026-08-06T00:50:25.000+0000,CN-00000098,フィールド・デザイン・アーキテクツ一級建築士事務所,Activated,株式会社フィールド・デザイン・アーキテクツ一級建築士事務所,Rendery Proプラン,True
"{'type': 'ContractLineItem__c', 'url': '/services/data/v67.0/sobjects/ContractLineItem__c/a03RB00001Nswk6YAB'}",a03RB00001Nswk6YAB,株式会社安井建築設計事務所_2026/04,001RB00001VTqU8YAL,a04RB00000kUAPEYA4,a0BRB00000ynn552AA,2026/04,2026/04,2026-04-01,2026-04-30,a0CRB0000CcXZ6Q2QW,,a00RB000024Ux5HYAS,8000,8000,False,False,1,2026-06-21T16:13:56.000+0000,2026-08-06T00:50:25.000+0000,CN-00000102,株式会社安井建築設計事務所,Activated,株式会社安井建築設計事務所,Rendery Proプラン,True
"{'type': 'ContractLineItem__c', 'url': '/services/data/v67.0/sobjects/ContractLineItem__c/a03RB00001Nswk7YAB'}",a03RB00001Nswk7YAB,株式会社安井建築設計事務所_2026/05,001RB00001VTqU8YAL,a04RB00000kUAPEYA4,a0BRB00000ynn552AA,2026/05,2026/05,2026-05-01,2026-05-31,a0CRB0000CcXZ6Q2QW,,a00RB00002Am2AtYAJ,8000,8000,False,False,1,2026-06-21T16:13:56.000+0000,2026-08-06T00:50:25.000+0000,CN-00000102,株式会社安井建築設計事務所,Activated,株式会社安井建築設計事務所,Rendery Proプラン,True
"{'type': 'ContractLineItem__c', 'url': '/services/data/v67.0/sobjects/ContractLineItem__c/a03RB00001NswpTYAR'}",a03RB00001NswpTYAR,株式会社香川不動産買取センター_2025/03,001RB00001VTqaKYAT,a04RB00000kUAPnYAO,a0BRB00000ynn5f2AA,2025/03,2025/03,2025-03-01,2025-03-31,a0CRB0000CcXZ6i2QG,,,11000,11000,False,False,1,2026-06-21T16:13:57.000+0000,2026-08-06T00:50:25.000+0000,CN-00000137,株式会社香川不動産買取センター,Activated,株式会社香川不動産買取センター,knock knock AI Basicプラン(50クレジット),True
"{'type': 'ContractLineItem__c', 'url': '/services/data/v67.0/sobjects/ContractLineItem__c/a03RB00001NswpUYAR'}",a03RB00001NswpUYAR,株式会社香川不動産買取センター_2025/04,001RB00001VTqaKYAT,a04RB00000kUAPnYAO,a0BRB00000ynn5f2AA,2025/04,2025/04,2025-04-01,2025-04-30,a0CRB0000CcXZ6i2QG,,,11000,11000,False,False,1,2026-06-21T16:13:57.000+0000,2026-08-06T00:50:25.000+0000,CN-00000137,株式会社香川不動産買取センター,Activated,株式会社香川不動産買取センター,knock knock AI Basicプラン(50クレジット),True
"{'type': 'ContractLineItem__c', 'url': '/services/data/v67.0/sobjects/ContractLineItem__c/a03RB00001NswpVYAR'}",a03RB00001NswpVYAR,株式会社香川不動産買取センター_2025/05,001RB00001VTqaKYAT,a04RB00000kUAPnYAO,a0BRB00000ynn5f2AA,2025/05,2025/05,2025-05-01,2025-05-31,a0CRB0000CcXZ6i2QG,,,11000,11000,False,False,1,2026-06-21T16:13:57.000+0000,2026-08-06T00:50:25.000+0000,CN-00000137,株式会社香川不動産買取センター,Activated,株式会社香川不動産買取センター,knock knock AI Basicプラン(50クレジット),True
"{'type': 'ContractLineItem__c', 'url': '/services/data/v67.0/sobjects/ContractLineItem__c/a03RB00001NswpWYAR'}",a03RB00001NswpWYAR,株式会社香川不動産買取センター_2025/06,001RB00001VTqaKYAT,a04RB00000kUAPnYAO,a0BRB00000ynn5f2AA,2025/06,2025/06,2025-06-01,2025-06-30,a0CRB0000CcXZ6i2QG,,,11000,11000,False,False,1,2026-06-21T16:13:57.000+0000,2026-08-06T00:50:25.000+0000,CN-00000137,株式会社香川不動産買取センター,Activated,株式会社香川不動産買取センター,knock knock AI Basicプラン(50クレジット),True
"{'type': 'ContractLineItem__c', 'url': '/services/data/v67.0/sobjects/ContractLineItem__c/a03RB00001NswpXYAR'}",a03RB00001NswpXYAR,株式会社香川不動産買取センター_2025/07,001RB00001VTqaKYAT,a04RB00000kUAPnYAO,a0BRB00000ynn5f2AA,2025/07,2025/07,2025-07-01,2025-07-31,a0CRB0000CcXZ6i2QG,,,11000,11000,False,False,1,2026-06-21T16:13:57.000+0000,2026-08-06T00:50:25.000+0000,CN-00000137,株式会社香川不動産買取センター,Activated,株式会社香川不動産買取センター,knock knock AI Basicプラン(50クレジット),True
"{'type': 'ContractLineItem__c', 'url': '/services/data/v67.0/sobjects/ContractLineItem__c/a03RB00001NswpYYAR'}",a03RB00001NswpYYAR,株式会社香川不動産買取センター_2025/08,001RB00001VTqaKYAT,a04RB00000kUAPnYAO,a0BRB00000ynn5f2AA,2025/08,2025/08,2025-08-01,2025-08-31,a0CRB0000CcXZ6i2QG,,,11000,11000,False,False,1,2026-06-21T16:13:57.000+0000,2026-08-06T00:50:25.000+0000,CN-00000137,株式会社香川不動産買取センター,Activated,株式会社香川不動産買取センター,knock knock AI Basicプラン(50クレジット),True
"{'type': 'ContractLineItem__c', 'url': '/services/data/v67.0/sobjects/ContractLineItem__c/a03RB00001NswpZYAR'}",a03RB00001NswpZYAR,株式会社香川不動産買取センター_2025/09,001RB00001VTqaKYAT,a04RB00000kUAPnYAO,a0BRB00000ynn5f2AA,2025/09,2025/09,2025-09-01,2025-09-30,a0CRB0000CcXZ6i2QG,,,11000,11000,False,False,1,2026-06-21T16:13:57.000+0000,2026-08-06T00:50:25.000+0000,CN-00000137,株式会社香川不動産買取センター,Activated,株式会社香川不動産買取センター,knock knock AI Basicプラン(50クレジット),True
"{'type': 'ContractLineItem__c', 'url': '/services/data/v67.0/sobjects/ContractLineItem__c/a03RB00001NswpaYAB'}",a03RB00001NswpaYAB,株式会社香川不動産買取センター_2025/10,001RB00001VTqaKYAT,a04RB00000kUAPnYAO,a0BRB00000ynn5f2AA,2025/10,2025/10,2025-10-01,2025-10-31,a0CRB0000CcXZ6i2QG,,,11000,11000,False,False,1,2026-06-21T16:13:57.000+0000,2026-08-06T00:50:25.000+0000,CN-00000137,株式会社香川不動産買取センター,Activated,株式会社香川不動産買取センター,knock knock AI Basicプラン(50クレジット),True
"{'type': 'ContractLineItem__c', 'url': '/services/data/v67.0/sobjects/ContractLineItem__c/a03RB00001NswpbYAB'}",a03RB00001NswpbYAB,株式会社香川不動産買取センター_2025/11,001RB00001VTqaKYAT,a04RB00000kUAPnYAO,a0BRB00000ynn5f2AA,2025/11,2025/11,2025-11-01,2025-11-30,a0CRB0000CcXZ6i2QG,,,11000,11000,False,False,1,2026-06-21T16:13:57.000+0000,2026-08-06T00:50:25.000+0000,CN-00000137,株式会社香川不動産買取センター,Activated,株式会社香川不動産買取センター,knock knock AI Basicプラン(50クレジット),True
"{'type': 'ContractLineItem__c', 'url': '/services/data/v67.0/sobjects/ContractLineItem__c/a03RB00001NswpcYAB'}",a03RB00001NswpcYAB,株式会社香川不動産買取センター_2025/12,001RB00001VTqaKYAT,a04RB00000kUAPnYAO,a0BRB00000ynn5f2AA,2025/12,2025/12,2025-12-01,2025-12-31,a0CRB0000CcXZ6i2QG,,,11000,11000,False,False,1,2026-06-21T16:13:57.000+0000,2026-08-06T00:50:25.000+0000,CN-00000137,株式会社香川不動産買取センター,Activated,株式会社香川不動産買取センター,knock knock AI Basicプラン(50クレジット),True
"{'type': 'ContractLineItem__c', 'url': '/services/data/v67.0/sobjects/ContractLineItem__c/a03RB00001NswpdYAB'}",a03RB00001NswpdYAB,株式会社香川不動産買取センター_2026/01,001RB00001VTqaKYAT,a04RB00000kUAPnYAO,a0BRB00000ynn5f2AA,2026/01,2026/01,2026-01-01,2026-01-31,a0CRB0000CcXZ6i2QG,,,11000,11000,False,False,1,2026-06-21T16:13:57.000+0000,2026-08-06T00:50:25.000+0000,CN-00000137,株式会社香川不動産買取センター,Activated,株式会社香川不動産買取センター,knock knock AI Basicプラン(50クレジット),True
"{'type': 'ContractLineItem__c', 'url': '/services/data/v67.0/sobjects/ContractLineItem__c/a03RB00001NswpeYAB'}",a03RB00001NswpeYAB,株式会社香川不動産買取センター_2026/02,001RB00001VTqaKYAT,a04RB00000kUAPnYAO,a0BRB00000ynn5f2AA,2026/02,2026/02,2026-02-01,2026-02-28,a0CRB0000CcXZ6i2QG,,,11000,11000,False,False,1,2026-06-21T16:13:57.000+0000,2026-08-06T00:50:25.000+0000,CN-00000137,株式会社香川不動産買取センター,Activated,株式会社香川不動産買取センター,knock knock AI Basicプラン(50クレジット),True
"{'type': 'ContractLineItem__c', 'url': '/services/data/v67.0/sobjects/ContractLineItem__c/a03RB00001NswpfYAB'}",a03RB00001NswpfYAB,株式会社香川不動産買取センター_2026/03,001RB00001VTqaKYAT,a04RB00000kUAPnYAO,a0BRB00000ynn5f2AA,2026/03,2026/03,2026-03-01,2026-03-31,a0CRB0000CcXZ6i2QG,,a00RB00002AvrgkYAB,11000,11000,False,False,1,2026-06-21T16:13:57.000+0000,2026-08-06T00:50:25.000+0000,CN-00000137,株式会社香川不動産買取センター,Activated,株式会社香川不動産買取センター,knock knock AI Basicプラン(50クレジット),True
"{'type': 'ContractLineItem__c', 'url': '/services/data/v67.0/sobjects/ContractLineItem__c/a03RB00001NswpgYAB'}",a03RB00001NswpgYAB,株式会社香川不動産買取センター_2026/04,001RB00001VTqaKYAT,a04RB00000kUAPnYAO,a0BRB00000ynn5f2AA,2026/04,2026/04,2026-04-01,2026-04-30,a0CRB0000CcXZ6i2QG,,a00RB000024Ux5CYAS,11000,11000,False,False,1,2026-06-21T16:13:57.000+0000,2026-08-06T00:50:25.000+0000,CN-00000137,株式会社香川不動産買取センター,Activated,株式会社香川不動産買取センター,knock knock AI Basicプラン(50クレジット),True
"{'type': 'ContractLineItem__c', 'url': '/services/data/v67.0/sobjects/ContractLineItem__c/a03RB00001NswphYAB'}",a03RB00001NswphYAB,株式会社香川不動産買取センター_2026/05,001RB00001VTqaKYAT,a04RB00000kUAPnYAO,a0BRB00000ynn5f2AA,2026/05,2026/05,2026-05-01,2026-05-31,a0CRB0000CcXZ6i2QG,,a00RB000027fzNlYAI,11000,11000,False,False,1,2026-06-21T16:13:57.000+0000,2026-08-06T00:04:59.000+0000,CN-00000137,株式会社香川不動産買取センター,Activated,株式会社香川不動産買取センター,knock knock AI Basicプラン(50クレジット),True
"{'type': 'ContractLineItem__c', 'url': '/services/data/v67.0/sobjects/ContractLineItem__c/a03RB00001NswqqYAB'}",a03RB00001NswqqYAB,ONETEAM不動産_2025/06,001RB00001VTtIdYAL,a04RB00000kUAPxYAO,a0BRB00000ynn5p2AA,2025/06,2025/06,2025-06-01,2025-06-30,a0CRB0000CcXZ6i2QG,,,55000,55000,False,False,1,2026-06-21T16:13:57.000+0000,2026-08-06T00:50:25.000+0000,CN-00000147,ONETEAM不動産,Activated,ONETEAM不動産,knock knock AI Basicプラン(50クレジット),True
"{'type': 'ContractLineItem__c', 'url': '/services/data/v67.0/sobjects/ContractLineItem__c/a03RB00001NswqrYAB'}",a03RB00001NswqrYAB,ONETEAM不動産_2025/07,001RB00001VTtIdYAL,a04RB00000kUAPxYAO,a0BRB00000ynn5p2AA,2025/07,2025/07,2025-07-01,2025-07-31,a0CRB0000CcXZ6i2QG,,,11000,11000,False,False,1,2026-06-21T16:13:57.000+0000,2026-08-06T00:50:25.000+0000,CN-00000147,ONETEAM不動産,Activated,ONETEAM不動産,knock knock AI Basicプラン(50クレジット),True
"{'type': 'ContractLineItem__c', 'url': '/services/data/v67.0/sobjects/ContractLineItem__c/a03RB00001NswqsYAB'}",a03RB00001NswqsYAB,ONETEAM不動産_2025/08,001RB00001VTtIdYAL,a04RB00000kUAPxYAO,a0BRB00000ynn5p2AA,2025/08,2025/08,2025-08-01,2025-08-31,a0CRB0000CcXZ6i2QG,,,11000,11000,False,False,1,2026-06-21T16:13:57.000+0000,2026-08-06T00:50:25.000+0000,CN-00000147,ONETEAM不動産,Activated,ONETEAM不動産,knock knock AI Basicプラン(50クレジット),True
"{'type': 'ContractLineItem__c', 'url': '/services/data/v67.0/sobjects/ContractLineItem__c/a03RB00001NswqtYAB'}",a03RB00001NswqtYAB,ONETEAM不動産_2025/09,001RB00001VTtIdYAL,a04RB00000kUAPxYAO,a0BRB00000ynn5p2AA,2025/09,2025/09,2025-09-01,2025-09-30,a0CRB0000CcXZ6i2QG,,,11000,11000,False,False,1,2026-06-21T16:13:57.000+0000,2026-08-06T00:50:25.000+0000,CN-00000147,ONETEAM不動産,Activated,ONETEAM不動産,knock knock AI Basicプラン(50クレジット),True
"{'type': 'ContractLineItem__c', 'url': '/services/data/v67.0/sobjects/ContractLineItem__c/a03RB00001NswquYAB'}",a03RB00001NswquYAB,ONETEAM不動産_2025/10,001RB00001VTtIdYAL,a04RB00000kUAPxYAO,a0BRB00000ynn5p2AA,2025/10,2025/10,2025-10-01,2025-10-31,a0CRB0000CcXZ6i2QG,,,11000,11000,False,False,1,2026-06-21T16:13:57.000+0000,2026-08-06T00:50:25.000+0000,CN-00000147,ONETEAM不動産,Activated,ONETEAM不動産,knock knock AI Basicプラン(50クレジット),True
"{'type': 'ContractLineItem__c', 'url': '/services/data/v67.0/sobjects/ContractLineItem__c/a03RB00001NswqvYAB'}",a03RB00001NswqvYAB,ONETEAM不動産_2025/11,001RB00001VTtIdYAL,a04RB00000kUAPxYAO,a0BRB00000ynn5p2AA,2025/11,2025/11,2025-11-01,2025-11-30,a0CRB0000CcXZ6i2QG,,,11000,11000,False,False,1,2026-06-21T16:13:57.000+0000,2026-08-06T00:50:25.000+0000,CN-00000147,ONETEAM不動産,Activated,ONETEAM不動産,knock knock AI Basicプラン(50クレジット),True
"{'type': 'ContractLineItem__c', 'url': '/services/data/v67.0/sobjects/ContractLineItem__c/a03RB00001NswqwYAB'}",a03RB00001NswqwYAB,ONETEAM不動産_2025/12,001RB00001VTtIdYAL,a04RB00000kUAPxYAO,a0BRB00000ynn5p2AA,2025/12,2025/12,2025-12-01,2025-12-31,a0CRB0000CcXZ6i2QG,,,11000,11000,False,False,1,2026-06-21T16:13:57.000+0000,2026-08-06T00:50:25.000+0000,CN-00000147,ONETEAM不動産,Activated,ONETEAM不動産,knock knock AI Basicプラン(50クレジット),True
"{'type': 'ContractLineItem__c', 'url': '/services/data/v67.0/sobjects/ContractLineItem__c/a03RB00001NswqxYAB'}",a03RB00001NswqxYAB,ONETEAM不動産_2026/01,001RB00001VTtIdYAL,a04RB00000kUAPxYAO,a0BRB00000ynn5p2AA,2026/01,2026/01,2026-01-01,2026-01-31,a0CRB0000CcXZ6i2QG,,,11000,11000,False,False,1,2026-06-21T16:13:57.000+0000,2026-08-06T00:50:25.000+0000,CN-00000147,ONETEAM不動産,Activated,ONETEAM不動産,knock knock AI Basicプラン(50クレジット),True
"{'type': 'ContractLineItem__c', 'url': '/services/data/v67.0/sobjects/ContractLineItem__c/a03RB00001NswqyYAB'}",a03RB00001NswqyYAB,ONETEAM不動産_2026/02,001RB00001VTtIdYAL,a04RB00000kUAPxYAO,a0BRB00000ynn5p2AA,2026/02,2026/02,2026-02-01,2026-02-28,a0CRB0000CcXZ6i2QG,,,11000,11000,False,False,1,2026-06-21T16:13:57.000+0000,2026-08-06T00:50:25.000+0000,CN-00000147,ONETEAM不動産,Activated,ONETEAM不動産,knock knock AI Basicプラン(50クレジット),True
"{'type': 'ContractLineItem__c', 'url': '/services/data/v67.0/sobjects/ContractLineItem__c/a03RB00001NswqzYAB'}",a03RB00001NswqzYAB,ONETEAM不動産_2026/03,001RB00001VTtIdYAL,a04RB00000kUAPxYAO,a0BRB00000ynn5p2AA,2026/03,2026/03,2026-03-01,2026-03-31,a0CRB0000CcXZ6i2QG,,a00RB000024Ux4iYAC,11000,11000,False,False,1,2026-06-21T16:13:57.000+0000,2026-08-06T00:50:25.000+0000,CN-00000147,ONETEAM不動産,Activated,ONETEAM不動産,knock knock AI Basicプラン(50クレジット),True
"{'type': 'ContractLineItem__c', 'url': '/services/data/v67.0/sobjects/ContractLineItem__c/a03RB00001Nswr0YAB'}",a03RB00001Nswr0YAB,ONETEAM不動産_2026/04,001RB00001VTtIdYAL,a04RB00000kUAPxYAO,a0BRB00000ynn5p2AA,2026/04,2026/04,2026-04-01,2026-04-30,a0CRB0000CcXZ6i2QG,,a00RB000024Ux59YAC,11000,11000,False,False,1,2026-06-21T16:13:57.000+0000,2026-08-06T00:50:25.000+0000,CN-00000147,ONETEAM不動産,Activated,ONETEAM不動産,knock knock AI Basicプラン(50クレジット),True
"{'type': 'ContractLineItem__c', 'url': '/services/data/v67.0/sobjects/ContractLineItem__c/a03RB00001Nswr1YAB'}",a03RB00001Nswr1YAB,ONETEAM不動産_2026/05,001RB00001VTtIdYAL,a04RB00000kUAPxYAO,a0BRB00000ynn5p2AA,2026/05,2026/05,2026-05-01,2026-05-31,a0CRB0000CcXZ6i2QG,,a00RB00002AyetbYAB,11000,11000,False,False,1,2026-06-21T16:13:57.000+0000,2026-08-06T00:50:25.000+0000,CN-00000147,ONETEAM不動産,Activated,ONETEAM不動産,knock knock AI Basicプラン(50クレジット),True
"{'type': 'ContractLineItem__c', 'url': '/services/data/v67.0/sobjects/ContractLineItem__c/a03RB00001NswrEYAR'}",a03RB00001NswrEYAR,TC神鋼不動産株式会社_2025/07,001RB00001VTqfsYAD,a04RB00000kUAPzYAO,a0BRB000013etuo2AA,2025/07,2025/07,2025-07-01,2025-07-31,a0CRB0000CcXZ6i2QG,,,11000,11000,False,False,1,2026-06-21T16:13:57.000+0000,2026-08-06T01:54:07.000+0000,CN-00000149,TC神鋼不動産株式会社,解約,TC神鋼不動産株式会社,knock knock AI Basicプラン(50クレジット),True
"{'type': 'ContractLineItem__c', 'url': '/services/data/v67.0/sobjects/ContractLineItem__c/a03RB00001NswrFYAR'}",a03RB00001NswrFYAR,TC神鋼不動産株式会社_2025/08,001RB00001VTqfsYAD,a04RB00000kUAPzYAO,a0BRB000013etup2AA,2025/08,2025/08,2025-08-01,2025-08-31,a0CRB0000CcXZ6i2QG,,,11000,11000,False,False,1,2026-06-21T16:13:57.000+0000,2026-08-06T01:54:07.000+0000,CN-00000149,TC神鋼不動産株式会社,解約,TC神鋼不動産株式会社,knock knock AI Basicプラン(50クレジット),True
"{'type': 'ContractLineItem__c', 'url': '/services/data/v67.0/sobjects/ContractLineItem__c/a03RB00001NswrGYAR'}",a03RB00001NswrGYAR,TC神鋼不動産株式会社_2025/09,001RB00001VTqfsYAD,a04RB00000kUAPzYAO,a0BRB000013etuq2AA,2025/09,2025/09,2025-09-01,2025-09-30,a0CRB0000CcXZ6i2QG,,,11000,11000,False,False,1,2026-06-21T16:13:57.000+0000,2026-08-06T01:54:07.000+0000,CN-00000149,TC神鋼不動産株式会社,解約,TC神鋼不動産株式会社,knock knock AI Basicプラン(50クレジット),True
"{'type': 'ContractLineItem__c', 'url': '/services/data/v67.0/sobjects/ContractLineItem__c/a03RB00001NswrHYAR'}",a03RB00001NswrHYAR,TC神鋼不動産株式会社_2025/10,001RB00001VTqfsYAD,a04RB00000kUAPzYAO,a0BRB000013etur2AA,2025/10,2025/10,2025-10-01,2025-10-31,a0CRB0000CcXZ6i2QG,,,11000,11000,False,False,1,2026-06-21T16:13:57.000+0000,2026-08-06T01:54:07.000+0000,CN-00000149,TC神鋼不動産株式会社,解約,TC神鋼不動産株式会社,knock knock AI Basicプラン(50クレジット),True
"{'type': 'ContractLineItem__c', 'url': '/services/data/v67.0/sobjects/ContractLineItem__c/a03RB00001NswrIYAR'}",a03RB00001NswrIYAR,TC神鋼不動産株式会社_2025/11,001RB00001VTqfsYAD,a04RB00000kUAPzYAO,a0BRB000013etus2AA,2025/11,2025/11,2025-11-01,2025-11-30,a0CRB0000CcXZ6i2QG,,,11000,11000,False,False,1,2026-06-21T16:13:57.000+0000,2026-08-06T01:54:07.000+0000,CN-00000149,TC神鋼不動産株式会社,解約,TC神鋼不動産株式会社,knock knock AI Basicプラン(50クレジット),True
"{'type': 'ContractLineItem__c', 'url': '/services/data/v67.0/sobjects/ContractLineItem__c/a03RB00001NswrJYAR'}",a03RB00001NswrJYAR,TC神鋼不動産株式会社_2025/12,001RB00001VTqfsYAD,a04RB00000kUAPzYAO,a0BRB000013etut2AA,2025/12,2025/12,2025-12-01,2025-12-31,a0CRB0000CcXZ6i2QG,,,11000,11000,False,False,1,2026-06-21T16:13:57.000+0000,2026-08-06T01:54:07.000+0000,CN-00000149,TC神鋼不動産株式会社,解約,TC神鋼不動産株式会社,knock knock AI Basicプラン(50クレジット),True
"{'type': 'ContractLineItem__c', 'url': '/services/data/v67.0/sobjects/ContractLineItem__c/a03RB00001NswrKYAR'}",a03RB00001NswrKYAR,TC神鋼不動産株式会社_2026/01,001RB00001VTqfsYAD,a04RB00000kUAPzYAO,a0BRB000013etuu2AA,2026/01,2026/01,2026-01-01,2026-01-31,a0CRB0000CcXZ6i2QG,,,11000,11000,False,False,1,2026-06-21T16:13:57.000+0000,2026-08-06T01:54:07.000+0000,CN-00000149,TC神鋼不動産株式会社,解約,TC神鋼不動産株式会社,knock knock AI Basicプラン(50クレジット),True
"{'type': 'ContractLineItem__c', 'url': '/services/data/v67.0/sobjects/ContractLineItem__c/a03RB00001NswrLYAR'}",a03RB00001NswrLYAR,TC神鋼不動産株式会社_2026/02,001RB00001VTqfsYAD,a04RB00000kUAPzYAO,a0BRB000013etuv2AA,2026/02,2026/02,2026-02-01,2026-02-28,a0CRB0000CcXZ6i2QG,,,11000,11000,False,False,1,2026-06-21T16:13:57.000+0000,2026-08-06T01:54:07.000+0000,CN-00000149,TC神鋼不動産株式会社,解約,TC神鋼不動産株式会社,knock knock AI Basicプラン(50クレジット),True
"{'type': 'ContractLineItem__c', 'url': '/services/data/v67.0/sobjects/ContractLineItem__c/a03RB00001NswrMYAR'}",a03RB00001NswrMYAR,TC神鋼不動産株式会社_2026/03,001RB00001VTqfsYAD,a04RB00000kUAPzYAO,a0BRB000013etuw2AA,2026/03,2026/03,2026-03-01,2026-03-31,a0CRB0000CcXZ6i2QG,,a00RB000024Ux4gYAC,11000,11000,False,False,1,2026-06-21T16:13:57.000+0000,2026-08-06T01:54:07.000+0000,CN-00000149,TC神鋼不動産株式会社,解約,TC神鋼不動産株式会社,knock knock AI Basicプラン(50クレジット),True
"{'type': 'ContractLineItem__c', 'url': '/services/data/v67.0/sobjects/ContractLineItem__c/a03RB00001NswrNYAR'}",a03RB00001NswrNYAR,TC神鋼不動産株式会社_2026/04,001RB00001VTqfsYAD,a04RB00000kUAPzYAO,a0BRB000013etux2AA,2026/04,2026/04,2026-04-01,2026-04-30,a0CRB0000CcXZ6i2QG,,a00RB000024Ux57YAC,11000,11000,False,False,1,2026-06-21T16:13:57.000+0000,2026-08-06T01:54:07.000+0000,CN-00000149,TC神鋼不動産株式会社,解約,TC神鋼不動産株式会社,knock knock AI Basicプラン(50クレジット),True
"{'type': 'ContractLineItem__c', 'url': '/services/data/v67.0/sobjects/ContractLineItem__c/a03RB00001NswrOYAR'}",a03RB00001NswrOYAR,TC神鋼不動産株式会社_2026/05,001RB00001VTqfsYAD,a04RB00000kUAPzYAO,a0BRB0000124lpt2AA,2026/05,2026/05,2026-05-01,2026-05-31,a0CRB0000CcXZ6i2QG,,a00RB000027flsLYAQ,11000,11000,False,False,1,2026-06-21T16:13:57.000+0000,2026-08-06T00:04:59.000+0000,CN-00000149,TC神鋼不動産株式会社,解約,TC神鋼不動産株式会社,knock knock AI Basicプラン(50クレジット),True
"{'type': 'ContractLineItem__c', 'url': '/services/data/v67.0/sobjects/ContractLineItem__c/a03RB00001NswrPYAR'}",a03RB00001NswrPYAR,株式会社TAKUTO_2025/07,001RB00001VTtIfYAL,a04RB00000kUAQ0YAO,a0BRB00000ynn5s2AA,2025/07,2025/07,2025-07-01,2025-07-31,a0CRB0000CcXZ6i2QG,,,11000,11000,False,False,1,2026-06-21T16:13:57.000+0000,2026-08-06T00:50:25.000+0000,CN-00000150,株式会社TAKUTO,Activated,株式会社TAKUTO,knock knock AI Basicプラン(50クレジット),True
"{'type': 'ContractLineItem__c', 'url': '/services/data/v67.0/sobjects/ContractLineItem__c/a03RB00001NswrQYAR'}",a03RB00001NswrQYAR,株式会社TAKUTO_2025/08,001RB00001VTtIfYAL,a04RB00000kUAQ0YAO,a0BRB00000ynn5s2AA,2025/08,2025/08,2025-08-01,2025-08-31,a0CRB0000CcXZ6i2QG,,,11000,11000,False,False,1,2026-06-21T16:13:57.000+0000,2026-08-06T00:50:25.000+0000,CN-00000150,株式会社TAKUTO,Activated,株式会社TAKUTO,knock knock AI Basicプラン(50クレジット),True
"{'type': 'ContractLineItem__c', 'url': '/services/data/v67.0/sobjects/ContractLineItem__c/a03RB00001NswrRYAR'}",a03RB00001NswrRYAR,株式会社TAKUTO_2025/09,001RB00001VTtIfYAL,a04RB00000kUAQ0YAO,a0BRB00000ynn5s2AA,2025/09,2025/09,2025-09-01,2025-09-30,a0CRB0000CcXZ6i2QG,,,11000,11000,False,False,1,2026-06-21T16:13:57.000+0000,2026-08-06T00:50:25.000+0000,CN-00000150,株式会社TAKUTO,Activated,株式会社TAKUTO,knock knock AI Basicプラン(50クレジット),True
"{'type': 'ContractLineItem__c', 'url': '/services/data/v67.0/sobjects/ContractLineItem__c/a03RB00001NswrSYAR'}",a03RB00001NswrSYAR,株式会社TAKUTO_2025/10,001RB00001VTtIfYAL,a04RB00000kUAQ0YAO,a0BRB00000ynn5s2AA,2025/10,2025/10,2025-10-01,2025-10-31,a0CRB0000CcXZ6i2QG,,,11000,11000,False,False,1,2026-06-21T16:13:57.000+0000,2026-08-06T00:50:25.000+0000,CN-00000150,株式会社TAKUTO,Activated,株式会社TAKUTO,knock knock AI Basicプラン(50クレジット),True
"{'type': 'ContractLineItem__c', 'url': '/services/data/v67.0/sobjects/ContractLineItem__c/a03RB00001NswrTYAR'}",a03RB00001NswrTYAR,株式会社TAKUTO_2025/11,001RB00001VTtIfYAL,a04RB00000kUAQ0YAO,a0BRB00000ynn5s2AA,2025/11,2025/11,2025-11-01,2025-11-30,a0CRB0000CcXZ6i2QG,,,11000,11000,False,False,1,2026-06-21T16:13:57.000+0000,2026-08-06T00:50:25.000+0000,CN-00000150,株式会社TAKUTO,Activated,株式会社TAKUTO,knock knock AI Basicプラン(50クレジット),True
"{'type': 'ContractLineItem__c', 'url': '/services/data/v67.0/sobjects/ContractLineItem__c/a03RB00001NswrUYAR'}",a03RB00001NswrUYAR,株式会社TAKUTO_2025/12,001RB00001VTtIfYAL,a04RB00000kUAQ0YAO,a0BRB00000ynn5s2AA,2025/12,2025/12,2025-12-01,2025-12-31,a0CRB0000CcXZ6i2QG,,,11000,11000,False,False,1,2026-06-21T16:13:57.000+0000,2026-08-06T00:50:25.000+0000,CN-00000150,株式会社TAKUTO,Activated,株式会社TAKUTO,knock knock AI Basicプラン(50クレジット),True
"{'type': 'ContractLineItem__c', 'url': '/services/data/v67.0/sobjects/ContractLineItem__c/a03RB00001NswrVYAR'}",a03RB00001NswrVYAR,株式会社TAKUTO_2026/01,001RB00001VTtIfYAL,a04RB00000kUAQ0YAO,a0BRB00000ynn5s2AA,2026/01,2026/01,2026-01-01,2026-01-31,a0CRB0000CcXZ6i2QG,,,11000,11000,False,False,1,2026-06-21T16:13:57.000+0000,2026-08-06T00:50:25.000+0000,CN-00000150,株式会社TAKUTO,Activated,株式会社TAKUTO,knock knock AI Basicプラン(50クレジット),True
"{'type': 'ContractLineItem__c', 'url': '/services/data/v67.0/sobjects/ContractLineItem__c/a03RB00001NswrWYAR'}",a03RB00001NswrWYAR,株式会社TAKUTO_2026/02,001RB00001VTtIfYAL,a04RB00000kUAQ0YAO,a0BRB00000ynn5s2AA,2026/02,2026/02,2026-02-01,2026-02-28,a0CRB0000CcXZ6i2QG,,,11000,11000,False,False,1,2026-06-21T16:13:57.000+0000,2026-08-06T00:50:25.000+0000,CN-00000150,株式会社TAKUTO,Activated,株式会社TAKUTO,knock knock AI Basicプラン(50クレジット),True
"{'type': 'ContractLineItem__c', 'url': '/services/data/v67.0/sobjects/ContractLineItem__c/a03RB00001NswrXYAR'}",a03RB00001NswrXYAR,株式会社TAKUTO_2026/03,001RB00001VTtIfYAL,a04RB00000kUAQ0YAO,a0BRB00000ynn5s2AA,2026/03,2026/03,2026-03-01,2026-03-31,a0CRB0000CcXZ6i2QG,,a00RB000024Ux4fYAC,11000,11000,False,False,1,2026-06-21T16:13:57.000+0000,2026-08-06T00:50:25.000+0000,CN-00000150,株式会社TAKUTO,Activated,株式会社TAKUTO,knock knock AI Basicプラン(50クレジット),True
"{'type': 'ContractLineItem__c', 'url': '/services/data/v67.0/sobjects/ContractLineItem__c/a03RB00001NswrYYAR'}",a03RB00001NswrYYAR,株式会社TAKUTO_2026/04,001RB00001VTtIfYAL,a04RB00000kUAQ0YAO,a0BRB00000ynn5s2AA,2026/04,2026/04,2026-04-01,2026-04-30,a0CRB0000CcXZ6i2QG,,a00RB000024Ux56YAC,11000,11000,False,False,1,2026-06-21T16:13:57.000+0000,2026-08-06T00:50:25.000+0000,CN-00000150,株式会社TAKUTO,Activated,株式会社TAKUTO,knock knock AI Basicプラン(50クレジット),True
"{'type': 'ContractLineItem__c', 'url': '/services/data/v67.0/sobjects/ContractLineItem__c/a03RB00001NswrZYAR'}",a03RB00001NswrZYAR,株式会社TAKUTO_2026/05,001RB00001VTtIfYAL,a04RB00000kUAQ0YAO,a0BRB00000ynn5s2AA,2026/05,2026/05,2026-05-01,2026-05-31,a0CRB0000CcXZ6i2QG,,a00RB000027fzNjYAI,11000,11000,False,False,1,2026-06-21T16:13:57.000+0000,2026-08-06T00:04:59.000+0000,CN-00000150,株式会社TAKUTO,Activated,株式会社TAKUTO,knock knock AI Basicプラン(50クレジット),True
"{'type': 'ContractLineItem__c', 'url': '/services/data/v67.0/sobjects/ContractLineItem__c/a03RB00001NswsMYAR'}",a03RB00001NswsMYAR,株式会社 三福管理センター_2025/11,001RB00001VTqatYAD,a04RB00000kUAQ9YAO,a0BRB00000ynn612AA,2025/11,2025/11,2025-11-01,2025-11-30,a0CRB0000CcXZ6j2QG,,,55000,55000,False,False,1,2026-06-21T16:13:57.000+0000,2026-08-06T00:50:25.000+0000,CN-00000159,株式会社 三福管理センター,Activated,株式会社三福管理センター,knock knock AI Proプラン(300クレジット),True
"{'type': 'ContractLineItem__c', 'url': '/services/data/v67.0/sobjects/ContractLineItem__c/a03RB00001NswsNYAR'}",a03RB00001NswsNYAR,株式会社 三福管理センター_2025/12,001RB00001VTqatYAD,a04RB00000kUAQ9YAO,a0BRB00000ynn612AA,2025/12,2025/12,2025-12-01,2025-12-31,a0CRB0000CcXZ6j2QG,,,55000,55000,False,False,1,2026-06-21T16:13:57.000+0000,2026-08-06T00:50:25.000+0000,CN-00000159,株式会社 三福管理センター,Activated,株式会社三福管理センター,knock knock AI Proプラン(300クレジット),True
"{'type': 'ContractLineItem__c', 'url': '/services/data/v67.0/sobjects/ContractLineItem__c/a03RB00001NswsOYAR'}",a03RB00001NswsOYAR,株式会社 三福管理センター_2026/01,001RB00001VTqatYAD,a04RB00000kUAQ9YAO,a0BRB00000ynn612AA,2026/01,2026/01,2026-01-01,2026-01-31,a0CRB0000CcXZ6j2QG,,,55000,55000,False,False,1,2026-06-21T16:13:57.000+0000,2026-08-06T00:50:25.000+0000,CN-00000159,株式会社 三福管理センター,Activated,株式会社三福管理センター,knock knock AI Proプラン(300クレジット),True
"{'type': 'ContractLineItem__c', 'url': '/services/data/v67.0/sobjects/ContractLineItem__c/a03RB00001NswsPYAR'}",a03RB00001NswsPYAR,株式会社 三福管理センター_2026/02,001RB00001VTqatYAD,a04RB00000kUAQ9YAO,a0BRB00000ynn612AA,2026/02,2026/02,2026-02-01,2026-02-28,a0CRB0000CcXZ6j2QG,,,55000,55000,False,False,1,2026-06-21T16:13:57.000+0000,2026-08-06T00:50:25.000+0000,CN-00000159,株式会社 三福管理センター,Activated,株式会社三福管理センター,knock knock AI Proプラン(300クレジット),True
"{'type': 'ContractLineItem__c', 'url': '/services/data/v67.0/sobjects/ContractLineItem__c/a03RB00001NswsQYAR'}",a03RB00001NswsQYAR,株式会社 三福管理センター_2026/03,001RB00001VTqatYAD,a04RB00000kUAQ9YAO,a0BRB00000ynn612AA,2026/03,2026/03,2026-03-01,2026-03-31,a0CRB0000CcXZ6j2QG,,a00RB000024Ux4XYAS,55000,55000,False,False,1,2026-06-21T16:13:57.000+0000,2026-08-06T00:50:25.000+0000,CN-00000159,株式会社 三福管理センター,Activated,株式会社三福管理センター,knock knock AI Proプラン(300クレジット),True
"{'type': 'ContractLineItem__c', 'url': '/services/data/v67.0/sobjects/ContractLineItem__c/a03RB00001NswsRYAR'}",a03RB00001NswsRYAR,株式会社 三福管理センター_2026/04,001RB00001VTqatYAD,a04RB00000kUAQ9YAO,a0BRB00000ynn612AA,2026/04,2026/04,2026-04-01,2026-04-30,a0CRB0000CcXZ6j2QG,,a00RB000024Ux4zYAC,55000,55000,False,False,1,2026-06-21T16:13:57.000+0000,2026-08-06T00:50:25.000+0000,CN-00000159,株式会社 三福管理センター,Activated,株式会社三福管理センター,knock knock AI Proプラン(300クレジット),True
"{'type': 'ContractLineItem__c', 'url': '/services/data/v67.0/sobjects/ContractLineItem__c/a03RB00001NswsSYAR'}",a03RB00001NswsSYAR,株式会社ケン・プロパティマネジメント_2025/12,001RB00001VTrGkYAL,a04RB00000kUAQAYA4,a0BRB00000ynn622AA,2025/12,2025/12,2025-12-01,2025-12-31,a0CRB0000CcXZ6i2QG,,,55000,55000,False,False,1,2026-06-21T16:13:57.000+0000,2026-08-06T00:50:25.000+0000,CN-00000160,株式会社ケン・プロパティマネジメント,Activated,株式会社ケン・プロパティマネジメント,knock knock AI Basicプラン(50クレジット),True
"{'type': 'ContractLineItem__c', 'url': '/services/data/v67.0/sobjects/ContractLineItem__c/a03RB00001NswsTYAR'}",a03RB00001NswsTYAR,株式会社ケン・プロパティマネジメント_2026/01,001RB00001VTrGkYAL,a04RB00000kUAQAYA4,a0BRB00000ynn622AA,2026/01,2026/01,2026-01-01,2026-01-31,a0CRB0000CcXZ6i2QG,,,55000,55000,False,False,1,2026-06-21T16:13:57.000+0000,2026-08-06T00:50:25.000+0000,CN-00000160,株式会社ケン・プロパティマネジメント,Activated,株式会社ケン・プロパティマネジメント,knock knock AI Basicプラン(50クレジット),True
"{'type': 'ContractLineItem__c', 'url': '/services/data/v67.0/sobjects/ContractLineItem__c/a03RB00001NswsUYAR'}",a03RB00001NswsUYAR,株式会社ケン・プロパティマネジメント_2026/02,001RB00001VTrGkYAL,a04RB00000kUAQAYA4,a0BRB00000ynn622AA,2026/02,2026/02,2026-02-01,2026-02-28,a0CRB0000CcXZ6i2QG,,,55000,55000,False,False,1,2026-06-21T16:13:57.000+0000,2026-08-06T00:50:25.000+0000,CN-00000160,株式会社ケン・プロパティマネジメント,Activated,株式会社ケン・プロパティマネジメント,knock knock AI Basicプラン(50クレジット),True
"{'type': 'ContractLineItem__c', 'url': '/services/data/v67.0/sobjects/ContractLineItem__c/a03RB00001NswsVYAR'}",a03RB00001NswsVYAR,株式会社ケン・プロパティマネジメント_2026/03,001RB00001VTrGkYAL,a04RB00000kUAQAYA4,a0BRB00000ynn622AA,2026/03,2026/03,2026-03-01,2026-03-31,a0CRB0000CcXZ6i2QG,,a00RB000024Ux4SYAS,55000,55000,False,False,1,2026-06-21T16:13:57.000+0000,2026-08-06T00:50:25.000+0000,CN-00000160,株式会社ケン・プロパティマネジメント,Activated,株式会社ケン・プロパティマネジメント,knock knock AI Basicプラン(50クレジット),True
"{'type': 'ContractLineItem__c', 'url': '/services/data/v67.0/sobjects/ContractLineItem__c/a03RB00001NswsWYAR'}",a03RB00001NswsWYAR,株式会社ケン・プロパティマネジメント_2026/04,001RB00001VTrGkYAL,a04RB00000kUAQAYA4,a0BRB00000ynn622AA,2026/04,2026/04,2026-04-01,2026-04-30,a0CRB0000CcXZ6i2QG,,a00RB000024Ux4vYAC,55000,55000,False,False,1,2026-06-21T16:13:57.000+0000,2026-08-06T00:50:25.000+0000,CN-00000160,株式会社ケン・プロパティマネジメント,Activated,株式会社ケン・プロパティマネジメント,knock knock AI Basicプラン(50クレジット),True
"{'type': 'ContractLineItem__c', 'url': '/services/data/v67.0/sobjects/ContractLineItem__c/a03RB00001NswsXYAR'}",a03RB00001NswsXYAR,株式会社ケン・プロパティマネジメント_2026/05,001RB00001VTrGkYAL,a04RB00000kUAQAYA4,a0BRB00000ynn622AA,2026/05,2026/05,2026-05-01,2026-05-31,a0CRB0000CcXZ6i2QG,,a00RB000024Ux5QYAS,55000,55000,False,False,1,2026-06-21T16:13:57.000+0000,2026-08-06T00:50:25.000+0000,CN-00000160,株式会社ケン・プロパティマネジメント,Activated,株式会社ケン・プロパティマネジメント,knock knock AI Basicプラン(50クレジット),True
"{'type': 'ContractLineItem__c', 'url': '/services/data/v67.0/sobjects/ContractLineItem__c/a03RB00001NswsYYAR'}",a03RB00001NswsYYAR,株式会社建新_2026/02,001RB00001VTtIiYAL,a04RB00000kUAQBYA4,a0BRB00000ynn632AA,2026/02,2026/02,2026-02-01,2026-02-28,a0CRB0000CcXZ6i2QG,,,11000,11000,False,False,1,2026-06-21T16:13:57.000+0000,2026-08-06T00:50:25.000+0000,CN-00000161,株式会社建新,Activated,株式会社建新,knock knock AI Basicプラン(50クレジット),True
"{'type': 'ContractLineItem__c', 'url': '/services/data/v67.0/sobjects/ContractLineItem__c/a03RB00001NswsZYAR'}",a03RB00001NswsZYAR,株式会社建新_2026/03,001RB00001VTtIiYAL,a04RB00000kUAQBYA4,a0BRB00000ynn632AA,2026/03,2026/03,2026-03-01,2026-03-31,a0CRB0000CcXZ6i2QG,,a00RB000024Ux4bYAC,11000,11000,False,False,1,2026-06-21T16:13:57.000+0000,2026-08-06T00:50:25.000+0000,CN-00000161,株式会社建新,Activated,株式会社建新,knock knock AI Basicプラン(50クレジット),True
"{'type': 'ContractLineItem__c', 'url': '/services/data/v67.0/sobjects/ContractLineItem__c/a03RB00001NswsaYAB'}",a03RB00001NswsaYAB,株式会社建新_2026/04,001RB00001VTtIiYAL,a04RB00000kUAQBYA4,a0BRB00000ynn632AA,2026/04,2026/04,2026-04-01,2026-04-30,a0CRB0000CcXZ6i2QG,,a00RB000024Ux53YAC,11000,11000,False,False,1,2026-06-21T16:13:57.000+0000,2026-08-06T00:50:25.000+0000,CN-00000161,株式会社建新,Activated,株式会社建新,knock knock AI Basicプラン(50クレジット),True
"{'type': 'ContractLineItem__c', 'url': '/services/data/v67.0/sobjects/ContractLineItem__c/a03RB00001NswsbYAB'}",a03RB00001NswsbYAB,株式会社建新_2026/05,001RB00001VTtIiYAL,a04RB00000kUAQBYA4,a0BRB00000ynn632AA,2026/05,2026/05,2026-05-01,2026-05-31,a0CRB0000CcXZ6i2QG,,a00RB000024Ux5YYAS,11000,11000,False,False,1,2026-06-21T16:13:57.000+0000,2026-08-06T00:50:25.000+0000,CN-00000161,株式会社建新,Activated,株式会社建新,knock knock AI Basicプラン(50クレジット),True
"{'type': 'ContractLineItem__c', 'url': '/services/data/v67.0/sobjects/ContractLineItem__c/a03RB00001NswscYAB'}",a03RB00001NswscYAB,株式会社夢のおてつだい_2026/02,001RB00001VTrkYYAT,a04RB00000kUAQCYA4,a0BRB00000ynn642AA,2026/02,2026/02,2026-02-01,2026-02-28,a0CRB0000CcXZ6j2QG,,,55000,55000,False,False,1,2026-06-21T16:13:57.000+0000,2026-08-06T00:50:25.000+0000,CN-00000162,株式会社夢のおてつだい,Activated,株式会社夢のおてつだい,knock knock AI Proプラン(300クレジット),True
"{'type': 'ContractLineItem__c', 'url': '/services/data/v67.0/sobjects/ContractLineItem__c/a03RB00001NswsdYAB'}",a03RB00001NswsdYAB,株式会社夢のおてつだい_2026/03,001RB00001VTrkYYAT,a04RB00000kUAQCYA4,a0BRB00000ynn642AA,2026/03,2026/03,2026-03-01,2026-03-31,a0CRB0000CcXZ6j2QG,,a00RB000024Ux4aYAC,55000,55000,False,False,1,2026-06-21T16:13:57.000+0000,2026-08-06T00:50:25.000+0000,CN-00000162,株式会社夢のおてつだい,Activated,株式会社夢のおてつだい,knock knock AI Proプラン(300クレジット),True
"{'type': 'ContractLineItem__c', 'url': '/services/data/v67.0/sobjects/ContractLineItem__c/a03RB00001NswseYAB'}",a03RB00001NswseYAB,株式会社夢のおてつだい_2026/04,001RB00001VTrkYYAT,a04RB00000kUAQCYA4,a0BRB00000ynn642AA,2026/04,2026/04,2026-04-01,2026-04-30,a0CRB0000CcXZ6j2QG,,a00RB000024Ux52YAC,55000,55000,False,False,1,2026-06-21T16:13:57.000+0000,2026-08-06T00:50:25.000+0000,CN-00000162,株式会社夢のおてつだい,Activated,株式会社夢のおてつだい,knock knock AI Proプラン(300クレジット),True
"{'type': 'ContractLineItem__c', 'url': '/services/data/v67.0/sobjects/ContractLineItem__c/a03RB00001NswsfYAB'}",a03RB00001NswsfYAB,株式会社夢のおてつだい_2026/05,001RB00001VTrkYYAT,a04RB00000kUAQCYA4,a0BRB00000ynn642AA,2026/05,2026/05,2026-05-01,2026-05-31,a0CRB0000CcXZ6j2QG,,a00RB000024Ux5XYAS,55000,55000,False,False,1,2026-06-21T16:13:57.000+0000,2026-08-06T00:50:25.000+0000,CN-00000162,株式会社夢のおてつだい,Activated,株式会社夢のおてつだい,knock knock AI Proプラン(300クレジット),True
"{'type': 'ContractLineItem__c', 'url': '/services/data/v67.0/sobjects/ContractLineItem__c/a03RB00001QugoIYAR'}",a03RB00001QugoIYAR,Mig_freee請求移行_アイリスチトセ株式会社_2026/05_INV-0000000078,001RB00001VTqlZYAT,a04RB00000kVL7JYAW,a0BRB00000ypw5q2AA,2026/05,2026/05,2026-05-01,2026-05-31,a0CRB0000CcXZ6T2QW,,a00RB000024Ux5NYAS,77000,77000,False,False,7,2026-07-02T12:20:39.000+0000,2026-07-07T03:59:02.000+0000,CN-00000164,Mig_freee請求移行_アイリスチトセ株式会社,Draft,アイリスチトセ株式会社,[OLD] Rendery Enterpriseプラン(2025年9月まで),True
"{'type': 'ContractLineItem__c', 'url': '/services/data/v67.0/sobjects/ContractLineItem__c/a03RB00001QugoJYAR'}",a03RB00001QugoJYAR,Mig_freee請求移行_クウジット株式会社_2026/05_INV-0000000100,001RB00001VcyFKYAZ,a04RB00000kVL7KYAW,a0BRB00000ypw5r2AA,2026/05,2026/05,2026-05-01,2026-05-31,a0CRB0000CcXZ6U2QW,,a00RB000024Ux5jYAC,150000,150000,False,False,11,2026-07-02T12:20:39.000+0000,2026-07-24T10:37:59.000+0000,CN-00000165,Mig_freee請求移行_クウジット株式会社,Draft,クウジット株式会社,[OLD_年払]Rendery Enterpriseプラン(2025年9月まで),True
"{'type': 'ContractLineItem__c', 'url': '/services/data/v67.0/sobjects/ContractLineItem__c/a03RB00001QugoQYAR'}",a03RB00001QugoQYAR,Mig_freee請求移行_リユースせいわ 西和不動産株式会社 栗東店_2026/04_INV-0000000066,001RB00001VTtIZYA1,a04RB00000kVL7QYAW,a0BRB00000ypw5y2AA,2026/04,2026/04,2026-04-01,2026-04-30,a0CRB0000CcXZ6i2QG,,a00RB000024Ux5BYAS,11000,11000,False,False,1,2026-07-02T12:20:39.000+0000,2026-07-02T12:20:39.000+0000,CN-00000171,Mig_freee請求移行_リユースせいわ 西和不動産株式会社 栗東店,Draft,リユースせいわ 西和不動産株式会社 栗東店,knock knock AI Basicプラン(50クレジット),True
"{'type': 'ContractLineItem__c', 'url': '/services/data/v67.0/sobjects/ContractLineItem__c/a03RB00001QugoSYAR'}",a03RB00001QugoSYAR,Mig_freee請求移行_株式会社アールシーコア_2026/03_INV-0000000024,001RB00001VTqxQYAT,a04RB00000kVL7SYAW,a0BRB00000ypw602AA,2026/03,2026/03,2026-03-01,2026-03-31,a0CRB0000CcXZ6V2QW,,a00RB000024Ux4VYAS,250000,250000,False,False,11,2026-07-02T12:20:39.000+0000,2026-07-02T12:20:39.000+0000,CN-00000173,Mig_freee請求移行_株式会社アールシーコア,Draft,株式会社アールシーコア,Rendery Enterpriseプラン,True
"{'type': 'ContractLineItem__c', 'url': '/services/data/v67.0/sobjects/ContractLineItem__c/a03RB00001QugoTYAR'}",a03RB00001QugoTYAR,Mig_freee請求移行_株式会社アールシーコア_2026/04_INV-0000000052,001RB00001VTqxQYAT,a04RB00000kVL7SYAW,a0BRB00000ypw612AA,2026/04,2026/04,2026-04-01,2026-04-30,a0CRB0000CcXZ6V2QW,,a00RB000024Ux4xYAC,250000,250000,False,False,11,2026-07-02T12:20:39.000+0000,2026-07-02T12:20:39.000+0000,CN-00000173,Mig_freee請求移行_株式会社アールシーコア,Draft,株式会社アールシーコア,Rendery Enterpriseプラン,True
"{'type': 'ContractLineItem__c', 'url': '/services/data/v67.0/sobjects/ContractLineItem__c/a03RB00001QugoUYAR'}",a03RB00001QugoUYAR,Mig_freee請求移行_株式会社アールシーコア_2026/05_INV-0000000083,001RB00001VTqxQYAT,a04RB00000kVL7SYAW,a0BRB00000ypw622AA,2026/05,2026/05,2026-05-01,2026-05-31,a0CRB0000CcXZ6V2QW,,a00RB000024Ux5SYAS,250000,250000,False,False,11,2026-07-02T12:20:39.000+0000,2026-07-07T03:59:02.000+0000,CN-00000173,Mig_freee請求移行_株式会社アールシーコア,Draft,株式会社アールシーコア,Rendery Enterpriseプラン,True
"{'type': 'ContractLineItem__c', 'url': '/services/data/v67.0/sobjects/ContractLineItem__c/a03RB00001QugoVYAR'}",a03RB00001QugoVYAR,Mig_freee請求移行_株式会社アールシーコア_2026/06_INV-0000000115,001RB00001VTqxQYAT,a04RB00000kVL7SYAW,a0BRB00000ypw632AA,2026/06,2026/06,2026-06-01,2026-06-30,a0CRB0000CcXZ6V2QW,,a00RB000024Vf2AYAS,250000,250000,False,False,11,2026-07-02T12:20:39.000+0000,2026-07-23T07:04:31.000+0000,CN-00000173,Mig_freee請求移行_株式会社アールシーコア,Draft,株式会社アールシーコア,Rendery Enterpriseプラン,True
"{'type': 'ContractLineItem__c', 'url': '/services/data/v67.0/sobjects/ContractLineItem__c/a03RB00001QugoWYAR'}",a03RB00001QugoWYAR,Mig_freee請求移行_株式会社アイ・キューブ_2026/03_INV-0000000042,001RB00001VTrlAYAT,a04RB00000kVL7TYAW,a0BRB00000ypw642AA,2026/03,2026/03,2026-03-01,2026-03-31,a0CRB0000CcXZ6V2QW,,a00RB000024Ux4nYAC,75000,75000,False,False,5,2026-07-02T12:20:39.000+0000,2026-07-02T12:20:39.000+0000,CN-00000174,Mig_freee請求移行_株式会社アイ・キューブ,Draft,株式会社アイ・キューブ,Rendery Enterpriseプラン,True
"{'type': 'ContractLineItem__c', 'url': '/services/data/v67.0/sobjects/ContractLineItem__c/a03RB00001QugoXYAR'}",a03RB00001QugoXYAR,Mig_freee請求移行_株式会社エリオクリエイト_2026/05_INV-0000000104,001RB00001VTrxYYAT,a04RB00000kVL7UYAW,a0BRB00000ypw652AA,2026/05,2026/05,2026-05-01,2026-05-31,a0CRB0000CcXZ6Q2QW,,a00RB000024Vf1zYAC,96000,96000,False,False,12,2026-07-02T12:20:39.000+0000,2026-07-02T12:20:39.000+0000,CN-00000175,Mig_freee請求移行_株式会社エリオクリエイト,Draft,株式会社エリオクリエイト,Rendery Proプラン,True
"{'type': 'ContractLineItem__c', 'url': '/services/data/v67.0/sobjects/ContractLineItem__c/a03RB00001QugoZYAR'}",a03RB00001QugoZYAR,Mig_freee請求移行_株式会社コスモスイニシア_2026/04_INV-0000000069,001RB00001VTqgBYAT,a04RB00000kVL7VYAW,a0BRB00000ypw672AA,2026/04,2026/04,2026-04-01,2026-04-30,a0CRB0000CcXZ6h2QG,,a00RB000024Ux5EYAS,604000,604000,False,False,4,2026-07-02T12:20:39.000+0000,2026-07-02T12:20:39.000+0000,CN-00000176,Mig_freee請求移行_株式会社コスモスイニシア,Draft,株式会社コスモスイニシア,Rendery セキュリティオプション+_運用費用,True
"{'type': 'ContractLineItem__c', 'url': '/services/data/v67.0/sobjects/ContractLineItem__c/a03RB00001QugoaYAB'}",a03RB00001QugoaYAB,Mig_freee請求移行_株式会社コスモスイニシア_2026/04_INV-0000000070,001RB00001VTqgBYAT,a04RB00000kVL7VYAW,a0BRB00000ypw672AA,2026/04,2026/04,2026-04-01,2026-04-30,a0CRB0000CcXZ6h2QG,,a00RB000024Ux5FYAS,1276000,1276000,False,False,8,2026-07-02T12:20:39.000+0000,2026-07-02T12:20:39.000+0000,CN-00000176,Mig_freee請求移行_株式会社コスモスイニシア,Draft,株式会社コスモスイニシア,Rendery セキュリティオプション+_運用費用,True
"{'type': 'ContractLineItem__c', 'url': '/services/data/v67.0/sobjects/ContractLineItem__c/a03RB00001QugofYAB'}",a03RB00001QugofYAB,Mig_freee請求移行_株式会社ハートランド_2026/03_INV-0000000038,001RB00001VTtIcYAL,a04RB00000kVL7ZYAW,a0BRB00000ypw6C2AQ,2026/03,2026/03,2026-03-01,2026-03-31,a0CRB0000CcXZ6i2QG,,a00RB000024Ux4jYAC,11000,11000,False,False,1,2026-07-02T12:20:39.000+0000,2026-07-02T12:20:39.000+0000,CN-00000180,Mig_freee請求移行_株式会社ハートランド,Draft,株式会社ハートランド,knock knock AI Basicプラン(50クレジット),True
"{'type': 'ContractLineItem__c', 'url': '/services/data/v67.0/sobjects/ContractLineItem__c/a03RB00001QugogYAB'}",a03RB00001QugogYAB,Mig_freee請求移行_株式会社ハートランド_2026/04_INV-0000000065,001RB00001VTtIcYAL,a04RB00000kVL7ZYAW,a0BRB00000ypw6D2AQ,2026/04,2026/04,2026-04-01,2026-04-30,a0CRB0000CcXZ6i2QG,,a00RB000024Ux5AYAS,11000,11000,False,False,1,2026-07-02T12:20:39.000+0000,2026-07-02T12:20:39.000+0000,CN-00000180,Mig_freee請求移行_株式会社ハートランド,Draft,株式会社ハートランド,knock knock AI Basicプラン(50クレジット),True
"{'type': 'ContractLineItem__c', 'url': '/services/data/v67.0/sobjects/ContractLineItem__c/a03RB00001QugohYAB'}",a03RB00001QugohYAB,Mig_freee請求移行_株式会社石勝エクステリア_2026/03_INV-0000000023,001RB00001VTqnMYAT,a04RB00000kVL7aYAG,a0BRB00000ypw6E2AQ,2026/03,2026/03,2026-03-01,2026-03-31,a0CRB0000CcXZ6T2QW,,a00RB000024Ux4UYAS,140000,140000,False,False,11,2026-07-02T12:20:39.000+0000,2026-07-02T12:20:39.000+0000,CN-00000181,Mig_freee請求移行_株式会社石勝エクステリア,Draft,株式会社石勝エクステリア,[OLD] Rendery Enterpriseプラン(2025年9月まで),True
"{'type': 'ContractLineItem__c', 'url': '/services/data/v67.0/sobjects/ContractLineItem__c/a03RB00001QugoiYAB'}",a03RB00001QugoiYAB,Mig_freee請求移行_株式会社中村不動産開発_2026/03_INV-0000000040,001RB00001VTrGlYAL,a04RB00000kVL7bYAG,a0BRB00000ypw6F2AQ,2026/03,2026/03,2026-03-01,2026-03-31,a0CRB0000CcXZ6i2QG,,a00RB000024Ux4lYAC,44000,44000,False,False,4,2026-07-02T12:20:39.000+0000,2026-07-02T12:20:39.000+0000,CN-00000182,Mig_freee請求移行_株式会社中村不動産開発,Draft,株式会社中村不動産開発,knock knock AI Basicプラン(50クレジット),True
"{'type': 'ContractLineItem__c', 'url': '/services/data/v67.0/sobjects/ContractLineItem__c/a03RB00001QugojYAB'}",a03RB00001QugojYAB,Mig_freee請求移行_近鉄不動産株式会社_2026/05_INV-0000000103,001RB00001VTrvcYAD,a04RB00000kVL7cYAG,a0BRB00000ypw6G2AQ,2026/05,2026/05,2026-05-01,2026-05-31,a0CRB0000CcXZ6V2QW,,a00RB000024Vf1yYAC,295000,295000,False,False,14,2026-07-02T12:20:39.000+0000,2026-07-02T12:20:39.000+0000,CN-00000183,Mig_freee請求移行_近鉄不動産株式会社,Draft,近鉄不動産株式会社,Rendery Enterpriseプラン,True
"{'type': 'ContractLineItem__c', 'url': '/services/data/v67.0/sobjects/ContractLineItem__c/a03RB00001QugonYAB'}",a03RB00001QugonYAB,Mig_freee請求移行_松栄不動産株式会社_2026/03_INV-0000000036,001RB00001VTtIeYAL,a04RB00000kVL7fYAG,a0BRB00000ypw6K2AQ,2026/03,2026/03,2026-03-01,2026-03-31,a0CRB0000CcXZ6i2QG,,a00RB000024Ux4hYAC,11000,11000,False,False,1,2026-07-02T12:20:39.000+0000,2026-07-02T12:20:39.000+0000,CN-00000186,Mig_freee請求移行_松栄不動産株式会社,Draft,松栄不動産株式会社,knock knock AI Basicプラン(50クレジット),True
"{'type': 'ContractLineItem__c', 'url': '/services/data/v67.0/sobjects/ContractLineItem__c/a03RB00001QugooYAB'}",a03RB00001QugooYAB,Mig_freee請求移行_松栄不動産株式会社_2026/04_INV-0000000063,001RB00001VTtIeYAL,a04RB00000kVL7fYAG,a0BRB00000ypw6L2AQ,2026/04,2026/04,2026-04-01,2026-04-30,a0CRB0000CcXZ6i2QG,,a00RB000024Ux58YAC,11000,11000,False,False,1,2026-07-02T12:20:39.000+0000,2026-07-02T12:20:39.000+0000,CN-00000186,Mig_freee請求移行_松栄不動産株式会社,Draft,松栄不動産株式会社,knock knock AI Basicプラン(50クレジット),True
"{'type': 'ContractLineItem__c', 'url': '/services/data/v67.0/sobjects/ContractLineItem__c/a03RB00001QugosYAB'}",a03RB00001QugosYAB,Mig_freee請求移行_帝国不動産株式会社_2026/06_INV-0000000109,001RB00001VcyFPYAZ,a04RB00000kVL7hYAG,a0BRB00000ypw6N2AQ,2026/06,2026/06,2026-06-01,2026-06-30,a0CRB0000CcXZ6Q2QW,,a00RB000024Vf24YAC,48000,48000,False,False,6,2026-07-02T12:20:39.000+0000,2026-07-24T11:59:32.000+0000,CN-00000188,Mig_freee請求移行_帝国不動産株式会社,Draft,帝国不動産株式会社,Rendery Proプラン,True
"{'type': 'ContractLineItem__c', 'url': '/services/data/v67.0/sobjects/ContractLineItem__c/a03RB00001QugotYAB'}",a03RB00001QugotYAB,Mig_freee請求移行_東急不動産株式会社_2026/03_INV-0000000019,001RB00001VTqUVYA1,a04RB00000kVL7iYAG,a0BRB00000ypw6O2AQ,2026/03,2026/03,2026-03-01,2026-03-31,a0CRB0000CcXZ6T2QW,,a00RB000024Ux4QYAS,209000,209000,False,False,19,2026-07-02T12:20:39.000+0000,2026-07-02T12:20:39.000+0000,CN-00000189,Mig_freee請求移行_東急不動産株式会社,Draft,東急不動産株式会社,[OLD] Rendery Enterpriseプラン(2025年9月まで),True
"{'type': 'ContractLineItem__c', 'url': '/services/data/v67.0/sobjects/ContractLineItem__c/a03RB00001QugouYAB'}",a03RB00001QugouYAB,Mig_freee請求移行_東急不動産株式会社_2026/04_INV-0000000048,001RB00001VTqUVYA1,a04RB00000kVL7iYAG,a0BRB00000ypw6P2AQ,2026/04,2026/04,2026-04-01,2026-04-30,a0CRB0000CcXZ6T2QW,,a00RB000024Ux4tYAC,209000,209000,False,False,19,2026-07-02T12:20:39.000+0000,2026-07-02T12:20:39.000+0000,CN-00000189,Mig_freee請求移行_東急不動産株式会社,Draft,東急不動産株式会社,[OLD] Rendery Enterpriseプラン(2025年9月まで),True
"{'type': 'ContractLineItem__c', 'url': '/services/data/v67.0/sobjects/ContractLineItem__c/a03RB00001QugovYAB'}",a03RB00001QugovYAB,Mig_freee請求移行_東急不動産株式会社_2026/05_INV-0000000079,001RB00001VTqUVYA1,a04RB00000kVL7iYAG,a0BRB00000ypw6Q2AQ,2026/05,2026/05,2026-05-01,2026-05-31,a0CRB0000CcXZ6T2QW,,a00RB000024Ux5OYAS,209000,209000,False,False,19,2026-07-02T12:20:39.000+0000,2026-07-07T03:59:02.000+0000,CN-00000189,Mig_freee請求移行_東急不動産株式会社,Draft,東急不動産株式会社,[OLD] Rendery Enterpriseプラン(2025年9月まで),True
"{'type': 'ContractLineItem__c', 'url': '/services/data/v67.0/sobjects/ContractLineItem__c/a03RB00001QugowYAB'}",a03RB00001QugowYAB,Mig_freee請求移行_東急不動産株式会社_2026/06_INV-0000000111,001RB00001VTqUVYA1,a04RB00000kVL7iYAG,a0BRB00000ypw6R2AQ,2026/06,2026/06,2026-06-01,2026-06-30,a0CRB0000CcXZ6T2QW,,a00RB000024Vf26YAC,209000,209000,False,False,19,2026-07-02T12:20:39.000+0000,2026-07-23T07:04:31.000+0000,CN-00000189,Mig_freee請求移行_東急不動産株式会社,Draft,東急不動産株式会社,[OLD] Rendery Enterpriseプラン(2025年9月まで),True
"{'type': 'ContractLineItem__c', 'url': '/services/data/v67.0/sobjects/ContractLineItem__c/a03RB00001QugoxYAB'}",a03RB00001QugoxYAB,Mig_freee請求移行_野村不動産株式会社_2026/04_INV-0000000068,001RB00001VTCYEYA5,a04RB00000kVL7jYAG,a0BRB00000ypw6S2AQ,2026/04,2026/04,2026-04-01,2026-04-30,a0CRB0000CcXZ6V2QW,,a00RB000024Ux5DYAS,600000,600000,False,False,12,2026-07-02T12:20:39.000+0000,2026-07-02T12:20:39.000+0000,CN-00000190,Mig_freee請求移行_野村不動産株式会社,Draft,野村不動産株式会社,Rendery Enterpriseプラン,True
"{'type': 'ContractLineItem__c', 'url': '/services/data/v67.0/sobjects/ContractLineItem__c/a03RB00001QugoyYAB'}",a03RB00001QugoyYAB,Mig_freee請求移行_野村不動産株式会社_2026/04_INV-0000000071,001RB00001VTCYEYA5,a04RB00000kVL7jYAG,a0BRB00000ypw6S2AQ,2026/04,2026/04,2026-04-01,2026-04-30,a0CRB0000CcXZ6V2QW,,a00RB000024Ux5GYAS,280000,280000,False,False,12,2026-07-02T12:20:39.000+0000,2026-07-02T12:20:39.000+0000,CN-00000190,Mig_freee請求移行_野村不動産株式会社,Draft,野村不動産株式会社,Rendery Enterpriseプラン,True
"{'type': 'ContractLineItem__c', 'url': '/services/data/v67.0/sobjects/ContractLineItem__c/a03RB00001RIREcYAP'}",a03RB00001RIREcYAP,サンフロンティア不動産株式会社_2026/06,001RB00001VTqlYYAT,a04RB00000kUANdYAO,a0BRB00000ynb5Y2AQ,2026/06,2026/06,2026-06-01,2026-06-30,a0CRB0000CcXZ6Q2QW,,a00RB00002Am2BhYAJ,64000,64000,False,False,8,2026-07-04T23:31:09.000+0000,2026-07-23T07:04:32.000+0000,CN-00000003,サンフロンティア不動産株式会社,Activated,サンフロンティア不動産株式会社,Rendery Proプラン,True
"{'type': 'ContractLineItem__c', 'url': '/services/data/v67.0/sobjects/ContractLineItem__c/a03RB00001RIREsYAP'}",a03RB00001RIREsYAP,株式会社香川不動産買取センター_2026/06,001RB00001VTqaKYAT,a04RB00000kUAPnYAO,a0BRB00000ynn5f2AA,2026/06,2026/06,2026-06-01,2026-06-30,a0CRB0000CcXZ6i2QG,,a00RB000027fzNlYAI,11000,11000,False,False,1,2026-07-04T23:31:09.000+0000,2026-07-24T10:37:59.000+0000,CN-00000137,株式会社香川不動産買取センター,Activated,株式会社香川不動産買取センター,knock knock AI Basicプラン(50クレジット),True
"{'type': 'ContractLineItem__c', 'url': '/services/data/v67.0/sobjects/ContractLineItem__c/a03RB00001RIREvYAP'}",a03RB00001RIREvYAP,株式会社デザインアーク_2026/06,001RB00001VTruAYAT,a04RB00000kUAOAYA4,a0BRB00000ynb652AA,2026/06,2026/06,2026-06-01,2026-06-30,a0CRB0000CcXZ6V2QW,,a00RB00002BahLdYAJ,55000,55000,False,False,5,2026-07-04T23:31:09.000+0000,2026-08-06T00:50:25.000+0000,CN-00000036,株式会社デザインアーク,Activated,株式会社デザインアーク,Rendery Enterpriseプラン,True
"{'type': 'ContractLineItem__c', 'url': '/services/data/v67.0/sobjects/ContractLineItem__c/a03RB00001RIRF1YAP'}",a03RB00001RIRF1YAP,ONETEAM不動産_2026/06,001RB00001VTtIdYAL,a04RB00000kUAPxYAO,a0BRB00000ynn5p2AA,2026/06,2026/06,2026-06-01,2026-06-30,a0CRB0000CcXZ6i2QG,,a00RB00002AyetjYAB,11000,11000,False,False,1,2026-07-04T23:31:09.000+0000,2026-07-24T05:19:16.000+0000,CN-00000147,ONETEAM不動産,Activated,ONETEAM不動産,knock knock AI Basicプラン(50クレジット),True
"{'type': 'ContractLineItem__c', 'url': '/services/data/v67.0/sobjects/ContractLineItem__c/a03RB00001RIRF2YAP'}",a03RB00001RIRF2YAP,TC神鋼不動産株式会社_2026/06,001RB00001VTqfsYAD,a04RB00000kUAPzYAO,a0BRB0000124lpu2AA,2026/06,2026/06,2026-06-01,2026-06-30,a0CRB0000CcXZ6i2QG,,a00RB000027flsLYAQ,11000,11000,False,False,1,2026-07-04T23:31:09.000+0000,2026-08-06T00:04:59.000+0000,CN-00000149,TC神鋼不動産株式会社,解約,TC神鋼不動産株式会社,knock knock AI Basicプラン(50クレジット),True
"{'type': 'ContractLineItem__c', 'url': '/services/data/v67.0/sobjects/ContractLineItem__c/a03RB00001RIRF3YAP'}",a03RB00001RIRF3YAP,株式会社TAKUTO_2026/06,001RB00001VTtIfYAL,a04RB00000kUAQ0YAO,a0BRB00000ynn5s2AA,2026/06,2026/06,2026-06-01,2026-06-30,a0CRB0000CcXZ6i2QG,,a00RB000027fzNjYAI,11000,11000,False,False,1,2026-07-04T23:31:09.000+0000,2026-07-24T10:37:59.000+0000,CN-00000150,株式会社TAKUTO,Activated,株式会社TAKUTO,knock knock AI Basicプラン(50クレジット),True
"{'type': 'ContractLineItem__c', 'url': '/services/data/v67.0/sobjects/ContractLineItem__c/a03RB00001RIRFEYA5'}",a03RB00001RIRFEYA5,フィールド・デザイン・アーキテクツ一級建築士事務所_2026/06,001RB00001VTrqeYAD,a04RB00000kUAPAYA4,a0BRB00000ynb752AA,2026/06,2026/06,2026-06-01,2026-06-30,a0CRB0000CcXZ6Q2QW,,a00RB00002Am2BaYAJ,8000,8000,False,False,1,2026-07-04T23:31:09.000+0000,2026-07-23T07:04:32.000+0000,CN-00000098,フィールド・デザイン・アーキテクツ一級建築士事務所,Activated,株式会社フィールド・デザイン・アーキテクツ一級建築士事務所,Rendery Proプラン,True
"{'type': 'ContractLineItem__c', 'url': '/services/data/v67.0/sobjects/ContractLineItem__c/a03RB00001RIRFGYA5'}",a03RB00001RIRFGYA5,株式会社安井建築設計事務所_2026/06,001RB00001VTqU8YAL,a04RB00000kUAPEYA4,a0BRB00000ynn552AA,2026/06,2026/06,2026-06-01,2026-06-30,a0CRB0000CcXZ6Q2QW,,a00RB00002Am2BcYAJ,8000,8000,False,False,1,2026-07-04T23:31:09.000+0000,2026-07-23T07:04:32.000+0000,CN-00000102,株式会社安井建築設計事務所,Activated,株式会社安井建築設計事務所,Rendery Proプラン,True
"{'type': 'ContractLineItem__c', 'url': '/services/data/v67.0/sobjects/ContractLineItem__c/a03RB00001RISiYYAX'}",a03RB00001RISiYYAX,Mig_freee請求移行_三井不動産レジデンシャルリース株式会社(ソリューション推進部)_2026/06_INV-0000000112,001RB00001VTqbXYAT,a04RB00000kUAOTYA4,a0BRB00000ynb6O2AQ,2026/06,2026/06,2026-06-01,2026-06-30,a0CRB0000CcXZ6T2QW,,a00RB000024Vf27YAC,132000,132000,False,False,12,2026-07-04T23:27:30.000+0000,2026-07-23T07:04:32.000+0000,CN-00000055,三井不動産レジデンシャルリース株式会社(ソリューション推進部),Activated,三井不動産レジデンシャルリース株式会社,[OLD] Rendery Enterpriseプラン(2025年9月まで),True
"{'type': 'ContractLineItem__c', 'url': '/services/data/v67.0/sobjects/ContractLineItem__c/a03RB00001RISiZYAX'}",a03RB00001RISiZYAX,Mig_freee請求移行_株式会社ケン・プロパティマネジメント_2026/06_INV-0000000113,001RB00001VTrGkYAL,a04RB00000kUAQAYA4,a0BRB00000ynn622AA,2026/06,2026/06,2026-06-01,2026-06-30,a0CRB0000CcXZ6i2QG,,a00RB00002AyE6JYAV,11000,11000,False,False,1,2026-07-04T23:27:30.000+0000,2026-07-24T02:12:16.000+0000,CN-00000160,株式会社ケン・プロパティマネジメント,Activated,株式会社ケン・プロパティマネジメント,knock knock AI Basicプラン(50クレジット),True
"{'type': 'ContractLineItem__c', 'url': '/services/data/v67.0/sobjects/ContractLineItem__c/a03RB00001RISiaYAH'}",a03RB00001RISiaYAH,Mig_freee請求移行_株式会社 三福管理センター_2026/06_INV-0000000117,001RB00001VTqatYAD,a04RB00000kUAQ9YAO,a0BRB00000ynn612AA,2026/06,2026/06,2026-06-01,2026-06-30,a0CRB0000CcXZ6j2QG,,a00RB00002Am2BQYAZ,55000,55000,False,False,1,2026-07-04T23:27:30.000+0000,2026-07-23T07:04:32.000+0000,CN-00000159,株式会社 三福管理センター,Activated,株式会社三福管理センター,knock knock AI Proプラン(300クレジット),True
"{'type': 'ContractLineItem__c', 'url': '/services/data/v67.0/sobjects/ContractLineItem__c/a03RB00001RISibYAH'}",a03RB00001RISibYAH,Mig_freee請求移行_株式会社錢高組_2026/06_INV-0000000118,001RB00001VTqW8YAL,a04RB00000kUAOpYAO,a0BRB00000ynb6k2AA,2026/06,2026/06,2026-06-01,2026-06-30,a0CRB0000CcXZ6Q2QW,,a00RB000024Vf2DYAS,24000,24000,False,False,3,2026-07-04T23:27:30.000+0000,2026-07-23T07:04:32.000+0000,CN-00000077,株式会社錢高組,Activated,株式会社 錢高組,Rendery Proプラン,True
"{'type': 'ContractLineItem__c', 'url': '/services/data/v67.0/sobjects/ContractLineItem__c/a03RB00001RISicYAH'}",a03RB00001RISicYAH,Mig_freee請求移行_フロンヴィルホームズ名古屋株式会社_2026/06_INV-0000000119,001RB00001VTr0hYAD,a04RB00000kUAOhYAO,a0BRB00000ynb6c2AA,2026/06,2026/06,2026-06-01,2026-06-30,a0CRB0000CcXZ6Q2QW,,a00RB00002Am2BRYAZ,8000,8000,False,False,1,2026-07-04T23:27:30.000+0000,2026-07-23T07:04:32.000+0000,CN-00000069,フロンヴィルホームズ名古屋株式会社,Activated,フロンヴィルホームズ名古屋株式会社,Rendery Proプラン,True
"{'type': 'ContractLineItem__c', 'url': '/services/data/v67.0/sobjects/ContractLineItem__c/a03RB00001RISidYAH'}",a03RB00001RISidYAH,Mig_freee請求移行_株式会社夢のおてつだい_2026/06_INV-0000000120,001RB00001VTrkYYAT,a04RB00000kUAQCYA4,a0BRB00000ynn642AA,2026/06,2026/06,2026-06-01,2026-06-30,a0CRB0000CcXZ6j2QG,,a00RB00002Am2BSYAZ,55000,55000,False,False,1,2026-07-04T23:27:30.000+0000,2026-07-23T07:04:32.000+0000,CN-00000162,株式会社夢のおてつだい,Activated,株式会社夢のおてつだい,knock knock AI Proプラン(300クレジット),True
"{'type': 'ContractLineItem__c', 'url': '/services/data/v67.0/sobjects/ContractLineItem__c/a03RB00001RISieYAH'}",a03RB00001RISieYAH,Mig_freee請求移行_株式会社建新_2026/06_INV-0000000121,001RB00001VTtIiYAL,a04RB00000kUAQBYA4,a0BRB00000ynn632AA,2026/06,2026/06,2026-06-01,2026-06-30,a0CRB0000CcXZ6i2QG,,a00RB00002AyE6KYAV,11000,11000,False,False,1,2026-07-04T23:27:30.000+0000,2026-07-24T02:12:16.000+0000,CN-00000161,株式会社建新,Activated,株式会社建新,knock knock AI Basicプラン(50クレジット),True
"{'type': 'ContractLineItem__c', 'url': '/services/data/v67.0/sobjects/ContractLineItem__c/a03RB00001RISifYAH'}",a03RB00001RISifYAH,Mig_freee請求移行_Phantom株式会社_2026/06_INV-0000000122,001RB00001VTrkRYAT,a04RB00000kUAOtYAO,a0BRB00000ynb6o2AA,2026/06,2026/06,2026-06-01,2026-06-30,a0CRB0000CcXZ6Q2QW,,a00RB00002Am2BTYAZ,16000,16000,False,False,2,2026-07-04T23:27:30.000+0000,2026-07-23T07:04:32.000+0000,CN-00000081,Phantom株式会社,Activated,Phantom株式会社,Rendery Proプラン,True
"{'type': 'ContractLineItem__c', 'url': '/services/data/v67.0/sobjects/ContractLineItem__c/a03RB00001RISigYAH'}",a03RB00001RISigYAH,Mig_freee請求移行_柏井建設株式会社_2026/06_INV-0000000123,001RB00001VTrI5YAL,a04RB00000kUAP0YAO,a0BRB00000ynb6v2AA,2026/06,2026/06,2026-06-01,2026-06-30,a0CRB0000CcXZ6V2QW,,a00RB000024Vf2IYAS,75000,75000,False,False,5,2026-07-04T23:27:30.000+0000,2026-07-23T07:04:32.000+0000,CN-00000088,柏井建設株式会社,Activated,柏井建設 株式会社,Rendery Enterpriseプラン,True
"{'type': 'ContractLineItem__c', 'url': '/services/data/v67.0/sobjects/ContractLineItem__c/a03RB00001RISihYAH'}",a03RB00001RISihYAH,Mig_freee請求移行_花菱不動産株式会社_2026/06_INV-0000000124,001RB00001VTrlBYAT,a04RB00000kUAOyYAO,a0BRB00000ynb6t2AA,2026/06,2026/06,2026-06-01,2026-06-30,a0CRB0000CcXZ6Q2QW,,a00RB00002Am2BUYAZ,16000,16000,False,False,2,2026-07-04T23:27:30.000+0000,2026-07-23T07:04:32.000+0000,CN-00000086,花菱不動産株式会社,Activated,花菱不動産株式会社,Rendery Proプラン,True
"{'type': 'ContractLineItem__c', 'url': '/services/data/v67.0/sobjects/ContractLineItem__c/a03RB00001RISiiYAH'}",a03RB00001RISiiYAH,Mig_freee請求移行_コンチネンタルホーム株式会社_2026/06_INV-0000000125,001RB00001VTqgHYAT,a04RB00000kUAOzYAO,a0BRB00000ynb6u2AA,2026/06,2026/06,2026-06-01,2026-06-30,a0CRB0000CcXZ6Q2QW,,a00RB000024Vf2KYAS,24000,24000,False,False,3,2026-07-04T23:27:30.000+0000,2026-08-06T00:50:25.000+0000,CN-00000087,コンチネンタルホーム株式会社,Expired,コンチネンタルホーム株式会社,Rendery Proプラン,True
"{'type': 'ContractLineItem__c', 'url': '/services/data/v67.0/sobjects/ContractLineItem__c/a03RB00001RISijYAH'}",a03RB00001RISijYAH,Mig_freee請求移行_三井住友建設株式会社_2026/06_INV-0000000126,001RB00001VTqeXYAT,a04RB00000kUAP3YAO,a0BRB00000ynb6y2AA,2026/06,2026/06,2026-06-01,2026-06-30,a0CRB0000CcXZ6Q2QW,,a00RB00002Am2BVYAZ,8000,8000,False,False,1,2026-07-04T23:27:30.000+0000,2026-07-23T07:04:32.000+0000,CN-00000091,三井住友建設株式会社,Activated,三井住友建設株式会社,Rendery Proプラン,True
"{'type': 'ContractLineItem__c', 'url': '/services/data/v67.0/sobjects/ContractLineItem__c/a03RB00001RISikYAH'}",a03RB00001RISikYAH,Mig_freee請求移行_スタイルテック総合計画_2026/06_INV-0000000127,001RB00001VTrkbYAD,a04RB00000kUAP5YAO,a0BRB00000ynb702AA,2026/06,2026/06,2026-06-01,2026-06-30,a0CRB0000CcXZ6V2QW,,a00RB00002Am2BWYAZ,75000,75000,False,False,5,2026-07-04T23:27:30.000+0000,2026-07-23T07:04:32.000+0000,CN-00000093,スタイルテック総合計画,Activated,株式会社スタイルテック総合計画,Rendery Enterpriseプラン,True
"{'type': 'ContractLineItem__c', 'url': '/services/data/v67.0/sobjects/ContractLineItem__c/a03RB00001RISilYAH'}",a03RB00001RISilYAH,Mig_freee請求移行_株式会社ecoaハウス_2026/06_INV-0000000128,001RB00001VTrlqYAD,a04RB00000kUAP6YAO,a0BRB00000ynb712AA,2026/06,2026/06,2026-06-01,2026-06-30,a0CRB0000CcXZ6V2QW,,a00RB00002Am2BXYAZ,75000,75000,False,False,5,2026-07-04T23:27:30.000+0000,2026-07-23T07:04:32.000+0000,CN-00000094,株式会社ecoaハウス,Activated,株式会社ecoaハウス,Rendery Enterpriseプラン,True
"{'type': 'ContractLineItem__c', 'url': '/services/data/v67.0/sobjects/ContractLineItem__c/a03RB00001RISimYAH'}",a03RB00001RISimYAH,Mig_freee請求移行_株式会社ドムコス_2026/06_INV-0000000129,001RB00001VTrqdYAD,a04RB00000kUAP7YAO,a0BRB00000ynb722AA,2026/06,2026/06,2026-06-01,2026-06-30,a0CRB0000CcXZ6Q2QW,,a00RB00002Am2BYYAZ,8000,8000,False,False,1,2026-07-04T23:27:30.000+0000,2026-07-23T07:04:32.000+0000,CN-00000095,株式会社ドムコス,Activated,株式会社ドムコス,Rendery Proプラン,True
"{'type': 'ContractLineItem__c', 'url': '/services/data/v67.0/sobjects/ContractLineItem__c/a03RB00001RISinYAH'}",a03RB00001RISinYAH,Mig_freee請求移行_Asplead株式会社_2026/06_INV-0000000130,001RB00001VTqnvYAD,a04RB00000kUAP4YAO,a0BRB00000ynb6z2AA,2026/06,2026/06,2026-06-01,2026-06-30,a0CRB0000CcXZ6Q2QW,,a00RB00002Am2BZYAZ,16000,16000,False,False,2,2026-07-04T23:27:30.000+0000,2026-07-23T07:04:32.000+0000,CN-00000092,Asplead株式会社,Activated,Asplead株式会社,Rendery Proプラン,True
"{'type': 'ContractLineItem__c', 'url': '/services/data/v67.0/sobjects/ContractLineItem__c/a03RB00001RcABBYA3'}",a03RB00001RcABBYA3,サンフロンティア不動産株式会社_2026/07,001RB00001VTqlYYAT,a04RB00000kUANdYAO,a0BRB00000ynb5Y2AQ,2026/07,2026/07,2026-07-01,2026-07-31,a0CRB0000CcXZ6Q2QW,,a00RB00002Am2BhYAJ,64000,64000,False,False,8,2026-07-06T21:50:01.000+0000,2026-07-23T07:04:32.000+0000,CN-00000003,サンフロンティア不動産株式会社,Activated,サンフロンティア不動産株式会社,Rendery Proプラン,True
"{'type': 'ContractLineItem__c', 'url': '/services/data/v67.0/sobjects/ContractLineItem__c/a03RB00001RcABCYA3'}",a03RB00001RcABCYA3,株式会社フロンティアコンサルティング_2026/07,001RB00001VTqlHYAT,a04RB00000kUANiYAO,a0BRB00000ynb5d2AA,2026/07,2026/07,2026-07-01,2026-07-31,a0CRB0000CcXZ6T2QW,,a00RB00002Am2BiYAJ,550000,550000,False,False,50,2026-07-06T21:50:01.000+0000,2026-07-23T07:04:32.000+0000,CN-00000008,株式会社フロンティアコンサルティング,Activated,株式会社フロンティアコンサルティング,[OLD] Rendery Enterpriseプラン(2025年9月まで),True
"{'type': 'ContractLineItem__c', 'url': '/services/data/v67.0/sobjects/ContractLineItem__c/a03RB00001RcABTYA3'}",a03RB00001RcABTYA3,株式会社香川不動産買取センター_2026/07,001RB00001VTqaKYAT,a04RB00000kUAPnYAO,a0BRB00000ynn5f2AA,2026/07,2026/07,2026-07-01,2026-07-31,a0CRB0000CcXZ6i2QG,,a00RB000027fzNlYAI,11000,11000,False,False,1,2026-07-06T21:50:01.000+0000,2026-07-24T10:37:59.000+0000,CN-00000137,株式会社香川不動産買取センター,Activated,株式会社香川不動産買取センター,knock knock AI Basicプラン(50クレジット),True
"{'type': 'ContractLineItem__c', 'url': '/services/data/v67.0/sobjects/ContractLineItem__c/a03RB00001RcABWYA3'}",a03RB00001RcABWYA3,株式会社デザインアーク_2026/07,001RB00001VTruAYAT,a04RB00000kUAOAYA4,a0BRB00000ynb652AA,2026/07,2026/07,2026-07-01,2026-07-31,a0CRB0000CcXZ6V2QW,,,55000,55000,False,False,5,2026-07-06T21:50:01.000+0000,2026-08-06T00:50:25.000+0000,CN-00000036,株式会社デザインアーク,Activated,株式会社デザインアーク,Rendery Enterpriseプラン,True
"{'type': 'ContractLineItem__c', 'url': '/services/data/v67.0/sobjects/ContractLineItem__c/a03RB00001RcABXYA3'}",a03RB00001RcABXYA3,株式会社アーキテクト・ディベロッパー（5月1日より帝国不動産株式会社）_2026/07,001RB00001VTrtrYAD,a04RB00000kUAOEYA4,a0BRB00000ynb692AA,2026/07,2026/07,2026-07-01,2026-07-31,a0CRB0000CcXZ6Q2QW,,,48000,48000,False,False,6,2026-07-06T21:50:01.000+0000,2026-08-06T00:50:25.000+0000,CN-00000040,株式会社アーキテクト・ディベロッパー（5月1日より帝国不動産株式会社）,Activated,株式会社アーキテクト・ディベロッパー,Rendery Proプラン,True
"{'type': 'ContractLineItem__c', 'url': '/services/data/v67.0/sobjects/ContractLineItem__c/a03RB00001RcABdYAN'}",a03RB00001RcABdYAN,ONETEAM不動産_2026/07,001RB00001VTtIdYAL,a04RB00000kUAPxYAO,a0BRB00000ynn5p2AA,2026/07,2026/07,2026-07-01,2026-07-31,a0CRB0000CcXZ6i2QG,,a00RB00002AyetjYAB,11000,11000,False,False,1,2026-07-06T21:50:01.000+0000,2026-07-24T05:19:16.000+0000,CN-00000147,ONETEAM不動産,Activated,ONETEAM不動産,knock knock AI Basicプラン(50クレジット),True
"{'type': 'ContractLineItem__c', 'url': '/services/data/v67.0/sobjects/ContractLineItem__c/a03RB00001RcABeYAN'}",a03RB00001RcABeYAN,TC神鋼不動産株式会社_2026/07,001RB00001VTqfsYAD,a04RB00000kUAPzYAO,a0BRB000013etuy2AA,2026/07,2026/07,2026-07-01,2026-07-31,a0CRB0000CcXZ6i2QG,,a00RB000027flsLYAQ,11000,11000,False,False,1,2026-07-06T21:50:01.000+0000,2026-08-06T01:54:07.000+0000,CN-00000149,TC神鋼不動産株式会社,解約,TC神鋼不動産株式会社,knock knock AI Basicプラン(50クレジット),True
"{'type': 'ContractLineItem__c', 'url': '/services/data/v67.0/sobjects/ContractLineItem__c/a03RB00001RcABfYAN'}",a03RB00001RcABfYAN,株式会社TAKUTO_2026/07,001RB00001VTtIfYAL,a04RB00000kUAQ0YAO,a0BRB00000ynn5s2AA,2026/07,2026/07,2026-07-01,2026-07-31,a0CRB0000CcXZ6i2QG,,a00RB000027fzNjYAI,11000,11000,False,False,1,2026-07-06T21:50:01.000+0000,2026-07-24T10:37:59.000+0000,CN-00000150,株式会社TAKUTO,Activated,株式会社TAKUTO,knock knock AI Basicプラン(50クレジット),True
"{'type': 'ContractLineItem__c', 'url': '/services/data/v67.0/sobjects/ContractLineItem__c/a03RB00001RcABjYAN'}",a03RB00001RcABjYAN,三井不動産レジデンシャルリース株式会社(ソリューション推進部)_2026/07,001RB00001VTqbXYAT,a04RB00000kUAOTYA4,a0BRB00000ynb6O2AQ,2026/07,2026/07,2026-07-01,2026-07-31,a0CRB0000CcXZ6T2QW,,a00RB000024Vf27YAC,132000,132000,False,False,12,2026-07-06T21:50:01.000+0000,2026-07-23T07:04:32.000+0000,CN-00000055,三井不動産レジデンシャルリース株式会社(ソリューション推進部),Activated,三井不動産レジデンシャルリース株式会社,[OLD] Rendery Enterpriseプラン(2025年9月まで),True
"{'type': 'ContractLineItem__c', 'url': '/services/data/v67.0/sobjects/ContractLineItem__c/a03RB00001RcABkYAN'}",a03RB00001RcABkYAN,株式会社LIXIL住宅研究所 リノベーション推進室_2026/07,001RB00001VTraTYAT,a04RB00000kUAOUYA4,a0BRB00000ynb6P2AQ,2026/07,2026/07,2026-07-01,2026-07-31,a0CRB0000CcXZ6d2QG,,,8000,8000,False,False,1,2026-07-06T21:50:01.000+0000,2026-08-06T00:50:25.000+0000,CN-00000056,株式会社LIXIL住宅研究所 リノベーション推進室,Activated,株式会社 LIXIL住宅研究所,Rendery セキュリティオプション(IP制限)_運用費用,True
"{'type': 'ContractLineItem__c', 'url': '/services/data/v67.0/sobjects/ContractLineItem__c/a03RB00001RcABpYAN'}",a03RB00001RcABpYAN,株式会社 三福管理センター_2026/07,001RB00001VTqatYAD,a04RB00000kUAQ9YAO,a0BRB00000ynn612AA,2026/07,2026/07,2026-07-01,2026-07-31,a0CRB0000CcXZ6j2QG,,a00RB00002Am2BQYAZ,55000,55000,False,False,1,2026-07-06T21:50:01.000+0000,2026-07-23T07:04:32.000+0000,CN-00000159,株式会社 三福管理センター,Activated,株式会社三福管理センター,knock knock AI Proプラン(300クレジット),True
"{'type': 'ContractLineItem__c', 'url': '/services/data/v67.0/sobjects/ContractLineItem__c/a03RB00001RcABqYAN'}",a03RB00001RcABqYAN,株式会社ケン・プロパティマネジメント_2026/07,001RB00001VTrGkYAL,a04RB00000kUAQAYA4,a0BRB00000ynn622AA,2026/07,2026/07,2026-07-01,2026-07-31,a0CRB0000CcXZ6i2QG,,a00RB00002AyE6JYAV,11000,11000,False,False,1,2026-07-06T21:50:01.000+0000,2026-07-24T02:12:16.000+0000,CN-00000160,株式会社ケン・プロパティマネジメント,Activated,株式会社ケン・プロパティマネジメント,knock knock AI Basicプラン(50クレジット),True
"{'type': 'ContractLineItem__c', 'url': '/services/data/v67.0/sobjects/ContractLineItem__c/a03RB00001RcABrYAN'}",a03RB00001RcABrYAN,株式会社三越伊勢丹プロパティデザイン_2026/07,001RB00001VTqxsYAD,a04RB00000kUAOfYAO,a0BRB00000ynb6a2AA,2026/07,2026/07,2026-07-01,2026-07-31,a0CRB0000CcXZ6Q2QW,,a00RB000024Vf29YAC,48000,48000,False,False,6,2026-07-06T21:50:01.000+0000,2026-07-23T07:04:32.000+0000,CN-00000067,株式会社三越伊勢丹プロパティデザイン,Activated,三越伊勢丹プロパティ・デザイン株式会社,Rendery Proプラン,True
"{'type': 'ContractLineItem__c', 'url': '/services/data/v67.0/sobjects/ContractLineItem__c/a03RB00001RcABsYAN'}",a03RB00001RcABsYAN,豊通ファシリティーズ株式会社　建築・設計部_2026/07,001RB00001VTqy1YAD,a04RB00000kUAOgYAO,a0BRB00000ynb6b2AA,2026/07,2026/07,2026-07-01,2026-07-31,a0CRB0000CcXZ6Q2QW,,a00RB00002Am2BPYAZ,16000,16000,False,False,2,2026-07-06T21:50:01.000+0000,2026-07-23T07:04:32.000+0000,CN-00000068,豊通ファシリティーズ株式会社　建築・設計部,Activated,豊通ファシリティーズ株式会社,Rendery Proプラン,True
"{'type': 'ContractLineItem__c', 'url': '/services/data/v67.0/sobjects/ContractLineItem__c/a03RB00001RcABwYAN'}",a03RB00001RcABwYAN,株式会社錢高組_2026/07,001RB00001VTqW8YAL,a04RB00000kUAOpYAO,a0BRB00000ynb6k2AA,2026/07,2026/07,2026-07-01,2026-07-31,a0CRB0000CcXZ6Q2QW,,a00RB000024Vf2DYAS,24000,24000,False,False,3,2026-07-06T21:50:01.000+0000,2026-07-23T07:04:32.000+0000,CN-00000077,株式会社錢高組,Activated,株式会社 錢高組,Rendery Proプラン,True
"{'type': 'ContractLineItem__c', 'url': '/services/data/v67.0/sobjects/ContractLineItem__c/a03RB00001RcABxYAN'}",a03RB00001RcABxYAN,Phantom株式会社_2026/07,001RB00001VTrkRYAT,a04RB00000kUAOtYAO,a0BRB00000ynb6o2AA,2026/07,2026/07,2026-07-01,2026-07-31,a0CRB0000CcXZ6Q2QW,,a00RB00002Am2BTYAZ,16000,16000,False,False,2,2026-07-06T21:50:01.000+0000,2026-07-23T07:04:32.000+0000,CN-00000081,Phantom株式会社,Activated,Phantom株式会社,Rendery Proプラン,True
"{'type': 'ContractLineItem__c', 'url': '/services/data/v67.0/sobjects/ContractLineItem__c/a03RB00001RcAByYAN'}",a03RB00001RcAByYAN,株式会社建新_2026/07,001RB00001VTtIiYAL,a04RB00000kUAQBYA4,a0BRB00000ynn632AA,2026/07,2026/07,2026-07-01,2026-07-31,a0CRB0000CcXZ6i2QG,,a00RB00002AyE6KYAV,11000,11000,False,False,1,2026-07-06T21:50:01.000+0000,2026-07-24T02:12:16.000+0000,CN-00000161,株式会社建新,Activated,株式会社建新,knock knock AI Basicプラン(50クレジット),True
"{'type': 'ContractLineItem__c', 'url': '/services/data/v67.0/sobjects/ContractLineItem__c/a03RB00001RcABzYAN'}",a03RB00001RcABzYAN,株式会社夢のおてつだい_2026/07,001RB00001VTrkYYAT,a04RB00000kUAQCYA4,a0BRB00000ynn642AA,2026/07,2026/07,2026-07-01,2026-07-31,a0CRB0000CcXZ6j2QG,,a00RB00002Am2BSYAZ,55000,55000,False,False,1,2026-07-06T21:50:01.000+0000,2026-07-23T07:04:32.000+0000,CN-00000162,株式会社夢のおてつだい,Activated,株式会社夢のおてつだい,knock knock AI Proプラン(300クレジット),True
"{'type': 'ContractLineItem__c', 'url': '/services/data/v67.0/sobjects/ContractLineItem__c/a03RB00001RcAC0YAN'}",a03RB00001RcAC0YAN,フロンヴィルホームズ名古屋株式会社_2026/07,001RB00001VTr0hYAD,a04RB00000kUAOhYAO,a0BRB00000ynb6c2AA,2026/07,2026/07,2026-07-01,2026-07-31,a0CRB0000CcXZ6Q2QW,,a00RB00002Am2BRYAZ,20000,20000,False,False,,2026-07-06T21:50:01.000+0000,2026-07-23T07:04:32.000+0000,CN-00000069,フロンヴィルホームズ名古屋株式会社,Activated,フロンヴィルホームズ名古屋株式会社,Rendery Proプラン,True
"{'type': 'ContractLineItem__c', 'url': '/services/data/v67.0/sobjects/ContractLineItem__c/a03RB00001RcAC1YAN'}",a03RB00001RcAC1YAN,柏井建設株式会社_2026/07,001RB00001VTrI5YAL,a04RB00000kUAP0YAO,a0BRB00000ynb6v2AA,2026/07,2026/07,2026-07-01,2026-07-31,a0CRB0000CcXZ6V2QW,,a00RB000024Vf2IYAS,75000,75000,False,False,5,2026-07-06T21:50:01.000+0000,2026-07-23T07:04:32.000+0000,CN-00000088,柏井建設株式会社,Activated,柏井建設 株式会社,Rendery Enterpriseプラン,True
"{'type': 'ContractLineItem__c', 'url': '/services/data/v67.0/sobjects/ContractLineItem__c/a03RB00001RcAC2YAN'}",a03RB00001RcAC2YAN,三井住友建設株式会社_2026/07,001RB00001VTqeXYAT,a04RB00000kUAP3YAO,a0BRB00000ynb6y2AA,2026/07,2026/07,2026-07-01,2026-07-31,a0CRB0000CcXZ6Q2QW,,a00RB00002Am2BVYAZ,8000,8000,False,False,1,2026-07-06T21:50:01.000+0000,2026-07-23T07:04:32.000+0000,CN-00000091,三井住友建設株式会社,Activated,三井住友建設株式会社,Rendery Proプラン,True
"{'type': 'ContractLineItem__c', 'url': '/services/data/v67.0/sobjects/ContractLineItem__c/a03RB00001RcAC5YAN'}",a03RB00001RcAC5YAN,花菱不動産株式会社_2026/07,001RB00001VTrlBYAT,a04RB00000kUAOyYAO,a0BRB00000ynb6t2AA,2026/07,2026/07,2026-07-01,2026-07-31,a0CRB0000CcXZ6Q2QW,,a00RB00002Am2BUYAZ,16000,16000,False,False,2,2026-07-06T21:50:01.000+0000,2026-07-23T07:04:32.000+0000,CN-00000086,花菱不動産株式会社,Activated,花菱不動産株式会社,Rendery Proプラン,True
"{'type': 'ContractLineItem__c', 'url': '/services/data/v67.0/sobjects/ContractLineItem__c/a03RB00001RcAC6YAN'}",a03RB00001RcAC6YAN,コンチネンタルホーム株式会社_2026/07,001RB00001VTqgHYAT,a04RB00000kUAOzYAO,a0BRB00000ynb6u2AA,2026/07,2026/07,2026-07-01,2026-07-31,a0CRB0000CcXZ6Q2QW,,,24000,24000,False,False,3,2026-07-06T21:50:01.000+0000,2026-08-06T00:50:25.000+0000,CN-00000087,コンチネンタルホーム株式会社,Expired,コンチネンタルホーム株式会社,Rendery Proプラン,True
"{'type': 'ContractLineItem__c', 'url': '/services/data/v67.0/sobjects/ContractLineItem__c/a03RB00001RcAC8YAN'}",a03RB00001RcAC8YAN,Asplead株式会社_2026/07,001RB00001VTqnvYAD,a04RB00000kUAP4YAO,a0BRB00000ynb6z2AA,2026/07,2026/07,2026-07-01,2026-07-31,a0CRB0000CcXZ6Q2QW,,a00RB00002Am2BZYAZ,16000,16000,False,False,2,2026-07-06T21:50:01.000+0000,2026-07-23T07:04:32.000+0000,CN-00000092,Asplead株式会社,Activated,Asplead株式会社,Rendery Proプラン,True
"{'type': 'ContractLineItem__c', 'url': '/services/data/v67.0/sobjects/ContractLineItem__c/a03RB00001RcAC9YAN'}",a03RB00001RcAC9YAN,スタイルテック総合計画_2026/07,001RB00001VTrkbYAD,a04RB00000kUAP5YAO,a0BRB00000ynb702AA,2026/07,2026/07,2026-07-01,2026-07-31,a0CRB0000CcXZ6V2QW,,a00RB00002Am2BWYAZ,75000,75000,False,False,5,2026-07-06T21:50:01.000+0000,2026-07-23T07:04:32.000+0000,CN-00000093,スタイルテック総合計画,Activated,株式会社スタイルテック総合計画,Rendery Enterpriseプラン,True
"{'type': 'ContractLineItem__c', 'url': '/services/data/v67.0/sobjects/ContractLineItem__c/a03RB00001RcACAYA3'}",a03RB00001RcACAYA3,株式会社ecoaハウス_2026/07,001RB00001VTrlqYAD,a04RB00000kUAP6YAO,a0BRB00000ynb712AA,2026/07,2026/07,2026-07-01,2026-07-31,a0CRB0000CcXZ6V2QW,,a00RB00002Am2BXYAZ,75000,75000,False,False,5,2026-07-06T21:50:01.000+0000,2026-07-23T07:04:32.000+0000,CN-00000094,株式会社ecoaハウス,Activated,株式会社ecoaハウス,Rendery Enterpriseプラン,True
"{'type': 'ContractLineItem__c', 'url': '/services/data/v67.0/sobjects/ContractLineItem__c/a03RB00001RcACBYA3'}",a03RB00001RcACBYA3,株式会社ドムコス_2026/07,001RB00001VTrqdYAD,a04RB00000kUAP7YAO,a0BRB00000ynb722AA,2026/07,2026/07,2026-07-01,2026-07-31,a0CRB0000CcXZ6Q2QW,,a00RB00002Am2BYYAZ,8000,8000,False,False,1,2026-07-06T21:50:01.000+0000,2026-07-23T07:04:32.000+0000,CN-00000095,株式会社ドムコス,Activated,株式会社ドムコス,Rendery Proプラン,True
"{'type': 'ContractLineItem__c', 'url': '/services/data/v67.0/sobjects/ContractLineItem__c/a03RB00001RcACEYA3'}",a03RB00001RcACEYA3,フィールド・デザイン・アーキテクツ一級建築士事務所_2026/07,001RB00001VTrqeYAD,a04RB00000kUAPAYA4,a0BRB00000ynb752AA,2026/07,2026/07,2026-07-01,2026-07-31,a0CRB0000CcXZ6Q2QW,,a00RB00002Am2BaYAJ,8000,8000,False,False,1,2026-07-06T21:50:01.000+0000,2026-07-23T07:04:32.000+0000,CN-00000098,フィールド・デザイン・アーキテクツ一級建築士事務所,Activated,株式会社フィールド・デザイン・アーキテクツ一級建築士事務所,Rendery Proプラン,True
"{'type': 'ContractLineItem__c', 'url': '/services/data/v67.0/sobjects/ContractLineItem__c/a03RB00001RcACGYA3'}",a03RB00001RcACGYA3,株式会社安井建築設計事務所_2026/07,001RB00001VTqU8YAL,a04RB00000kUAPEYA4,a0BRB00000ynn552AA,2026/07,2026/07,2026-07-01,2026-07-31,a0CRB0000CcXZ6Q2QW,,a00RB00002Am2BcYAJ,8000,8000,False,False,1,2026-07-06T21:50:01.000+0000,2026-07-23T07:04:32.000+0000,CN-00000102,株式会社安井建築設計事務所,Activated,株式会社安井建築設計事務所,Rendery Proプラン,True
"{'type': 'ContractLineItem__c', 'url': '/services/data/v67.0/sobjects/ContractLineItem__c/a03RB00001STmGpYAL'}",a03RB00001STmGpYAL,サンフロンティア不動産株式会社_2026/08,001RB00001VTqlYYAT,a04RB00000kUANdYAO,a0BRB000010uujm2AA,2026/08,2026/08,2026-08-01,2026-08-31,a0CRB0000CcXZ6Q2QW,,,64000,64000,False,False,8,2026-07-10T16:30:03.000+0000,2026-07-10T16:30:03.000+0000,CN-00000003,サンフロンティア不動産株式会社,Activated,サンフロンティア不動産株式会社,Rendery Proプラン,True
"{'type': 'ContractLineItem__c', 'url': '/services/data/v67.0/sobjects/ContractLineItem__c/a03RB00001STmGrYAL'}",a03RB00001STmGrYAL,株式会社フロンティアコンサルティング_2026/08,001RB00001VTqlHYAT,a04RB00000kUANiYAO,a0BRB000010uujo2AA,2026/08,2026/08,2026-08-01,2026-08-31,a0CRB0000CcXZ6T2QW,,,550000,550000,False,False,50,2026-07-10T16:30:03.000+0000,2026-07-10T16:30:03.000+0000,CN-00000008,株式会社フロンティアコンサルティング,Activated,株式会社フロンティアコンサルティング,[OLD] Rendery Enterpriseプラン(2025年9月まで),True
"{'type': 'ContractLineItem__c', 'url': '/services/data/v67.0/sobjects/ContractLineItem__c/a03RB00001STmH2YAL'}",a03RB00001STmH2YAL,株式会社デザインアーク_2026/08,001RB00001VTruAYAT,a04RB00000kUAOAYA4,a0BRB000010uuk12AA,2026/08,2026/08,2026-08-01,2026-08-31,a0CRB0000CcXZ6V2QW,,,55000,55000,False,False,5,2026-07-10T16:30:03.000+0000,2026-07-10T16:30:03.000+0000,CN-00000036,株式会社デザインアーク,Activated,株式会社デザインアーク,Rendery Enterpriseプラン,True
"{'type': 'ContractLineItem__c', 'url': '/services/data/v67.0/sobjects/ContractLineItem__c/a03RB00001STmH3YAL'}",a03RB00001STmH3YAL,株式会社アーキテクト・ディベロッパー（5月1日より帝国不動産株式会社）_2026/08,001RB00001VTrtrYAD,a04RB00000kUAOEYA4,a0BRB000010uuk22AA,2026/08,2026/08,2026-08-01,2026-08-31,a0CRB0000CcXZ6Q2QW,,,48000,48000,False,False,6,2026-07-10T16:30:03.000+0000,2026-07-10T16:30:03.000+0000,CN-00000040,株式会社アーキテクト・ディベロッパー（5月1日より帝国不動産株式会社）,Activated,株式会社アーキテクト・ディベロッパー,Rendery Proプラン,True
"{'type': 'ContractLineItem__c', 'url': '/services/data/v67.0/sobjects/ContractLineItem__c/a03RB00001STmHAYA1'}",a03RB00001STmHAYA1,三井不動産レジデンシャルリース株式会社(ソリューション推進部)_2026/08,001RB00001VTqbXYAT,a04RB00000kUAOTYA4,a0BRB000010uukA2AQ,2026/08,2026/08,2026-08-01,2026-08-31,a0CRB0000CcXZ6T2QW,,,132000,132000,False,False,12,2026-07-10T16:30:03.000+0000,2026-07-10T16:30:03.000+0000,CN-00000055,三井不動産レジデンシャルリース株式会社(ソリューション推進部),Activated,三井不動産レジデンシャルリース株式会社,[OLD] Rendery Enterpriseプラン(2025年9月まで),True
"{'type': 'ContractLineItem__c', 'url': '/services/data/v67.0/sobjects/ContractLineItem__c/a03RB00001STmHBYA1'}",a03RB00001STmHBYA1,株式会社LIXIL住宅研究所 リノベーション推進室_2026/08,001RB00001VTraTYAT,a04RB00000kUAOUYA4,a0BRB000010uukB2AQ,2026/08,2026/08,2026-08-01,2026-08-31,a0CRB0000CcXZ6d2QG,,,8000,8000,False,False,1,2026-07-10T16:30:03.000+0000,2026-07-10T16:30:03.000+0000,CN-00000056,株式会社LIXIL住宅研究所 リノベーション推進室,Activated,株式会社 LIXIL住宅研究所,Rendery セキュリティオプション(IP制限)_運用費用,True
"{'type': 'ContractLineItem__c', 'url': '/services/data/v67.0/sobjects/ContractLineItem__c/a03RB00001STmHFYA1'}",a03RB00001STmHFYA1,株式会社三越伊勢丹プロパティデザイン_2026/08,001RB00001VTqxsYAD,a04RB00000kUAOfYAO,a0BRB000010uukF2AQ,2026/08,2026/08,2026-08-01,2026-08-31,a0CRB0000CcXZ6Q2QW,,,48000,48000,False,False,6,2026-07-10T16:30:03.000+0000,2026-07-10T16:30:03.000+0000,CN-00000067,株式会社三越伊勢丹プロパティデザイン,Activated,三越伊勢丹プロパティ・デザイン株式会社,Rendery Proプラン,True
"{'type': 'ContractLineItem__c', 'url': '/services/data/v67.0/sobjects/ContractLineItem__c/a03RB00001STmHGYA1'}",a03RB00001STmHGYA1,豊通ファシリティーズ株式会社　建築・設計部_2026/08,001RB00001VTqy1YAD,a04RB00000kUAOgYAO,a0BRB000010uukG2AQ,2026/08,2026/08,2026-08-01,2026-08-31,a0CRB0000CcXZ6Q2QW,,a00RB00002FL0DIYA1,16000,16000,False,False,2,2026-07-10T16:30:03.000+0000,2026-08-19T10:25:53.000+0000,CN-00000068,豊通ファシリティーズ株式会社　建築・設計部,Activated,豊通ファシリティーズ株式会社,Rendery Proプラン,True
"{'type': 'ContractLineItem__c', 'url': '/services/data/v67.0/sobjects/ContractLineItem__c/a03RB00001STmHIYA1'}",a03RB00001STmHIYA1,株式会社錢高組_2026/08,001RB00001VTqW8YAL,a04RB00000kUAOpYAO,a0BRB000010uukK2AQ,2026/08,2026/08,2026-08-01,2026-08-31,a0CRB0000CcXZ6Q2QW,,,24000,24000,False,False,3,2026-07-10T16:30:03.000+0000,2026-07-10T16:30:03.000+0000,CN-00000077,株式会社錢高組,Activated,株式会社 錢高組,Rendery Proプラン,True
"{'type': 'ContractLineItem__c', 'url': '/services/data/v67.0/sobjects/ContractLineItem__c/a03RB00001STmHKYA1'}",a03RB00001STmHKYA1,Phantom株式会社_2026/08,001RB00001VTrkRYAT,a04RB00000kUAOtYAO,a0BRB000010uukM2AQ,2026/08,2026/08,2026-08-01,2026-08-31,a0CRB0000CcXZ6Q2QW,,a00RB00002FL0DOYA1,16000,16000,False,False,2,2026-07-10T16:30:03.000+0000,2026-08-19T10:25:53.000+0000,CN-00000081,Phantom株式会社,Activated,Phantom株式会社,Rendery Proプラン,True
"{'type': 'ContractLineItem__c', 'url': '/services/data/v67.0/sobjects/ContractLineItem__c/a03RB00001STmHNYA1'}",a03RB00001STmHNYA1,花菱不動産株式会社_2026/08,001RB00001VTrlBYAT,a04RB00000kUAOyYAO,a0BRB000010uukP2AQ,2026/08,2026/08,2026-08-01,2026-08-31,a0CRB0000CcXZ6Q2QW,,a00RB00002FL0DQYA1,16000,16000,False,False,2,2026-07-10T16:30:03.000+0000,2026-08-19T10:25:53.000+0000,CN-00000086,花菱不動産株式会社,Activated,花菱不動産株式会社,Rendery Proプラン,True
"{'type': 'ContractLineItem__c', 'url': '/services/data/v67.0/sobjects/ContractLineItem__c/a03RB00001STmHOYA1'}",a03RB00001STmHOYA1,コンチネンタルホーム株式会社_2026/08,001RB00001VTqgHYAT,a04RB00000kUAOzYAO,a0BRB000010uukQ2AQ,2026/08,2026/08,2026-08-01,2026-08-31,a0CRB0000CcXZ6Q2QW,,,24000,24000,False,False,3,2026-07-10T16:30:03.000+0000,2026-07-10T16:30:03.000+0000,CN-00000087,コンチネンタルホーム株式会社,Expired,コンチネンタルホーム株式会社,Rendery Proプラン,True
"{'type': 'ContractLineItem__c', 'url': '/services/data/v67.0/sobjects/ContractLineItem__c/a03RB00001STmHPYA1'}",a03RB00001STmHPYA1,柏井建設株式会社_2026/08,001RB00001VTrI5YAL,a04RB00000kUAP0YAO,a0BRB000010uukR2AQ,2026/08,2026/08,2026-08-01,2026-08-31,a0CRB0000CcXZ6V2QW,,,75000,75000,False,False,5,2026-07-10T16:30:03.000+0000,2026-07-10T16:30:03.000+0000,CN-00000088,柏井建設株式会社,Activated,柏井建設 株式会社,Rendery Enterpriseプラン,True
"{'type': 'ContractLineItem__c', 'url': '/services/data/v67.0/sobjects/ContractLineItem__c/a03RB00001STmHRYA1'}",a03RB00001STmHRYA1,三井住友建設株式会社_2026/08,001RB00001VTqeXYAT,a04RB00000kUAP3YAO,a0BRB000010uukT2AQ,2026/08,2026/08,2026-08-01,2026-08-31,a0CRB0000CcXZ6Q2QW,,a00RB00002FL0DSYA1,8000,8000,False,False,1,2026-07-10T16:30:03.000+0000,2026-08-19T10:25:53.000+0000,CN-00000091,三井住友建設株式会社,Activated,三井住友建設株式会社,Rendery Proプラン,True
"{'type': 'ContractLineItem__c', 'url': '/services/data/v67.0/sobjects/ContractLineItem__c/a03RB00001STmHSYA1'}",a03RB00001STmHSYA1,Asplead株式会社_2026/08,001RB00001VTqnvYAD,a04RB00000kUAP4YAO,a0BRB000010uukU2AQ,2026/08,2026/08,2026-08-01,2026-08-31,a0CRB0000CcXZ6Q2QW,,a00RB00002FL0DWYA1,16000,16000,False,False,2,2026-07-10T16:30:03.000+0000,2026-08-19T10:25:53.000+0000,CN-00000092,Asplead株式会社,Activated,Asplead株式会社,Rendery Proプラン,True
"{'type': 'ContractLineItem__c', 'url': '/services/data/v67.0/sobjects/ContractLineItem__c/a03RB00001STmHTYA1'}",a03RB00001STmHTYA1,スタイルテック総合計画_2026/08,001RB00001VTrkbYAD,a04RB00000kUAP5YAO,a0BRB000010uukV2AQ,2026/08,2026/08,2026-08-01,2026-08-31,a0CRB0000CcXZ6V2QW,,a00RB00002FL0DTYA1,75000,75000,False,False,5,2026-07-10T16:30:03.000+0000,2026-08-19T10:25:53.000+0000,CN-00000093,スタイルテック総合計画,Activated,株式会社スタイルテック総合計画,Rendery Enterpriseプラン,True
"{'type': 'ContractLineItem__c', 'url': '/services/data/v67.0/sobjects/ContractLineItem__c/a03RB00001STmHUYA1'}",a03RB00001STmHUYA1,株式会社ecoaハウス_2026/08,001RB00001VTrlqYAD,a04RB00000kUAP6YAO,a0BRB000010uukW2AQ,2026/08,2026/08,2026-08-01,2026-08-31,a0CRB0000CcXZ6V2QW,,a00RB00002FL0DUYA1,75000,75000,False,False,5,2026-07-10T16:30:03.000+0000,2026-08-19T10:25:53.000+0000,CN-00000094,株式会社ecoaハウス,Activated,株式会社ecoaハウス,Rendery Enterpriseプラン,True
"{'type': 'ContractLineItem__c', 'url': '/services/data/v67.0/sobjects/ContractLineItem__c/a03RB00001STmHVYA1'}",a03RB00001STmHVYA1,株式会社ドムコス_2026/08,001RB00001VTrqdYAD,a04RB00000kUAP7YAO,a0BRB000010uukX2AQ,2026/08,2026/08,2026-08-01,2026-08-31,a0CRB0000CcXZ6Q2QW,,a00RB00002FL0DVYA1,8000,8000,False,False,1,2026-07-10T16:30:03.000+0000,2026-08-19T10:25:53.000+0000,CN-00000095,株式会社ドムコス,Activated,株式会社ドムコス,Rendery Proプラン,True
"{'type': 'ContractLineItem__c', 'url': '/services/data/v67.0/sobjects/ContractLineItem__c/a03RB00001STmHYYA1'}",a03RB00001STmHYYA1,フィールド・デザイン・アーキテクツ一級建築士事務所_2026/08,001RB00001VTrqeYAD,a04RB00000kUAPAYA4,a0BRB000010uuka2AA,2026/08,2026/08,2026-08-01,2026-08-31,a0CRB0000CcXZ6Q2QW,,a00RB00002FL0DXYA1,8000,8000,False,False,1,2026-07-10T16:30:03.000+0000,2026-08-19T10:25:53.000+0000,CN-00000098,フィールド・デザイン・アーキテクツ一級建築士事務所,Activated,株式会社フィールド・デザイン・アーキテクツ一級建築士事務所,Rendery Proプラン,True
"{'type': 'ContractLineItem__c', 'url': '/services/data/v67.0/sobjects/ContractLineItem__c/a03RB00001STmHaYAL'}",a03RB00001STmHaYAL,株式会社安井建築設計事務所_2026/08,001RB00001VTqU8YAL,a04RB00000kUAPEYA4,a0BRB000010uukc2AA,2026/08,2026/08,2026-08-01,2026-08-31,a0CRB0000CcXZ6Q2QW,,a00RB00002FL0DZYA1,8000,8000,False,False,1,2026-07-10T16:30:03.000+0000,2026-08-19T10:25:53.000+0000,CN-00000102,株式会社安井建築設計事務所,Activated,株式会社安井建築設計事務所,Rendery Proプラン,True
"{'type': 'ContractLineItem__c', 'url': '/services/data/v67.0/sobjects/ContractLineItem__c/a03RB00001STmHoYAL'}",a03RB00001STmHoYAL,株式会社香川不動産買取センター_2026/08,001RB00001VTqaKYAT,a04RB00000kUAPnYAO,a0BRB000010uukq2AA,2026/08,2026/08,2026-08-01,2026-08-31,a0CRB0000CcXZ6i2QG,,a00RB00002FL0DmYAL,11000,11000,False,False,1,2026-07-10T16:30:03.000+0000,2026-08-19T10:25:53.000+0000,CN-00000137,株式会社香川不動産買取センター,Activated,株式会社香川不動産買取センター,knock knock AI Basicプラン(50クレジット),True
"{'type': 'ContractLineItem__c', 'url': '/services/data/v67.0/sobjects/ContractLineItem__c/a03RB00001STmHpYAL'}",a03RB00001STmHpYAL,ONETEAM不動産_2026/08,001RB00001VTtIdYAL,a04RB00000kUAPxYAO,a0BRB000010uukr2AA,2026/08,2026/08,2026-08-01,2026-08-31,a0CRB0000CcXZ6i2QG,,a00RB00002FL0DlYAL,11000,11000,False,False,1,2026-07-10T16:30:03.000+0000,2026-08-19T10:25:53.000+0000,CN-00000147,ONETEAM不動産,Activated,ONETEAM不動産,knock knock AI Basicプラン(50クレジット),True
"{'type': 'ContractLineItem__c', 'url': '/services/data/v67.0/sobjects/ContractLineItem__c/a03RB00001STmHqYAL'}",a03RB00001STmHqYAL,TC神鋼不動産株式会社_2026/08,001RB00001VTqfsYAD,a04RB00000kUAPzYAO,a0BRB000013etuz2AA,2026/08,2026/08,2026-08-01,2026-08-31,a0CRB0000CcXZ6i2QG,,,11000,11000,False,False,1,2026-07-10T16:30:03.000+0000,2026-08-06T01:54:07.000+0000,CN-00000149,TC神鋼不動産株式会社,解約,TC神鋼不動産株式会社,knock knock AI Basicプラン(50クレジット),True
"{'type': 'ContractLineItem__c', 'url': '/services/data/v67.0/sobjects/ContractLineItem__c/a03RB00001STmHrYAL'}",a03RB00001STmHrYAL,株式会社TAKUTO_2026/08,001RB00001VTtIfYAL,a04RB00000kUAQ0YAO,a0BRB000010uukt2AA,2026/08,2026/08,2026-08-01,2026-08-31,a0CRB0000CcXZ6i2QG,,a00RB00002FL0DkYAL,11000,11000,False,False,1,2026-07-10T16:30:03.000+0000,2026-08-19T10:25:53.000+0000,CN-00000150,株式会社TAKUTO,Activated,株式会社TAKUTO,knock knock AI Basicプラン(50クレジット),True
"{'type': 'ContractLineItem__c', 'url': '/services/data/v67.0/sobjects/ContractLineItem__c/a03RB00001STmHvYAL'}",a03RB00001STmHvYAL,株式会社 三福管理センター_2026/08,001RB00001VTqatYAD,a04RB00000kUAQ9YAO,a0BRB000010uukx2AA,2026/08,2026/08,2026-08-01,2026-08-31,a0CRB0000CcXZ6j2QG,,a00RB00002FL0DJYA1,55000,55000,False,False,1,2026-07-10T16:30:03.000+0000,2026-08-19T10:25:53.000+0000,CN-00000159,株式会社 三福管理センター,Activated,株式会社三福管理センター,knock knock AI Proプラン(300クレジット),True
"{'type': 'ContractLineItem__c', 'url': '/services/data/v67.0/sobjects/ContractLineItem__c/a03RB00001STmHwYAL'}",a03RB00001STmHwYAL,株式会社ケン・プロパティマネジメント_2026/08,001RB00001VTrGkYAL,a04RB00000kUAQAYA4,a0BRB000010uuky2AA,2026/08,2026/08,2026-08-01,2026-08-31,a0CRB0000CcXZ6i2QG,,a00RB00002FL0DFYA1,11000,11000,False,False,1,2026-07-10T16:30:03.000+0000,2026-08-19T10:25:53.000+0000,CN-00000160,株式会社ケン・プロパティマネジメント,Activated,株式会社ケン・プロパティマネジメント,knock knock AI Basicプラン(50クレジット),True
"{'type': 'ContractLineItem__c', 'url': '/services/data/v67.0/sobjects/ContractLineItem__c/a03RB00001STmHxYAL'}",a03RB00001STmHxYAL,株式会社建新_2026/08,001RB00001VTtIiYAL,a04RB00000kUAQBYA4,a0BRB000010uukz2AA,2026/08,2026/08,2026-08-01,2026-08-31,a0CRB0000CcXZ6i2QG,,a00RB00002FL0DNYA1,11000,11000,False,False,1,2026-07-10T16:30:03.000+0000,2026-08-19T10:25:53.000+0000,CN-00000161,株式会社建新,Activated,株式会社建新,knock knock AI Basicプラン(50クレジット),True
"{'type': 'ContractLineItem__c', 'url': '/services/data/v67.0/sobjects/ContractLineItem__c/a03RB00001STmHyYAL'}",a03RB00001STmHyYAL,株式会社夢のおてつだい_2026/08,001RB00001VTrkYYAT,a04RB00000kUAQCYA4,a0BRB000010uul02AA,2026/08,2026/08,2026-08-01,2026-08-31,a0CRB0000CcXZ6j2QG,,a00RB00002FL0DMYA1,55000,55000,False,False,1,2026-07-10T16:30:03.000+0000,2026-08-19T10:25:53.000+0000,CN-00000162,株式会社夢のおてつだい,Activated,株式会社夢のおてつだい,knock knock AI Proプラン(300クレジット),True
