attributes,Id,Name,Account__c,MasterContract__c,ContractPeriod__c,ContractYearMonth__c,Month__c,PeriodStartDate__c,PeriodEndDate__c,ProductMaster__c,QuotationLine__c,RelatedInvoice__c,RevenueAmount__c,Total__c,MRR_Target__c,InitialFee__c,PeopleNumber__c,CreatedDate,LastModifiedDate,ContractNumber,ContractName,ContractStatus,AccountName,ProductName,Issue
"{'type': 'ContractLineItem__c', 'url': '/services/data/v67.0/sobjects/ContractLineItem__c/a03RB00001NswUfYAJ'}",a03RB00001NswUfYAJ,東急不動産株式会社_2024/08,001RB00001VTqUVYA1,a04RB00000kUANeYAO,a0BRB00000ynb5Z2AQ,2024/08,2024/08,2024-08-01,2024-08-31,,,,,264000,False,False,24,2026-06-21T16:13:55.000+0000,2026-07-28T02:33:19.000+0000,CN-00000004,東急不動産株式会社,解約,東急不動産株式会社,,product_missing
"{'type': 'ContractLineItem__c', 'url': '/services/data/v67.0/sobjects/ContractLineItem__c/a03RB00001NswUgYAJ'}",a03RB00001NswUgYAJ,東急不動産株式会社_2024/09,001RB00001VTqUVYA1,a04RB00000kUANeYAO,a0BRB00000ynb5Z2AQ,2024/09,2024/09,2024-09-01,2024-09-30,,,,,264000,False,False,24,2026-06-21T16:13:55.000+0000,2026-07-28T02:33:19.000+0000,CN-00000004,東急不動産株式会社,解約,東急不動産株式会社,,product_missing
"{'type': 'ContractLineItem__c', 'url': '/services/data/v67.0/sobjects/ContractLineItem__c/a03RB00001NswUhYAJ'}",a03RB00001NswUhYAJ,東急不動産株式会社_2024/10,001RB00001VTqUVYA1,a04RB00000kUANeYAO,a0BRB00000ynb5Z2AQ,2024/10,2024/10,2024-10-01,2024-10-31,,,,,264000,False,False,24,2026-06-21T16:13:55.000+0000,2026-07-28T02:33:19.000+0000,CN-00000004,東急不動産株式会社,解約,東急不動産株式会社,,product_missing
"{'type': 'ContractLineItem__c', 'url': '/services/data/v67.0/sobjects/ContractLineItem__c/a03RB00001NswUiYAJ'}",a03RB00001NswUiYAJ,東急不動産株式会社_2024/11,001RB00001VTqUVYA1,a04RB00000kUANeYAO,a0BRB00000ynb5Z2AQ,2024/11,2024/11,2024-11-01,2024-11-30,,,,,154000,False,False,14,2026-06-21T16:13:55.000+0000,2026-07-28T02:33:19.000+0000,CN-00000004,東急不動産株式会社,解約,東急不動産株式会社,,product_missing
"{'type': 'ContractLineItem__c', 'url': '/services/data/v67.0/sobjects/ContractLineItem__c/a03RB00001NswUjYAJ'}",a03RB00001NswUjYAJ,東急不動産株式会社_2024/12,001RB00001VTqUVYA1,a04RB00000kUANeYAO,a0BRB00000ynb5Z2AQ,2024/12,2024/12,2024-12-01,2024-12-31,,,,,231000,False,False,21,2026-06-21T16:13:55.000+0000,2026-07-28T02:33:19.000+0000,CN-00000004,東急不動産株式会社,解約,東急不動産株式会社,,product_missing
"{'type': 'ContractLineItem__c', 'url': '/services/data/v67.0/sobjects/ContractLineItem__c/a03RB00001NswUkYAJ'}",a03RB00001NswUkYAJ,東急不動産株式会社_2025/01,001RB00001VTqUVYA1,a04RB00000kUANeYAO,a0BRB00000ynb5Z2AQ,2025/01,2025/01,2025-01-01,2025-01-31,,,,,231000,False,False,21,2026-06-21T16:13:55.000+0000,2026-07-28T02:33:19.000+0000,CN-00000004,東急不動産株式会社,解約,東急不動産株式会社,,product_missing
"{'type': 'ContractLineItem__c', 'url': '/services/data/v67.0/sobjects/ContractLineItem__c/a03RB00001NswUlYAJ'}",a03RB00001NswUlYAJ,東急不動産株式会社_2025/02,001RB00001VTqUVYA1,a04RB00000kUANeYAO,a0BRB00000ynb5Z2AQ,2025/02,2025/02,2025-02-01,2025-02-28,,,,,231000,False,False,21,2026-06-21T16:13:55.000+0000,2026-07-28T02:33:19.000+0000,CN-00000004,東急不動産株式会社,解約,東急不動産株式会社,,product_missing
"{'type': 'ContractLineItem__c', 'url': '/services/data/v67.0/sobjects/ContractLineItem__c/a03RB00001NswUmYAJ'}",a03RB00001NswUmYAJ,東急不動産株式会社_2025/03,001RB00001VTqUVYA1,a04RB00000kUANeYAO,a0BRB00000ynb5Z2AQ,2025/03,2025/03,2025-03-01,2025-03-31,,,,,231000,False,False,21,2026-06-21T16:13:55.000+0000,2026-07-28T02:33:19.000+0000,CN-00000004,東急不動産株式会社,解約,東急不動産株式会社,,product_missing
"{'type': 'ContractLineItem__c', 'url': '/services/data/v67.0/sobjects/ContractLineItem__c/a03RB00001NswUnYAJ'}",a03RB00001NswUnYAJ,東急不動産株式会社_2025/04,001RB00001VTqUVYA1,a04RB00000kUANeYAO,a0BRB00000ynb5Z2AQ,2025/04,2025/04,2025-04-01,2025-04-30,,,,,209000,False,False,19,2026-06-21T16:13:55.000+0000,2026-07-28T02:33:19.000+0000,CN-00000004,東急不動産株式会社,解約,東急不動産株式会社,,product_missing
"{'type': 'ContractLineItem__c', 'url': '/services/data/v67.0/sobjects/ContractLineItem__c/a03RB00001NswUoYAJ'}",a03RB00001NswUoYAJ,東急不動産株式会社_2025/05,001RB00001VTqUVYA1,a04RB00000kUANeYAO,a0BRB00000ynb5Z2AQ,2025/05,2025/05,2025-05-01,2025-05-31,,,,,176000,False,False,16,2026-06-21T16:13:55.000+0000,2026-07-28T02:33:19.000+0000,CN-00000004,東急不動産株式会社,解約,東急不動産株式会社,,product_missing
"{'type': 'ContractLineItem__c', 'url': '/services/data/v67.0/sobjects/ContractLineItem__c/a03RB00001NswUpYAJ'}",a03RB00001NswUpYAJ,東急不動産株式会社_2025/06,001RB00001VTqUVYA1,a04RB00000kUANeYAO,a0BRB00000ynb5Z2AQ,2025/06,2025/06,2025-06-01,2025-06-30,,,,,176000,False,False,16,2026-06-21T16:13:55.000+0000,2026-07-28T02:33:19.000+0000,CN-00000004,東急不動産株式会社,解約,東急不動産株式会社,,product_missing
"{'type': 'ContractLineItem__c', 'url': '/services/data/v67.0/sobjects/ContractLineItem__c/a03RB00001NswUqYAJ'}",a03RB00001NswUqYAJ,東急不動産株式会社_2025/07,001RB00001VTqUVYA1,a04RB00000kUANeYAO,a0BRB00000ynb5Z2AQ,2025/07,2025/07,2025-07-01,2025-07-31,,,,,176000,False,False,16,2026-06-21T16:13:55.000+0000,2026-07-28T02:33:19.000+0000,CN-00000004,東急不動産株式会社,解約,東急不動産株式会社,,product_missing
"{'type': 'ContractLineItem__c', 'url': '/services/data/v67.0/sobjects/ContractLineItem__c/a03RB00001NswUrYAJ'}",a03RB00001NswUrYAJ,東急不動産株式会社_2025/08,001RB00001VTqUVYA1,a04RB00000kUANeYAO,a0BRB00000ynb5Z2AQ,2025/08,2025/08,2025-08-01,2025-08-31,,,,,187000,False,False,17,2026-06-21T16:13:55.000+0000,2026-07-28T02:33:19.000+0000,CN-00000004,東急不動産株式会社,解約,東急不動産株式会社,,product_missing
"{'type': 'ContractLineItem__c', 'url': '/services/data/v67.0/sobjects/ContractLineItem__c/a03RB00001NswUsYAJ'}",a03RB00001NswUsYAJ,東急不動産株式会社_2025/09,001RB00001VTqUVYA1,a04RB00000kUANeYAO,a0BRB00000ynb5Z2AQ,2025/09,2025/09,2025-09-01,2025-09-30,,,,,187000,False,False,17,2026-06-21T16:13:55.000+0000,2026-07-28T02:33:19.000+0000,CN-00000004,東急不動産株式会社,解約,東急不動産株式会社,,product_missing
"{'type': 'ContractLineItem__c', 'url': '/services/data/v67.0/sobjects/ContractLineItem__c/a03RB00001NswUtYAJ'}",a03RB00001NswUtYAJ,東急不動産株式会社_2025/10,001RB00001VTqUVYA1,a04RB00000kUANeYAO,a0BRB00000ynb5Z2AQ,2025/10,2025/10,2025-10-01,2025-10-31,,,,,187000,False,False,17,2026-06-21T16:13:55.000+0000,2026-07-28T02:33:19.000+0000,CN-00000004,東急不動産株式会社,解約,東急不動産株式会社,,product_missing
"{'type': 'ContractLineItem__c', 'url': '/services/data/v67.0/sobjects/ContractLineItem__c/a03RB00001NswUuYAJ'}",a03RB00001NswUuYAJ,東急不動産株式会社_2025/11,001RB00001VTqUVYA1,a04RB00000kUANeYAO,a0BRB00000ynb5Z2AQ,2025/11,2025/11,2025-11-01,2025-11-30,,,,,209000,False,False,19,2026-06-21T16:13:55.000+0000,2026-07-28T02:33:19.000+0000,CN-00000004,東急不動産株式会社,解約,東急不動産株式会社,,product_missing
"{'type': 'ContractLineItem__c', 'url': '/services/data/v67.0/sobjects/ContractLineItem__c/a03RB00001NswUvYAJ'}",a03RB00001NswUvYAJ,東急不動産株式会社_2025/12,001RB00001VTqUVYA1,a04RB00000kUANeYAO,a0BRB00000ynb5Z2AQ,2025/12,2025/12,2025-12-01,2025-12-31,,,,,209000,False,False,19,2026-06-21T16:13:55.000+0000,2026-07-28T02:33:19.000+0000,CN-00000004,東急不動産株式会社,解約,東急不動産株式会社,,product_missing
"{'type': 'ContractLineItem__c', 'url': '/services/data/v67.0/sobjects/ContractLineItem__c/a03RB00001NswUwYAJ'}",a03RB00001NswUwYAJ,東急不動産株式会社_2026/01,001RB00001VTqUVYA1,a04RB00000kUANeYAO,a0BRB00000ynb5Z2AQ,2026/01,2026/01,2026-01-01,2026-01-31,,,,,209000,False,False,19,2026-06-21T16:13:55.000+0000,2026-07-28T02:33:19.000+0000,CN-00000004,東急不動産株式会社,解約,東急不動産株式会社,,product_missing
"{'type': 'ContractLineItem__c', 'url': '/services/data/v67.0/sobjects/ContractLineItem__c/a03RB00001NswUxYAJ'}",a03RB00001NswUxYAJ,東急不動産株式会社_2026/02,001RB00001VTqUVYA1,a04RB00000kUANeYAO,a0BRB00000ynb5Z2AQ,2026/02,2026/02,2026-02-01,2026-02-28,,,,,209000,False,False,19,2026-06-21T16:13:55.000+0000,2026-07-28T02:33:19.000+0000,CN-00000004,東急不動産株式会社,解約,東急不動産株式会社,,product_missing
"{'type': 'ContractLineItem__c', 'url': '/services/data/v67.0/sobjects/ContractLineItem__c/a03RB00001NswUyYAJ'}",a03RB00001NswUyYAJ,東急不動産株式会社_2026/03,001RB00001VTqUVYA1,a04RB00000kUANeYAO,a0BRB00000ynb5Z2AQ,2026/03,2026/03,2026-03-01,2026-03-31,,,,,209000,False,False,19,2026-06-21T16:13:55.000+0000,2026-07-28T02:33:19.000+0000,CN-00000004,東急不動産株式会社,解約,東急不動産株式会社,,product_missing
"{'type': 'ContractLineItem__c', 'url': '/services/data/v67.0/sobjects/ContractLineItem__c/a03RB00001NswUzYAJ'}",a03RB00001NswUzYAJ,東急不動産株式会社_2026/04,001RB00001VTqUVYA1,a04RB00000kUANeYAO,a0BRB00000ynb5Z2AQ,2026/04,2026/04,2026-04-01,2026-04-30,,,,,209000,False,False,19,2026-06-21T16:13:55.000+0000,2026-07-28T02:33:19.000+0000,CN-00000004,東急不動産株式会社,解約,東急不動産株式会社,,product_missing
"{'type': 'ContractLineItem__c', 'url': '/services/data/v67.0/sobjects/ContractLineItem__c/a03RB00001NswV0YAJ'}",a03RB00001NswV0YAJ,東急不動産株式会社_2026/05,001RB00001VTqUVYA1,a04RB00000kUANeYAO,a0BRB00000ynb5Z2AQ,2026/05,2026/05,2026-05-01,2026-05-31,,,,,209000,False,False,19,2026-06-21T16:13:55.000+0000,2026-07-28T02:33:19.000+0000,CN-00000004,東急不動産株式会社,解約,東急不動産株式会社,,product_missing
"{'type': 'ContractLineItem__c', 'url': '/services/data/v67.0/sobjects/ContractLineItem__c/a03RB00001NswV1YAJ'}",a03RB00001NswV1YAJ,東急不動産株式会社_2026/06,001RB00001VTqUVYA1,a04RB00000kUANeYAO,a0BRB00000ynb5Z2AQ,2026/06,2026/06,2026-06-01,2026-06-30,,,,,209000,False,False,19,2026-06-21T16:13:55.000+0000,2026-07-28T02:33:19.000+0000,CN-00000004,東急不動産株式会社,解約,東急不動産株式会社,,product_missing
"{'type': 'ContractLineItem__c', 'url': '/services/data/v67.0/sobjects/ContractLineItem__c/a03RB00001NswV2YAJ'}",a03RB00001NswV2YAJ,株式会社 ノムラメディアス_2024/08,001RB00001VTCZGYA5,a04RB00000kUANfYAO,a0BRB00000ynb5a2AA,2024/08,2024/08,2024-08-01,2024-08-31,,,,,104000,False,False,13,2026-06-21T16:13:55.000+0000,2026-07-28T02:33:19.000+0000,CN-00000005,株式会社 ノムラメディアス,解約,ノムラメディアス,,product_missing
"{'type': 'ContractLineItem__c', 'url': '/services/data/v67.0/sobjects/ContractLineItem__c/a03RB00001NswV3YAJ'}",a03RB00001NswV3YAJ,株式会社 ノムラメディアス_2024/09,001RB00001VTCZGYA5,a04RB00000kUANfYAO,a0BRB00000ynb5a2AA,2024/09,2024/09,2024-09-01,2024-09-30,,,,,104000,False,False,13,2026-06-21T16:13:55.000+0000,2026-07-28T02:33:19.000+0000,CN-00000005,株式会社 ノムラメディアス,解約,ノムラメディアス,,product_missing
"{'type': 'ContractLineItem__c', 'url': '/services/data/v67.0/sobjects/ContractLineItem__c/a03RB00001NswV4YAJ'}",a03RB00001NswV4YAJ,株式会社 ノムラメディアス_2024/10,001RB00001VTCZGYA5,a04RB00000kUANfYAO,a0BRB00000ynb5a2AA,2024/10,2024/10,2024-10-01,2024-10-31,,,,,104000,False,False,13,2026-06-21T16:13:55.000+0000,2026-07-28T02:33:19.000+0000,CN-00000005,株式会社 ノムラメディアス,解約,ノムラメディアス,,product_missing
"{'type': 'ContractLineItem__c', 'url': '/services/data/v67.0/sobjects/ContractLineItem__c/a03RB00001NswV5YAJ'}",a03RB00001NswV5YAJ,株式会社 ノムラメディアス_2024/11,001RB00001VTCZGYA5,a04RB00000kUANfYAO,a0BRB00000ynb5a2AA,2024/11,2024/11,2024-11-01,2024-11-30,,,,,104000,False,False,13,2026-06-21T16:13:55.000+0000,2026-07-28T02:33:19.000+0000,CN-00000005,株式会社 ノムラメディアス,解約,ノムラメディアス,,product_missing
"{'type': 'ContractLineItem__c', 'url': '/services/data/v67.0/sobjects/ContractLineItem__c/a03RB00001NswV6YAJ'}",a03RB00001NswV6YAJ,株式会社 ノムラメディアス_2024/12,001RB00001VTCZGYA5,a04RB00000kUANfYAO,a0BRB00000ynb5a2AA,2024/12,2024/12,2024-12-01,2024-12-31,,,,,104000,False,False,13,2026-06-21T16:13:55.000+0000,2026-07-28T02:33:19.000+0000,CN-00000005,株式会社 ノムラメディアス,解約,ノムラメディアス,,product_missing
"{'type': 'ContractLineItem__c', 'url': '/services/data/v67.0/sobjects/ContractLineItem__c/a03RB00001NswV7YAJ'}",a03RB00001NswV7YAJ,株式会社 ノムラメディアス_2025/01,001RB00001VTCZGYA5,a04RB00000kUANfYAO,a0BRB00000ynb5a2AA,2025/01,2025/01,2025-01-01,2025-01-31,,,,,104000,False,False,13,2026-06-21T16:13:55.000+0000,2026-07-28T02:33:19.000+0000,CN-00000005,株式会社 ノムラメディアス,解約,ノムラメディアス,,product_missing
"{'type': 'ContractLineItem__c', 'url': '/services/data/v67.0/sobjects/ContractLineItem__c/a03RB00001NswV8YAJ'}",a03RB00001NswV8YAJ,株式会社 ノムラメディアス_2025/02,001RB00001VTCZGYA5,a04RB00000kUANfYAO,a0BRB00000ynb5a2AA,2025/02,2025/02,2025-02-01,2025-02-28,,,,,104000,False,False,13,2026-06-21T16:13:55.000+0000,2026-07-28T02:33:19.000+0000,CN-00000005,株式会社 ノムラメディアス,解約,ノムラメディアス,,product_missing
"{'type': 'ContractLineItem__c', 'url': '/services/data/v67.0/sobjects/ContractLineItem__c/a03RB00001NswVcYAJ'}",a03RB00001NswVcYAJ,東急建設 ○独特の請求書式あり_2025/08,001RB00001VTrseYAD,a04RB00000kUANhYAO,a0BRB00000ynb5c2AA,2025/08,2025/08,2025-08-01,2025-08-31,,,,,72000,False,False,1,2026-06-21T16:13:55.000+0000,2026-08-06T01:58:48.000+0000,CN-00000007,東急建設 ○独特の請求書式あり,Activated,東急建設株式会社,,product_missing
"{'type': 'ContractLineItem__c', 'url': '/services/data/v67.0/sobjects/ContractLineItem__c/a03RB00001NswVdYAJ'}",a03RB00001NswVdYAJ,東急建設 ○独特の請求書式あり_2025/09,001RB00001VTrseYAD,a04RB00000kUANhYAO,a0BRB00000ynb5c2AA,2025/09,2025/09,2025-09-01,2025-09-30,,,,,,False,False,1,2026-06-21T16:13:55.000+0000,2026-08-06T01:58:48.000+0000,CN-00000007,東急建設 ○独特の請求書式あり,Activated,東急建設株式会社,,product_missing
"{'type': 'ContractLineItem__c', 'url': '/services/data/v67.0/sobjects/ContractLineItem__c/a03RB00001NswVeYAJ'}",a03RB00001NswVeYAJ,東急建設 ○独特の請求書式あり_2025/10,001RB00001VTrseYAD,a04RB00000kUANhYAO,a0BRB00000ynb5c2AA,2025/10,2025/10,2025-10-01,2025-10-31,,,,,,False,False,1,2026-06-21T16:13:55.000+0000,2026-08-06T01:58:48.000+0000,CN-00000007,東急建設 ○独特の請求書式あり,Activated,東急建設株式会社,,product_missing
"{'type': 'ContractLineItem__c', 'url': '/services/data/v67.0/sobjects/ContractLineItem__c/a03RB00001NswVfYAJ'}",a03RB00001NswVfYAJ,東急建設 ○独特の請求書式あり_2025/11,001RB00001VTrseYAD,a04RB00000kUANhYAO,a0BRB00000ynb5c2AA,2025/11,2025/11,2025-11-01,2025-11-30,,,,,,False,False,1,2026-06-21T16:13:55.000+0000,2026-08-06T01:58:48.000+0000,CN-00000007,東急建設 ○独特の請求書式あり,Activated,東急建設株式会社,,product_missing
"{'type': 'ContractLineItem__c', 'url': '/services/data/v67.0/sobjects/ContractLineItem__c/a03RB00001NswVgYAJ'}",a03RB00001NswVgYAJ,東急建設 ○独特の請求書式あり_2025/12,001RB00001VTrseYAD,a04RB00000kUANhYAO,a0BRB00000ynb5c2AA,2025/12,2025/12,2025-12-01,2025-12-31,,,,,,False,False,1,2026-06-21T16:13:55.000+0000,2026-08-06T01:58:48.000+0000,CN-00000007,東急建設 ○独特の請求書式あり,Activated,東急建設株式会社,,product_missing
"{'type': 'ContractLineItem__c', 'url': '/services/data/v67.0/sobjects/ContractLineItem__c/a03RB00001NswVhYAJ'}",a03RB00001NswVhYAJ,東急建設 ○独特の請求書式あり_2026/01,001RB00001VTrseYAD,a04RB00000kUANhYAO,a0BRB00000ynb5c2AA,2026/01,2026/01,2026-01-01,2026-01-31,,,,,,False,False,1,2026-06-21T16:13:55.000+0000,2026-08-06T01:58:48.000+0000,CN-00000007,東急建設 ○独特の請求書式あり,Activated,東急建設株式会社,,product_missing
"{'type': 'ContractLineItem__c', 'url': '/services/data/v67.0/sobjects/ContractLineItem__c/a03RB00001NswViYAJ'}",a03RB00001NswViYAJ,東急建設 ○独特の請求書式あり_2026/02,001RB00001VTrseYAD,a04RB00000kUANhYAO,a0BRB00000ynb5c2AA,2026/02,2026/02,2026-02-01,2026-02-28,,,,,,False,False,1,2026-06-21T16:13:55.000+0000,2026-08-06T01:58:48.000+0000,CN-00000007,東急建設 ○独特の請求書式あり,Activated,東急建設株式会社,,product_missing
"{'type': 'ContractLineItem__c', 'url': '/services/data/v67.0/sobjects/ContractLineItem__c/a03RB00001NswVjYAJ'}",a03RB00001NswVjYAJ,東急建設 ○独特の請求書式あり_2026/03,001RB00001VTrseYAD,a04RB00000kUANhYAO,a0BRB00000ynb5c2AA,2026/03,2026/03,2026-03-01,2026-03-31,,,,,,False,False,1,2026-06-21T16:13:55.000+0000,2026-08-06T01:58:48.000+0000,CN-00000007,東急建設 ○独特の請求書式あり,Activated,東急建設株式会社,,product_missing
"{'type': 'ContractLineItem__c', 'url': '/services/data/v67.0/sobjects/ContractLineItem__c/a03RB00001NswWJYAZ'}",a03RB00001NswWJYAZ,前田工務店_2024/10,001RB00001VTCYmYAP,a04RB00000kUANjYAO,a0BRB00000ynb5e2AA,2024/10,2024/10,2024-10-01,2024-10-31,,,,,55000,False,False,5,2026-06-21T16:13:55.000+0000,2026-08-06T00:50:25.000+0000,CN-00000009,前田工務店,Activated,株式会社前田工務店,,product_missing
"{'type': 'ContractLineItem__c', 'url': '/services/data/v67.0/sobjects/ContractLineItem__c/a03RB00001NswWKYAZ'}",a03RB00001NswWKYAZ,前田工務店_2024/11,001RB00001VTCYmYAP,a04RB00000kUANjYAO,a0BRB00000ynb5e2AA,2024/11,2024/11,2024-11-01,2024-11-30,,,,,55000,False,False,5,2026-06-21T16:13:55.000+0000,2026-08-06T00:50:25.000+0000,CN-00000009,前田工務店,Activated,株式会社前田工務店,,product_missing
"{'type': 'ContractLineItem__c', 'url': '/services/data/v67.0/sobjects/ContractLineItem__c/a03RB00001NswWLYAZ'}",a03RB00001NswWLYAZ,前田工務店_2024/12,001RB00001VTCYmYAP,a04RB00000kUANjYAO,a0BRB00000ynb5e2AA,2024/12,2024/12,2024-12-01,2024-12-31,,,,,55000,False,False,5,2026-06-21T16:13:55.000+0000,2026-08-06T00:50:25.000+0000,CN-00000009,前田工務店,Activated,株式会社前田工務店,,product_missing
"{'type': 'ContractLineItem__c', 'url': '/services/data/v67.0/sobjects/ContractLineItem__c/a03RB00001NswWMYAZ'}",a03RB00001NswWMYAZ,前田工務店_2025/01,001RB00001VTCYmYAP,a04RB00000kUANjYAO,a0BRB00000ynb5e2AA,2025/01,2025/01,2025-01-01,2025-01-31,,,,,55000,False,False,5,2026-06-21T16:13:55.000+0000,2026-08-06T00:50:25.000+0000,CN-00000009,前田工務店,Activated,株式会社前田工務店,,product_missing
"{'type': 'ContractLineItem__c', 'url': '/services/data/v67.0/sobjects/ContractLineItem__c/a03RB00001NswWNYAZ'}",a03RB00001NswWNYAZ,前田工務店_2025/02,001RB00001VTCYmYAP,a04RB00000kUANjYAO,a0BRB00000ynb5e2AA,2025/02,2025/02,2025-02-01,2025-02-28,,,,,55000,False,False,5,2026-06-21T16:13:55.000+0000,2026-08-06T00:50:25.000+0000,CN-00000009,前田工務店,Activated,株式会社前田工務店,,product_missing
"{'type': 'ContractLineItem__c', 'url': '/services/data/v67.0/sobjects/ContractLineItem__c/a03RB00001NswWOYAZ'}",a03RB00001NswWOYAZ,前田工務店_2025/03,001RB00001VTCYmYAP,a04RB00000kUANjYAO,a0BRB00000ynb5e2AA,2025/03,2025/03,2025-03-01,2025-03-31,,,,,55000,False,False,5,2026-06-21T16:13:55.000+0000,2026-08-06T00:50:25.000+0000,CN-00000009,前田工務店,Activated,株式会社前田工務店,,product_missing
"{'type': 'ContractLineItem__c', 'url': '/services/data/v67.0/sobjects/ContractLineItem__c/a03RB00001NswWPYAZ'}",a03RB00001NswWPYAZ,前田工務店_2025/04,001RB00001VTCYmYAP,a04RB00000kUANjYAO,a0BRB00000ynb5e2AA,2025/04,2025/04,2025-04-01,2025-04-30,,,,,55000,False,False,5,2026-06-21T16:13:55.000+0000,2026-08-06T00:50:25.000+0000,CN-00000009,前田工務店,Activated,株式会社前田工務店,,product_missing
"{'type': 'ContractLineItem__c', 'url': '/services/data/v67.0/sobjects/ContractLineItem__c/a03RB00001NswWQYAZ'}",a03RB00001NswWQYAZ,前田工務店_2025/05,001RB00001VTCYmYAP,a04RB00000kUANjYAO,a0BRB00000ynb5e2AA,2025/05,2025/05,2025-05-01,2025-05-31,,,,,55000,False,False,5,2026-06-21T16:13:55.000+0000,2026-08-06T00:50:25.000+0000,CN-00000009,前田工務店,Activated,株式会社前田工務店,,product_missing
"{'type': 'ContractLineItem__c', 'url': '/services/data/v67.0/sobjects/ContractLineItem__c/a03RB00001NswWRYAZ'}",a03RB00001NswWRYAZ,前田工務店_2025/06,001RB00001VTCYmYAP,a04RB00000kUANjYAO,a0BRB00000ynb5e2AA,2025/06,2025/06,2025-06-01,2025-06-30,,,,,55000,False,False,5,2026-06-21T16:13:55.000+0000,2026-08-06T00:50:25.000+0000,CN-00000009,前田工務店,Activated,株式会社前田工務店,,product_missing
"{'type': 'ContractLineItem__c', 'url': '/services/data/v67.0/sobjects/ContractLineItem__c/a03RB00001NswWSYAZ'}",a03RB00001NswWSYAZ,前田工務店_2025/07,001RB00001VTCYmYAP,a04RB00000kUANjYAO,a0BRB00000ynb5e2AA,2025/07,2025/07,2025-07-01,2025-07-31,,,,,55000,False,False,5,2026-06-21T16:13:55.000+0000,2026-08-06T00:50:25.000+0000,CN-00000009,前田工務店,Activated,株式会社前田工務店,,product_missing
"{'type': 'ContractLineItem__c', 'url': '/services/data/v67.0/sobjects/ContractLineItem__c/a03RB00001NswWTYAZ'}",a03RB00001NswWTYAZ,前田工務店_2025/08,001RB00001VTCYmYAP,a04RB00000kUANjYAO,a0BRB00000ynb5e2AA,2025/08,2025/08,2025-08-01,2025-08-31,,,,,55000,False,False,5,2026-06-21T16:13:55.000+0000,2026-08-06T00:50:25.000+0000,CN-00000009,前田工務店,Activated,株式会社前田工務店,,product_missing
"{'type': 'ContractLineItem__c', 'url': '/services/data/v67.0/sobjects/ContractLineItem__c/a03RB00001NswWUYAZ'}",a03RB00001NswWUYAZ,前田工務店_2025/09,001RB00001VTCYmYAP,a04RB00000kUANjYAO,a0BRB00000ynb5e2AA,2025/09,2025/09,2025-09-01,2025-09-30,,,,,55000,False,False,5,2026-06-21T16:13:55.000+0000,2026-08-06T00:50:25.000+0000,CN-00000009,前田工務店,Activated,株式会社前田工務店,,product_missing
"{'type': 'ContractLineItem__c', 'url': '/services/data/v67.0/sobjects/ContractLineItem__c/a03RB00001NswWVYAZ'}",a03RB00001NswWVYAZ,前田工務店_2025/10,001RB00001VTCYmYAP,a04RB00000kUANjYAO,a0BRB00000ynb5e2AA,2025/10,2025/10,2025-10-01,2025-10-31,,,,,55000,False,False,5,2026-06-21T16:13:55.000+0000,2026-08-06T00:50:25.000+0000,CN-00000009,前田工務店,Activated,株式会社前田工務店,,product_missing
"{'type': 'ContractLineItem__c', 'url': '/services/data/v67.0/sobjects/ContractLineItem__c/a03RB00001NswWWYAZ'}",a03RB00001NswWWYAZ,前田工務店_2025/11,001RB00001VTCYmYAP,a04RB00000kUANjYAO,a0BRB00000ynb5e2AA,2025/11,2025/11,2025-11-01,2025-11-30,,,,,55000,False,False,5,2026-06-21T16:13:55.000+0000,2026-08-06T00:50:25.000+0000,CN-00000009,前田工務店,Activated,株式会社前田工務店,,product_missing
"{'type': 'ContractLineItem__c', 'url': '/services/data/v67.0/sobjects/ContractLineItem__c/a03RB00001NswWXYAZ'}",a03RB00001NswWXYAZ,前田工務店_2025/12,001RB00001VTCYmYAP,a04RB00000kUANjYAO,a0BRB00000ynb5e2AA,2025/12,2025/12,2025-12-01,2025-12-31,,,,,55000,False,False,5,2026-06-21T16:13:55.000+0000,2026-08-06T00:50:25.000+0000,CN-00000009,前田工務店,Activated,株式会社前田工務店,,product_missing
"{'type': 'ContractLineItem__c', 'url': '/services/data/v67.0/sobjects/ContractLineItem__c/a03RB00001NswWYYAZ'}",a03RB00001NswWYYAZ,前田工務店_2026/01,001RB00001VTCYmYAP,a04RB00000kUANjYAO,a0BRB00000ynb5e2AA,2026/01,2026/01,2026-01-01,2026-01-31,,,,,55000,False,False,5,2026-06-21T16:13:55.000+0000,2026-08-06T00:50:25.000+0000,CN-00000009,前田工務店,Activated,株式会社前田工務店,,product_missing
"{'type': 'ContractLineItem__c', 'url': '/services/data/v67.0/sobjects/ContractLineItem__c/a03RB00001NswWZYAZ'}",a03RB00001NswWZYAZ,前田工務店_2026/02,001RB00001VTCYmYAP,a04RB00000kUANjYAO,a0BRB00000ynb5e2AA,2026/02,2026/02,2026-02-01,2026-02-28,,,a00RB00002B5oLIYAZ,,8000,False,False,1,2026-06-21T16:13:55.000+0000,2026-07-28T02:33:19.000+0000,CN-00000009,前田工務店,Activated,株式会社前田工務店,,product_missing
"{'type': 'ContractLineItem__c', 'url': '/services/data/v67.0/sobjects/ContractLineItem__c/a03RB00001NswWaYAJ'}",a03RB00001NswWaYAJ,前田工務店_2026/03,001RB00001VTCYmYAP,a04RB00000kUANjYAO,a0BRB00000ynb5e2AA,2026/03,2026/03,2026-03-01,2026-03-31,,,a00RB00002B5oLIYAZ,,8000,False,False,1,2026-06-21T16:13:55.000+0000,2026-07-28T02:33:19.000+0000,CN-00000009,前田工務店,Activated,株式会社前田工務店,,product_missing
"{'type': 'ContractLineItem__c', 'url': '/services/data/v67.0/sobjects/ContractLineItem__c/a03RB00001NswWbYAJ'}",a03RB00001NswWbYAJ,前田工務店_2026/04,001RB00001VTCYmYAP,a04RB00000kUANjYAO,a0BRB00000ynb5e2AA,2026/04,2026/04,2026-04-01,2026-04-30,,,a00RB00002B5oLIYAZ,,8000,False,False,1,2026-06-21T16:13:55.000+0000,2026-07-28T02:33:19.000+0000,CN-00000009,前田工務店,Activated,株式会社前田工務店,,product_missing
"{'type': 'ContractLineItem__c', 'url': '/services/data/v67.0/sobjects/ContractLineItem__c/a03RB00001NswWcYAJ'}",a03RB00001NswWcYAJ,東京建物_2024/09,001RB00001VTqf9YAD,a04RB00000kUANkYAO,a0BRB00000ynb5f2AA,2024/09,2024/09,2024-09-01,2024-09-30,,,,,110000,False,False,10,2026-06-21T16:13:55.000+0000,2026-07-28T02:33:19.000+0000,CN-00000010,東京建物,解約,東京建物株式会社,,product_missing
"{'type': 'ContractLineItem__c', 'url': '/services/data/v67.0/sobjects/ContractLineItem__c/a03RB00001NswWdYAJ'}",a03RB00001NswWdYAJ,東京建物_2024/10,001RB00001VTqf9YAD,a04RB00000kUANkYAO,a0BRB00000ynb5f2AA,2024/10,2024/10,2024-10-01,2024-10-31,,,,,110000,False,False,10,2026-06-21T16:13:55.000+0000,2026-07-28T02:33:19.000+0000,CN-00000010,東京建物,解約,東京建物株式会社,,product_missing
"{'type': 'ContractLineItem__c', 'url': '/services/data/v67.0/sobjects/ContractLineItem__c/a03RB00001NswWeYAJ'}",a03RB00001NswWeYAJ,東京建物_2024/11,001RB00001VTqf9YAD,a04RB00000kUANkYAO,a0BRB00000ynb5f2AA,2024/11,2024/11,2024-11-01,2024-11-30,,,,,110000,False,False,10,2026-06-21T16:13:55.000+0000,2026-07-28T02:33:19.000+0000,CN-00000010,東京建物,解約,東京建物株式会社,,product_missing
"{'type': 'ContractLineItem__c', 'url': '/services/data/v67.0/sobjects/ContractLineItem__c/a03RB00001NswWfYAJ'}",a03RB00001NswWfYAJ,東京建物_2024/12,001RB00001VTqf9YAD,a04RB00000kUANkYAO,a0BRB00000ynb5f2AA,2024/12,2024/12,2024-12-01,2024-12-31,,,,,110000,False,False,10,2026-06-21T16:13:55.000+0000,2026-07-28T02:33:19.000+0000,CN-00000010,東京建物,解約,東京建物株式会社,,product_missing
"{'type': 'ContractLineItem__c', 'url': '/services/data/v67.0/sobjects/ContractLineItem__c/a03RB00001NswWgYAJ'}",a03RB00001NswWgYAJ,三井デザインテック_2024/09,001RB00001VTrtaYAD,a04RB00000kUANlYAO,a0BRB00000ynb5g2AA,2024/09,2024/09,2024-09-01,2024-09-30,,,,,20000,False,False,4,2026-06-21T16:13:55.000+0000,2026-07-28T02:33:19.000+0000,CN-00000011,三井デザインテック,解約,三井デザインテック 株式会社,,product_missing
"{'type': 'ContractLineItem__c', 'url': '/services/data/v67.0/sobjects/ContractLineItem__c/a03RB00001NswWhYAJ'}",a03RB00001NswWhYAJ,三井デザインテック_2024/10,001RB00001VTrtaYAD,a04RB00000kUANlYAO,a0BRB00000ynb5g2AA,2024/10,2024/10,2024-10-01,2024-10-31,,,,,20000,False,False,4,2026-06-21T16:13:55.000+0000,2026-07-28T02:33:19.000+0000,CN-00000011,三井デザインテック,解約,三井デザインテック 株式会社,,product_missing
"{'type': 'ContractLineItem__c', 'url': '/services/data/v67.0/sobjects/ContractLineItem__c/a03RB00001NswWiYAJ'}",a03RB00001NswWiYAJ,三井デザインテック_2024/11,001RB00001VTrtaYAD,a04RB00000kUANlYAO,a0BRB00000ynb5g2AA,2024/11,2024/11,2024-11-01,2024-11-30,,,,,20000,False,False,4,2026-06-21T16:13:55.000+0000,2026-07-28T02:33:19.000+0000,CN-00000011,三井デザインテック,解約,三井デザインテック 株式会社,,product_missing
"{'type': 'ContractLineItem__c', 'url': '/services/data/v67.0/sobjects/ContractLineItem__c/a03RB00001NswWjYAJ'}",a03RB00001NswWjYAJ,三井デザインテック_2024/12,001RB00001VTrtaYAD,a04RB00000kUANlYAO,a0BRB00000ynb5g2AA,2024/12,2024/12,2024-12-01,2024-12-31,,,,,20000,False,False,4,2026-06-21T16:13:55.000+0000,2026-07-28T02:33:19.000+0000,CN-00000011,三井デザインテック,解約,三井デザインテック 株式会社,,product_missing
"{'type': 'ContractLineItem__c', 'url': '/services/data/v67.0/sobjects/ContractLineItem__c/a03RB00001NswWkYAJ'}",a03RB00001NswWkYAJ,三井デザインテック_2025/01,001RB00001VTrtaYAD,a04RB00000kUANlYAO,a0BRB00000ynb5g2AA,2025/01,2025/01,2025-01-01,2025-01-31,,,,,20000,False,False,4,2026-06-21T16:13:55.000+0000,2026-07-28T02:33:19.000+0000,CN-00000011,三井デザインテック,解約,三井デザインテック 株式会社,,product_missing
"{'type': 'ContractLineItem__c', 'url': '/services/data/v67.0/sobjects/ContractLineItem__c/a03RB00001NswWlYAJ'}",a03RB00001NswWlYAJ,三井デザインテック_2025/02,001RB00001VTrtaYAD,a04RB00000kUANlYAO,a0BRB00000ynb5g2AA,2025/02,2025/02,2025-02-01,2025-02-28,,,,,20000,False,False,4,2026-06-21T16:13:55.000+0000,2026-07-28T02:33:19.000+0000,CN-00000011,三井デザインテック,解約,三井デザインテック 株式会社,,product_missing
"{'type': 'ContractLineItem__c', 'url': '/services/data/v67.0/sobjects/ContractLineItem__c/a03RB00001NswWmYAJ'}",a03RB00001NswWmYAJ,三井デザインテック_2025/03,001RB00001VTrtaYAD,a04RB00000kUANlYAO,a0BRB00000ynb5g2AA,2025/03,2025/03,2025-03-01,2025-03-31,,,,,20000,False,False,4,2026-06-21T16:13:55.000+0000,2026-07-28T02:33:19.000+0000,CN-00000011,三井デザインテック,解約,三井デザインテック 株式会社,,product_missing
"{'type': 'ContractLineItem__c', 'url': '/services/data/v67.0/sobjects/ContractLineItem__c/a03RB00001NswX7YAJ'}",a03RB00001NswX7YAJ,studio55_2024/09,001RB00001VTrOjYAL,a04RB00000kUANnYAO,a0BRB00000ynb5i2AA,2024/09,2024/09,2024-09-01,2024-09-30,,,,,,False,False,1,2026-06-21T16:13:55.000+0000,2026-07-28T02:33:19.000+0000,CN-00000013,studio55,Activated,株式会社 STUDIO55,,product_missing
"{'type': 'ContractLineItem__c', 'url': '/services/data/v67.0/sobjects/ContractLineItem__c/a03RB00001NswX8YAJ'}",a03RB00001NswX8YAJ,studio55_2024/10,001RB00001VTrOjYAL,a04RB00000kUANnYAO,a0BRB00000ynb5i2AA,2024/10,2024/10,2024-10-01,2024-10-31,,,,,,False,False,1,2026-06-21T16:13:55.000+0000,2026-07-28T02:33:19.000+0000,CN-00000013,studio55,Activated,株式会社 STUDIO55,,product_missing
"{'type': 'ContractLineItem__c', 'url': '/services/data/v67.0/sobjects/ContractLineItem__c/a03RB00001NswX9YAJ'}",a03RB00001NswX9YAJ,studio55_2024/11,001RB00001VTrOjYAL,a04RB00000kUANnYAO,a0BRB00000ynb5i2AA,2024/11,2024/11,2024-11-01,2024-11-30,,,,,,False,False,1,2026-06-21T16:13:55.000+0000,2026-07-28T02:33:19.000+0000,CN-00000013,studio55,Activated,株式会社 STUDIO55,,product_missing
"{'type': 'ContractLineItem__c', 'url': '/services/data/v67.0/sobjects/ContractLineItem__c/a03RB00001NswXAYAZ'}",a03RB00001NswXAYAZ,コクヨ_2024/11,001RB00001VTCZ9YAP,a04RB00000kUANoYAO,a0BRB00000ynb5j2AA,2024/11,2024/11,2024-11-01,2024-11-30,,,,,110000,False,False,10,2026-06-21T16:13:55.000+0000,2026-07-28T02:33:19.000+0000,CN-00000014,コクヨ,解約,コクヨ 株式会社,,product_missing
"{'type': 'ContractLineItem__c', 'url': '/services/data/v67.0/sobjects/ContractLineItem__c/a03RB00001NswXBYAZ'}",a03RB00001NswXBYAZ,コクヨ_2024/12,001RB00001VTCZ9YAP,a04RB00000kUANoYAO,a0BRB00000ynb5j2AA,2024/12,2024/12,2024-12-01,2024-12-31,,,,,110000,False,False,10,2026-06-21T16:13:55.000+0000,2026-07-28T02:33:19.000+0000,CN-00000014,コクヨ,解約,コクヨ 株式会社,,product_missing
"{'type': 'ContractLineItem__c', 'url': '/services/data/v67.0/sobjects/ContractLineItem__c/a03RB00001NswXCYAZ'}",a03RB00001NswXCYAZ,コクヨ_2025/01,001RB00001VTCZ9YAP,a04RB00000kUANoYAO,a0BRB00000ynb5j2AA,2025/01,2025/01,2025-01-01,2025-01-31,,,,,55000,False,False,5,2026-06-21T16:13:55.000+0000,2026-07-28T02:33:19.000+0000,CN-00000014,コクヨ,解約,コクヨ 株式会社,,product_missing
"{'type': 'ContractLineItem__c', 'url': '/services/data/v67.0/sobjects/ContractLineItem__c/a03RB00001NswXDYAZ'}",a03RB00001NswXDYAZ,コクヨ_2025/02,001RB00001VTCZ9YAP,a04RB00000kUANoYAO,a0BRB00000ynb5j2AA,2025/02,2025/02,2025-02-01,2025-02-28,,,,,55000,False,False,5,2026-06-21T16:13:55.000+0000,2026-07-28T02:33:19.000+0000,CN-00000014,コクヨ,解約,コクヨ 株式会社,,product_missing
"{'type': 'ContractLineItem__c', 'url': '/services/data/v67.0/sobjects/ContractLineItem__c/a03RB00001NswXEYAZ'}",a03RB00001NswXEYAZ,コクヨ_2025/03,001RB00001VTCZ9YAP,a04RB00000kUANoYAO,a0BRB00000ynb5j2AA,2025/03,2025/03,2025-03-01,2025-03-31,,,,,55000,False,False,5,2026-06-21T16:13:55.000+0000,2026-07-28T02:33:19.000+0000,CN-00000014,コクヨ,解約,コクヨ 株式会社,,product_missing
"{'type': 'ContractLineItem__c', 'url': '/services/data/v67.0/sobjects/ContractLineItem__c/a03RB00001NswXFYAZ'}",a03RB00001NswXFYAZ,戸田建設(開発推進部:年額)_2024/11,001RB00001VTrmnYAD,a04RB00000kUANpYAO,a0BRB00000ynb5k2AA,2024/11,2024/11,2024-11-01,2024-11-30,,,,,88000,False,False,8,2026-06-21T16:13:55.000+0000,2026-07-28T02:33:19.000+0000,CN-00000015,戸田建設(開発推進部:年額),解約,戸田建設株式会社,,product_missing
"{'type': 'ContractLineItem__c', 'url': '/services/data/v67.0/sobjects/ContractLineItem__c/a03RB00001NswXGYAZ'}",a03RB00001NswXGYAZ,戸田建設(開発推進部:年額)_2024/12,001RB00001VTrmnYAD,a04RB00000kUANpYAO,a0BRB00000ynb5k2AA,2024/12,2024/12,2024-12-01,2024-12-31,,,,,88000,False,False,8,2026-06-21T16:13:55.000+0000,2026-07-28T02:33:19.000+0000,CN-00000015,戸田建設(開発推進部:年額),解約,戸田建設株式会社,,product_missing
"{'type': 'ContractLineItem__c', 'url': '/services/data/v67.0/sobjects/ContractLineItem__c/a03RB00001NswXHYAZ'}",a03RB00001NswXHYAZ,戸田建設(開発推進部:年額)_2025/01,001RB00001VTrmnYAD,a04RB00000kUANpYAO,a0BRB00000ynb5k2AA,2025/01,2025/01,2025-01-01,2025-01-31,,,,,88000,False,False,8,2026-06-21T16:13:55.000+0000,2026-07-28T02:33:19.000+0000,CN-00000015,戸田建設(開発推進部:年額),解約,戸田建設株式会社,,product_missing
"{'type': 'ContractLineItem__c', 'url': '/services/data/v67.0/sobjects/ContractLineItem__c/a03RB00001NswXIYAZ'}",a03RB00001NswXIYAZ,戸田建設(開発推進部:年額)_2025/02,001RB00001VTrmnYAD,a04RB00000kUANpYAO,a0BRB00000ynb5k2AA,2025/02,2025/02,2025-02-01,2025-02-28,,,,,264000,False,False,2,2026-06-21T16:13:55.000+0000,2026-07-28T02:33:19.000+0000,CN-00000015,戸田建設(開発推進部:年額),解約,戸田建設株式会社,,product_missing
"{'type': 'ContractLineItem__c', 'url': '/services/data/v67.0/sobjects/ContractLineItem__c/a03RB00001NswXJYAZ'}",a03RB00001NswXJYAZ,戸田建設(開発推進部:年額)_2025/03,001RB00001VTrmnYAD,a04RB00000kUANpYAO,a0BRB00000ynb5k2AA,2025/03,2025/03,2025-03-01,2025-03-31,,,,,,False,False,2,2026-06-21T16:13:55.000+0000,2026-07-28T02:33:19.000+0000,CN-00000015,戸田建設(開発推進部:年額),解約,戸田建設株式会社,,product_missing
"{'type': 'ContractLineItem__c', 'url': '/services/data/v67.0/sobjects/ContractLineItem__c/a03RB00001NswXKYAZ'}",a03RB00001NswXKYAZ,戸田建設(開発推進部:年額)_2025/04,001RB00001VTrmnYAD,a04RB00000kUANpYAO,a0BRB00000ynb5k2AA,2025/04,2025/04,2025-04-01,2025-04-30,,,,,,False,False,2,2026-06-21T16:13:55.000+0000,2026-07-28T02:33:19.000+0000,CN-00000015,戸田建設(開発推進部:年額),解約,戸田建設株式会社,,product_missing
"{'type': 'ContractLineItem__c', 'url': '/services/data/v67.0/sobjects/ContractLineItem__c/a03RB00001NswXLYAZ'}",a03RB00001NswXLYAZ,戸田建設(開発推進部:年額)_2025/05,001RB00001VTrmnYAD,a04RB00000kUANpYAO,a0BRB00000ynb5k2AA,2025/05,2025/05,2025-05-01,2025-05-31,,,,,,False,False,2,2026-06-21T16:13:55.000+0000,2026-07-28T02:33:19.000+0000,CN-00000015,戸田建設(開発推進部:年額),解約,戸田建設株式会社,,product_missing
"{'type': 'ContractLineItem__c', 'url': '/services/data/v67.0/sobjects/ContractLineItem__c/a03RB00001NswXMYAZ'}",a03RB00001NswXMYAZ,戸田建設(開発推進部:年額)_2025/06,001RB00001VTrmnYAD,a04RB00000kUANpYAO,a0BRB00000ynb5k2AA,2025/06,2025/06,2025-06-01,2025-06-30,,,,,,False,False,2,2026-06-21T16:13:55.000+0000,2026-07-28T02:33:19.000+0000,CN-00000015,戸田建設(開発推進部:年額),解約,戸田建設株式会社,,product_missing
"{'type': 'ContractLineItem__c', 'url': '/services/data/v67.0/sobjects/ContractLineItem__c/a03RB00001NswXNYAZ'}",a03RB00001NswXNYAZ,戸田建設(開発推進部:年額)_2025/07,001RB00001VTrmnYAD,a04RB00000kUANpYAO,a0BRB00000ynb5k2AA,2025/07,2025/07,2025-07-01,2025-07-31,,,,,,False,False,2,2026-06-21T16:13:55.000+0000,2026-07-28T02:33:19.000+0000,CN-00000015,戸田建設(開発推進部:年額),解約,戸田建設株式会社,,product_missing
"{'type': 'ContractLineItem__c', 'url': '/services/data/v67.0/sobjects/ContractLineItem__c/a03RB00001NswXOYAZ'}",a03RB00001NswXOYAZ,戸田建設(開発推進部:年額)_2025/08,001RB00001VTrmnYAD,a04RB00000kUANpYAO,a0BRB00000ynb5k2AA,2025/08,2025/08,2025-08-01,2025-08-31,,,,,,False,False,2,2026-06-21T16:13:55.000+0000,2026-07-28T02:33:19.000+0000,CN-00000015,戸田建設(開発推進部:年額),解約,戸田建設株式会社,,product_missing
"{'type': 'ContractLineItem__c', 'url': '/services/data/v67.0/sobjects/ContractLineItem__c/a03RB00001NswXPYAZ'}",a03RB00001NswXPYAZ,戸田建設(開発推進部:年額)_2025/09,001RB00001VTrmnYAD,a04RB00000kUANpYAO,a0BRB00000ynb5k2AA,2025/09,2025/09,2025-09-01,2025-09-30,,,,,,False,False,2,2026-06-21T16:13:55.000+0000,2026-07-28T02:33:19.000+0000,CN-00000015,戸田建設(開発推進部:年額),解約,戸田建設株式会社,,product_missing
"{'type': 'ContractLineItem__c', 'url': '/services/data/v67.0/sobjects/ContractLineItem__c/a03RB00001NswXQYAZ'}",a03RB00001NswXQYAZ,戸田建設(開発推進部:年額)_2025/10,001RB00001VTrmnYAD,a04RB00000kUANpYAO,a0BRB00000ynb5k2AA,2025/10,2025/10,2025-10-01,2025-10-31,,,,,,False,False,2,2026-06-21T16:13:55.000+0000,2026-07-28T02:33:19.000+0000,CN-00000015,戸田建設(開発推進部:年額),解約,戸田建設株式会社,,product_missing
"{'type': 'ContractLineItem__c', 'url': '/services/data/v67.0/sobjects/ContractLineItem__c/a03RB00001NswXRYAZ'}",a03RB00001NswXRYAZ,戸田建設(開発推進部:年額)_2025/11,001RB00001VTrmnYAD,a04RB00000kUANpYAO,a0BRB00000ynb5k2AA,2025/11,2025/11,2025-11-01,2025-11-30,,,,,,False,False,2,2026-06-21T16:13:55.000+0000,2026-07-28T02:33:19.000+0000,CN-00000015,戸田建設(開発推進部:年額),解約,戸田建設株式会社,,product_missing
"{'type': 'ContractLineItem__c', 'url': '/services/data/v67.0/sobjects/ContractLineItem__c/a03RB00001NswXSYAZ'}",a03RB00001NswXSYAZ,戸田建設(開発推進部:年額)_2025/12,001RB00001VTrmnYAD,a04RB00000kUANpYAO,a0BRB00000ynb5k2AA,2025/12,2025/12,2025-12-01,2025-12-31,,,,,,False,False,2,2026-06-21T16:13:55.000+0000,2026-07-28T02:33:19.000+0000,CN-00000015,戸田建設(開発推進部:年額),解約,戸田建設株式会社,,product_missing
"{'type': 'ContractLineItem__c', 'url': '/services/data/v67.0/sobjects/ContractLineItem__c/a03RB00001NswXTYAZ'}",a03RB00001NswXTYAZ,戸田建設(開発推進部:年額)_2026/01,001RB00001VTrmnYAD,a04RB00000kUANpYAO,a0BRB00000ynb5k2AA,2026/01,2026/01,2026-01-01,2026-01-31,,,,,,False,False,2,2026-06-21T16:13:55.000+0000,2026-07-28T02:33:19.000+0000,CN-00000015,戸田建設(開発推進部:年額),解約,戸田建設株式会社,,product_missing
"{'type': 'ContractLineItem__c', 'url': '/services/data/v67.0/sobjects/ContractLineItem__c/a03RB00001NswXUYAZ'}",a03RB00001NswXUYAZ,東急リゾーツ＆ステイ_2024/11,001RB00001VTrkXYAT,a04RB00000kUANqYAO,a0BRB00000ynb5l2AA,2024/11,2024/11,2024-11-01,2024-11-30,,,,,99000,False,False,9,2026-06-21T16:13:55.000+0000,2026-07-28T02:33:19.000+0000,CN-00000016,東急リゾーツ＆ステイ,Activated,東急リゾーツ&ステイ株式会社,,product_missing
"{'type': 'ContractLineItem__c', 'url': '/services/data/v67.0/sobjects/ContractLineItem__c/a03RB00001NswXVYAZ'}",a03RB00001NswXVYAZ,東急リゾーツ＆ステイ_2024/12,001RB00001VTrkXYAT,a04RB00000kUANqYAO,a0BRB00000ynb5l2AA,2024/12,2024/12,2024-12-01,2024-12-31,,,,,99000,False,False,9,2026-06-21T16:13:55.000+0000,2026-07-28T02:33:19.000+0000,CN-00000016,東急リゾーツ＆ステイ,Activated,東急リゾーツ&ステイ株式会社,,product_missing
"{'type': 'ContractLineItem__c', 'url': '/services/data/v67.0/sobjects/ContractLineItem__c/a03RB00001NswXWYAZ'}",a03RB00001NswXWYAZ,東急リゾーツ＆ステイ_2025/01,001RB00001VTrkXYAT,a04RB00000kUANqYAO,a0BRB00000ynb5l2AA,2025/01,2025/01,2025-01-01,2025-01-31,,,,,99000,False,False,9,2026-06-21T16:13:55.000+0000,2026-07-28T02:33:19.000+0000,CN-00000016,東急リゾーツ＆ステイ,Activated,東急リゾーツ&ステイ株式会社,,product_missing
"{'type': 'ContractLineItem__c', 'url': '/services/data/v67.0/sobjects/ContractLineItem__c/a03RB00001NswXXYAZ'}",a03RB00001NswXXYAZ,東急リゾーツ＆ステイ_2025/02,001RB00001VTrkXYAT,a04RB00000kUANqYAO,a0BRB00000ynb5l2AA,2025/02,2025/02,2025-02-01,2025-02-28,,,,,99000,False,False,9,2026-06-21T16:13:55.000+0000,2026-07-28T02:33:19.000+0000,CN-00000016,東急リゾーツ＆ステイ,Activated,東急リゾーツ&ステイ株式会社,,product_missing
"{'type': 'ContractLineItem__c', 'url': '/services/data/v67.0/sobjects/ContractLineItem__c/a03RB00001NswXYYAZ'}",a03RB00001NswXYYAZ,東急リゾーツ＆ステイ_2025/03,001RB00001VTrkXYAT,a04RB00000kUANqYAO,a0BRB00000ynb5l2AA,2025/03,2025/03,2025-03-01,2025-03-31,,,,,99000,False,False,9,2026-06-21T16:13:55.000+0000,2026-07-28T02:33:19.000+0000,CN-00000016,東急リゾーツ＆ステイ,Activated,東急リゾーツ&ステイ株式会社,,product_missing
"{'type': 'ContractLineItem__c', 'url': '/services/data/v67.0/sobjects/ContractLineItem__c/a03RB00001NswXZYAZ'}",a03RB00001NswXZYAZ,東急リゾーツ＆ステイ_2025/04,001RB00001VTrkXYAT,a04RB00000kUANqYAO,a0BRB00000ynb5l2AA,2025/04,2025/04,2025-04-01,2025-04-30,,,,,99000,False,False,9,2026-06-21T16:13:55.000+0000,2026-07-28T02:33:19.000+0000,CN-00000016,東急リゾーツ＆ステイ,Activated,東急リゾーツ&ステイ株式会社,,product_missing
"{'type': 'ContractLineItem__c', 'url': '/services/data/v67.0/sobjects/ContractLineItem__c/a03RB00001NswXaYAJ'}",a03RB00001NswXaYAJ,東急リゾーツ＆ステイ_2025/05,001RB00001VTrkXYAT,a04RB00000kUANqYAO,a0BRB00000ynb5l2AA,2025/05,2025/05,2025-05-01,2025-05-31,,,,,99000,False,False,9,2026-06-21T16:13:55.000+0000,2026-07-28T02:33:19.000+0000,CN-00000016,東急リゾーツ＆ステイ,Activated,東急リゾーツ&ステイ株式会社,,product_missing
"{'type': 'ContractLineItem__c', 'url': '/services/data/v67.0/sobjects/ContractLineItem__c/a03RB00001NswXbYAJ'}",a03RB00001NswXbYAJ,東急リゾーツ＆ステイ_2025/06,001RB00001VTrkXYAT,a04RB00000kUANqYAO,a0BRB00000ynb5l2AA,2025/06,2025/06,2025-06-01,2025-06-30,,,,,99000,False,False,9,2026-06-21T16:13:55.000+0000,2026-07-28T02:33:19.000+0000,CN-00000016,東急リゾーツ＆ステイ,Activated,東急リゾーツ&ステイ株式会社,,product_missing
"{'type': 'ContractLineItem__c', 'url': '/services/data/v67.0/sobjects/ContractLineItem__c/a03RB00001NswXcYAJ'}",a03RB00001NswXcYAJ,東急リゾーツ＆ステイ_2025/07,001RB00001VTrkXYAT,a04RB00000kUANqYAO,a0BRB00000ynb5l2AA,2025/07,2025/07,2025-07-01,2025-07-31,,,,,99000,False,False,9,2026-06-21T16:13:55.000+0000,2026-07-28T02:33:19.000+0000,CN-00000016,東急リゾーツ＆ステイ,Activated,東急リゾーツ&ステイ株式会社,,product_missing
"{'type': 'ContractLineItem__c', 'url': '/services/data/v67.0/sobjects/ContractLineItem__c/a03RB00001NswXdYAJ'}",a03RB00001NswXdYAJ,東急リゾーツ＆ステイ_2025/08,001RB00001VTrkXYAT,a04RB00000kUANqYAO,a0BRB00000ynb5l2AA,2025/08,2025/08,2025-08-01,2025-08-31,,,,,99000,False,False,9,2026-06-21T16:13:55.000+0000,2026-07-28T02:33:19.000+0000,CN-00000016,東急リゾーツ＆ステイ,Activated,東急リゾーツ&ステイ株式会社,,product_missing
"{'type': 'ContractLineItem__c', 'url': '/services/data/v67.0/sobjects/ContractLineItem__c/a03RB00001NswXeYAJ'}",a03RB00001NswXeYAJ,東急リゾーツ＆ステイ_2025/09,001RB00001VTrkXYAT,a04RB00000kUANqYAO,a0BRB00000ynb5l2AA,2025/09,2025/09,2025-09-01,2025-09-30,,,,,99000,False,False,9,2026-06-21T16:13:55.000+0000,2026-07-28T02:33:19.000+0000,CN-00000016,東急リゾーツ＆ステイ,Activated,東急リゾーツ&ステイ株式会社,,product_missing
"{'type': 'ContractLineItem__c', 'url': '/services/data/v67.0/sobjects/ContractLineItem__c/a03RB00001NswXfYAJ'}",a03RB00001NswXfYAJ,東急リゾーツ＆ステイ_2025/10,001RB00001VTrkXYAT,a04RB00000kUANqYAO,a0BRB00000ynb5l2AA,2025/10,2025/10,2025-10-01,2025-10-31,,,,,99000,False,False,9,2026-06-21T16:13:55.000+0000,2026-07-28T02:33:19.000+0000,CN-00000016,東急リゾーツ＆ステイ,Activated,東急リゾーツ&ステイ株式会社,,product_missing
"{'type': 'ContractLineItem__c', 'url': '/services/data/v67.0/sobjects/ContractLineItem__c/a03RB00001NswXgYAJ'}",a03RB00001NswXgYAJ,東急リゾーツ＆ステイ_2025/11,001RB00001VTrkXYAT,a04RB00000kUANqYAO,a0BRB00000ynb5l2AA,2025/11,2025/11,2025-11-01,2025-11-30,,,,,99000,False,False,9,2026-06-21T16:13:55.000+0000,2026-07-28T02:33:19.000+0000,CN-00000016,東急リゾーツ＆ステイ,Activated,東急リゾーツ&ステイ株式会社,,product_missing
"{'type': 'ContractLineItem__c', 'url': '/services/data/v67.0/sobjects/ContractLineItem__c/a03RB00001NswXhYAJ'}",a03RB00001NswXhYAJ,東急リゾーツ＆ステイ_2025/12,001RB00001VTrkXYAT,a04RB00000kUANqYAO,a0BRB00000ynb5l2AA,2025/12,2025/12,2025-12-01,2025-12-31,,,,,99000,False,False,9,2026-06-21T16:13:55.000+0000,2026-07-28T02:33:19.000+0000,CN-00000016,東急リゾーツ＆ステイ,Activated,東急リゾーツ&ステイ株式会社,,product_missing
"{'type': 'ContractLineItem__c', 'url': '/services/data/v67.0/sobjects/ContractLineItem__c/a03RB00001NswXiYAJ'}",a03RB00001NswXiYAJ,東急リゾーツ＆ステイ_2026/01,001RB00001VTrkXYAT,a04RB00000kUANqYAO,a0BRB00000ynb5l2AA,2026/01,2026/01,2026-01-01,2026-01-31,,,,,99000,False,False,9,2026-06-21T16:13:55.000+0000,2026-07-28T02:33:19.000+0000,CN-00000016,東急リゾーツ＆ステイ,Activated,東急リゾーツ&ステイ株式会社,,product_missing
"{'type': 'ContractLineItem__c', 'url': '/services/data/v67.0/sobjects/ContractLineItem__c/a03RB00001NswXjYAJ'}",a03RB00001NswXjYAJ,東急リゾーツ＆ステイ_2026/02,001RB00001VTrkXYAT,a04RB00000kUANqYAO,a0BRB00000ynb5l2AA,2026/02,2026/02,2026-02-01,2026-02-28,,,,,99000,False,False,9,2026-06-21T16:13:55.000+0000,2026-07-28T02:33:19.000+0000,CN-00000016,東急リゾーツ＆ステイ,Activated,東急リゾーツ&ステイ株式会社,,product_missing
"{'type': 'ContractLineItem__c', 'url': '/services/data/v67.0/sobjects/ContractLineItem__c/a03RB00001NswXkYAJ'}",a03RB00001NswXkYAJ,東急リゾーツ＆ステイ_2026/03,001RB00001VTrkXYAT,a04RB00000kUANqYAO,a0BRB00000ynb5l2AA,2026/03,2026/03,2026-03-01,2026-03-31,,,,,99000,False,False,9,2026-06-21T16:13:55.000+0000,2026-07-28T02:33:19.000+0000,CN-00000016,東急リゾーツ＆ステイ,Activated,東急リゾーツ&ステイ株式会社,,product_missing
"{'type': 'ContractLineItem__c', 'url': '/services/data/v67.0/sobjects/ContractLineItem__c/a03RB00001NswXlYAJ'}",a03RB00001NswXlYAJ,東急リゾーツ＆ステイ_2026/04,001RB00001VTrkXYAT,a04RB00000kUANqYAO,a0BRB00000ynb5l2AA,2026/04,2026/04,2026-04-01,2026-04-30,,,,,99000,False,False,9,2026-06-21T16:13:55.000+0000,2026-07-28T02:33:19.000+0000,CN-00000016,東急リゾーツ＆ステイ,Activated,東急リゾーツ&ステイ株式会社,,product_missing
"{'type': 'ContractLineItem__c', 'url': '/services/data/v67.0/sobjects/ContractLineItem__c/a03RB00001NswXmYAJ'}",a03RB00001NswXmYAJ,東急リゾーツ＆ステイ_2026/05,001RB00001VTrkXYAT,a04RB00000kUANqYAO,a0BRB00000ynb5l2AA,2026/05,2026/05,2026-05-01,2026-05-31,,,,,99000,False,False,9,2026-06-21T16:13:55.000+0000,2026-07-28T02:33:19.000+0000,CN-00000016,東急リゾーツ＆ステイ,Activated,東急リゾーツ&ステイ株式会社,,product_missing
"{'type': 'ContractLineItem__c', 'url': '/services/data/v67.0/sobjects/ContractLineItem__c/a03RB00001NswXnYAJ'}",a03RB00001NswXnYAJ,東急リゾーツ＆ステイ_2026/06,001RB00001VTrkXYAT,a04RB00000kUANqYAO,a0BRB00000ynb5l2AA,2026/06,2026/06,2026-06-01,2026-06-30,,,,,44000,False,False,4,2026-06-21T16:13:55.000+0000,2026-07-28T02:33:19.000+0000,CN-00000016,東急リゾーツ＆ステイ,Activated,東急リゾーツ&ステイ株式会社,,product_missing
"{'type': 'ContractLineItem__c', 'url': '/services/data/v67.0/sobjects/ContractLineItem__c/a03RB00001NswXoYAJ'}",a03RB00001NswXoYAJ,インフィニティ株式会社_2024/11,001RB00001VTCYwYAP,a04RB00000kUANrYAO,a0BRB00000ynb5m2AA,2024/11,2024/11,2024-11-01,2024-11-30,,,,,8000,False,False,1,2026-06-21T16:13:55.000+0000,2026-07-28T02:33:19.000+0000,CN-00000017,インフィニティ株式会社,解約,インフィニティ株式会社,,product_missing
"{'type': 'ContractLineItem__c', 'url': '/services/data/v67.0/sobjects/ContractLineItem__c/a03RB00001NswXpYAJ'}",a03RB00001NswXpYAJ,インフィニティ株式会社_2024/12,001RB00001VTCYwYAP,a04RB00000kUANrYAO,a0BRB00000ynb5m2AA,2024/12,2024/12,2024-12-01,2024-12-31,,,,,8000,False,False,1,2026-06-21T16:13:55.000+0000,2026-07-28T02:33:19.000+0000,CN-00000017,インフィニティ株式会社,解約,インフィニティ株式会社,,product_missing
"{'type': 'ContractLineItem__c', 'url': '/services/data/v67.0/sobjects/ContractLineItem__c/a03RB00001NswXqYAJ'}",a03RB00001NswXqYAJ,インフィニティ株式会社_2025/01,001RB00001VTCYwYAP,a04RB00000kUANrYAO,a0BRB00000ynb5m2AA,2025/01,2025/01,2025-01-01,2025-01-31,,,,,8000,False,False,1,2026-06-21T16:13:55.000+0000,2026-07-28T02:33:19.000+0000,CN-00000017,インフィニティ株式会社,解約,インフィニティ株式会社,,product_missing
"{'type': 'ContractLineItem__c', 'url': '/services/data/v67.0/sobjects/ContractLineItem__c/a03RB00001NswXrYAJ'}",a03RB00001NswXrYAJ,インフィニティ株式会社_2025/02,001RB00001VTCYwYAP,a04RB00000kUANrYAO,a0BRB00000ynb5m2AA,2025/02,2025/02,2025-02-01,2025-02-28,,,,,8000,False,False,1,2026-06-21T16:13:55.000+0000,2026-07-28T02:33:19.000+0000,CN-00000017,インフィニティ株式会社,解約,インフィニティ株式会社,,product_missing
"{'type': 'ContractLineItem__c', 'url': '/services/data/v67.0/sobjects/ContractLineItem__c/a03RB00001NswXsYAJ'}",a03RB00001NswXsYAJ,インフィニティ株式会社_2025/03,001RB00001VTCYwYAP,a04RB00000kUANrYAO,a0BRB00000ynb5m2AA,2025/03,2025/03,2025-03-01,2025-03-31,,,,,8000,False,False,1,2026-06-21T16:13:55.000+0000,2026-07-28T02:33:19.000+0000,CN-00000017,インフィニティ株式会社,解約,インフィニティ株式会社,,product_missing
"{'type': 'ContractLineItem__c', 'url': '/services/data/v67.0/sobjects/ContractLineItem__c/a03RB00001NswXtYAJ'}",a03RB00001NswXtYAJ,インフィニティ株式会社_2025/04,001RB00001VTCYwYAP,a04RB00000kUANrYAO,a0BRB00000ynb5m2AA,2025/04,2025/04,2025-04-01,2025-04-30,,,,,8000,False,False,1,2026-06-21T16:13:55.000+0000,2026-07-28T02:33:19.000+0000,CN-00000017,インフィニティ株式会社,解約,インフィニティ株式会社,,product_missing
"{'type': 'ContractLineItem__c', 'url': '/services/data/v67.0/sobjects/ContractLineItem__c/a03RB00001NswXuYAJ'}",a03RB00001NswXuYAJ,インフィニティ株式会社_2025/05,001RB00001VTCYwYAP,a04RB00000kUANrYAO,a0BRB00000ynb5m2AA,2025/05,2025/05,2025-05-01,2025-05-31,,,,,8000,False,False,1,2026-06-21T16:13:55.000+0000,2026-07-28T02:33:19.000+0000,CN-00000017,インフィニティ株式会社,解約,インフィニティ株式会社,,product_missing
"{'type': 'ContractLineItem__c', 'url': '/services/data/v67.0/sobjects/ContractLineItem__c/a03RB00001NswXvYAJ'}",a03RB00001NswXvYAJ,インフィニティ株式会社_2025/06,001RB00001VTCYwYAP,a04RB00000kUANrYAO,a0BRB00000ynb5m2AA,2025/06,2025/06,2025-06-01,2025-06-30,,,,,8000,False,False,1,2026-06-21T16:13:55.000+0000,2026-07-28T02:33:19.000+0000,CN-00000017,インフィニティ株式会社,解約,インフィニティ株式会社,,product_missing
"{'type': 'ContractLineItem__c', 'url': '/services/data/v67.0/sobjects/ContractLineItem__c/a03RB00001NswXwYAJ'}",a03RB00001NswXwYAJ,インフィニティ株式会社_2025/07,001RB00001VTCYwYAP,a04RB00000kUANrYAO,a0BRB00000ynb5m2AA,2025/07,2025/07,2025-07-01,2025-07-31,,,,,8000,False,False,1,2026-06-21T16:13:55.000+0000,2026-07-28T02:33:19.000+0000,CN-00000017,インフィニティ株式会社,解約,インフィニティ株式会社,,product_missing
"{'type': 'ContractLineItem__c', 'url': '/services/data/v67.0/sobjects/ContractLineItem__c/a03RB00001NswXxYAJ'}",a03RB00001NswXxYAJ,インフィニティ株式会社_2025/08,001RB00001VTCYwYAP,a04RB00000kUANrYAO,a0BRB00000ynb5m2AA,2025/08,2025/08,2025-08-01,2025-08-31,,,,,8000,False,False,1,2026-06-21T16:13:55.000+0000,2026-07-28T02:33:19.000+0000,CN-00000017,インフィニティ株式会社,解約,インフィニティ株式会社,,product_missing
"{'type': 'ContractLineItem__c', 'url': '/services/data/v67.0/sobjects/ContractLineItem__c/a03RB00001NswXyYAJ'}",a03RB00001NswXyYAJ,インフィニティ株式会社_2025/09,001RB00001VTCYwYAP,a04RB00000kUANrYAO,a0BRB00000ynb5m2AA,2025/09,2025/09,2025-09-01,2025-09-30,,,,,8000,False,False,1,2026-06-21T16:13:55.000+0000,2026-07-28T02:33:19.000+0000,CN-00000017,インフィニティ株式会社,解約,インフィニティ株式会社,,product_missing
"{'type': 'ContractLineItem__c', 'url': '/services/data/v67.0/sobjects/ContractLineItem__c/a03RB00001NswXzYAJ'}",a03RB00001NswXzYAJ,インフィニティ株式会社_2025/10,001RB00001VTCYwYAP,a04RB00000kUANrYAO,a0BRB00000ynb5m2AA,2025/10,2025/10,2025-10-01,2025-10-31,,,,,8000,False,False,1,2026-06-21T16:13:55.000+0000,2026-07-28T02:33:19.000+0000,CN-00000017,インフィニティ株式会社,解約,インフィニティ株式会社,,product_missing
"{'type': 'ContractLineItem__c', 'url': '/services/data/v67.0/sobjects/ContractLineItem__c/a03RB00001NswY0YAJ'}",a03RB00001NswY0YAJ,インフィニティ株式会社_2025/11,001RB00001VTCYwYAP,a04RB00000kUANrYAO,a0BRB00000ynb5m2AA,2025/11,2025/11,2025-11-01,2025-11-30,,,,,8000,False,False,1,2026-06-21T16:13:55.000+0000,2026-07-28T02:33:19.000+0000,CN-00000017,インフィニティ株式会社,解約,インフィニティ株式会社,,product_missing
"{'type': 'ContractLineItem__c', 'url': '/services/data/v67.0/sobjects/ContractLineItem__c/a03RB00001NswY1YAJ'}",a03RB00001NswY1YAJ,インフィニティ株式会社_2025/12,001RB00001VTCYwYAP,a04RB00000kUANrYAO,a0BRB00000ynb5m2AA,2025/12,2025/12,2025-12-01,2025-12-31,,,,,8000,False,False,1,2026-06-21T16:13:55.000+0000,2026-07-28T02:33:19.000+0000,CN-00000017,インフィニティ株式会社,解約,インフィニティ株式会社,,product_missing
"{'type': 'ContractLineItem__c', 'url': '/services/data/v67.0/sobjects/ContractLineItem__c/a03RB00001NswY2YAJ'}",a03RB00001NswY2YAJ,インフィニティ株式会社_2026/01,001RB00001VTCYwYAP,a04RB00000kUANrYAO,a0BRB00000ynb5m2AA,2026/01,2026/01,2026-01-01,2026-01-31,,,,,8000,False,False,1,2026-06-21T16:13:55.000+0000,2026-07-28T02:33:19.000+0000,CN-00000017,インフィニティ株式会社,解約,インフィニティ株式会社,,product_missing
"{'type': 'ContractLineItem__c', 'url': '/services/data/v67.0/sobjects/ContractLineItem__c/a03RB00001NswY3YAJ'}",a03RB00001NswY3YAJ,インフィニティ株式会社_2026/02,001RB00001VTCYwYAP,a04RB00000kUANrYAO,a0BRB00000ynb5m2AA,2026/02,2026/02,2026-02-01,2026-02-28,,,,,8000,False,False,1,2026-06-21T16:13:55.000+0000,2026-07-28T02:33:19.000+0000,CN-00000017,インフィニティ株式会社,解約,インフィニティ株式会社,,product_missing
"{'type': 'ContractLineItem__c', 'url': '/services/data/v67.0/sobjects/ContractLineItem__c/a03RB00001NswY4YAJ'}",a03RB00001NswY4YAJ,インフィニティ株式会社_2026/03,001RB00001VTCYwYAP,a04RB00000kUANrYAO,a0BRB00000ynb5m2AA,2026/03,2026/03,2026-03-01,2026-03-31,,,,,8000,False,False,1,2026-06-21T16:13:55.000+0000,2026-07-28T02:33:19.000+0000,CN-00000017,インフィニティ株式会社,解約,インフィニティ株式会社,,product_missing
"{'type': 'ContractLineItem__c', 'url': '/services/data/v67.0/sobjects/ContractLineItem__c/a03RB00001NswY5YAJ'}",a03RB00001NswY5YAJ,インフィニティ株式会社_2026/04,001RB00001VTCYwYAP,a04RB00000kUANrYAO,a0BRB00000ynb5m2AA,2026/04,2026/04,2026-04-01,2026-04-30,,,,,8000,False,False,1,2026-06-21T16:13:55.000+0000,2026-07-28T02:33:19.000+0000,CN-00000017,インフィニティ株式会社,解約,インフィニティ株式会社,,product_missing
"{'type': 'ContractLineItem__c', 'url': '/services/data/v67.0/sobjects/ContractLineItem__c/a03RB00001NswY6YAJ'}",a03RB00001NswY6YAJ,インフィニティ株式会社_2026/05,001RB00001VTCYwYAP,a04RB00000kUANrYAO,a0BRB00000ynb5m2AA,2026/05,2026/05,2026-05-01,2026-05-31,,,,,8000,False,False,1,2026-06-21T16:13:55.000+0000,2026-07-28T02:33:19.000+0000,CN-00000017,インフィニティ株式会社,解約,インフィニティ株式会社,,product_missing
"{'type': 'ContractLineItem__c', 'url': '/services/data/v67.0/sobjects/ContractLineItem__c/a03RB00001NswY7YAJ'}",a03RB00001NswY7YAJ,株式会社リノシスコーポレーション_2024/10,001RB00001VTrtuYAD,a04RB00000kUANsYAO,a0BRB00000ynb5n2AA,2024/10,2024/10,2024-10-01,2024-10-31,,,,,55000,False,False,5,2026-06-21T16:13:55.000+0000,2026-07-28T02:33:19.000+0000,CN-00000018,株式会社リノシスコーポレーション,解約,リノシスコーポレーション,,product_missing
"{'type': 'ContractLineItem__c', 'url': '/services/data/v67.0/sobjects/ContractLineItem__c/a03RB00001NswY8YAJ'}",a03RB00001NswY8YAJ,株式会社リノシスコーポレーション_2024/11,001RB00001VTrtuYAD,a04RB00000kUANsYAO,a0BRB00000ynb5n2AA,2024/11,2024/11,2024-11-01,2024-11-30,,,,,55000,False,False,5,2026-06-21T16:13:55.000+0000,2026-07-28T02:33:19.000+0000,CN-00000018,株式会社リノシスコーポレーション,解約,リノシスコーポレーション,,product_missing
"{'type': 'ContractLineItem__c', 'url': '/services/data/v67.0/sobjects/ContractLineItem__c/a03RB00001NswY9YAJ'}",a03RB00001NswY9YAJ,株式会社リノシスコーポレーション_2024/12,001RB00001VTrtuYAD,a04RB00000kUANsYAO,a0BRB00000ynb5n2AA,2024/12,2024/12,2024-12-01,2024-12-31,,,,,55000,False,False,5,2026-06-21T16:13:55.000+0000,2026-07-28T02:33:19.000+0000,CN-00000018,株式会社リノシスコーポレーション,解約,リノシスコーポレーション,,product_missing
"{'type': 'ContractLineItem__c', 'url': '/services/data/v67.0/sobjects/ContractLineItem__c/a03RB00001NswYAYAZ'}",a03RB00001NswYAYAZ,株式会社リノシスコーポレーション_2025/01,001RB00001VTrtuYAD,a04RB00000kUANsYAO,a0BRB00000ynb5n2AA,2025/01,2025/01,2025-01-01,2025-01-31,,,,,55000,False,False,5,2026-06-21T16:13:55.000+0000,2026-07-28T02:33:19.000+0000,CN-00000018,株式会社リノシスコーポレーション,解約,リノシスコーポレーション,,product_missing
"{'type': 'ContractLineItem__c', 'url': '/services/data/v67.0/sobjects/ContractLineItem__c/a03RB00001NswYBYAZ'}",a03RB00001NswYBYAZ,株式会社リノシスコーポレーション_2025/02,001RB00001VTrtuYAD,a04RB00000kUANsYAO,a0BRB00000ynb5n2AA,2025/02,2025/02,2025-02-01,2025-02-28,,,,,55000,False,False,5,2026-06-21T16:13:55.000+0000,2026-07-28T02:33:19.000+0000,CN-00000018,株式会社リノシスコーポレーション,解約,リノシスコーポレーション,,product_missing
"{'type': 'ContractLineItem__c', 'url': '/services/data/v67.0/sobjects/ContractLineItem__c/a03RB00001NswYCYAZ'}",a03RB00001NswYCYAZ,株式会社リノシスコーポレーション_2025/03,001RB00001VTrtuYAD,a04RB00000kUANsYAO,a0BRB00000ynb5n2AA,2025/03,2025/03,2025-03-01,2025-03-31,,,,,55000,False,False,5,2026-06-21T16:13:55.000+0000,2026-07-28T02:33:19.000+0000,CN-00000018,株式会社リノシスコーポレーション,解約,リノシスコーポレーション,,product_missing
"{'type': 'ContractLineItem__c', 'url': '/services/data/v67.0/sobjects/ContractLineItem__c/a03RB00001NswYDYAZ'}",a03RB00001NswYDYAZ,株式会社リノシスコーポレーション_2025/04,001RB00001VTrtuYAD,a04RB00000kUANsYAO,a0BRB00000ynb5n2AA,2025/04,2025/04,2025-04-01,2025-04-30,,,,,55000,False,False,5,2026-06-21T16:13:55.000+0000,2026-07-28T02:33:19.000+0000,CN-00000018,株式会社リノシスコーポレーション,解約,リノシスコーポレーション,,product_missing
"{'type': 'ContractLineItem__c', 'url': '/services/data/v67.0/sobjects/ContractLineItem__c/a03RB00001NswYEYAZ'}",a03RB00001NswYEYAZ,株式会社リノシスコーポレーション_2025/05,001RB00001VTrtuYAD,a04RB00000kUANsYAO,a0BRB00000ynb5n2AA,2025/05,2025/05,2025-05-01,2025-05-31,,,,,55000,False,False,5,2026-06-21T16:13:55.000+0000,2026-07-28T02:33:19.000+0000,CN-00000018,株式会社リノシスコーポレーション,解約,リノシスコーポレーション,,product_missing
"{'type': 'ContractLineItem__c', 'url': '/services/data/v67.0/sobjects/ContractLineItem__c/a03RB00001NswYFYAZ'}",a03RB00001NswYFYAZ,株式会社リノシスコーポレーション_2025/06,001RB00001VTrtuYAD,a04RB00000kUANsYAO,a0BRB00000ynb5n2AA,2025/06,2025/06,2025-06-01,2025-06-30,,,,,55000,False,False,5,2026-06-21T16:13:55.000+0000,2026-07-28T02:33:19.000+0000,CN-00000018,株式会社リノシスコーポレーション,解約,リノシスコーポレーション,,product_missing
"{'type': 'ContractLineItem__c', 'url': '/services/data/v67.0/sobjects/ContractLineItem__c/a03RB00001NswYGYAZ'}",a03RB00001NswYGYAZ,株式会社リノシスコーポレーション_2025/07,001RB00001VTrtuYAD,a04RB00000kUANsYAO,a0BRB00000ynb5n2AA,2025/07,2025/07,2025-07-01,2025-07-31,,,,,55000,False,False,5,2026-06-21T16:13:55.000+0000,2026-07-28T02:33:19.000+0000,CN-00000018,株式会社リノシスコーポレーション,解約,リノシスコーポレーション,,product_missing
"{'type': 'ContractLineItem__c', 'url': '/services/data/v67.0/sobjects/ContractLineItem__c/a03RB00001NswYHYAZ'}",a03RB00001NswYHYAZ,株式会社リノシスコーポレーション_2025/08,001RB00001VTrtuYAD,a04RB00000kUANsYAO,a0BRB00000ynb5n2AA,2025/08,2025/08,2025-08-01,2025-08-31,,,,,55000,False,False,5,2026-06-21T16:13:55.000+0000,2026-07-28T02:33:19.000+0000,CN-00000018,株式会社リノシスコーポレーション,解約,リノシスコーポレーション,,product_missing
"{'type': 'ContractLineItem__c', 'url': '/services/data/v67.0/sobjects/ContractLineItem__c/a03RB00001NswYIYAZ'}",a03RB00001NswYIYAZ,株式会社リノシスコーポレーション_2025/09,001RB00001VTrtuYAD,a04RB00000kUANsYAO,a0BRB00000ynb5n2AA,2025/09,2025/09,2025-09-01,2025-09-30,,,,,55000,False,False,5,2026-06-21T16:13:55.000+0000,2026-07-28T02:33:19.000+0000,CN-00000018,株式会社リノシスコーポレーション,解約,リノシスコーポレーション,,product_missing
"{'type': 'ContractLineItem__c', 'url': '/services/data/v67.0/sobjects/ContractLineItem__c/a03RB00001NswYJYAZ'}",a03RB00001NswYJYAZ,株式会社リノシスコーポレーション_2025/10,001RB00001VTrtuYAD,a04RB00000kUANsYAO,a0BRB00000ynb5n2AA,2025/10,2025/10,2025-10-01,2025-10-31,,,,,55000,False,False,5,2026-06-21T16:13:55.000+0000,2026-07-28T02:33:19.000+0000,CN-00000018,株式会社リノシスコーポレーション,解約,リノシスコーポレーション,,product_missing
"{'type': 'ContractLineItem__c', 'url': '/services/data/v67.0/sobjects/ContractLineItem__c/a03RB00001NswYKYAZ'}",a03RB00001NswYKYAZ,ジェイアール北海道エンジニアリング株式会社(大塚商会)_2024/12,001RB00001VTr0TYAT,a04RB00000kUANtYAO,a0BRB00000ynb5o2AA,2024/12,2024/12,2024-12-01,2024-12-31,,,,,6400,False,False,1,2026-06-21T16:13:55.000+0000,2026-07-28T02:33:19.000+0000,CN-00000019,ジェイアール北海道エンジニアリング株式会社(大塚商会),Activated,ジェイアール北海道エンジニアリング株式会社,,product_missing
"{'type': 'ContractLineItem__c', 'url': '/services/data/v67.0/sobjects/ContractLineItem__c/a03RB00001NswYLYAZ'}",a03RB00001NswYLYAZ,ジェイアール北海道エンジニアリング株式会社(大塚商会)_2025/11,001RB00001VTr0TYAT,a04RB00000kUANtYAO,a0BRB00000ynb5o2AA,2025/11,2025/11,2025-11-01,2025-11-30,,,,,6400,False,False,1,2026-06-21T16:13:55.000+0000,2026-07-28T02:33:19.000+0000,CN-00000019,ジェイアール北海道エンジニアリング株式会社(大塚商会),Activated,ジェイアール北海道エンジニアリング株式会社,,product_missing
"{'type': 'ContractLineItem__c', 'url': '/services/data/v67.0/sobjects/ContractLineItem__c/a03RB00001NswYMYAZ'}",a03RB00001NswYMYAZ,ジェイアール北海道エンジニアリング株式会社(大塚商会)_2025/12,001RB00001VTr0TYAT,a04RB00000kUANtYAO,a0BRB00000ynb5o2AA,2025/12,2025/12,2025-12-01,2025-12-31,,,,,6400,False,False,1,2026-06-21T16:13:55.000+0000,2026-07-28T02:33:19.000+0000,CN-00000019,ジェイアール北海道エンジニアリング株式会社(大塚商会),Activated,ジェイアール北海道エンジニアリング株式会社,,product_missing
"{'type': 'ContractLineItem__c', 'url': '/services/data/v67.0/sobjects/ContractLineItem__c/a03RB00001NswYNYAZ'}",a03RB00001NswYNYAZ,ジェイアール北海道エンジニアリング株式会社(大塚商会)_2026/05,001RB00001VTr0TYAT,a04RB00000kUANtYAO,a0BRB00000ynb5o2AA,2026/05,2026/05,2026-05-01,2026-05-31,,,,,6400,False,False,1,2026-06-21T16:13:55.000+0000,2026-07-28T02:33:19.000+0000,CN-00000019,ジェイアール北海道エンジニアリング株式会社(大塚商会),Activated,ジェイアール北海道エンジニアリング株式会社,,product_missing
"{'type': 'ContractLineItem__c', 'url': '/services/data/v67.0/sobjects/ContractLineItem__c/a03RB00001NswYOYAZ'}",a03RB00001NswYOYAZ,ジェイアール北海道エンジニアリング株式会社(大塚商会)_2026/06,001RB00001VTr0TYAT,a04RB00000kUANtYAO,a0BRB00000ynb5o2AA,2026/06,2026/06,2026-06-01,2026-06-30,,,,,6400,False,False,1,2026-06-21T16:13:55.000+0000,2026-07-28T02:33:19.000+0000,CN-00000019,ジェイアール北海道エンジニアリング株式会社(大塚商会),Activated,ジェイアール北海道エンジニアリング株式会社,,product_missing
"{'type': 'ContractLineItem__c', 'url': '/services/data/v67.0/sobjects/ContractLineItem__c/a03RB00001NswYPYAZ'}",a03RB00001NswYPYAZ,ジェイアール北海道エンジニアリング株式会社(大塚商会)_2026/07,001RB00001VTr0TYAT,a04RB00000kUANtYAO,a0BRB00000ynb5o2AA,2026/07,2026/07,2026-07-01,2026-07-31,,,,,6400,False,False,1,2026-06-21T16:13:55.000+0000,2026-07-28T02:33:19.000+0000,CN-00000019,ジェイアール北海道エンジニアリング株式会社(大塚商会),Activated,ジェイアール北海道エンジニアリング株式会社,,product_missing
"{'type': 'ContractLineItem__c', 'url': '/services/data/v67.0/sobjects/ContractLineItem__c/a03RB00001NswYQYAZ'}",a03RB00001NswYQYAZ,ジェイアール北海道エンジニアリング株式会社(大塚商会)_2026/08,001RB00001VTr0TYAT,a04RB00000kUANtYAO,a0BRB00000ynb5o2AA,2026/08,2026/08,2026-08-01,2026-08-31,,,,,6400,False,False,1,2026-06-21T16:13:55.000+0000,2026-07-28T02:33:19.000+0000,CN-00000019,ジェイアール北海道エンジニアリング株式会社(大塚商会),Activated,ジェイアール北海道エンジニアリング株式会社,,product_missing
"{'type': 'ContractLineItem__c', 'url': '/services/data/v67.0/sobjects/ContractLineItem__c/a03RB00001NswYRYAZ'}",a03RB00001NswYRYAZ,ジェイアール北海道エンジニアリング株式会社(大塚商会)_2026/09,001RB00001VTr0TYAT,a04RB00000kUANtYAO,a0BRB00000ynb5o2AA,2026/09,2026/09,2026-09-01,2026-09-30,,,,,6400,False,False,1,2026-06-21T16:13:55.000+0000,2026-07-28T02:33:19.000+0000,CN-00000019,ジェイアール北海道エンジニアリング株式会社(大塚商会),Activated,ジェイアール北海道エンジニアリング株式会社,,product_missing
"{'type': 'ContractLineItem__c', 'url': '/services/data/v67.0/sobjects/ContractLineItem__c/a03RB00001NswYSYAZ'}",a03RB00001NswYSYAZ,ジェイアール北海道エンジニアリング株式会社(大塚商会)_2026/10,001RB00001VTr0TYAT,a04RB00000kUANtYAO,a0BRB00000ynb5o2AA,2026/10,2026/10,2026-10-01,2026-10-31,,,,,6400,False,False,1,2026-06-21T16:13:55.000+0000,2026-07-28T02:33:19.000+0000,CN-00000019,ジェイアール北海道エンジニアリング株式会社(大塚商会),Activated,ジェイアール北海道エンジニアリング株式会社,,product_missing
"{'type': 'ContractLineItem__c', 'url': '/services/data/v67.0/sobjects/ContractLineItem__c/a03RB00001NswYTYAZ'}",a03RB00001NswYTYAZ,リリカラ(大塚商会)_2024/11,001RB00001VTr1PYAT,a04RB00000kUANuYAO,a0BRB00000ynb5p2AA,2024/11,2024/11,2024-11-01,2024-11-30,,,,,12800,False,False,2,2026-06-21T16:13:55.000+0000,2026-07-28T02:33:19.000+0000,CN-00000020,リリカラ(大塚商会),Activated,リリカラ株式会社,,product_missing
"{'type': 'ContractLineItem__c', 'url': '/services/data/v67.0/sobjects/ContractLineItem__c/a03RB00001NswYUYAZ'}",a03RB00001NswYUYAZ,リリカラ(大塚商会)_2024/12,001RB00001VTr1PYAT,a04RB00000kUANuYAO,a0BRB00000ynb5p2AA,2024/12,2024/12,2024-12-01,2024-12-31,,,,,12800,False,False,2,2026-06-21T16:13:55.000+0000,2026-07-28T02:33:19.000+0000,CN-00000020,リリカラ(大塚商会),Activated,リリカラ株式会社,,product_missing
"{'type': 'ContractLineItem__c', 'url': '/services/data/v67.0/sobjects/ContractLineItem__c/a03RB00001NswYVYAZ'}",a03RB00001NswYVYAZ,リリカラ(大塚商会)_2025/01,001RB00001VTr1PYAT,a04RB00000kUANuYAO,a0BRB00000ynb5p2AA,2025/01,2025/01,2025-01-01,2025-01-31,,,,,12800,False,False,2,2026-06-21T16:13:55.000+0000,2026-07-28T02:33:19.000+0000,CN-00000020,リリカラ(大塚商会),Activated,リリカラ株式会社,,product_missing
"{'type': 'ContractLineItem__c', 'url': '/services/data/v67.0/sobjects/ContractLineItem__c/a03RB00001NswYWYAZ'}",a03RB00001NswYWYAZ,リリカラ(大塚商会)_2025/02,001RB00001VTr1PYAT,a04RB00000kUANuYAO,a0BRB00000ynb5p2AA,2025/02,2025/02,2025-02-01,2025-02-28,,,,,12800,False,False,2,2026-06-21T16:13:55.000+0000,2026-07-28T02:33:19.000+0000,CN-00000020,リリカラ(大塚商会),Activated,リリカラ株式会社,,product_missing
"{'type': 'ContractLineItem__c', 'url': '/services/data/v67.0/sobjects/ContractLineItem__c/a03RB00001NswYXYAZ'}",a03RB00001NswYXYAZ,リリカラ(大塚商会)_2025/03,001RB00001VTr1PYAT,a04RB00000kUANuYAO,a0BRB00000ynb5p2AA,2025/03,2025/03,2025-03-01,2025-03-31,,,,,12800,False,False,2,2026-06-21T16:13:55.000+0000,2026-07-28T02:33:19.000+0000,CN-00000020,リリカラ(大塚商会),Activated,リリカラ株式会社,,product_missing
"{'type': 'ContractLineItem__c', 'url': '/services/data/v67.0/sobjects/ContractLineItem__c/a03RB00001NswYYYAZ'}",a03RB00001NswYYYAZ,リリカラ(大塚商会)_2025/04,001RB00001VTr1PYAT,a04RB00000kUANuYAO,a0BRB00000ynb5p2AA,2025/04,2025/04,2025-04-01,2025-04-30,,,,,12800,False,False,2,2026-06-21T16:13:55.000+0000,2026-07-28T02:33:19.000+0000,CN-00000020,リリカラ(大塚商会),Activated,リリカラ株式会社,,product_missing
"{'type': 'ContractLineItem__c', 'url': '/services/data/v67.0/sobjects/ContractLineItem__c/a03RB00001NswYZYAZ'}",a03RB00001NswYZYAZ,リリカラ(大塚商会)_2025/05,001RB00001VTr1PYAT,a04RB00000kUANuYAO,a0BRB00000ynb5p2AA,2025/05,2025/05,2025-05-01,2025-05-31,,,,,12800,False,False,2,2026-06-21T16:13:55.000+0000,2026-07-28T02:33:19.000+0000,CN-00000020,リリカラ(大塚商会),Activated,リリカラ株式会社,,product_missing
"{'type': 'ContractLineItem__c', 'url': '/services/data/v67.0/sobjects/ContractLineItem__c/a03RB00001NswYaYAJ'}",a03RB00001NswYaYAJ,リリカラ(大塚商会)_2025/06,001RB00001VTr1PYAT,a04RB00000kUANuYAO,a0BRB00000ynb5p2AA,2025/06,2025/06,2025-06-01,2025-06-30,,,,,12800,False,False,2,2026-06-21T16:13:55.000+0000,2026-07-28T02:33:19.000+0000,CN-00000020,リリカラ(大塚商会),Activated,リリカラ株式会社,,product_missing
"{'type': 'ContractLineItem__c', 'url': '/services/data/v67.0/sobjects/ContractLineItem__c/a03RB00001NswYbYAJ'}",a03RB00001NswYbYAJ,リリカラ(大塚商会)_2025/07,001RB00001VTr1PYAT,a04RB00000kUANuYAO,a0BRB00000ynb5p2AA,2025/07,2025/07,2025-07-01,2025-07-31,,,,,12800,False,False,2,2026-06-21T16:13:55.000+0000,2026-07-28T02:33:19.000+0000,CN-00000020,リリカラ(大塚商会),Activated,リリカラ株式会社,,product_missing
"{'type': 'ContractLineItem__c', 'url': '/services/data/v67.0/sobjects/ContractLineItem__c/a03RB00001NswYcYAJ'}",a03RB00001NswYcYAJ,リリカラ(大塚商会)_2025/08,001RB00001VTr1PYAT,a04RB00000kUANuYAO,a0BRB00000ynb5p2AA,2025/08,2025/08,2025-08-01,2025-08-31,,,,,12800,False,False,2,2026-06-21T16:13:55.000+0000,2026-07-28T02:33:19.000+0000,CN-00000020,リリカラ(大塚商会),Activated,リリカラ株式会社,,product_missing
"{'type': 'ContractLineItem__c', 'url': '/services/data/v67.0/sobjects/ContractLineItem__c/a03RB00001NswYdYAJ'}",a03RB00001NswYdYAJ,リリカラ(大塚商会)_2025/09,001RB00001VTr1PYAT,a04RB00000kUANuYAO,a0BRB00000ynb5p2AA,2025/09,2025/09,2025-09-01,2025-09-30,,,,,12800,False,False,2,2026-06-21T16:13:55.000+0000,2026-07-28T02:33:19.000+0000,CN-00000020,リリカラ(大塚商会),Activated,リリカラ株式会社,,product_missing
"{'type': 'ContractLineItem__c', 'url': '/services/data/v67.0/sobjects/ContractLineItem__c/a03RB00001NswYeYAJ'}",a03RB00001NswYeYAJ,リリカラ(大塚商会)_2025/10,001RB00001VTr1PYAT,a04RB00000kUANuYAO,a0BRB00000ynb5p2AA,2025/10,2025/10,2025-10-01,2025-10-31,,,,,12800,False,False,2,2026-06-21T16:13:55.000+0000,2026-07-28T02:33:19.000+0000,CN-00000020,リリカラ(大塚商会),Activated,リリカラ株式会社,,product_missing
"{'type': 'ContractLineItem__c', 'url': '/services/data/v67.0/sobjects/ContractLineItem__c/a03RB00001NswYfYAJ'}",a03RB00001NswYfYAJ,リリカラ(大塚商会)_2025/11,001RB00001VTr1PYAT,a04RB00000kUANuYAO,a0BRB00000ynb5p2AA,2025/11,2025/11,2025-11-01,2025-11-30,,,,,12800,False,False,2,2026-06-21T16:13:55.000+0000,2026-07-28T02:33:19.000+0000,CN-00000020,リリカラ(大塚商会),Activated,リリカラ株式会社,,product_missing
"{'type': 'ContractLineItem__c', 'url': '/services/data/v67.0/sobjects/ContractLineItem__c/a03RB00001NswYgYAJ'}",a03RB00001NswYgYAJ,リリカラ(大塚商会)_2025/12,001RB00001VTr1PYAT,a04RB00000kUANuYAO,a0BRB00000ynb5p2AA,2025/12,2025/12,2025-12-01,2025-12-31,,,,,12800,False,False,2,2026-06-21T16:13:55.000+0000,2026-07-28T02:33:19.000+0000,CN-00000020,リリカラ(大塚商会),Activated,リリカラ株式会社,,product_missing
"{'type': 'ContractLineItem__c', 'url': '/services/data/v67.0/sobjects/ContractLineItem__c/a03RB00001NswYhYAJ'}",a03RB00001NswYhYAJ,リリカラ(大塚商会)_2026/01,001RB00001VTr1PYAT,a04RB00000kUANuYAO,a0BRB00000ynb5p2AA,2026/01,2026/01,2026-01-01,2026-01-31,,,,,12800,False,False,2,2026-06-21T16:13:55.000+0000,2026-07-28T02:33:19.000+0000,CN-00000020,リリカラ(大塚商会),Activated,リリカラ株式会社,,product_missing
"{'type': 'ContractLineItem__c', 'url': '/services/data/v67.0/sobjects/ContractLineItem__c/a03RB00001NswYiYAJ'}",a03RB00001NswYiYAJ,リリカラ(大塚商会)_2026/02,001RB00001VTr1PYAT,a04RB00000kUANuYAO,a0BRB00000ynb5p2AA,2026/02,2026/02,2026-02-01,2026-02-28,,,,,12800,False,False,2,2026-06-21T16:13:55.000+0000,2026-07-28T02:33:19.000+0000,CN-00000020,リリカラ(大塚商会),Activated,リリカラ株式会社,,product_missing
"{'type': 'ContractLineItem__c', 'url': '/services/data/v67.0/sobjects/ContractLineItem__c/a03RB00001NswYjYAJ'}",a03RB00001NswYjYAJ,リリカラ(大塚商会)_2026/03,001RB00001VTr1PYAT,a04RB00000kUANuYAO,a0BRB00000ynb5p2AA,2026/03,2026/03,2026-03-01,2026-03-31,,,,,12800,False,False,2,2026-06-21T16:13:55.000+0000,2026-07-28T02:33:19.000+0000,CN-00000020,リリカラ(大塚商会),Activated,リリカラ株式会社,,product_missing
"{'type': 'ContractLineItem__c', 'url': '/services/data/v67.0/sobjects/ContractLineItem__c/a03RB00001NswYkYAJ'}",a03RB00001NswYkYAJ,リリカラ(大塚商会)_2026/04,001RB00001VTr1PYAT,a04RB00000kUANuYAO,a0BRB00000ynb5p2AA,2026/04,2026/04,2026-04-01,2026-04-30,,,,,12800,False,False,2,2026-06-21T16:13:55.000+0000,2026-07-28T02:33:19.000+0000,CN-00000020,リリカラ(大塚商会),Activated,リリカラ株式会社,,product_missing
"{'type': 'ContractLineItem__c', 'url': '/services/data/v67.0/sobjects/ContractLineItem__c/a03RB00001NswYlYAJ'}",a03RB00001NswYlYAJ,リリカラ(大塚商会)_2026/05,001RB00001VTr1PYAT,a04RB00000kUANuYAO,a0BRB00000ynb5p2AA,2026/05,2026/05,2026-05-01,2026-05-31,,,,,12800,False,False,2,2026-06-21T16:13:55.000+0000,2026-07-28T02:33:19.000+0000,CN-00000020,リリカラ(大塚商会),Activated,リリカラ株式会社,,product_missing
"{'type': 'ContractLineItem__c', 'url': '/services/data/v67.0/sobjects/ContractLineItem__c/a03RB00001NswYmYAJ'}",a03RB00001NswYmYAJ,リリカラ(大塚商会)_2026/06,001RB00001VTr1PYAT,a04RB00000kUANuYAO,a0BRB00000ynb5p2AA,2026/06,2026/06,2026-06-01,2026-06-30,,,,,12800,False,False,2,2026-06-21T16:13:55.000+0000,2026-07-28T02:33:19.000+0000,CN-00000020,リリカラ(大塚商会),Activated,リリカラ株式会社,,product_missing
"{'type': 'ContractLineItem__c', 'url': '/services/data/v67.0/sobjects/ContractLineItem__c/a03RB00001NswYnYAJ'}",a03RB00001NswYnYAJ,リリカラ(大塚商会)_2026/07,001RB00001VTr1PYAT,a04RB00000kUANuYAO,a0BRB00000ynb5p2AA,2026/07,2026/07,2026-07-01,2026-07-31,,,,,12800,False,False,2,2026-06-21T16:13:55.000+0000,2026-07-28T02:33:19.000+0000,CN-00000020,リリカラ(大塚商会),Activated,リリカラ株式会社,,product_missing
"{'type': 'ContractLineItem__c', 'url': '/services/data/v67.0/sobjects/ContractLineItem__c/a03RB00001NswYoYAJ'}",a03RB00001NswYoYAJ,リリカラ(大塚商会)_2026/08,001RB00001VTr1PYAT,a04RB00000kUANuYAO,a0BRB00000ynb5p2AA,2026/08,2026/08,2026-08-01,2026-08-31,,,,,12800,False,False,2,2026-06-21T16:13:55.000+0000,2026-07-28T02:33:19.000+0000,CN-00000020,リリカラ(大塚商会),Activated,リリカラ株式会社,,product_missing
"{'type': 'ContractLineItem__c', 'url': '/services/data/v67.0/sobjects/ContractLineItem__c/a03RB00001NswYpYAJ'}",a03RB00001NswYpYAJ,リリカラ(大塚商会)_2026/09,001RB00001VTr1PYAT,a04RB00000kUANuYAO,a0BRB00000ynb5p2AA,2026/09,2026/09,2026-09-01,2026-09-30,,,,,12800,False,False,2,2026-06-21T16:13:55.000+0000,2026-07-28T02:33:19.000+0000,CN-00000020,リリカラ(大塚商会),Activated,リリカラ株式会社,,product_missing
"{'type': 'ContractLineItem__c', 'url': '/services/data/v67.0/sobjects/ContractLineItem__c/a03RB00001NswYqYAJ'}",a03RB00001NswYqYAJ,リリカラ(大塚商会)_2026/10,001RB00001VTr1PYAT,a04RB00000kUANuYAO,a0BRB00000ynb5p2AA,2026/10,2026/10,2026-10-01,2026-10-31,,,,,12800,False,False,2,2026-06-21T16:13:55.000+0000,2026-07-28T02:33:19.000+0000,CN-00000020,リリカラ(大塚商会),Activated,リリカラ株式会社,,product_missing
"{'type': 'ContractLineItem__c', 'url': '/services/data/v67.0/sobjects/ContractLineItem__c/a03RB00001NswYrYAJ'}",a03RB00001NswYrYAJ,株式会社イトーキ_2024/12,001RB00001VTCYyYAP,a04RB00000kUANvYAO,a0BRB00000ynb5q2AA,2024/12,2024/12,2024-12-01,2024-12-31,,,,,5000,False,False,1,2026-06-21T16:13:55.000+0000,2026-07-28T02:33:19.000+0000,CN-00000021,株式会社イトーキ,解約,株式会社イトーキ,,product_missing
"{'type': 'ContractLineItem__c', 'url': '/services/data/v67.0/sobjects/ContractLineItem__c/a03RB00001NswYsYAJ'}",a03RB00001NswYsYAJ,株式会社イトーキ_2025/01,001RB00001VTCYyYAP,a04RB00000kUANvYAO,a0BRB00000ynb5q2AA,2025/01,2025/01,2025-01-01,2025-01-31,,,,,5000,False,False,1,2026-06-21T16:13:55.000+0000,2026-07-28T02:33:19.000+0000,CN-00000021,株式会社イトーキ,解約,株式会社イトーキ,,product_missing
"{'type': 'ContractLineItem__c', 'url': '/services/data/v67.0/sobjects/ContractLineItem__c/a03RB00001NswYtYAJ'}",a03RB00001NswYtYAJ,株式会社イトーキ_2025/02,001RB00001VTCYyYAP,a04RB00000kUANvYAO,a0BRB00000ynb5q2AA,2025/02,2025/02,2025-02-01,2025-02-28,,,,,5000,False,False,1,2026-06-21T16:13:55.000+0000,2026-07-28T02:33:19.000+0000,CN-00000021,株式会社イトーキ,解約,株式会社イトーキ,,product_missing
"{'type': 'ContractLineItem__c', 'url': '/services/data/v67.0/sobjects/ContractLineItem__c/a03RB00001NswYuYAJ'}",a03RB00001NswYuYAJ,株式会社イトーキ_2025/03,001RB00001VTCYyYAP,a04RB00000kUANvYAO,a0BRB00000ynb5q2AA,2025/03,2025/03,2025-03-01,2025-03-31,,,,,5000,False,False,1,2026-06-21T16:13:55.000+0000,2026-07-28T02:33:19.000+0000,CN-00000021,株式会社イトーキ,解約,株式会社イトーキ,,product_missing
"{'type': 'ContractLineItem__c', 'url': '/services/data/v67.0/sobjects/ContractLineItem__c/a03RB00001NswYvYAJ'}",a03RB00001NswYvYAJ,株式会社イトーキ_2025/04,001RB00001VTCYyYAP,a04RB00000kUANvYAO,a0BRB00000ynb5q2AA,2025/04,2025/04,2025-04-01,2025-04-30,,,,,5000,False,False,1,2026-06-21T16:13:55.000+0000,2026-07-28T02:33:19.000+0000,CN-00000021,株式会社イトーキ,解約,株式会社イトーキ,,product_missing
"{'type': 'ContractLineItem__c', 'url': '/services/data/v67.0/sobjects/ContractLineItem__c/a03RB00001NswYwYAJ'}",a03RB00001NswYwYAJ,株式会社イトーキ_2025/05,001RB00001VTCYyYAP,a04RB00000kUANvYAO,a0BRB00000ynb5q2AA,2025/05,2025/05,2025-05-01,2025-05-31,,,,,5000,False,False,1,2026-06-21T16:13:55.000+0000,2026-07-28T02:33:19.000+0000,CN-00000021,株式会社イトーキ,解約,株式会社イトーキ,,product_missing
"{'type': 'ContractLineItem__c', 'url': '/services/data/v67.0/sobjects/ContractLineItem__c/a03RB00001NswYxYAJ'}",a03RB00001NswYxYAJ,株式会社イトーキ_2025/06,001RB00001VTCYyYAP,a04RB00000kUANvYAO,a0BRB00000ynb5q2AA,2025/06,2025/06,2025-06-01,2025-06-30,,,,,5000,False,False,1,2026-06-21T16:13:55.000+0000,2026-07-28T02:33:19.000+0000,CN-00000021,株式会社イトーキ,解約,株式会社イトーキ,,product_missing
"{'type': 'ContractLineItem__c', 'url': '/services/data/v67.0/sobjects/ContractLineItem__c/a03RB00001NswYyYAJ'}",a03RB00001NswYyYAJ,株式会社イトーキ_2025/07,001RB00001VTCYyYAP,a04RB00000kUANvYAO,a0BRB00000ynb5q2AA,2025/07,2025/07,2025-07-01,2025-07-31,,,,,5000,False,False,1,2026-06-21T16:13:55.000+0000,2026-07-28T02:33:19.000+0000,CN-00000021,株式会社イトーキ,解約,株式会社イトーキ,,product_missing
"{'type': 'ContractLineItem__c', 'url': '/services/data/v67.0/sobjects/ContractLineItem__c/a03RB00001NswYzYAJ'}",a03RB00001NswYzYAJ,株式会社イトーキ_2025/08,001RB00001VTCYyYAP,a04RB00000kUANvYAO,a0BRB00000ynb5q2AA,2025/08,2025/08,2025-08-01,2025-08-31,,,,,5000,False,False,1,2026-06-21T16:13:55.000+0000,2026-07-28T02:33:19.000+0000,CN-00000021,株式会社イトーキ,解約,株式会社イトーキ,,product_missing
"{'type': 'ContractLineItem__c', 'url': '/services/data/v67.0/sobjects/ContractLineItem__c/a03RB00001NswZ0YAJ'}",a03RB00001NswZ0YAJ,株式会社イトーキ_2025/09,001RB00001VTCYyYAP,a04RB00000kUANvYAO,a0BRB00000ynb5q2AA,2025/09,2025/09,2025-09-01,2025-09-30,,,,,5000,False,False,1,2026-06-21T16:13:55.000+0000,2026-07-28T02:33:19.000+0000,CN-00000021,株式会社イトーキ,解約,株式会社イトーキ,,product_missing
"{'type': 'ContractLineItem__c', 'url': '/services/data/v67.0/sobjects/ContractLineItem__c/a03RB00001NswZ1YAJ'}",a03RB00001NswZ1YAJ,株式会社イトーキ_2025/10,001RB00001VTCYyYAP,a04RB00000kUANvYAO,a0BRB00000ynb5q2AA,2025/10,2025/10,2025-10-01,2025-10-31,,,,,5000,False,False,1,2026-06-21T16:13:55.000+0000,2026-07-28T02:33:19.000+0000,CN-00000021,株式会社イトーキ,解約,株式会社イトーキ,,product_missing
"{'type': 'ContractLineItem__c', 'url': '/services/data/v67.0/sobjects/ContractLineItem__c/a03RB00001NswZ2YAJ'}",a03RB00001NswZ2YAJ,株式会社イトーキ_2025/11,001RB00001VTCYyYAP,a04RB00000kUANvYAO,a0BRB00000ynb5q2AA,2025/11,2025/11,2025-11-01,2025-11-30,,,,,5000,False,False,1,2026-06-21T16:13:55.000+0000,2026-07-28T02:33:19.000+0000,CN-00000021,株式会社イトーキ,解約,株式会社イトーキ,,product_missing
"{'type': 'ContractLineItem__c', 'url': '/services/data/v67.0/sobjects/ContractLineItem__c/a03RB00001NswZ3YAJ'}",a03RB00001NswZ3YAJ,株式会社イトーキ_2025/12,001RB00001VTCYyYAP,a04RB00000kUANvYAO,a0BRB00000ynb5q2AA,2025/12,2025/12,2025-12-01,2025-12-31,,,,,5000,False,False,1,2026-06-21T16:13:55.000+0000,2026-07-28T02:33:19.000+0000,CN-00000021,株式会社イトーキ,解約,株式会社イトーキ,,product_missing
"{'type': 'ContractLineItem__c', 'url': '/services/data/v67.0/sobjects/ContractLineItem__c/a03RB00001NswZLYAZ'}",a03RB00001NswZLYAZ,九州旅客鉄道株式会社 工事部施設課_2024/12,001RB00001VTrOlYAL,a04RB00000kUANxYAO,a0BRB00000ynb5s2AA,2024/12,2024/12,2024-12-01,2024-12-31,,,,,8000,False,False,1,2026-06-21T16:13:55.000+0000,2026-07-28T02:33:19.000+0000,CN-00000023,九州旅客鉄道株式会社　工事部施設課,Activated,九州旅客鉄道 株式会社,,product_missing
"{'type': 'ContractLineItem__c', 'url': '/services/data/v67.0/sobjects/ContractLineItem__c/a03RB00001NswZMYAZ'}",a03RB00001NswZMYAZ,九州旅客鉄道株式会社 工事部施設課_2025/01,001RB00001VTrOlYAL,a04RB00000kUANxYAO,a0BRB00000ynb5s2AA,2025/01,2025/01,2025-01-01,2025-01-31,,,,,8000,False,False,1,2026-06-21T16:13:55.000+0000,2026-07-28T02:33:19.000+0000,CN-00000023,九州旅客鉄道株式会社　工事部施設課,Activated,九州旅客鉄道 株式会社,,product_missing
"{'type': 'ContractLineItem__c', 'url': '/services/data/v67.0/sobjects/ContractLineItem__c/a03RB00001NswZNYAZ'}",a03RB00001NswZNYAZ,九州旅客鉄道株式会社 工事部施設課_2025/02,001RB00001VTrOlYAL,a04RB00000kUANxYAO,a0BRB00000ynb5s2AA,2025/02,2025/02,2025-02-01,2025-02-28,,,,,8000,False,False,1,2026-06-21T16:13:55.000+0000,2026-07-28T02:33:19.000+0000,CN-00000023,九州旅客鉄道株式会社　工事部施設課,Activated,九州旅客鉄道 株式会社,,product_missing
"{'type': 'ContractLineItem__c', 'url': '/services/data/v67.0/sobjects/ContractLineItem__c/a03RB00001NswZOYAZ'}",a03RB00001NswZOYAZ,九州旅客鉄道株式会社 工事部施設課_2025/03,001RB00001VTrOlYAL,a04RB00000kUANxYAO,a0BRB00000ynb5s2AA,2025/03,2025/03,2025-03-01,2025-03-31,,,,,8000,False,False,1,2026-06-21T16:13:55.000+0000,2026-07-28T02:33:19.000+0000,CN-00000023,九州旅客鉄道株式会社　工事部施設課,Activated,九州旅客鉄道 株式会社,,product_missing
"{'type': 'ContractLineItem__c', 'url': '/services/data/v67.0/sobjects/ContractLineItem__c/a03RB00001NswZPYAZ'}",a03RB00001NswZPYAZ,九州旅客鉄道株式会社 工事部施設課_2025/04,001RB00001VTrOlYAL,a04RB00000kUANxYAO,a0BRB00000ynb5s2AA,2025/04,2025/04,2025-04-01,2025-04-30,,,,,8000,False,False,1,2026-06-21T16:13:55.000+0000,2026-07-28T02:33:19.000+0000,CN-00000023,九州旅客鉄道株式会社　工事部施設課,Activated,九州旅客鉄道 株式会社,,product_missing
"{'type': 'ContractLineItem__c', 'url': '/services/data/v67.0/sobjects/ContractLineItem__c/a03RB00001NswZQYAZ'}",a03RB00001NswZQYAZ,九州旅客鉄道株式会社 工事部施設課_2025/05,001RB00001VTrOlYAL,a04RB00000kUANxYAO,a0BRB00000ynb5s2AA,2025/05,2025/05,2025-05-01,2025-05-31,,,,,8000,False,False,1,2026-06-21T16:13:55.000+0000,2026-07-28T02:33:19.000+0000,CN-00000023,九州旅客鉄道株式会社　工事部施設課,Activated,九州旅客鉄道 株式会社,,product_missing
"{'type': 'ContractLineItem__c', 'url': '/services/data/v67.0/sobjects/ContractLineItem__c/a03RB00001NswZRYAZ'}",a03RB00001NswZRYAZ,九州旅客鉄道株式会社 工事部施設課_2025/06,001RB00001VTrOlYAL,a04RB00000kUANxYAO,a0BRB00000ynb5s2AA,2025/06,2025/06,2025-06-01,2025-06-30,,,,,8000,False,False,1,2026-06-21T16:13:55.000+0000,2026-07-28T02:33:19.000+0000,CN-00000023,九州旅客鉄道株式会社　工事部施設課,Activated,九州旅客鉄道 株式会社,,product_missing
"{'type': 'ContractLineItem__c', 'url': '/services/data/v67.0/sobjects/ContractLineItem__c/a03RB00001NswZSYAZ'}",a03RB00001NswZSYAZ,九州旅客鉄道株式会社 工事部施設課_2025/07,001RB00001VTrOlYAL,a04RB00000kUANxYAO,a0BRB00000ynb5s2AA,2025/07,2025/07,2025-07-01,2025-07-31,,,,,8000,False,False,1,2026-06-21T16:13:55.000+0000,2026-07-28T02:33:19.000+0000,CN-00000023,九州旅客鉄道株式会社　工事部施設課,Activated,九州旅客鉄道 株式会社,,product_missing
"{'type': 'ContractLineItem__c', 'url': '/services/data/v67.0/sobjects/ContractLineItem__c/a03RB00001NswZTYAZ'}",a03RB00001NswZTYAZ,九州旅客鉄道株式会社 工事部施設課_2025/08,001RB00001VTrOlYAL,a04RB00000kUANxYAO,a0BRB00000ynb5s2AA,2025/08,2025/08,2025-08-01,2025-08-31,,,,,8000,False,False,1,2026-06-21T16:13:55.000+0000,2026-07-28T02:33:19.000+0000,CN-00000023,九州旅客鉄道株式会社　工事部施設課,Activated,九州旅客鉄道 株式会社,,product_missing
"{'type': 'ContractLineItem__c', 'url': '/services/data/v67.0/sobjects/ContractLineItem__c/a03RB00001NswZUYAZ'}",a03RB00001NswZUYAZ,九州旅客鉄道株式会社 工事部施設課_2025/09,001RB00001VTrOlYAL,a04RB00000kUANxYAO,a0BRB00000ynb5s2AA,2025/09,2025/09,2025-09-01,2025-09-30,,,,,8000,False,False,1,2026-06-21T16:13:55.000+0000,2026-07-28T02:33:19.000+0000,CN-00000023,九州旅客鉄道株式会社　工事部施設課,Activated,九州旅客鉄道 株式会社,,product_missing
"{'type': 'ContractLineItem__c', 'url': '/services/data/v67.0/sobjects/ContractLineItem__c/a03RB00001NswZVYAZ'}",a03RB00001NswZVYAZ,九州旅客鉄道株式会社 工事部施設課_2025/10,001RB00001VTrOlYAL,a04RB00000kUANxYAO,a0BRB00000ynb5s2AA,2025/10,2025/10,2025-10-01,2025-10-31,,,,,8000,False,False,1,2026-06-21T16:13:55.000+0000,2026-07-28T02:33:19.000+0000,CN-00000023,九州旅客鉄道株式会社　工事部施設課,Activated,九州旅客鉄道 株式会社,,product_missing
"{'type': 'ContractLineItem__c', 'url': '/services/data/v67.0/sobjects/ContractLineItem__c/a03RB00001NswZWYAZ'}",a03RB00001NswZWYAZ,九州旅客鉄道株式会社 工事部施設課_2025/11,001RB00001VTrOlYAL,a04RB00000kUANxYAO,a0BRB00000ynb5s2AA,2025/11,2025/11,2025-11-01,2025-11-30,,,,,8000,False,False,1,2026-06-21T16:13:55.000+0000,2026-07-28T02:33:19.000+0000,CN-00000023,九州旅客鉄道株式会社　工事部施設課,Activated,九州旅客鉄道 株式会社,,product_missing
"{'type': 'ContractLineItem__c', 'url': '/services/data/v67.0/sobjects/ContractLineItem__c/a03RB00001NswZXYAZ'}",a03RB00001NswZXYAZ,九州旅客鉄道株式会社 工事部施設課_2025/12,001RB00001VTrOlYAL,a04RB00000kUANxYAO,a0BRB00000ynb5s2AA,2025/12,2025/12,2025-12-01,2025-12-31,,,,,8000,False,False,1,2026-06-21T16:13:55.000+0000,2026-07-28T02:33:19.000+0000,CN-00000023,九州旅客鉄道株式会社　工事部施設課,Activated,九州旅客鉄道 株式会社,,product_missing
"{'type': 'ContractLineItem__c', 'url': '/services/data/v67.0/sobjects/ContractLineItem__c/a03RB00001NswZYYAZ'}",a03RB00001NswZYYAZ,九州旅客鉄道株式会社 工事部施設課_2026/01,001RB00001VTrOlYAL,a04RB00000kUANxYAO,a0BRB00000ynb5s2AA,2026/01,2026/01,2026-01-01,2026-01-31,,,,,8000,False,False,1,2026-06-21T16:13:55.000+0000,2026-07-28T02:33:19.000+0000,CN-00000023,九州旅客鉄道株式会社　工事部施設課,Activated,九州旅客鉄道 株式会社,,product_missing
"{'type': 'ContractLineItem__c', 'url': '/services/data/v67.0/sobjects/ContractLineItem__c/a03RB00001NswZZYAZ'}",a03RB00001NswZZYAZ,九州旅客鉄道株式会社 工事部施設課_2026/02,001RB00001VTrOlYAL,a04RB00000kUANxYAO,a0BRB00000ynb5s2AA,2026/02,2026/02,2026-02-01,2026-02-28,,,,,8000,False,False,1,2026-06-21T16:13:55.000+0000,2026-07-28T02:33:19.000+0000,CN-00000023,九州旅客鉄道株式会社　工事部施設課,Activated,九州旅客鉄道 株式会社,,product_missing
"{'type': 'ContractLineItem__c', 'url': '/services/data/v67.0/sobjects/ContractLineItem__c/a03RB00001NswZaYAJ'}",a03RB00001NswZaYAJ,九州旅客鉄道株式会社 工事部施設課_2026/03,001RB00001VTrOlYAL,a04RB00000kUANxYAO,a0BRB00000ynb5s2AA,2026/03,2026/03,2026-03-01,2026-03-31,,,,,8000,False,False,1,2026-06-21T16:13:55.000+0000,2026-07-28T02:33:19.000+0000,CN-00000023,九州旅客鉄道株式会社　工事部施設課,Activated,九州旅客鉄道 株式会社,,product_missing
"{'type': 'ContractLineItem__c', 'url': '/services/data/v67.0/sobjects/ContractLineItem__c/a03RB00001NswZbYAJ'}",a03RB00001NswZbYAJ,九州旅客鉄道株式会社 工事部施設課_2026/04,001RB00001VTrOlYAL,a04RB00000kUANxYAO,a0BRB00000ynb5s2AA,2026/04,2026/04,2026-04-01,2026-04-30,,,,,8000,False,False,1,2026-06-21T16:13:55.000+0000,2026-07-28T02:33:19.000+0000,CN-00000023,九州旅客鉄道株式会社　工事部施設課,Activated,九州旅客鉄道 株式会社,,product_missing
"{'type': 'ContractLineItem__c', 'url': '/services/data/v67.0/sobjects/ContractLineItem__c/a03RB00001NswZcYAJ'}",a03RB00001NswZcYAJ,九州旅客鉄道株式会社 工事部施設課_2026/05,001RB00001VTrOlYAL,a04RB00000kUANxYAO,a0BRB00000ynb5s2AA,2026/05,2026/05,2026-05-01,2026-05-31,,,,,8000,False,False,1,2026-06-21T16:13:55.000+0000,2026-07-28T02:33:19.000+0000,CN-00000023,九州旅客鉄道株式会社　工事部施設課,Activated,九州旅客鉄道 株式会社,,product_missing
"{'type': 'ContractLineItem__c', 'url': '/services/data/v67.0/sobjects/ContractLineItem__c/a03RB00001NswZdYAJ'}",a03RB00001NswZdYAJ,株式会社オリバー_2025/01,001RB00001VTqjbYAD,a04RB00000kUANyYAO,a0BRB00000ynb5t2AA,2025/01,2025/01,2025-01-01,2025-01-31,,,,,,False,False,7,2026-06-21T16:13:55.000+0000,2026-07-28T02:33:19.000+0000,CN-00000024,株式会社オリバー,解約,株式会社オリバー,,product_missing
"{'type': 'ContractLineItem__c', 'url': '/services/data/v67.0/sobjects/ContractLineItem__c/a03RB00001NswZeYAJ'}",a03RB00001NswZeYAJ,株式会社オリバー_2025/02,001RB00001VTqjbYAD,a04RB00000kUANyYAO,a0BRB00000ynb5t2AA,2025/02,2025/02,2025-02-01,2025-02-28,,,,,138600,False,False,7,2026-06-21T16:13:55.000+0000,2026-07-28T02:33:19.000+0000,CN-00000024,株式会社オリバー,解約,株式会社オリバー,,product_missing
"{'type': 'ContractLineItem__c', 'url': '/services/data/v67.0/sobjects/ContractLineItem__c/a03RB00001NswZfYAJ'}",a03RB00001NswZfYAJ,株式会社オリバー_2025/03,001RB00001VTqjbYAD,a04RB00000kUANyYAO,a0BRB00000ynb5t2AA,2025/03,2025/03,2025-03-01,2025-03-31,,,,,,False,False,7,2026-06-21T16:13:55.000+0000,2026-07-28T02:33:19.000+0000,CN-00000024,株式会社オリバー,解約,株式会社オリバー,,product_missing
"{'type': 'ContractLineItem__c', 'url': '/services/data/v67.0/sobjects/ContractLineItem__c/a03RB00001NswZgYAJ'}",a03RB00001NswZgYAJ,株式会社オリバー_2025/04,001RB00001VTqjbYAD,a04RB00000kUANyYAO,a0BRB00000ynb5t2AA,2025/04,2025/04,2025-04-01,2025-04-30,,,,,,False,False,7,2026-06-21T16:13:55.000+0000,2026-07-28T02:33:19.000+0000,CN-00000024,株式会社オリバー,解約,株式会社オリバー,,product_missing
"{'type': 'ContractLineItem__c', 'url': '/services/data/v67.0/sobjects/ContractLineItem__c/a03RB00001NswZhYAJ'}",a03RB00001NswZhYAJ,株式会社オリバー_2025/05,001RB00001VTqjbYAD,a04RB00000kUANyYAO,a0BRB00000ynb5t2AA,2025/05,2025/05,2025-05-01,2025-05-31,,,,,,False,False,7,2026-06-21T16:13:55.000+0000,2026-07-28T02:33:19.000+0000,CN-00000024,株式会社オリバー,解約,株式会社オリバー,,product_missing
"{'type': 'ContractLineItem__c', 'url': '/services/data/v67.0/sobjects/ContractLineItem__c/a03RB00001NswZiYAJ'}",a03RB00001NswZiYAJ,株式会社オリバー_2025/06,001RB00001VTqjbYAD,a04RB00000kUANyYAO,a0BRB00000ynb5t2AA,2025/06,2025/06,2025-06-01,2025-06-30,,,,,,False,False,7,2026-06-21T16:13:55.000+0000,2026-07-28T02:33:19.000+0000,CN-00000024,株式会社オリバー,解約,株式会社オリバー,,product_missing
"{'type': 'ContractLineItem__c', 'url': '/services/data/v67.0/sobjects/ContractLineItem__c/a03RB00001NswZjYAJ'}",a03RB00001NswZjYAJ,株式会社オリバー_2025/07,001RB00001VTqjbYAD,a04RB00000kUANyYAO,a0BRB00000ynb5t2AA,2025/07,2025/07,2025-07-01,2025-07-31,,,,,,False,False,7,2026-06-21T16:13:55.000+0000,2026-07-28T02:33:19.000+0000,CN-00000024,株式会社オリバー,解約,株式会社オリバー,,product_missing
"{'type': 'ContractLineItem__c', 'url': '/services/data/v67.0/sobjects/ContractLineItem__c/a03RB00001NswZkYAJ'}",a03RB00001NswZkYAJ,アイリスチトセ株式会社_2025/04,001RB00001VTqlZYAT,a04RB00000kUANzYAO,a0BRB00000ynb5u2AA,2025/04,2025/04,2025-04-01,2025-04-30,,,,,16000,False,False,2,2026-06-21T16:13:55.000+0000,2026-07-28T02:33:19.000+0000,CN-00000025,アイリスチトセ株式会社,解約,アイリスチトセ株式会社,,product_missing
"{'type': 'ContractLineItem__c', 'url': '/services/data/v67.0/sobjects/ContractLineItem__c/a03RB00001NswZlYAJ'}",a03RB00001NswZlYAJ,アイリスチトセ株式会社_2025/05,001RB00001VTqlZYAT,a04RB00000kUANzYAO,a0BRB00000ynb5u2AA,2025/05,2025/05,2025-05-01,2025-05-31,,,,,16000,False,False,2,2026-06-21T16:13:55.000+0000,2026-07-28T02:33:19.000+0000,CN-00000025,アイリスチトセ株式会社,解約,アイリスチトセ株式会社,,product_missing
"{'type': 'ContractLineItem__c', 'url': '/services/data/v67.0/sobjects/ContractLineItem__c/a03RB00001NswZmYAJ'}",a03RB00001NswZmYAJ,戸田建設(設計部:月額)_2025/02,001RB00001VTrmnYAD,a04RB00000kUAO0YAO,a0BRB00000ynb5v2AA,2025/02,2025/02,2025-02-01,2025-02-28,,,,,22000,False,False,2,2026-06-21T16:13:55.000+0000,2026-08-06T00:50:25.000+0000,CN-00000026,戸田建設(設計部:月額),Activated,戸田建設株式会社,,product_missing
"{'type': 'ContractLineItem__c', 'url': '/services/data/v67.0/sobjects/ContractLineItem__c/a03RB00001NswZnYAJ'}",a03RB00001NswZnYAJ,戸田建設(設計部:月額)_2025/03,001RB00001VTrmnYAD,a04RB00000kUAO0YAO,a0BRB00000ynb5v2AA,2025/03,2025/03,2025-03-01,2025-03-31,,,,,22000,False,False,2,2026-06-21T16:13:55.000+0000,2026-08-06T00:50:25.000+0000,CN-00000026,戸田建設(設計部:月額),Activated,戸田建設株式会社,,product_missing
"{'type': 'ContractLineItem__c', 'url': '/services/data/v67.0/sobjects/ContractLineItem__c/a03RB00001NswZoYAJ'}",a03RB00001NswZoYAJ,戸田建設(設計部:月額)_2025/04,001RB00001VTrmnYAD,a04RB00000kUAO0YAO,a0BRB00000ynb5v2AA,2025/04,2025/04,2025-04-01,2025-04-30,,,,,22000,False,False,2,2026-06-21T16:13:55.000+0000,2026-08-06T00:50:25.000+0000,CN-00000026,戸田建設(設計部:月額),Activated,戸田建設株式会社,,product_missing
"{'type': 'ContractLineItem__c', 'url': '/services/data/v67.0/sobjects/ContractLineItem__c/a03RB00001NswZpYAJ'}",a03RB00001NswZpYAJ,戸田建設(設計部:月額)_2025/05,001RB00001VTrmnYAD,a04RB00000kUAO0YAO,a0BRB00000ynb5v2AA,2025/05,2025/05,2025-05-01,2025-05-31,,,,,22000,False,False,2,2026-06-21T16:13:55.000+0000,2026-08-06T00:50:25.000+0000,CN-00000026,戸田建設(設計部:月額),Activated,戸田建設株式会社,,product_missing
"{'type': 'ContractLineItem__c', 'url': '/services/data/v67.0/sobjects/ContractLineItem__c/a03RB00001NswZqYAJ'}",a03RB00001NswZqYAJ,戸田建設(設計部:月額)_2025/06,001RB00001VTrmnYAD,a04RB00000kUAO0YAO,a0BRB00000ynb5v2AA,2025/06,2025/06,2025-06-01,2025-06-30,,,,,22000,False,False,2,2026-06-21T16:13:55.000+0000,2026-08-06T00:50:25.000+0000,CN-00000026,戸田建設(設計部:月額),Activated,戸田建設株式会社,,product_missing
"{'type': 'ContractLineItem__c', 'url': '/services/data/v67.0/sobjects/ContractLineItem__c/a03RB00001NswZrYAJ'}",a03RB00001NswZrYAJ,戸田建設(設計部:月額)_2025/07,001RB00001VTrmnYAD,a04RB00000kUAO0YAO,a0BRB00000ynb5v2AA,2025/07,2025/07,2025-07-01,2025-07-31,,,,,22000,False,False,2,2026-06-21T16:13:55.000+0000,2026-08-06T00:50:25.000+0000,CN-00000026,戸田建設(設計部:月額),Activated,戸田建設株式会社,,product_missing
"{'type': 'ContractLineItem__c', 'url': '/services/data/v67.0/sobjects/ContractLineItem__c/a03RB00001NswZsYAJ'}",a03RB00001NswZsYAJ,戸田建設(設計部:月額)_2025/08,001RB00001VTrmnYAD,a04RB00000kUAO0YAO,a0BRB00000ynb5v2AA,2025/08,2025/08,2025-08-01,2025-08-31,,,,,55000,False,False,5,2026-06-21T16:13:55.000+0000,2026-08-06T00:50:25.000+0000,CN-00000026,戸田建設(設計部:月額),Activated,戸田建設株式会社,,product_missing
"{'type': 'ContractLineItem__c', 'url': '/services/data/v67.0/sobjects/ContractLineItem__c/a03RB00001NswZtYAJ'}",a03RB00001NswZtYAJ,戸田建設(設計部:月額)_2025/09,001RB00001VTrmnYAD,a04RB00000kUAO0YAO,a0BRB00000ynb5v2AA,2025/09,2025/09,2025-09-01,2025-09-30,,,,,55000,False,False,5,2026-06-21T16:13:55.000+0000,2026-08-06T00:50:25.000+0000,CN-00000026,戸田建設(設計部:月額),Activated,戸田建設株式会社,,product_missing
"{'type': 'ContractLineItem__c', 'url': '/services/data/v67.0/sobjects/ContractLineItem__c/a03RB00001NswZuYAJ'}",a03RB00001NswZuYAJ,戸田建設(設計部:月額)_2025/10,001RB00001VTrmnYAD,a04RB00000kUAO0YAO,a0BRB00000ynb5v2AA,2025/10,2025/10,2025-10-01,2025-10-31,,,,,55000,False,False,5,2026-06-21T16:13:55.000+0000,2026-08-06T00:50:25.000+0000,CN-00000026,戸田建設(設計部:月額),Activated,戸田建設株式会社,,product_missing
"{'type': 'ContractLineItem__c', 'url': '/services/data/v67.0/sobjects/ContractLineItem__c/a03RB00001NswZvYAJ'}",a03RB00001NswZvYAJ,戸田建設(設計部:月額)_2025/11,001RB00001VTrmnYAD,a04RB00000kUAO0YAO,a0BRB00000ynb5v2AA,2025/11,2025/11,2025-11-01,2025-11-30,,,,,55000,False,False,5,2026-06-21T16:13:55.000+0000,2026-08-06T00:50:25.000+0000,CN-00000026,戸田建設(設計部:月額),Activated,戸田建設株式会社,,product_missing
"{'type': 'ContractLineItem__c', 'url': '/services/data/v67.0/sobjects/ContractLineItem__c/a03RB00001NswZwYAJ'}",a03RB00001NswZwYAJ,戸田建設(設計部:月額)_2025/12,001RB00001VTrmnYAD,a04RB00000kUAO0YAO,a0BRB00000ynb5v2AA,2025/12,2025/12,2025-12-01,2025-12-31,,,,,55000,False,False,5,2026-06-21T16:13:55.000+0000,2026-08-06T00:50:25.000+0000,CN-00000026,戸田建設(設計部:月額),Activated,戸田建設株式会社,,product_missing
"{'type': 'ContractLineItem__c', 'url': '/services/data/v67.0/sobjects/ContractLineItem__c/a03RB00001NswZxYAJ'}",a03RB00001NswZxYAJ,戸田建設(設計部:月額)_2026/01,001RB00001VTrmnYAD,a04RB00000kUAO0YAO,a0BRB00000ynb5v2AA,2026/01,2026/01,2026-01-01,2026-01-31,,,,,55000,False,False,5,2026-06-21T16:13:55.000+0000,2026-08-06T00:50:25.000+0000,CN-00000026,戸田建設(設計部:月額),Activated,戸田建設株式会社,,product_missing
"{'type': 'ContractLineItem__c', 'url': '/services/data/v67.0/sobjects/ContractLineItem__c/a03RB00001NswZyYAJ'}",a03RB00001NswZyYAJ,戸田建設(設計部:月額)_2026/02,001RB00001VTrmnYAD,a04RB00000kUAO0YAO,a0BRB00000ynb5v2AA,2026/02,2026/02,2026-02-01,2026-02-28,,,,,55000,False,False,5,2026-06-21T16:13:55.000+0000,2026-08-06T00:50:25.000+0000,CN-00000026,戸田建設(設計部:月額),Activated,戸田建設株式会社,,product_missing
"{'type': 'ContractLineItem__c', 'url': '/services/data/v67.0/sobjects/ContractLineItem__c/a03RB00001NswZzYAJ'}",a03RB00001NswZzYAJ,戸田建設(設計部:月額)_2026/03,001RB00001VTrmnYAD,a04RB00000kUAO0YAO,a0BRB00000ynb5v2AA,2026/03,2026/03,2026-03-01,2026-03-31,,,,,55000,False,False,5,2026-06-21T16:13:55.000+0000,2026-08-06T00:50:25.000+0000,CN-00000026,戸田建設(設計部:月額),Activated,戸田建設株式会社,,product_missing
"{'type': 'ContractLineItem__c', 'url': '/services/data/v67.0/sobjects/ContractLineItem__c/a03RB00001Nswa2YAB'}",a03RB00001Nswa2YAB,47内装株式会社_2025/03,001RB00001VTCYGYA5,a04RB00000kUAO1YAO,a0BRB00000ynb5w2AA,2025/03,2025/03,2025-03-01,2025-03-31,,,,,110000,False,False,10,2026-06-21T16:13:55.000+0000,2026-08-06T00:50:25.000+0000,CN-00000027,47内装株式会社,Activated,47内装株式会社,,product_missing
"{'type': 'ContractLineItem__c', 'url': '/services/data/v67.0/sobjects/ContractLineItem__c/a03RB00001Nswa3YAB'}",a03RB00001Nswa3YAB,47内装株式会社_2025/04,001RB00001VTCYGYA5,a04RB00000kUAO1YAO,a0BRB00000ynb5w2AA,2025/04,2025/04,2025-04-01,2025-04-30,,,,,110000,False,False,10,2026-06-21T16:13:55.000+0000,2026-08-06T00:50:25.000+0000,CN-00000027,47内装株式会社,Activated,47内装株式会社,,product_missing
"{'type': 'ContractLineItem__c', 'url': '/services/data/v67.0/sobjects/ContractLineItem__c/a03RB00001Nswa4YAB'}",a03RB00001Nswa4YAB,47内装株式会社_2025/05,001RB00001VTCYGYA5,a04RB00000kUAO1YAO,a0BRB00000ynb5w2AA,2025/05,2025/05,2025-05-01,2025-05-31,,,,,110000,False,False,10,2026-06-21T16:13:55.000+0000,2026-08-06T00:50:25.000+0000,CN-00000027,47内装株式会社,Activated,47内装株式会社,,product_missing
"{'type': 'ContractLineItem__c', 'url': '/services/data/v67.0/sobjects/ContractLineItem__c/a03RB00001NswaVYAR'}",a03RB00001NswaVYAR,株式会社 ノムラメディアス_2025/03,001RB00001VTCZGYA5,a04RB00000kUAO3YAO,a0BRB00000ynb5y2AA,2025/03,2025/03,2025-03-01,2025-03-31,,,,,55000,False,False,5,2026-06-21T16:13:55.000+0000,2026-07-28T02:33:19.000+0000,CN-00000029,株式会社 ノムラメディアス,解約,ノムラメディアス,,product_missing
"{'type': 'ContractLineItem__c', 'url': '/services/data/v67.0/sobjects/ContractLineItem__c/a03RB00001NswaWYAR'}",a03RB00001NswaWYAR,株式会社 ノムラメディアス_2025/04,001RB00001VTCZGYA5,a04RB00000kUAO3YAO,a0BRB00000ynb5y2AA,2025/04,2025/04,2025-04-01,2025-04-30,,,,,55000,False,False,5,2026-06-21T16:13:55.000+0000,2026-07-28T02:33:19.000+0000,CN-00000029,株式会社 ノムラメディアス,解約,ノムラメディアス,,product_missing
"{'type': 'ContractLineItem__c', 'url': '/services/data/v67.0/sobjects/ContractLineItem__c/a03RB00001NswaXYAR'}",a03RB00001NswaXYAR,株式会社 ノムラメディアス_2025/05,001RB00001VTCZGYA5,a04RB00000kUAO3YAO,a0BRB00000ynb5y2AA,2025/05,2025/05,2025-05-01,2025-05-31,,,,,55000,False,False,5,2026-06-21T16:13:55.000+0000,2026-07-28T02:33:19.000+0000,CN-00000029,株式会社 ノムラメディアス,解約,ノムラメディアス,,product_missing
"{'type': 'ContractLineItem__c', 'url': '/services/data/v67.0/sobjects/ContractLineItem__c/a03RB00001NswaYYAR'}",a03RB00001NswaYYAR,株式会社 ノムラメディアス_2025/06,001RB00001VTCZGYA5,a04RB00000kUAO3YAO,a0BRB00000ynb5y2AA,2025/06,2025/06,2025-06-01,2025-06-30,,,,,55000,False,False,5,2026-06-21T16:13:55.000+0000,2026-07-28T02:33:19.000+0000,CN-00000029,株式会社 ノムラメディアス,解約,ノムラメディアス,,product_missing
"{'type': 'ContractLineItem__c', 'url': '/services/data/v67.0/sobjects/ContractLineItem__c/a03RB00001NswaZYAR'}",a03RB00001NswaZYAR,株式会社 ノムラメディアス_2025/07,001RB00001VTCZGYA5,a04RB00000kUAO3YAO,a0BRB00000ynb5y2AA,2025/07,2025/07,2025-07-01,2025-07-31,,,,,55000,False,False,5,2026-06-21T16:13:55.000+0000,2026-07-28T02:33:19.000+0000,CN-00000029,株式会社 ノムラメディアス,解約,ノムラメディアス,,product_missing
"{'type': 'ContractLineItem__c', 'url': '/services/data/v67.0/sobjects/ContractLineItem__c/a03RB00001NswaaYAB'}",a03RB00001NswaaYAB,株式会社 ノムラメディアス_2025/08,001RB00001VTCZGYA5,a04RB00000kUAO3YAO,a0BRB00000ynb5y2AA,2025/08,2025/08,2025-08-01,2025-08-31,,,,,55000,False,False,5,2026-06-21T16:13:55.000+0000,2026-07-28T02:33:19.000+0000,CN-00000029,株式会社 ノムラメディアス,解約,ノムラメディアス,,product_missing
"{'type': 'ContractLineItem__c', 'url': '/services/data/v67.0/sobjects/ContractLineItem__c/a03RB00001NswabYAB'}",a03RB00001NswabYAB,株式会社 ノムラメディアス_2025/09,001RB00001VTCZGYA5,a04RB00000kUAO3YAO,a0BRB00000ynb5y2AA,2025/09,2025/09,2025-09-01,2025-09-30,,,,,55000,False,False,5,2026-06-21T16:13:55.000+0000,2026-07-28T02:33:19.000+0000,CN-00000029,株式会社 ノムラメディアス,解約,ノムラメディアス,,product_missing
"{'type': 'ContractLineItem__c', 'url': '/services/data/v67.0/sobjects/ContractLineItem__c/a03RB00001NswacYAB'}",a03RB00001NswacYAB,株式会社 ノムラメディアス_2025/10,001RB00001VTCZGYA5,a04RB00000kUAO3YAO,a0BRB00000ynb5y2AA,2025/10,2025/10,2025-10-01,2025-10-31,,,,,55000,False,False,5,2026-06-21T16:13:55.000+0000,2026-07-28T02:33:19.000+0000,CN-00000029,株式会社 ノムラメディアス,解約,ノムラメディアス,,product_missing
"{'type': 'ContractLineItem__c', 'url': '/services/data/v67.0/sobjects/ContractLineItem__c/a03RB00001NswadYAB'}",a03RB00001NswadYAB,株式会社 ノムラメディアス_2025/11,001RB00001VTCZGYA5,a04RB00000kUAO3YAO,a0BRB00000ynb5y2AA,2025/11,2025/11,2025-11-01,2025-11-30,,,,,55000,False,False,5,2026-06-21T16:13:55.000+0000,2026-07-28T02:33:19.000+0000,CN-00000029,株式会社 ノムラメディアス,解約,ノムラメディアス,,product_missing
"{'type': 'ContractLineItem__c', 'url': '/services/data/v67.0/sobjects/ContractLineItem__c/a03RB00001NswaeYAB'}",a03RB00001NswaeYAB,株式会社 ノムラメディアス_2025/12,001RB00001VTCZGYA5,a04RB00000kUAO3YAO,a0BRB00000ynb5y2AA,2025/12,2025/12,2025-12-01,2025-12-31,,,,,55000,False,False,5,2026-06-21T16:13:55.000+0000,2026-07-28T02:33:19.000+0000,CN-00000029,株式会社 ノムラメディアス,解約,ノムラメディアス,,product_missing
"{'type': 'ContractLineItem__c', 'url': '/services/data/v67.0/sobjects/ContractLineItem__c/a03RB00001NswafYAB'}",a03RB00001NswafYAB,株式会社 ノムラメディアス_2026/01,001RB00001VTCZGYA5,a04RB00000kUAO3YAO,a0BRB00000ynb5y2AA,2026/01,2026/01,2026-01-01,2026-01-31,,,,,55000,False,False,5,2026-06-21T16:13:55.000+0000,2026-07-28T02:33:19.000+0000,CN-00000029,株式会社 ノムラメディアス,解約,ノムラメディアス,,product_missing
"{'type': 'ContractLineItem__c', 'url': '/services/data/v67.0/sobjects/ContractLineItem__c/a03RB00001NswagYAB'}",a03RB00001NswagYAB,株式会社 ノムラメディアス_2026/02,001RB00001VTCZGYA5,a04RB00000kUAO3YAO,a0BRB00000ynb5y2AA,2026/02,2026/02,2026-02-01,2026-02-28,,,,,55000,False,False,5,2026-06-21T16:13:55.000+0000,2026-07-28T02:33:19.000+0000,CN-00000029,株式会社 ノムラメディアス,解約,ノムラメディアス,,product_missing
"{'type': 'ContractLineItem__c', 'url': '/services/data/v67.0/sobjects/ContractLineItem__c/a03RB00001NswahYAB'}",a03RB00001NswahYAB,株式会社URリンケージ(月額払い)_2025/03,001RB00001VTtIPYA1,a04RB00000kUAO4YAO,a0BRB00000ynb5z2AA,2025/03,2025/03,2025-03-01,2025-03-31,,,,,8000,False,False,1,2026-06-21T16:13:55.000+0000,2026-07-28T02:33:19.000+0000,CN-00000030,株式会社URリンケージ(月額払い),解約,株式会社URリンケージ,,product_missing
"{'type': 'ContractLineItem__c', 'url': '/services/data/v67.0/sobjects/ContractLineItem__c/a03RB00001NswaiYAB'}",a03RB00001NswaiYAB,株式会社URリンケージ(月額払い)_2025/04,001RB00001VTtIPYA1,a04RB00000kUAO4YAO,a0BRB00000ynb5z2AA,2025/04,2025/04,2025-04-01,2025-04-30,,,,,8000,False,False,1,2026-06-21T16:13:55.000+0000,2026-07-28T02:33:19.000+0000,CN-00000030,株式会社URリンケージ(月額払い),解約,株式会社URリンケージ,,product_missing
"{'type': 'ContractLineItem__c', 'url': '/services/data/v67.0/sobjects/ContractLineItem__c/a03RB00001NswajYAB'}",a03RB00001NswajYAB,株式会社URリンケージ(年額払い)_2025/03,001RB00001VTtIPYA1,a04RB00000kUAO5YAO,a0BRB00000ynb602AA,2025/03,2025/03,2025-03-01,2025-03-31,,,,,8000,False,False,1,2026-06-21T16:13:55.000+0000,2026-07-28T02:33:19.000+0000,CN-00000031,株式会社URリンケージ(年額払い),解約,株式会社URリンケージ,,product_missing
"{'type': 'ContractLineItem__c', 'url': '/services/data/v67.0/sobjects/ContractLineItem__c/a03RB00001NswakYAB'}",a03RB00001NswakYAB,株式会社URリンケージ(年額払い)_2025/04,001RB00001VTtIPYA1,a04RB00000kUAO5YAO,a0BRB00000ynb602AA,2025/04,2025/04,2025-04-01,2025-04-30,,,,,8000,False,False,1,2026-06-21T16:13:55.000+0000,2026-07-28T02:33:19.000+0000,CN-00000031,株式会社URリンケージ(年額払い),解約,株式会社URリンケージ,,product_missing
"{'type': 'ContractLineItem__c', 'url': '/services/data/v67.0/sobjects/ContractLineItem__c/a03RB00001NswalYAB'}",a03RB00001NswalYAB,株式会社URリンケージ(年額払い)_2025/05,001RB00001VTtIPYA1,a04RB00000kUAO5YAO,a0BRB00000ynb602AA,2025/05,2025/05,2025-05-01,2025-05-31,,,,,8000,False,False,1,2026-06-21T16:13:55.000+0000,2026-07-28T02:33:19.000+0000,CN-00000031,株式会社URリンケージ(年額払い),解約,株式会社URリンケージ,,product_missing
"{'type': 'ContractLineItem__c', 'url': '/services/data/v67.0/sobjects/ContractLineItem__c/a03RB00001NswamYAB'}",a03RB00001NswamYAB,株式会社URリンケージ(年額払い)_2025/06,001RB00001VTtIPYA1,a04RB00000kUAO5YAO,a0BRB00000ynb602AA,2025/06,2025/06,2025-06-01,2025-06-30,,,,,8000,False,False,1,2026-06-21T16:13:55.000+0000,2026-07-28T02:33:19.000+0000,CN-00000031,株式会社URリンケージ(年額払い),解約,株式会社URリンケージ,,product_missing
"{'type': 'ContractLineItem__c', 'url': '/services/data/v67.0/sobjects/ContractLineItem__c/a03RB00001NswanYAB'}",a03RB00001NswanYAB,株式会社URリンケージ(年額払い)_2025/07,001RB00001VTtIPYA1,a04RB00000kUAO5YAO,a0BRB00000ynb602AA,2025/07,2025/07,2025-07-01,2025-07-31,,,,,8000,False,False,1,2026-06-21T16:13:55.000+0000,2026-07-28T02:33:19.000+0000,CN-00000031,株式会社URリンケージ(年額払い),解約,株式会社URリンケージ,,product_missing
"{'type': 'ContractLineItem__c', 'url': '/services/data/v67.0/sobjects/ContractLineItem__c/a03RB00001NswaoYAB'}",a03RB00001NswaoYAB,株式会社URリンケージ(年額払い)_2025/08,001RB00001VTtIPYA1,a04RB00000kUAO5YAO,a0BRB00000ynb602AA,2025/08,2025/08,2025-08-01,2025-08-31,,,,,8000,False,False,1,2026-06-21T16:13:55.000+0000,2026-07-28T02:33:19.000+0000,CN-00000031,株式会社URリンケージ(年額払い),解約,株式会社URリンケージ,,product_missing
"{'type': 'ContractLineItem__c', 'url': '/services/data/v67.0/sobjects/ContractLineItem__c/a03RB00001NswapYAB'}",a03RB00001NswapYAB,株式会社URリンケージ(年額払い)_2025/09,001RB00001VTtIPYA1,a04RB00000kUAO5YAO,a0BRB00000ynb602AA,2025/09,2025/09,2025-09-01,2025-09-30,,,,,8000,False,False,1,2026-06-21T16:13:55.000+0000,2026-07-28T02:33:19.000+0000,CN-00000031,株式会社URリンケージ(年額払い),解約,株式会社URリンケージ,,product_missing
"{'type': 'ContractLineItem__c', 'url': '/services/data/v67.0/sobjects/ContractLineItem__c/a03RB00001NswaqYAB'}",a03RB00001NswaqYAB,株式会社URリンケージ(年額払い)_2025/10,001RB00001VTtIPYA1,a04RB00000kUAO5YAO,a0BRB00000ynb602AA,2025/10,2025/10,2025-10-01,2025-10-31,,,,,8000,False,False,1,2026-06-21T16:13:55.000+0000,2026-07-28T02:33:19.000+0000,CN-00000031,株式会社URリンケージ(年額払い),解約,株式会社URリンケージ,,product_missing
"{'type': 'ContractLineItem__c', 'url': '/services/data/v67.0/sobjects/ContractLineItem__c/a03RB00001NswarYAB'}",a03RB00001NswarYAB,株式会社URリンケージ(年額払い)_2025/11,001RB00001VTtIPYA1,a04RB00000kUAO5YAO,a0BRB00000ynb602AA,2025/11,2025/11,2025-11-01,2025-11-30,,,,,8000,False,False,1,2026-06-21T16:13:55.000+0000,2026-07-28T02:33:19.000+0000,CN-00000031,株式会社URリンケージ(年額払い),解約,株式会社URリンケージ,,product_missing
"{'type': 'ContractLineItem__c', 'url': '/services/data/v67.0/sobjects/ContractLineItem__c/a03RB00001NswasYAB'}",a03RB00001NswasYAB,株式会社URリンケージ(年額払い)_2025/12,001RB00001VTtIPYA1,a04RB00000kUAO5YAO,a0BRB00000ynb602AA,2025/12,2025/12,2025-12-01,2025-12-31,,,,,8000,False,False,1,2026-06-21T16:13:55.000+0000,2026-07-28T02:33:19.000+0000,CN-00000031,株式会社URリンケージ(年額払い),解約,株式会社URリンケージ,,product_missing
"{'type': 'ContractLineItem__c', 'url': '/services/data/v67.0/sobjects/ContractLineItem__c/a03RB00001NswatYAB'}",a03RB00001NswatYAB,株式会社URリンケージ(年額払い)_2026/01,001RB00001VTtIPYA1,a04RB00000kUAO5YAO,a0BRB00000ynb602AA,2026/01,2026/01,2026-01-01,2026-01-31,,,,,8000,False,False,1,2026-06-21T16:13:55.000+0000,2026-07-28T02:33:19.000+0000,CN-00000031,株式会社URリンケージ(年額払い),解約,株式会社URリンケージ,,product_missing
"{'type': 'ContractLineItem__c', 'url': '/services/data/v67.0/sobjects/ContractLineItem__c/a03RB00001NswauYAB'}",a03RB00001NswauYAB,株式会社URリンケージ(年額払い)_2026/02,001RB00001VTtIPYA1,a04RB00000kUAO5YAO,a0BRB00000ynb602AA,2026/02,2026/02,2026-02-01,2026-02-28,,,,,8000,False,False,1,2026-06-21T16:13:55.000+0000,2026-07-28T02:33:19.000+0000,CN-00000031,株式会社URリンケージ(年額払い),解約,株式会社URリンケージ,,product_missing
"{'type': 'ContractLineItem__c', 'url': '/services/data/v67.0/sobjects/ContractLineItem__c/a03RB00001NswavYAB'}",a03RB00001NswavYAB,佐伯綜合建設(大塚商会)_2025/02,001RB00001VTtIQYA1,a04RB00000kUAO6YAO,a0BRB00000ynb612AA,2025/02,2025/02,2025-02-01,2025-02-28,,,,,6400,False,False,1,2026-06-21T16:13:55.000+0000,2026-07-28T02:33:19.000+0000,CN-00000032,佐伯綜合建設(大塚商会),Activated,佐伯綜合建設,,product_missing
"{'type': 'ContractLineItem__c', 'url': '/services/data/v67.0/sobjects/ContractLineItem__c/a03RB00001NswawYAB'}",a03RB00001NswawYAB,佐伯綜合建設(大塚商会)_2025/03,001RB00001VTtIQYA1,a04RB00000kUAO6YAO,a0BRB00000ynb612AA,2025/03,2025/03,2025-03-01,2025-03-31,,,,,6400,False,False,1,2026-06-21T16:13:55.000+0000,2026-07-28T02:33:19.000+0000,CN-00000032,佐伯綜合建設(大塚商会),Activated,佐伯綜合建設,,product_missing
"{'type': 'ContractLineItem__c', 'url': '/services/data/v67.0/sobjects/ContractLineItem__c/a03RB00001NswaxYAB'}",a03RB00001NswaxYAB,佐伯綜合建設(大塚商会)_2025/04,001RB00001VTtIQYA1,a04RB00000kUAO6YAO,a0BRB00000ynb612AA,2025/04,2025/04,2025-04-01,2025-04-30,,,,,6400,False,False,1,2026-06-21T16:13:55.000+0000,2026-07-28T02:33:19.000+0000,CN-00000032,佐伯綜合建設(大塚商会),Activated,佐伯綜合建設,,product_missing
"{'type': 'ContractLineItem__c', 'url': '/services/data/v67.0/sobjects/ContractLineItem__c/a03RB00001NswayYAB'}",a03RB00001NswayYAB,佐伯綜合建設(大塚商会)_2025/05,001RB00001VTtIQYA1,a04RB00000kUAO6YAO,a0BRB00000ynb612AA,2025/05,2025/05,2025-05-01,2025-05-31,,,,,6400,False,False,1,2026-06-21T16:13:55.000+0000,2026-07-28T02:33:19.000+0000,CN-00000032,佐伯綜合建設(大塚商会),Activated,佐伯綜合建設,,product_missing
"{'type': 'ContractLineItem__c', 'url': '/services/data/v67.0/sobjects/ContractLineItem__c/a03RB00001NswazYAB'}",a03RB00001NswazYAB,佐伯綜合建設(大塚商会)_2025/06,001RB00001VTtIQYA1,a04RB00000kUAO6YAO,a0BRB00000ynb612AA,2025/06,2025/06,2025-06-01,2025-06-30,,,,,6400,False,False,1,2026-06-21T16:13:55.000+0000,2026-07-28T02:33:19.000+0000,CN-00000032,佐伯綜合建設(大塚商会),Activated,佐伯綜合建設,,product_missing
"{'type': 'ContractLineItem__c', 'url': '/services/data/v67.0/sobjects/ContractLineItem__c/a03RB00001Nswb0YAB'}",a03RB00001Nswb0YAB,佐伯綜合建設(大塚商会)_2025/07,001RB00001VTtIQYA1,a04RB00000kUAO6YAO,a0BRB00000ynb612AA,2025/07,2025/07,2025-07-01,2025-07-31,,,,,6400,False,False,1,2026-06-21T16:13:55.000+0000,2026-07-28T02:33:19.000+0000,CN-00000032,佐伯綜合建設(大塚商会),Activated,佐伯綜合建設,,product_missing
"{'type': 'ContractLineItem__c', 'url': '/services/data/v67.0/sobjects/ContractLineItem__c/a03RB00001Nswb1YAB'}",a03RB00001Nswb1YAB,佐伯綜合建設(大塚商会)_2025/08,001RB00001VTtIQYA1,a04RB00000kUAO6YAO,a0BRB00000ynb612AA,2025/08,2025/08,2025-08-01,2025-08-31,,,,,6400,False,False,1,2026-06-21T16:13:55.000+0000,2026-07-28T02:33:19.000+0000,CN-00000032,佐伯綜合建設(大塚商会),Activated,佐伯綜合建設,,product_missing
"{'type': 'ContractLineItem__c', 'url': '/services/data/v67.0/sobjects/ContractLineItem__c/a03RB00001Nswb2YAB'}",a03RB00001Nswb2YAB,佐伯綜合建設(大塚商会)_2025/09,001RB00001VTtIQYA1,a04RB00000kUAO6YAO,a0BRB00000ynb612AA,2025/09,2025/09,2025-09-01,2025-09-30,,,,,6400,False,False,1,2026-06-21T16:13:55.000+0000,2026-07-28T02:33:19.000+0000,CN-00000032,佐伯綜合建設(大塚商会),Activated,佐伯綜合建設,,product_missing
"{'type': 'ContractLineItem__c', 'url': '/services/data/v67.0/sobjects/ContractLineItem__c/a03RB00001Nswb3YAB'}",a03RB00001Nswb3YAB,佐伯綜合建設(大塚商会)_2025/10,001RB00001VTtIQYA1,a04RB00000kUAO6YAO,a0BRB00000ynb612AA,2025/10,2025/10,2025-10-01,2025-10-31,,,,,6400,False,False,1,2026-06-21T16:13:55.000+0000,2026-07-28T02:33:19.000+0000,CN-00000032,佐伯綜合建設(大塚商会),Activated,佐伯綜合建設,,product_missing
"{'type': 'ContractLineItem__c', 'url': '/services/data/v67.0/sobjects/ContractLineItem__c/a03RB00001Nswb4YAB'}",a03RB00001Nswb4YAB,佐伯綜合建設(大塚商会)_2025/11,001RB00001VTtIQYA1,a04RB00000kUAO6YAO,a0BRB00000ynb612AA,2025/11,2025/11,2025-11-01,2025-11-30,,,,,6400,False,False,1,2026-06-21T16:13:55.000+0000,2026-07-28T02:33:19.000+0000,CN-00000032,佐伯綜合建設(大塚商会),Activated,佐伯綜合建設,,product_missing
"{'type': 'ContractLineItem__c', 'url': '/services/data/v67.0/sobjects/ContractLineItem__c/a03RB00001Nswb5YAB'}",a03RB00001Nswb5YAB,佐伯綜合建設(大塚商会)_2025/12,001RB00001VTtIQYA1,a04RB00000kUAO6YAO,a0BRB00000ynb612AA,2025/12,2025/12,2025-12-01,2025-12-31,,,,,6400,False,False,1,2026-06-21T16:13:55.000+0000,2026-07-28T02:33:19.000+0000,CN-00000032,佐伯綜合建設(大塚商会),Activated,佐伯綜合建設,,product_missing
"{'type': 'ContractLineItem__c', 'url': '/services/data/v67.0/sobjects/ContractLineItem__c/a03RB00001Nswb6YAB'}",a03RB00001Nswb6YAB,佐伯綜合建設(大塚商会)_2026/01,001RB00001VTtIQYA1,a04RB00000kUAO6YAO,a0BRB00000ynb612AA,2026/01,2026/01,2026-01-01,2026-01-31,,,,,6400,False,False,1,2026-06-21T16:13:55.000+0000,2026-07-28T02:33:19.000+0000,CN-00000032,佐伯綜合建設(大塚商会),Activated,佐伯綜合建設,,product_missing
"{'type': 'ContractLineItem__c', 'url': '/services/data/v67.0/sobjects/ContractLineItem__c/a03RB00001Nswb7YAB'}",a03RB00001Nswb7YAB,佐伯綜合建設(大塚商会)_2026/02,001RB00001VTtIQYA1,a04RB00000kUAO6YAO,a0BRB00000ynb612AA,2026/02,2026/02,2026-02-01,2026-02-28,,,,,6400,False,False,1,2026-06-21T16:13:55.000+0000,2026-07-28T02:33:19.000+0000,CN-00000032,佐伯綜合建設(大塚商会),Activated,佐伯綜合建設,,product_missing
"{'type': 'ContractLineItem__c', 'url': '/services/data/v67.0/sobjects/ContractLineItem__c/a03RB00001Nswb8YAB'}",a03RB00001Nswb8YAB,佐伯綜合建設(大塚商会)_2026/03,001RB00001VTtIQYA1,a04RB00000kUAO6YAO,a0BRB00000ynb612AA,2026/03,2026/03,2026-03-01,2026-03-31,,,,,6400,False,False,1,2026-06-21T16:13:55.000+0000,2026-07-28T02:33:19.000+0000,CN-00000032,佐伯綜合建設(大塚商会),Activated,佐伯綜合建設,,product_missing
"{'type': 'ContractLineItem__c', 'url': '/services/data/v67.0/sobjects/ContractLineItem__c/a03RB00001Nswb9YAB'}",a03RB00001Nswb9YAB,佐伯綜合建設(大塚商会)_2026/04,001RB00001VTtIQYA1,a04RB00000kUAO6YAO,a0BRB00000ynb612AA,2026/04,2026/04,2026-04-01,2026-04-30,,,,,6400,False,False,1,2026-06-21T16:13:55.000+0000,2026-07-28T02:33:19.000+0000,CN-00000032,佐伯綜合建設(大塚商会),Activated,佐伯綜合建設,,product_missing
"{'type': 'ContractLineItem__c', 'url': '/services/data/v67.0/sobjects/ContractLineItem__c/a03RB00001NswbAYAR'}",a03RB00001NswbAYAR,佐伯綜合建設(大塚商会)_2026/05,001RB00001VTtIQYA1,a04RB00000kUAO6YAO,a0BRB00000ynb612AA,2026/05,2026/05,2026-05-01,2026-05-31,,,,,6400,False,False,1,2026-06-21T16:13:55.000+0000,2026-07-28T02:33:19.000+0000,CN-00000032,佐伯綜合建設(大塚商会),Activated,佐伯綜合建設,,product_missing
"{'type': 'ContractLineItem__c', 'url': '/services/data/v67.0/sobjects/ContractLineItem__c/a03RB00001NswbBYAR'}",a03RB00001NswbBYAR,佐伯綜合建設(大塚商会)_2026/06,001RB00001VTtIQYA1,a04RB00000kUAO6YAO,a0BRB00000ynb612AA,2026/06,2026/06,2026-06-01,2026-06-30,,,,,6400,False,False,1,2026-06-21T16:13:55.000+0000,2026-07-28T02:33:19.000+0000,CN-00000032,佐伯綜合建設(大塚商会),Activated,佐伯綜合建設,,product_missing
"{'type': 'ContractLineItem__c', 'url': '/services/data/v67.0/sobjects/ContractLineItem__c/a03RB00001NswbCYAR'}",a03RB00001NswbCYAR,佐伯綜合建設(大塚商会)_2026/07,001RB00001VTtIQYA1,a04RB00000kUAO6YAO,a0BRB00000ynb612AA,2026/07,2026/07,2026-07-01,2026-07-31,,,,,6400,False,False,1,2026-06-21T16:13:55.000+0000,2026-07-28T02:33:19.000+0000,CN-00000032,佐伯綜合建設(大塚商会),Activated,佐伯綜合建設,,product_missing
"{'type': 'ContractLineItem__c', 'url': '/services/data/v67.0/sobjects/ContractLineItem__c/a03RB00001NswbDYAR'}",a03RB00001NswbDYAR,佐伯綜合建設(大塚商会)_2026/08,001RB00001VTtIQYA1,a04RB00000kUAO6YAO,a0BRB00000ynb612AA,2026/08,2026/08,2026-08-01,2026-08-31,,,,,6400,False,False,1,2026-06-21T16:13:55.000+0000,2026-07-28T02:33:19.000+0000,CN-00000032,佐伯綜合建設(大塚商会),Activated,佐伯綜合建設,,product_missing
"{'type': 'ContractLineItem__c', 'url': '/services/data/v67.0/sobjects/ContractLineItem__c/a03RB00001NswbEYAR'}",a03RB00001NswbEYAR,佐伯綜合建設(大塚商会)_2026/09,001RB00001VTtIQYA1,a04RB00000kUAO6YAO,a0BRB00000ynb612AA,2026/09,2026/09,2026-09-01,2026-09-30,,,,,6400,False,False,1,2026-06-21T16:13:55.000+0000,2026-07-28T02:33:19.000+0000,CN-00000032,佐伯綜合建設(大塚商会),Activated,佐伯綜合建設,,product_missing
"{'type': 'ContractLineItem__c', 'url': '/services/data/v67.0/sobjects/ContractLineItem__c/a03RB00001NswbFYAR'}",a03RB00001NswbFYAR,佐伯綜合建設(大塚商会)_2026/10,001RB00001VTtIQYA1,a04RB00000kUAO6YAO,a0BRB00000ynb612AA,2026/10,2026/10,2026-10-01,2026-10-31,,,,,6400,False,False,1,2026-06-21T16:13:55.000+0000,2026-07-28T02:33:19.000+0000,CN-00000032,佐伯綜合建設(大塚商会),Activated,佐伯綜合建設,,product_missing
"{'type': 'ContractLineItem__c', 'url': '/services/data/v67.0/sobjects/ContractLineItem__c/a03RB00001NswbGYAR'}",a03RB00001NswbGYAR,佐伯綜合建設(大塚商会)_2026/11,001RB00001VTtIQYA1,a04RB00000kUAO6YAO,a0BRB00000ynb612AA,2026/11,2026/11,2026-11-01,2026-11-30,,,,,6400,False,False,1,2026-06-21T16:13:55.000+0000,2026-07-28T02:33:19.000+0000,CN-00000032,佐伯綜合建設(大塚商会),Activated,佐伯綜合建設,,product_missing
"{'type': 'ContractLineItem__c', 'url': '/services/data/v67.0/sobjects/ContractLineItem__c/a03RB00001NswbHYAR'}",a03RB00001NswbHYAR,佐伯綜合建設(大塚商会)_2026/12,001RB00001VTtIQYA1,a04RB00000kUAO6YAO,a0BRB00000ynb612AA,2026/12,2026/12,2026-12-01,2026-12-31,,,,,6400,False,False,1,2026-06-21T16:13:55.000+0000,2026-07-28T02:33:19.000+0000,CN-00000032,佐伯綜合建設(大塚商会),Activated,佐伯綜合建設,,product_missing
"{'type': 'ContractLineItem__c', 'url': '/services/data/v67.0/sobjects/ContractLineItem__c/a03RB00001NswbIYAR'}",a03RB00001NswbIYAR,佐伯綜合建設(大塚商会)_2027/01,001RB00001VTtIQYA1,a04RB00000kUAO6YAO,a0BRB00000ynb612AA,2027/01,2027/01,2027-01-01,2027-01-31,,,,,6400,False,False,1,2026-06-21T16:13:55.000+0000,2026-07-28T02:33:19.000+0000,CN-00000032,佐伯綜合建設(大塚商会),Activated,佐伯綜合建設,,product_missing
"{'type': 'ContractLineItem__c', 'url': '/services/data/v67.0/sobjects/ContractLineItem__c/a03RB00001NswbXYAR'}",a03RB00001NswbXYAR,株式会社乃村工藝社_2025/01,001RB00001VTCZZYA5,a04RB00000kUAO8YAO,a0BRB00000ynb632AA,2025/01,2025/01,2025-01-01,2025-01-31,,,,,16000,False,False,2,2026-06-21T16:13:55.000+0000,2026-07-28T02:33:19.000+0000,CN-00000034,株式会社乃村工藝社,解約,株式会社乃村工藝社,,product_missing
"{'type': 'ContractLineItem__c', 'url': '/services/data/v67.0/sobjects/ContractLineItem__c/a03RB00001NswbYYAR'}",a03RB00001NswbYYAR,株式会社乃村工藝社_2025/02,001RB00001VTCZZYA5,a04RB00000kUAO8YAO,a0BRB00000ynb632AA,2025/02,2025/02,2025-02-01,2025-02-28,,,,,16000,False,False,2,2026-06-21T16:13:55.000+0000,2026-07-28T02:33:19.000+0000,CN-00000034,株式会社乃村工藝社,解約,株式会社乃村工藝社,,product_missing
"{'type': 'ContractLineItem__c', 'url': '/services/data/v67.0/sobjects/ContractLineItem__c/a03RB00001NswbZYAR'}",a03RB00001NswbZYAR,株式会社乃村工藝社_2025/03,001RB00001VTCZZYA5,a04RB00000kUAO8YAO,a0BRB00000ynb632AA,2025/03,2025/03,2025-03-01,2025-03-31,,,,,16000,False,False,2,2026-06-21T16:13:55.000+0000,2026-07-28T02:33:19.000+0000,CN-00000034,株式会社乃村工藝社,解約,株式会社乃村工藝社,,product_missing
"{'type': 'ContractLineItem__c', 'url': '/services/data/v67.0/sobjects/ContractLineItem__c/a03RB00001NswbaYAB'}",a03RB00001NswbaYAB,株式会社乃村工藝社_2025/04,001RB00001VTCZZYA5,a04RB00000kUAO8YAO,a0BRB00000ynb632AA,2025/04,2025/04,2025-04-01,2025-04-30,,,,,16000,False,False,2,2026-06-21T16:13:55.000+0000,2026-07-28T02:33:19.000+0000,CN-00000034,株式会社乃村工藝社,解約,株式会社乃村工藝社,,product_missing
"{'type': 'ContractLineItem__c', 'url': '/services/data/v67.0/sobjects/ContractLineItem__c/a03RB00001NswbbYAB'}",a03RB00001NswbbYAB,矢作建設工業株式会社_2025/04,001RB00001VTqlfYAD,a04RB00000kUAO9YAO,a0BRB00000ynb642AA,2025/04,2025/04,2025-04-01,2025-04-30,,,,,32000,False,False,4,2026-06-21T16:13:55.000+0000,2026-07-28T02:33:19.000+0000,CN-00000035,矢作建設工業株式会社,Activated,矢作建設工業株式会社,,product_missing
"{'type': 'ContractLineItem__c', 'url': '/services/data/v67.0/sobjects/ContractLineItem__c/a03RB00001NswbcYAB'}",a03RB00001NswbcYAB,矢作建設工業株式会社_2025/07,001RB00001VTqlfYAD,a04RB00000kUAO9YAO,a0BRB00000ynb642AA,2025/07,2025/07,2025-07-01,2025-07-31,,,,,55000,False,False,5,2026-06-21T16:13:55.000+0000,2026-07-28T02:33:19.000+0000,CN-00000035,矢作建設工業株式会社,Activated,矢作建設工業株式会社,,product_missing
"{'type': 'ContractLineItem__c', 'url': '/services/data/v67.0/sobjects/ContractLineItem__c/a03RB00001NswbdYAB'}",a03RB00001NswbdYAB,矢作建設工業株式会社_2025/08,001RB00001VTqlfYAD,a04RB00000kUAO9YAO,a0BRB00000ynb642AA,2025/08,2025/08,2025-08-01,2025-08-31,,,,,49584,False,False,5,2026-06-21T16:13:55.000+0000,2026-07-28T02:33:19.000+0000,CN-00000035,矢作建設工業株式会社,Activated,矢作建設工業株式会社,,product_missing
"{'type': 'ContractLineItem__c', 'url': '/services/data/v67.0/sobjects/ContractLineItem__c/a03RB00001NswbeYAB'}",a03RB00001NswbeYAB,矢作建設工業株式会社_2025/09,001RB00001VTqlfYAD,a04RB00000kUAO9YAO,a0BRB00000ynb642AA,2025/09,2025/09,2025-09-01,2025-09-30,,,,,49584,False,False,5,2026-06-21T16:13:55.000+0000,2026-07-28T02:33:19.000+0000,CN-00000035,矢作建設工業株式会社,Activated,矢作建設工業株式会社,,product_missing
"{'type': 'ContractLineItem__c', 'url': '/services/data/v67.0/sobjects/ContractLineItem__c/a03RB00001NswbfYAB'}",a03RB00001NswbfYAB,矢作建設工業株式会社_2025/10,001RB00001VTqlfYAD,a04RB00000kUAO9YAO,a0BRB00000ynb642AA,2025/10,2025/10,2025-10-01,2025-10-31,,,,,49584,False,False,5,2026-06-21T16:13:55.000+0000,2026-07-28T02:33:19.000+0000,CN-00000035,矢作建設工業株式会社,Activated,矢作建設工業株式会社,,product_missing
"{'type': 'ContractLineItem__c', 'url': '/services/data/v67.0/sobjects/ContractLineItem__c/a03RB00001NswbgYAB'}",a03RB00001NswbgYAB,矢作建設工業株式会社_2025/11,001RB00001VTqlfYAD,a04RB00000kUAO9YAO,a0BRB00000ynb642AA,2025/11,2025/11,2025-11-01,2025-11-30,,,,,49584,False,False,5,2026-06-21T16:13:55.000+0000,2026-07-28T02:33:19.000+0000,CN-00000035,矢作建設工業株式会社,Activated,矢作建設工業株式会社,,product_missing
"{'type': 'ContractLineItem__c', 'url': '/services/data/v67.0/sobjects/ContractLineItem__c/a03RB00001NswbhYAB'}",a03RB00001NswbhYAB,矢作建設工業株式会社_2025/12,001RB00001VTqlfYAD,a04RB00000kUAO9YAO,a0BRB00000ynb642AA,2025/12,2025/12,2025-12-01,2025-12-31,,,,,49584,False,False,5,2026-06-21T16:13:55.000+0000,2026-07-28T02:33:19.000+0000,CN-00000035,矢作建設工業株式会社,Activated,矢作建設工業株式会社,,product_missing
"{'type': 'ContractLineItem__c', 'url': '/services/data/v67.0/sobjects/ContractLineItem__c/a03RB00001NswbiYAB'}",a03RB00001NswbiYAB,矢作建設工業株式会社_2026/01,001RB00001VTqlfYAD,a04RB00000kUAO9YAO,a0BRB00000ynb642AA,2026/01,2026/01,2026-01-01,2026-01-31,,,,,49584,False,False,5,2026-06-21T16:13:55.000+0000,2026-07-28T02:33:19.000+0000,CN-00000035,矢作建設工業株式会社,Activated,矢作建設工業株式会社,,product_missing
"{'type': 'ContractLineItem__c', 'url': '/services/data/v67.0/sobjects/ContractLineItem__c/a03RB00001NswbjYAB'}",a03RB00001NswbjYAB,矢作建設工業株式会社_2026/02,001RB00001VTqlfYAD,a04RB00000kUAO9YAO,a0BRB00000ynb642AA,2026/02,2026/02,2026-02-01,2026-02-28,,,,,49584,False,False,5,2026-06-21T16:13:55.000+0000,2026-07-28T02:33:19.000+0000,CN-00000035,矢作建設工業株式会社,Activated,矢作建設工業株式会社,,product_missing
"{'type': 'ContractLineItem__c', 'url': '/services/data/v67.0/sobjects/ContractLineItem__c/a03RB00001NswbkYAB'}",a03RB00001NswbkYAB,矢作建設工業株式会社_2026/03,001RB00001VTqlfYAD,a04RB00000kUAO9YAO,a0BRB00000ynb642AA,2026/03,2026/03,2026-03-01,2026-03-31,,,,,49584,False,False,5,2026-06-21T16:13:55.000+0000,2026-07-28T02:33:19.000+0000,CN-00000035,矢作建設工業株式会社,Activated,矢作建設工業株式会社,,product_missing
"{'type': 'ContractLineItem__c', 'url': '/services/data/v67.0/sobjects/ContractLineItem__c/a03RB00001NswblYAB'}",a03RB00001NswblYAB,矢作建設工業株式会社_2026/04,001RB00001VTqlfYAD,a04RB00000kUAO9YAO,a0BRB00000ynb642AA,2026/04,2026/04,2026-04-01,2026-04-30,,,,,49584,False,False,5,2026-06-21T16:13:55.000+0000,2026-07-28T02:33:19.000+0000,CN-00000035,矢作建設工業株式会社,Activated,矢作建設工業株式会社,,product_missing
"{'type': 'ContractLineItem__c', 'url': '/services/data/v67.0/sobjects/ContractLineItem__c/a03RB00001NswbmYAB'}",a03RB00001NswbmYAB,矢作建設工業株式会社_2026/05,001RB00001VTqlfYAD,a04RB00000kUAO9YAO,a0BRB00000ynb642AA,2026/05,2026/05,2026-05-01,2026-05-31,,,,,49584,False,False,5,2026-06-21T16:13:55.000+0000,2026-07-28T02:33:19.000+0000,CN-00000035,矢作建設工業株式会社,Activated,矢作建設工業株式会社,,product_missing
"{'type': 'ContractLineItem__c', 'url': '/services/data/v67.0/sobjects/ContractLineItem__c/a03RB00001NswbnYAB'}",a03RB00001NswbnYAB,矢作建設工業株式会社_2026/06,001RB00001VTqlfYAD,a04RB00000kUAO9YAO,a0BRB00000ynb642AA,2026/06,2026/06,2026-06-01,2026-06-30,,,,,49584,False,False,5,2026-06-21T16:13:55.000+0000,2026-07-28T02:33:19.000+0000,CN-00000035,矢作建設工業株式会社,Activated,矢作建設工業株式会社,,product_missing
"{'type': 'ContractLineItem__c', 'url': '/services/data/v67.0/sobjects/ContractLineItem__c/a03RB00001NswboYAB'}",a03RB00001NswboYAB,矢作建設工業株式会社_2026/07,001RB00001VTqlfYAD,a04RB00000kUAO9YAO,a0BRB00000ynb642AA,2026/07,2026/07,2026-07-01,2026-07-31,,,,,49584,False,False,5,2026-06-21T16:13:55.000+0000,2026-07-28T02:33:19.000+0000,CN-00000035,矢作建設工業株式会社,Activated,矢作建設工業株式会社,,product_missing
"{'type': 'ContractLineItem__c', 'url': '/services/data/v67.0/sobjects/ContractLineItem__c/a03RB00001Nswc2YAB'}",a03RB00001Nswc2YAB,大塚商会(株式会社長谷建築設計事務所様)_2025/04,001RB00001VTqleYAD,a04RB00000kUAOBYA4,a0BRB00000ynb662AA,2025/04,2025/04,2025-04-01,2025-04-30,,,,,6400,False,False,1,2026-06-21T16:13:55.000+0000,2026-07-28T02:33:19.000+0000,CN-00000037,大塚商会(株式会社長谷建築設計事務所様),解約,株式会社大塚商会,,product_missing
"{'type': 'ContractLineItem__c', 'url': '/services/data/v67.0/sobjects/ContractLineItem__c/a03RB00001Nswc3YAB'}",a03RB00001Nswc3YAB,大塚商会(株式会社長谷建築設計事務所様)_2025/05,001RB00001VTqleYAD,a04RB00000kUAOBYA4,a0BRB00000ynb662AA,2025/05,2025/05,2025-05-01,2025-05-31,,,,,6400,False,False,1,2026-06-21T16:13:55.000+0000,2026-07-28T02:33:19.000+0000,CN-00000037,大塚商会(株式会社長谷建築設計事務所様),解約,株式会社大塚商会,,product_missing
"{'type': 'ContractLineItem__c', 'url': '/services/data/v67.0/sobjects/ContractLineItem__c/a03RB00001Nswc4YAB'}",a03RB00001Nswc4YAB,大塚商会(株式会社長谷建築設計事務所様)_2026/04,001RB00001VTqleYAD,a04RB00000kUAOBYA4,a0BRB00000ynb662AA,2026/04,2026/04,2026-04-01,2026-04-30,,,,,6400,False,False,1,2026-06-21T16:13:55.000+0000,2026-07-28T02:33:19.000+0000,CN-00000037,大塚商会(株式会社長谷建築設計事務所様),解約,株式会社大塚商会,,product_missing
"{'type': 'ContractLineItem__c', 'url': '/services/data/v67.0/sobjects/ContractLineItem__c/a03RB00001Nswc5YAB'}",a03RB00001Nswc5YAB,アイリスオーヤマ（ストアデザイン部）_2025/05,001RB00001VTqkwYAD,a04RB00000kUAOCYA4,a0BRB00000ynb672AA,2025/05,2025/05,2025-05-01,2025-05-31,,,,,24000,False,False,3,2026-06-21T16:13:55.000+0000,2026-07-28T02:33:19.000+0000,CN-00000038,アイリスオーヤマ（ストアデザイン部）,解約,アイリスオーヤマ株式会社,,product_missing
"{'type': 'ContractLineItem__c', 'url': '/services/data/v67.0/sobjects/ContractLineItem__c/a03RB00001Nswc6YAB'}",a03RB00001Nswc6YAB,アイリスオーヤマ（空間デザイン部）_2025/05,001RB00001VTqkwYAD,a04RB00000kUAODYA4,a0BRB00000ynb682AA,2025/05,2025/05,2025-05-01,2025-05-31,,,,,8000,False,False,1,2026-06-21T16:13:55.000+0000,2026-07-28T02:33:19.000+0000,CN-00000039,アイリスオーヤマ（空間デザイン部）,解約,アイリスオーヤマ株式会社,,product_missing
"{'type': 'ContractLineItem__c', 'url': '/services/data/v67.0/sobjects/ContractLineItem__c/a03RB00001NswcYYAR'}",a03RB00001NswcYYAR,高松テクノサービス株式会社 ＊年払い、特別価格_2025/05,001RB00001VTqWXYA1,a04RB00000kUAOGYA4,a0BRB00000ynb6B2AQ,2025/05,2025/05,2025-05-01,2025-05-31,,,,,15834,False,False,2,2026-06-21T16:13:55.000+0000,2026-07-28T02:33:19.000+0000,CN-00000042,高松テクノサービス株式会社　＊年払い、特別価格,解約,高松テクノサービス株式会社,,product_missing
"{'type': 'ContractLineItem__c', 'url': '/services/data/v67.0/sobjects/ContractLineItem__c/a03RB00001NswcZYAR'}",a03RB00001NswcZYAR,高松テクノサービス株式会社 ＊年払い、特別価格_2025/06,001RB00001VTqWXYA1,a04RB00000kUAOGYA4,a0BRB00000ynb6B2AQ,2025/06,2025/06,2025-06-01,2025-06-30,,,,,15834,False,False,2,2026-06-21T16:13:55.000+0000,2026-07-28T02:33:19.000+0000,CN-00000042,高松テクノサービス株式会社　＊年払い、特別価格,解約,高松テクノサービス株式会社,,product_missing
"{'type': 'ContractLineItem__c', 'url': '/services/data/v67.0/sobjects/ContractLineItem__c/a03RB00001NswcaYAB'}",a03RB00001NswcaYAB,高松テクノサービス株式会社 ＊年払い、特別価格_2025/07,001RB00001VTqWXYA1,a04RB00000kUAOGYA4,a0BRB00000ynb6B2AQ,2025/07,2025/07,2025-07-01,2025-07-31,,,,,15834,False,False,2,2026-06-21T16:13:55.000+0000,2026-07-28T02:33:19.000+0000,CN-00000042,高松テクノサービス株式会社　＊年払い、特別価格,解約,高松テクノサービス株式会社,,product_missing
"{'type': 'ContractLineItem__c', 'url': '/services/data/v67.0/sobjects/ContractLineItem__c/a03RB00001NswcbYAB'}",a03RB00001NswcbYAB,高松テクノサービス株式会社 ＊年払い、特別価格_2025/08,001RB00001VTqWXYA1,a04RB00000kUAOGYA4,a0BRB00000ynb6B2AQ,2025/08,2025/08,2025-08-01,2025-08-31,,,,,15834,False,False,2,2026-06-21T16:13:55.000+0000,2026-07-28T02:33:19.000+0000,CN-00000042,高松テクノサービス株式会社　＊年払い、特別価格,解約,高松テクノサービス株式会社,,product_missing
"{'type': 'ContractLineItem__c', 'url': '/services/data/v67.0/sobjects/ContractLineItem__c/a03RB00001NswccYAB'}",a03RB00001NswccYAB,高松テクノサービス株式会社 ＊年払い、特別価格_2025/09,001RB00001VTqWXYA1,a04RB00000kUAOGYA4,a0BRB00000ynb6B2AQ,2025/09,2025/09,2025-09-01,2025-09-30,,,,,15834,False,False,2,2026-06-21T16:13:55.000+0000,2026-07-28T02:33:19.000+0000,CN-00000042,高松テクノサービス株式会社　＊年払い、特別価格,解約,高松テクノサービス株式会社,,product_missing
"{'type': 'ContractLineItem__c', 'url': '/services/data/v67.0/sobjects/ContractLineItem__c/a03RB00001NswcdYAB'}",a03RB00001NswcdYAB,高松テクノサービス株式会社 ＊年払い、特別価格_2025/10,001RB00001VTqWXYA1,a04RB00000kUAOGYA4,a0BRB00000ynb6B2AQ,2025/10,2025/10,2025-10-01,2025-10-31,,,,,15834,False,False,2,2026-06-21T16:13:55.000+0000,2026-07-28T02:33:19.000+0000,CN-00000042,高松テクノサービス株式会社　＊年払い、特別価格,解約,高松テクノサービス株式会社,,product_missing
"{'type': 'ContractLineItem__c', 'url': '/services/data/v67.0/sobjects/ContractLineItem__c/a03RB00001NswceYAB'}",a03RB00001NswceYAB,高松テクノサービス株式会社 ＊年払い、特別価格_2025/11,001RB00001VTqWXYA1,a04RB00000kUAOGYA4,a0BRB00000ynb6B2AQ,2025/11,2025/11,2025-11-01,2025-11-30,,,,,15834,False,False,2,2026-06-21T16:13:55.000+0000,2026-07-28T02:33:19.000+0000,CN-00000042,高松テクノサービス株式会社　＊年払い、特別価格,解約,高松テクノサービス株式会社,,product_missing
"{'type': 'ContractLineItem__c', 'url': '/services/data/v67.0/sobjects/ContractLineItem__c/a03RB00001NswcfYAB'}",a03RB00001NswcfYAB,高松テクノサービス株式会社 ＊年払い、特別価格_2025/12,001RB00001VTqWXYA1,a04RB00000kUAOGYA4,a0BRB00000ynb6B2AQ,2025/12,2025/12,2025-12-01,2025-12-31,,,,,15834,False,False,2,2026-06-21T16:13:55.000+0000,2026-07-28T02:33:19.000+0000,CN-00000042,高松テクノサービス株式会社　＊年払い、特別価格,解約,高松テクノサービス株式会社,,product_missing
"{'type': 'ContractLineItem__c', 'url': '/services/data/v67.0/sobjects/ContractLineItem__c/a03RB00001NswcgYAB'}",a03RB00001NswcgYAB,高松テクノサービス株式会社 ＊年払い、特別価格_2026/01,001RB00001VTqWXYA1,a04RB00000kUAOGYA4,a0BRB00000ynb6B2AQ,2026/01,2026/01,2026-01-01,2026-01-31,,,,,15834,False,False,2,2026-06-21T16:13:55.000+0000,2026-07-28T02:33:19.000+0000,CN-00000042,高松テクノサービス株式会社　＊年払い、特別価格,解約,高松テクノサービス株式会社,,product_missing
"{'type': 'ContractLineItem__c', 'url': '/services/data/v67.0/sobjects/ContractLineItem__c/a03RB00001NswchYAB'}",a03RB00001NswchYAB,高松テクノサービス株式会社 ＊年払い、特別価格_2026/02,001RB00001VTqWXYA1,a04RB00000kUAOGYA4,a0BRB00000ynb6B2AQ,2026/02,2026/02,2026-02-01,2026-02-28,,,,,15834,False,False,2,2026-06-21T16:13:55.000+0000,2026-07-28T02:33:19.000+0000,CN-00000042,高松テクノサービス株式会社　＊年払い、特別価格,解約,高松テクノサービス株式会社,,product_missing
"{'type': 'ContractLineItem__c', 'url': '/services/data/v67.0/sobjects/ContractLineItem__c/a03RB00001NswciYAB'}",a03RB00001NswciYAB,高松テクノサービス株式会社 ＊年払い、特別価格_2026/03,001RB00001VTqWXYA1,a04RB00000kUAOGYA4,a0BRB00000ynb6B2AQ,2026/03,2026/03,2026-03-01,2026-03-31,,,,,15834,False,False,2,2026-06-21T16:13:55.000+0000,2026-07-28T02:33:19.000+0000,CN-00000042,高松テクノサービス株式会社　＊年払い、特別価格,解約,高松テクノサービス株式会社,,product_missing
"{'type': 'ContractLineItem__c', 'url': '/services/data/v67.0/sobjects/ContractLineItem__c/a03RB00001NswcjYAB'}",a03RB00001NswcjYAB,高松テクノサービス株式会社 ＊年払い、特別価格_2026/04,001RB00001VTqWXYA1,a04RB00000kUAOGYA4,a0BRB00000ynb6B2AQ,2026/04,2026/04,2026-04-01,2026-04-30,,,,,15834,False,False,2,2026-06-21T16:13:55.000+0000,2026-07-28T02:33:19.000+0000,CN-00000042,高松テクノサービス株式会社　＊年払い、特別価格,解約,高松テクノサービス株式会社,,product_missing
"{'type': 'ContractLineItem__c', 'url': '/services/data/v67.0/sobjects/ContractLineItem__c/a03RB00001NswckYAB'}",a03RB00001NswckYAB,株式会社ジョイフル本田_2025/05,001RB00001VTqkQYAT,a04RB00000kUAOHYA4,a0BRB00000ynb6C2AQ,2025/05,2025/05,2025-05-01,2025-05-31,,,,,55000,False,False,5,2026-06-21T16:13:55.000+0000,2026-07-28T02:33:19.000+0000,CN-00000043,株式会社ジョイフル本田,解約,株式会社ジョイフル本田,,product_missing
"{'type': 'ContractLineItem__c', 'url': '/services/data/v67.0/sobjects/ContractLineItem__c/a03RB00001NswclYAB'}",a03RB00001NswclYAB,株式会社ジョイフル本田_2025/06,001RB00001VTqkQYAT,a04RB00000kUAOHYA4,a0BRB00000ynb6C2AQ,2025/06,2025/06,2025-06-01,2025-06-30,,,,,55000,False,False,5,2026-06-21T16:13:55.000+0000,2026-07-28T02:33:19.000+0000,CN-00000043,株式会社ジョイフル本田,解約,株式会社ジョイフル本田,,product_missing
"{'type': 'ContractLineItem__c', 'url': '/services/data/v67.0/sobjects/ContractLineItem__c/a03RB00001NswcmYAB'}",a03RB00001NswcmYAB,株式会社ジョイフル本田_2025/07,001RB00001VTqkQYAT,a04RB00000kUAOHYA4,a0BRB00000ynb6C2AQ,2025/07,2025/07,2025-07-01,2025-07-31,,,,,55000,False,False,5,2026-06-21T16:13:55.000+0000,2026-07-28T02:33:19.000+0000,CN-00000043,株式会社ジョイフル本田,解約,株式会社ジョイフル本田,,product_missing
"{'type': 'ContractLineItem__c', 'url': '/services/data/v67.0/sobjects/ContractLineItem__c/a03RB00001NswcnYAB'}",a03RB00001NswcnYAB,株式会社ジョイフル本田_2025/08,001RB00001VTqkQYAT,a04RB00000kUAOHYA4,a0BRB00000ynb6C2AQ,2025/08,2025/08,2025-08-01,2025-08-31,,,,,55000,False,False,5,2026-06-21T16:13:55.000+0000,2026-07-28T02:33:19.000+0000,CN-00000043,株式会社ジョイフル本田,解約,株式会社ジョイフル本田,,product_missing
"{'type': 'ContractLineItem__c', 'url': '/services/data/v67.0/sobjects/ContractLineItem__c/a03RB00001NswcoYAB'}",a03RB00001NswcoYAB,株式会社ジョイフル本田_2025/09,001RB00001VTqkQYAT,a04RB00000kUAOHYA4,a0BRB00000ynb6C2AQ,2025/09,2025/09,2025-09-01,2025-09-30,,,,,55000,False,False,5,2026-06-21T16:13:55.000+0000,2026-07-28T02:33:19.000+0000,CN-00000043,株式会社ジョイフル本田,解約,株式会社ジョイフル本田,,product_missing
"{'type': 'ContractLineItem__c', 'url': '/services/data/v67.0/sobjects/ContractLineItem__c/a03RB00001NswcpYAB'}",a03RB00001NswcpYAB,株式会社ジョイフル本田_2025/10,001RB00001VTqkQYAT,a04RB00000kUAOHYA4,a0BRB00000ynb6C2AQ,2025/10,2025/10,2025-10-01,2025-10-31,,,,,55000,False,False,5,2026-06-21T16:13:55.000+0000,2026-07-28T02:33:19.000+0000,CN-00000043,株式会社ジョイフル本田,解約,株式会社ジョイフル本田,,product_missing
"{'type': 'ContractLineItem__c', 'url': '/services/data/v67.0/sobjects/ContractLineItem__c/a03RB00001NswcqYAB'}",a03RB00001NswcqYAB,株式会社ジョイフル本田_2025/11,001RB00001VTqkQYAT,a04RB00000kUAOHYA4,a0BRB00000ynb6C2AQ,2025/11,2025/11,2025-11-01,2025-11-30,,,,,55000,False,False,5,2026-06-21T16:13:55.000+0000,2026-07-28T02:33:19.000+0000,CN-00000043,株式会社ジョイフル本田,解約,株式会社ジョイフル本田,,product_missing
"{'type': 'ContractLineItem__c', 'url': '/services/data/v67.0/sobjects/ContractLineItem__c/a03RB00001NswcrYAB'}",a03RB00001NswcrYAB,株式会社ジョイフル本田_2025/12,001RB00001VTqkQYAT,a04RB00000kUAOHYA4,a0BRB00000ynb6C2AQ,2025/12,2025/12,2025-12-01,2025-12-31,,,,,55000,False,False,5,2026-06-21T16:13:55.000+0000,2026-07-28T02:33:19.000+0000,CN-00000043,株式会社ジョイフル本田,解約,株式会社ジョイフル本田,,product_missing
"{'type': 'ContractLineItem__c', 'url': '/services/data/v67.0/sobjects/ContractLineItem__c/a03RB00001NswcsYAB'}",a03RB00001NswcsYAB,株式会社ジョイフル本田_2026/01,001RB00001VTqkQYAT,a04RB00000kUAOHYA4,a0BRB00000ynb6C2AQ,2026/01,2026/01,2026-01-01,2026-01-31,,,,,55000,False,False,5,2026-06-21T16:13:55.000+0000,2026-07-28T02:33:19.000+0000,CN-00000043,株式会社ジョイフル本田,解約,株式会社ジョイフル本田,,product_missing
"{'type': 'ContractLineItem__c', 'url': '/services/data/v67.0/sobjects/ContractLineItem__c/a03RB00001NswctYAB'}",a03RB00001NswctYAB,株式会社ジョイフル本田_2026/02,001RB00001VTqkQYAT,a04RB00000kUAOHYA4,a0BRB00000ynb6C2AQ,2026/02,2026/02,2026-02-01,2026-02-28,,,,,55000,False,False,5,2026-06-21T16:13:55.000+0000,2026-07-28T02:33:19.000+0000,CN-00000043,株式会社ジョイフル本田,解約,株式会社ジョイフル本田,,product_missing
"{'type': 'ContractLineItem__c', 'url': '/services/data/v67.0/sobjects/ContractLineItem__c/a03RB00001NswcuYAB'}",a03RB00001NswcuYAB,株式会社ジョイフル本田_2026/03,001RB00001VTqkQYAT,a04RB00000kUAOHYA4,a0BRB00000ynb6C2AQ,2026/03,2026/03,2026-03-01,2026-03-31,,,,,55000,False,False,5,2026-06-21T16:13:55.000+0000,2026-07-28T02:33:19.000+0000,CN-00000043,株式会社ジョイフル本田,解約,株式会社ジョイフル本田,,product_missing
"{'type': 'ContractLineItem__c', 'url': '/services/data/v67.0/sobjects/ContractLineItem__c/a03RB00001NswcvYAB'}",a03RB00001NswcvYAB,株式会社ジョイフル本田_2026/04,001RB00001VTqkQYAT,a04RB00000kUAOHYA4,a0BRB00000ynb6C2AQ,2026/04,2026/04,2026-04-01,2026-04-30,,,,,55000,False,False,5,2026-06-21T16:13:55.000+0000,2026-07-28T02:33:19.000+0000,CN-00000043,株式会社ジョイフル本田,解約,株式会社ジョイフル本田,,product_missing
"{'type': 'ContractLineItem__c', 'url': '/services/data/v67.0/sobjects/ContractLineItem__c/a03RB00001NswcwYAB'}",a03RB00001NswcwYAB,株式会社ジョイフル本田_2026/05,001RB00001VTqkQYAT,a04RB00000kUAOHYA4,a0BRB00000ynb6C2AQ,2026/05,2026/05,2026-05-01,2026-05-31,,,,,55000,False,False,5,2026-06-21T16:13:55.000+0000,2026-07-28T02:33:19.000+0000,CN-00000043,株式会社ジョイフル本田,解約,株式会社ジョイフル本田,,product_missing
"{'type': 'ContractLineItem__c', 'url': '/services/data/v67.0/sobjects/ContractLineItem__c/a03RB00001NswcxYAB'}",a03RB00001NswcxYAB,九州旅客鉄道株式会社 博多設備区_2025/05,001RB00001VTrOlYAL,a04RB00000kUAOIYA4,a0BRB00000ynb6D2AQ,2025/05,2025/05,2025-05-01,2025-05-31,,,,,8000,False,False,1,2026-06-21T16:13:55.000+0000,2026-07-28T02:33:19.000+0000,CN-00000044,九州旅客鉄道株式会社　博多設備区,Activated,九州旅客鉄道 株式会社,,product_missing
"{'type': 'ContractLineItem__c', 'url': '/services/data/v67.0/sobjects/ContractLineItem__c/a03RB00001NswcyYAB'}",a03RB00001NswcyYAB,九州旅客鉄道株式会社 博多設備区_2025/06,001RB00001VTrOlYAL,a04RB00000kUAOIYA4,a0BRB00000ynb6D2AQ,2025/06,2025/06,2025-06-01,2025-06-30,,,,,8000,False,False,1,2026-06-21T16:13:55.000+0000,2026-07-28T02:33:19.000+0000,CN-00000044,九州旅客鉄道株式会社　博多設備区,Activated,九州旅客鉄道 株式会社,,product_missing
"{'type': 'ContractLineItem__c', 'url': '/services/data/v67.0/sobjects/ContractLineItem__c/a03RB00001NswczYAB'}",a03RB00001NswczYAB,九州旅客鉄道株式会社 博多設備区_2025/07,001RB00001VTrOlYAL,a04RB00000kUAOIYA4,a0BRB00000ynb6D2AQ,2025/07,2025/07,2025-07-01,2025-07-31,,,,,8000,False,False,1,2026-06-21T16:13:55.000+0000,2026-07-28T02:33:19.000+0000,CN-00000044,九州旅客鉄道株式会社　博多設備区,Activated,九州旅客鉄道 株式会社,,product_missing
"{'type': 'ContractLineItem__c', 'url': '/services/data/v67.0/sobjects/ContractLineItem__c/a03RB00001Nswd0YAB'}",a03RB00001Nswd0YAB,九州旅客鉄道株式会社 博多設備区_2025/08,001RB00001VTrOlYAL,a04RB00000kUAOIYA4,a0BRB00000ynb6D2AQ,2025/08,2025/08,2025-08-01,2025-08-31,,,,,8000,False,False,1,2026-06-21T16:13:55.000+0000,2026-07-28T02:33:19.000+0000,CN-00000044,九州旅客鉄道株式会社　博多設備区,Activated,九州旅客鉄道 株式会社,,product_missing
"{'type': 'ContractLineItem__c', 'url': '/services/data/v67.0/sobjects/ContractLineItem__c/a03RB00001Nswd1YAB'}",a03RB00001Nswd1YAB,九州旅客鉄道株式会社 博多設備区_2025/09,001RB00001VTrOlYAL,a04RB00000kUAOIYA4,a0BRB00000ynb6D2AQ,2025/09,2025/09,2025-09-01,2025-09-30,,,,,8000,False,False,1,2026-06-21T16:13:55.000+0000,2026-07-28T02:33:19.000+0000,CN-00000044,九州旅客鉄道株式会社　博多設備区,Activated,九州旅客鉄道 株式会社,,product_missing
"{'type': 'ContractLineItem__c', 'url': '/services/data/v67.0/sobjects/ContractLineItem__c/a03RB00001Nswd2YAB'}",a03RB00001Nswd2YAB,九州旅客鉄道株式会社 博多設備区_2025/10,001RB00001VTrOlYAL,a04RB00000kUAOIYA4,a0BRB00000ynb6D2AQ,2025/10,2025/10,2025-10-01,2025-10-31,,,,,8000,False,False,1,2026-06-21T16:13:55.000+0000,2026-07-28T02:33:19.000+0000,CN-00000044,九州旅客鉄道株式会社　博多設備区,Activated,九州旅客鉄道 株式会社,,product_missing
"{'type': 'ContractLineItem__c', 'url': '/services/data/v67.0/sobjects/ContractLineItem__c/a03RB00001Nswd3YAB'}",a03RB00001Nswd3YAB,九州旅客鉄道株式会社 博多設備区_2025/11,001RB00001VTrOlYAL,a04RB00000kUAOIYA4,a0BRB00000ynb6D2AQ,2025/11,2025/11,2025-11-01,2025-11-30,,,,,8000,False,False,1,2026-06-21T16:13:55.000+0000,2026-07-28T02:33:19.000+0000,CN-00000044,九州旅客鉄道株式会社　博多設備区,Activated,九州旅客鉄道 株式会社,,product_missing
"{'type': 'ContractLineItem__c', 'url': '/services/data/v67.0/sobjects/ContractLineItem__c/a03RB00001Nswd4YAB'}",a03RB00001Nswd4YAB,九州旅客鉄道株式会社 博多設備区_2025/12,001RB00001VTrOlYAL,a04RB00000kUAOIYA4,a0BRB00000ynb6D2AQ,2025/12,2025/12,2025-12-01,2025-12-31,,,,,8000,False,False,1,2026-06-21T16:13:55.000+0000,2026-07-28T02:33:19.000+0000,CN-00000044,九州旅客鉄道株式会社　博多設備区,Activated,九州旅客鉄道 株式会社,,product_missing
"{'type': 'ContractLineItem__c', 'url': '/services/data/v67.0/sobjects/ContractLineItem__c/a03RB00001Nswd5YAB'}",a03RB00001Nswd5YAB,九州旅客鉄道株式会社 博多設備区_2026/01,001RB00001VTrOlYAL,a04RB00000kUAOIYA4,a0BRB00000ynb6D2AQ,2026/01,2026/01,2026-01-01,2026-01-31,,,,,8000,False,False,1,2026-06-21T16:13:55.000+0000,2026-07-28T02:33:19.000+0000,CN-00000044,九州旅客鉄道株式会社　博多設備区,Activated,九州旅客鉄道 株式会社,,product_missing
"{'type': 'ContractLineItem__c', 'url': '/services/data/v67.0/sobjects/ContractLineItem__c/a03RB00001Nswd6YAB'}",a03RB00001Nswd6YAB,九州旅客鉄道株式会社 博多設備区_2026/02,001RB00001VTrOlYAL,a04RB00000kUAOIYA4,a0BRB00000ynb6D2AQ,2026/02,2026/02,2026-02-01,2026-02-28,,,,,8000,False,False,1,2026-06-21T16:13:55.000+0000,2026-07-28T02:33:19.000+0000,CN-00000044,九州旅客鉄道株式会社　博多設備区,Activated,九州旅客鉄道 株式会社,,product_missing
"{'type': 'ContractLineItem__c', 'url': '/services/data/v67.0/sobjects/ContractLineItem__c/a03RB00001Nswd7YAB'}",a03RB00001Nswd7YAB,九州旅客鉄道株式会社 博多設備区_2026/03,001RB00001VTrOlYAL,a04RB00000kUAOIYA4,a0BRB00000ynb6D2AQ,2026/03,2026/03,2026-03-01,2026-03-31,,,,,8000,False,False,1,2026-06-21T16:13:55.000+0000,2026-07-28T02:33:19.000+0000,CN-00000044,九州旅客鉄道株式会社　博多設備区,Activated,九州旅客鉄道 株式会社,,product_missing
"{'type': 'ContractLineItem__c', 'url': '/services/data/v67.0/sobjects/ContractLineItem__c/a03RB00001Nswd8YAB'}",a03RB00001Nswd8YAB,九州旅客鉄道株式会社 博多設備区_2026/04,001RB00001VTrOlYAL,a04RB00000kUAOIYA4,a0BRB00000ynb6D2AQ,2026/04,2026/04,2026-04-01,2026-04-30,,,,,8000,False,False,1,2026-06-21T16:13:55.000+0000,2026-07-28T02:33:19.000+0000,CN-00000044,九州旅客鉄道株式会社　博多設備区,Activated,九州旅客鉄道 株式会社,,product_missing
"{'type': 'ContractLineItem__c', 'url': '/services/data/v67.0/sobjects/ContractLineItem__c/a03RB00001Nswd9YAB'}",a03RB00001Nswd9YAB,九州旅客鉄道株式会社 博多設備区_2026/05,001RB00001VTrOlYAL,a04RB00000kUAOIYA4,a0BRB00000ynb6D2AQ,2026/05,2026/05,2026-05-01,2026-05-31,,,,,8000,False,False,1,2026-06-21T16:13:55.000+0000,2026-07-28T02:33:19.000+0000,CN-00000044,九州旅客鉄道株式会社　博多設備区,Activated,九州旅客鉄道 株式会社,,product_missing
"{'type': 'ContractLineItem__c', 'url': '/services/data/v67.0/sobjects/ContractLineItem__c/a03RB00001NswdAYAR'}",a03RB00001NswdAYAR,アイリスチトセ株式会社_2025/06,001RB00001VTqlZYAT,a04RB00000kUAOJYA4,a0BRB00000ynb6E2AQ,2025/06,2025/06,2025-06-01,2025-06-30,,,,,77000,False,False,7,2026-06-21T16:13:55.000+0000,2026-07-28T02:33:19.000+0000,CN-00000045,アイリスチトセ株式会社,解約,アイリスチトセ株式会社,,product_missing
"{'type': 'ContractLineItem__c', 'url': '/services/data/v67.0/sobjects/ContractLineItem__c/a03RB00001NswdBYAR'}",a03RB00001NswdBYAR,アイリスチトセ株式会社_2025/07,001RB00001VTqlZYAT,a04RB00000kUAOJYA4,a0BRB00000ynb6E2AQ,2025/07,2025/07,2025-07-01,2025-07-31,,,,,77000,False,False,7,2026-06-21T16:13:55.000+0000,2026-07-28T02:33:19.000+0000,CN-00000045,アイリスチトセ株式会社,解約,アイリスチトセ株式会社,,product_missing
"{'type': 'ContractLineItem__c', 'url': '/services/data/v67.0/sobjects/ContractLineItem__c/a03RB00001NswdCYAR'}",a03RB00001NswdCYAR,アイリスチトセ株式会社_2025/08,001RB00001VTqlZYAT,a04RB00000kUAOJYA4,a0BRB00000ynb6E2AQ,2025/08,2025/08,2025-08-01,2025-08-31,,,,,77000,False,False,7,2026-06-21T16:13:55.000+0000,2026-07-28T02:33:19.000+0000,CN-00000045,アイリスチトセ株式会社,解約,アイリスチトセ株式会社,,product_missing
"{'type': 'ContractLineItem__c', 'url': '/services/data/v67.0/sobjects/ContractLineItem__c/a03RB00001NswdDYAR'}",a03RB00001NswdDYAR,アイリスチトセ株式会社_2025/09,001RB00001VTqlZYAT,a04RB00000kUAOJYA4,a0BRB00000ynb6E2AQ,2025/09,2025/09,2025-09-01,2025-09-30,,,,,77000,False,False,7,2026-06-21T16:13:55.000+0000,2026-07-28T02:33:19.000+0000,CN-00000045,アイリスチトセ株式会社,解約,アイリスチトセ株式会社,,product_missing
"{'type': 'ContractLineItem__c', 'url': '/services/data/v67.0/sobjects/ContractLineItem__c/a03RB00001NswdEYAR'}",a03RB00001NswdEYAR,アイリスチトセ株式会社_2025/10,001RB00001VTqlZYAT,a04RB00000kUAOJYA4,a0BRB00000ynb6E2AQ,2025/10,2025/10,2025-10-01,2025-10-31,,,,,77000,False,False,7,2026-06-21T16:13:55.000+0000,2026-07-28T02:33:19.000+0000,CN-00000045,アイリスチトセ株式会社,解約,アイリスチトセ株式会社,,product_missing
"{'type': 'ContractLineItem__c', 'url': '/services/data/v67.0/sobjects/ContractLineItem__c/a03RB00001NswdFYAR'}",a03RB00001NswdFYAR,アイリスチトセ株式会社_2025/11,001RB00001VTqlZYAT,a04RB00000kUAOJYA4,a0BRB00000ynb6E2AQ,2025/11,2025/11,2025-11-01,2025-11-30,,,,,77000,False,False,7,2026-06-21T16:13:55.000+0000,2026-07-28T02:33:19.000+0000,CN-00000045,アイリスチトセ株式会社,解約,アイリスチトセ株式会社,,product_missing
"{'type': 'ContractLineItem__c', 'url': '/services/data/v67.0/sobjects/ContractLineItem__c/a03RB00001NswdGYAR'}",a03RB00001NswdGYAR,アイリスチトセ株式会社_2025/12,001RB00001VTqlZYAT,a04RB00000kUAOJYA4,a0BRB00000ynb6E2AQ,2025/12,2025/12,2025-12-01,2025-12-31,,,,,77000,False,False,7,2026-06-21T16:13:55.000+0000,2026-07-28T02:33:19.000+0000,CN-00000045,アイリスチトセ株式会社,解約,アイリスチトセ株式会社,,product_missing
"{'type': 'ContractLineItem__c', 'url': '/services/data/v67.0/sobjects/ContractLineItem__c/a03RB00001NswdHYAR'}",a03RB00001NswdHYAR,アイリスチトセ株式会社_2026/01,001RB00001VTqlZYAT,a04RB00000kUAOJYA4,a0BRB00000ynb6E2AQ,2026/01,2026/01,2026-01-01,2026-01-31,,,,,77000,False,False,7,2026-06-21T16:13:55.000+0000,2026-07-28T02:33:19.000+0000,CN-00000045,アイリスチトセ株式会社,解約,アイリスチトセ株式会社,,product_missing
"{'type': 'ContractLineItem__c', 'url': '/services/data/v67.0/sobjects/ContractLineItem__c/a03RB00001NswdIYAR'}",a03RB00001NswdIYAR,アイリスチトセ株式会社_2026/02,001RB00001VTqlZYAT,a04RB00000kUAOJYA4,a0BRB00000ynb6E2AQ,2026/02,2026/02,2026-02-01,2026-02-28,,,,,77000,False,False,7,2026-06-21T16:13:55.000+0000,2026-07-28T02:33:19.000+0000,CN-00000045,アイリスチトセ株式会社,解約,アイリスチトセ株式会社,,product_missing
"{'type': 'ContractLineItem__c', 'url': '/services/data/v67.0/sobjects/ContractLineItem__c/a03RB00001NswdJYAR'}",a03RB00001NswdJYAR,アイリスチトセ株式会社_2026/03,001RB00001VTqlZYAT,a04RB00000kUAOJYA4,a0BRB00000ynb6E2AQ,2026/03,2026/03,2026-03-01,2026-03-31,,,,,77000,False,False,7,2026-06-21T16:13:55.000+0000,2026-07-28T02:33:19.000+0000,CN-00000045,アイリスチトセ株式会社,解約,アイリスチトセ株式会社,,product_missing
"{'type': 'ContractLineItem__c', 'url': '/services/data/v67.0/sobjects/ContractLineItem__c/a03RB00001NswdKYAR'}",a03RB00001NswdKYAR,アイリスチトセ株式会社_2026/04,001RB00001VTqlZYAT,a04RB00000kUAOJYA4,a0BRB00000ynb6E2AQ,2026/04,2026/04,2026-04-01,2026-04-30,,,,,77000,False,False,7,2026-06-21T16:13:55.000+0000,2026-07-28T02:33:19.000+0000,CN-00000045,アイリスチトセ株式会社,解約,アイリスチトセ株式会社,,product_missing
"{'type': 'ContractLineItem__c', 'url': '/services/data/v67.0/sobjects/ContractLineItem__c/a03RB00001NswdLYAR'}",a03RB00001NswdLYAR,アイリスチトセ株式会社_2026/05,001RB00001VTqlZYAT,a04RB00000kUAOJYA4,a0BRB00000ynb6E2AQ,2026/05,2026/05,2026-05-01,2026-05-31,,,,,77000,False,False,7,2026-06-21T16:13:55.000+0000,2026-07-28T02:33:19.000+0000,CN-00000045,アイリスチトセ株式会社,解約,アイリスチトセ株式会社,,product_missing
"{'type': 'ContractLineItem__c', 'url': '/services/data/v67.0/sobjects/ContractLineItem__c/a03RB00001NswdMYAR'}",a03RB00001NswdMYAR,アイリスオーヤマ（ストアデザイン部）_2025/06,001RB00001VTqkwYAD,a04RB00000kUAOKYA4,a0BRB00000ynb6F2AQ,2025/06,2025/06,2025-06-01,2025-06-30,,,,,44000,False,False,4,2026-06-21T16:13:55.000+0000,2026-07-28T02:33:19.000+0000,CN-00000046,アイリスオーヤマ（ストアデザイン部）,Activated,アイリスオーヤマ株式会社,,product_missing
"{'type': 'ContractLineItem__c', 'url': '/services/data/v67.0/sobjects/ContractLineItem__c/a03RB00001NswdNYAR'}",a03RB00001NswdNYAR,アイリスオーヤマ（ストアデザイン部）_2025/07,001RB00001VTqkwYAD,a04RB00000kUAOKYA4,a0BRB00000ynb6F2AQ,2025/07,2025/07,2025-07-01,2025-07-31,,,,,44000,False,False,4,2026-06-21T16:13:55.000+0000,2026-07-28T02:33:19.000+0000,CN-00000046,アイリスオーヤマ（ストアデザイン部）,Activated,アイリスオーヤマ株式会社,,product_missing
"{'type': 'ContractLineItem__c', 'url': '/services/data/v67.0/sobjects/ContractLineItem__c/a03RB00001NswdOYAR'}",a03RB00001NswdOYAR,アイリスオーヤマ（ストアデザイン部）_2025/08,001RB00001VTqkwYAD,a04RB00000kUAOKYA4,a0BRB00000ynb6F2AQ,2025/08,2025/08,2025-08-01,2025-08-31,,,,,44000,False,False,4,2026-06-21T16:13:55.000+0000,2026-07-28T02:33:19.000+0000,CN-00000046,アイリスオーヤマ（ストアデザイン部）,Activated,アイリスオーヤマ株式会社,,product_missing
"{'type': 'ContractLineItem__c', 'url': '/services/data/v67.0/sobjects/ContractLineItem__c/a03RB00001NswdPYAR'}",a03RB00001NswdPYAR,アイリスオーヤマ（ストアデザイン部）_2025/09,001RB00001VTqkwYAD,a04RB00000kUAOKYA4,a0BRB00000ynb6F2AQ,2025/09,2025/09,2025-09-01,2025-09-30,,,,,44000,False,False,4,2026-06-21T16:13:55.000+0000,2026-07-28T02:33:19.000+0000,CN-00000046,アイリスオーヤマ（ストアデザイン部）,Activated,アイリスオーヤマ株式会社,,product_missing
"{'type': 'ContractLineItem__c', 'url': '/services/data/v67.0/sobjects/ContractLineItem__c/a03RB00001NswdQYAR'}",a03RB00001NswdQYAR,アイリスオーヤマ（ストアデザイン部）_2025/10,001RB00001VTqkwYAD,a04RB00000kUAOKYA4,a0BRB00000ynb6F2AQ,2025/10,2025/10,2025-10-01,2025-10-31,,,,,44000,False,False,4,2026-06-21T16:13:55.000+0000,2026-07-28T02:33:19.000+0000,CN-00000046,アイリスオーヤマ（ストアデザイン部）,Activated,アイリスオーヤマ株式会社,,product_missing
"{'type': 'ContractLineItem__c', 'url': '/services/data/v67.0/sobjects/ContractLineItem__c/a03RB00001NswdRYAR'}",a03RB00001NswdRYAR,アイリスオーヤマ（ストアデザイン部）_2025/11,001RB00001VTqkwYAD,a04RB00000kUAOKYA4,a0BRB00000ynb6F2AQ,2025/11,2025/11,2025-11-01,2025-11-30,,,,,44000,False,False,4,2026-06-21T16:13:55.000+0000,2026-07-28T02:33:19.000+0000,CN-00000046,アイリスオーヤマ（ストアデザイン部）,Activated,アイリスオーヤマ株式会社,,product_missing
"{'type': 'ContractLineItem__c', 'url': '/services/data/v67.0/sobjects/ContractLineItem__c/a03RB00001NswdSYAR'}",a03RB00001NswdSYAR,アイリスオーヤマ（ストアデザイン部）_2025/12,001RB00001VTqkwYAD,a04RB00000kUAOKYA4,a0BRB00000ynb6F2AQ,2025/12,2025/12,2025-12-01,2025-12-31,,,,,44000,False,False,4,2026-06-21T16:13:55.000+0000,2026-07-28T02:33:19.000+0000,CN-00000046,アイリスオーヤマ（ストアデザイン部）,Activated,アイリスオーヤマ株式会社,,product_missing
"{'type': 'ContractLineItem__c', 'url': '/services/data/v67.0/sobjects/ContractLineItem__c/a03RB00001NswdTYAR'}",a03RB00001NswdTYAR,アイリスオーヤマ（ストアデザイン部）_2026/01,001RB00001VTqkwYAD,a04RB00000kUAOKYA4,a0BRB00000ynb6F2AQ,2026/01,2026/01,2026-01-01,2026-01-31,,,,,44000,False,False,4,2026-06-21T16:13:55.000+0000,2026-07-28T02:33:19.000+0000,CN-00000046,アイリスオーヤマ（ストアデザイン部）,Activated,アイリスオーヤマ株式会社,,product_missing
"{'type': 'ContractLineItem__c', 'url': '/services/data/v67.0/sobjects/ContractLineItem__c/a03RB00001NswdUYAR'}",a03RB00001NswdUYAR,アイリスオーヤマ（ストアデザイン部）_2026/02,001RB00001VTqkwYAD,a04RB00000kUAOKYA4,a0BRB00000ynb6F2AQ,2026/02,2026/02,2026-02-01,2026-02-28,,,,,44000,False,False,4,2026-06-21T16:13:55.000+0000,2026-07-28T02:33:19.000+0000,CN-00000046,アイリスオーヤマ（ストアデザイン部）,Activated,アイリスオーヤマ株式会社,,product_missing
"{'type': 'ContractLineItem__c', 'url': '/services/data/v67.0/sobjects/ContractLineItem__c/a03RB00001NswdVYAR'}",a03RB00001NswdVYAR,アイリスオーヤマ（ストアデザイン部）_2026/03,001RB00001VTqkwYAD,a04RB00000kUAOKYA4,a0BRB00000ynb6F2AQ,2026/03,2026/03,2026-03-01,2026-03-31,,,,,44000,False,False,4,2026-06-21T16:13:55.000+0000,2026-07-28T02:33:19.000+0000,CN-00000046,アイリスオーヤマ（ストアデザイン部）,Activated,アイリスオーヤマ株式会社,,product_missing
"{'type': 'ContractLineItem__c', 'url': '/services/data/v67.0/sobjects/ContractLineItem__c/a03RB00001NswdWYAR'}",a03RB00001NswdWYAR,アイリスオーヤマ（ストアデザイン部）_2026/04,001RB00001VTqkwYAD,a04RB00000kUAOKYA4,a0BRB00000ynb6F2AQ,2026/04,2026/04,2026-04-01,2026-04-30,,,,,44000,False,False,4,2026-06-21T16:13:55.000+0000,2026-07-28T02:33:19.000+0000,CN-00000046,アイリスオーヤマ（ストアデザイン部）,Activated,アイリスオーヤマ株式会社,,product_missing
"{'type': 'ContractLineItem__c', 'url': '/services/data/v67.0/sobjects/ContractLineItem__c/a03RB00001NswdXYAR'}",a03RB00001NswdXYAR,アイリスオーヤマ（ストアデザイン部）_2026/05,001RB00001VTqkwYAD,a04RB00000kUAOKYA4,a0BRB00000ynb6F2AQ,2026/05,2026/05,2026-05-01,2026-05-31,,,,,44000,False,False,4,2026-06-21T16:13:55.000+0000,2026-07-28T02:33:19.000+0000,CN-00000046,アイリスオーヤマ（ストアデザイン部）,Activated,アイリスオーヤマ株式会社,,product_missing
"{'type': 'ContractLineItem__c', 'url': '/services/data/v67.0/sobjects/ContractLineItem__c/a03RB00001NswdYYAR'}",a03RB00001NswdYYAR,アイリスオーヤマ（空間デザイン部）_2025/06,001RB00001VTqkwYAD,a04RB00000kUAOLYA4,a0BRB00000ynb6G2AQ,2025/06,2025/06,2025-06-01,2025-06-30,,,,,11000,False,False,1,2026-06-21T16:13:55.000+0000,2026-07-28T02:33:19.000+0000,CN-00000047,アイリスオーヤマ（空間デザイン部）,Activated,アイリスオーヤマ株式会社,,product_missing
"{'type': 'ContractLineItem__c', 'url': '/services/data/v67.0/sobjects/ContractLineItem__c/a03RB00001NswdZYAR'}",a03RB00001NswdZYAR,アイリスオーヤマ（空間デザイン部）_2025/07,001RB00001VTqkwYAD,a04RB00000kUAOLYA4,a0BRB00000ynb6G2AQ,2025/07,2025/07,2025-07-01,2025-07-31,,,,,11000,False,False,1,2026-06-21T16:13:55.000+0000,2026-07-28T02:33:19.000+0000,CN-00000047,アイリスオーヤマ（空間デザイン部）,Activated,アイリスオーヤマ株式会社,,product_missing
"{'type': 'ContractLineItem__c', 'url': '/services/data/v67.0/sobjects/ContractLineItem__c/a03RB00001NswdaYAB'}",a03RB00001NswdaYAB,アイリスオーヤマ（空間デザイン部）_2025/08,001RB00001VTqkwYAD,a04RB00000kUAOLYA4,a0BRB00000ynb6G2AQ,2025/08,2025/08,2025-08-01,2025-08-31,,,,,11000,False,False,1,2026-06-21T16:13:55.000+0000,2026-07-28T02:33:19.000+0000,CN-00000047,アイリスオーヤマ（空間デザイン部）,Activated,アイリスオーヤマ株式会社,,product_missing
"{'type': 'ContractLineItem__c', 'url': '/services/data/v67.0/sobjects/ContractLineItem__c/a03RB00001NswdbYAB'}",a03RB00001NswdbYAB,アイリスオーヤマ（空間デザイン部）_2025/09,001RB00001VTqkwYAD,a04RB00000kUAOLYA4,a0BRB00000ynb6G2AQ,2025/09,2025/09,2025-09-01,2025-09-30,,,,,11000,False,False,1,2026-06-21T16:13:55.000+0000,2026-07-28T02:33:19.000+0000,CN-00000047,アイリスオーヤマ（空間デザイン部）,Activated,アイリスオーヤマ株式会社,,product_missing
"{'type': 'ContractLineItem__c', 'url': '/services/data/v67.0/sobjects/ContractLineItem__c/a03RB00001NswdcYAB'}",a03RB00001NswdcYAB,アイリスオーヤマ（空間デザイン部）_2025/10,001RB00001VTqkwYAD,a04RB00000kUAOLYA4,a0BRB00000ynb6G2AQ,2025/10,2025/10,2025-10-01,2025-10-31,,,,,11000,False,False,1,2026-06-21T16:13:55.000+0000,2026-07-28T02:33:19.000+0000,CN-00000047,アイリスオーヤマ（空間デザイン部）,Activated,アイリスオーヤマ株式会社,,product_missing
"{'type': 'ContractLineItem__c', 'url': '/services/data/v67.0/sobjects/ContractLineItem__c/a03RB00001NswddYAB'}",a03RB00001NswddYAB,アイリスオーヤマ（空間デザイン部）_2025/11,001RB00001VTqkwYAD,a04RB00000kUAOLYA4,a0BRB00000ynb6G2AQ,2025/11,2025/11,2025-11-01,2025-11-30,,,,,11000,False,False,1,2026-06-21T16:13:55.000+0000,2026-07-28T02:33:19.000+0000,CN-00000047,アイリスオーヤマ（空間デザイン部）,Activated,アイリスオーヤマ株式会社,,product_missing
"{'type': 'ContractLineItem__c', 'url': '/services/data/v67.0/sobjects/ContractLineItem__c/a03RB00001NswdeYAB'}",a03RB00001NswdeYAB,アイリスオーヤマ（空間デザイン部）_2025/12,001RB00001VTqkwYAD,a04RB00000kUAOLYA4,a0BRB00000ynb6G2AQ,2025/12,2025/12,2025-12-01,2025-12-31,,,,,11000,False,False,1,2026-06-21T16:13:55.000+0000,2026-07-28T02:33:19.000+0000,CN-00000047,アイリスオーヤマ（空間デザイン部）,Activated,アイリスオーヤマ株式会社,,product_missing
"{'type': 'ContractLineItem__c', 'url': '/services/data/v67.0/sobjects/ContractLineItem__c/a03RB00001NswdfYAB'}",a03RB00001NswdfYAB,アイリスオーヤマ（空間デザイン部）_2026/01,001RB00001VTqkwYAD,a04RB00000kUAOLYA4,a0BRB00000ynb6G2AQ,2026/01,2026/01,2026-01-01,2026-01-31,,,,,11000,False,False,1,2026-06-21T16:13:55.000+0000,2026-07-28T02:33:19.000+0000,CN-00000047,アイリスオーヤマ（空間デザイン部）,Activated,アイリスオーヤマ株式会社,,product_missing
"{'type': 'ContractLineItem__c', 'url': '/services/data/v67.0/sobjects/ContractLineItem__c/a03RB00001NswdgYAB'}",a03RB00001NswdgYAB,アイリスオーヤマ（空間デザイン部）_2026/02,001RB00001VTqkwYAD,a04RB00000kUAOLYA4,a0BRB00000ynb6G2AQ,2026/02,2026/02,2026-02-01,2026-02-28,,,,,11000,False,False,1,2026-06-21T16:13:55.000+0000,2026-07-28T02:33:19.000+0000,CN-00000047,アイリスオーヤマ（空間デザイン部）,Activated,アイリスオーヤマ株式会社,,product_missing
"{'type': 'ContractLineItem__c', 'url': '/services/data/v67.0/sobjects/ContractLineItem__c/a03RB00001NswdhYAB'}",a03RB00001NswdhYAB,アイリスオーヤマ（空間デザイン部）_2026/03,001RB00001VTqkwYAD,a04RB00000kUAOLYA4,a0BRB00000ynb6G2AQ,2026/03,2026/03,2026-03-01,2026-03-31,,,,,11000,False,False,1,2026-06-21T16:13:55.000+0000,2026-07-28T02:33:19.000+0000,CN-00000047,アイリスオーヤマ（空間デザイン部）,Activated,アイリスオーヤマ株式会社,,product_missing
"{'type': 'ContractLineItem__c', 'url': '/services/data/v67.0/sobjects/ContractLineItem__c/a03RB00001NswdiYAB'}",a03RB00001NswdiYAB,アイリスオーヤマ（空間デザイン部）_2026/04,001RB00001VTqkwYAD,a04RB00000kUAOLYA4,a0BRB00000ynb6G2AQ,2026/04,2026/04,2026-04-01,2026-04-30,,,,,11000,False,False,1,2026-06-21T16:13:55.000+0000,2026-07-28T02:33:19.000+0000,CN-00000047,アイリスオーヤマ（空間デザイン部）,Activated,アイリスオーヤマ株式会社,,product_missing
"{'type': 'ContractLineItem__c', 'url': '/services/data/v67.0/sobjects/ContractLineItem__c/a03RB00001NswdjYAB'}",a03RB00001NswdjYAB,アイリスオーヤマ（空間デザイン部）_2026/05,001RB00001VTqkwYAD,a04RB00000kUAOLYA4,a0BRB00000ynb6G2AQ,2026/05,2026/05,2026-05-01,2026-05-31,,,,,11000,False,False,1,2026-06-21T16:13:55.000+0000,2026-07-28T02:33:19.000+0000,CN-00000047,アイリスオーヤマ（空間デザイン部）,Activated,アイリスオーヤマ株式会社,,product_missing
"{'type': 'ContractLineItem__c', 'url': '/services/data/v67.0/sobjects/ContractLineItem__c/a03RB00001NswdkYAB'}",a03RB00001NswdkYAB,ショウワ グループ株式会社_2024/12,001RB00001VTtIRYA1,a04RB00000kUAOMYA4,a0BRB00000ynb6H2AQ,2024/12,2024/12,2024-12-01,2024-12-31,,,,,8000,False,False,1,2026-06-21T16:13:55.000+0000,2026-07-28T02:33:19.000+0000,CN-00000048,ショウワ グループ株式会社,解約,ショウワ グループ株式会社,,product_missing
"{'type': 'ContractLineItem__c', 'url': '/services/data/v67.0/sobjects/ContractLineItem__c/a03RB00001NswdlYAB'}",a03RB00001NswdlYAB,ショウワ グループ株式会社_2025/01,001RB00001VTtIRYA1,a04RB00000kUAOMYA4,a0BRB00000ynb6H2AQ,2025/01,2025/01,2025-01-01,2025-01-31,,,,,8000,False,False,1,2026-06-21T16:13:55.000+0000,2026-07-28T02:33:19.000+0000,CN-00000048,ショウワ グループ株式会社,解約,ショウワ グループ株式会社,,product_missing
"{'type': 'ContractLineItem__c', 'url': '/services/data/v67.0/sobjects/ContractLineItem__c/a03RB00001NswdmYAB'}",a03RB00001NswdmYAB,ショウワ グループ株式会社_2025/02,001RB00001VTtIRYA1,a04RB00000kUAOMYA4,a0BRB00000ynb6H2AQ,2025/02,2025/02,2025-02-01,2025-02-28,,,,,8000,False,False,1,2026-06-21T16:13:55.000+0000,2026-07-28T02:33:19.000+0000,CN-00000048,ショウワ グループ株式会社,解約,ショウワ グループ株式会社,,product_missing
"{'type': 'ContractLineItem__c', 'url': '/services/data/v67.0/sobjects/ContractLineItem__c/a03RB00001NswdnYAB'}",a03RB00001NswdnYAB,ショウワ グループ株式会社_2025/03,001RB00001VTtIRYA1,a04RB00000kUAOMYA4,a0BRB00000ynb6H2AQ,2025/03,2025/03,2025-03-01,2025-03-31,,,,,8000,False,False,1,2026-06-21T16:13:55.000+0000,2026-07-28T02:33:19.000+0000,CN-00000048,ショウワ グループ株式会社,解約,ショウワ グループ株式会社,,product_missing
"{'type': 'ContractLineItem__c', 'url': '/services/data/v67.0/sobjects/ContractLineItem__c/a03RB00001NswdoYAB'}",a03RB00001NswdoYAB,ショウワ グループ株式会社_2025/04,001RB00001VTtIRYA1,a04RB00000kUAOMYA4,a0BRB00000ynb6H2AQ,2025/04,2025/04,2025-04-01,2025-04-30,,,,,8000,False,False,1,2026-06-21T16:13:55.000+0000,2026-07-28T02:33:19.000+0000,CN-00000048,ショウワ グループ株式会社,解約,ショウワ グループ株式会社,,product_missing
"{'type': 'ContractLineItem__c', 'url': '/services/data/v67.0/sobjects/ContractLineItem__c/a03RB00001NswdpYAB'}",a03RB00001NswdpYAB,ショウワ グループ株式会社_2025/05,001RB00001VTtIRYA1,a04RB00000kUAOMYA4,a0BRB00000ynb6H2AQ,2025/05,2025/05,2025-05-01,2025-05-31,,,,,8000,False,False,1,2026-06-21T16:13:55.000+0000,2026-07-28T02:33:19.000+0000,CN-00000048,ショウワ グループ株式会社,解約,ショウワ グループ株式会社,,product_missing
"{'type': 'ContractLineItem__c', 'url': '/services/data/v67.0/sobjects/ContractLineItem__c/a03RB00001NswdqYAB'}",a03RB00001NswdqYAB,九州旅客鉄道株式会社 開発工事部_2025/06,001RB00001VTrOlYAL,a04RB00000kUAONYA4,a0BRB00000ynb6I2AQ,2025/06,2025/06,2025-06-01,2025-06-30,,,,,8000,False,False,1,2026-06-21T16:13:55.000+0000,2026-07-28T02:33:19.000+0000,CN-00000049,九州旅客鉄道株式会社　開発工事部,Activated,九州旅客鉄道 株式会社,,product_missing
"{'type': 'ContractLineItem__c', 'url': '/services/data/v67.0/sobjects/ContractLineItem__c/a03RB00001NswdrYAB'}",a03RB00001NswdrYAB,九州旅客鉄道株式会社 開発工事部_2025/07,001RB00001VTrOlYAL,a04RB00000kUAONYA4,a0BRB00000ynb6I2AQ,2025/07,2025/07,2025-07-01,2025-07-31,,,,,8000,False,False,1,2026-06-21T16:13:55.000+0000,2026-07-28T02:33:19.000+0000,CN-00000049,九州旅客鉄道株式会社　開発工事部,Activated,九州旅客鉄道 株式会社,,product_missing
"{'type': 'ContractLineItem__c', 'url': '/services/data/v67.0/sobjects/ContractLineItem__c/a03RB00001NswdsYAB'}",a03RB00001NswdsYAB,九州旅客鉄道株式会社 開発工事部_2025/08,001RB00001VTrOlYAL,a04RB00000kUAONYA4,a0BRB00000ynb6I2AQ,2025/08,2025/08,2025-08-01,2025-08-31,,,,,8000,False,False,1,2026-06-21T16:13:55.000+0000,2026-07-28T02:33:19.000+0000,CN-00000049,九州旅客鉄道株式会社　開発工事部,Activated,九州旅客鉄道 株式会社,,product_missing
"{'type': 'ContractLineItem__c', 'url': '/services/data/v67.0/sobjects/ContractLineItem__c/a03RB00001NswdtYAB'}",a03RB00001NswdtYAB,九州旅客鉄道株式会社 開発工事部_2025/09,001RB00001VTrOlYAL,a04RB00000kUAONYA4,a0BRB00000ynb6I2AQ,2025/09,2025/09,2025-09-01,2025-09-30,,,,,8000,False,False,1,2026-06-21T16:13:55.000+0000,2026-07-28T02:33:19.000+0000,CN-00000049,九州旅客鉄道株式会社　開発工事部,Activated,九州旅客鉄道 株式会社,,product_missing
"{'type': 'ContractLineItem__c', 'url': '/services/data/v67.0/sobjects/ContractLineItem__c/a03RB00001NswduYAB'}",a03RB00001NswduYAB,九州旅客鉄道株式会社 開発工事部_2025/10,001RB00001VTrOlYAL,a04RB00000kUAONYA4,a0BRB00000ynb6I2AQ,2025/10,2025/10,2025-10-01,2025-10-31,,,,,8000,False,False,1,2026-06-21T16:13:55.000+0000,2026-07-28T02:33:19.000+0000,CN-00000049,九州旅客鉄道株式会社　開発工事部,Activated,九州旅客鉄道 株式会社,,product_missing
"{'type': 'ContractLineItem__c', 'url': '/services/data/v67.0/sobjects/ContractLineItem__c/a03RB00001NswdvYAB'}",a03RB00001NswdvYAB,九州旅客鉄道株式会社 開発工事部_2025/11,001RB00001VTrOlYAL,a04RB00000kUAONYA4,a0BRB00000ynb6I2AQ,2025/11,2025/11,2025-11-01,2025-11-30,,,,,8000,False,False,1,2026-06-21T16:13:55.000+0000,2026-07-28T02:33:19.000+0000,CN-00000049,九州旅客鉄道株式会社　開発工事部,Activated,九州旅客鉄道 株式会社,,product_missing
"{'type': 'ContractLineItem__c', 'url': '/services/data/v67.0/sobjects/ContractLineItem__c/a03RB00001NswdwYAB'}",a03RB00001NswdwYAB,九州旅客鉄道株式会社 開発工事部_2025/12,001RB00001VTrOlYAL,a04RB00000kUAONYA4,a0BRB00000ynb6I2AQ,2025/12,2025/12,2025-12-01,2025-12-31,,,,,8000,False,False,1,2026-06-21T16:13:55.000+0000,2026-07-28T02:33:19.000+0000,CN-00000049,九州旅客鉄道株式会社　開発工事部,Activated,九州旅客鉄道 株式会社,,product_missing
"{'type': 'ContractLineItem__c', 'url': '/services/data/v67.0/sobjects/ContractLineItem__c/a03RB00001NswdxYAB'}",a03RB00001NswdxYAB,九州旅客鉄道株式会社 開発工事部_2026/01,001RB00001VTrOlYAL,a04RB00000kUAONYA4,a0BRB00000ynb6I2AQ,2026/01,2026/01,2026-01-01,2026-01-31,,,,,8000,False,False,1,2026-06-21T16:13:56.000+0000,2026-07-28T02:33:20.000+0000,CN-00000049,九州旅客鉄道株式会社　開発工事部,Activated,九州旅客鉄道 株式会社,,product_missing
"{'type': 'ContractLineItem__c', 'url': '/services/data/v67.0/sobjects/ContractLineItem__c/a03RB00001NswdyYAB'}",a03RB00001NswdyYAB,九州旅客鉄道株式会社 開発工事部_2026/02,001RB00001VTrOlYAL,a04RB00000kUAONYA4,a0BRB00000ynb6I2AQ,2026/02,2026/02,2026-02-01,2026-02-28,,,,,8000,False,False,1,2026-06-21T16:13:56.000+0000,2026-07-28T02:33:20.000+0000,CN-00000049,九州旅客鉄道株式会社　開発工事部,Activated,九州旅客鉄道 株式会社,,product_missing
"{'type': 'ContractLineItem__c', 'url': '/services/data/v67.0/sobjects/ContractLineItem__c/a03RB00001NswdzYAB'}",a03RB00001NswdzYAB,九州旅客鉄道株式会社 開発工事部_2026/03,001RB00001VTrOlYAL,a04RB00000kUAONYA4,a0BRB00000ynb6I2AQ,2026/03,2026/03,2026-03-01,2026-03-31,,,,,8000,False,False,1,2026-06-21T16:13:56.000+0000,2026-07-28T02:33:20.000+0000,CN-00000049,九州旅客鉄道株式会社　開発工事部,Activated,九州旅客鉄道 株式会社,,product_missing
"{'type': 'ContractLineItem__c', 'url': '/services/data/v67.0/sobjects/ContractLineItem__c/a03RB00001Nswe0YAB'}",a03RB00001Nswe0YAB,九州旅客鉄道株式会社 開発工事部_2026/04,001RB00001VTrOlYAL,a04RB00000kUAONYA4,a0BRB00000ynb6I2AQ,2026/04,2026/04,2026-04-01,2026-04-30,,,,,8000,False,False,1,2026-06-21T16:13:56.000+0000,2026-07-28T02:33:20.000+0000,CN-00000049,九州旅客鉄道株式会社　開発工事部,Activated,九州旅客鉄道 株式会社,,product_missing
"{'type': 'ContractLineItem__c', 'url': '/services/data/v67.0/sobjects/ContractLineItem__c/a03RB00001Nswe1YAB'}",a03RB00001Nswe1YAB,九州旅客鉄道株式会社 開発工事部_2026/05,001RB00001VTrOlYAL,a04RB00000kUAONYA4,a0BRB00000ynb6I2AQ,2026/05,2026/05,2026-05-01,2026-05-31,,,,,8000,False,False,1,2026-06-21T16:13:56.000+0000,2026-07-28T02:33:20.000+0000,CN-00000049,九州旅客鉄道株式会社　開発工事部,Activated,九州旅客鉄道 株式会社,,product_missing
"{'type': 'ContractLineItem__c', 'url': '/services/data/v67.0/sobjects/ContractLineItem__c/a03RB00001Nswe2YAB'}",a03RB00001Nswe2YAB,株式会社JR東日本建築設計_2025/07,001RB00001VTrHVYA1,a04RB00000kUAOOYA4,a0BRB00000ynb6J2AQ,2025/07,2025/07,2025-07-01,2025-07-31,,,,,8000,False,False,1,2026-06-21T16:13:56.000+0000,2026-07-28T02:33:20.000+0000,CN-00000050,株式会社JR東日本建築設計,Activated,株式会社 JR東日本建築設計,,product_missing
"{'type': 'ContractLineItem__c', 'url': '/services/data/v67.0/sobjects/ContractLineItem__c/a03RB00001Nswe3YAB'}",a03RB00001Nswe3YAB,株式会社JR東日本建築設計_2025/08,001RB00001VTrHVYA1,a04RB00000kUAOOYA4,a0BRB00000ynb6J2AQ,2025/08,2025/08,2025-08-01,2025-08-31,,,,,8000,False,False,1,2026-06-21T16:13:56.000+0000,2026-07-28T02:33:20.000+0000,CN-00000050,株式会社JR東日本建築設計,Activated,株式会社 JR東日本建築設計,,product_missing
"{'type': 'ContractLineItem__c', 'url': '/services/data/v67.0/sobjects/ContractLineItem__c/a03RB00001Nswe4YAB'}",a03RB00001Nswe4YAB,株式会社JR東日本建築設計_2025/09,001RB00001VTrHVYA1,a04RB00000kUAOOYA4,a0BRB00000ynb6J2AQ,2025/09,2025/09,2025-09-01,2025-09-30,,,,,8000,False,False,1,2026-06-21T16:13:56.000+0000,2026-07-28T02:33:20.000+0000,CN-00000050,株式会社JR東日本建築設計,Activated,株式会社 JR東日本建築設計,,product_missing
"{'type': 'ContractLineItem__c', 'url': '/services/data/v67.0/sobjects/ContractLineItem__c/a03RB00001Nswe5YAB'}",a03RB00001Nswe5YAB,株式会社JR東日本建築設計_2025/10,001RB00001VTrHVYA1,a04RB00000kUAOOYA4,a0BRB00000ynb6J2AQ,2025/10,2025/10,2025-10-01,2025-10-31,,,,,8000,False,False,1,2026-06-21T16:13:56.000+0000,2026-07-28T02:33:20.000+0000,CN-00000050,株式会社JR東日本建築設計,Activated,株式会社 JR東日本建築設計,,product_missing
"{'type': 'ContractLineItem__c', 'url': '/services/data/v67.0/sobjects/ContractLineItem__c/a03RB00001Nswe6YAB'}",a03RB00001Nswe6YAB,株式会社JR東日本建築設計_2025/11,001RB00001VTrHVYA1,a04RB00000kUAOOYA4,a0BRB00000ynb6J2AQ,2025/11,2025/11,2025-11-01,2025-11-30,,,,,8000,False,False,1,2026-06-21T16:13:56.000+0000,2026-07-28T02:33:20.000+0000,CN-00000050,株式会社JR東日本建築設計,Activated,株式会社 JR東日本建築設計,,product_missing
"{'type': 'ContractLineItem__c', 'url': '/services/data/v67.0/sobjects/ContractLineItem__c/a03RB00001Nswe7YAB'}",a03RB00001Nswe7YAB,株式会社JR東日本建築設計_2025/12,001RB00001VTrHVYA1,a04RB00000kUAOOYA4,a0BRB00000ynb6J2AQ,2025/12,2025/12,2025-12-01,2025-12-31,,,,,8000,False,False,1,2026-06-21T16:13:56.000+0000,2026-07-28T02:33:20.000+0000,CN-00000050,株式会社JR東日本建築設計,Activated,株式会社 JR東日本建築設計,,product_missing
"{'type': 'ContractLineItem__c', 'url': '/services/data/v67.0/sobjects/ContractLineItem__c/a03RB00001Nswe8YAB'}",a03RB00001Nswe8YAB,株式会社JR東日本建築設計_2026/01,001RB00001VTrHVYA1,a04RB00000kUAOOYA4,a0BRB00000ynb6J2AQ,2026/01,2026/01,2026-01-01,2026-01-31,,,,,8000,False,False,1,2026-06-21T16:13:56.000+0000,2026-07-28T02:33:20.000+0000,CN-00000050,株式会社JR東日本建築設計,Activated,株式会社 JR東日本建築設計,,product_missing
"{'type': 'ContractLineItem__c', 'url': '/services/data/v67.0/sobjects/ContractLineItem__c/a03RB00001Nswe9YAB'}",a03RB00001Nswe9YAB,株式会社JR東日本建築設計_2026/02,001RB00001VTrHVYA1,a04RB00000kUAOOYA4,a0BRB00000ynb6J2AQ,2026/02,2026/02,2026-02-01,2026-02-28,,,,,8000,False,False,1,2026-06-21T16:13:56.000+0000,2026-07-28T02:33:20.000+0000,CN-00000050,株式会社JR東日本建築設計,Activated,株式会社 JR東日本建築設計,,product_missing
"{'type': 'ContractLineItem__c', 'url': '/services/data/v67.0/sobjects/ContractLineItem__c/a03RB00001NsweAYAR'}",a03RB00001NsweAYAR,株式会社JR東日本建築設計_2026/03,001RB00001VTrHVYA1,a04RB00000kUAOOYA4,a0BRB00000ynb6J2AQ,2026/03,2026/03,2026-03-01,2026-03-31,,,,,8000,False,False,1,2026-06-21T16:13:56.000+0000,2026-07-28T02:33:20.000+0000,CN-00000050,株式会社JR東日本建築設計,Activated,株式会社 JR東日本建築設計,,product_missing
"{'type': 'ContractLineItem__c', 'url': '/services/data/v67.0/sobjects/ContractLineItem__c/a03RB00001NsweBYAR'}",a03RB00001NsweBYAR,株式会社JR東日本建築設計_2026/04,001RB00001VTrHVYA1,a04RB00000kUAOOYA4,a0BRB00000ynb6J2AQ,2026/04,2026/04,2026-04-01,2026-04-30,,,,,8000,False,False,1,2026-06-21T16:13:56.000+0000,2026-07-28T02:33:20.000+0000,CN-00000050,株式会社JR東日本建築設計,Activated,株式会社 JR東日本建築設計,,product_missing
"{'type': 'ContractLineItem__c', 'url': '/services/data/v67.0/sobjects/ContractLineItem__c/a03RB00001NsweCYAR'}",a03RB00001NsweCYAR,株式会社JR東日本建築設計_2026/05,001RB00001VTrHVYA1,a04RB00000kUAOOYA4,a0BRB00000ynb6J2AQ,2026/05,2026/05,2026-05-01,2026-05-31,,,,,8000,False,False,1,2026-06-21T16:13:56.000+0000,2026-07-28T02:33:20.000+0000,CN-00000050,株式会社JR東日本建築設計,Activated,株式会社 JR東日本建築設計,,product_missing
"{'type': 'ContractLineItem__c', 'url': '/services/data/v67.0/sobjects/ContractLineItem__c/a03RB00001NsweDYAR'}",a03RB00001NsweDYAR,株式会社JR東日本建築設計_2026/06,001RB00001VTrHVYA1,a04RB00000kUAOOYA4,a0BRB00000ynb6J2AQ,2026/06,2026/06,2026-06-01,2026-06-30,,,,,8000,False,False,1,2026-06-21T16:13:56.000+0000,2026-07-28T02:33:20.000+0000,CN-00000050,株式会社JR東日本建築設計,Activated,株式会社 JR東日本建築設計,,product_missing
"{'type': 'ContractLineItem__c', 'url': '/services/data/v67.0/sobjects/ContractLineItem__c/a03RB00001NsweEYAR'}",a03RB00001NsweEYAR,株式会社JR東日本建築設計_2026/07,001RB00001VTrHVYA1,a04RB00000kUAOOYA4,a0BRB00000ynb6J2AQ,2026/07,2026/07,2026-07-01,2026-07-31,,,,,8000,False,False,1,2026-06-21T16:13:56.000+0000,2026-07-28T02:33:20.000+0000,CN-00000050,株式会社JR東日本建築設計,Activated,株式会社 JR東日本建築設計,,product_missing
"{'type': 'ContractLineItem__c', 'url': '/services/data/v67.0/sobjects/ContractLineItem__c/a03RB00001NsweFYAR'}",a03RB00001NsweFYAR,株式会社JR東日本建築設計_2026/08,001RB00001VTrHVYA1,a04RB00000kUAOOYA4,a0BRB00000ynb6J2AQ,2026/08,2026/08,2026-08-01,2026-08-31,,,,,8000,False,False,1,2026-06-21T16:13:56.000+0000,2026-07-28T02:33:20.000+0000,CN-00000050,株式会社JR東日本建築設計,Activated,株式会社 JR東日本建築設計,,product_missing
"{'type': 'ContractLineItem__c', 'url': '/services/data/v67.0/sobjects/ContractLineItem__c/a03RB00001NsweGYAR'}",a03RB00001NsweGYAR,株式会社JR東日本建築設計_2026/09,001RB00001VTrHVYA1,a04RB00000kUAOOYA4,a0BRB00000ynb6J2AQ,2026/09,2026/09,2026-09-01,2026-09-30,,,,,8000,False,False,1,2026-06-21T16:13:56.000+0000,2026-07-28T02:33:20.000+0000,CN-00000050,株式会社JR東日本建築設計,Activated,株式会社 JR東日本建築設計,,product_missing
"{'type': 'ContractLineItem__c', 'url': '/services/data/v67.0/sobjects/ContractLineItem__c/a03RB00001NsweHYAR'}",a03RB00001NsweHYAR,株式会社JR東日本建築設計_2026/10,001RB00001VTrHVYA1,a04RB00000kUAOOYA4,a0BRB00000ynb6J2AQ,2026/10,2026/10,2026-10-01,2026-10-31,,,,,8000,False,False,1,2026-06-21T16:13:56.000+0000,2026-07-28T02:33:20.000+0000,CN-00000050,株式会社JR東日本建築設計,Activated,株式会社 JR東日本建築設計,,product_missing
"{'type': 'ContractLineItem__c', 'url': '/services/data/v67.0/sobjects/ContractLineItem__c/a03RB00001NsweIYAR'}",a03RB00001NsweIYAR,株式会社JR東日本建築設計_2026/11,001RB00001VTrHVYA1,a04RB00000kUAOOYA4,a0BRB00000ynb6J2AQ,2026/11,2026/11,2026-11-01,2026-11-30,,,,,8000,False,False,1,2026-06-21T16:13:56.000+0000,2026-07-28T02:33:20.000+0000,CN-00000050,株式会社JR東日本建築設計,Activated,株式会社 JR東日本建築設計,,product_missing
"{'type': 'ContractLineItem__c', 'url': '/services/data/v67.0/sobjects/ContractLineItem__c/a03RB00001NsweJYAR'}",a03RB00001NsweJYAR,株式会社JR東日本建築設計_2026/12,001RB00001VTrHVYA1,a04RB00000kUAOOYA4,a0BRB00000ynb6J2AQ,2026/12,2026/12,2026-12-01,2026-12-31,,,,,8000,False,False,1,2026-06-21T16:13:56.000+0000,2026-07-28T02:33:20.000+0000,CN-00000050,株式会社JR東日本建築設計,Activated,株式会社 JR東日本建築設計,,product_missing
"{'type': 'ContractLineItem__c', 'url': '/services/data/v67.0/sobjects/ContractLineItem__c/a03RB00001NsweKYAR'}",a03RB00001NsweKYAR,株式会社JR東日本建築設計_2027/01,001RB00001VTrHVYA1,a04RB00000kUAOOYA4,a0BRB00000ynb6J2AQ,2027/01,2027/01,2027-01-01,2027-01-31,,,,,8000,False,False,1,2026-06-21T16:13:56.000+0000,2026-07-28T02:33:20.000+0000,CN-00000050,株式会社JR東日本建築設計,Activated,株式会社 JR東日本建築設計,,product_missing
"{'type': 'ContractLineItem__c', 'url': '/services/data/v67.0/sobjects/ContractLineItem__c/a03RB00001NsweLYAR'}",a03RB00001NsweLYAR,株式会社JR東日本建築設計_2027/02,001RB00001VTrHVYA1,a04RB00000kUAOOYA4,a0BRB00000ynb6J2AQ,2027/02,2027/02,2027-02-01,2027-02-28,,,,,8000,False,False,1,2026-06-21T16:13:56.000+0000,2026-07-28T02:33:20.000+0000,CN-00000050,株式会社JR東日本建築設計,Activated,株式会社 JR東日本建築設計,,product_missing
"{'type': 'ContractLineItem__c', 'url': '/services/data/v67.0/sobjects/ContractLineItem__c/a03RB00001NsweMYAR'}",a03RB00001NsweMYAR,株式会社JR東日本建築設計_2027/03,001RB00001VTrHVYA1,a04RB00000kUAOOYA4,a0BRB00000ynb6J2AQ,2027/03,2027/03,2027-03-01,2027-03-31,,,,,8000,False,False,1,2026-06-21T16:13:56.000+0000,2026-07-28T02:33:20.000+0000,CN-00000050,株式会社JR東日本建築設計,Activated,株式会社 JR東日本建築設計,,product_missing
"{'type': 'ContractLineItem__c', 'url': '/services/data/v67.0/sobjects/ContractLineItem__c/a03RB00001NsweNYAR'}",a03RB00001NsweNYAR,大東建託株式会社_2025/08,001RB00001VTruMYAT,a04RB00000kUAOPYA4,a0BRB00000ynb6K2AQ,2025/08,2025/08,2025-08-01,2025-08-31,,,,,132000,False,False,12,2026-06-21T16:13:56.000+0000,2026-07-28T02:33:20.000+0000,CN-00000051,大東建託株式会社,解約,大東建託株式会社,,product_missing
"{'type': 'ContractLineItem__c', 'url': '/services/data/v67.0/sobjects/ContractLineItem__c/a03RB00001NsweOYAR'}",a03RB00001NsweOYAR,大東建託株式会社_2025/09,001RB00001VTruMYAT,a04RB00000kUAOPYA4,a0BRB00000ynb6K2AQ,2025/09,2025/09,2025-09-01,2025-09-30,,,,,132000,False,False,12,2026-06-21T16:13:56.000+0000,2026-07-28T02:33:20.000+0000,CN-00000051,大東建託株式会社,解約,大東建託株式会社,,product_missing
"{'type': 'ContractLineItem__c', 'url': '/services/data/v67.0/sobjects/ContractLineItem__c/a03RB00001NswePYAR'}",a03RB00001NswePYAR,大東建託株式会社_2025/10,001RB00001VTruMYAT,a04RB00000kUAOPYA4,a0BRB00000ynb6K2AQ,2025/10,2025/10,2025-10-01,2025-10-31,,,,,132000,False,False,12,2026-06-21T16:13:56.000+0000,2026-07-28T02:33:20.000+0000,CN-00000051,大東建託株式会社,解約,大東建託株式会社,,product_missing
"{'type': 'ContractLineItem__c', 'url': '/services/data/v67.0/sobjects/ContractLineItem__c/a03RB00001NsweQYAR'}",a03RB00001NsweQYAR,大東建託株式会社_2025/11,001RB00001VTruMYAT,a04RB00000kUAOPYA4,a0BRB00000ynb6K2AQ,2025/11,2025/11,2025-11-01,2025-11-30,,,,,132000,False,False,12,2026-06-21T16:13:56.000+0000,2026-07-28T02:33:20.000+0000,CN-00000051,大東建託株式会社,解約,大東建託株式会社,,product_missing
"{'type': 'ContractLineItem__c', 'url': '/services/data/v67.0/sobjects/ContractLineItem__c/a03RB00001NsweRYAR'}",a03RB00001NsweRYAR,株式会社 一条工務店_2025/08,001RB00001VTqbnYAD,a04RB00000kUAOQYA4,a0BRB00000ynb6L2AQ,2025/08,2025/08,2025-08-01,2025-08-31,,,,,16000,False,False,2,2026-06-21T16:13:56.000+0000,2026-07-28T02:33:20.000+0000,CN-00000052,株式会社 一条工務店,解約,株式会社一条工務店,,product_missing
"{'type': 'ContractLineItem__c', 'url': '/services/data/v67.0/sobjects/ContractLineItem__c/a03RB00001NsweSYAR'}",a03RB00001NsweSYAR,株式会社 一条工務店_2025/09,001RB00001VTqbnYAD,a04RB00000kUAOQYA4,a0BRB00000ynb6L2AQ,2025/09,2025/09,2025-09-01,2025-09-30,,,,,16000,False,False,2,2026-06-21T16:13:56.000+0000,2026-07-28T02:33:20.000+0000,CN-00000052,株式会社 一条工務店,解約,株式会社一条工務店,,product_missing
"{'type': 'ContractLineItem__c', 'url': '/services/data/v67.0/sobjects/ContractLineItem__c/a03RB00001NsweTYAR'}",a03RB00001NsweTYAR,株式会社 一条工務店_2025/10,001RB00001VTqbnYAD,a04RB00000kUAOQYA4,a0BRB00000ynb6L2AQ,2025/10,2025/10,2025-10-01,2025-10-31,,,,,16000,False,False,2,2026-06-21T16:13:56.000+0000,2026-07-28T02:33:20.000+0000,CN-00000052,株式会社 一条工務店,解約,株式会社一条工務店,,product_missing
"{'type': 'ContractLineItem__c', 'url': '/services/data/v67.0/sobjects/ContractLineItem__c/a03RB00001NswedYAB'}",a03RB00001NswedYAB,株式会社B-PROJECT_2025/09,001RB00001VTqm7YAD,a04RB00000kUAOSYA4,a0BRB00000ynb6N2AQ,2025/09,2025/09,2025-09-01,2025-09-30,,,,,66000,False,False,6,2026-06-21T16:13:56.000+0000,2026-07-28T02:33:20.000+0000,CN-00000054,株式会社B-PROJECT,解約,株式会社B-PROJECT,,product_missing
"{'type': 'ContractLineItem__c', 'url': '/services/data/v67.0/sobjects/ContractLineItem__c/a03RB00001NsweeYAB'}",a03RB00001NsweeYAB,株式会社B-PROJECT_2025/10,001RB00001VTqm7YAD,a04RB00000kUAOSYA4,a0BRB00000ynb6N2AQ,2025/10,2025/10,2025-10-01,2025-10-31,,,,,66000,False,False,6,2026-06-21T16:13:56.000+0000,2026-07-28T02:33:20.000+0000,CN-00000054,株式会社B-PROJECT,解約,株式会社B-PROJECT,,product_missing
"{'type': 'ContractLineItem__c', 'url': '/services/data/v67.0/sobjects/ContractLineItem__c/a03RB00001NswefYAB'}",a03RB00001NswefYAB,株式会社B-PROJECT_2025/11,001RB00001VTqm7YAD,a04RB00000kUAOSYA4,a0BRB00000ynb6N2AQ,2025/11,2025/11,2025-11-01,2025-11-30,,,,,66000,False,False,6,2026-06-21T16:13:56.000+0000,2026-07-28T02:33:20.000+0000,CN-00000054,株式会社B-PROJECT,解約,株式会社B-PROJECT,,product_missing
"{'type': 'ContractLineItem__c', 'url': '/services/data/v67.0/sobjects/ContractLineItem__c/a03RB00001NswegYAB'}",a03RB00001NswegYAB,株式会社B-PROJECT_2025/12,001RB00001VTqm7YAD,a04RB00000kUAOSYA4,a0BRB00000ynb6N2AQ,2025/12,2025/12,2025-12-01,2025-12-31,,,,,66000,False,False,6,2026-06-21T16:13:56.000+0000,2026-07-28T02:33:20.000+0000,CN-00000054,株式会社B-PROJECT,解約,株式会社B-PROJECT,,product_missing
"{'type': 'ContractLineItem__c', 'url': '/services/data/v67.0/sobjects/ContractLineItem__c/a03RB00001NswehYAB'}",a03RB00001NswehYAB,株式会社B-PROJECT_2026/01,001RB00001VTqm7YAD,a04RB00000kUAOSYA4,a0BRB00000ynb6N2AQ,2026/01,2026/01,2026-01-01,2026-01-31,,,,,66000,False,False,6,2026-06-21T16:13:56.000+0000,2026-07-28T02:33:20.000+0000,CN-00000054,株式会社B-PROJECT,解約,株式会社B-PROJECT,,product_missing
"{'type': 'ContractLineItem__c', 'url': '/services/data/v67.0/sobjects/ContractLineItem__c/a03RB00001Nswf0YAB'}",a03RB00001Nswf0YAB,三菱地所株式会社(DX推進部)_2025/10,001RB00001VTqeCYAT,a04RB00000kUAOVYA4,a0BRB00000ynb6Q2AQ,2025/10,2025/10,2025-10-01,2025-10-31,,,,,16000,False,False,2,2026-06-21T16:13:56.000+0000,2026-07-28T02:33:20.000+0000,CN-00000057,三菱地所株式会社(DX推進部),Activated,三菱地所株式会社,,product_missing
"{'type': 'ContractLineItem__c', 'url': '/services/data/v67.0/sobjects/ContractLineItem__c/a03RB00001Nswf1YAB'}",a03RB00001Nswf1YAB,三菱地所株式会社(DX推進部)_2025/11,001RB00001VTqeCYAT,a04RB00000kUAOVYA4,a0BRB00000ynb6Q2AQ,2025/11,2025/11,2025-11-01,2025-11-30,,,,,16000,False,False,2,2026-06-21T16:13:56.000+0000,2026-07-28T02:33:20.000+0000,CN-00000057,三菱地所株式会社(DX推進部),Activated,三菱地所株式会社,,product_missing
"{'type': 'ContractLineItem__c', 'url': '/services/data/v67.0/sobjects/ContractLineItem__c/a03RB00001Nswf2YAB'}",a03RB00001Nswf2YAB,三菱地所株式会社(DX推進部)_2025/12,001RB00001VTqeCYAT,a04RB00000kUAOVYA4,a0BRB00000ynb6Q2AQ,2025/12,2025/12,2025-12-01,2025-12-31,,,,,16000,False,False,2,2026-06-21T16:13:56.000+0000,2026-07-28T02:33:20.000+0000,CN-00000057,三菱地所株式会社(DX推進部),Activated,三菱地所株式会社,,product_missing
"{'type': 'ContractLineItem__c', 'url': '/services/data/v67.0/sobjects/ContractLineItem__c/a03RB00001Nswf3YAB'}",a03RB00001Nswf3YAB,三菱地所株式会社(DX推進部)_2026/01,001RB00001VTqeCYAT,a04RB00000kUAOVYA4,a0BRB00000ynb6Q2AQ,2026/01,2026/01,2026-01-01,2026-01-31,,,,,16000,False,False,2,2026-06-21T16:13:56.000+0000,2026-07-28T02:33:20.000+0000,CN-00000057,三菱地所株式会社(DX推進部),Activated,三菱地所株式会社,,product_missing
"{'type': 'ContractLineItem__c', 'url': '/services/data/v67.0/sobjects/ContractLineItem__c/a03RB00001Nswf4YAB'}",a03RB00001Nswf4YAB,三菱地所株式会社(DX推進部)_2026/02,001RB00001VTqeCYAT,a04RB00000kUAOVYA4,a0BRB00000ynb6Q2AQ,2026/02,2026/02,2026-02-01,2026-02-28,,,,,16000,False,False,2,2026-06-21T16:13:56.000+0000,2026-07-28T02:33:20.000+0000,CN-00000057,三菱地所株式会社(DX推進部),Activated,三菱地所株式会社,,product_missing
"{'type': 'ContractLineItem__c', 'url': '/services/data/v67.0/sobjects/ContractLineItem__c/a03RB00001Nswf5YAB'}",a03RB00001Nswf5YAB,三菱地所株式会社(DX推進部)_2026/03,001RB00001VTqeCYAT,a04RB00000kUAOVYA4,a0BRB00000ynb6Q2AQ,2026/03,2026/03,2026-03-01,2026-03-31,,,,,16000,False,False,2,2026-06-21T16:13:56.000+0000,2026-07-28T02:33:20.000+0000,CN-00000057,三菱地所株式会社(DX推進部),Activated,三菱地所株式会社,,product_missing
"{'type': 'ContractLineItem__c', 'url': '/services/data/v67.0/sobjects/ContractLineItem__c/a03RB00001Nswf6YAB'}",a03RB00001Nswf6YAB,三菱地所株式会社(DX推進部)_2026/04,001RB00001VTqeCYAT,a04RB00000kUAOVYA4,a0BRB00000ynb6Q2AQ,2026/04,2026/04,2026-04-01,2026-04-30,,,,,16000,False,False,2,2026-06-21T16:13:56.000+0000,2026-07-28T02:33:20.000+0000,CN-00000057,三菱地所株式会社(DX推進部),Activated,三菱地所株式会社,,product_missing
"{'type': 'ContractLineItem__c', 'url': '/services/data/v67.0/sobjects/ContractLineItem__c/a03RB00001Nswf7YAB'}",a03RB00001Nswf7YAB,三菱地所株式会社(DX推進部)_2026/05,001RB00001VTqeCYAT,a04RB00000kUAOVYA4,a0BRB00000ynb6Q2AQ,2026/05,2026/05,2026-05-01,2026-05-31,,,,,16000,False,False,2,2026-06-21T16:13:56.000+0000,2026-07-28T02:33:20.000+0000,CN-00000057,三菱地所株式会社(DX推進部),Activated,三菱地所株式会社,,product_missing
"{'type': 'ContractLineItem__c', 'url': '/services/data/v67.0/sobjects/ContractLineItem__c/a03RB00001Nswf8YAB'}",a03RB00001Nswf8YAB,株式会社コスモスイニシア デジタル推進部門_2025/10,001RB00001VTqgBYAT,a04RB00000kUAOWYA4,a0BRB00000ynb6R2AQ,2025/10,2025/10,2025-10-01,2025-10-31,,,,,100000,False,False,1,2026-06-21T16:13:56.000+0000,2026-07-28T02:33:20.000+0000,CN-00000058,株式会社コスモスイニシア　デジタル推進部門,解約,株式会社コスモスイニシア,,product_missing
"{'type': 'ContractLineItem__c', 'url': '/services/data/v67.0/sobjects/ContractLineItem__c/a03RB00001Nswf9YAB'}",a03RB00001Nswf9YAB,株式会社コスモスイニシア デジタル推進部門_2025/11,001RB00001VTqgBYAT,a04RB00000kUAOWYA4,a0BRB00000ynb6R2AQ,2025/11,2025/11,2025-11-01,2025-11-30,,,,,100000,False,False,1,2026-06-21T16:13:56.000+0000,2026-07-28T02:33:20.000+0000,CN-00000058,株式会社コスモスイニシア　デジタル推進部門,解約,株式会社コスモスイニシア,,product_missing
"{'type': 'ContractLineItem__c', 'url': '/services/data/v67.0/sobjects/ContractLineItem__c/a03RB00001NswfAYAR'}",a03RB00001NswfAYAR,株式会社コスモスイニシア デジタル推進部門_2025/12,001RB00001VTqgBYAT,a04RB00000kUAOWYA4,a0BRB00000ynb6R2AQ,2025/12,2025/12,2025-12-01,2025-12-31,,,,,100000,False,False,1,2026-06-21T16:13:56.000+0000,2026-07-28T02:33:20.000+0000,CN-00000058,株式会社コスモスイニシア　デジタル推進部門,解約,株式会社コスモスイニシア,,product_missing
"{'type': 'ContractLineItem__c', 'url': '/services/data/v67.0/sobjects/ContractLineItem__c/a03RB00001NswfBYAR'}",a03RB00001NswfBYAR,株式会社コスモスイニシア デジタル推進部門_2026/01,001RB00001VTqgBYAT,a04RB00000kUAOWYA4,a0BRB00000ynb6R2AQ,2026/01,2026/01,2026-01-01,2026-01-31,,,,,100000,False,False,1,2026-06-21T16:13:56.000+0000,2026-07-28T02:33:20.000+0000,CN-00000058,株式会社コスモスイニシア　デジタル推進部門,解約,株式会社コスモスイニシア,,product_missing
"{'type': 'ContractLineItem__c', 'url': '/services/data/v67.0/sobjects/ContractLineItem__c/a03RB00001NswfCYAR'}",a03RB00001NswfCYAR,株式会社コスモスイニシア デジタル推進部門_2026/02,001RB00001VTqgBYAT,a04RB00000kUAOWYA4,a0BRB00000ynb6R2AQ,2026/02,2026/02,2026-02-01,2026-02-28,,,,,100000,False,False,1,2026-06-21T16:13:56.000+0000,2026-07-28T02:33:20.000+0000,CN-00000058,株式会社コスモスイニシア　デジタル推進部門,解約,株式会社コスモスイニシア,,product_missing
"{'type': 'ContractLineItem__c', 'url': '/services/data/v67.0/sobjects/ContractLineItem__c/a03RB00001NswfDYAR'}",a03RB00001NswfDYAR,株式会社コスモスイニシア デジタル推進部門_2026/03,001RB00001VTqgBYAT,a04RB00000kUAOWYA4,a0BRB00000ynb6R2AQ,2026/03,2026/03,2026-03-01,2026-03-31,,,,,100000,False,False,1,2026-06-21T16:13:56.000+0000,2026-07-28T02:33:20.000+0000,CN-00000058,株式会社コスモスイニシア　デジタル推進部門,解約,株式会社コスモスイニシア,,product_missing
"{'type': 'ContractLineItem__c', 'url': '/services/data/v67.0/sobjects/ContractLineItem__c/a03RB00001NswfEYAR'}",a03RB00001NswfEYAR,株式会社コスモスイニシア 建築本部_2025/10,001RB00001VTqgBYAT,a04RB00000kUAOXYA4,a0BRB00000ynb6S2AQ,2025/10,2025/10,2025-10-01,2025-10-31,,,,,77000,False,False,7,2026-06-21T16:13:56.000+0000,2026-07-28T02:33:20.000+0000,CN-00000059,株式会社コスモスイニシア　建築本部,Activated,株式会社コスモスイニシア,,product_missing
"{'type': 'ContractLineItem__c', 'url': '/services/data/v67.0/sobjects/ContractLineItem__c/a03RB00001NswfFYAR'}",a03RB00001NswfFYAR,株式会社コスモスイニシア 建築本部_2025/11,001RB00001VTqgBYAT,a04RB00000kUAOXYA4,a0BRB00000ynb6S2AQ,2025/11,2025/11,2025-11-01,2025-11-30,,,,,77000,False,False,7,2026-06-21T16:13:56.000+0000,2026-07-28T02:33:20.000+0000,CN-00000059,株式会社コスモスイニシア　建築本部,Activated,株式会社コスモスイニシア,,product_missing
"{'type': 'ContractLineItem__c', 'url': '/services/data/v67.0/sobjects/ContractLineItem__c/a03RB00001NswfGYAR'}",a03RB00001NswfGYAR,株式会社コスモスイニシア 建築本部_2025/12,001RB00001VTqgBYAT,a04RB00000kUAOXYA4,a0BRB00000ynb6S2AQ,2025/12,2025/12,2025-12-01,2025-12-31,,,,,77000,False,False,7,2026-06-21T16:13:56.000+0000,2026-07-28T02:33:20.000+0000,CN-00000059,株式会社コスモスイニシア　建築本部,Activated,株式会社コスモスイニシア,,product_missing
"{'type': 'ContractLineItem__c', 'url': '/services/data/v67.0/sobjects/ContractLineItem__c/a03RB00001NswfHYAR'}",a03RB00001NswfHYAR,株式会社コスモスイニシア 建築本部_2026/01,001RB00001VTqgBYAT,a04RB00000kUAOXYA4,a0BRB00000ynb6S2AQ,2026/01,2026/01,2026-01-01,2026-01-31,,,,,77000,False,False,7,2026-06-21T16:13:56.000+0000,2026-07-28T02:33:20.000+0000,CN-00000059,株式会社コスモスイニシア　建築本部,Activated,株式会社コスモスイニシア,,product_missing
"{'type': 'ContractLineItem__c', 'url': '/services/data/v67.0/sobjects/ContractLineItem__c/a03RB00001NswfIYAR'}",a03RB00001NswfIYAR,株式会社コスモスイニシア 建築本部_2026/02,001RB00001VTqgBYAT,a04RB00000kUAOXYA4,a0BRB00000ynb6S2AQ,2026/02,2026/02,2026-02-01,2026-02-28,,,,,77000,False,False,7,2026-06-21T16:13:56.000+0000,2026-07-28T02:33:20.000+0000,CN-00000059,株式会社コスモスイニシア　建築本部,Activated,株式会社コスモスイニシア,,product_missing
"{'type': 'ContractLineItem__c', 'url': '/services/data/v67.0/sobjects/ContractLineItem__c/a03RB00001NswfJYAR'}",a03RB00001NswfJYAR,株式会社コスモスイニシア 建築本部_2026/03,001RB00001VTqgBYAT,a04RB00000kUAOXYA4,a0BRB00000ynb6S2AQ,2026/03,2026/03,2026-03-01,2026-03-31,,,,,77000,False,False,7,2026-06-21T16:13:56.000+0000,2026-07-28T02:33:20.000+0000,CN-00000059,株式会社コスモスイニシア　建築本部,Activated,株式会社コスモスイニシア,,product_missing
"{'type': 'ContractLineItem__c', 'url': '/services/data/v67.0/sobjects/ContractLineItem__c/a03RB00001NswfKYAR'}",a03RB00001NswfKYAR,株式会社コスモスイニシア 建築本部_2026/04,001RB00001VTqgBYAT,a04RB00000kUAOXYA4,a0BRB00000ynb6S2AQ,2026/04,2026/04,2026-04-01,2026-04-30,,,,,98000,False,False,7,2026-06-21T16:13:56.000+0000,2026-07-28T02:33:20.000+0000,CN-00000059,株式会社コスモスイニシア　建築本部,Activated,株式会社コスモスイニシア,,product_missing
"{'type': 'ContractLineItem__c', 'url': '/services/data/v67.0/sobjects/ContractLineItem__c/a03RB00001NswfLYAR'}",a03RB00001NswfLYAR,株式会社コスモスイニシア 建築本部_2026/05,001RB00001VTqgBYAT,a04RB00000kUAOXYA4,a0BRB00000ynb6S2AQ,2026/05,2026/05,2026-05-01,2026-05-31,,,,,98000,False,False,7,2026-06-21T16:13:56.000+0000,2026-07-28T02:33:20.000+0000,CN-00000059,株式会社コスモスイニシア　建築本部,Activated,株式会社コスモスイニシア,,product_missing
"{'type': 'ContractLineItem__c', 'url': '/services/data/v67.0/sobjects/ContractLineItem__c/a03RB00001NswfMYAR'}",a03RB00001NswfMYAR,株式会社コスモスイニシア 建築本部_2026/06,001RB00001VTqgBYAT,a04RB00000kUAOXYA4,a0BRB00000ynb6S2AQ,2026/06,2026/06,2026-06-01,2026-06-30,,,,,98000,False,False,7,2026-06-21T16:13:56.000+0000,2026-07-28T02:33:20.000+0000,CN-00000059,株式会社コスモスイニシア　建築本部,Activated,株式会社コスモスイニシア,,product_missing
"{'type': 'ContractLineItem__c', 'url': '/services/data/v67.0/sobjects/ContractLineItem__c/a03RB00001NswfNYAR'}",a03RB00001NswfNYAR,株式会社コスモスイニシア 建築本部_2026/07,001RB00001VTqgBYAT,a04RB00000kUAOXYA4,a0BRB00000ynb6S2AQ,2026/07,2026/07,2026-07-01,2026-07-31,,,,,98000,False,False,7,2026-06-21T16:13:56.000+0000,2026-07-28T02:33:20.000+0000,CN-00000059,株式会社コスモスイニシア　建築本部,Activated,株式会社コスモスイニシア,,product_missing
"{'type': 'ContractLineItem__c', 'url': '/services/data/v67.0/sobjects/ContractLineItem__c/a03RB00001NswfOYAR'}",a03RB00001NswfOYAR,株式会社コスモスイニシア 建築本部_2026/08,001RB00001VTqgBYAT,a04RB00000kUAOXYA4,a0BRB00000ynb6S2AQ,2026/08,2026/08,2026-08-01,2026-08-31,,,,,98000,False,False,7,2026-06-21T16:13:56.000+0000,2026-07-28T02:33:20.000+0000,CN-00000059,株式会社コスモスイニシア　建築本部,Activated,株式会社コスモスイニシア,,product_missing
"{'type': 'ContractLineItem__c', 'url': '/services/data/v67.0/sobjects/ContractLineItem__c/a03RB00001NswfPYAR'}",a03RB00001NswfPYAR,株式会社コスモスイニシア 建築本部_2026/09,001RB00001VTqgBYAT,a04RB00000kUAOXYA4,a0BRB00000ynb6S2AQ,2026/09,2026/09,2026-09-01,2026-09-30,,,,,98000,False,False,7,2026-06-21T16:13:56.000+0000,2026-07-28T02:33:20.000+0000,CN-00000059,株式会社コスモスイニシア　建築本部,Activated,株式会社コスモスイニシア,,product_missing
"{'type': 'ContractLineItem__c', 'url': '/services/data/v67.0/sobjects/ContractLineItem__c/a03RB00001NswfQYAR'}",a03RB00001NswfQYAR,株式会社コスモスイニシア 建築本部_2026/10,001RB00001VTqgBYAT,a04RB00000kUAOXYA4,a0BRB00000ynb6S2AQ,2026/10,2026/10,2026-10-01,2026-10-31,,,,,98000,False,False,7,2026-06-21T16:13:56.000+0000,2026-07-28T02:33:20.000+0000,CN-00000059,株式会社コスモスイニシア　建築本部,Activated,株式会社コスモスイニシア,,product_missing
"{'type': 'ContractLineItem__c', 'url': '/services/data/v67.0/sobjects/ContractLineItem__c/a03RB00001NswfRYAR'}",a03RB00001NswfRYAR,株式会社コスモスイニシア 建築本部_2026/11,001RB00001VTqgBYAT,a04RB00000kUAOXYA4,a0BRB00000ynb6S2AQ,2026/11,2026/11,2026-11-01,2026-11-30,,,,,98000,False,False,7,2026-06-21T16:13:56.000+0000,2026-07-28T02:33:20.000+0000,CN-00000059,株式会社コスモスイニシア　建築本部,Activated,株式会社コスモスイニシア,,product_missing
"{'type': 'ContractLineItem__c', 'url': '/services/data/v67.0/sobjects/ContractLineItem__c/a03RB00001NswfSYAR'}",a03RB00001NswfSYAR,株式会社コスモスイニシア 建築本部_2026/12,001RB00001VTqgBYAT,a04RB00000kUAOXYA4,a0BRB00000ynb6S2AQ,2026/12,2026/12,2026-12-01,2026-12-31,,,,,98000,False,False,7,2026-06-21T16:13:56.000+0000,2026-07-28T02:33:20.000+0000,CN-00000059,株式会社コスモスイニシア　建築本部,Activated,株式会社コスモスイニシア,,product_missing
"{'type': 'ContractLineItem__c', 'url': '/services/data/v67.0/sobjects/ContractLineItem__c/a03RB00001NswfTYAR'}",a03RB00001NswfTYAR,株式会社コスモスイニシア 建築本部_2027/01,001RB00001VTqgBYAT,a04RB00000kUAOXYA4,a0BRB00000ynb6S2AQ,2027/01,2027/01,2027-01-01,2027-01-31,,,,,98000,False,False,7,2026-06-21T16:13:56.000+0000,2026-07-28T02:33:20.000+0000,CN-00000059,株式会社コスモスイニシア　建築本部,Activated,株式会社コスモスイニシア,,product_missing
"{'type': 'ContractLineItem__c', 'url': '/services/data/v67.0/sobjects/ContractLineItem__c/a03RB00001NswfUYAR'}",a03RB00001NswfUYAR,株式会社コスモスイニシア 建築本部_2027/02,001RB00001VTqgBYAT,a04RB00000kUAOXYA4,a0BRB00000ynb6S2AQ,2027/02,2027/02,2027-02-01,2027-02-28,,,,,98000,False,False,7,2026-06-21T16:13:56.000+0000,2026-07-28T02:33:20.000+0000,CN-00000059,株式会社コスモスイニシア　建築本部,Activated,株式会社コスモスイニシア,,product_missing
"{'type': 'ContractLineItem__c', 'url': '/services/data/v67.0/sobjects/ContractLineItem__c/a03RB00001NswfVYAR'}",a03RB00001NswfVYAR,株式会社コスモスイニシア 建築本部_2027/03,001RB00001VTqgBYAT,a04RB00000kUAOXYA4,a0BRB00000ynb6S2AQ,2027/03,2027/03,2027-03-01,2027-03-31,,,,,98000,False,False,7,2026-06-21T16:13:56.000+0000,2026-07-28T02:33:20.000+0000,CN-00000059,株式会社コスモスイニシア　建築本部,Activated,株式会社コスモスイニシア,,product_missing
"{'type': 'ContractLineItem__c', 'url': '/services/data/v67.0/sobjects/ContractLineItem__c/a03RB00001NswfWYAR'}",a03RB00001NswfWYAR,株式会社コスモスイニシア 建築本部(セキュリティオプション年払い）_2026/04,001RB00001VTqgBYAT,a04RB00000kUAOYYA4,a0BRB00000ynb6T2AQ,2026/04,2026/04,2026-04-01,2026-04-30,,,,,70000,False,False,1,2026-06-21T16:13:56.000+0000,2026-07-28T02:33:20.000+0000,CN-00000060,株式会社コスモスイニシア　建築本部(セキュリティオプション年払い）,Activated,株式会社コスモスイニシア,,product_missing
"{'type': 'ContractLineItem__c', 'url': '/services/data/v67.0/sobjects/ContractLineItem__c/a03RB00001NswfXYAR'}",a03RB00001NswfXYAR,株式会社コスモスイニシア 建築本部(セキュリティオプション年払い）_2026/05,001RB00001VTqgBYAT,a04RB00000kUAOYYA4,a0BRB00000ynb6T2AQ,2026/05,2026/05,2026-05-01,2026-05-31,,,,,70000,False,False,1,2026-06-21T16:13:56.000+0000,2026-07-28T02:33:20.000+0000,CN-00000060,株式会社コスモスイニシア　建築本部(セキュリティオプション年払い）,Activated,株式会社コスモスイニシア,,product_missing
"{'type': 'ContractLineItem__c', 'url': '/services/data/v67.0/sobjects/ContractLineItem__c/a03RB00001NswfYYAR'}",a03RB00001NswfYYAR,株式会社コスモスイニシア 建築本部(セキュリティオプション年払い）_2026/06,001RB00001VTqgBYAT,a04RB00000kUAOYYA4,a0BRB00000ynb6T2AQ,2026/06,2026/06,2026-06-01,2026-06-30,,,,,70000,False,False,1,2026-06-21T16:13:56.000+0000,2026-07-28T02:33:20.000+0000,CN-00000060,株式会社コスモスイニシア　建築本部(セキュリティオプション年払い）,Activated,株式会社コスモスイニシア,,product_missing
"{'type': 'ContractLineItem__c', 'url': '/services/data/v67.0/sobjects/ContractLineItem__c/a03RB00001NswfZYAR'}",a03RB00001NswfZYAR,株式会社コスモスイニシア 建築本部(セキュリティオプション年払い）_2026/07,001RB00001VTqgBYAT,a04RB00000kUAOYYA4,a0BRB00000ynb6T2AQ,2026/07,2026/07,2026-07-01,2026-07-31,,,,,70000,False,False,1,2026-06-21T16:13:56.000+0000,2026-07-28T02:33:20.000+0000,CN-00000060,株式会社コスモスイニシア　建築本部(セキュリティオプション年払い）,Activated,株式会社コスモスイニシア,,product_missing
"{'type': 'ContractLineItem__c', 'url': '/services/data/v67.0/sobjects/ContractLineItem__c/a03RB00001NswfaYAB'}",a03RB00001NswfaYAB,株式会社コスモスイニシア 建築本部(セキュリティオプション年払い）_2026/08,001RB00001VTqgBYAT,a04RB00000kUAOYYA4,a0BRB00000ynb6T2AQ,2026/08,2026/08,2026-08-01,2026-08-31,,,,,70000,False,False,1,2026-06-21T16:13:56.000+0000,2026-07-28T02:33:20.000+0000,CN-00000060,株式会社コスモスイニシア　建築本部(セキュリティオプション年払い）,Activated,株式会社コスモスイニシア,,product_missing
"{'type': 'ContractLineItem__c', 'url': '/services/data/v67.0/sobjects/ContractLineItem__c/a03RB00001NswfbYAB'}",a03RB00001NswfbYAB,株式会社コスモスイニシア 建築本部(セキュリティオプション年払い）_2026/09,001RB00001VTqgBYAT,a04RB00000kUAOYYA4,a0BRB00000ynb6T2AQ,2026/09,2026/09,2026-09-01,2026-09-30,,,,,70000,False,False,1,2026-06-21T16:13:56.000+0000,2026-07-28T02:33:20.000+0000,CN-00000060,株式会社コスモスイニシア　建築本部(セキュリティオプション年払い）,Activated,株式会社コスモスイニシア,,product_missing
"{'type': 'ContractLineItem__c', 'url': '/services/data/v67.0/sobjects/ContractLineItem__c/a03RB00001NswfcYAB'}",a03RB00001NswfcYAB,株式会社コスモスイニシア 建築本部(セキュリティオプション年払い）_2026/10,001RB00001VTqgBYAT,a04RB00000kUAOYYA4,a0BRB00000ynb6T2AQ,2026/10,2026/10,2026-10-01,2026-10-31,,,,,70000,False,False,1,2026-06-21T16:13:56.000+0000,2026-07-28T02:33:20.000+0000,CN-00000060,株式会社コスモスイニシア　建築本部(セキュリティオプション年払い）,Activated,株式会社コスモスイニシア,,product_missing
"{'type': 'ContractLineItem__c', 'url': '/services/data/v67.0/sobjects/ContractLineItem__c/a03RB00001NswfdYAB'}",a03RB00001NswfdYAB,株式会社コスモスイニシア 建築本部(セキュリティオプション年払い）_2026/11,001RB00001VTqgBYAT,a04RB00000kUAOYYA4,a0BRB00000ynb6T2AQ,2026/11,2026/11,2026-11-01,2026-11-30,,,,,70000,False,False,1,2026-06-21T16:13:56.000+0000,2026-07-28T02:33:20.000+0000,CN-00000060,株式会社コスモスイニシア　建築本部(セキュリティオプション年払い）,Activated,株式会社コスモスイニシア,,product_missing
"{'type': 'ContractLineItem__c', 'url': '/services/data/v67.0/sobjects/ContractLineItem__c/a03RB00001NswfeYAB'}",a03RB00001NswfeYAB,株式会社コスモスイニシア 建築本部(セキュリティオプション年払い）_2026/12,001RB00001VTqgBYAT,a04RB00000kUAOYYA4,a0BRB00000ynb6T2AQ,2026/12,2026/12,2026-12-01,2026-12-31,,,,,70000,False,False,1,2026-06-21T16:13:56.000+0000,2026-07-28T02:33:20.000+0000,CN-00000060,株式会社コスモスイニシア　建築本部(セキュリティオプション年払い）,Activated,株式会社コスモスイニシア,,product_missing
"{'type': 'ContractLineItem__c', 'url': '/services/data/v67.0/sobjects/ContractLineItem__c/a03RB00001NswffYAB'}",a03RB00001NswffYAB,株式会社コスモスイニシア 建築本部(セキュリティオプション年払い）_2027/01,001RB00001VTqgBYAT,a04RB00000kUAOYYA4,a0BRB00000ynb6T2AQ,2027/01,2027/01,2027-01-01,2027-01-31,,,,,70000,False,False,1,2026-06-21T16:13:56.000+0000,2026-07-28T02:33:20.000+0000,CN-00000060,株式会社コスモスイニシア　建築本部(セキュリティオプション年払い）,Activated,株式会社コスモスイニシア,,product_missing
"{'type': 'ContractLineItem__c', 'url': '/services/data/v67.0/sobjects/ContractLineItem__c/a03RB00001NswfgYAB'}",a03RB00001NswfgYAB,株式会社コスモスイニシア 建築本部(セキュリティオプション年払い）_2027/02,001RB00001VTqgBYAT,a04RB00000kUAOYYA4,a0BRB00000ynb6T2AQ,2027/02,2027/02,2027-02-01,2027-02-28,,,,,70000,False,False,1,2026-06-21T16:13:56.000+0000,2026-07-28T02:33:20.000+0000,CN-00000060,株式会社コスモスイニシア　建築本部(セキュリティオプション年払い）,Activated,株式会社コスモスイニシア,,product_missing
"{'type': 'ContractLineItem__c', 'url': '/services/data/v67.0/sobjects/ContractLineItem__c/a03RB00001NswfhYAB'}",a03RB00001NswfhYAB,株式会社コスモスイニシア 建築本部(セキュリティオプション年払い）_2027/03,001RB00001VTqgBYAT,a04RB00000kUAOYYA4,a0BRB00000ynb6T2AQ,2027/03,2027/03,2027-03-01,2027-03-31,,,,,70000,False,False,1,2026-06-21T16:13:56.000+0000,2026-07-28T02:33:20.000+0000,CN-00000060,株式会社コスモスイニシア　建築本部(セキュリティオプション年払い）,Activated,株式会社コスモスイニシア,,product_missing
"{'type': 'ContractLineItem__c', 'url': '/services/data/v67.0/sobjects/ContractLineItem__c/a03RB00001NswfiYAB'}",a03RB00001NswfiYAB,株式会社コスモスイニシア 事業本部（流通事業）_2025/10,001RB00001VTqgBYAT,a04RB00000kUAOZYA4,a0BRB00000ynb6U2AQ,2025/10,2025/10,2025-10-01,2025-10-31,,,,,33000,False,False,3,2026-06-21T16:13:56.000+0000,2026-07-28T02:33:20.000+0000,CN-00000061,株式会社コスモスイニシア　事業本部（流通事業）,Activated,株式会社コスモスイニシア,,product_missing
"{'type': 'ContractLineItem__c', 'url': '/services/data/v67.0/sobjects/ContractLineItem__c/a03RB00001NswfjYAB'}",a03RB00001NswfjYAB,株式会社コスモスイニシア 事業本部（流通事業）_2025/11,001RB00001VTqgBYAT,a04RB00000kUAOZYA4,a0BRB00000ynb6U2AQ,2025/11,2025/11,2025-11-01,2025-11-30,,,,,33000,False,False,3,2026-06-21T16:13:56.000+0000,2026-07-28T02:33:20.000+0000,CN-00000061,株式会社コスモスイニシア　事業本部（流通事業）,Activated,株式会社コスモスイニシア,,product_missing
"{'type': 'ContractLineItem__c', 'url': '/services/data/v67.0/sobjects/ContractLineItem__c/a03RB00001NswfkYAB'}",a03RB00001NswfkYAB,株式会社コスモスイニシア 事業本部（流通事業）_2025/12,001RB00001VTqgBYAT,a04RB00000kUAOZYA4,a0BRB00000ynb6U2AQ,2025/12,2025/12,2025-12-01,2025-12-31,,,,,33000,False,False,3,2026-06-21T16:13:56.000+0000,2026-07-28T02:33:20.000+0000,CN-00000061,株式会社コスモスイニシア　事業本部（流通事業）,Activated,株式会社コスモスイニシア,,product_missing
"{'type': 'ContractLineItem__c', 'url': '/services/data/v67.0/sobjects/ContractLineItem__c/a03RB00001NswflYAB'}",a03RB00001NswflYAB,株式会社コスモスイニシア 事業本部（流通事業）_2026/01,001RB00001VTqgBYAT,a04RB00000kUAOZYA4,a0BRB00000ynb6U2AQ,2026/01,2026/01,2026-01-01,2026-01-31,,,,,33000,False,False,3,2026-06-21T16:13:56.000+0000,2026-07-28T02:33:20.000+0000,CN-00000061,株式会社コスモスイニシア　事業本部（流通事業）,Activated,株式会社コスモスイニシア,,product_missing
"{'type': 'ContractLineItem__c', 'url': '/services/data/v67.0/sobjects/ContractLineItem__c/a03RB00001NswfmYAB'}",a03RB00001NswfmYAB,株式会社コスモスイニシア 事業本部（流通事業）_2026/02,001RB00001VTqgBYAT,a04RB00000kUAOZYA4,a0BRB00000ynb6U2AQ,2026/02,2026/02,2026-02-01,2026-02-28,,,,,33000,False,False,3,2026-06-21T16:13:56.000+0000,2026-07-28T02:33:20.000+0000,CN-00000061,株式会社コスモスイニシア　事業本部（流通事業）,Activated,株式会社コスモスイニシア,,product_missing
"{'type': 'ContractLineItem__c', 'url': '/services/data/v67.0/sobjects/ContractLineItem__c/a03RB00001NswfnYAB'}",a03RB00001NswfnYAB,株式会社コスモスイニシア 事業本部（流通事業）_2026/03,001RB00001VTqgBYAT,a04RB00000kUAOZYA4,a0BRB00000ynb6U2AQ,2026/03,2026/03,2026-03-01,2026-03-31,,,,,33000,False,False,3,2026-06-21T16:13:56.000+0000,2026-07-28T02:33:20.000+0000,CN-00000061,株式会社コスモスイニシア　事業本部（流通事業）,Activated,株式会社コスモスイニシア,,product_missing
"{'type': 'ContractLineItem__c', 'url': '/services/data/v67.0/sobjects/ContractLineItem__c/a03RB00001NswfoYAB'}",a03RB00001NswfoYAB,株式会社コスモスイニシア 事業本部（流通事業）_2026/04,001RB00001VTqgBYAT,a04RB00000kUAOZYA4,a0BRB00000ynb6U2AQ,2026/04,2026/04,2026-04-01,2026-04-30,,,,,42000,False,False,3,2026-06-21T16:13:56.000+0000,2026-07-28T02:33:20.000+0000,CN-00000061,株式会社コスモスイニシア　事業本部（流通事業）,Activated,株式会社コスモスイニシア,,product_missing
"{'type': 'ContractLineItem__c', 'url': '/services/data/v67.0/sobjects/ContractLineItem__c/a03RB00001NswfpYAB'}",a03RB00001NswfpYAB,株式会社コスモスイニシア 事業本部（流通事業）_2026/05,001RB00001VTqgBYAT,a04RB00000kUAOZYA4,a0BRB00000ynb6U2AQ,2026/05,2026/05,2026-05-01,2026-05-31,,,,,42000,False,False,3,2026-06-21T16:13:56.000+0000,2026-07-28T02:33:20.000+0000,CN-00000061,株式会社コスモスイニシア　事業本部（流通事業）,Activated,株式会社コスモスイニシア,,product_missing
"{'type': 'ContractLineItem__c', 'url': '/services/data/v67.0/sobjects/ContractLineItem__c/a03RB00001NswfqYAB'}",a03RB00001NswfqYAB,株式会社コスモスイニシア 事業本部（流通事業）_2026/06,001RB00001VTqgBYAT,a04RB00000kUAOZYA4,a0BRB00000ynb6U2AQ,2026/06,2026/06,2026-06-01,2026-06-30,,,,,42000,False,False,3,2026-06-21T16:13:56.000+0000,2026-07-28T02:33:20.000+0000,CN-00000061,株式会社コスモスイニシア　事業本部（流通事業）,Activated,株式会社コスモスイニシア,,product_missing
"{'type': 'ContractLineItem__c', 'url': '/services/data/v67.0/sobjects/ContractLineItem__c/a03RB00001NswfrYAB'}",a03RB00001NswfrYAB,株式会社コスモスイニシア 事業本部（流通事業）_2026/07,001RB00001VTqgBYAT,a04RB00000kUAOZYA4,a0BRB00000ynb6U2AQ,2026/07,2026/07,2026-07-01,2026-07-31,,,,,42000,False,False,3,2026-06-21T16:13:56.000+0000,2026-07-28T02:33:20.000+0000,CN-00000061,株式会社コスモスイニシア　事業本部（流通事業）,Activated,株式会社コスモスイニシア,,product_missing
"{'type': 'ContractLineItem__c', 'url': '/services/data/v67.0/sobjects/ContractLineItem__c/a03RB00001NswfsYAB'}",a03RB00001NswfsYAB,株式会社コスモスイニシア 事業本部（流通事業）_2026/08,001RB00001VTqgBYAT,a04RB00000kUAOZYA4,a0BRB00000ynb6U2AQ,2026/08,2026/08,2026-08-01,2026-08-31,,,,,42000,False,False,3,2026-06-21T16:13:56.000+0000,2026-07-28T02:33:20.000+0000,CN-00000061,株式会社コスモスイニシア　事業本部（流通事業）,Activated,株式会社コスモスイニシア,,product_missing
"{'type': 'ContractLineItem__c', 'url': '/services/data/v67.0/sobjects/ContractLineItem__c/a03RB00001NswftYAB'}",a03RB00001NswftYAB,株式会社コスモスイニシア 事業本部（流通事業）_2026/09,001RB00001VTqgBYAT,a04RB00000kUAOZYA4,a0BRB00000ynb6U2AQ,2026/09,2026/09,2026-09-01,2026-09-30,,,,,42000,False,False,3,2026-06-21T16:13:56.000+0000,2026-07-28T02:33:20.000+0000,CN-00000061,株式会社コスモスイニシア　事業本部（流通事業）,Activated,株式会社コスモスイニシア,,product_missing
"{'type': 'ContractLineItem__c', 'url': '/services/data/v67.0/sobjects/ContractLineItem__c/a03RB00001NswfuYAB'}",a03RB00001NswfuYAB,株式会社コスモスイニシア 事業本部（流通事業）_2026/10,001RB00001VTqgBYAT,a04RB00000kUAOZYA4,a0BRB00000ynb6U2AQ,2026/10,2026/10,2026-10-01,2026-10-31,,,,,42000,False,False,3,2026-06-21T16:13:56.000+0000,2026-07-28T02:33:20.000+0000,CN-00000061,株式会社コスモスイニシア　事業本部（流通事業）,Activated,株式会社コスモスイニシア,,product_missing
"{'type': 'ContractLineItem__c', 'url': '/services/data/v67.0/sobjects/ContractLineItem__c/a03RB00001NswfvYAB'}",a03RB00001NswfvYAB,株式会社コスモスイニシア 事業本部（流通事業）_2026/11,001RB00001VTqgBYAT,a04RB00000kUAOZYA4,a0BRB00000ynb6U2AQ,2026/11,2026/11,2026-11-01,2026-11-30,,,,,42000,False,False,3,2026-06-21T16:13:56.000+0000,2026-07-28T02:33:20.000+0000,CN-00000061,株式会社コスモスイニシア　事業本部（流通事業）,Activated,株式会社コスモスイニシア,,product_missing
"{'type': 'ContractLineItem__c', 'url': '/services/data/v67.0/sobjects/ContractLineItem__c/a03RB00001NswfwYAB'}",a03RB00001NswfwYAB,株式会社コスモスイニシア 事業本部（流通事業）_2026/12,001RB00001VTqgBYAT,a04RB00000kUAOZYA4,a0BRB00000ynb6U2AQ,2026/12,2026/12,2026-12-01,2026-12-31,,,,,42000,False,False,3,2026-06-21T16:13:56.000+0000,2026-07-28T02:33:20.000+0000,CN-00000061,株式会社コスモスイニシア　事業本部（流通事業）,Activated,株式会社コスモスイニシア,,product_missing
"{'type': 'ContractLineItem__c', 'url': '/services/data/v67.0/sobjects/ContractLineItem__c/a03RB00001NswfxYAB'}",a03RB00001NswfxYAB,株式会社コスモスイニシア 事業本部（流通事業）_2027/01,001RB00001VTqgBYAT,a04RB00000kUAOZYA4,a0BRB00000ynb6U2AQ,2027/01,2027/01,2027-01-01,2027-01-31,,,,,42000,False,False,3,2026-06-21T16:13:56.000+0000,2026-07-28T02:33:20.000+0000,CN-00000061,株式会社コスモスイニシア　事業本部（流通事業）,Activated,株式会社コスモスイニシア,,product_missing
"{'type': 'ContractLineItem__c', 'url': '/services/data/v67.0/sobjects/ContractLineItem__c/a03RB00001NswfyYAB'}",a03RB00001NswfyYAB,株式会社コスモスイニシア 事業本部（流通事業）_2027/02,001RB00001VTqgBYAT,a04RB00000kUAOZYA4,a0BRB00000ynb6U2AQ,2027/02,2027/02,2027-02-01,2027-02-28,,,,,42000,False,False,3,2026-06-21T16:13:56.000+0000,2026-07-28T02:33:20.000+0000,CN-00000061,株式会社コスモスイニシア　事業本部（流通事業）,Activated,株式会社コスモスイニシア,,product_missing
"{'type': 'ContractLineItem__c', 'url': '/services/data/v67.0/sobjects/ContractLineItem__c/a03RB00001NswfzYAB'}",a03RB00001NswfzYAB,株式会社コスモスイニシア 事業本部（流通事業）_2027/03,001RB00001VTqgBYAT,a04RB00000kUAOZYA4,a0BRB00000ynb6U2AQ,2027/03,2027/03,2027-03-01,2027-03-31,,,,,42000,False,False,3,2026-06-21T16:13:56.000+0000,2026-07-28T02:33:20.000+0000,CN-00000061,株式会社コスモスイニシア　事業本部（流通事業）,Activated,株式会社コスモスイニシア,,product_missing
"{'type': 'ContractLineItem__c', 'url': '/services/data/v67.0/sobjects/ContractLineItem__c/a03RB00001Nswg0YAB'}",a03RB00001Nswg0YAB,株式会社コスモスイニシア 流通事業部(セキュリティオプション年払い）_2026/04,001RB00001VTqgBYAT,a04RB00000kUAOaYAO,a0BRB00000ynb6V2AQ,2026/04,2026/04,2026-04-01,2026-04-30,,,,,30000,False,False,1,2026-06-21T16:13:56.000+0000,2026-07-28T02:33:20.000+0000,CN-00000062,株式会社コスモスイニシア　流通事業部(セキュリティオプション年払い）,Activated,株式会社コスモスイニシア,,product_missing
"{'type': 'ContractLineItem__c', 'url': '/services/data/v67.0/sobjects/ContractLineItem__c/a03RB00001Nswg1YAB'}",a03RB00001Nswg1YAB,株式会社コスモスイニシア 流通事業部(セキュリティオプション年払い）_2026/05,001RB00001VTqgBYAT,a04RB00000kUAOaYAO,a0BRB00000ynb6V2AQ,2026/05,2026/05,2026-05-01,2026-05-31,,,,,30000,False,False,1,2026-06-21T16:13:56.000+0000,2026-07-28T02:33:20.000+0000,CN-00000062,株式会社コスモスイニシア　流通事業部(セキュリティオプション年払い）,Activated,株式会社コスモスイニシア,,product_missing
"{'type': 'ContractLineItem__c', 'url': '/services/data/v67.0/sobjects/ContractLineItem__c/a03RB00001Nswg2YAB'}",a03RB00001Nswg2YAB,株式会社コスモスイニシア 流通事業部(セキュリティオプション年払い）_2026/06,001RB00001VTqgBYAT,a04RB00000kUAOaYAO,a0BRB00000ynb6V2AQ,2026/06,2026/06,2026-06-01,2026-06-30,,,,,30000,False,False,1,2026-06-21T16:13:56.000+0000,2026-07-28T02:33:20.000+0000,CN-00000062,株式会社コスモスイニシア　流通事業部(セキュリティオプション年払い）,Activated,株式会社コスモスイニシア,,product_missing
"{'type': 'ContractLineItem__c', 'url': '/services/data/v67.0/sobjects/ContractLineItem__c/a03RB00001Nswg3YAB'}",a03RB00001Nswg3YAB,株式会社コスモスイニシア 流通事業部(セキュリティオプション年払い）_2026/07,001RB00001VTqgBYAT,a04RB00000kUAOaYAO,a0BRB00000ynb6V2AQ,2026/07,2026/07,2026-07-01,2026-07-31,,,,,30000,False,False,1,2026-06-21T16:13:56.000+0000,2026-07-28T02:33:20.000+0000,CN-00000062,株式会社コスモスイニシア　流通事業部(セキュリティオプション年払い）,Activated,株式会社コスモスイニシア,,product_missing
"{'type': 'ContractLineItem__c', 'url': '/services/data/v67.0/sobjects/ContractLineItem__c/a03RB00001Nswg4YAB'}",a03RB00001Nswg4YAB,株式会社コスモスイニシア 流通事業部(セキュリティオプション年払い）_2026/08,001RB00001VTqgBYAT,a04RB00000kUAOaYAO,a0BRB00000ynb6V2AQ,2026/08,2026/08,2026-08-01,2026-08-31,,,,,30000,False,False,1,2026-06-21T16:13:56.000+0000,2026-07-28T02:33:20.000+0000,CN-00000062,株式会社コスモスイニシア　流通事業部(セキュリティオプション年払い）,Activated,株式会社コスモスイニシア,,product_missing
"{'type': 'ContractLineItem__c', 'url': '/services/data/v67.0/sobjects/ContractLineItem__c/a03RB00001Nswg5YAB'}",a03RB00001Nswg5YAB,株式会社コスモスイニシア 流通事業部(セキュリティオプション年払い）_2026/09,001RB00001VTqgBYAT,a04RB00000kUAOaYAO,a0BRB00000ynb6V2AQ,2026/09,2026/09,2026-09-01,2026-09-30,,,,,30000,False,False,1,2026-06-21T16:13:56.000+0000,2026-07-28T02:33:20.000+0000,CN-00000062,株式会社コスモスイニシア　流通事業部(セキュリティオプション年払い）,Activated,株式会社コスモスイニシア,,product_missing
"{'type': 'ContractLineItem__c', 'url': '/services/data/v67.0/sobjects/ContractLineItem__c/a03RB00001Nswg6YAB'}",a03RB00001Nswg6YAB,株式会社コスモスイニシア 流通事業部(セキュリティオプション年払い）_2026/10,001RB00001VTqgBYAT,a04RB00000kUAOaYAO,a0BRB00000ynb6V2AQ,2026/10,2026/10,2026-10-01,2026-10-31,,,,,30000,False,False,1,2026-06-21T16:13:56.000+0000,2026-07-28T02:33:20.000+0000,CN-00000062,株式会社コスモスイニシア　流通事業部(セキュリティオプション年払い）,Activated,株式会社コスモスイニシア,,product_missing
"{'type': 'ContractLineItem__c', 'url': '/services/data/v67.0/sobjects/ContractLineItem__c/a03RB00001Nswg7YAB'}",a03RB00001Nswg7YAB,株式会社コスモスイニシア 流通事業部(セキュリティオプション年払い）_2026/11,001RB00001VTqgBYAT,a04RB00000kUAOaYAO,a0BRB00000ynb6V2AQ,2026/11,2026/11,2026-11-01,2026-11-30,,,,,30000,False,False,1,2026-06-21T16:13:56.000+0000,2026-07-28T02:33:20.000+0000,CN-00000062,株式会社コスモスイニシア　流通事業部(セキュリティオプション年払い）,Activated,株式会社コスモスイニシア,,product_missing
"{'type': 'ContractLineItem__c', 'url': '/services/data/v67.0/sobjects/ContractLineItem__c/a03RB00001Nswg8YAB'}",a03RB00001Nswg8YAB,株式会社コスモスイニシア 流通事業部(セキュリティオプション年払い）_2026/12,001RB00001VTqgBYAT,a04RB00000kUAOaYAO,a0BRB00000ynb6V2AQ,2026/12,2026/12,2026-12-01,2026-12-31,,,,,30000,False,False,1,2026-06-21T16:13:56.000+0000,2026-07-28T02:33:20.000+0000,CN-00000062,株式会社コスモスイニシア　流通事業部(セキュリティオプション年払い）,Activated,株式会社コスモスイニシア,,product_missing
"{'type': 'ContractLineItem__c', 'url': '/services/data/v67.0/sobjects/ContractLineItem__c/a03RB00001Nswg9YAB'}",a03RB00001Nswg9YAB,株式会社コスモスイニシア 流通事業部(セキュリティオプション年払い）_2027/01,001RB00001VTqgBYAT,a04RB00000kUAOaYAO,a0BRB00000ynb6V2AQ,2027/01,2027/01,2027-01-01,2027-01-31,,,,,30000,False,False,1,2026-06-21T16:13:56.000+0000,2026-07-28T02:33:20.000+0000,CN-00000062,株式会社コスモスイニシア　流通事業部(セキュリティオプション年払い）,Activated,株式会社コスモスイニシア,,product_missing
"{'type': 'ContractLineItem__c', 'url': '/services/data/v67.0/sobjects/ContractLineItem__c/a03RB00001NswgAYAR'}",a03RB00001NswgAYAR,株式会社コスモスイニシア 流通事業部(セキュリティオプション年払い）_2027/02,001RB00001VTqgBYAT,a04RB00000kUAOaYAO,a0BRB00000ynb6V2AQ,2027/02,2027/02,2027-02-01,2027-02-28,,,,,30000,False,False,1,2026-06-21T16:13:56.000+0000,2026-07-28T02:33:20.000+0000,CN-00000062,株式会社コスモスイニシア　流通事業部(セキュリティオプション年払い）,Activated,株式会社コスモスイニシア,,product_missing
"{'type': 'ContractLineItem__c', 'url': '/services/data/v67.0/sobjects/ContractLineItem__c/a03RB00001NswgBYAR'}",a03RB00001NswgBYAR,株式会社コスモスイニシア 流通事業部(セキュリティオプション年払い）_2027/03,001RB00001VTqgBYAT,a04RB00000kUAOaYAO,a0BRB00000ynb6V2AQ,2027/03,2027/03,2027-03-01,2027-03-31,,,,,30000,False,False,1,2026-06-21T16:13:56.000+0000,2026-07-28T02:33:20.000+0000,CN-00000062,株式会社コスモスイニシア　流通事業部(セキュリティオプション年払い）,Activated,株式会社コスモスイニシア,,product_missing
"{'type': 'ContractLineItem__c', 'url': '/services/data/v67.0/sobjects/ContractLineItem__c/a03RB00001NswgOYAR'}",a03RB00001NswgOYAR,株式会社アットオフィス デザイン企画部_2025/10,001RB00001VTqlgYAD,a04RB00000kUAOcYAO,a0BRB00000ynb6X2AQ,2025/10,2025/10,2025-10-01,2025-10-31,,,,,55000,False,False,5,2026-06-21T16:13:56.000+0000,2026-07-28T02:33:20.000+0000,CN-00000064,株式会社アットオフィス　デザイン企画部,解約,株式会社アットオフィス,,product_missing
"{'type': 'ContractLineItem__c', 'url': '/services/data/v67.0/sobjects/ContractLineItem__c/a03RB00001NswgPYAR'}",a03RB00001NswgPYAR,株式会社アットオフィス デザイン企画部_2025/11,001RB00001VTqlgYAD,a04RB00000kUAOcYAO,a0BRB00000ynb6X2AQ,2025/11,2025/11,2025-11-01,2025-11-30,,,,,,False,False,5,2026-06-21T16:13:56.000+0000,2026-07-28T02:33:20.000+0000,CN-00000064,株式会社アットオフィス　デザイン企画部,解約,株式会社アットオフィス,,product_missing
"{'type': 'ContractLineItem__c', 'url': '/services/data/v67.0/sobjects/ContractLineItem__c/a03RB00001NswgQYAR'}",a03RB00001NswgQYAR,株式会社アットオフィス デザイン企画部_2025/12,001RB00001VTqlgYAD,a04RB00000kUAOcYAO,a0BRB00000ynb6X2AQ,2025/12,2025/12,2025-12-01,2025-12-31,,,,,110000,False,False,5,2026-06-21T16:13:56.000+0000,2026-07-28T02:33:20.000+0000,CN-00000064,株式会社アットオフィス　デザイン企画部,解約,株式会社アットオフィス,,product_missing
"{'type': 'ContractLineItem__c', 'url': '/services/data/v67.0/sobjects/ContractLineItem__c/a03RB00001NswgRYAR'}",a03RB00001NswgRYAR,株式会社アットオフィス デザイン企画部_2026/01,001RB00001VTqlgYAD,a04RB00000kUAOcYAO,a0BRB00000ynb6X2AQ,2026/01,2026/01,2026-01-01,2026-01-31,,,,,55000,False,False,5,2026-06-21T16:13:56.000+0000,2026-07-28T02:33:20.000+0000,CN-00000064,株式会社アットオフィス　デザイン企画部,解約,株式会社アットオフィス,,product_missing
"{'type': 'ContractLineItem__c', 'url': '/services/data/v67.0/sobjects/ContractLineItem__c/a03RB00001NswgSYAR'}",a03RB00001NswgSYAR,生和コーポレーション株式会社_2025/11,001RB00001VTqmcYAD,a04RB00000kUAOdYAO,a0BRB00000ynb6Y2AQ,2025/11,2025/11,2025-11-01,2025-11-30,,,,,52800,False,False,1,2026-06-21T16:13:56.000+0000,2026-07-28T02:33:20.000+0000,CN-00000065,生和コーポレーション株式会社,Activated,生和コーポレーション株式会社,,product_missing
"{'type': 'ContractLineItem__c', 'url': '/services/data/v67.0/sobjects/ContractLineItem__c/a03RB00001NswgTYAR'}",a03RB00001NswgTYAR,生和コーポレーション株式会社_2025/12,001RB00001VTqmcYAD,a04RB00000kUAOdYAO,a0BRB00000ynb6Y2AQ,2025/12,2025/12,2025-12-01,2025-12-31,,,,,,False,False,1,2026-06-21T16:13:56.000+0000,2026-07-28T02:33:20.000+0000,CN-00000065,生和コーポレーション株式会社,Activated,生和コーポレーション株式会社,,product_missing
"{'type': 'ContractLineItem__c', 'url': '/services/data/v67.0/sobjects/ContractLineItem__c/a03RB00001NswgUYAR'}",a03RB00001NswgUYAR,生和コーポレーション株式会社_2026/01,001RB00001VTqmcYAD,a04RB00000kUAOdYAO,a0BRB00000ynb6Y2AQ,2026/01,2026/01,2026-01-01,2026-01-31,,,,,,False,False,1,2026-06-21T16:13:56.000+0000,2026-07-28T02:33:20.000+0000,CN-00000065,生和コーポレーション株式会社,Activated,生和コーポレーション株式会社,,product_missing
"{'type': 'ContractLineItem__c', 'url': '/services/data/v67.0/sobjects/ContractLineItem__c/a03RB00001NswgVYAR'}",a03RB00001NswgVYAR,生和コーポレーション株式会社_2026/02,001RB00001VTqmcYAD,a04RB00000kUAOdYAO,a0BRB00000ynb6Y2AQ,2026/02,2026/02,2026-02-01,2026-02-28,,,,,,False,False,1,2026-06-21T16:13:56.000+0000,2026-07-28T02:33:20.000+0000,CN-00000065,生和コーポレーション株式会社,Activated,生和コーポレーション株式会社,,product_missing
"{'type': 'ContractLineItem__c', 'url': '/services/data/v67.0/sobjects/ContractLineItem__c/a03RB00001NswgWYAR'}",a03RB00001NswgWYAR,生和コーポレーション株式会社_2026/03,001RB00001VTqmcYAD,a04RB00000kUAOdYAO,a0BRB00000ynb6Y2AQ,2026/03,2026/03,2026-03-01,2026-03-31,,,,,,False,False,1,2026-06-21T16:13:56.000+0000,2026-07-28T02:33:20.000+0000,CN-00000065,生和コーポレーション株式会社,Activated,生和コーポレーション株式会社,,product_missing
"{'type': 'ContractLineItem__c', 'url': '/services/data/v67.0/sobjects/ContractLineItem__c/a03RB00001NswgXYAR'}",a03RB00001NswgXYAR,生和コーポレーション株式会社_2026/04,001RB00001VTqmcYAD,a04RB00000kUAOdYAO,a0BRB00000ynb6Y2AQ,2026/04,2026/04,2026-04-01,2026-04-30,,,,,8000,False,False,1,2026-06-21T16:13:56.000+0000,2026-07-28T02:33:20.000+0000,CN-00000065,生和コーポレーション株式会社,Activated,生和コーポレーション株式会社,,product_missing
"{'type': 'ContractLineItem__c', 'url': '/services/data/v67.0/sobjects/ContractLineItem__c/a03RB00001NswgYYAR'}",a03RB00001NswgYYAR,西日本旅客鉄道株式会社 金沢支社 金沢建築区_2025/11,001RB00001VTqaZYAT,a04RB00000kUAOeYAO,a0BRB00000ynb6Z2AQ,2025/11,2025/11,2025-11-01,2025-11-30,,,,,5000,False,False,1,2026-06-21T16:13:56.000+0000,2026-07-28T02:33:20.000+0000,CN-00000066,西日本旅客鉄道株式会社　金沢支社　金沢建築区,解約,西日本旅客鉄道株式会社 金沢支社 金沢建築区,,product_missing
"{'type': 'ContractLineItem__c', 'url': '/services/data/v67.0/sobjects/ContractLineItem__c/a03RB00001NswgZYAR'}",a03RB00001NswgZYAR,西日本旅客鉄道株式会社 金沢支社 金沢建築区_2025/12,001RB00001VTqaZYAT,a04RB00000kUAOeYAO,a0BRB00000ynb6Z2AQ,2025/12,2025/12,2025-12-01,2025-12-31,,,,,5000,False,False,1,2026-06-21T16:13:56.000+0000,2026-07-28T02:33:20.000+0000,CN-00000066,西日本旅客鉄道株式会社　金沢支社　金沢建築区,解約,西日本旅客鉄道株式会社 金沢支社 金沢建築区,,product_missing
"{'type': 'ContractLineItem__c', 'url': '/services/data/v67.0/sobjects/ContractLineItem__c/a03RB00001NswgaYAB'}",a03RB00001NswgaYAB,西日本旅客鉄道株式会社 金沢支社 金沢建築区_2026/01,001RB00001VTqaZYAT,a04RB00000kUAOeYAO,a0BRB00000ynb6Z2AQ,2026/01,2026/01,2026-01-01,2026-01-31,,,,,5000,False,False,1,2026-06-21T16:13:56.000+0000,2026-07-28T02:33:20.000+0000,CN-00000066,西日本旅客鉄道株式会社　金沢支社　金沢建築区,解約,西日本旅客鉄道株式会社 金沢支社 金沢建築区,,product_missing
"{'type': 'ContractLineItem__c', 'url': '/services/data/v67.0/sobjects/ContractLineItem__c/a03RB00001NswgbYAB'}",a03RB00001NswgbYAB,西日本旅客鉄道株式会社 金沢支社 金沢建築区_2026/02,001RB00001VTqaZYAT,a04RB00000kUAOeYAO,a0BRB00000ynb6Z2AQ,2026/02,2026/02,2026-02-01,2026-02-28,,,,,5000,False,False,1,2026-06-21T16:13:56.000+0000,2026-07-28T02:33:20.000+0000,CN-00000066,西日本旅客鉄道株式会社　金沢支社　金沢建築区,解約,西日本旅客鉄道株式会社 金沢支社 金沢建築区,,product_missing
"{'type': 'ContractLineItem__c', 'url': '/services/data/v67.0/sobjects/ContractLineItem__c/a03RB00001NswgcYAB'}",a03RB00001NswgcYAB,西日本旅客鉄道株式会社 金沢支社 金沢建築区_2026/03,001RB00001VTqaZYAT,a04RB00000kUAOeYAO,a0BRB00000ynb6Z2AQ,2026/03,2026/03,2026-03-01,2026-03-31,,,,,5000,False,False,1,2026-06-21T16:13:56.000+0000,2026-07-28T02:33:20.000+0000,CN-00000066,西日本旅客鉄道株式会社　金沢支社　金沢建築区,解約,西日本旅客鉄道株式会社 金沢支社 金沢建築区,,product_missing
"{'type': 'ContractLineItem__c', 'url': '/services/data/v67.0/sobjects/ContractLineItem__c/a03RB00001NswgtYAB'}",a03RB00001NswgtYAB,大東建託株式会社 商品開発部_2026/01,001RB00001VTruMYAT,a04RB00000kUAOiYAO,a0BRB00000ynb6d2AA,2026/01,2026/01,2026-01-01,2026-01-31,,,,,24000,False,False,,2026-06-21T16:13:56.000+0000,2026-07-28T02:33:20.000+0000,CN-00000070,大東建託株式会社　商品開発部,Activated,大東建託株式会社,,product_missing
"{'type': 'ContractLineItem__c', 'url': '/services/data/v67.0/sobjects/ContractLineItem__c/a03RB00001Nswh5YAB'}",a03RB00001Nswh5YAB,三菱地所レジデンス株式会社_2026/01,001RB00001VTqf7YAD,a04RB00000kUAOjYAO,a0BRB00000ynb6e2AA,2026/01,2026/01,2026-01-01,2026-01-31,,,,,16000,False,False,2,2026-06-21T16:13:56.000+0000,2026-08-06T00:50:25.000+0000,CN-00000071,三菱地所レジデンス株式会社,Activated,三菱地所レジデンス株式会社,,product_missing
"{'type': 'ContractLineItem__c', 'url': '/services/data/v67.0/sobjects/ContractLineItem__c/a03RB00001Nswh6YAB'}",a03RB00001Nswh6YAB,三菱地所レジデンス株式会社_2026/02,001RB00001VTqf7YAD,a04RB00000kUAOjYAO,a0BRB00000ynb6e2AA,2026/02,2026/02,2026-02-01,2026-02-28,,,,,16000,False,False,2,2026-06-21T16:13:56.000+0000,2026-08-06T00:50:25.000+0000,CN-00000071,三菱地所レジデンス株式会社,Activated,三菱地所レジデンス株式会社,,product_missing
"{'type': 'ContractLineItem__c', 'url': '/services/data/v67.0/sobjects/ContractLineItem__c/a03RB00001Nswh8YAB'}",a03RB00001Nswh8YAB,三菱地所レジデンス株式会社_2026/04,001RB00001VTqf7YAD,a04RB00000kUAOjYAO,a0BRB00000ynb6e2AA,2026/04,2026/04,2026-04-01,2026-04-30,,,a00RB00002Am2AgYAJ,,16000,False,False,2,2026-06-21T16:13:56.000+0000,2026-08-06T00:50:25.000+0000,CN-00000071,三菱地所レジデンス株式会社,Activated,三菱地所レジデンス株式会社,,product_missing
"{'type': 'ContractLineItem__c', 'url': '/services/data/v67.0/sobjects/ContractLineItem__c/a03RB00001NswhAYAR'}",a03RB00001NswhAYAR,三菱地所レジデンス株式会社_2026/06,001RB00001VTqf7YAD,a04RB00000kUAOjYAO,a0BRB00000ynb6e2AA,2026/06,2026/06,2026-06-01,2026-06-30,,,a00RB00002B4i4HYAR,,16000,False,False,2,2026-06-21T16:13:56.000+0000,2026-07-28T02:33:20.000+0000,CN-00000071,三菱地所レジデンス株式会社,Activated,三菱地所レジデンス株式会社,,product_missing
"{'type': 'ContractLineItem__c', 'url': '/services/data/v67.0/sobjects/ContractLineItem__c/a03RB00001NswhBYAR'}",a03RB00001NswhBYAR,三菱地所レジデンス株式会社_2026/08,001RB00001VTqf7YAD,a04RB00000kUAOjYAO,a0BRB00000ynb6e2AA,2026/08,2026/08,2026-08-01,2026-08-31,,,a00RB00002B4i4HYAR,,140000,False,False,,2026-06-21T16:13:56.000+0000,2026-07-28T02:33:20.000+0000,CN-00000071,三菱地所レジデンス株式会社,Activated,三菱地所レジデンス株式会社,,product_missing
"{'type': 'ContractLineItem__c', 'url': '/services/data/v67.0/sobjects/ContractLineItem__c/a03RB00001NswhCYAR'}",a03RB00001NswhCYAR,株式会社石勝エクステリア_2025/10,001RB00001VTqnMYAT,a04RB00000kUAOkYAO,a0BRB00000ynb6f2AA,2025/10,2025/10,2025-10-01,2025-10-31,,,,,100000,False,False,10,2026-06-21T16:13:56.000+0000,2026-07-28T02:33:20.000+0000,CN-00000072,株式会社石勝エクステリア,Activated,株式会社石勝エクステリア,,product_missing
"{'type': 'ContractLineItem__c', 'url': '/services/data/v67.0/sobjects/ContractLineItem__c/a03RB00001NswhDYAR'}",a03RB00001NswhDYAR,株式会社石勝エクステリア_2025/11,001RB00001VTqnMYAT,a04RB00000kUAOkYAO,a0BRB00000ynb6f2AA,2025/11,2025/11,2025-11-01,2025-11-30,,,,,100000,False,False,10,2026-06-21T16:13:56.000+0000,2026-07-28T02:33:20.000+0000,CN-00000072,株式会社石勝エクステリア,Activated,株式会社石勝エクステリア,,product_missing
"{'type': 'ContractLineItem__c', 'url': '/services/data/v67.0/sobjects/ContractLineItem__c/a03RB00001NswhEYAR'}",a03RB00001NswhEYAR,株式会社石勝エクステリア_2025/12,001RB00001VTqnMYAT,a04RB00000kUAOkYAO,a0BRB00000ynb6f2AA,2025/12,2025/12,2025-12-01,2025-12-31,,,,,110000,False,False,10,2026-06-21T16:13:56.000+0000,2026-07-28T02:33:20.000+0000,CN-00000072,株式会社石勝エクステリア,Activated,株式会社石勝エクステリア,,product_missing
"{'type': 'ContractLineItem__c', 'url': '/services/data/v67.0/sobjects/ContractLineItem__c/a03RB00001NswhFYAR'}",a03RB00001NswhFYAR,株式会社石勝エクステリア_2026/01,001RB00001VTqnMYAT,a04RB00000kUAOkYAO,a0BRB00000ynb6f2AA,2026/01,2026/01,2026-01-01,2026-01-31,,,,,110000,False,False,10,2026-06-21T16:13:56.000+0000,2026-07-28T02:33:20.000+0000,CN-00000072,株式会社石勝エクステリア,Activated,株式会社石勝エクステリア,,product_missing
"{'type': 'ContractLineItem__c', 'url': '/services/data/v67.0/sobjects/ContractLineItem__c/a03RB00001NswhGYAR'}",a03RB00001NswhGYAR,株式会社石勝エクステリア_2026/02,001RB00001VTqnMYAT,a04RB00000kUAOkYAO,a0BRB00000ynb6f2AA,2026/02,2026/02,2026-02-01,2026-02-28,,,,,110000,False,False,10,2026-06-21T16:13:56.000+0000,2026-07-28T02:33:20.000+0000,CN-00000072,株式会社石勝エクステリア,Activated,株式会社石勝エクステリア,,product_missing
"{'type': 'ContractLineItem__c', 'url': '/services/data/v67.0/sobjects/ContractLineItem__c/a03RB00001NswhHYAR'}",a03RB00001NswhHYAR,株式会社石勝エクステリア_2026/03,001RB00001VTqnMYAT,a04RB00000kUAOkYAO,a0BRB00000ynb6f2AA,2026/03,2026/03,2026-03-01,2026-03-31,,,,,110000,False,False,10,2026-06-21T16:13:56.000+0000,2026-08-06T00:47:33.000+0000,CN-00000072,株式会社石勝エクステリア,Activated,株式会社石勝エクステリア,,product_missing
"{'type': 'ContractLineItem__c', 'url': '/services/data/v67.0/sobjects/ContractLineItem__c/a03RB00001NswhIYAR'}",a03RB00001NswhIYAR,株式会社石勝エクステリア_2026/04,001RB00001VTqnMYAT,a04RB00000kUAOkYAO,a0BRB00000ynb6f2AA,2026/04,2026/04,2026-04-01,2026-04-30,,,,,100000,False,False,10,2026-06-21T16:13:56.000+0000,2026-07-28T02:33:20.000+0000,CN-00000072,株式会社石勝エクステリア,Activated,株式会社石勝エクステリア,,product_missing
"{'type': 'ContractLineItem__c', 'url': '/services/data/v67.0/sobjects/ContractLineItem__c/a03RB00001NswhJYAR'}",a03RB00001NswhJYAR,株式会社石勝エクステリア_2026/05,001RB00001VTqnMYAT,a04RB00000kUAOkYAO,a0BRB00000ynb6f2AA,2026/05,2026/05,2026-05-01,2026-05-31,,,,,100000,False,False,10,2026-06-21T16:13:56.000+0000,2026-07-28T02:33:20.000+0000,CN-00000072,株式会社石勝エクステリア,Activated,株式会社石勝エクステリア,,product_missing
"{'type': 'ContractLineItem__c', 'url': '/services/data/v67.0/sobjects/ContractLineItem__c/a03RB00001NswhKYAR'}",a03RB00001NswhKYAR,株式会社石勝エクステリア_2026/06,001RB00001VTqnMYAT,a04RB00000kUAOkYAO,a0BRB00000ynb6f2AA,2026/06,2026/06,2026-06-01,2026-06-30,,,,,100000,False,False,10,2026-06-21T16:13:56.000+0000,2026-07-28T02:33:20.000+0000,CN-00000072,株式会社石勝エクステリア,Activated,株式会社石勝エクステリア,,product_missing
"{'type': 'ContractLineItem__c', 'url': '/services/data/v67.0/sobjects/ContractLineItem__c/a03RB00001NswhLYAR'}",a03RB00001NswhLYAR,株式会社石勝エクステリア_2026/07,001RB00001VTqnMYAT,a04RB00000kUAOkYAO,a0BRB00000ynb6f2AA,2026/07,2026/07,2026-07-01,2026-07-31,,,,,100000,False,False,10,2026-06-21T16:13:56.000+0000,2026-07-28T02:33:20.000+0000,CN-00000072,株式会社石勝エクステリア,Activated,株式会社石勝エクステリア,,product_missing
"{'type': 'ContractLineItem__c', 'url': '/services/data/v67.0/sobjects/ContractLineItem__c/a03RB00001NswhMYAR'}",a03RB00001NswhMYAR,株式会社石勝エクステリア_2026/08,001RB00001VTqnMYAT,a04RB00000kUAOkYAO,a0BRB00000ynb6f2AA,2026/08,2026/08,2026-08-01,2026-08-31,,,,,100000,False,False,10,2026-06-21T16:13:56.000+0000,2026-07-28T02:33:20.000+0000,CN-00000072,株式会社石勝エクステリア,Activated,株式会社石勝エクステリア,,product_missing
"{'type': 'ContractLineItem__c', 'url': '/services/data/v67.0/sobjects/ContractLineItem__c/a03RB00001NswhNYAR'}",a03RB00001NswhNYAR,株式会社石勝エクステリア_2026/09,001RB00001VTqnMYAT,a04RB00000kUAOkYAO,a0BRB00000ynb6f2AA,2026/09,2026/09,2026-09-01,2026-09-30,,,,,100000,False,False,10,2026-06-21T16:13:56.000+0000,2026-07-28T02:33:20.000+0000,CN-00000072,株式会社石勝エクステリア,Activated,株式会社石勝エクステリア,,product_missing
"{'type': 'ContractLineItem__c', 'url': '/services/data/v67.0/sobjects/ContractLineItem__c/a03RB00001NswhOYAR'}",a03RB00001NswhOYAR,株式会社石勝エクステリア_2026/10,001RB00001VTqnMYAT,a04RB00000kUAOkYAO,a0BRB00000ynb6f2AA,2026/10,2026/10,2026-10-01,2026-10-31,,,,,100000,False,False,10,2026-06-21T16:13:56.000+0000,2026-07-28T02:33:20.000+0000,CN-00000072,株式会社石勝エクステリア,Activated,株式会社石勝エクステリア,,product_missing
"{'type': 'ContractLineItem__c', 'url': '/services/data/v67.0/sobjects/ContractLineItem__c/a03RB00001NswhPYAR'}",a03RB00001NswhPYAR,株式会社石勝エクステリア_2026/11,001RB00001VTqnMYAT,a04RB00000kUAOkYAO,a0BRB00000ynb6f2AA,2026/11,2026/11,2026-11-01,2026-11-30,,,,,100000,False,False,10,2026-06-21T16:13:56.000+0000,2026-07-28T02:33:20.000+0000,CN-00000072,株式会社石勝エクステリア,Activated,株式会社石勝エクステリア,,product_missing
"{'type': 'ContractLineItem__c', 'url': '/services/data/v67.0/sobjects/ContractLineItem__c/a03RB00001NswhQYAR'}",a03RB00001NswhQYAR,株式会社石勝エクステリア_2026/12,001RB00001VTqnMYAT,a04RB00000kUAOkYAO,a0BRB00000ynb6f2AA,2026/12,2026/12,2026-12-01,2026-12-31,,,,,100000,False,False,10,2026-06-21T16:13:56.000+0000,2026-07-28T02:33:20.000+0000,CN-00000072,株式会社石勝エクステリア,Activated,株式会社石勝エクステリア,,product_missing
"{'type': 'ContractLineItem__c', 'url': '/services/data/v67.0/sobjects/ContractLineItem__c/a03RB00001NswhRYAR'}",a03RB00001NswhRYAR,株式会社石勝エクステリア_2027/01,001RB00001VTqnMYAT,a04RB00000kUAOkYAO,a0BRB00000ynb6f2AA,2027/01,2027/01,2027-01-01,2027-01-31,,,,,100000,False,False,10,2026-06-21T16:13:56.000+0000,2026-07-28T02:33:20.000+0000,CN-00000072,株式会社石勝エクステリア,Activated,株式会社石勝エクステリア,,product_missing
"{'type': 'ContractLineItem__c', 'url': '/services/data/v67.0/sobjects/ContractLineItem__c/a03RB00001NswhSYAR'}",a03RB00001NswhSYAR,株式会社石勝エクステリア_2027/02,001RB00001VTqnMYAT,a04RB00000kUAOkYAO,a0BRB00000ynb6f2AA,2027/02,2027/02,2027-02-01,2027-02-28,,,,,100000,False,False,10,2026-06-21T16:13:56.000+0000,2026-07-28T02:33:20.000+0000,CN-00000072,株式会社石勝エクステリア,Activated,株式会社石勝エクステリア,,product_missing
"{'type': 'ContractLineItem__c', 'url': '/services/data/v67.0/sobjects/ContractLineItem__c/a03RB00001NswhTYAR'}",a03RB00001NswhTYAR,株式会社石勝エクステリア_2027/03,001RB00001VTqnMYAT,a04RB00000kUAOkYAO,a0BRB00000ynb6f2AA,2027/03,2027/03,2027-03-01,2027-03-31,,,,,100000,False,False,10,2026-06-21T16:13:56.000+0000,2026-07-28T02:33:20.000+0000,CN-00000072,株式会社石勝エクステリア,Activated,株式会社石勝エクステリア,,product_missing
"{'type': 'ContractLineItem__c', 'url': '/services/data/v67.0/sobjects/ContractLineItem__c/a03RB00001NswhUYAR'}",a03RB00001NswhUYAR,株式会社フジタ（調達本部 インテリア・ソリューション統括部 インテリア部）_2026/02,001RB00001VTrwFYAT,a04RB00000kUAOlYAO,a0BRB00000ynb6g2AA,2026/02,2026/02,2026-02-01,2026-02-28,,,,,75000,False,False,5,2026-06-21T16:13:56.000+0000,2026-07-28T02:33:20.000+0000,CN-00000073,株式会社フジタ（調達本部　インテリア・ソリューション統括部　インテリア部）,Activated,株式会社フジタ,,product_missing
"{'type': 'ContractLineItem__c', 'url': '/services/data/v67.0/sobjects/ContractLineItem__c/a03RB00001NswhVYAR'}",a03RB00001NswhVYAR,株式会社フジタ（調達本部 インテリア・ソリューション統括部 インテリア部）_2026/03,001RB00001VTrwFYAT,a04RB00000kUAOlYAO,a0BRB00000ynb6g2AA,2026/03,2026/03,2026-03-01,2026-03-31,,,,,75000,False,False,5,2026-06-21T16:13:56.000+0000,2026-07-28T02:33:20.000+0000,CN-00000073,株式会社フジタ（調達本部　インテリア・ソリューション統括部　インテリア部）,Activated,株式会社フジタ,,product_missing
"{'type': 'ContractLineItem__c', 'url': '/services/data/v67.0/sobjects/ContractLineItem__c/a03RB00001NswhWYAR'}",a03RB00001NswhWYAR,株式会社フジタ（調達本部 インテリア・ソリューション統括部 インテリア部）_2026/04,001RB00001VTrwFYAT,a04RB00000kUAOlYAO,a0BRB00000ynb6g2AA,2026/04,2026/04,2026-04-01,2026-04-30,,,,,70000,False,False,5,2026-06-21T16:13:56.000+0000,2026-07-28T02:33:20.000+0000,CN-00000073,株式会社フジタ（調達本部　インテリア・ソリューション統括部　インテリア部）,Activated,株式会社フジタ,,product_missing
"{'type': 'ContractLineItem__c', 'url': '/services/data/v67.0/sobjects/ContractLineItem__c/a03RB00001NswhXYAR'}",a03RB00001NswhXYAR,株式会社フジタ（調達本部 インテリア・ソリューション統括部 インテリア部）_2026/05,001RB00001VTrwFYAT,a04RB00000kUAOlYAO,a0BRB00000ynb6g2AA,2026/05,2026/05,2026-05-01,2026-05-31,,,,,70000,False,False,5,2026-06-21T16:13:56.000+0000,2026-07-28T02:33:20.000+0000,CN-00000073,株式会社フジタ（調達本部　インテリア・ソリューション統括部　インテリア部）,Activated,株式会社フジタ,,product_missing
"{'type': 'ContractLineItem__c', 'url': '/services/data/v67.0/sobjects/ContractLineItem__c/a03RB00001NswhYYAR'}",a03RB00001NswhYYAR,株式会社フジタ（調達本部 インテリア・ソリューション統括部 インテリア部）_2026/06,001RB00001VTrwFYAT,a04RB00000kUAOlYAO,a0BRB00000ynb6g2AA,2026/06,2026/06,2026-06-01,2026-06-30,,,,,70000,False,False,5,2026-06-21T16:13:56.000+0000,2026-07-28T02:33:20.000+0000,CN-00000073,株式会社フジタ（調達本部　インテリア・ソリューション統括部　インテリア部）,Activated,株式会社フジタ,,product_missing
"{'type': 'ContractLineItem__c', 'url': '/services/data/v67.0/sobjects/ContractLineItem__c/a03RB00001NswhZYAR'}",a03RB00001NswhZYAR,株式会社フジタ（調達本部 インテリア・ソリューション統括部 インテリア部）_2026/07,001RB00001VTrwFYAT,a04RB00000kUAOlYAO,a0BRB00000ynb6g2AA,2026/07,2026/07,2026-07-01,2026-07-31,,,,,70000,False,False,5,2026-06-21T16:13:56.000+0000,2026-07-28T02:33:20.000+0000,CN-00000073,株式会社フジタ（調達本部　インテリア・ソリューション統括部　インテリア部）,Activated,株式会社フジタ,,product_missing
"{'type': 'ContractLineItem__c', 'url': '/services/data/v67.0/sobjects/ContractLineItem__c/a03RB00001NswhaYAB'}",a03RB00001NswhaYAB,株式会社フジタ（調達本部 インテリア・ソリューション統括部 インテリア部）_2026/08,001RB00001VTrwFYAT,a04RB00000kUAOlYAO,a0BRB00000ynb6g2AA,2026/08,2026/08,2026-08-01,2026-08-31,,,,,70000,False,False,5,2026-06-21T16:13:56.000+0000,2026-07-28T02:33:20.000+0000,CN-00000073,株式会社フジタ（調達本部　インテリア・ソリューション統括部　インテリア部）,Activated,株式会社フジタ,,product_missing
"{'type': 'ContractLineItem__c', 'url': '/services/data/v67.0/sobjects/ContractLineItem__c/a03RB00001NswhbYAB'}",a03RB00001NswhbYAB,株式会社フジタ（調達本部 インテリア・ソリューション統括部 インテリア部）_2026/09,001RB00001VTrwFYAT,a04RB00000kUAOlYAO,a0BRB00000ynb6g2AA,2026/09,2026/09,2026-09-01,2026-09-30,,,,,70000,False,False,5,2026-06-21T16:13:56.000+0000,2026-07-28T02:33:20.000+0000,CN-00000073,株式会社フジタ（調達本部　インテリア・ソリューション統括部　インテリア部）,Activated,株式会社フジタ,,product_missing
"{'type': 'ContractLineItem__c', 'url': '/services/data/v67.0/sobjects/ContractLineItem__c/a03RB00001NswhcYAB'}",a03RB00001NswhcYAB,株式会社フジタ（調達本部 インテリア・ソリューション統括部 インテリア部）_2026/10,001RB00001VTrwFYAT,a04RB00000kUAOlYAO,a0BRB00000ynb6g2AA,2026/10,2026/10,2026-10-01,2026-10-31,,,,,70000,False,False,5,2026-06-21T16:13:56.000+0000,2026-07-28T02:33:20.000+0000,CN-00000073,株式会社フジタ（調達本部　インテリア・ソリューション統括部　インテリア部）,Activated,株式会社フジタ,,product_missing
"{'type': 'ContractLineItem__c', 'url': '/services/data/v67.0/sobjects/ContractLineItem__c/a03RB00001NswhdYAB'}",a03RB00001NswhdYAB,株式会社フジタ（調達本部 インテリア・ソリューション統括部 インテリア部）_2026/11,001RB00001VTrwFYAT,a04RB00000kUAOlYAO,a0BRB00000ynb6g2AA,2026/11,2026/11,2026-11-01,2026-11-30,,,,,70000,False,False,5,2026-06-21T16:13:56.000+0000,2026-07-28T02:33:20.000+0000,CN-00000073,株式会社フジタ（調達本部　インテリア・ソリューション統括部　インテリア部）,Activated,株式会社フジタ,,product_missing
"{'type': 'ContractLineItem__c', 'url': '/services/data/v67.0/sobjects/ContractLineItem__c/a03RB00001NswheYAB'}",a03RB00001NswheYAB,株式会社フジタ（調達本部 インテリア・ソリューション統括部 インテリア部）_2026/12,001RB00001VTrwFYAT,a04RB00000kUAOlYAO,a0BRB00000ynb6g2AA,2026/12,2026/12,2026-12-01,2026-12-31,,,,,70000,False,False,5,2026-06-21T16:13:56.000+0000,2026-07-28T02:33:20.000+0000,CN-00000073,株式会社フジタ（調達本部　インテリア・ソリューション統括部　インテリア部）,Activated,株式会社フジタ,,product_missing
"{'type': 'ContractLineItem__c', 'url': '/services/data/v67.0/sobjects/ContractLineItem__c/a03RB00001NswhfYAB'}",a03RB00001NswhfYAB,株式会社フジタ（調達本部 インテリア・ソリューション統括部 インテリア部）_2027/01,001RB00001VTrwFYAT,a04RB00000kUAOlYAO,a0BRB00000ynb6g2AA,2027/01,2027/01,2027-01-01,2027-01-31,,,,,70000,False,False,5,2026-06-21T16:13:56.000+0000,2026-07-28T02:33:20.000+0000,CN-00000073,株式会社フジタ（調達本部　インテリア・ソリューション統括部　インテリア部）,Activated,株式会社フジタ,,product_missing
"{'type': 'ContractLineItem__c', 'url': '/services/data/v67.0/sobjects/ContractLineItem__c/a03RB00001NswhgYAB'}",a03RB00001NswhgYAB,株式会社フジタ（調達本部 インテリア・ソリューション統括部 インテリア部）_2027/02,001RB00001VTrwFYAT,a04RB00000kUAOlYAO,a0BRB00000ynb6g2AA,2027/02,2027/02,2027-02-01,2027-02-28,,,,,70000,False,False,5,2026-06-21T16:13:56.000+0000,2026-07-28T02:33:20.000+0000,CN-00000073,株式会社フジタ（調達本部　インテリア・ソリューション統括部　インテリア部）,Activated,株式会社フジタ,,product_missing
"{'type': 'ContractLineItem__c', 'url': '/services/data/v67.0/sobjects/ContractLineItem__c/a03RB00001NswhhYAB'}",a03RB00001NswhhYAB,株式会社フジタ（調達本部 インテリア・ソリューション統括部 インテリア部）_2027/03,001RB00001VTrwFYAT,a04RB00000kUAOlYAO,a0BRB00000ynb6g2AA,2027/03,2027/03,2027-03-01,2027-03-31,,,,,70000,False,False,5,2026-06-21T16:13:56.000+0000,2026-07-28T02:33:20.000+0000,CN-00000073,株式会社フジタ（調達本部　インテリア・ソリューション統括部　インテリア部）,Activated,株式会社フジタ,,product_missing
"{'type': 'ContractLineItem__c', 'url': '/services/data/v67.0/sobjects/ContractLineItem__c/a03RB00001NswhiYAB'}",a03RB00001NswhiYAB,（三ヶ月のみ契約）前田建設工業株式会社_2026/01,001RB00001VTrvVYAT,a04RB00000kUAOmYAO,a0BRB00000ynb6h2AA,2026/01,2026/01,2026-01-01,2026-01-31,,,,,75000,False,False,5,2026-06-21T16:13:56.000+0000,2026-07-28T02:33:20.000+0000,CN-00000074,（三ヶ月のみ契約）前田建設工業株式会社,解約,前田建設工業 株式会社,,product_missing
"{'type': 'ContractLineItem__c', 'url': '/services/data/v67.0/sobjects/ContractLineItem__c/a03RB00001NswhjYAB'}",a03RB00001NswhjYAB,（三ヶ月のみ契約）前田建設工業株式会社_2026/02,001RB00001VTrvVYAT,a04RB00000kUAOmYAO,a0BRB00000ynb6h2AA,2026/02,2026/02,2026-02-01,2026-02-28,,,,,75000,False,False,5,2026-06-21T16:13:56.000+0000,2026-07-28T02:33:20.000+0000,CN-00000074,（三ヶ月のみ契約）前田建設工業株式会社,解約,前田建設工業 株式会社,,product_missing
"{'type': 'ContractLineItem__c', 'url': '/services/data/v67.0/sobjects/ContractLineItem__c/a03RB00001NswhkYAB'}",a03RB00001NswhkYAB,（三ヶ月のみ契約）前田建設工業株式会社_2026/03,001RB00001VTrvVYAT,a04RB00000kUAOmYAO,a0BRB00000ynb6h2AA,2026/03,2026/03,2026-03-01,2026-03-31,,,,,75000,False,False,5,2026-06-21T16:13:56.000+0000,2026-07-28T02:33:20.000+0000,CN-00000074,（三ヶ月のみ契約）前田建設工業株式会社,解約,前田建設工業 株式会社,,product_missing
"{'type': 'ContractLineItem__c', 'url': '/services/data/v67.0/sobjects/ContractLineItem__c/a03RB00001NswhxYAB'}",a03RB00001NswhxYAB,株式会社アールシーコア_2026/01,001RB00001VTqxQYAT,a04RB00000kUAOoYAO,a0BRB00000ynb6j2AA,2026/01,2026/01,2026-01-01,2026-01-31,,,,,150000,False,False,10,2026-06-21T16:13:56.000+0000,2026-07-28T02:33:20.000+0000,CN-00000076,株式会社アールシーコア,Activated,株式会社アールシーコア,,product_missing
"{'type': 'ContractLineItem__c', 'url': '/services/data/v67.0/sobjects/ContractLineItem__c/a03RB00001NswhyYAB'}",a03RB00001NswhyYAB,株式会社アールシーコア_2026/02,001RB00001VTqxQYAT,a04RB00000kUAOoYAO,a0BRB00000ynb6j2AA,2026/02,2026/02,2026-02-01,2026-02-28,,,,,150000,False,False,10,2026-06-21T16:13:56.000+0000,2026-07-28T02:33:20.000+0000,CN-00000076,株式会社アールシーコア,Activated,株式会社アールシーコア,,product_missing
"{'type': 'ContractLineItem__c', 'url': '/services/data/v67.0/sobjects/ContractLineItem__c/a03RB00001NswhzYAB'}",a03RB00001NswhzYAB,株式会社アールシーコア_2026/04,001RB00001VTqxQYAT,a04RB00000kUAOoYAO,a0BRB00000ynb6j2AA,2026/04,2026/04,2026-04-01,2026-04-30,,,,,150000,False,False,10,2026-06-21T16:13:56.000+0000,2026-08-06T00:47:33.000+0000,CN-00000076,株式会社アールシーコア,Activated,株式会社アールシーコア,,product_missing
"{'type': 'ContractLineItem__c', 'url': '/services/data/v67.0/sobjects/ContractLineItem__c/a03RB00001Nswi0YAB'}",a03RB00001Nswi0YAB,株式会社アールシーコア_2026/05,001RB00001VTqxQYAT,a04RB00000kUAOoYAO,a0BRB00000ynb6j2AA,2026/05,2026/05,2026-05-01,2026-05-31,,,,,150000,False,False,10,2026-06-21T16:13:56.000+0000,2026-08-06T00:47:33.000+0000,CN-00000076,株式会社アールシーコア,Activated,株式会社アールシーコア,,product_missing
"{'type': 'ContractLineItem__c', 'url': '/services/data/v67.0/sobjects/ContractLineItem__c/a03RB00001Nswi5YAB'}",a03RB00001Nswi5YAB,日鉄興和不動産株式会社_2026/02,001RB00001VTrnKYAT,a04RB00000kUAOqYAO,a0BRB00000ynb6l2AA,2026/02,2026/02,2026-02-01,2026-02-28,,,,,195000,False,False,13,2026-06-21T16:13:56.000+0000,2026-08-06T01:58:48.000+0000,CN-00000078,日鉄興和不動産株式会社,Activated,日鉄興和不動産株式会社,,product_missing
"{'type': 'ContractLineItem__c', 'url': '/services/data/v67.0/sobjects/ContractLineItem__c/a03RB00001Nswi6YAB'}",a03RB00001Nswi6YAB,日鉄興和不動産株式会社_2026/03,001RB00001VTrnKYAT,a04RB00000kUAOqYAO,a0BRB00000ynb6l2AA,2026/03,2026/03,2026-03-01,2026-03-31,,,,,195000,False,False,13,2026-06-21T16:13:56.000+0000,2026-08-06T01:58:48.000+0000,CN-00000078,日鉄興和不動産株式会社,Activated,日鉄興和不動産株式会社,,product_missing
"{'type': 'ContractLineItem__c', 'url': '/services/data/v67.0/sobjects/ContractLineItem__c/a03RB00001Nswi7YAB'}",a03RB00001Nswi7YAB,日鉄興和不動産株式会社_2026/05,001RB00001VTrnKYAT,a04RB00000kUAOqYAO,a0BRB00000ynb6l2AA,2026/05,2026/05,2026-05-01,2026-05-31,,,a00RB00002B5oLFYAZ,,140000,False,False,10,2026-06-21T16:13:56.000+0000,2026-07-28T02:33:20.000+0000,CN-00000078,日鉄興和不動産株式会社,Activated,日鉄興和不動産株式会社,,product_missing
"{'type': 'ContractLineItem__c', 'url': '/services/data/v67.0/sobjects/ContractLineItem__c/a03RB00001Nswi8YAB'}",a03RB00001Nswi8YAB,日鉄興和不動産株式会社_2026/06,001RB00001VTrnKYAT,a04RB00000kUAOqYAO,a0BRB00000ynb6l2AA,2026/06,2026/06,2026-06-01,2026-06-30,,,a00RB00002B5oLFYAZ,,140000,False,False,10,2026-06-21T16:13:56.000+0000,2026-07-28T02:33:20.000+0000,CN-00000078,日鉄興和不動産株式会社,Activated,日鉄興和不動産株式会社,,product_missing
"{'type': 'ContractLineItem__c', 'url': '/services/data/v67.0/sobjects/ContractLineItem__c/a03RB00001Nswi9YAB'}",a03RB00001Nswi9YAB,日鉄興和不動産株式会社_2026/07,001RB00001VTrnKYAT,a04RB00000kUAOqYAO,a0BRB00000ynb6l2AA,2026/07,2026/07,2026-07-01,2026-07-31,,,a00RB00002B5oLFYAZ,,140000,False,False,10,2026-06-21T16:13:56.000+0000,2026-07-28T02:33:20.000+0000,CN-00000078,日鉄興和不動産株式会社,Activated,日鉄興和不動産株式会社,,product_missing
"{'type': 'ContractLineItem__c', 'url': '/services/data/v67.0/sobjects/ContractLineItem__c/a03RB00001NswiAYAR'}",a03RB00001NswiAYAR,日鉄興和不動産株式会社_2026/08,001RB00001VTrnKYAT,a04RB00000kUAOqYAO,a0BRB00000ynb6l2AA,2026/08,2026/08,2026-08-01,2026-08-31,,,a00RB00002B5oLFYAZ,,140000,False,False,10,2026-06-21T16:13:56.000+0000,2026-07-28T02:33:20.000+0000,CN-00000078,日鉄興和不動産株式会社,Activated,日鉄興和不動産株式会社,,product_missing
"{'type': 'ContractLineItem__c', 'url': '/services/data/v67.0/sobjects/ContractLineItem__c/a03RB00001NswiBYAR'}",a03RB00001NswiBYAR,日鉄興和不動産株式会社_2026/09,001RB00001VTrnKYAT,a04RB00000kUAOqYAO,a0BRB00000ynb6l2AA,2026/09,2026/09,2026-09-01,2026-09-30,,,a00RB00002B5oLFYAZ,,140000,False,False,10,2026-06-21T16:13:56.000+0000,2026-07-28T02:33:20.000+0000,CN-00000078,日鉄興和不動産株式会社,Activated,日鉄興和不動産株式会社,,product_missing
"{'type': 'ContractLineItem__c', 'url': '/services/data/v67.0/sobjects/ContractLineItem__c/a03RB00001NswiCYAR'}",a03RB00001NswiCYAR,日鉄興和不動産株式会社_2026/10,001RB00001VTrnKYAT,a04RB00000kUAOqYAO,a0BRB00000ynb6l2AA,2026/10,2026/10,2026-10-01,2026-10-31,,,a00RB00002B5oLFYAZ,,140000,False,False,10,2026-06-21T16:13:56.000+0000,2026-07-28T02:33:20.000+0000,CN-00000078,日鉄興和不動産株式会社,Activated,日鉄興和不動産株式会社,,product_missing
"{'type': 'ContractLineItem__c', 'url': '/services/data/v67.0/sobjects/ContractLineItem__c/a03RB00001NswiDYAR'}",a03RB00001NswiDYAR,日鉄興和不動産株式会社_2026/11,001RB00001VTrnKYAT,a04RB00000kUAOqYAO,a0BRB00000ynb6l2AA,2026/11,2026/11,2026-11-01,2026-11-30,,,a00RB00002B5oLFYAZ,,140000,False,False,10,2026-06-21T16:13:56.000+0000,2026-07-28T02:33:20.000+0000,CN-00000078,日鉄興和不動産株式会社,Activated,日鉄興和不動産株式会社,,product_missing
"{'type': 'ContractLineItem__c', 'url': '/services/data/v67.0/sobjects/ContractLineItem__c/a03RB00001NswiEYAR'}",a03RB00001NswiEYAR,日鉄興和不動産株式会社_2026/12,001RB00001VTrnKYAT,a04RB00000kUAOqYAO,a0BRB00000ynb6l2AA,2026/12,2026/12,2026-12-01,2026-12-31,,,a00RB00002B5oLFYAZ,,140000,False,False,10,2026-06-21T16:13:56.000+0000,2026-07-28T02:33:20.000+0000,CN-00000078,日鉄興和不動産株式会社,Activated,日鉄興和不動産株式会社,,product_missing
"{'type': 'ContractLineItem__c', 'url': '/services/data/v67.0/sobjects/ContractLineItem__c/a03RB00001NswiFYAR'}",a03RB00001NswiFYAR,日鉄興和不動産株式会社_2027/01,001RB00001VTrnKYAT,a04RB00000kUAOqYAO,a0BRB00000ynb6l2AA,2027/01,2027/01,2027-01-01,2027-01-31,,,a00RB00002B5oLFYAZ,,140000,False,False,10,2026-06-21T16:13:56.000+0000,2026-07-28T02:33:20.000+0000,CN-00000078,日鉄興和不動産株式会社,Activated,日鉄興和不動産株式会社,,product_missing
"{'type': 'ContractLineItem__c', 'url': '/services/data/v67.0/sobjects/ContractLineItem__c/a03RB00001NswiGYAR'}",a03RB00001NswiGYAR,日鉄興和不動産株式会社_2027/02,001RB00001VTrnKYAT,a04RB00000kUAOqYAO,a0BRB00000ynb6l2AA,2027/02,2027/02,2027-02-01,2027-02-28,,,a00RB00002B5oLFYAZ,,140000,False,False,10,2026-06-21T16:13:56.000+0000,2026-07-28T02:33:20.000+0000,CN-00000078,日鉄興和不動産株式会社,Activated,日鉄興和不動産株式会社,,product_missing
"{'type': 'ContractLineItem__c', 'url': '/services/data/v67.0/sobjects/ContractLineItem__c/a03RB00001NswiHYAR'}",a03RB00001NswiHYAR,日鉄興和不動産株式会社_2027/03,001RB00001VTrnKYAT,a04RB00000kUAOqYAO,a0BRB00000ynb6l2AA,2027/03,2027/03,2027-03-01,2027-03-31,,,a00RB00002B5oLFYAZ,,140000,False,False,10,2026-06-21T16:13:56.000+0000,2026-07-28T02:33:20.000+0000,CN-00000078,日鉄興和不動産株式会社,Activated,日鉄興和不動産株式会社,,product_missing
"{'type': 'ContractLineItem__c', 'url': '/services/data/v67.0/sobjects/ContractLineItem__c/a03RB00001NswiIYAR'}",a03RB00001NswiIYAR,日鉄興和不動産株式会社_2027/04,001RB00001VTrnKYAT,a04RB00000kUAOqYAO,a0BRB00000ynb6l2AA,2027/04,2027/04,2027-04-01,2027-04-30,,,a00RB00002B5oLFYAZ,,140000,False,False,10,2026-06-21T16:13:56.000+0000,2026-07-28T02:33:20.000+0000,CN-00000078,日鉄興和不動産株式会社,Activated,日鉄興和不動産株式会社,,product_missing
"{'type': 'ContractLineItem__c', 'url': '/services/data/v67.0/sobjects/ContractLineItem__c/a03RB00001NswiJYAR'}",a03RB00001NswiJYAR,株式会社石勝エクステリア(シングルサインオン分）_2025/10,001RB00001VTqnMYAT,a04RB00000kUAOrYAO,a0BRB00000ynb6m2AA,2025/10,2025/10,2025-10-01,2025-10-31,,,,,30000,False,False,1,2026-06-21T16:13:56.000+0000,2026-07-28T02:33:20.000+0000,CN-00000079,株式会社石勝エクステリア(シングルサインオン分）,Activated,株式会社石勝エクステリア,,product_missing
"{'type': 'ContractLineItem__c', 'url': '/services/data/v67.0/sobjects/ContractLineItem__c/a03RB00001NswiKYAR'}",a03RB00001NswiKYAR,株式会社石勝エクステリア(シングルサインオン分）_2025/11,001RB00001VTqnMYAT,a04RB00000kUAOrYAO,a0BRB00000ynb6m2AA,2025/11,2025/11,2025-11-01,2025-11-30,,,,,30000,False,False,1,2026-06-21T16:13:56.000+0000,2026-07-28T02:33:20.000+0000,CN-00000079,株式会社石勝エクステリア(シングルサインオン分）,Activated,株式会社石勝エクステリア,,product_missing
"{'type': 'ContractLineItem__c', 'url': '/services/data/v67.0/sobjects/ContractLineItem__c/a03RB00001NswiLYAR'}",a03RB00001NswiLYAR,株式会社石勝エクステリア(シングルサインオン分）_2025/12,001RB00001VTqnMYAT,a04RB00000kUAOrYAO,a0BRB00000ynb6m2AA,2025/12,2025/12,2025-12-01,2025-12-31,,,,,30000,False,False,1,2026-06-21T16:13:56.000+0000,2026-07-28T02:33:20.000+0000,CN-00000079,株式会社石勝エクステリア(シングルサインオン分）,Activated,株式会社石勝エクステリア,,product_missing
"{'type': 'ContractLineItem__c', 'url': '/services/data/v67.0/sobjects/ContractLineItem__c/a03RB00001NswiMYAR'}",a03RB00001NswiMYAR,株式会社石勝エクステリア(シングルサインオン分）_2026/01,001RB00001VTqnMYAT,a04RB00000kUAOrYAO,a0BRB00000ynb6m2AA,2026/01,2026/01,2026-01-01,2026-01-31,,,,,30000,False,False,1,2026-06-21T16:13:56.000+0000,2026-07-28T02:33:20.000+0000,CN-00000079,株式会社石勝エクステリア(シングルサインオン分）,Activated,株式会社石勝エクステリア,,product_missing
"{'type': 'ContractLineItem__c', 'url': '/services/data/v67.0/sobjects/ContractLineItem__c/a03RB00001NswiNYAR'}",a03RB00001NswiNYAR,株式会社石勝エクステリア(シングルサインオン分）_2026/02,001RB00001VTqnMYAT,a04RB00000kUAOrYAO,a0BRB00000ynb6m2AA,2026/02,2026/02,2026-02-01,2026-02-28,,,,,30000,False,False,1,2026-06-21T16:13:56.000+0000,2026-07-28T02:33:20.000+0000,CN-00000079,株式会社石勝エクステリア(シングルサインオン分）,Activated,株式会社石勝エクステリア,,product_missing
"{'type': 'ContractLineItem__c', 'url': '/services/data/v67.0/sobjects/ContractLineItem__c/a03RB00001NswiOYAR'}",a03RB00001NswiOYAR,株式会社石勝エクステリア(シングルサインオン分）_2026/03,001RB00001VTqnMYAT,a04RB00000kUAOrYAO,a0BRB00000ynb6m2AA,2026/03,2026/03,2026-03-01,2026-03-31,,,,,30000,False,False,1,2026-06-21T16:13:56.000+0000,2026-08-06T00:47:33.000+0000,CN-00000079,株式会社石勝エクステリア(シングルサインオン分）,Activated,株式会社石勝エクステリア,,product_missing
"{'type': 'ContractLineItem__c', 'url': '/services/data/v67.0/sobjects/ContractLineItem__c/a03RB00001NswiPYAR'}",a03RB00001NswiPYAR,株式会社石勝エクステリア(シングルサインオン分）_2026/04,001RB00001VTqnMYAT,a04RB00000kUAOrYAO,a0BRB00000ynb6m2AA,2026/04,2026/04,2026-04-01,2026-04-30,,,,,30000,False,False,1,2026-06-21T16:13:56.000+0000,2026-07-28T02:33:20.000+0000,CN-00000079,株式会社石勝エクステリア(シングルサインオン分）,Activated,株式会社石勝エクステリア,,product_missing
"{'type': 'ContractLineItem__c', 'url': '/services/data/v67.0/sobjects/ContractLineItem__c/a03RB00001NswiQYAR'}",a03RB00001NswiQYAR,株式会社石勝エクステリア(シングルサインオン分）_2026/05,001RB00001VTqnMYAT,a04RB00000kUAOrYAO,a0BRB00000ynb6m2AA,2026/05,2026/05,2026-05-01,2026-05-31,,,,,30000,False,False,1,2026-06-21T16:13:56.000+0000,2026-07-28T02:33:20.000+0000,CN-00000079,株式会社石勝エクステリア(シングルサインオン分）,Activated,株式会社石勝エクステリア,,product_missing
"{'type': 'ContractLineItem__c', 'url': '/services/data/v67.0/sobjects/ContractLineItem__c/a03RB00001NswiRYAR'}",a03RB00001NswiRYAR,株式会社石勝エクステリア(シングルサインオン分）_2026/06,001RB00001VTqnMYAT,a04RB00000kUAOrYAO,a0BRB00000ynb6m2AA,2026/06,2026/06,2026-06-01,2026-06-30,,,,,30000,False,False,1,2026-06-21T16:13:56.000+0000,2026-07-28T02:33:20.000+0000,CN-00000079,株式会社石勝エクステリア(シングルサインオン分）,Activated,株式会社石勝エクステリア,,product_missing
"{'type': 'ContractLineItem__c', 'url': '/services/data/v67.0/sobjects/ContractLineItem__c/a03RB00001NswiSYAR'}",a03RB00001NswiSYAR,株式会社石勝エクステリア(シングルサインオン分）_2026/07,001RB00001VTqnMYAT,a04RB00000kUAOrYAO,a0BRB00000ynb6m2AA,2026/07,2026/07,2026-07-01,2026-07-31,,,,,30000,False,False,1,2026-06-21T16:13:56.000+0000,2026-07-28T02:33:20.000+0000,CN-00000079,株式会社石勝エクステリア(シングルサインオン分）,Activated,株式会社石勝エクステリア,,product_missing
"{'type': 'ContractLineItem__c', 'url': '/services/data/v67.0/sobjects/ContractLineItem__c/a03RB00001NswiTYAR'}",a03RB00001NswiTYAR,株式会社石勝エクステリア(シングルサインオン分）_2026/08,001RB00001VTqnMYAT,a04RB00000kUAOrYAO,a0BRB00000ynb6m2AA,2026/08,2026/08,2026-08-01,2026-08-31,,,,,30000,False,False,1,2026-06-21T16:13:56.000+0000,2026-07-28T02:33:20.000+0000,CN-00000079,株式会社石勝エクステリア(シングルサインオン分）,Activated,株式会社石勝エクステリア,,product_missing
"{'type': 'ContractLineItem__c', 'url': '/services/data/v67.0/sobjects/ContractLineItem__c/a03RB00001NswiUYAR'}",a03RB00001NswiUYAR,株式会社石勝エクステリア(シングルサインオン分）_2026/09,001RB00001VTqnMYAT,a04RB00000kUAOrYAO,a0BRB00000ynb6m2AA,2026/09,2026/09,2026-09-01,2026-09-30,,,,,30000,False,False,1,2026-06-21T16:13:56.000+0000,2026-07-28T02:33:20.000+0000,CN-00000079,株式会社石勝エクステリア(シングルサインオン分）,Activated,株式会社石勝エクステリア,,product_missing
"{'type': 'ContractLineItem__c', 'url': '/services/data/v67.0/sobjects/ContractLineItem__c/a03RB00001NswiVYAR'}",a03RB00001NswiVYAR,株式会社石勝エクステリア(シングルサインオン分）_2026/10,001RB00001VTqnMYAT,a04RB00000kUAOrYAO,a0BRB00000ynb6m2AA,2026/10,2026/10,2026-10-01,2026-10-31,,,,,30000,False,False,1,2026-06-21T16:13:56.000+0000,2026-07-28T02:33:20.000+0000,CN-00000079,株式会社石勝エクステリア(シングルサインオン分）,Activated,株式会社石勝エクステリア,,product_missing
"{'type': 'ContractLineItem__c', 'url': '/services/data/v67.0/sobjects/ContractLineItem__c/a03RB00001NswiWYAR'}",a03RB00001NswiWYAR,株式会社石勝エクステリア(シングルサインオン分）_2026/11,001RB00001VTqnMYAT,a04RB00000kUAOrYAO,a0BRB00000ynb6m2AA,2026/11,2026/11,2026-11-01,2026-11-30,,,,,30000,False,False,1,2026-06-21T16:13:56.000+0000,2026-07-28T02:33:20.000+0000,CN-00000079,株式会社石勝エクステリア(シングルサインオン分）,Activated,株式会社石勝エクステリア,,product_missing
"{'type': 'ContractLineItem__c', 'url': '/services/data/v67.0/sobjects/ContractLineItem__c/a03RB00001NswiXYAR'}",a03RB00001NswiXYAR,株式会社石勝エクステリア(シングルサインオン分）_2026/12,001RB00001VTqnMYAT,a04RB00000kUAOrYAO,a0BRB00000ynb6m2AA,2026/12,2026/12,2026-12-01,2026-12-31,,,,,30000,False,False,1,2026-06-21T16:13:56.000+0000,2026-07-28T02:33:20.000+0000,CN-00000079,株式会社石勝エクステリア(シングルサインオン分）,Activated,株式会社石勝エクステリア,,product_missing
"{'type': 'ContractLineItem__c', 'url': '/services/data/v67.0/sobjects/ContractLineItem__c/a03RB00001NswiYYAR'}",a03RB00001NswiYYAR,株式会社石勝エクステリア(シングルサインオン分）_2027/01,001RB00001VTqnMYAT,a04RB00000kUAOrYAO,a0BRB00000ynb6m2AA,2027/01,2027/01,2027-01-01,2027-01-31,,,,,30000,False,False,1,2026-06-21T16:13:56.000+0000,2026-07-28T02:33:20.000+0000,CN-00000079,株式会社石勝エクステリア(シングルサインオン分）,Activated,株式会社石勝エクステリア,,product_missing
"{'type': 'ContractLineItem__c', 'url': '/services/data/v67.0/sobjects/ContractLineItem__c/a03RB00001NswiZYAR'}",a03RB00001NswiZYAR,株式会社石勝エクステリア(シングルサインオン分）_2027/02,001RB00001VTqnMYAT,a04RB00000kUAOrYAO,a0BRB00000ynb6m2AA,2027/02,2027/02,2027-02-01,2027-02-28,,,,,30000,False,False,1,2026-06-21T16:13:56.000+0000,2026-07-28T02:33:20.000+0000,CN-00000079,株式会社石勝エクステリア(シングルサインオン分）,Activated,株式会社石勝エクステリア,,product_missing
"{'type': 'ContractLineItem__c', 'url': '/services/data/v67.0/sobjects/ContractLineItem__c/a03RB00001NswiaYAB'}",a03RB00001NswiaYAB,株式会社石勝エクステリア(シングルサインオン分）_2027/03,001RB00001VTqnMYAT,a04RB00000kUAOrYAO,a0BRB00000ynb6m2AA,2027/03,2027/03,2027-03-01,2027-03-31,,,,,30000,False,False,1,2026-06-21T16:13:56.000+0000,2026-07-28T02:33:20.000+0000,CN-00000079,株式会社石勝エクステリア(シングルサインオン分）,Activated,株式会社石勝エクステリア,,product_missing
"{'type': 'ContractLineItem__c', 'url': '/services/data/v67.0/sobjects/ContractLineItem__c/a03RB00001NswibYAB'}",a03RB00001NswibYAB,株式会社アールシーコア(セキュリティオプション月額）_2026/01,001RB00001VTqxQYAT,a04RB00000kUAOsYAO,a0BRB00000ynb6n2AA,2026/01,2026/01,2026-01-01,2026-01-31,,,,,100000,False,False,1,2026-06-21T16:13:56.000+0000,2026-07-28T02:33:20.000+0000,CN-00000080,株式会社アールシーコア(セキュリティオプション月額）,Activated,株式会社アールシーコア,,product_missing
"{'type': 'ContractLineItem__c', 'url': '/services/data/v67.0/sobjects/ContractLineItem__c/a03RB00001NswicYAB'}",a03RB00001NswicYAB,株式会社アールシーコア(セキュリティオプション月額）_2026/02,001RB00001VTqxQYAT,a04RB00000kUAOsYAO,a0BRB00000ynb6n2AA,2026/02,2026/02,2026-02-01,2026-02-28,,,,,100000,False,False,1,2026-06-21T16:13:56.000+0000,2026-07-28T02:33:20.000+0000,CN-00000080,株式会社アールシーコア(セキュリティオプション月額）,Activated,株式会社アールシーコア,,product_missing
"{'type': 'ContractLineItem__c', 'url': '/services/data/v67.0/sobjects/ContractLineItem__c/a03RB00001NswidYAB'}",a03RB00001NswidYAB,株式会社アールシーコア(セキュリティオプション月額）_2026/03,001RB00001VTqxQYAT,a04RB00000kUAOsYAO,a0BRB00000ynb6n2AA,2026/03,2026/03,2026-03-01,2026-03-31,,,,,100000,False,False,1,2026-06-21T16:13:56.000+0000,2026-07-28T02:33:20.000+0000,CN-00000080,株式会社アールシーコア(セキュリティオプション月額）,Activated,株式会社アールシーコア,,product_missing
"{'type': 'ContractLineItem__c', 'url': '/services/data/v67.0/sobjects/ContractLineItem__c/a03RB00001NswieYAB'}",a03RB00001NswieYAB,株式会社アールシーコア(セキュリティオプション月額）_2026/04,001RB00001VTqxQYAT,a04RB00000kUAOsYAO,a0BRB00000ynb6n2AA,2026/04,2026/04,2026-04-01,2026-04-30,,,,,100000,False,False,1,2026-06-21T16:13:56.000+0000,2026-08-06T00:47:33.000+0000,CN-00000080,株式会社アールシーコア(セキュリティオプション月額）,Activated,株式会社アールシーコア,,product_missing
"{'type': 'ContractLineItem__c', 'url': '/services/data/v67.0/sobjects/ContractLineItem__c/a03RB00001NswifYAB'}",a03RB00001NswifYAB,株式会社アールシーコア(セキュリティオプション月額）_2026/05,001RB00001VTqxQYAT,a04RB00000kUAOsYAO,a0BRB00000ynb6n2AA,2026/05,2026/05,2026-05-01,2026-05-31,,,,,100000,False,False,1,2026-06-21T16:13:56.000+0000,2026-08-06T00:47:33.000+0000,CN-00000080,株式会社アールシーコア(セキュリティオプション月額）,Activated,株式会社アールシーコア,,product_missing
"{'type': 'ContractLineItem__c', 'url': '/services/data/v67.0/sobjects/ContractLineItem__c/a03RB00001NswikYAB'}",a03RB00001NswikYAB,大東建託株式会社 流通設計部_2026/02,001RB00001VTruMYAT,a04RB00000kUAOuYAO,a0BRB00000ynb6p2AA,2026/02,2026/02,2026-02-01,2026-02-28,,,,,15000,False,False,1,2026-06-21T16:13:56.000+0000,2026-07-28T02:33:20.000+0000,CN-00000082,大東建託株式会社 流通設計部,解約,大東建託株式会社,,product_missing
"{'type': 'ContractLineItem__c', 'url': '/services/data/v67.0/sobjects/ContractLineItem__c/a03RB00001NswilYAB'}",a03RB00001NswilYAB,野村不動産株式会社_2026/04,001RB00001VTCYEYA5,a04RB00000kUAOvYAO,a0BRB00000ynb6q2AA,2026/04,2026/04,2026-04-01,2026-04-30,,,,,150000,False,False,10,2026-06-21T16:13:56.000+0000,2026-07-28T02:33:20.000+0000,CN-00000083,野村不動産株式会社,Activated,野村不動産株式会社,,product_missing
"{'type': 'ContractLineItem__c', 'url': '/services/data/v67.0/sobjects/ContractLineItem__c/a03RB00001NswimYAB'}",a03RB00001NswimYAB,野村不動産株式会社_2026/05,001RB00001VTCYEYA5,a04RB00000kUAOvYAO,a0BRB00000ynb6q2AA,2026/05,2026/05,2026-05-01,2026-05-31,,,,,150000,False,False,10,2026-06-21T16:13:56.000+0000,2026-07-28T02:33:20.000+0000,CN-00000083,野村不動産株式会社,Activated,野村不動産株式会社,,product_missing
"{'type': 'ContractLineItem__c', 'url': '/services/data/v67.0/sobjects/ContractLineItem__c/a03RB00001NswinYAB'}",a03RB00001NswinYAB,野村不動産株式会社_2026/06,001RB00001VTCYEYA5,a04RB00000kUAOvYAO,a0BRB00000ynb6q2AA,2026/06,2026/06,2026-06-01,2026-06-30,,,,,150000,False,False,10,2026-06-21T16:13:56.000+0000,2026-07-28T02:33:20.000+0000,CN-00000083,野村不動産株式会社,Activated,野村不動産株式会社,,product_missing
"{'type': 'ContractLineItem__c', 'url': '/services/data/v67.0/sobjects/ContractLineItem__c/a03RB00001NswioYAB'}",a03RB00001NswioYAB,野村不動産株式会社（シングルサインオン分）_2026/04,001RB00001VTCYEYA5,a04RB00000kUAOwYAO,a0BRB00000ynb6r2AA,2026/04,2026/04,2026-04-01,2026-04-30,,,,,30000,False,False,1,2026-06-21T16:13:56.000+0000,2026-07-28T02:33:20.000+0000,CN-00000084,野村不動産株式会社（シングルサインオン分）,Activated,野村不動産株式会社,,product_missing
"{'type': 'ContractLineItem__c', 'url': '/services/data/v67.0/sobjects/ContractLineItem__c/a03RB00001NswipYAB'}",a03RB00001NswipYAB,野村不動産株式会社（シングルサインオン分）_2026/05,001RB00001VTCYEYA5,a04RB00000kUAOwYAO,a0BRB00000ynb6r2AA,2026/05,2026/05,2026-05-01,2026-05-31,,,,,30000,False,False,1,2026-06-21T16:13:56.000+0000,2026-07-28T02:33:20.000+0000,CN-00000084,野村不動産株式会社（シングルサインオン分）,Activated,野村不動産株式会社,,product_missing
"{'type': 'ContractLineItem__c', 'url': '/services/data/v67.0/sobjects/ContractLineItem__c/a03RB00001NswiqYAB'}",a03RB00001NswiqYAB,野村不動産株式会社（シングルサインオン分）_2026/06,001RB00001VTCYEYA5,a04RB00000kUAOwYAO,a0BRB00000ynb6r2AA,2026/06,2026/06,2026-06-01,2026-06-30,,,,,30000,False,False,1,2026-06-21T16:13:56.000+0000,2026-07-28T02:33:20.000+0000,CN-00000084,野村不動産株式会社（シングルサインオン分）,Activated,野村不動産株式会社,,product_missing
"{'type': 'ContractLineItem__c', 'url': '/services/data/v67.0/sobjects/ContractLineItem__c/a03RB00001NswirYAB'}",a03RB00001NswirYAB,株式会社トーケン_2026/03,001RB00001VTrHrYAL,a04RB00000kUAOxYAO,a0BRB00000ynb6s2AA,2026/03,2026/03,2026-03-01,2026-03-31,,,,,80000,False,False,10,2026-06-21T16:13:56.000+0000,2026-08-06T00:47:33.000+0000,CN-00000085,株式会社トーケン,Activated,株式会社 トーケン,,product_missing
"{'type': 'ContractLineItem__c', 'url': '/services/data/v67.0/sobjects/ContractLineItem__c/a03RB00001NswisYAB'}",a03RB00001NswisYAB,株式会社トーケン_2026/04,001RB00001VTrHrYAL,a04RB00000kUAOxYAO,a0BRB00000ynb6s2AA,2026/04,2026/04,2026-04-01,2026-04-30,,,,,80000,False,False,10,2026-06-21T16:13:56.000+0000,2026-08-06T00:47:33.000+0000,CN-00000085,株式会社トーケン,Activated,株式会社 トーケン,,product_missing
"{'type': 'ContractLineItem__c', 'url': '/services/data/v67.0/sobjects/ContractLineItem__c/a03RB00001NswitYAB'}",a03RB00001NswitYAB,株式会社トーケン_2026/05,001RB00001VTrHrYAL,a04RB00000kUAOxYAO,a0BRB00000ynb6s2AA,2026/05,2026/05,2026-05-01,2026-05-31,,,,,80000,False,False,10,2026-06-21T16:13:56.000+0000,2026-08-06T00:47:33.000+0000,CN-00000085,株式会社トーケン,Activated,株式会社 トーケン,,product_missing
"{'type': 'ContractLineItem__c', 'url': '/services/data/v67.0/sobjects/ContractLineItem__c/a03RB00001NswiuYAB'}",a03RB00001NswiuYAB,株式会社トーケン_2026/06,001RB00001VTrHrYAL,a04RB00000kUAOxYAO,a0BRB00000ynb6s2AA,2026/06,2026/06,2026-06-01,2026-06-30,,,,,80000,False,False,10,2026-06-21T16:13:56.000+0000,2026-08-06T00:47:33.000+0000,CN-00000085,株式会社トーケン,Activated,株式会社 トーケン,,product_missing
"{'type': 'ContractLineItem__c', 'url': '/services/data/v67.0/sobjects/ContractLineItem__c/a03RB00001NswivYAB'}",a03RB00001NswivYAB,株式会社トーケン_2026/07,001RB00001VTrHrYAL,a04RB00000kUAOxYAO,a0BRB00000ynb6s2AA,2026/07,2026/07,2026-07-01,2026-07-31,,,,,80000,False,False,10,2026-06-21T16:13:56.000+0000,2026-08-06T00:47:33.000+0000,CN-00000085,株式会社トーケン,Activated,株式会社 トーケン,,product_missing
"{'type': 'ContractLineItem__c', 'url': '/services/data/v67.0/sobjects/ContractLineItem__c/a03RB00001NswiwYAB'}",a03RB00001NswiwYAB,株式会社トーケン_2026/08,001RB00001VTrHrYAL,a04RB00000kUAOxYAO,a0BRB00000ynb6s2AA,2026/08,2026/08,2026-08-01,2026-08-31,,,,,80000,False,False,10,2026-06-21T16:13:56.000+0000,2026-08-06T00:47:33.000+0000,CN-00000085,株式会社トーケン,Activated,株式会社 トーケン,,product_missing
"{'type': 'ContractLineItem__c', 'url': '/services/data/v67.0/sobjects/ContractLineItem__c/a03RB00001NswixYAB'}",a03RB00001NswixYAB,株式会社トーケン_2026/09,001RB00001VTrHrYAL,a04RB00000kUAOxYAO,a0BRB00000ynb6s2AA,2026/09,2026/09,2026-09-01,2026-09-30,,,,,80000,False,False,10,2026-06-21T16:13:56.000+0000,2026-08-06T00:47:33.000+0000,CN-00000085,株式会社トーケン,Activated,株式会社 トーケン,,product_missing
"{'type': 'ContractLineItem__c', 'url': '/services/data/v67.0/sobjects/ContractLineItem__c/a03RB00001NswiyYAB'}",a03RB00001NswiyYAB,株式会社トーケン_2026/10,001RB00001VTrHrYAL,a04RB00000kUAOxYAO,a0BRB00000ynb6s2AA,2026/10,2026/10,2026-10-01,2026-10-31,,,,,80000,False,False,10,2026-06-21T16:13:56.000+0000,2026-08-06T00:47:33.000+0000,CN-00000085,株式会社トーケン,Activated,株式会社 トーケン,,product_missing
"{'type': 'ContractLineItem__c', 'url': '/services/data/v67.0/sobjects/ContractLineItem__c/a03RB00001NswizYAB'}",a03RB00001NswizYAB,株式会社トーケン_2026/11,001RB00001VTrHrYAL,a04RB00000kUAOxYAO,a0BRB00000ynb6s2AA,2026/11,2026/11,2026-11-01,2026-11-30,,,,,80000,False,False,10,2026-06-21T16:13:56.000+0000,2026-08-06T00:47:33.000+0000,CN-00000085,株式会社トーケン,Activated,株式会社 トーケン,,product_missing
"{'type': 'ContractLineItem__c', 'url': '/services/data/v67.0/sobjects/ContractLineItem__c/a03RB00001Nswj0YAB'}",a03RB00001Nswj0YAB,株式会社トーケン_2026/12,001RB00001VTrHrYAL,a04RB00000kUAOxYAO,a0BRB00000ynb6s2AA,2026/12,2026/12,2026-12-01,2026-12-31,,,,,80000,False,False,10,2026-06-21T16:13:56.000+0000,2026-08-06T00:47:33.000+0000,CN-00000085,株式会社トーケン,Activated,株式会社 トーケン,,product_missing
"{'type': 'ContractLineItem__c', 'url': '/services/data/v67.0/sobjects/ContractLineItem__c/a03RB00001Nswj1YAB'}",a03RB00001Nswj1YAB,株式会社トーケン_2027/01,001RB00001VTrHrYAL,a04RB00000kUAOxYAO,a0BRB00000ynb6s2AA,2027/01,2027/01,2027-01-01,2027-01-31,,,,,80000,False,False,10,2026-06-21T16:13:56.000+0000,2026-08-06T00:47:33.000+0000,CN-00000085,株式会社トーケン,Activated,株式会社 トーケン,,product_missing
"{'type': 'ContractLineItem__c', 'url': '/services/data/v67.0/sobjects/ContractLineItem__c/a03RB00001Nswj2YAB'}",a03RB00001Nswj2YAB,株式会社トーケン_2027/02,001RB00001VTrHrYAL,a04RB00000kUAOxYAO,a0BRB00000ynb6s2AA,2027/02,2027/02,2027-02-01,2027-02-28,,,,,80000,False,False,10,2026-06-21T16:13:56.000+0000,2026-08-06T00:47:33.000+0000,CN-00000085,株式会社トーケン,Activated,株式会社 トーケン,,product_missing
"{'type': 'ContractLineItem__c', 'url': '/services/data/v67.0/sobjects/ContractLineItem__c/a03RB00001NswjCYAR'}",a03RB00001NswjCYAR,株式会社サンケイビル_2026/04,001RB00001VTrvXYAT,a04RB00000kUAP2YAO,a0BRB00000ynb6x2AA,2026/04,2026/04,2026-04-01,2026-04-30,,,,,70000,False,False,5,2026-06-21T16:13:56.000+0000,2026-08-06T00:47:33.000+0000,CN-00000090,株式会社サンケイビル,Activated,株式会社サンケイビル,,product_missing
"{'type': 'ContractLineItem__c', 'url': '/services/data/v67.0/sobjects/ContractLineItem__c/a03RB00001NswjDYAR'}",a03RB00001NswjDYAR,株式会社サンケイビル_2026/05,001RB00001VTrvXYAT,a04RB00000kUAP2YAO,a0BRB00000ynb6x2AA,2026/05,2026/05,2026-05-01,2026-05-31,,,,,70000,False,False,5,2026-06-21T16:13:56.000+0000,2026-08-06T00:47:33.000+0000,CN-00000090,株式会社サンケイビル,Activated,株式会社サンケイビル,,product_missing
"{'type': 'ContractLineItem__c', 'url': '/services/data/v67.0/sobjects/ContractLineItem__c/a03RB00001NswjEYAR'}",a03RB00001NswjEYAR,株式会社サンケイビル_2026/06,001RB00001VTrvXYAT,a04RB00000kUAP2YAO,a0BRB00000ynb6x2AA,2026/06,2026/06,2026-06-01,2026-06-30,,,,,70000,False,False,5,2026-06-21T16:13:56.000+0000,2026-08-06T00:47:33.000+0000,CN-00000090,株式会社サンケイビル,Activated,株式会社サンケイビル,,product_missing
"{'type': 'ContractLineItem__c', 'url': '/services/data/v67.0/sobjects/ContractLineItem__c/a03RB00001NswjFYAR'}",a03RB00001NswjFYAR,株式会社サンケイビル_2026/07,001RB00001VTrvXYAT,a04RB00000kUAP2YAO,a0BRB00000ynb6x2AA,2026/07,2026/07,2026-07-01,2026-07-31,,,,,70000,False,False,5,2026-06-21T16:13:56.000+0000,2026-08-06T00:47:33.000+0000,CN-00000090,株式会社サンケイビル,Activated,株式会社サンケイビル,,product_missing
"{'type': 'ContractLineItem__c', 'url': '/services/data/v67.0/sobjects/ContractLineItem__c/a03RB00001NswjGYAR'}",a03RB00001NswjGYAR,株式会社サンケイビル_2026/08,001RB00001VTrvXYAT,a04RB00000kUAP2YAO,a0BRB00000ynb6x2AA,2026/08,2026/08,2026-08-01,2026-08-31,,,,,70000,False,False,5,2026-06-21T16:13:56.000+0000,2026-08-06T00:47:33.000+0000,CN-00000090,株式会社サンケイビル,Activated,株式会社サンケイビル,,product_missing
"{'type': 'ContractLineItem__c', 'url': '/services/data/v67.0/sobjects/ContractLineItem__c/a03RB00001NswjHYAR'}",a03RB00001NswjHYAR,株式会社サンケイビル_2026/09,001RB00001VTrvXYAT,a04RB00000kUAP2YAO,a0BRB00000ynb6x2AA,2026/09,2026/09,2026-09-01,2026-09-30,,,,,70000,False,False,5,2026-06-21T16:13:56.000+0000,2026-08-06T00:47:33.000+0000,CN-00000090,株式会社サンケイビル,Activated,株式会社サンケイビル,,product_missing
"{'type': 'ContractLineItem__c', 'url': '/services/data/v67.0/sobjects/ContractLineItem__c/a03RB00001NswjIYAR'}",a03RB00001NswjIYAR,株式会社サンケイビル_2026/10,001RB00001VTrvXYAT,a04RB00000kUAP2YAO,a0BRB00000ynb6x2AA,2026/10,2026/10,2026-10-01,2026-10-31,,,,,70000,False,False,5,2026-06-21T16:13:56.000+0000,2026-08-06T00:47:33.000+0000,CN-00000090,株式会社サンケイビル,Activated,株式会社サンケイビル,,product_missing
"{'type': 'ContractLineItem__c', 'url': '/services/data/v67.0/sobjects/ContractLineItem__c/a03RB00001NswjJYAR'}",a03RB00001NswjJYAR,株式会社サンケイビル_2026/11,001RB00001VTrvXYAT,a04RB00000kUAP2YAO,a0BRB00000ynb6x2AA,2026/11,2026/11,2026-11-01,2026-11-30,,,,,70000,False,False,5,2026-06-21T16:13:56.000+0000,2026-08-06T00:47:33.000+0000,CN-00000090,株式会社サンケイビル,Activated,株式会社サンケイビル,,product_missing
"{'type': 'ContractLineItem__c', 'url': '/services/data/v67.0/sobjects/ContractLineItem__c/a03RB00001NswjKYAR'}",a03RB00001NswjKYAR,株式会社サンケイビル_2026/12,001RB00001VTrvXYAT,a04RB00000kUAP2YAO,a0BRB00000ynb6x2AA,2026/12,2026/12,2026-12-01,2026-12-31,,,,,70000,False,False,5,2026-06-21T16:13:56.000+0000,2026-08-06T00:47:33.000+0000,CN-00000090,株式会社サンケイビル,Activated,株式会社サンケイビル,,product_missing
"{'type': 'ContractLineItem__c', 'url': '/services/data/v67.0/sobjects/ContractLineItem__c/a03RB00001NswjLYAR'}",a03RB00001NswjLYAR,株式会社サンケイビル_2027/01,001RB00001VTrvXYAT,a04RB00000kUAP2YAO,a0BRB00000ynb6x2AA,2027/01,2027/01,2027-01-01,2027-01-31,,,,,70000,False,False,5,2026-06-21T16:13:56.000+0000,2026-08-06T00:47:33.000+0000,CN-00000090,株式会社サンケイビル,Activated,株式会社サンケイビル,,product_missing
"{'type': 'ContractLineItem__c', 'url': '/services/data/v67.0/sobjects/ContractLineItem__c/a03RB00001NswjMYAR'}",a03RB00001NswjMYAR,株式会社サンケイビル_2027/02,001RB00001VTrvXYAT,a04RB00000kUAP2YAO,a0BRB00000ynb6x2AA,2027/02,2027/02,2027-02-01,2027-02-28,,,,,70000,False,False,5,2026-06-21T16:13:56.000+0000,2026-08-06T00:47:33.000+0000,CN-00000090,株式会社サンケイビル,Activated,株式会社サンケイビル,,product_missing
"{'type': 'ContractLineItem__c', 'url': '/services/data/v67.0/sobjects/ContractLineItem__c/a03RB00001NswjNYAR'}",a03RB00001NswjNYAR,株式会社サンケイビル_2027/03,001RB00001VTrvXYAT,a04RB00000kUAP2YAO,a0BRB00000ynb6x2AA,2027/03,2027/03,2027-03-01,2027-03-31,,,,,70000,False,False,5,2026-06-21T16:13:56.000+0000,2026-08-06T00:47:33.000+0000,CN-00000090,株式会社サンケイビル,Activated,株式会社サンケイビル,,product_missing
"{'type': 'ContractLineItem__c', 'url': '/services/data/v67.0/sobjects/ContractLineItem__c/a03RB00001NswjZYAR'}",a03RB00001NswjZYAR,近鉄不動産_2026/04,001RB00001VTrvcYAD,a04RB00000kUAP8YAO,a0BRB00000ynb732AA,2026/04,2026/04,2026-04-01,2026-04-30,,,,,165000,False,False,11,2026-06-21T16:13:56.000+0000,2026-07-28T02:33:20.000+0000,CN-00000096,近鉄不動産,Activated,近鉄不動産株式会社,,product_missing
"{'type': 'ContractLineItem__c', 'url': '/services/data/v67.0/sobjects/ContractLineItem__c/a03RB00001NswjaYAB'}",a03RB00001NswjaYAB,近鉄不動産_2026/05,001RB00001VTrvcYAD,a04RB00000kUAP8YAO,a0BRB00000ynb732AA,2026/05,2026/05,2026-05-01,2026-05-31,,,,,165000,False,False,11,2026-06-21T16:13:56.000+0000,2026-07-28T02:33:20.000+0000,CN-00000096,近鉄不動産,Activated,近鉄不動産株式会社,,product_missing
"{'type': 'ContractLineItem__c', 'url': '/services/data/v67.0/sobjects/ContractLineItem__c/a03RB00001NswjbYAB'}",a03RB00001NswjbYAB,近鉄不動産_2026/06,001RB00001VTrvcYAD,a04RB00000kUAP8YAO,a0BRB00000ynb732AA,2026/06,2026/06,2026-06-01,2026-06-30,,,,,180000,False,False,12,2026-06-21T16:13:56.000+0000,2026-07-28T02:33:20.000+0000,CN-00000096,近鉄不動産,Activated,近鉄不動産株式会社,,product_missing
"{'type': 'ContractLineItem__c', 'url': '/services/data/v67.0/sobjects/ContractLineItem__c/a03RB00001NswjcYAB'}",a03RB00001NswjcYAB,近鉄不動産(セキュリティオプション月額）_2026/04,001RB00001VTrvcYAD,a04RB00000kUAP9YAO,a0BRB00000ynb742AA,2026/04,2026/04,2026-04-01,2026-04-30,,,,,100000,False,False,1,2026-06-21T16:13:56.000+0000,2026-07-28T02:33:20.000+0000,CN-00000097,近鉄不動産(セキュリティオプション月額）,Activated,近鉄不動産株式会社,,product_missing
"{'type': 'ContractLineItem__c', 'url': '/services/data/v67.0/sobjects/ContractLineItem__c/a03RB00001NswjdYAB'}",a03RB00001NswjdYAB,近鉄不動産(セキュリティオプション月額）_2026/05,001RB00001VTrvcYAD,a04RB00000kUAP9YAO,a0BRB00000ynb742AA,2026/05,2026/05,2026-05-01,2026-05-31,,,,,100000,False,False,1,2026-06-21T16:13:56.000+0000,2026-07-28T02:33:20.000+0000,CN-00000097,近鉄不動産(セキュリティオプション月額）,Activated,近鉄不動産株式会社,,product_missing
"{'type': 'ContractLineItem__c', 'url': '/services/data/v67.0/sobjects/ContractLineItem__c/a03RB00001NswjiYAB'}",a03RB00001NswjiYAB,株式会社フジタ BIM推進部_2026/04,001RB00001VTrwFYAT,a04RB00000kUAPCYA4,a0BRB00000ynn532AA,2026/04,2026/04,2026-04-01,2026-04-30,,,,,42000,False,False,3,2026-06-21T16:13:56.000+0000,2026-07-28T02:33:20.000+0000,CN-00000100,株式会社フジタ　BIM推進部,Activated,株式会社フジタ,,product_missing
"{'type': 'ContractLineItem__c', 'url': '/services/data/v67.0/sobjects/ContractLineItem__c/a03RB00001NswjjYAB'}",a03RB00001NswjjYAB,株式会社フジタ BIM推進部_2026/05,001RB00001VTrwFYAT,a04RB00000kUAPCYA4,a0BRB00000ynn532AA,2026/05,2026/05,2026-05-01,2026-05-31,,,,,42000,False,False,3,2026-06-21T16:13:56.000+0000,2026-07-28T02:33:20.000+0000,CN-00000100,株式会社フジタ　BIM推進部,Activated,株式会社フジタ,,product_missing
"{'type': 'ContractLineItem__c', 'url': '/services/data/v67.0/sobjects/ContractLineItem__c/a03RB00001NswjkYAB'}",a03RB00001NswjkYAB,株式会社フジタ BIM推進部_2026/06,001RB00001VTrwFYAT,a04RB00000kUAPCYA4,a0BRB00000ynn532AA,2026/06,2026/06,2026-06-01,2026-06-30,,,,,42000,False,False,3,2026-06-21T16:13:56.000+0000,2026-07-28T02:33:20.000+0000,CN-00000100,株式会社フジタ　BIM推進部,Activated,株式会社フジタ,,product_missing
"{'type': 'ContractLineItem__c', 'url': '/services/data/v67.0/sobjects/ContractLineItem__c/a03RB00001NswjlYAB'}",a03RB00001NswjlYAB,株式会社フジタ BIM推進部_2026/07,001RB00001VTrwFYAT,a04RB00000kUAPCYA4,a0BRB00000ynn532AA,2026/07,2026/07,2026-07-01,2026-07-31,,,,,42000,False,False,3,2026-06-21T16:13:56.000+0000,2026-07-28T02:33:20.000+0000,CN-00000100,株式会社フジタ　BIM推進部,Activated,株式会社フジタ,,product_missing
"{'type': 'ContractLineItem__c', 'url': '/services/data/v67.0/sobjects/ContractLineItem__c/a03RB00001NswjmYAB'}",a03RB00001NswjmYAB,株式会社フジタ BIM推進部_2026/08,001RB00001VTrwFYAT,a04RB00000kUAPCYA4,a0BRB00000ynn532AA,2026/08,2026/08,2026-08-01,2026-08-31,,,,,42000,False,False,3,2026-06-21T16:13:56.000+0000,2026-07-28T02:33:20.000+0000,CN-00000100,株式会社フジタ　BIM推進部,Activated,株式会社フジタ,,product_missing
"{'type': 'ContractLineItem__c', 'url': '/services/data/v67.0/sobjects/ContractLineItem__c/a03RB00001NswjnYAB'}",a03RB00001NswjnYAB,株式会社フジタ BIM推進部_2026/09,001RB00001VTrwFYAT,a04RB00000kUAPCYA4,a0BRB00000ynn532AA,2026/09,2026/09,2026-09-01,2026-09-30,,,,,42000,False,False,3,2026-06-21T16:13:56.000+0000,2026-07-28T02:33:20.000+0000,CN-00000100,株式会社フジタ　BIM推進部,Activated,株式会社フジタ,,product_missing
"{'type': 'ContractLineItem__c', 'url': '/services/data/v67.0/sobjects/ContractLineItem__c/a03RB00001NswjoYAB'}",a03RB00001NswjoYAB,株式会社フジタ BIM推進部_2026/10,001RB00001VTrwFYAT,a04RB00000kUAPCYA4,a0BRB00000ynn532AA,2026/10,2026/10,2026-10-01,2026-10-31,,,,,42000,False,False,3,2026-06-21T16:13:56.000+0000,2026-07-28T02:33:20.000+0000,CN-00000100,株式会社フジタ　BIM推進部,Activated,株式会社フジタ,,product_missing
"{'type': 'ContractLineItem__c', 'url': '/services/data/v67.0/sobjects/ContractLineItem__c/a03RB00001NswjpYAB'}",a03RB00001NswjpYAB,株式会社フジタ BIM推進部_2026/11,001RB00001VTrwFYAT,a04RB00000kUAPCYA4,a0BRB00000ynn532AA,2026/11,2026/11,2026-11-01,2026-11-30,,,,,42000,False,False,3,2026-06-21T16:13:56.000+0000,2026-07-28T02:33:20.000+0000,CN-00000100,株式会社フジタ　BIM推進部,Activated,株式会社フジタ,,product_missing
"{'type': 'ContractLineItem__c', 'url': '/services/data/v67.0/sobjects/ContractLineItem__c/a03RB00001NswjqYAB'}",a03RB00001NswjqYAB,株式会社フジタ BIM推進部_2026/12,001RB00001VTrwFYAT,a04RB00000kUAPCYA4,a0BRB00000ynn532AA,2026/12,2026/12,2026-12-01,2026-12-31,,,,,42000,False,False,3,2026-06-21T16:13:56.000+0000,2026-07-28T02:33:20.000+0000,CN-00000100,株式会社フジタ　BIM推進部,Activated,株式会社フジタ,,product_missing
"{'type': 'ContractLineItem__c', 'url': '/services/data/v67.0/sobjects/ContractLineItem__c/a03RB00001NswjrYAB'}",a03RB00001NswjrYAB,株式会社フジタ BIM推進部_2027/01,001RB00001VTrwFYAT,a04RB00000kUAPCYA4,a0BRB00000ynn532AA,2027/01,2027/01,2027-01-01,2027-01-31,,,,,42000,False,False,3,2026-06-21T16:13:56.000+0000,2026-07-28T02:33:20.000+0000,CN-00000100,株式会社フジタ　BIM推進部,Activated,株式会社フジタ,,product_missing
"{'type': 'ContractLineItem__c', 'url': '/services/data/v67.0/sobjects/ContractLineItem__c/a03RB00001NswjsYAB'}",a03RB00001NswjsYAB,株式会社フジタ BIM推進部_2027/02,001RB00001VTrwFYAT,a04RB00000kUAPCYA4,a0BRB00000ynn532AA,2027/02,2027/02,2027-02-01,2027-02-28,,,,,42000,False,False,3,2026-06-21T16:13:56.000+0000,2026-07-28T02:33:20.000+0000,CN-00000100,株式会社フジタ　BIM推進部,Activated,株式会社フジタ,,product_missing
"{'type': 'ContractLineItem__c', 'url': '/services/data/v67.0/sobjects/ContractLineItem__c/a03RB00001NswjtYAB'}",a03RB00001NswjtYAB,株式会社フジタ BIM推進部_2027/03,001RB00001VTrwFYAT,a04RB00000kUAPCYA4,a0BRB00000ynn532AA,2027/03,2027/03,2027-03-01,2027-03-31,,,,,42000,False,False,3,2026-06-21T16:13:56.000+0000,2026-07-28T02:33:20.000+0000,CN-00000100,株式会社フジタ　BIM推進部,Activated,株式会社フジタ,,product_missing
"{'type': 'ContractLineItem__c', 'url': '/services/data/v67.0/sobjects/ContractLineItem__c/a03RB00001NswjuYAB'}",a03RB00001NswjuYAB,株式会社フジタ 設計統括部_2026/04,001RB00001VTrwFYAT,a04RB00000kUAPDYA4,a0BRB00000ynn542AA,2026/04,2026/04,2026-04-01,2026-04-30,,,,,98000,False,False,7,2026-06-21T16:13:56.000+0000,2026-07-28T02:33:20.000+0000,CN-00000101,株式会社フジタ　設計統括部,Activated,株式会社フジタ,,product_missing
"{'type': 'ContractLineItem__c', 'url': '/services/data/v67.0/sobjects/ContractLineItem__c/a03RB00001NswjvYAB'}",a03RB00001NswjvYAB,株式会社フジタ 設計統括部_2026/05,001RB00001VTrwFYAT,a04RB00000kUAPDYA4,a0BRB00000ynn542AA,2026/05,2026/05,2026-05-01,2026-05-31,,,,,98000,False,False,7,2026-06-21T16:13:56.000+0000,2026-07-28T02:33:20.000+0000,CN-00000101,株式会社フジタ　設計統括部,Activated,株式会社フジタ,,product_missing
"{'type': 'ContractLineItem__c', 'url': '/services/data/v67.0/sobjects/ContractLineItem__c/a03RB00001NswjwYAB'}",a03RB00001NswjwYAB,株式会社フジタ 設計統括部_2026/06,001RB00001VTrwFYAT,a04RB00000kUAPDYA4,a0BRB00000ynn542AA,2026/06,2026/06,2026-06-01,2026-06-30,,,,,98000,False,False,7,2026-06-21T16:13:56.000+0000,2026-07-28T02:33:20.000+0000,CN-00000101,株式会社フジタ　設計統括部,Activated,株式会社フジタ,,product_missing
"{'type': 'ContractLineItem__c', 'url': '/services/data/v67.0/sobjects/ContractLineItem__c/a03RB00001NswjxYAB'}",a03RB00001NswjxYAB,株式会社フジタ 設計統括部_2026/07,001RB00001VTrwFYAT,a04RB00000kUAPDYA4,a0BRB00000ynn542AA,2026/07,2026/07,2026-07-01,2026-07-31,,,,,98000,False,False,7,2026-06-21T16:13:56.000+0000,2026-07-28T02:33:20.000+0000,CN-00000101,株式会社フジタ　設計統括部,Activated,株式会社フジタ,,product_missing
"{'type': 'ContractLineItem__c', 'url': '/services/data/v67.0/sobjects/ContractLineItem__c/a03RB00001NswjyYAB'}",a03RB00001NswjyYAB,株式会社フジタ 設計統括部_2026/08,001RB00001VTrwFYAT,a04RB00000kUAPDYA4,a0BRB00000ynn542AA,2026/08,2026/08,2026-08-01,2026-08-31,,,,,98000,False,False,7,2026-06-21T16:13:56.000+0000,2026-07-28T02:33:20.000+0000,CN-00000101,株式会社フジタ　設計統括部,Activated,株式会社フジタ,,product_missing
"{'type': 'ContractLineItem__c', 'url': '/services/data/v67.0/sobjects/ContractLineItem__c/a03RB00001NswjzYAB'}",a03RB00001NswjzYAB,株式会社フジタ 設計統括部_2026/09,001RB00001VTrwFYAT,a04RB00000kUAPDYA4,a0BRB00000ynn542AA,2026/09,2026/09,2026-09-01,2026-09-30,,,,,98000,False,False,7,2026-06-21T16:13:56.000+0000,2026-07-28T02:33:20.000+0000,CN-00000101,株式会社フジタ　設計統括部,Activated,株式会社フジタ,,product_missing
"{'type': 'ContractLineItem__c', 'url': '/services/data/v67.0/sobjects/ContractLineItem__c/a03RB00001Nswk0YAB'}",a03RB00001Nswk0YAB,株式会社フジタ 設計統括部_2026/10,001RB00001VTrwFYAT,a04RB00000kUAPDYA4,a0BRB00000ynn542AA,2026/10,2026/10,2026-10-01,2026-10-31,,,,,98000,False,False,7,2026-06-21T16:13:56.000+0000,2026-07-28T02:33:20.000+0000,CN-00000101,株式会社フジタ　設計統括部,Activated,株式会社フジタ,,product_missing
"{'type': 'ContractLineItem__c', 'url': '/services/data/v67.0/sobjects/ContractLineItem__c/a03RB00001Nswk1YAB'}",a03RB00001Nswk1YAB,株式会社フジタ 設計統括部_2026/11,001RB00001VTrwFYAT,a04RB00000kUAPDYA4,a0BRB00000ynn542AA,2026/11,2026/11,2026-11-01,2026-11-30,,,,,98000,False,False,7,2026-06-21T16:13:56.000+0000,2026-07-28T02:33:20.000+0000,CN-00000101,株式会社フジタ　設計統括部,Activated,株式会社フジタ,,product_missing
"{'type': 'ContractLineItem__c', 'url': '/services/data/v67.0/sobjects/ContractLineItem__c/a03RB00001Nswk2YAB'}",a03RB00001Nswk2YAB,株式会社フジタ 設計統括部_2026/12,001RB00001VTrwFYAT,a04RB00000kUAPDYA4,a0BRB00000ynn542AA,2026/12,2026/12,2026-12-01,2026-12-31,,,,,98000,False,False,7,2026-06-21T16:13:56.000+0000,2026-07-28T02:33:20.000+0000,CN-00000101,株式会社フジタ　設計統括部,Activated,株式会社フジタ,,product_missing
"{'type': 'ContractLineItem__c', 'url': '/services/data/v67.0/sobjects/ContractLineItem__c/a03RB00001Nswk3YAB'}",a03RB00001Nswk3YAB,株式会社フジタ 設計統括部_2027/01,001RB00001VTrwFYAT,a04RB00000kUAPDYA4,a0BRB00000ynn542AA,2027/01,2027/01,2027-01-01,2027-01-31,,,,,98000,False,False,7,2026-06-21T16:13:56.000+0000,2026-07-28T02:33:20.000+0000,CN-00000101,株式会社フジタ　設計統括部,Activated,株式会社フジタ,,product_missing
"{'type': 'ContractLineItem__c', 'url': '/services/data/v67.0/sobjects/ContractLineItem__c/a03RB00001Nswk4YAB'}",a03RB00001Nswk4YAB,株式会社フジタ 設計統括部_2027/02,001RB00001VTrwFYAT,a04RB00000kUAPDYA4,a0BRB00000ynn542AA,2027/02,2027/02,2027-02-01,2027-02-28,,,,,98000,False,False,7,2026-06-21T16:13:56.000+0000,2026-07-28T02:33:20.000+0000,CN-00000101,株式会社フジタ　設計統括部,Activated,株式会社フジタ,,product_missing
"{'type': 'ContractLineItem__c', 'url': '/services/data/v67.0/sobjects/ContractLineItem__c/a03RB00001Nswk5YAB'}",a03RB00001Nswk5YAB,株式会社フジタ 設計統括部_2027/03,001RB00001VTrwFYAT,a04RB00000kUAPDYA4,a0BRB00000ynn542AA,2027/03,2027/03,2027-03-01,2027-03-31,,,,,98000,False,False,7,2026-06-21T16:13:56.000+0000,2026-07-28T02:33:20.000+0000,CN-00000101,株式会社フジタ　設計統括部,Activated,株式会社フジタ,,product_missing
"{'type': 'ContractLineItem__c', 'url': '/services/data/v67.0/sobjects/ContractLineItem__c/a03RB00001Nswk9YAB'}",a03RB00001Nswk9YAB,若築建設株式会社_2026/05,001RB00001VTrmvYAD,a04RB00000kUAPGYA4,a0BRB00000ynn572AA,2026/05,2026/05,2026-05-01,2026-05-31,,,a00RB00002B5oLGYAZ,,8000,False,False,1,2026-06-21T16:13:56.000+0000,2026-07-28T02:33:20.000+0000,CN-00000104,若築建設株式会社,Activated,若築建設株式会社,,product_missing
"{'type': 'ContractLineItem__c', 'url': '/services/data/v67.0/sobjects/ContractLineItem__c/a03RB00001NswkAYAR'}",a03RB00001NswkAYAR,若築建設株式会社_2026/06,001RB00001VTrmvYAD,a04RB00000kUAPGYA4,a0BRB00000ynn572AA,2026/06,2026/06,2026-06-01,2026-06-30,,,a00RB00002B5oLGYAZ,,8000,False,False,1,2026-06-21T16:13:56.000+0000,2026-07-28T02:33:20.000+0000,CN-00000104,若築建設株式会社,Activated,若築建設株式会社,,product_missing
"{'type': 'ContractLineItem__c', 'url': '/services/data/v67.0/sobjects/ContractLineItem__c/a03RB00001NswkBYAR'}",a03RB00001NswkBYAR,若築建設株式会社_2026/07,001RB00001VTrmvYAD,a04RB00000kUAPGYA4,a0BRB00000ynn572AA,2026/07,2026/07,2026-07-01,2026-07-31,,,a00RB00002B5oLGYAZ,,8000,False,False,1,2026-06-21T16:13:56.000+0000,2026-07-28T02:33:20.000+0000,CN-00000104,若築建設株式会社,Activated,若築建設株式会社,,product_missing
"{'type': 'ContractLineItem__c', 'url': '/services/data/v67.0/sobjects/ContractLineItem__c/a03RB00001NswkCYAR'}",a03RB00001NswkCYAR,若築建設株式会社_2026/08,001RB00001VTrmvYAD,a04RB00000kUAPGYA4,a0BRB00000ynn572AA,2026/08,2026/08,2026-08-01,2026-08-31,,,a00RB00002B5oLGYAZ,,8000,False,False,1,2026-06-21T16:13:56.000+0000,2026-07-28T02:33:20.000+0000,CN-00000104,若築建設株式会社,Activated,若築建設株式会社,,product_missing
"{'type': 'ContractLineItem__c', 'url': '/services/data/v67.0/sobjects/ContractLineItem__c/a03RB00001NswkDYAR'}",a03RB00001NswkDYAR,若築建設株式会社_2026/09,001RB00001VTrmvYAD,a04RB00000kUAPGYA4,a0BRB00000ynn572AA,2026/09,2026/09,2026-09-01,2026-09-30,,,a00RB00002B5oLGYAZ,,8000,False,False,1,2026-06-21T16:13:56.000+0000,2026-07-28T02:33:20.000+0000,CN-00000104,若築建設株式会社,Activated,若築建設株式会社,,product_missing
"{'type': 'ContractLineItem__c', 'url': '/services/data/v67.0/sobjects/ContractLineItem__c/a03RB00001NswkEYAR'}",a03RB00001NswkEYAR,若築建設株式会社_2026/10,001RB00001VTrmvYAD,a04RB00000kUAPGYA4,a0BRB00000ynn572AA,2026/10,2026/10,2026-10-01,2026-10-31,,,a00RB00002B5oLGYAZ,,8000,False,False,1,2026-06-21T16:13:56.000+0000,2026-07-28T02:33:20.000+0000,CN-00000104,若築建設株式会社,Activated,若築建設株式会社,,product_missing
"{'type': 'ContractLineItem__c', 'url': '/services/data/v67.0/sobjects/ContractLineItem__c/a03RB00001NswkFYAR'}",a03RB00001NswkFYAR,若築建設株式会社_2026/11,001RB00001VTrmvYAD,a04RB00000kUAPGYA4,a0BRB00000ynn572AA,2026/11,2026/11,2026-11-01,2026-11-30,,,a00RB00002B5oLGYAZ,,8000,False,False,1,2026-06-21T16:13:56.000+0000,2026-07-28T02:33:20.000+0000,CN-00000104,若築建設株式会社,Activated,若築建設株式会社,,product_missing
"{'type': 'ContractLineItem__c', 'url': '/services/data/v67.0/sobjects/ContractLineItem__c/a03RB00001NswkGYAR'}",a03RB00001NswkGYAR,若築建設株式会社_2026/12,001RB00001VTrmvYAD,a04RB00000kUAPGYA4,a0BRB00000ynn572AA,2026/12,2026/12,2026-12-01,2026-12-31,,,a00RB00002B5oLGYAZ,,8000,False,False,1,2026-06-21T16:13:56.000+0000,2026-07-28T02:33:20.000+0000,CN-00000104,若築建設株式会社,Activated,若築建設株式会社,,product_missing
"{'type': 'ContractLineItem__c', 'url': '/services/data/v67.0/sobjects/ContractLineItem__c/a03RB00001NswkHYAR'}",a03RB00001NswkHYAR,若築建設株式会社_2027/01,001RB00001VTrmvYAD,a04RB00000kUAPGYA4,a0BRB00000ynn572AA,2027/01,2027/01,2027-01-01,2027-01-31,,,a00RB00002B5oLGYAZ,,8000,False,False,1,2026-06-21T16:13:56.000+0000,2026-07-28T02:33:20.000+0000,CN-00000104,若築建設株式会社,Activated,若築建設株式会社,,product_missing
"{'type': 'ContractLineItem__c', 'url': '/services/data/v67.0/sobjects/ContractLineItem__c/a03RB00001NswkIYAR'}",a03RB00001NswkIYAR,若築建設株式会社_2027/02,001RB00001VTrmvYAD,a04RB00000kUAPGYA4,a0BRB00000ynn572AA,2027/02,2027/02,2027-02-01,2027-02-28,,,a00RB00002B5oLGYAZ,,8000,False,False,1,2026-06-21T16:13:56.000+0000,2026-07-28T02:33:20.000+0000,CN-00000104,若築建設株式会社,Activated,若築建設株式会社,,product_missing
"{'type': 'ContractLineItem__c', 'url': '/services/data/v67.0/sobjects/ContractLineItem__c/a03RB00001NswkJYAR'}",a03RB00001NswkJYAR,若築建設株式会社_2027/03,001RB00001VTrmvYAD,a04RB00000kUAPGYA4,a0BRB00000ynn572AA,2027/03,2027/03,2027-03-01,2027-03-31,,,a00RB00002B5oLGYAZ,,8000,False,False,1,2026-06-21T16:13:56.000+0000,2026-07-28T02:33:20.000+0000,CN-00000104,若築建設株式会社,Activated,若築建設株式会社,,product_missing
"{'type': 'ContractLineItem__c', 'url': '/services/data/v67.0/sobjects/ContractLineItem__c/a03RB00001NswkKYAR'}",a03RB00001NswkKYAR,若築建設株式会社_2027/04,001RB00001VTrmvYAD,a04RB00000kUAPGYA4,a0BRB00000ynn572AA,2027/04,2027/04,2027-04-01,2027-04-30,,,a00RB00002B5oLGYAZ,,8000,False,False,1,2026-06-21T16:13:56.000+0000,2026-07-28T02:33:20.000+0000,CN-00000104,若築建設株式会社,Activated,若築建設株式会社,,product_missing
"{'type': 'ContractLineItem__c', 'url': '/services/data/v67.0/sobjects/ContractLineItem__c/a03RB00001NswkPYAR'}",a03RB00001NswkPYAR,梅林建設株式会社_2026/07,001RB00001VTrkSYAT,a04RB00000kUAPJYA4,a0BRB00000ynn5A2AQ,2026/07,2026/07,2026-07-01,2026-07-31,,,a00RB00002B5oL3YAJ,,70000,False,False,5,2026-06-21T16:13:56.000+0000,2026-07-28T02:33:21.000+0000,CN-00000107,梅林建設株式会社,Activated,梅林建設株式会社,,product_missing
"{'type': 'ContractLineItem__c', 'url': '/services/data/v67.0/sobjects/ContractLineItem__c/a03RB00001NswkQYAR'}",a03RB00001NswkQYAR,梅林建設株式会社_2026/08,001RB00001VTrkSYAT,a04RB00000kUAPJYA4,a0BRB00000ynn5A2AQ,2026/08,2026/08,2026-08-01,2026-08-31,,,a00RB00002B5oL3YAJ,,70000,False,False,5,2026-06-21T16:13:56.000+0000,2026-07-28T02:33:21.000+0000,CN-00000107,梅林建設株式会社,Activated,梅林建設株式会社,,product_missing
"{'type': 'ContractLineItem__c', 'url': '/services/data/v67.0/sobjects/ContractLineItem__c/a03RB00001NswkRYAR'}",a03RB00001NswkRYAR,梅林建設株式会社_2026/09,001RB00001VTrkSYAT,a04RB00000kUAPJYA4,a0BRB00000ynn5A2AQ,2026/09,2026/09,2026-09-01,2026-09-30,,,a00RB00002B5oL3YAJ,,70000,False,False,5,2026-06-21T16:13:56.000+0000,2026-07-28T02:33:21.000+0000,CN-00000107,梅林建設株式会社,Activated,梅林建設株式会社,,product_missing
"{'type': 'ContractLineItem__c', 'url': '/services/data/v67.0/sobjects/ContractLineItem__c/a03RB00001NswkSYAR'}",a03RB00001NswkSYAR,梅林建設株式会社_2026/10,001RB00001VTrkSYAT,a04RB00000kUAPJYA4,a0BRB00000ynn5A2AQ,2026/10,2026/10,2026-10-01,2026-10-31,,,a00RB00002B5oL3YAJ,,70000,False,False,5,2026-06-21T16:13:56.000+0000,2026-07-28T02:33:21.000+0000,CN-00000107,梅林建設株式会社,Activated,梅林建設株式会社,,product_missing
"{'type': 'ContractLineItem__c', 'url': '/services/data/v67.0/sobjects/ContractLineItem__c/a03RB00001NswkTYAR'}",a03RB00001NswkTYAR,梅林建設株式会社_2026/11,001RB00001VTrkSYAT,a04RB00000kUAPJYA4,a0BRB00000ynn5A2AQ,2026/11,2026/11,2026-11-01,2026-11-30,,,a00RB00002B5oL3YAJ,,70000,False,False,5,2026-06-21T16:13:56.000+0000,2026-07-28T02:33:21.000+0000,CN-00000107,梅林建設株式会社,Activated,梅林建設株式会社,,product_missing
"{'type': 'ContractLineItem__c', 'url': '/services/data/v67.0/sobjects/ContractLineItem__c/a03RB00001NswkUYAR'}",a03RB00001NswkUYAR,梅林建設株式会社_2026/12,001RB00001VTrkSYAT,a04RB00000kUAPJYA4,a0BRB00000ynn5A2AQ,2026/12,2026/12,2026-12-01,2026-12-31,,,a00RB00002B5oL3YAJ,,70000,False,False,5,2026-06-21T16:13:56.000+0000,2026-07-28T02:33:21.000+0000,CN-00000107,梅林建設株式会社,Activated,梅林建設株式会社,,product_missing
"{'type': 'ContractLineItem__c', 'url': '/services/data/v67.0/sobjects/ContractLineItem__c/a03RB00001NswkVYAR'}",a03RB00001NswkVYAR,梅林建設株式会社_2027/01,001RB00001VTrkSYAT,a04RB00000kUAPJYA4,a0BRB00000ynn5A2AQ,2027/01,2027/01,2027-01-01,2027-01-31,,,a00RB00002B5oL3YAJ,,70000,False,False,5,2026-06-21T16:13:56.000+0000,2026-07-28T02:33:21.000+0000,CN-00000107,梅林建設株式会社,Activated,梅林建設株式会社,,product_missing
"{'type': 'ContractLineItem__c', 'url': '/services/data/v67.0/sobjects/ContractLineItem__c/a03RB00001NswkWYAR'}",a03RB00001NswkWYAR,梅林建設株式会社_2027/02,001RB00001VTrkSYAT,a04RB00000kUAPJYA4,a0BRB00000ynn5A2AQ,2027/02,2027/02,2027-02-01,2027-02-28,,,a00RB00002B5oL3YAJ,,70000,False,False,5,2026-06-21T16:13:56.000+0000,2026-07-28T02:33:21.000+0000,CN-00000107,梅林建設株式会社,Activated,梅林建設株式会社,,product_missing
"{'type': 'ContractLineItem__c', 'url': '/services/data/v67.0/sobjects/ContractLineItem__c/a03RB00001NswkXYAR'}",a03RB00001NswkXYAR,梅林建設株式会社_2027/03,001RB00001VTrkSYAT,a04RB00000kUAPJYA4,a0BRB00000ynn5A2AQ,2027/03,2027/03,2027-03-01,2027-03-31,,,a00RB00002B5oL3YAJ,,70000,False,False,5,2026-06-21T16:13:56.000+0000,2026-07-28T02:33:21.000+0000,CN-00000107,梅林建設株式会社,Activated,梅林建設株式会社,,product_missing
"{'type': 'ContractLineItem__c', 'url': '/services/data/v67.0/sobjects/ContractLineItem__c/a03RB00001NswkYYAR'}",a03RB00001NswkYYAR,梅林建設株式会社_2027/04,001RB00001VTrkSYAT,a04RB00000kUAPJYA4,a0BRB00000ynn5A2AQ,2027/04,2027/04,2027-04-01,2027-04-30,,,a00RB00002B5oL3YAJ,,70000,False,False,5,2026-06-21T16:13:56.000+0000,2026-07-28T02:33:21.000+0000,CN-00000107,梅林建設株式会社,Activated,梅林建設株式会社,,product_missing
"{'type': 'ContractLineItem__c', 'url': '/services/data/v67.0/sobjects/ContractLineItem__c/a03RB00001NswkZYAR'}",a03RB00001NswkZYAR,梅林建設株式会社_2027/05,001RB00001VTrkSYAT,a04RB00000kUAPJYA4,a0BRB00000ynn5A2AQ,2027/05,2027/05,2027-05-01,2027-05-31,,,a00RB00002B5oL3YAJ,,70000,False,False,5,2026-06-21T16:13:56.000+0000,2026-07-28T02:33:21.000+0000,CN-00000107,梅林建設株式会社,Activated,梅林建設株式会社,,product_missing
"{'type': 'ContractLineItem__c', 'url': '/services/data/v67.0/sobjects/ContractLineItem__c/a03RB00001NswkaYAB'}",a03RB00001NswkaYAB,株式会社デザインアーク 東京本店 東京スペースソリューション第１営業所_2026/06,001RB00001VTruAYAT,a04RB00000kUAPKYA4,a0BRB00000ynn5B2AQ,2026/06,2026/06,2026-06-01,2026-06-30,,,,,30000,False,False,2,2026-06-21T16:13:56.000+0000,2026-07-28T02:33:21.000+0000,CN-00000108,株式会社デザインアーク　東京本店　東京スペースソリューション第１営業所,Activated,株式会社デザインアーク,,product_missing
"{'type': 'ContractLineItem__c', 'url': '/services/data/v67.0/sobjects/ContractLineItem__c/a03RB00001NswkbYAB'}",a03RB00001NswkbYAB,NTTファシリティーズ株式会社_2026/06,001RB00001VTrnrYAD,a04RB00000kUAPLYA4,a0BRB00000ynn5C2AQ,2026/06,2026/06,2026-06-01,2026-06-30,,,,,1500000,False,False,10,2026-06-21T16:13:56.000+0000,2026-07-28T02:33:21.000+0000,CN-00000109,NTTファシリティーズ株式会社,Activated,NTTファシリティーズ,,product_missing
"{'type': 'ContractLineItem__c', 'url': '/services/data/v67.0/sobjects/ContractLineItem__c/a03RB00001NswkcYAB'}",a03RB00001NswkcYAB,合同会社小島屋_2026/06,001RB00001VTruZYAT,a04RB00000kUAPMYA4,a0BRB00000ynn5D2AQ,2026/06,2026/06,2026-06-01,2026-06-30,,,,,8000,False,False,1,2026-06-21T16:13:56.000+0000,2026-07-28T02:33:21.000+0000,CN-00000110,合同会社小島屋,Activated,小島屋,,product_missing
"{'type': 'ContractLineItem__c', 'url': '/services/data/v67.0/sobjects/ContractLineItem__c/a03RB00001NswkfYAB'}",a03RB00001NswkfYAB,株式会社リアルエステートブラザーズ_2024/08,001RB00001VTqVaYAL,a04RB00000kUAPPYA4,a0BRB00000ynn5G2AQ,2024/08,2024/08,2024-08-01,2024-08-31,,,,,11000,False,False,1,2026-06-21T16:13:56.000+0000,2026-07-28T02:33:21.000+0000,CN-00000113,株式会社リアルエステートブラザーズ,解約,株式会社リアルエステートブラザーズ,,product_missing
"{'type': 'ContractLineItem__c', 'url': '/services/data/v67.0/sobjects/ContractLineItem__c/a03RB00001NswkgYAB'}",a03RB00001NswkgYAB,株式会社リアルエステートブラザーズ_2024/09,001RB00001VTqVaYAL,a04RB00000kUAPPYA4,a0BRB00000ynn5G2AQ,2024/09,2024/09,2024-09-01,2024-09-30,,,,,11000,False,False,1,2026-06-21T16:13:56.000+0000,2026-07-28T02:33:21.000+0000,CN-00000113,株式会社リアルエステートブラザーズ,解約,株式会社リアルエステートブラザーズ,,product_missing
"{'type': 'ContractLineItem__c', 'url': '/services/data/v67.0/sobjects/ContractLineItem__c/a03RB00001NswkhYAB'}",a03RB00001NswkhYAB,株式会社四ツ橋_2024/08,001RB00001VTtISYA1,a04RB00000kUAPQYA4,a0BRB00000ynn5H2AQ,2024/08,2024/08,2024-08-01,2024-08-31,,,,,10000,False,False,1,2026-06-21T16:13:56.000+0000,2026-07-28T02:33:21.000+0000,CN-00000114,株式会社四ツ橋,解約,株式会社四ツ橋,,product_missing
"{'type': 'ContractLineItem__c', 'url': '/services/data/v67.0/sobjects/ContractLineItem__c/a03RB00001NswkiYAB'}",a03RB00001NswkiYAB,株式会社四ツ橋_2024/09,001RB00001VTtISYA1,a04RB00000kUAPQYA4,a0BRB00000ynn5H2AQ,2024/09,2024/09,2024-09-01,2024-09-30,,,,,10000,False,False,1,2026-06-21T16:13:56.000+0000,2026-07-28T02:33:21.000+0000,CN-00000114,株式会社四ツ橋,解約,株式会社四ツ橋,,product_missing
"{'type': 'ContractLineItem__c', 'url': '/services/data/v67.0/sobjects/ContractLineItem__c/a03RB00001NswkjYAB'}",a03RB00001NswkjYAB,株式会社四ツ橋_2024/10,001RB00001VTtISYA1,a04RB00000kUAPQYA4,a0BRB00000ynn5H2AQ,2024/10,2024/10,2024-10-01,2024-10-31,,,,,10000,False,False,1,2026-06-21T16:13:56.000+0000,2026-07-28T02:33:21.000+0000,CN-00000114,株式会社四ツ橋,解約,株式会社四ツ橋,,product_missing
"{'type': 'ContractLineItem__c', 'url': '/services/data/v67.0/sobjects/ContractLineItem__c/a03RB00001NswkkYAB'}",a03RB00001NswkkYAB,ムゲンエステート_2024/10,001RB00001VTqlOYAT,a04RB00000kUANmYAO,a0BRB00000ynn5I2AQ,2024/10,2024/10,2024-10-01,2024-10-31,,,,,11000,False,False,1,2026-06-21T16:13:56.000+0000,2026-07-28T02:33:21.000+0000,CN-00000012,ムゲンエステート,Activated,株式会社ムゲンエステート,,product_missing
"{'type': 'ContractLineItem__c', 'url': '/services/data/v67.0/sobjects/ContractLineItem__c/a03RB00001NswklYAB'}",a03RB00001NswklYAB,ムゲンエステート_2024/11,001RB00001VTqlOYAT,a04RB00000kUANmYAO,a0BRB00000ynn5I2AQ,2024/11,2024/11,2024-11-01,2024-11-30,,,,,11000,False,False,1,2026-06-21T16:13:56.000+0000,2026-07-28T02:33:21.000+0000,CN-00000012,ムゲンエステート,Activated,株式会社ムゲンエステート,,product_missing
"{'type': 'ContractLineItem__c', 'url': '/services/data/v67.0/sobjects/ContractLineItem__c/a03RB00001NswkmYAB'}",a03RB00001NswkmYAB,ムゲンエステート_2024/12,001RB00001VTqlOYAT,a04RB00000kUANmYAO,a0BRB00000ynn5I2AQ,2024/12,2024/12,2024-12-01,2024-12-31,,,,,11000,False,False,1,2026-06-21T16:13:56.000+0000,2026-07-28T02:33:21.000+0000,CN-00000012,ムゲンエステート,Activated,株式会社ムゲンエステート,,product_missing
"{'type': 'ContractLineItem__c', 'url': '/services/data/v67.0/sobjects/ContractLineItem__c/a03RB00001NswknYAB'}",a03RB00001NswknYAB,ムゲンエステート_2025/01,001RB00001VTqlOYAT,a04RB00000kUANmYAO,a0BRB00000ynn5I2AQ,2025/01,2025/01,2025-01-01,2025-01-31,,,,,11000,False,False,1,2026-06-21T16:13:56.000+0000,2026-07-28T02:33:21.000+0000,CN-00000012,ムゲンエステート,Activated,株式会社ムゲンエステート,,product_missing
"{'type': 'ContractLineItem__c', 'url': '/services/data/v67.0/sobjects/ContractLineItem__c/a03RB00001NswkoYAB'}",a03RB00001NswkoYAB,ムゲンエステート_2025/02,001RB00001VTqlOYAT,a04RB00000kUANmYAO,a0BRB00000ynn5I2AQ,2025/02,2025/02,2025-02-01,2025-02-28,,,,,11000,False,False,1,2026-06-21T16:13:56.000+0000,2026-07-28T02:33:21.000+0000,CN-00000012,ムゲンエステート,Activated,株式会社ムゲンエステート,,product_missing
"{'type': 'ContractLineItem__c', 'url': '/services/data/v67.0/sobjects/ContractLineItem__c/a03RB00001NswkpYAB'}",a03RB00001NswkpYAB,ムゲンエステート_2025/03,001RB00001VTqlOYAT,a04RB00000kUANmYAO,a0BRB00000ynn5I2AQ,2025/03,2025/03,2025-03-01,2025-03-31,,,,,11000,False,False,1,2026-06-21T16:13:56.000+0000,2026-07-28T02:33:21.000+0000,CN-00000012,ムゲンエステート,Activated,株式会社ムゲンエステート,,product_missing
"{'type': 'ContractLineItem__c', 'url': '/services/data/v67.0/sobjects/ContractLineItem__c/a03RB00001NswkqYAB'}",a03RB00001NswkqYAB,ムゲンエステート_2025/04,001RB00001VTqlOYAT,a04RB00000kUANmYAO,a0BRB00000ynn5I2AQ,2025/04,2025/04,2025-04-01,2025-04-30,,,,,11000,False,False,1,2026-06-21T16:13:56.000+0000,2026-07-28T02:33:21.000+0000,CN-00000012,ムゲンエステート,Activated,株式会社ムゲンエステート,,product_missing
"{'type': 'ContractLineItem__c', 'url': '/services/data/v67.0/sobjects/ContractLineItem__c/a03RB00001NswkrYAB'}",a03RB00001NswkrYAB,ムゲンエステート_2025/05,001RB00001VTqlOYAT,a04RB00000kUANmYAO,a0BRB00000ynn5I2AQ,2025/05,2025/05,2025-05-01,2025-05-31,,,,,11000,False,False,1,2026-06-21T16:13:56.000+0000,2026-07-28T02:33:21.000+0000,CN-00000012,ムゲンエステート,Activated,株式会社ムゲンエステート,,product_missing
"{'type': 'ContractLineItem__c', 'url': '/services/data/v67.0/sobjects/ContractLineItem__c/a03RB00001NswksYAB'}",a03RB00001NswksYAB,ムゲンエステート_2025/06,001RB00001VTqlOYAT,a04RB00000kUANmYAO,a0BRB00000ynn5I2AQ,2025/06,2025/06,2025-06-01,2025-06-30,,,,,11000,False,False,1,2026-06-21T16:13:56.000+0000,2026-07-28T02:33:21.000+0000,CN-00000012,ムゲンエステート,Activated,株式会社ムゲンエステート,,product_missing
"{'type': 'ContractLineItem__c', 'url': '/services/data/v67.0/sobjects/ContractLineItem__c/a03RB00001NswktYAB'}",a03RB00001NswktYAB,ムゲンエステート_2025/07,001RB00001VTqlOYAT,a04RB00000kUANmYAO,a0BRB00000ynn5I2AQ,2025/07,2025/07,2025-07-01,2025-07-31,,,,,11000,False,False,1,2026-06-21T16:13:56.000+0000,2026-07-28T02:33:21.000+0000,CN-00000012,ムゲンエステート,Activated,株式会社ムゲンエステート,,product_missing
"{'type': 'ContractLineItem__c', 'url': '/services/data/v67.0/sobjects/ContractLineItem__c/a03RB00001NswkuYAB'}",a03RB00001NswkuYAB,ムゲンエステート_2025/08,001RB00001VTqlOYAT,a04RB00000kUANmYAO,a0BRB00000ynn5I2AQ,2025/08,2025/08,2025-08-01,2025-08-31,,,,,11000,False,False,1,2026-06-21T16:13:56.000+0000,2026-07-28T02:33:21.000+0000,CN-00000012,ムゲンエステート,Activated,株式会社ムゲンエステート,,product_missing
"{'type': 'ContractLineItem__c', 'url': '/services/data/v67.0/sobjects/ContractLineItem__c/a03RB00001NswkvYAB'}",a03RB00001NswkvYAB,ムゲンエステート_2025/09,001RB00001VTqlOYAT,a04RB00000kUANmYAO,a0BRB00000ynn5I2AQ,2025/09,2025/09,2025-09-01,2025-09-30,,,,,11000,False,False,1,2026-06-21T16:13:56.000+0000,2026-07-28T02:33:21.000+0000,CN-00000012,ムゲンエステート,Activated,株式会社ムゲンエステート,,product_missing
"{'type': 'ContractLineItem__c', 'url': '/services/data/v67.0/sobjects/ContractLineItem__c/a03RB00001NswkwYAB'}",a03RB00001NswkwYAB,ムゲンエステート_2025/10,001RB00001VTqlOYAT,a04RB00000kUANmYAO,a0BRB00000ynn5I2AQ,2025/10,2025/10,2025-10-01,2025-10-31,,,,,11000,False,False,1,2026-06-21T16:13:56.000+0000,2026-07-28T02:33:21.000+0000,CN-00000012,ムゲンエステート,Activated,株式会社ムゲンエステート,,product_missing
"{'type': 'ContractLineItem__c', 'url': '/services/data/v67.0/sobjects/ContractLineItem__c/a03RB00001NswkxYAB'}",a03RB00001NswkxYAB,ムゲンエステート_2025/11,001RB00001VTqlOYAT,a04RB00000kUANmYAO,a0BRB00000ynn5I2AQ,2025/11,2025/11,2025-11-01,2025-11-30,,,,,11000,False,False,1,2026-06-21T16:13:56.000+0000,2026-07-28T02:33:21.000+0000,CN-00000012,ムゲンエステート,Activated,株式会社ムゲンエステート,,product_missing
"{'type': 'ContractLineItem__c', 'url': '/services/data/v67.0/sobjects/ContractLineItem__c/a03RB00001NswkyYAB'}",a03RB00001NswkyYAB,ムゲンエステート_2025/12,001RB00001VTqlOYAT,a04RB00000kUANmYAO,a0BRB00000ynn5I2AQ,2025/12,2025/12,2025-12-01,2025-12-31,,,,,11000,False,False,1,2026-06-21T16:13:56.000+0000,2026-07-28T02:33:21.000+0000,CN-00000012,ムゲンエステート,Activated,株式会社ムゲンエステート,,product_missing
"{'type': 'ContractLineItem__c', 'url': '/services/data/v67.0/sobjects/ContractLineItem__c/a03RB00001NswkzYAB'}",a03RB00001NswkzYAB,ムゲンエステート_2026/01,001RB00001VTqlOYAT,a04RB00000kUANmYAO,a0BRB00000ynn5I2AQ,2026/01,2026/01,2026-01-01,2026-01-31,,,,,11000,False,False,1,2026-06-21T16:13:56.000+0000,2026-07-28T02:33:21.000+0000,CN-00000012,ムゲンエステート,Activated,株式会社ムゲンエステート,,product_missing
"{'type': 'ContractLineItem__c', 'url': '/services/data/v67.0/sobjects/ContractLineItem__c/a03RB00001Nswl0YAB'}",a03RB00001Nswl0YAB,ムゲンエステート_2026/02,001RB00001VTqlOYAT,a04RB00000kUANmYAO,a0BRB00000ynn5I2AQ,2026/02,2026/02,2026-02-01,2026-02-28,,,,,11000,False,False,1,2026-06-21T16:13:56.000+0000,2026-07-28T02:33:21.000+0000,CN-00000012,ムゲンエステート,Activated,株式会社ムゲンエステート,,product_missing
"{'type': 'ContractLineItem__c', 'url': '/services/data/v67.0/sobjects/ContractLineItem__c/a03RB00001Nswl1YAB'}",a03RB00001Nswl1YAB,三井不動産レジデンシャルリース_2024/10,001RB00001VTqbXYAT,a04RB00000kUAPSYA4,a0BRB00000ynn5J2AQ,2024/10,2024/10,2024-10-01,2024-10-31,,,,,11000,False,False,1,2026-06-21T16:13:56.000+0000,2026-07-28T02:33:21.000+0000,CN-00000116,三井不動産レジデンシャルリース,解約,三井不動産レジデンシャルリース株式会社,,product_missing
"{'type': 'ContractLineItem__c', 'url': '/services/data/v67.0/sobjects/ContractLineItem__c/a03RB00001Nswl2YAB'}",a03RB00001Nswl2YAB,三井不動産レジデンシャルリース_2025/05,001RB00001VTqbXYAT,a04RB00000kUAPSYA4,a0BRB00000ynn5J2AQ,2025/05,2025/05,2025-05-01,2025-05-31,,,,,11000,False,False,1,2026-06-21T16:13:56.000+0000,2026-07-28T02:33:21.000+0000,CN-00000116,三井不動産レジデンシャルリース,解約,三井不動産レジデンシャルリース株式会社,,product_missing
"{'type': 'ContractLineItem__c', 'url': '/services/data/v67.0/sobjects/ContractLineItem__c/a03RB00001Nswl3YAB'}",a03RB00001Nswl3YAB,studio55_2024/09,001RB00001VTrOjYAL,a04RB00000kUANnYAO,a0BRB00000ynb5i2AA,2024/09,2024/09,2024-09-01,2024-09-30,,,,,,False,False,1,2026-06-21T16:13:56.000+0000,2026-07-28T02:33:21.000+0000,CN-00000013,studio55,Activated,株式会社 STUDIO55,,product_missing
"{'type': 'ContractLineItem__c', 'url': '/services/data/v67.0/sobjects/ContractLineItem__c/a03RB00001Nswl4YAB'}",a03RB00001Nswl4YAB,studio55_2024/10,001RB00001VTrOjYAL,a04RB00000kUANnYAO,a0BRB00000ynb5i2AA,2024/10,2024/10,2024-10-01,2024-10-31,,,,,,False,False,1,2026-06-21T16:13:56.000+0000,2026-07-28T02:33:21.000+0000,CN-00000013,studio55,Activated,株式会社 STUDIO55,,product_missing
"{'type': 'ContractLineItem__c', 'url': '/services/data/v67.0/sobjects/ContractLineItem__c/a03RB00001Nswl5YAB'}",a03RB00001Nswl5YAB,studio55_2024/11,001RB00001VTrOjYAL,a04RB00000kUANnYAO,a0BRB00000ynb5i2AA,2024/11,2024/11,2024-11-01,2024-11-30,,,,,,False,False,1,2026-06-21T16:13:56.000+0000,2026-07-28T02:33:21.000+0000,CN-00000013,studio55,Activated,株式会社 STUDIO55,,product_missing
"{'type': 'ContractLineItem__c', 'url': '/services/data/v67.0/sobjects/ContractLineItem__c/a03RB00001Nswl6YAB'}",a03RB00001Nswl6YAB,タクエーホーム株式会社_2024/09,001RB00001VTqWsYAL,a04RB00000kUAPTYA4,a0BRB00000ynn5L2AQ,2024/09,2024/09,2024-09-01,2024-09-30,,,,,11000,False,False,1,2026-06-21T16:13:56.000+0000,2026-07-28T02:33:21.000+0000,CN-00000117,タクエーホーム株式会社,解約,タクエーホーム株式会社,,product_missing
"{'type': 'ContractLineItem__c', 'url': '/services/data/v67.0/sobjects/ContractLineItem__c/a03RB00001Nswl7YAB'}",a03RB00001Nswl7YAB,タクエーホーム株式会社_2024/10,001RB00001VTqWsYAL,a04RB00000kUAPTYA4,a0BRB00000ynn5L2AQ,2024/10,2024/10,2024-10-01,2024-10-31,,,,,11000,False,False,1,2026-06-21T16:13:56.000+0000,2026-07-28T02:33:21.000+0000,CN-00000117,タクエーホーム株式会社,解約,タクエーホーム株式会社,,product_missing
"{'type': 'ContractLineItem__c', 'url': '/services/data/v67.0/sobjects/ContractLineItem__c/a03RB00001Nswl8YAB'}",a03RB00001Nswl8YAB,タクエーホーム株式会社_2024/11,001RB00001VTqWsYAL,a04RB00000kUAPTYA4,a0BRB00000ynn5L2AQ,2024/11,2024/11,2024-11-01,2024-11-30,,,,,11000,False,False,1,2026-06-21T16:13:56.000+0000,2026-07-28T02:33:21.000+0000,CN-00000117,タクエーホーム株式会社,解約,タクエーホーム株式会社,,product_missing
"{'type': 'ContractLineItem__c', 'url': '/services/data/v67.0/sobjects/ContractLineItem__c/a03RB00001Nswl9YAB'}",a03RB00001Nswl9YAB,タクエーホーム株式会社_2024/12,001RB00001VTqWsYAL,a04RB00000kUAPTYA4,a0BRB00000ynn5L2AQ,2024/12,2024/12,2024-12-01,2024-12-31,,,,,11000,False,False,1,2026-06-21T16:13:56.000+0000,2026-07-28T02:33:21.000+0000,CN-00000117,タクエーホーム株式会社,解約,タクエーホーム株式会社,,product_missing
"{'type': 'ContractLineItem__c', 'url': '/services/data/v67.0/sobjects/ContractLineItem__c/a03RB00001NswlAYAR'}",a03RB00001NswlAYAR,タクエーホーム株式会社_2025/01,001RB00001VTqWsYAL,a04RB00000kUAPTYA4,a0BRB00000ynn5L2AQ,2025/01,2025/01,2025-01-01,2025-01-31,,,,,11000,False,False,1,2026-06-21T16:13:56.000+0000,2026-07-28T02:33:21.000+0000,CN-00000117,タクエーホーム株式会社,解約,タクエーホーム株式会社,,product_missing
"{'type': 'ContractLineItem__c', 'url': '/services/data/v67.0/sobjects/ContractLineItem__c/a03RB00001NswlBYAR'}",a03RB00001NswlBYAR,タクエーホーム株式会社_2025/02,001RB00001VTqWsYAL,a04RB00000kUAPTYA4,a0BRB00000ynn5L2AQ,2025/02,2025/02,2025-02-01,2025-02-28,,,,,11000,False,False,1,2026-06-21T16:13:56.000+0000,2026-07-28T02:33:21.000+0000,CN-00000117,タクエーホーム株式会社,解約,タクエーホーム株式会社,,product_missing
"{'type': 'ContractLineItem__c', 'url': '/services/data/v67.0/sobjects/ContractLineItem__c/a03RB00001NswlCYAR'}",a03RB00001NswlCYAR,タクエーホーム株式会社_2025/03,001RB00001VTqWsYAL,a04RB00000kUAPTYA4,a0BRB00000ynn5L2AQ,2025/03,2025/03,2025-03-01,2025-03-31,,,,,11000,False,False,1,2026-06-21T16:13:56.000+0000,2026-07-28T02:33:21.000+0000,CN-00000117,タクエーホーム株式会社,解約,タクエーホーム株式会社,,product_missing
"{'type': 'ContractLineItem__c', 'url': '/services/data/v67.0/sobjects/ContractLineItem__c/a03RB00001NswlDYAR'}",a03RB00001NswlDYAR,タクエーホーム株式会社_2025/04,001RB00001VTqWsYAL,a04RB00000kUAPTYA4,a0BRB00000ynn5L2AQ,2025/04,2025/04,2025-04-01,2025-04-30,,,,,11000,False,False,1,2026-06-21T16:13:56.000+0000,2026-07-28T02:33:21.000+0000,CN-00000117,タクエーホーム株式会社,解約,タクエーホーム株式会社,,product_missing
"{'type': 'ContractLineItem__c', 'url': '/services/data/v67.0/sobjects/ContractLineItem__c/a03RB00001NswlEYAR'}",a03RB00001NswlEYAR,タクエーホーム株式会社_2025/05,001RB00001VTqWsYAL,a04RB00000kUAPTYA4,a0BRB00000ynn5L2AQ,2025/05,2025/05,2025-05-01,2025-05-31,,,,,11000,False,False,1,2026-06-21T16:13:56.000+0000,2026-07-28T02:33:21.000+0000,CN-00000117,タクエーホーム株式会社,解約,タクエーホーム株式会社,,product_missing
"{'type': 'ContractLineItem__c', 'url': '/services/data/v67.0/sobjects/ContractLineItem__c/a03RB00001NswlFYAR'}",a03RB00001NswlFYAR,タクエーホーム株式会社_2025/06,001RB00001VTqWsYAL,a04RB00000kUAPTYA4,a0BRB00000ynn5L2AQ,2025/06,2025/06,2025-06-01,2025-06-30,,,,,11000,False,False,1,2026-06-21T16:13:56.000+0000,2026-07-28T02:33:21.000+0000,CN-00000117,タクエーホーム株式会社,解約,タクエーホーム株式会社,,product_missing
"{'type': 'ContractLineItem__c', 'url': '/services/data/v67.0/sobjects/ContractLineItem__c/a03RB00001NswlGYAR'}",a03RB00001NswlGYAR,タクエーホーム株式会社_2025/07,001RB00001VTqWsYAL,a04RB00000kUAPTYA4,a0BRB00000ynn5L2AQ,2025/07,2025/07,2025-07-01,2025-07-31,,,,,11000,False,False,1,2026-06-21T16:13:56.000+0000,2026-07-28T02:33:21.000+0000,CN-00000117,タクエーホーム株式会社,解約,タクエーホーム株式会社,,product_missing
"{'type': 'ContractLineItem__c', 'url': '/services/data/v67.0/sobjects/ContractLineItem__c/a03RB00001NswlHYAR'}",a03RB00001NswlHYAR,タクエーホーム株式会社_2025/08,001RB00001VTqWsYAL,a04RB00000kUAPTYA4,a0BRB00000ynn5L2AQ,2025/08,2025/08,2025-08-01,2025-08-31,,,,,11000,False,False,1,2026-06-21T16:13:56.000+0000,2026-07-28T02:33:21.000+0000,CN-00000117,タクエーホーム株式会社,解約,タクエーホーム株式会社,,product_missing
"{'type': 'ContractLineItem__c', 'url': '/services/data/v67.0/sobjects/ContractLineItem__c/a03RB00001NswlIYAR'}",a03RB00001NswlIYAR,タクエーホーム株式会社_2025/09,001RB00001VTqWsYAL,a04RB00000kUAPTYA4,a0BRB00000ynn5L2AQ,2025/09,2025/09,2025-09-01,2025-09-30,,,,,11000,False,False,1,2026-06-21T16:13:56.000+0000,2026-07-28T02:33:21.000+0000,CN-00000117,タクエーホーム株式会社,解約,タクエーホーム株式会社,,product_missing
"{'type': 'ContractLineItem__c', 'url': '/services/data/v67.0/sobjects/ContractLineItem__c/a03RB00001NswlJYAR'}",a03RB00001NswlJYAR,㈱渚工務店 SmileHome_2024/09,001RB00001VTqaFYAT,a04RB00000kUAPUYA4,a0BRB00000ynn5M2AQ,2024/09,2024/09,2024-09-01,2024-09-30,,,,,11000,False,False,1,2026-06-21T16:13:56.000+0000,2026-07-28T02:33:21.000+0000,CN-00000118,㈱渚工務店 SmileHome,解約,株式会社渚工務店,,product_missing
"{'type': 'ContractLineItem__c', 'url': '/services/data/v67.0/sobjects/ContractLineItem__c/a03RB00001NswlKYAR'}",a03RB00001NswlKYAR,㈱渚工務店 SmileHome_2024/10,001RB00001VTqaFYAT,a04RB00000kUAPUYA4,a0BRB00000ynn5M2AQ,2024/10,2024/10,2024-10-01,2024-10-31,,,,,11000,False,False,1,2026-06-21T16:13:56.000+0000,2026-07-28T02:33:21.000+0000,CN-00000118,㈱渚工務店 SmileHome,解約,株式会社渚工務店,,product_missing
"{'type': 'ContractLineItem__c', 'url': '/services/data/v67.0/sobjects/ContractLineItem__c/a03RB00001NswlLYAR'}",a03RB00001NswlLYAR,㈱渚工務店 SmileHome_2024/11,001RB00001VTqaFYAT,a04RB00000kUAPUYA4,a0BRB00000ynn5M2AQ,2024/11,2024/11,2024-11-01,2024-11-30,,,,,11000,False,False,1,2026-06-21T16:13:56.000+0000,2026-07-28T02:33:21.000+0000,CN-00000118,㈱渚工務店 SmileHome,解約,株式会社渚工務店,,product_missing
"{'type': 'ContractLineItem__c', 'url': '/services/data/v67.0/sobjects/ContractLineItem__c/a03RB00001NswlMYAR'}",a03RB00001NswlMYAR,㈱渚工務店 SmileHome_2024/12,001RB00001VTqaFYAT,a04RB00000kUAPUYA4,a0BRB00000ynn5M2AQ,2024/12,2024/12,2024-12-01,2024-12-31,,,,,11000,False,False,1,2026-06-21T16:13:56.000+0000,2026-07-28T02:33:21.000+0000,CN-00000118,㈱渚工務店 SmileHome,解約,株式会社渚工務店,,product_missing
"{'type': 'ContractLineItem__c', 'url': '/services/data/v67.0/sobjects/ContractLineItem__c/a03RB00001NswlNYAR'}",a03RB00001NswlNYAR,㈱渚工務店 SmileHome_2025/01,001RB00001VTqaFYAT,a04RB00000kUAPUYA4,a0BRB00000ynn5M2AQ,2025/01,2025/01,2025-01-01,2025-01-31,,,,,11000,False,False,1,2026-06-21T16:13:56.000+0000,2026-07-28T02:33:21.000+0000,CN-00000118,㈱渚工務店 SmileHome,解約,株式会社渚工務店,,product_missing
"{'type': 'ContractLineItem__c', 'url': '/services/data/v67.0/sobjects/ContractLineItem__c/a03RB00001NswlOYAR'}",a03RB00001NswlOYAR,㈱渚工務店 SmileHome_2025/02,001RB00001VTqaFYAT,a04RB00000kUAPUYA4,a0BRB00000ynn5M2AQ,2025/02,2025/02,2025-02-01,2025-02-28,,,,,11000,False,False,1,2026-06-21T16:13:56.000+0000,2026-07-28T02:33:21.000+0000,CN-00000118,㈱渚工務店 SmileHome,解約,株式会社渚工務店,,product_missing
"{'type': 'ContractLineItem__c', 'url': '/services/data/v67.0/sobjects/ContractLineItem__c/a03RB00001NswlPYAR'}",a03RB00001NswlPYAR,ハウスプラザ_2024/10,001RB00001VTqZpYAL,a04RB00000kUAPVYA4,a0BRB00000ynn5N2AQ,2024/10,2024/10,2024-10-01,2024-10-31,,,,,11000,False,False,1,2026-06-21T16:13:56.000+0000,2026-08-06T00:50:25.000+0000,CN-00000119,ハウスプラザ,Activated,株式会社ハウスプラザ,,product_missing
"{'type': 'ContractLineItem__c', 'url': '/services/data/v67.0/sobjects/ContractLineItem__c/a03RB00001NswlQYAR'}",a03RB00001NswlQYAR,ハウスプラザ_2024/11,001RB00001VTqZpYAL,a04RB00000kUAPVYA4,a0BRB00000ynn5N2AQ,2024/11,2024/11,2024-11-01,2024-11-30,,,,,11000,False,False,1,2026-06-21T16:13:56.000+0000,2026-08-06T00:50:25.000+0000,CN-00000119,ハウスプラザ,Activated,株式会社ハウスプラザ,,product_missing
"{'type': 'ContractLineItem__c', 'url': '/services/data/v67.0/sobjects/ContractLineItem__c/a03RB00001NswlRYAR'}",a03RB00001NswlRYAR,ハウスプラザ_2024/12,001RB00001VTqZpYAL,a04RB00000kUAPVYA4,a0BRB00000ynn5N2AQ,2024/12,2024/12,2024-12-01,2024-12-31,,,,,11000,False,False,1,2026-06-21T16:13:56.000+0000,2026-08-06T00:50:25.000+0000,CN-00000119,ハウスプラザ,Activated,株式会社ハウスプラザ,,product_missing
"{'type': 'ContractLineItem__c', 'url': '/services/data/v67.0/sobjects/ContractLineItem__c/a03RB00001NswlSYAR'}",a03RB00001NswlSYAR,ハウスプラザ_2025/01,001RB00001VTqZpYAL,a04RB00000kUAPVYA4,a0BRB00000ynn5N2AQ,2025/01,2025/01,2025-01-01,2025-01-31,,,,,11000,False,False,1,2026-06-21T16:13:56.000+0000,2026-08-06T00:50:25.000+0000,CN-00000119,ハウスプラザ,Activated,株式会社ハウスプラザ,,product_missing
"{'type': 'ContractLineItem__c', 'url': '/services/data/v67.0/sobjects/ContractLineItem__c/a03RB00001NswlTYAR'}",a03RB00001NswlTYAR,ハウスプラザ_2025/02,001RB00001VTqZpYAL,a04RB00000kUAPVYA4,a0BRB00000ynn5N2AQ,2025/02,2025/02,2025-02-01,2025-02-28,,,,,11000,False,False,1,2026-06-21T16:13:56.000+0000,2026-08-06T00:50:25.000+0000,CN-00000119,ハウスプラザ,Activated,株式会社ハウスプラザ,,product_missing
"{'type': 'ContractLineItem__c', 'url': '/services/data/v67.0/sobjects/ContractLineItem__c/a03RB00001NswlUYAR'}",a03RB00001NswlUYAR,ハウスプラザ_2025/03,001RB00001VTqZpYAL,a04RB00000kUAPVYA4,a0BRB00000ynn5N2AQ,2025/03,2025/03,2025-03-01,2025-03-31,,,,,11000,False,False,1,2026-06-21T16:13:56.000+0000,2026-08-06T00:50:25.000+0000,CN-00000119,ハウスプラザ,Activated,株式会社ハウスプラザ,,product_missing
"{'type': 'ContractLineItem__c', 'url': '/services/data/v67.0/sobjects/ContractLineItem__c/a03RB00001NswlVYAR'}",a03RB00001NswlVYAR,ハウスプラザ_2025/04,001RB00001VTqZpYAL,a04RB00000kUAPVYA4,a0BRB00000ynn5N2AQ,2025/04,2025/04,2025-04-01,2025-04-30,,,,,11000,False,False,1,2026-06-21T16:13:56.000+0000,2026-08-06T00:50:25.000+0000,CN-00000119,ハウスプラザ,Activated,株式会社ハウスプラザ,,product_missing
"{'type': 'ContractLineItem__c', 'url': '/services/data/v67.0/sobjects/ContractLineItem__c/a03RB00001NswlWYAR'}",a03RB00001NswlWYAR,ハウスプラザ_2025/05,001RB00001VTqZpYAL,a04RB00000kUAPVYA4,a0BRB00000ynn5N2AQ,2025/05,2025/05,2025-05-01,2025-05-31,,,,,11000,False,False,1,2026-06-21T16:13:56.000+0000,2026-08-06T00:50:25.000+0000,CN-00000119,ハウスプラザ,Activated,株式会社ハウスプラザ,,product_missing
"{'type': 'ContractLineItem__c', 'url': '/services/data/v67.0/sobjects/ContractLineItem__c/a03RB00001NswlXYAR'}",a03RB00001NswlXYAR,ハウスプラザ_2025/06,001RB00001VTqZpYAL,a04RB00000kUAPVYA4,a0BRB00000ynn5N2AQ,2025/06,2025/06,2025-06-01,2025-06-30,,,,,11000,False,False,1,2026-06-21T16:13:56.000+0000,2026-08-06T00:50:25.000+0000,CN-00000119,ハウスプラザ,Activated,株式会社ハウスプラザ,,product_missing
"{'type': 'ContractLineItem__c', 'url': '/services/data/v67.0/sobjects/ContractLineItem__c/a03RB00001NswlYYAR'}",a03RB00001NswlYYAR,ハウスプラザ_2025/07,001RB00001VTqZpYAL,a04RB00000kUAPVYA4,a0BRB00000ynn5N2AQ,2025/07,2025/07,2025-07-01,2025-07-31,,,,,11000,False,False,1,2026-06-21T16:13:56.000+0000,2026-08-06T00:50:25.000+0000,CN-00000119,ハウスプラザ,Activated,株式会社ハウスプラザ,,product_missing
"{'type': 'ContractLineItem__c', 'url': '/services/data/v67.0/sobjects/ContractLineItem__c/a03RB00001NswlZYAR'}",a03RB00001NswlZYAR,ハウスプラザ_2025/08,001RB00001VTqZpYAL,a04RB00000kUAPVYA4,a0BRB00000ynn5N2AQ,2025/08,2025/08,2025-08-01,2025-08-31,,,,,11000,False,False,1,2026-06-21T16:13:56.000+0000,2026-08-06T00:50:25.000+0000,CN-00000119,ハウスプラザ,Activated,株式会社ハウスプラザ,,product_missing
"{'type': 'ContractLineItem__c', 'url': '/services/data/v67.0/sobjects/ContractLineItem__c/a03RB00001NswlaYAB'}",a03RB00001NswlaYAB,ハウスプラザ_2025/09,001RB00001VTqZpYAL,a04RB00000kUAPVYA4,a0BRB00000ynn5N2AQ,2025/09,2025/09,2025-09-01,2025-09-30,,,,,11000,False,False,1,2026-06-21T16:13:56.000+0000,2026-08-06T00:50:25.000+0000,CN-00000119,ハウスプラザ,Activated,株式会社ハウスプラザ,,product_missing
"{'type': 'ContractLineItem__c', 'url': '/services/data/v67.0/sobjects/ContractLineItem__c/a03RB00001NswlbYAB'}",a03RB00001NswlbYAB,ハウスプラザ_2025/10,001RB00001VTqZpYAL,a04RB00000kUAPVYA4,a0BRB00000ynn5N2AQ,2025/10,2025/10,2025-10-01,2025-10-31,,,,,11000,False,False,1,2026-06-21T16:13:56.000+0000,2026-08-06T00:50:25.000+0000,CN-00000119,ハウスプラザ,Activated,株式会社ハウスプラザ,,product_missing
"{'type': 'ContractLineItem__c', 'url': '/services/data/v67.0/sobjects/ContractLineItem__c/a03RB00001NswlcYAB'}",a03RB00001NswlcYAB,ハウスプラザ_2025/11,001RB00001VTqZpYAL,a04RB00000kUAPVYA4,a0BRB00000ynn5N2AQ,2025/11,2025/11,2025-11-01,2025-11-30,,,,,11000,False,False,1,2026-06-21T16:13:56.000+0000,2026-08-06T00:50:25.000+0000,CN-00000119,ハウスプラザ,Activated,株式会社ハウスプラザ,,product_missing
"{'type': 'ContractLineItem__c', 'url': '/services/data/v67.0/sobjects/ContractLineItem__c/a03RB00001NswldYAB'}",a03RB00001NswldYAB,ハウスプラザ_2025/12,001RB00001VTqZpYAL,a04RB00000kUAPVYA4,a0BRB00000ynn5N2AQ,2025/12,2025/12,2025-12-01,2025-12-31,,,,,11000,False,False,1,2026-06-21T16:13:56.000+0000,2026-08-06T00:50:25.000+0000,CN-00000119,ハウスプラザ,Activated,株式会社ハウスプラザ,,product_missing
"{'type': 'ContractLineItem__c', 'url': '/services/data/v67.0/sobjects/ContractLineItem__c/a03RB00001NswleYAB'}",a03RB00001NswleYAB,ハウスプラザ_2026/01,001RB00001VTqZpYAL,a04RB00000kUAPVYA4,a0BRB00000ynn5N2AQ,2026/01,2026/01,2026-01-01,2026-01-31,,,,,11000,False,False,1,2026-06-21T16:13:56.000+0000,2026-08-06T00:50:25.000+0000,CN-00000119,ハウスプラザ,Activated,株式会社ハウスプラザ,,product_missing
"{'type': 'ContractLineItem__c', 'url': '/services/data/v67.0/sobjects/ContractLineItem__c/a03RB00001NswlfYAB'}",a03RB00001NswlfYAB,ハウスプラザ_2026/02,001RB00001VTqZpYAL,a04RB00000kUAPVYA4,a0BRB00000ynn5N2AQ,2026/02,2026/02,2026-02-01,2026-02-28,,,,,11000,False,False,1,2026-06-21T16:13:56.000+0000,2026-08-06T00:50:25.000+0000,CN-00000119,ハウスプラザ,Activated,株式会社ハウスプラザ,,product_missing
"{'type': 'ContractLineItem__c', 'url': '/services/data/v67.0/sobjects/ContractLineItem__c/a03RB00001Nswm4YAB'}",a03RB00001Nswm4YAB,株式会社イーグランド_2024/11,001RB00001VTqZVYA1,a04RB00000kUAPXYA4,a0BRB00000ynn5P2AQ,2024/11,2024/11,2024-11-01,2024-11-30,,,,,11000,False,False,1,2026-06-21T16:13:56.000+0000,2026-08-06T00:50:25.000+0000,CN-00000121,株式会社イーグランド,Activated,株式会社イーグランド,,product_missing
"{'type': 'ContractLineItem__c', 'url': '/services/data/v67.0/sobjects/ContractLineItem__c/a03RB00001Nswm5YAB'}",a03RB00001Nswm5YAB,株式会社イーグランド_2024/12,001RB00001VTqZVYA1,a04RB00000kUAPXYA4,a0BRB00000ynn5P2AQ,2024/12,2024/12,2024-12-01,2024-12-31,,,,,11000,False,False,1,2026-06-21T16:13:56.000+0000,2026-08-06T00:50:25.000+0000,CN-00000121,株式会社イーグランド,Activated,株式会社イーグランド,,product_missing
"{'type': 'ContractLineItem__c', 'url': '/services/data/v67.0/sobjects/ContractLineItem__c/a03RB00001Nswm6YAB'}",a03RB00001Nswm6YAB,株式会社イーグランド_2025/01,001RB00001VTqZVYA1,a04RB00000kUAPXYA4,a0BRB00000ynn5P2AQ,2025/01,2025/01,2025-01-01,2025-01-31,,,,,11000,False,False,1,2026-06-21T16:13:56.000+0000,2026-08-06T00:50:25.000+0000,CN-00000121,株式会社イーグランド,Activated,株式会社イーグランド,,product_missing
"{'type': 'ContractLineItem__c', 'url': '/services/data/v67.0/sobjects/ContractLineItem__c/a03RB00001Nswm7YAB'}",a03RB00001Nswm7YAB,株式会社イーグランド_2025/02,001RB00001VTqZVYA1,a04RB00000kUAPXYA4,a0BRB00000ynn5P2AQ,2025/02,2025/02,2025-02-01,2025-02-28,,,,,11000,False,False,1,2026-06-21T16:13:56.000+0000,2026-08-06T00:50:25.000+0000,CN-00000121,株式会社イーグランド,Activated,株式会社イーグランド,,product_missing
"{'type': 'ContractLineItem__c', 'url': '/services/data/v67.0/sobjects/ContractLineItem__c/a03RB00001Nswm8YAB'}",a03RB00001Nswm8YAB,株式会社イーグランド_2025/03,001RB00001VTqZVYA1,a04RB00000kUAPXYA4,a0BRB00000ynn5P2AQ,2025/03,2025/03,2025-03-01,2025-03-31,,,,,11000,False,False,1,2026-06-21T16:13:56.000+0000,2026-08-06T00:50:25.000+0000,CN-00000121,株式会社イーグランド,Activated,株式会社イーグランド,,product_missing
"{'type': 'ContractLineItem__c', 'url': '/services/data/v67.0/sobjects/ContractLineItem__c/a03RB00001Nswm9YAB'}",a03RB00001Nswm9YAB,株式会社イーグランド_2025/04,001RB00001VTqZVYA1,a04RB00000kUAPXYA4,a0BRB00000ynn5P2AQ,2025/04,2025/04,2025-04-01,2025-04-30,,,,,11000,False,False,1,2026-06-21T16:13:56.000+0000,2026-08-06T00:50:25.000+0000,CN-00000121,株式会社イーグランド,Activated,株式会社イーグランド,,product_missing
"{'type': 'ContractLineItem__c', 'url': '/services/data/v67.0/sobjects/ContractLineItem__c/a03RB00001NswmAYAR'}",a03RB00001NswmAYAR,株式会社イーグランド_2025/05,001RB00001VTqZVYA1,a04RB00000kUAPXYA4,a0BRB00000ynn5P2AQ,2025/05,2025/05,2025-05-01,2025-05-31,,,,,11000,False,False,1,2026-06-21T16:13:56.000+0000,2026-08-06T00:50:25.000+0000,CN-00000121,株式会社イーグランド,Activated,株式会社イーグランド,,product_missing
"{'type': 'ContractLineItem__c', 'url': '/services/data/v67.0/sobjects/ContractLineItem__c/a03RB00001NswmBYAR'}",a03RB00001NswmBYAR,株式会社イーグランド_2025/06,001RB00001VTqZVYA1,a04RB00000kUAPXYA4,a0BRB00000ynn5P2AQ,2025/06,2025/06,2025-06-01,2025-06-30,,,,,11000,False,False,1,2026-06-21T16:13:56.000+0000,2026-08-06T00:50:25.000+0000,CN-00000121,株式会社イーグランド,Activated,株式会社イーグランド,,product_missing
"{'type': 'ContractLineItem__c', 'url': '/services/data/v67.0/sobjects/ContractLineItem__c/a03RB00001NswmCYAR'}",a03RB00001NswmCYAR,株式会社イーグランド_2025/07,001RB00001VTqZVYA1,a04RB00000kUAPXYA4,a0BRB00000ynn5P2AQ,2025/07,2025/07,2025-07-01,2025-07-31,,,,,11000,False,False,1,2026-06-21T16:13:56.000+0000,2026-08-06T00:50:25.000+0000,CN-00000121,株式会社イーグランド,Activated,株式会社イーグランド,,product_missing
"{'type': 'ContractLineItem__c', 'url': '/services/data/v67.0/sobjects/ContractLineItem__c/a03RB00001NswmDYAR'}",a03RB00001NswmDYAR,株式会社イーグランド_2025/08,001RB00001VTqZVYA1,a04RB00000kUAPXYA4,a0BRB00000ynn5P2AQ,2025/08,2025/08,2025-08-01,2025-08-31,,,,,11000,False,False,1,2026-06-21T16:13:56.000+0000,2026-08-06T00:50:25.000+0000,CN-00000121,株式会社イーグランド,Activated,株式会社イーグランド,,product_missing
"{'type': 'ContractLineItem__c', 'url': '/services/data/v67.0/sobjects/ContractLineItem__c/a03RB00001NswmEYAR'}",a03RB00001NswmEYAR,株式会社イーグランド_2025/09,001RB00001VTqZVYA1,a04RB00000kUAPXYA4,a0BRB00000ynn5P2AQ,2025/09,2025/09,2025-09-01,2025-09-30,,,,,11000,False,False,1,2026-06-21T16:13:56.000+0000,2026-08-06T00:50:25.000+0000,CN-00000121,株式会社イーグランド,Activated,株式会社イーグランド,,product_missing
"{'type': 'ContractLineItem__c', 'url': '/services/data/v67.0/sobjects/ContractLineItem__c/a03RB00001NswmFYAR'}",a03RB00001NswmFYAR,株式会社イーグランド_2025/10,001RB00001VTqZVYA1,a04RB00000kUAPXYA4,a0BRB00000ynn5P2AQ,2025/10,2025/10,2025-10-01,2025-10-31,,,,,11000,False,False,1,2026-06-21T16:13:56.000+0000,2026-08-06T00:50:25.000+0000,CN-00000121,株式会社イーグランド,Activated,株式会社イーグランド,,product_missing
"{'type': 'ContractLineItem__c', 'url': '/services/data/v67.0/sobjects/ContractLineItem__c/a03RB00001NswmGYAR'}",a03RB00001NswmGYAR,株式会社イーグランド_2025/11,001RB00001VTqZVYA1,a04RB00000kUAPXYA4,a0BRB00000ynn5P2AQ,2025/11,2025/11,2025-11-01,2025-11-30,,,,,11000,False,False,1,2026-06-21T16:13:56.000+0000,2026-08-06T00:50:25.000+0000,CN-00000121,株式会社イーグランド,Activated,株式会社イーグランド,,product_missing
"{'type': 'ContractLineItem__c', 'url': '/services/data/v67.0/sobjects/ContractLineItem__c/a03RB00001NswmHYAR'}",a03RB00001NswmHYAR,株式会社イーグランド_2025/12,001RB00001VTqZVYA1,a04RB00000kUAPXYA4,a0BRB00000ynn5P2AQ,2025/12,2025/12,2025-12-01,2025-12-31,,,,,11000,False,False,1,2026-06-21T16:13:56.000+0000,2026-08-06T00:50:25.000+0000,CN-00000121,株式会社イーグランド,Activated,株式会社イーグランド,,product_missing
"{'type': 'ContractLineItem__c', 'url': '/services/data/v67.0/sobjects/ContractLineItem__c/a03RB00001NswmIYAR'}",a03RB00001NswmIYAR,株式会社イーグランド_2026/01,001RB00001VTqZVYA1,a04RB00000kUAPXYA4,a0BRB00000ynn5P2AQ,2026/01,2026/01,2026-01-01,2026-01-31,,,,,11000,False,False,1,2026-06-21T16:13:56.000+0000,2026-08-06T00:50:25.000+0000,CN-00000121,株式会社イーグランド,Activated,株式会社イーグランド,,product_missing
"{'type': 'ContractLineItem__c', 'url': '/services/data/v67.0/sobjects/ContractLineItem__c/a03RB00001NswmJYAR'}",a03RB00001NswmJYAR,株式会社イーグランド_2026/02,001RB00001VTqZVYA1,a04RB00000kUAPXYA4,a0BRB00000ynn5P2AQ,2026/02,2026/02,2026-02-01,2026-02-28,,,,,11000,False,False,1,2026-06-21T16:13:56.000+0000,2026-08-06T00:50:25.000+0000,CN-00000121,株式会社イーグランド,Activated,株式会社イーグランド,,product_missing
"{'type': 'ContractLineItem__c', 'url': '/services/data/v67.0/sobjects/ContractLineItem__c/a03RB00001NswmNYAR'}",a03RB00001NswmNYAR,ドアーズ株式会社_2024/11,001RB00001VTqWuYAL,a04RB00000kUAPYYA4,a0BRB00000ynn5Q2AQ,2024/11,2024/11,2024-11-01,2024-11-30,,,,,11000,False,False,1,2026-06-21T16:13:56.000+0000,2026-07-28T02:33:21.000+0000,CN-00000122,ドアーズ株式会社,解約,ドアーズ株式会社,,product_missing
"{'type': 'ContractLineItem__c', 'url': '/services/data/v67.0/sobjects/ContractLineItem__c/a03RB00001NswmOYAR'}",a03RB00001NswmOYAR,ドアーズ株式会社_2024/12,001RB00001VTqWuYAL,a04RB00000kUAPYYA4,a0BRB00000ynn5Q2AQ,2024/12,2024/12,2024-12-01,2024-12-31,,,,,11000,False,False,1,2026-06-21T16:13:56.000+0000,2026-07-28T02:33:21.000+0000,CN-00000122,ドアーズ株式会社,解約,ドアーズ株式会社,,product_missing
"{'type': 'ContractLineItem__c', 'url': '/services/data/v67.0/sobjects/ContractLineItem__c/a03RB00001NswmPYAR'}",a03RB00001NswmPYAR,ドアーズ株式会社_2025/01,001RB00001VTqWuYAL,a04RB00000kUAPYYA4,a0BRB00000ynn5Q2AQ,2025/01,2025/01,2025-01-01,2025-01-31,,,,,11000,False,False,1,2026-06-21T16:13:56.000+0000,2026-07-28T02:33:21.000+0000,CN-00000122,ドアーズ株式会社,解約,ドアーズ株式会社,,product_missing
"{'type': 'ContractLineItem__c', 'url': '/services/data/v67.0/sobjects/ContractLineItem__c/a03RB00001NswmQYAR'}",a03RB00001NswmQYAR,ドアーズ株式会社_2025/02,001RB00001VTqWuYAL,a04RB00000kUAPYYA4,a0BRB00000ynn5Q2AQ,2025/02,2025/02,2025-02-01,2025-02-28,,,,,11000,False,False,1,2026-06-21T16:13:56.000+0000,2026-07-28T02:33:21.000+0000,CN-00000122,ドアーズ株式会社,解約,ドアーズ株式会社,,product_missing
"{'type': 'ContractLineItem__c', 'url': '/services/data/v67.0/sobjects/ContractLineItem__c/a03RB00001NswmRYAR'}",a03RB00001NswmRYAR,株式会社西武開発_2024/12,001RB00001VTqaIYAT,a04RB00000kUAPZYA4,a0BRB00000ynn5R2AQ,2024/12,2024/12,2024-12-01,2024-12-31,,,,,93500,False,False,1,2026-06-21T16:13:56.000+0000,2026-07-28T02:33:21.000+0000,CN-00000123,株式会社西武開発,Activated,株式会社西武開発,,product_missing
"{'type': 'ContractLineItem__c', 'url': '/services/data/v67.0/sobjects/ContractLineItem__c/a03RB00001NswmSYAR'}",a03RB00001NswmSYAR,株式会社西武開発_2025/01,001RB00001VTqaIYAT,a04RB00000kUAPZYA4,a0BRB00000ynn5R2AQ,2025/01,2025/01,2025-01-01,2025-01-31,,,,,2376000,False,False,1,2026-06-21T16:13:56.000+0000,2026-07-28T02:33:21.000+0000,CN-00000123,株式会社西武開発,Activated,株式会社西武開発,,product_missing
"{'type': 'ContractLineItem__c', 'url': '/services/data/v67.0/sobjects/ContractLineItem__c/a03RB00001NswmTYAR'}",a03RB00001NswmTYAR,株式会社西武開発_2026/01,001RB00001VTqaIYAT,a04RB00000kUAPuYAO,a0BRB00000ynn5m2AA,2026/01,2026/01,2026-01-01,2026-01-31,,,,,257400,False,False,1,2026-06-21T16:13:56.000+0000,2026-07-28T02:33:21.000+0000,CN-00000144,株式会社西武開発,解約,株式会社西武開発,,product_missing
"{'type': 'ContractLineItem__c', 'url': '/services/data/v67.0/sobjects/ContractLineItem__c/a03RB00001NswmUYAR'}",a03RB00001NswmUYAR,株式会社西武開発_2026/02,001RB00001VTqaIYAT,a04RB00000kUAPuYAO,a0BRB00000ynn5m2AA,2026/02,2026/02,2026-02-01,2026-02-28,,,,,257400,False,False,1,2026-06-21T16:13:56.000+0000,2026-07-28T02:33:21.000+0000,CN-00000144,株式会社西武開発,解約,株式会社西武開発,,product_missing
"{'type': 'ContractLineItem__c', 'url': '/services/data/v67.0/sobjects/ContractLineItem__c/a03RB00001NswmVYAR'}",a03RB00001NswmVYAR,株式会社西武開発_2026/03,001RB00001VTqaIYAT,a04RB00000kUAPuYAO,a0BRB00000ynn5m2AA,2026/03,2026/03,2026-03-01,2026-03-31,,,,,257400,False,False,1,2026-06-21T16:13:56.000+0000,2026-07-28T02:33:21.000+0000,CN-00000144,株式会社西武開発,解約,株式会社西武開発,,product_missing
"{'type': 'ContractLineItem__c', 'url': '/services/data/v67.0/sobjects/ContractLineItem__c/a03RB00001NswmWYAR'}",a03RB00001NswmWYAR,株式会社西武開発_2026/04,001RB00001VTqaIYAT,a04RB00000kUAPZYA4,a0BRB00000ynn5R2AQ,2026/04,2026/04,2026-04-01,2026-04-30,,,,,257400,False,False,1,2026-06-21T16:13:56.000+0000,2026-07-28T02:33:21.000+0000,CN-00000123,株式会社西武開発,Activated,株式会社西武開発,,product_missing
"{'type': 'ContractLineItem__c', 'url': '/services/data/v67.0/sobjects/ContractLineItem__c/a03RB00001NswmXYAR'}",a03RB00001NswmXYAR,株式会社西武開発_2026/05,001RB00001VTqaIYAT,a04RB00000kUAPZYA4,a0BRB00000ynn5R2AQ,2026/05,2026/05,2026-05-01,2026-05-31,,,,,257400,False,False,1,2026-06-21T16:13:56.000+0000,2026-07-28T02:33:21.000+0000,CN-00000123,株式会社西武開発,Activated,株式会社西武開発,,product_missing
"{'type': 'ContractLineItem__c', 'url': '/services/data/v67.0/sobjects/ContractLineItem__c/a03RB00001NswmYYAR'}",a03RB00001NswmYYAR,株式会社西武開発_2026/06,001RB00001VTqaIYAT,a04RB00000kUAPZYA4,a0BRB00000ynn5R2AQ,2026/06,2026/06,2026-06-01,2026-06-30,,,,,257400,False,False,1,2026-06-21T16:13:56.000+0000,2026-07-28T02:33:21.000+0000,CN-00000123,株式会社西武開発,Activated,株式会社西武開発,,product_missing
"{'type': 'ContractLineItem__c', 'url': '/services/data/v67.0/sobjects/ContractLineItem__c/a03RB00001NswmZYAR'}",a03RB00001NswmZYAR,株式会社西武開発_2026/07,001RB00001VTqaIYAT,a04RB00000kUAPZYA4,a0BRB00000ynn5R2AQ,2026/07,2026/07,2026-07-01,2026-07-31,,,,,257400,False,False,1,2026-06-21T16:13:56.000+0000,2026-07-28T02:33:21.000+0000,CN-00000123,株式会社西武開発,Activated,株式会社西武開発,,product_missing
"{'type': 'ContractLineItem__c', 'url': '/services/data/v67.0/sobjects/ContractLineItem__c/a03RB00001NswmaYAB'}",a03RB00001NswmaYAB,わくわく不動産_2024/12,001RB00001VTqWhYAL,a04RB00000kUAPaYAO,a0BRB00000ynn5S2AQ,2024/12,2024/12,2024-12-01,2024-12-31,,,,,11000,False,False,1,2026-06-21T16:13:56.000+0000,2026-07-28T02:33:21.000+0000,CN-00000124,わくわく不動産,解約,わくわく不動産株式会社,,product_missing
"{'type': 'ContractLineItem__c', 'url': '/services/data/v67.0/sobjects/ContractLineItem__c/a03RB00001NswmbYAB'}",a03RB00001NswmbYAB,わくわく不動産_2025/01,001RB00001VTqWhYAL,a04RB00000kUAPaYAO,a0BRB00000ynn5S2AQ,2025/01,2025/01,2025-01-01,2025-01-31,,,,,11000,False,False,1,2026-06-21T16:13:56.000+0000,2026-07-28T02:33:21.000+0000,CN-00000124,わくわく不動産,解約,わくわく不動産株式会社,,product_missing
"{'type': 'ContractLineItem__c', 'url': '/services/data/v67.0/sobjects/ContractLineItem__c/a03RB00001NswmcYAB'}",a03RB00001NswmcYAB,わくわく不動産_2025/02,001RB00001VTqWhYAL,a04RB00000kUAPaYAO,a0BRB00000ynn5S2AQ,2025/02,2025/02,2025-02-01,2025-02-28,,,,,11000,False,False,1,2026-06-21T16:13:56.000+0000,2026-07-28T02:33:21.000+0000,CN-00000124,わくわく不動産,解約,わくわく不動産株式会社,,product_missing
"{'type': 'ContractLineItem__c', 'url': '/services/data/v67.0/sobjects/ContractLineItem__c/a03RB00001NswmdYAB'}",a03RB00001NswmdYAB,わくわく不動産_2025/03,001RB00001VTqWhYAL,a04RB00000kUAPaYAO,a0BRB00000ynn5S2AQ,2025/03,2025/03,2025-03-01,2025-03-31,,,,,11000,False,False,1,2026-06-21T16:13:56.000+0000,2026-07-28T02:33:21.000+0000,CN-00000124,わくわく不動産,解約,わくわく不動産株式会社,,product_missing
"{'type': 'ContractLineItem__c', 'url': '/services/data/v67.0/sobjects/ContractLineItem__c/a03RB00001NswmeYAB'}",a03RB00001NswmeYAB,わくわく不動産_2025/04,001RB00001VTqWhYAL,a04RB00000kUAPaYAO,a0BRB00000ynn5S2AQ,2025/04,2025/04,2025-04-01,2025-04-30,,,,,11000,False,False,1,2026-06-21T16:13:56.000+0000,2026-07-28T02:33:21.000+0000,CN-00000124,わくわく不動産,解約,わくわく不動産株式会社,,product_missing
"{'type': 'ContractLineItem__c', 'url': '/services/data/v67.0/sobjects/ContractLineItem__c/a03RB00001NswmfYAB'}",a03RB00001NswmfYAB,わくわく不動産_2025/05,001RB00001VTqWhYAL,a04RB00000kUAPaYAO,a0BRB00000ynn5S2AQ,2025/05,2025/05,2025-05-01,2025-05-31,,,,,11000,False,False,1,2026-06-21T16:13:56.000+0000,2026-07-28T02:33:21.000+0000,CN-00000124,わくわく不動産,解約,わくわく不動産株式会社,,product_missing
"{'type': 'ContractLineItem__c', 'url': '/services/data/v67.0/sobjects/ContractLineItem__c/a03RB00001NswmgYAB'}",a03RB00001NswmgYAB,わくわく不動産_2025/06,001RB00001VTqWhYAL,a04RB00000kUAPaYAO,a0BRB00000ynn5S2AQ,2025/06,2025/06,2025-06-01,2025-06-30,,,,,11000,False,False,1,2026-06-21T16:13:56.000+0000,2026-07-28T02:33:21.000+0000,CN-00000124,わくわく不動産,解約,わくわく不動産株式会社,,product_missing
"{'type': 'ContractLineItem__c', 'url': '/services/data/v67.0/sobjects/ContractLineItem__c/a03RB00001NswmhYAB'}",a03RB00001NswmhYAB,わくわく不動産_2025/07,001RB00001VTqWhYAL,a04RB00000kUAPaYAO,a0BRB00000ynn5S2AQ,2025/07,2025/07,2025-07-01,2025-07-31,,,,,11000,False,False,1,2026-06-21T16:13:56.000+0000,2026-07-28T02:33:21.000+0000,CN-00000124,わくわく不動産,解約,わくわく不動産株式会社,,product_missing
"{'type': 'ContractLineItem__c', 'url': '/services/data/v67.0/sobjects/ContractLineItem__c/a03RB00001NswmiYAB'}",a03RB00001NswmiYAB,わくわく不動産_2025/08,001RB00001VTqWhYAL,a04RB00000kUAPaYAO,a0BRB00000ynn5S2AQ,2025/08,2025/08,2025-08-01,2025-08-31,,,,,11000,False,False,1,2026-06-21T16:13:56.000+0000,2026-07-28T02:33:21.000+0000,CN-00000124,わくわく不動産,解約,わくわく不動産株式会社,,product_missing
"{'type': 'ContractLineItem__c', 'url': '/services/data/v67.0/sobjects/ContractLineItem__c/a03RB00001NswmjYAB'}",a03RB00001NswmjYAB,わくわく不動産_2025/09,001RB00001VTqWhYAL,a04RB00000kUAPaYAO,a0BRB00000ynn5S2AQ,2025/09,2025/09,2025-09-01,2025-09-30,,,,,11000,False,False,1,2026-06-21T16:13:56.000+0000,2026-07-28T02:33:21.000+0000,CN-00000124,わくわく不動産,解約,わくわく不動産株式会社,,product_missing
"{'type': 'ContractLineItem__c', 'url': '/services/data/v67.0/sobjects/ContractLineItem__c/a03RB00001NswmkYAB'}",a03RB00001NswmkYAB,わくわく不動産_2025/10,001RB00001VTqWhYAL,a04RB00000kUAPaYAO,a0BRB00000ynn5S2AQ,2025/10,2025/10,2025-10-01,2025-10-31,,,,,11000,False,False,1,2026-06-21T16:13:56.000+0000,2026-07-28T02:33:21.000+0000,CN-00000124,わくわく不動産,解約,わくわく不動産株式会社,,product_missing
"{'type': 'ContractLineItem__c', 'url': '/services/data/v67.0/sobjects/ContractLineItem__c/a03RB00001NswmlYAB'}",a03RB00001NswmlYAB,わくわく不動産_2025/11,001RB00001VTqWhYAL,a04RB00000kUAPaYAO,a0BRB00000ynn5S2AQ,2025/11,2025/11,2025-11-01,2025-11-30,,,,,11000,False,False,1,2026-06-21T16:13:56.000+0000,2026-07-28T02:33:21.000+0000,CN-00000124,わくわく不動産,解約,わくわく不動産株式会社,,product_missing
"{'type': 'ContractLineItem__c', 'url': '/services/data/v67.0/sobjects/ContractLineItem__c/a03RB00001NswmmYAB'}",a03RB00001NswmmYAB,わくわく不動産_2025/12,001RB00001VTqWhYAL,a04RB00000kUAPaYAO,a0BRB00000ynn5S2AQ,2025/12,2025/12,2025-12-01,2025-12-31,,,,,11000,False,False,1,2026-06-21T16:13:56.000+0000,2026-07-28T02:33:21.000+0000,CN-00000124,わくわく不動産,解約,わくわく不動産株式会社,,product_missing
"{'type': 'ContractLineItem__c', 'url': '/services/data/v67.0/sobjects/ContractLineItem__c/a03RB00001NswmnYAB'}",a03RB00001NswmnYAB,わくわく不動産_2026/01,001RB00001VTqWhYAL,a04RB00000kUAPaYAO,a0BRB00000ynn5S2AQ,2026/01,2026/01,2026-01-01,2026-01-31,,,,,11000,False,False,1,2026-06-21T16:13:56.000+0000,2026-07-28T02:33:21.000+0000,CN-00000124,わくわく不動産,解約,わくわく不動産株式会社,,product_missing
"{'type': 'ContractLineItem__c', 'url': '/services/data/v67.0/sobjects/ContractLineItem__c/a03RB00001NswmoYAB'}",a03RB00001NswmoYAB,わくわく不動産_2026/02,001RB00001VTqWhYAL,a04RB00000kUAPaYAO,a0BRB00000ynn5S2AQ,2026/02,2026/02,2026-02-01,2026-02-28,,,,,11000,False,False,1,2026-06-21T16:13:56.000+0000,2026-07-28T02:33:21.000+0000,CN-00000124,わくわく不動産,解約,わくわく不動産株式会社,,product_missing
"{'type': 'ContractLineItem__c', 'url': '/services/data/v67.0/sobjects/ContractLineItem__c/a03RB00001NswmpYAB'}",a03RB00001NswmpYAB,株式会社穂積住宅_2024/12,001RB00001VTqaGYAT,a04RB00000kUAPbYAO,a0BRB00000ynn5T2AQ,2024/12,2024/12,2024-12-01,2024-12-31,,,,,33000,False,False,3,2026-06-21T16:13:56.000+0000,2026-08-06T00:50:25.000+0000,CN-00000125,株式会社穂積住宅,Activated,株式会社穂積住宅,,product_missing
"{'type': 'ContractLineItem__c', 'url': '/services/data/v67.0/sobjects/ContractLineItem__c/a03RB00001NswmqYAB'}",a03RB00001NswmqYAB,株式会社穂積住宅_2025/01,001RB00001VTqaGYAT,a04RB00000kUAPbYAO,a0BRB00000ynn5T2AQ,2025/01,2025/01,2025-01-01,2025-01-31,,,,,33000,False,False,3,2026-06-21T16:13:56.000+0000,2026-08-06T00:50:25.000+0000,CN-00000125,株式会社穂積住宅,Activated,株式会社穂積住宅,,product_missing
"{'type': 'ContractLineItem__c', 'url': '/services/data/v67.0/sobjects/ContractLineItem__c/a03RB00001NswmrYAB'}",a03RB00001NswmrYAB,株式会社穂積住宅_2025/02,001RB00001VTqaGYAT,a04RB00000kUAPbYAO,a0BRB00000ynn5T2AQ,2025/02,2025/02,2025-02-01,2025-02-28,,,,,33000,False,False,3,2026-06-21T16:13:56.000+0000,2026-08-06T00:50:25.000+0000,CN-00000125,株式会社穂積住宅,Activated,株式会社穂積住宅,,product_missing
"{'type': 'ContractLineItem__c', 'url': '/services/data/v67.0/sobjects/ContractLineItem__c/a03RB00001NswmsYAB'}",a03RB00001NswmsYAB,株式会社穂積住宅_2025/03,001RB00001VTqaGYAT,a04RB00000kUAPbYAO,a0BRB00000ynn5T2AQ,2025/03,2025/03,2025-03-01,2025-03-31,,,,,33000,False,False,3,2026-06-21T16:13:56.000+0000,2026-08-06T00:50:25.000+0000,CN-00000125,株式会社穂積住宅,Activated,株式会社穂積住宅,,product_missing
"{'type': 'ContractLineItem__c', 'url': '/services/data/v67.0/sobjects/ContractLineItem__c/a03RB00001NswmtYAB'}",a03RB00001NswmtYAB,株式会社穂積住宅_2025/04,001RB00001VTqaGYAT,a04RB00000kUAPbYAO,a0BRB00000ynn5T2AQ,2025/04,2025/04,2025-04-01,2025-04-30,,,,,33000,False,False,3,2026-06-21T16:13:56.000+0000,2026-08-06T00:50:25.000+0000,CN-00000125,株式会社穂積住宅,Activated,株式会社穂積住宅,,product_missing
"{'type': 'ContractLineItem__c', 'url': '/services/data/v67.0/sobjects/ContractLineItem__c/a03RB00001NswmuYAB'}",a03RB00001NswmuYAB,株式会社穂積住宅_2025/05,001RB00001VTqaGYAT,a04RB00000kUAPbYAO,a0BRB00000ynn5T2AQ,2025/05,2025/05,2025-05-01,2025-05-31,,,,,33000,False,False,3,2026-06-21T16:13:56.000+0000,2026-08-06T00:50:25.000+0000,CN-00000125,株式会社穂積住宅,Activated,株式会社穂積住宅,,product_missing
"{'type': 'ContractLineItem__c', 'url': '/services/data/v67.0/sobjects/ContractLineItem__c/a03RB00001NswmvYAB'}",a03RB00001NswmvYAB,株式会社穂積住宅_2025/06,001RB00001VTqaGYAT,a04RB00000kUAPbYAO,a0BRB00000ynn5T2AQ,2025/06,2025/06,2025-06-01,2025-06-30,,,,,33000,False,False,3,2026-06-21T16:13:56.000+0000,2026-08-06T00:50:25.000+0000,CN-00000125,株式会社穂積住宅,Activated,株式会社穂積住宅,,product_missing
"{'type': 'ContractLineItem__c', 'url': '/services/data/v67.0/sobjects/ContractLineItem__c/a03RB00001NswmwYAB'}",a03RB00001NswmwYAB,株式会社穂積住宅_2025/07,001RB00001VTqaGYAT,a04RB00000kUAPbYAO,a0BRB00000ynn5T2AQ,2025/07,2025/07,2025-07-01,2025-07-31,,,,,33000,False,False,3,2026-06-21T16:13:56.000+0000,2026-08-06T00:50:25.000+0000,CN-00000125,株式会社穂積住宅,Activated,株式会社穂積住宅,,product_missing
"{'type': 'ContractLineItem__c', 'url': '/services/data/v67.0/sobjects/ContractLineItem__c/a03RB00001NswmxYAB'}",a03RB00001NswmxYAB,株式会社穂積住宅_2025/08,001RB00001VTqaGYAT,a04RB00000kUAPbYAO,a0BRB00000ynn5T2AQ,2025/08,2025/08,2025-08-01,2025-08-31,,,,,33000,False,False,3,2026-06-21T16:13:56.000+0000,2026-08-06T00:50:25.000+0000,CN-00000125,株式会社穂積住宅,Activated,株式会社穂積住宅,,product_missing
"{'type': 'ContractLineItem__c', 'url': '/services/data/v67.0/sobjects/ContractLineItem__c/a03RB00001NswmyYAB'}",a03RB00001NswmyYAB,株式会社穂積住宅_2025/09,001RB00001VTqaGYAT,a04RB00000kUAPbYAO,a0BRB00000ynn5T2AQ,2025/09,2025/09,2025-09-01,2025-09-30,,,,,33000,False,False,3,2026-06-21T16:13:56.000+0000,2026-08-06T00:50:25.000+0000,CN-00000125,株式会社穂積住宅,Activated,株式会社穂積住宅,,product_missing
"{'type': 'ContractLineItem__c', 'url': '/services/data/v67.0/sobjects/ContractLineItem__c/a03RB00001NswmzYAB'}",a03RB00001NswmzYAB,株式会社穂積住宅_2025/10,001RB00001VTqaGYAT,a04RB00000kUAPbYAO,a0BRB00000ynn5T2AQ,2025/10,2025/10,2025-10-01,2025-10-31,,,,,33000,False,False,3,2026-06-21T16:13:56.000+0000,2026-08-06T00:50:25.000+0000,CN-00000125,株式会社穂積住宅,Activated,株式会社穂積住宅,,product_missing
"{'type': 'ContractLineItem__c', 'url': '/services/data/v67.0/sobjects/ContractLineItem__c/a03RB00001Nswn0YAB'}",a03RB00001Nswn0YAB,株式会社穂積住宅_2025/11,001RB00001VTqaGYAT,a04RB00000kUAPbYAO,a0BRB00000ynn5T2AQ,2025/11,2025/11,2025-11-01,2025-11-30,,,,,33000,False,False,3,2026-06-21T16:13:56.000+0000,2026-08-06T00:50:25.000+0000,CN-00000125,株式会社穂積住宅,Activated,株式会社穂積住宅,,product_missing
"{'type': 'ContractLineItem__c', 'url': '/services/data/v67.0/sobjects/ContractLineItem__c/a03RB00001Nswn1YAB'}",a03RB00001Nswn1YAB,株式会社穂積住宅_2025/12,001RB00001VTqaGYAT,a04RB00000kUAPbYAO,a0BRB00000ynn5T2AQ,2025/12,2025/12,2025-12-01,2025-12-31,,,,,33000,False,False,3,2026-06-21T16:13:56.000+0000,2026-08-06T00:50:25.000+0000,CN-00000125,株式会社穂積住宅,Activated,株式会社穂積住宅,,product_missing
"{'type': 'ContractLineItem__c', 'url': '/services/data/v67.0/sobjects/ContractLineItem__c/a03RB00001Nswn2YAB'}",a03RB00001Nswn2YAB,株式会社穂積住宅_2026/01,001RB00001VTqaGYAT,a04RB00000kUAPbYAO,a0BRB00000ynn5T2AQ,2026/01,2026/01,2026-01-01,2026-01-31,,,,,33000,False,False,3,2026-06-21T16:13:56.000+0000,2026-08-06T00:50:25.000+0000,CN-00000125,株式会社穂積住宅,Activated,株式会社穂積住宅,,product_missing
"{'type': 'ContractLineItem__c', 'url': '/services/data/v67.0/sobjects/ContractLineItem__c/a03RB00001Nswn3YAB'}",a03RB00001Nswn3YAB,株式会社穂積住宅_2026/02,001RB00001VTqaGYAT,a04RB00000kUAPbYAO,a0BRB00000ynn5T2AQ,2026/02,2026/02,2026-02-01,2026-02-28,,,,,33000,False,False,3,2026-06-21T16:13:56.000+0000,2026-08-06T00:50:25.000+0000,CN-00000125,株式会社穂積住宅,Activated,株式会社穂積住宅,,product_missing
"{'type': 'ContractLineItem__c', 'url': '/services/data/v67.0/sobjects/ContractLineItem__c/a03RB00001Nswn7YAB'}",a03RB00001Nswn7YAB,有限会社タイセイプラン_2024/11,001RB00001VTtITYA1,a04RB00000kUAPcYAO,a0BRB00000ynn5U2AQ,2024/11,2024/11,2024-11-01,2024-11-30,,,,,11000,False,False,1,2026-06-21T16:13:56.000+0000,2026-07-28T02:33:21.000+0000,CN-00000126,有限会社タイセイプラン,解約,有限会社タイセイプラン,,product_missing
"{'type': 'ContractLineItem__c', 'url': '/services/data/v67.0/sobjects/ContractLineItem__c/a03RB00001Nswn8YAB'}",a03RB00001Nswn8YAB,有限会社タイセイプラン_2024/12,001RB00001VTtITYA1,a04RB00000kUAPcYAO,a0BRB00000ynn5U2AQ,2024/12,2024/12,2024-12-01,2024-12-31,,,,,11000,False,False,1,2026-06-21T16:13:56.000+0000,2026-07-28T02:33:21.000+0000,CN-00000126,有限会社タイセイプラン,解約,有限会社タイセイプラン,,product_missing
"{'type': 'ContractLineItem__c', 'url': '/services/data/v67.0/sobjects/ContractLineItem__c/a03RB00001Nswn9YAB'}",a03RB00001Nswn9YAB,有限会社タイセイプラン_2025/01,001RB00001VTtITYA1,a04RB00000kUAPcYAO,a0BRB00000ynn5U2AQ,2025/01,2025/01,2025-01-01,2025-01-31,,,,,11000,False,False,1,2026-06-21T16:13:56.000+0000,2026-07-28T02:33:21.000+0000,CN-00000126,有限会社タイセイプラン,解約,有限会社タイセイプラン,,product_missing
"{'type': 'ContractLineItem__c', 'url': '/services/data/v67.0/sobjects/ContractLineItem__c/a03RB00001NswnAYAR'}",a03RB00001NswnAYAR,有限会社タイセイプラン_2025/02,001RB00001VTtITYA1,a04RB00000kUAPcYAO,a0BRB00000ynn5U2AQ,2025/02,2025/02,2025-02-01,2025-02-28,,,,,11000,False,False,1,2026-06-21T16:13:56.000+0000,2026-07-28T02:33:21.000+0000,CN-00000126,有限会社タイセイプラン,解約,有限会社タイセイプラン,,product_missing
"{'type': 'ContractLineItem__c', 'url': '/services/data/v67.0/sobjects/ContractLineItem__c/a03RB00001NswnBYAR'}",a03RB00001NswnBYAR,有限会社タイセイプラン_2025/03,001RB00001VTtITYA1,a04RB00000kUAPcYAO,a0BRB00000ynn5U2AQ,2025/03,2025/03,2025-03-01,2025-03-31,,,,,11000,False,False,1,2026-06-21T16:13:56.000+0000,2026-07-28T02:33:21.000+0000,CN-00000126,有限会社タイセイプラン,解約,有限会社タイセイプラン,,product_missing
"{'type': 'ContractLineItem__c', 'url': '/services/data/v67.0/sobjects/ContractLineItem__c/a03RB00001NswnCYAR'}",a03RB00001NswnCYAR,有限会社タイセイプラン_2025/04,001RB00001VTtITYA1,a04RB00000kUAPcYAO,a0BRB00000ynn5U2AQ,2025/04,2025/04,2025-04-01,2025-04-30,,,,,11000,False,False,1,2026-06-21T16:13:56.000+0000,2026-07-28T02:33:21.000+0000,CN-00000126,有限会社タイセイプラン,解約,有限会社タイセイプラン,,product_missing
"{'type': 'ContractLineItem__c', 'url': '/services/data/v67.0/sobjects/ContractLineItem__c/a03RB00001NswnDYAR'}",a03RB00001NswnDYAR,有限会社タイセイプラン_2025/05,001RB00001VTtITYA1,a04RB00000kUAPcYAO,a0BRB00000ynn5U2AQ,2025/05,2025/05,2025-05-01,2025-05-31,,,,,11000,False,False,1,2026-06-21T16:13:56.000+0000,2026-07-28T02:33:21.000+0000,CN-00000126,有限会社タイセイプラン,解約,有限会社タイセイプラン,,product_missing
"{'type': 'ContractLineItem__c', 'url': '/services/data/v67.0/sobjects/ContractLineItem__c/a03RB00001NswnEYAR'}",a03RB00001NswnEYAR,有限会社タイセイプラン_2025/06,001RB00001VTtITYA1,a04RB00000kUAPcYAO,a0BRB00000ynn5U2AQ,2025/06,2025/06,2025-06-01,2025-06-30,,,,,11000,False,False,1,2026-06-21T16:13:56.000+0000,2026-07-28T02:33:21.000+0000,CN-00000126,有限会社タイセイプラン,解約,有限会社タイセイプラン,,product_missing
"{'type': 'ContractLineItem__c', 'url': '/services/data/v67.0/sobjects/ContractLineItem__c/a03RB00001NswnFYAR'}",a03RB00001NswnFYAR,有限会社タイセイプラン_2025/07,001RB00001VTtITYA1,a04RB00000kUAPcYAO,a0BRB00000ynn5U2AQ,2025/07,2025/07,2025-07-01,2025-07-31,,,,,11000,False,False,1,2026-06-21T16:13:56.000+0000,2026-07-28T02:33:21.000+0000,CN-00000126,有限会社タイセイプラン,解約,有限会社タイセイプラン,,product_missing
"{'type': 'ContractLineItem__c', 'url': '/services/data/v67.0/sobjects/ContractLineItem__c/a03RB00001NswnGYAR'}",a03RB00001NswnGYAR,有限会社タイセイプラン_2025/08,001RB00001VTtITYA1,a04RB00000kUAPcYAO,a0BRB00000ynn5U2AQ,2025/08,2025/08,2025-08-01,2025-08-31,,,,,11000,False,False,1,2026-06-21T16:13:56.000+0000,2026-07-28T02:33:21.000+0000,CN-00000126,有限会社タイセイプラン,解約,有限会社タイセイプラン,,product_missing
"{'type': 'ContractLineItem__c', 'url': '/services/data/v67.0/sobjects/ContractLineItem__c/a03RB00001NswnHYAR'}",a03RB00001NswnHYAR,有限会社タイセイプラン_2025/09,001RB00001VTtITYA1,a04RB00000kUAPcYAO,a0BRB00000ynn5U2AQ,2025/09,2025/09,2025-09-01,2025-09-30,,,,,11000,False,False,1,2026-06-21T16:13:56.000+0000,2026-07-28T02:33:21.000+0000,CN-00000126,有限会社タイセイプラン,解約,有限会社タイセイプラン,,product_missing
"{'type': 'ContractLineItem__c', 'url': '/services/data/v67.0/sobjects/ContractLineItem__c/a03RB00001NswnIYAR'}",a03RB00001NswnIYAR,有限会社タイセイプラン_2025/10,001RB00001VTtITYA1,a04RB00000kUAPcYAO,a0BRB00000ynn5U2AQ,2025/10,2025/10,2025-10-01,2025-10-31,,,,,11000,False,False,1,2026-06-21T16:13:56.000+0000,2026-07-28T02:33:21.000+0000,CN-00000126,有限会社タイセイプラン,解約,有限会社タイセイプラン,,product_missing
"{'type': 'ContractLineItem__c', 'url': '/services/data/v67.0/sobjects/ContractLineItem__c/a03RB00001NswnJYAR'}",a03RB00001NswnJYAR,有限会社タイセイプラン_2025/11,001RB00001VTtITYA1,a04RB00000kUAPcYAO,a0BRB00000ynn5U2AQ,2025/11,2025/11,2025-11-01,2025-11-30,,,,,11000,False,False,1,2026-06-21T16:13:56.000+0000,2026-07-28T02:33:21.000+0000,CN-00000126,有限会社タイセイプラン,解約,有限会社タイセイプラン,,product_missing
"{'type': 'ContractLineItem__c', 'url': '/services/data/v67.0/sobjects/ContractLineItem__c/a03RB00001NswnKYAR'}",a03RB00001NswnKYAR,有限会社タイセイプラン_2025/12,001RB00001VTtITYA1,a04RB00000kUAPcYAO,a0BRB00000ynn5U2AQ,2025/12,2025/12,2025-12-01,2025-12-31,,,,,11000,False,False,1,2026-06-21T16:13:56.000+0000,2026-07-28T02:33:21.000+0000,CN-00000126,有限会社タイセイプラン,解約,有限会社タイセイプラン,,product_missing
"{'type': 'ContractLineItem__c', 'url': '/services/data/v67.0/sobjects/ContractLineItem__c/a03RB00001NswnLYAR'}",a03RB00001NswnLYAR,有限会社タイセイプラン_2026/01,001RB00001VTtITYA1,a04RB00000kUAPcYAO,a0BRB00000ynn5U2AQ,2026/01,2026/01,2026-01-01,2026-01-31,,,,,11000,False,False,1,2026-06-21T16:13:56.000+0000,2026-07-28T02:33:21.000+0000,CN-00000126,有限会社タイセイプラン,解約,有限会社タイセイプラン,,product_missing
"{'type': 'ContractLineItem__c', 'url': '/services/data/v67.0/sobjects/ContractLineItem__c/a03RB00001NswnMYAR'}",a03RB00001NswnMYAR,有限会社タイセイプラン_2026/02,001RB00001VTtITYA1,a04RB00000kUAPcYAO,a0BRB00000ynn5U2AQ,2026/02,2026/02,2026-02-01,2026-02-28,,,,,11000,False,False,1,2026-06-21T16:13:56.000+0000,2026-07-28T02:33:21.000+0000,CN-00000126,有限会社タイセイプラン,解約,有限会社タイセイプラン,,product_missing
"{'type': 'ContractLineItem__c', 'url': '/services/data/v67.0/sobjects/ContractLineItem__c/a03RB00001NswnNYAR'}",a03RB00001NswnNYAR,リアルティホールディングス株式会社_2025/01,001RB00001VTtIUYA1,a04RB00000kUAPdYAO,a0BRB00000ynn5V2AQ,2025/01,2025/01,2025-01-01,2025-01-31,,,,,163125,False,False,1,2026-06-21T16:13:56.000+0000,2026-08-06T00:50:25.000+0000,CN-00000127,リアルティホールディングス株式会社,解約,リアルティホールディングス株式会社,,product_missing
"{'type': 'ContractLineItem__c', 'url': '/services/data/v67.0/sobjects/ContractLineItem__c/a03RB00001NswnOYAR'}",a03RB00001NswnOYAR,リアルティホールディングス株式会社_2025/02,001RB00001VTtIUYA1,a04RB00000kUAPdYAO,a0BRB00000ynn5V2AQ,2025/02,2025/02,2025-02-01,2025-02-28,,,,,159500,False,False,,2026-06-21T16:13:56.000+0000,2026-08-06T00:50:25.000+0000,CN-00000127,リアルティホールディングス株式会社,解約,リアルティホールディングス株式会社,,product_missing
"{'type': 'ContractLineItem__c', 'url': '/services/data/v67.0/sobjects/ContractLineItem__c/a03RB00001NswnPYAR'}",a03RB00001NswnPYAR,リアルティホールディングス株式会社_2025/03,001RB00001VTtIUYA1,a04RB00000kUAPdYAO,a0BRB00000ynn5V2AQ,2025/03,2025/03,2025-03-01,2025-03-31,,,,,159500,False,False,1,2026-06-21T16:13:56.000+0000,2026-08-06T00:50:25.000+0000,CN-00000127,リアルティホールディングス株式会社,解約,リアルティホールディングス株式会社,,product_missing
"{'type': 'ContractLineItem__c', 'url': '/services/data/v67.0/sobjects/ContractLineItem__c/a03RB00001NswnQYAR'}",a03RB00001NswnQYAR,リアルティホールディングス株式会社_2025/04,001RB00001VTtIUYA1,a04RB00000kUAPdYAO,a0BRB00000ynn5V2AQ,2025/04,2025/04,2025-04-01,2025-04-30,,,,,223300,False,False,1,2026-06-21T16:13:56.000+0000,2026-08-06T00:50:25.000+0000,CN-00000127,リアルティホールディングス株式会社,解約,リアルティホールディングス株式会社,,product_missing
"{'type': 'ContractLineItem__c', 'url': '/services/data/v67.0/sobjects/ContractLineItem__c/a03RB00001NswnRYAR'}",a03RB00001NswnRYAR,リアルティホールディングス株式会社_2025/05,001RB00001VTtIUYA1,a04RB00000kUAPdYAO,a0BRB00000ynn5V2AQ,2025/05,2025/05,2025-05-01,2025-05-31,,,,,223300,False,False,1,2026-06-21T16:13:56.000+0000,2026-08-06T00:50:25.000+0000,CN-00000127,リアルティホールディングス株式会社,解約,リアルティホールディングス株式会社,,product_missing
"{'type': 'ContractLineItem__c', 'url': '/services/data/v67.0/sobjects/ContractLineItem__c/a03RB00001NswnSYAR'}",a03RB00001NswnSYAR,リアルティホールディングス株式会社_2025/06,001RB00001VTtIUYA1,a04RB00000kUAPdYAO,a0BRB00000ynn5V2AQ,2025/06,2025/06,2025-06-01,2025-06-30,,,,,223300,False,False,1,2026-06-21T16:13:56.000+0000,2026-08-06T00:50:25.000+0000,CN-00000127,リアルティホールディングス株式会社,解約,リアルティホールディングス株式会社,,product_missing
"{'type': 'ContractLineItem__c', 'url': '/services/data/v67.0/sobjects/ContractLineItem__c/a03RB00001NswnTYAR'}",a03RB00001NswnTYAR,リアルティホールディングス株式会社_2025/07,001RB00001VTtIUYA1,a04RB00000kUAPdYAO,a0BRB00000ynn5V2AQ,2025/07,2025/07,2025-07-01,2025-07-31,,,,,174000,False,False,1,2026-06-21T16:13:56.000+0000,2026-08-06T00:50:25.000+0000,CN-00000127,リアルティホールディングス株式会社,解約,リアルティホールディングス株式会社,,product_missing
"{'type': 'ContractLineItem__c', 'url': '/services/data/v67.0/sobjects/ContractLineItem__c/a03RB00001NswnUYAR'}",a03RB00001NswnUYAR,リアルティホールディングス株式会社_2025/08,001RB00001VTtIUYA1,a04RB00000kUAPdYAO,a0BRB00000ynn5V2AQ,2025/08,2025/08,2025-08-01,2025-08-31,,,,,174000,False,False,1,2026-06-21T16:13:56.000+0000,2026-08-06T00:50:25.000+0000,CN-00000127,リアルティホールディングス株式会社,解約,リアルティホールディングス株式会社,,product_missing
"{'type': 'ContractLineItem__c', 'url': '/services/data/v67.0/sobjects/ContractLineItem__c/a03RB00001NswnVYAR'}",a03RB00001NswnVYAR,リアルティホールディングス株式会社_2025/09,001RB00001VTtIUYA1,a04RB00000kUAPdYAO,a0BRB00000ynn5V2AQ,2025/09,2025/09,2025-09-01,2025-09-30,,,,,135000,False,False,1,2026-06-21T16:13:56.000+0000,2026-08-06T00:50:25.000+0000,CN-00000127,リアルティホールディングス株式会社,解約,リアルティホールディングス株式会社,,product_missing
"{'type': 'ContractLineItem__c', 'url': '/services/data/v67.0/sobjects/ContractLineItem__c/a03RB00001NswnWYAR'}",a03RB00001NswnWYAR,リアルティホールディングス株式会社_2025/10,001RB00001VTtIUYA1,a04RB00000kUAPdYAO,a0BRB00000ynn5V2AQ,2025/10,2025/10,2025-10-01,2025-10-31,,,,,135000,False,False,1,2026-06-21T16:13:56.000+0000,2026-08-06T00:50:25.000+0000,CN-00000127,リアルティホールディングス株式会社,解約,リアルティホールディングス株式会社,,product_missing
"{'type': 'ContractLineItem__c', 'url': '/services/data/v67.0/sobjects/ContractLineItem__c/a03RB00001NswnXYAR'}",a03RB00001NswnXYAR,リアルティホールディングス株式会社_2025/11,001RB00001VTtIUYA1,a04RB00000kUAPdYAO,a0BRB00000ynn5V2AQ,2025/11,2025/11,2025-11-01,2025-11-30,,,,,135000,False,False,1,2026-06-21T16:13:56.000+0000,2026-08-06T00:50:25.000+0000,CN-00000127,リアルティホールディングス株式会社,解約,リアルティホールディングス株式会社,,product_missing
"{'type': 'ContractLineItem__c', 'url': '/services/data/v67.0/sobjects/ContractLineItem__c/a03RB00001NswnYYAR'}",a03RB00001NswnYYAR,リアルティホールディングス株式会社_2025/12,001RB00001VTtIUYA1,a04RB00000kUAPdYAO,a0BRB00000ynn5V2AQ,2025/12,2025/12,2025-12-01,2025-12-31,,,,,135000,False,False,1,2026-06-21T16:13:56.000+0000,2026-08-06T00:50:25.000+0000,CN-00000127,リアルティホールディングス株式会社,解約,リアルティホールディングス株式会社,,product_missing
"{'type': 'ContractLineItem__c', 'url': '/services/data/v67.0/sobjects/ContractLineItem__c/a03RB00001NswnZYAR'}",a03RB00001NswnZYAR,リアルティホールディングス株式会社_2026/01,001RB00001VTtIUYA1,a04RB00000kUAPdYAO,a0BRB00000ynn5V2AQ,2026/01,2026/01,2026-01-01,2026-01-31,,,,,135000,False,False,1,2026-06-21T16:13:56.000+0000,2026-08-06T00:50:25.000+0000,CN-00000127,リアルティホールディングス株式会社,解約,リアルティホールディングス株式会社,,product_missing
"{'type': 'ContractLineItem__c', 'url': '/services/data/v67.0/sobjects/ContractLineItem__c/a03RB00001NswnaYAB'}",a03RB00001NswnaYAB,リアルティホールディングス株式会社_2026/02,001RB00001VTtIUYA1,a04RB00000kUAPdYAO,a0BRB00000ynn5V2AQ,2026/02,2026/02,2026-02-01,2026-02-28,,,,,174000,False,False,1,2026-06-21T16:13:56.000+0000,2026-08-06T00:50:25.000+0000,CN-00000127,リアルティホールディングス株式会社,解約,リアルティホールディングス株式会社,,product_missing
"{'type': 'ContractLineItem__c', 'url': '/services/data/v67.0/sobjects/ContractLineItem__c/a03RB00001NswnbYAB'}",a03RB00001NswnbYAB,リアルティホールディングス株式会社_2026/03,001RB00001VTtIUYA1,a04RB00000kUAPdYAO,a0BRB00000ynn5V2AQ,2026/03,2026/03,2026-03-01,2026-03-31,,,,,159500,False,False,1,2026-06-21T16:13:56.000+0000,2026-08-06T00:50:25.000+0000,CN-00000127,リアルティホールディングス株式会社,解約,リアルティホールディングス株式会社,,product_missing
"{'type': 'ContractLineItem__c', 'url': '/services/data/v67.0/sobjects/ContractLineItem__c/a03RB00001NswncYAB'}",a03RB00001NswncYAB,リアルティホールディングス株式会社_2026/04,001RB00001VTtIUYA1,a04RB00000kUAPdYAO,a0BRB00000ynn5V2AQ,2026/04,2026/04,2026-04-01,2026-04-30,,,a00RB00002B5oLHYAZ,,159500,False,False,1,2026-06-21T16:13:56.000+0000,2026-08-06T00:50:25.000+0000,CN-00000127,リアルティホールディングス株式会社,解約,リアルティホールディングス株式会社,,product_missing
"{'type': 'ContractLineItem__c', 'url': '/services/data/v67.0/sobjects/ContractLineItem__c/a03RB00001NswndYAB'}",a03RB00001NswndYAB,リアルティホールディングス株式会社_2026/05,001RB00001VTtIUYA1,a04RB00000kUAPdYAO,a0BRB00000ynn5V2AQ,2026/05,2026/05,2026-05-01,2026-05-31,,,a00RB00002B5oLCYAZ,,159500,False,False,1,2026-06-21T16:13:57.000+0000,2026-08-06T00:50:25.000+0000,CN-00000127,リアルティホールディングス株式会社,解約,リアルティホールディングス株式会社,,product_missing
"{'type': 'ContractLineItem__c', 'url': '/services/data/v67.0/sobjects/ContractLineItem__c/a03RB00001NswneYAB'}",a03RB00001NswneYAB,株式会社ライフラインサービス_2025/01,001RB00001VTqa6YAD,a04RB00000kUAPeYAO,a0BRB00000ynn5W2AQ,2025/01,2025/01,2025-01-01,2025-01-31,,,,,11000,False,False,1,2026-06-21T16:13:57.000+0000,2026-07-28T02:33:21.000+0000,CN-00000128,株式会社ライフラインサービス,解約,株式会社ライフラインサービス,,product_missing
"{'type': 'ContractLineItem__c', 'url': '/services/data/v67.0/sobjects/ContractLineItem__c/a03RB00001NswnfYAB'}",a03RB00001NswnfYAB,株式会社ライフラインサービス_2025/02,001RB00001VTqa6YAD,a04RB00000kUAPeYAO,a0BRB00000ynn5W2AQ,2025/02,2025/02,2025-02-01,2025-02-28,,,,,11000,False,False,1,2026-06-21T16:13:57.000+0000,2026-07-28T02:33:21.000+0000,CN-00000128,株式会社ライフラインサービス,解約,株式会社ライフラインサービス,,product_missing
"{'type': 'ContractLineItem__c', 'url': '/services/data/v67.0/sobjects/ContractLineItem__c/a03RB00001NswngYAB'}",a03RB00001NswngYAB,株式会社ライフラインサービス_2025/03,001RB00001VTqa6YAD,a04RB00000kUAPeYAO,a0BRB00000ynn5W2AQ,2025/03,2025/03,2025-03-01,2025-03-31,,,,,11000,False,False,1,2026-06-21T16:13:57.000+0000,2026-07-28T02:33:21.000+0000,CN-00000128,株式会社ライフラインサービス,解約,株式会社ライフラインサービス,,product_missing
"{'type': 'ContractLineItem__c', 'url': '/services/data/v67.0/sobjects/ContractLineItem__c/a03RB00001NswnhYAB'}",a03RB00001NswnhYAB,株式会社ライフラインサービス_2025/04,001RB00001VTqa6YAD,a04RB00000kUAPeYAO,a0BRB00000ynn5W2AQ,2025/04,2025/04,2025-04-01,2025-04-30,,,,,11000,False,False,1,2026-06-21T16:13:57.000+0000,2026-07-28T02:33:21.000+0000,CN-00000128,株式会社ライフラインサービス,解約,株式会社ライフラインサービス,,product_missing
"{'type': 'ContractLineItem__c', 'url': '/services/data/v67.0/sobjects/ContractLineItem__c/a03RB00001NswniYAB'}",a03RB00001NswniYAB,株式会社ライフラインサービス_2025/05,001RB00001VTqa6YAD,a04RB00000kUAPeYAO,a0BRB00000ynn5W2AQ,2025/05,2025/05,2025-05-01,2025-05-31,,,,,11000,False,False,1,2026-06-21T16:13:57.000+0000,2026-07-28T02:33:21.000+0000,CN-00000128,株式会社ライフラインサービス,解約,株式会社ライフラインサービス,,product_missing
"{'type': 'ContractLineItem__c', 'url': '/services/data/v67.0/sobjects/ContractLineItem__c/a03RB00001NswnjYAB'}",a03RB00001NswnjYAB,株式会社ライフラインサービス_2025/06,001RB00001VTqa6YAD,a04RB00000kUAPeYAO,a0BRB00000ynn5W2AQ,2025/06,2025/06,2025-06-01,2025-06-30,,,,,11000,False,False,1,2026-06-21T16:13:57.000+0000,2026-07-28T02:33:21.000+0000,CN-00000128,株式会社ライフラインサービス,解約,株式会社ライフラインサービス,,product_missing
"{'type': 'ContractLineItem__c', 'url': '/services/data/v67.0/sobjects/ContractLineItem__c/a03RB00001NswnkYAB'}",a03RB00001NswnkYAB,株式会社ライフラインサービス_2025/07,001RB00001VTqa6YAD,a04RB00000kUAPeYAO,a0BRB00000ynn5W2AQ,2025/07,2025/07,2025-07-01,2025-07-31,,,,,11000,False,False,1,2026-06-21T16:13:57.000+0000,2026-07-28T02:33:21.000+0000,CN-00000128,株式会社ライフラインサービス,解約,株式会社ライフラインサービス,,product_missing
"{'type': 'ContractLineItem__c', 'url': '/services/data/v67.0/sobjects/ContractLineItem__c/a03RB00001NswnlYAB'}",a03RB00001NswnlYAB,株式会社ライフラインサービス_2025/08,001RB00001VTqa6YAD,a04RB00000kUAPeYAO,a0BRB00000ynn5W2AQ,2025/08,2025/08,2025-08-01,2025-08-31,,,,,11000,False,False,1,2026-06-21T16:13:57.000+0000,2026-07-28T02:33:21.000+0000,CN-00000128,株式会社ライフラインサービス,解約,株式会社ライフラインサービス,,product_missing
"{'type': 'ContractLineItem__c', 'url': '/services/data/v67.0/sobjects/ContractLineItem__c/a03RB00001NswnmYAB'}",a03RB00001NswnmYAB,株式会社シアーズホーム(旧：株式会社サンタ不動産）_2025/02,001RB00001VTtIVYA1,a04RB00000kUAPfYAO,a0BRB00000ynn5X2AQ,2025/02,2025/02,2025-02-01,2025-02-28,,,,,11000,False,False,1,2026-06-21T16:13:57.000+0000,2026-07-28T02:33:21.000+0000,CN-00000129,株式会社シアーズホーム(旧：株式会社サンタ不動産）,解約,株式会社シアーズホーム,,product_missing
"{'type': 'ContractLineItem__c', 'url': '/services/data/v67.0/sobjects/ContractLineItem__c/a03RB00001NswnnYAB'}",a03RB00001NswnnYAB,株式会社シアーズホーム(旧：株式会社サンタ不動産）_2025/03,001RB00001VTtIVYA1,a04RB00000kUAPfYAO,a0BRB00000ynn5X2AQ,2025/03,2025/03,2025-03-01,2025-03-31,,,,,11000,False,False,1,2026-06-21T16:13:57.000+0000,2026-07-28T02:33:21.000+0000,CN-00000129,株式会社シアーズホーム(旧：株式会社サンタ不動産）,解約,株式会社シアーズホーム,,product_missing
"{'type': 'ContractLineItem__c', 'url': '/services/data/v67.0/sobjects/ContractLineItem__c/a03RB00001NswnoYAB'}",a03RB00001NswnoYAB,株式会社シアーズホーム(旧：株式会社サンタ不動産）_2025/04,001RB00001VTtIVYA1,a04RB00000kUAPfYAO,a0BRB00000ynn5X2AQ,2025/04,2025/04,2025-04-01,2025-04-30,,,,,11000,False,False,1,2026-06-21T16:13:57.000+0000,2026-07-28T02:33:21.000+0000,CN-00000129,株式会社シアーズホーム(旧：株式会社サンタ不動産）,解約,株式会社シアーズホーム,,product_missing
"{'type': 'ContractLineItem__c', 'url': '/services/data/v67.0/sobjects/ContractLineItem__c/a03RB00001NswnpYAB'}",a03RB00001NswnpYAB,株式会社シアーズホーム(旧：株式会社サンタ不動産）_2025/05,001RB00001VTtIVYA1,a04RB00000kUAPfYAO,a0BRB00000ynn5X2AQ,2025/05,2025/05,2025-05-01,2025-05-31,,,,,11000,False,False,1,2026-06-21T16:13:57.000+0000,2026-07-28T02:33:21.000+0000,CN-00000129,株式会社シアーズホーム(旧：株式会社サンタ不動産）,解約,株式会社シアーズホーム,,product_missing
"{'type': 'ContractLineItem__c', 'url': '/services/data/v67.0/sobjects/ContractLineItem__c/a03RB00001NswnqYAB'}",a03RB00001NswnqYAB,株式会社シアーズホーム(旧：株式会社サンタ不動産）_2025/06,001RB00001VTtIVYA1,a04RB00000kUAPfYAO,a0BRB00000ynn5X2AQ,2025/06,2025/06,2025-06-01,2025-06-30,,,,,11000,False,False,1,2026-06-21T16:13:57.000+0000,2026-07-28T02:33:21.000+0000,CN-00000129,株式会社シアーズホーム(旧：株式会社サンタ不動産）,解約,株式会社シアーズホーム,,product_missing
"{'type': 'ContractLineItem__c', 'url': '/services/data/v67.0/sobjects/ContractLineItem__c/a03RB00001NswnrYAB'}",a03RB00001NswnrYAB,株式会社シアーズホーム(旧：株式会社サンタ不動産）_2025/07,001RB00001VTtIVYA1,a04RB00000kUAPfYAO,a0BRB00000ynn5X2AQ,2025/07,2025/07,2025-07-01,2025-07-31,,,,,11000,False,False,1,2026-06-21T16:13:57.000+0000,2026-07-28T02:33:21.000+0000,CN-00000129,株式会社シアーズホーム(旧：株式会社サンタ不動産）,解約,株式会社シアーズホーム,,product_missing
"{'type': 'ContractLineItem__c', 'url': '/services/data/v67.0/sobjects/ContractLineItem__c/a03RB00001NswnsYAB'}",a03RB00001NswnsYAB,株式会社シアーズホーム(旧：株式会社サンタ不動産）_2025/08,001RB00001VTtIVYA1,a04RB00000kUAPfYAO,a0BRB00000ynn5X2AQ,2025/08,2025/08,2025-08-01,2025-08-31,,,,,11000,False,False,1,2026-06-21T16:13:57.000+0000,2026-07-28T02:33:21.000+0000,CN-00000129,株式会社シアーズホーム(旧：株式会社サンタ不動産）,解約,株式会社シアーズホーム,,product_missing
"{'type': 'ContractLineItem__c', 'url': '/services/data/v67.0/sobjects/ContractLineItem__c/a03RB00001NswntYAB'}",a03RB00001NswntYAB,株式会社シアーズホーム(旧：株式会社サンタ不動産）_2025/09,001RB00001VTtIVYA1,a04RB00000kUAPfYAO,a0BRB00000ynn5X2AQ,2025/09,2025/09,2025-09-01,2025-09-30,,,,,11000,False,False,1,2026-06-21T16:13:57.000+0000,2026-07-28T02:33:21.000+0000,CN-00000129,株式会社シアーズホーム(旧：株式会社サンタ不動産）,解約,株式会社シアーズホーム,,product_missing
"{'type': 'ContractLineItem__c', 'url': '/services/data/v67.0/sobjects/ContractLineItem__c/a03RB00001NswnuYAB'}",a03RB00001NswnuYAB,株式会社シアーズホーム(旧：株式会社サンタ不動産）_2025/10,001RB00001VTtIVYA1,a04RB00000kUAPfYAO,a0BRB00000ynn5X2AQ,2025/10,2025/10,2025-10-01,2025-10-31,,,,,11000,False,False,1,2026-06-21T16:13:57.000+0000,2026-07-28T02:33:21.000+0000,CN-00000129,株式会社シアーズホーム(旧：株式会社サンタ不動産）,解約,株式会社シアーズホーム,,product_missing
"{'type': 'ContractLineItem__c', 'url': '/services/data/v67.0/sobjects/ContractLineItem__c/a03RB00001NswnvYAB'}",a03RB00001NswnvYAB,株式会社シアーズホーム(旧：株式会社サンタ不動産）_2025/11,001RB00001VTtIVYA1,a04RB00000kUAPfYAO,a0BRB00000ynn5X2AQ,2025/11,2025/11,2025-11-01,2025-11-30,,,,,11000,False,False,1,2026-06-21T16:13:57.000+0000,2026-07-28T02:33:21.000+0000,CN-00000129,株式会社シアーズホーム(旧：株式会社サンタ不動産）,解約,株式会社シアーズホーム,,product_missing
"{'type': 'ContractLineItem__c', 'url': '/services/data/v67.0/sobjects/ContractLineItem__c/a03RB00001NswnwYAB'}",a03RB00001NswnwYAB,株式会社シアーズホーム(旧：株式会社サンタ不動産）_2025/12,001RB00001VTtIVYA1,a04RB00000kUAPfYAO,a0BRB00000ynn5X2AQ,2025/12,2025/12,2025-12-01,2025-12-31,,,,,11000,False,False,1,2026-06-21T16:13:57.000+0000,2026-07-28T02:33:21.000+0000,CN-00000129,株式会社シアーズホーム(旧：株式会社サンタ不動産）,解約,株式会社シアーズホーム,,product_missing
"{'type': 'ContractLineItem__c', 'url': '/services/data/v67.0/sobjects/ContractLineItem__c/a03RB00001NswnxYAB'}",a03RB00001NswnxYAB,株式会社シアーズホーム(旧：株式会社サンタ不動産）_2026/01,001RB00001VTtIVYA1,a04RB00000kUAPfYAO,a0BRB00000ynn5X2AQ,2026/01,2026/01,2026-01-01,2026-01-31,,,,,11000,False,False,1,2026-06-21T16:13:57.000+0000,2026-07-28T02:33:21.000+0000,CN-00000129,株式会社シアーズホーム(旧：株式会社サンタ不動産）,解約,株式会社シアーズホーム,,product_missing
"{'type': 'ContractLineItem__c', 'url': '/services/data/v67.0/sobjects/ContractLineItem__c/a03RB00001NswnyYAB'}",a03RB00001NswnyYAB,株式会社シアーズホーム(旧：株式会社サンタ不動産）_2026/02,001RB00001VTtIVYA1,a04RB00000kUAPfYAO,a0BRB00000ynn5X2AQ,2026/02,2026/02,2026-02-01,2026-02-28,,,,,11000,False,False,1,2026-06-21T16:13:57.000+0000,2026-07-28T02:33:21.000+0000,CN-00000129,株式会社シアーズホーム(旧：株式会社サンタ不動産）,解約,株式会社シアーズホーム,,product_missing
"{'type': 'ContractLineItem__c', 'url': '/services/data/v67.0/sobjects/ContractLineItem__c/a03RB00001NswnzYAB'}",a03RB00001NswnzYAB,株式会社シアーズホーム(旧：株式会社サンタ不動産）_2026/03,001RB00001VTtIVYA1,a04RB00000kUAPfYAO,a0BRB00000ynn5X2AQ,2026/03,2026/03,2026-03-01,2026-03-31,,,,,11000,False,False,1,2026-06-21T16:13:57.000+0000,2026-07-28T02:33:21.000+0000,CN-00000129,株式会社シアーズホーム(旧：株式会社サンタ不動産）,解約,株式会社シアーズホーム,,product_missing
"{'type': 'ContractLineItem__c', 'url': '/services/data/v67.0/sobjects/ContractLineItem__c/a03RB00001Nswo0YAB'}",a03RB00001Nswo0YAB,株式会社ヨコハマ地所_2025/02,001RB00001VTqYlYAL,a04RB00000kUAPgYAO,a0BRB00000ynn5Y2AQ,2025/02,2025/02,2025-02-01,2025-02-28,,,,,11000,False,False,1,2026-06-21T16:13:57.000+0000,2026-07-28T02:33:21.000+0000,CN-00000130,株式会社ヨコハマ地所,Activated,ヨコハマ地所株式会社,,product_missing
"{'type': 'ContractLineItem__c', 'url': '/services/data/v67.0/sobjects/ContractLineItem__c/a03RB00001Nswo1YAB'}",a03RB00001Nswo1YAB,株式会社ヨコハマ地所_2025/03,001RB00001VTqYlYAL,a04RB00000kUAPgYAO,a0BRB00000ynn5Y2AQ,2025/03,2025/03,2025-03-01,2025-03-31,,,,,11000,False,False,1,2026-06-21T16:13:57.000+0000,2026-07-28T02:33:21.000+0000,CN-00000130,株式会社ヨコハマ地所,Activated,ヨコハマ地所株式会社,,product_missing
"{'type': 'ContractLineItem__c', 'url': '/services/data/v67.0/sobjects/ContractLineItem__c/a03RB00001Nswo2YAB'}",a03RB00001Nswo2YAB,株式会社ヨコハマ地所_2025/04,001RB00001VTqYlYAL,a04RB00000kUAPgYAO,a0BRB00000ynn5Y2AQ,2025/04,2025/04,2025-04-01,2025-04-30,,,,,11000,False,False,1,2026-06-21T16:13:57.000+0000,2026-07-28T02:33:21.000+0000,CN-00000130,株式会社ヨコハマ地所,Activated,ヨコハマ地所株式会社,,product_missing
"{'type': 'ContractLineItem__c', 'url': '/services/data/v67.0/sobjects/ContractLineItem__c/a03RB00001Nswo3YAB'}",a03RB00001Nswo3YAB,株式会社ヨコハマ地所_2025/05,001RB00001VTqYlYAL,a04RB00000kUAPgYAO,a0BRB00000ynn5Y2AQ,2025/05,2025/05,2025-05-01,2025-05-31,,,,,11000,False,False,1,2026-06-21T16:13:57.000+0000,2026-07-28T02:33:21.000+0000,CN-00000130,株式会社ヨコハマ地所,Activated,ヨコハマ地所株式会社,,product_missing
"{'type': 'ContractLineItem__c', 'url': '/services/data/v67.0/sobjects/ContractLineItem__c/a03RB00001Nswo4YAB'}",a03RB00001Nswo4YAB,株式会社ヨコハマ地所_2025/06,001RB00001VTqYlYAL,a04RB00000kUAPgYAO,a0BRB00000ynn5Y2AQ,2025/06,2025/06,2025-06-01,2025-06-30,,,,,11000,False,False,1,2026-06-21T16:13:57.000+0000,2026-07-28T02:33:21.000+0000,CN-00000130,株式会社ヨコハマ地所,Activated,ヨコハマ地所株式会社,,product_missing
"{'type': 'ContractLineItem__c', 'url': '/services/data/v67.0/sobjects/ContractLineItem__c/a03RB00001Nswo5YAB'}",a03RB00001Nswo5YAB,株式会社ヨコハマ地所_2025/07,001RB00001VTqYlYAL,a04RB00000kUAPgYAO,a0BRB00000ynn5Y2AQ,2025/07,2025/07,2025-07-01,2025-07-31,,,,,11000,False,False,1,2026-06-21T16:13:57.000+0000,2026-07-28T02:33:21.000+0000,CN-00000130,株式会社ヨコハマ地所,Activated,ヨコハマ地所株式会社,,product_missing
"{'type': 'ContractLineItem__c', 'url': '/services/data/v67.0/sobjects/ContractLineItem__c/a03RB00001Nswo6YAB'}",a03RB00001Nswo6YAB,株式会社ヨコハマ地所_2025/08,001RB00001VTqYlYAL,a04RB00000kUAPgYAO,a0BRB00000ynn5Y2AQ,2025/08,2025/08,2025-08-01,2025-08-31,,,,,11000,False,False,1,2026-06-21T16:13:57.000+0000,2026-07-28T02:33:21.000+0000,CN-00000130,株式会社ヨコハマ地所,Activated,ヨコハマ地所株式会社,,product_missing
"{'type': 'ContractLineItem__c', 'url': '/services/data/v67.0/sobjects/ContractLineItem__c/a03RB00001Nswo7YAB'}",a03RB00001Nswo7YAB,株式会社ヨコハマ地所_2025/09,001RB00001VTqYlYAL,a04RB00000kUAPgYAO,a0BRB00000ynn5Y2AQ,2025/09,2025/09,2025-09-01,2025-09-30,,,,,11000,False,False,1,2026-06-21T16:13:57.000+0000,2026-07-28T02:33:21.000+0000,CN-00000130,株式会社ヨコハマ地所,Activated,ヨコハマ地所株式会社,,product_missing
"{'type': 'ContractLineItem__c', 'url': '/services/data/v67.0/sobjects/ContractLineItem__c/a03RB00001Nswo8YAB'}",a03RB00001Nswo8YAB,株式会社ヨコハマ地所_2025/10,001RB00001VTqYlYAL,a04RB00000kUAPgYAO,a0BRB00000ynn5Y2AQ,2025/10,2025/10,2025-10-01,2025-10-31,,,,,11000,False,False,1,2026-06-21T16:13:57.000+0000,2026-07-28T02:33:21.000+0000,CN-00000130,株式会社ヨコハマ地所,Activated,ヨコハマ地所株式会社,,product_missing
"{'type': 'ContractLineItem__c', 'url': '/services/data/v67.0/sobjects/ContractLineItem__c/a03RB00001Nswo9YAB'}",a03RB00001Nswo9YAB,株式会社ヨコハマ地所_2025/11,001RB00001VTqYlYAL,a04RB00000kUAPgYAO,a0BRB00000ynn5Y2AQ,2025/11,2025/11,2025-11-01,2025-11-30,,,,,11000,False,False,1,2026-06-21T16:13:57.000+0000,2026-07-28T02:33:21.000+0000,CN-00000130,株式会社ヨコハマ地所,Activated,ヨコハマ地所株式会社,,product_missing
"{'type': 'ContractLineItem__c', 'url': '/services/data/v67.0/sobjects/ContractLineItem__c/a03RB00001NswoAYAR'}",a03RB00001NswoAYAR,株式会社ヨコハマ地所_2025/12,001RB00001VTqYlYAL,a04RB00000kUAPgYAO,a0BRB00000ynn5Y2AQ,2025/12,2025/12,2025-12-01,2025-12-31,,,,,11000,False,False,1,2026-06-21T16:13:57.000+0000,2026-07-28T02:33:21.000+0000,CN-00000130,株式会社ヨコハマ地所,Activated,ヨコハマ地所株式会社,,product_missing
"{'type': 'ContractLineItem__c', 'url': '/services/data/v67.0/sobjects/ContractLineItem__c/a03RB00001NswoBYAR'}",a03RB00001NswoBYAR,株式会社ヨコハマ地所_2026/01,001RB00001VTqYlYAL,a04RB00000kUAPgYAO,a0BRB00000ynn5Y2AQ,2026/01,2026/01,2026-01-01,2026-01-31,,,,,11000,False,False,1,2026-06-21T16:13:57.000+0000,2026-07-28T02:33:21.000+0000,CN-00000130,株式会社ヨコハマ地所,Activated,ヨコハマ地所株式会社,,product_missing
"{'type': 'ContractLineItem__c', 'url': '/services/data/v67.0/sobjects/ContractLineItem__c/a03RB00001NswoCYAR'}",a03RB00001NswoCYAR,株式会社ヨコハマ地所_2026/02,001RB00001VTqYlYAL,a04RB00000kUAPgYAO,a0BRB00000ynn5Y2AQ,2026/02,2026/02,2026-02-01,2026-02-28,,,,,11000,False,False,1,2026-06-21T16:13:57.000+0000,2026-07-28T02:33:21.000+0000,CN-00000130,株式会社ヨコハマ地所,Activated,ヨコハマ地所株式会社,,product_missing
"{'type': 'ContractLineItem__c', 'url': '/services/data/v67.0/sobjects/ContractLineItem__c/a03RB00001NswoDYAR'}",a03RB00001NswoDYAR,株式会社ヨコハマ地所_2026/03,001RB00001VTqYlYAL,a04RB00000kUAPgYAO,a0BRB00000ynn5Y2AQ,2026/03,2026/03,2026-03-01,2026-03-31,,,,,11000,False,False,1,2026-06-21T16:13:57.000+0000,2026-07-28T02:33:21.000+0000,CN-00000130,株式会社ヨコハマ地所,Activated,ヨコハマ地所株式会社,,product_missing
"{'type': 'ContractLineItem__c', 'url': '/services/data/v67.0/sobjects/ContractLineItem__c/a03RB00001NswoEYAR'}",a03RB00001NswoEYAR,株式会社ヨコハマ地所_2026/04,001RB00001VTqYlYAL,a04RB00000kUAPgYAO,a0BRB00000ynn5Y2AQ,2026/04,2026/04,2026-04-01,2026-04-30,,,,,11000,False,False,1,2026-06-21T16:13:57.000+0000,2026-07-28T02:33:21.000+0000,CN-00000130,株式会社ヨコハマ地所,Activated,ヨコハマ地所株式会社,,product_missing
"{'type': 'ContractLineItem__c', 'url': '/services/data/v67.0/sobjects/ContractLineItem__c/a03RB00001NswoFYAR'}",a03RB00001NswoFYAR,株式会社ヨコハマ地所_2026/05,001RB00001VTqYlYAL,a04RB00000kUAPgYAO,a0BRB00000ynn5Y2AQ,2026/05,2026/05,2026-05-01,2026-05-31,,,,,11000,False,False,1,2026-06-21T16:13:57.000+0000,2026-07-28T02:33:21.000+0000,CN-00000130,株式会社ヨコハマ地所,Activated,ヨコハマ地所株式会社,,product_missing
"{'type': 'ContractLineItem__c', 'url': '/services/data/v67.0/sobjects/ContractLineItem__c/a03RB00001NswoGYAR'}",a03RB00001NswoGYAR,株式会社Housebank千葉_2025/01,001RB00001VTtIWYA1,a04RB00000kUAPhYAO,a0BRB00000ynn5a2AA,2025/01,2025/01,2025-01-01,2025-01-31,,,,,11000,False,False,1,2026-06-21T16:13:57.000+0000,2026-07-28T02:33:21.000+0000,CN-00000131,株式会社Housebank千葉,解約,株式会社Housebank千葉,,product_missing
"{'type': 'ContractLineItem__c', 'url': '/services/data/v67.0/sobjects/ContractLineItem__c/a03RB00001NswoHYAR'}",a03RB00001NswoHYAR,株式会社Housebank千葉_2025/02,001RB00001VTtIWYA1,a04RB00000kUAPhYAO,a0BRB00000ynn5a2AA,2025/02,2025/02,2025-02-01,2025-02-28,,,,,11000,False,False,1,2026-06-21T16:13:57.000+0000,2026-07-28T02:33:21.000+0000,CN-00000131,株式会社Housebank千葉,解約,株式会社Housebank千葉,,product_missing
"{'type': 'ContractLineItem__c', 'url': '/services/data/v67.0/sobjects/ContractLineItem__c/a03RB00001NswoIYAR'}",a03RB00001NswoIYAR,株式会社Housebank千葉_2025/01,001RB00001VTtIWYA1,a04RB00000kUAPhYAO,a0BRB00000ynn5a2AA,2025/01,2025/01,2025-01-01,2025-01-31,,,,,55000,False,False,1,2026-06-21T16:13:57.000+0000,2026-07-28T02:33:21.000+0000,CN-00000131,株式会社Housebank千葉,解約,株式会社Housebank千葉,,product_missing
"{'type': 'ContractLineItem__c', 'url': '/services/data/v67.0/sobjects/ContractLineItem__c/a03RB00001NswoJYAR'}",a03RB00001NswoJYAR,株式会社Housebank千葉_2025/02,001RB00001VTtIWYA1,a04RB00000kUAPhYAO,a0BRB00000ynn5a2AA,2025/02,2025/02,2025-02-01,2025-02-28,,,,,55000,False,False,1,2026-06-21T16:13:57.000+0000,2026-07-28T02:33:21.000+0000,CN-00000131,株式会社Housebank千葉,解約,株式会社Housebank千葉,,product_missing
"{'type': 'ContractLineItem__c', 'url': '/services/data/v67.0/sobjects/ContractLineItem__c/a03RB00001NswoKYAR'}",a03RB00001NswoKYAR,株式会社Housebank千葉_2025/03,001RB00001VTtIWYA1,a04RB00000kUAPhYAO,a0BRB00000ynn5a2AA,2025/03,2025/03,2025-03-01,2025-03-31,,,,,55000,False,False,1,2026-06-21T16:13:57.000+0000,2026-07-28T02:33:21.000+0000,CN-00000131,株式会社Housebank千葉,解約,株式会社Housebank千葉,,product_missing
"{'type': 'ContractLineItem__c', 'url': '/services/data/v67.0/sobjects/ContractLineItem__c/a03RB00001NswoLYAR'}",a03RB00001NswoLYAR,株式会社Housebank千葉_2025/04,001RB00001VTtIWYA1,a04RB00000kUAPhYAO,a0BRB00000ynn5a2AA,2025/04,2025/04,2025-04-01,2025-04-30,,,,,55000,False,False,1,2026-06-21T16:13:57.000+0000,2026-07-28T02:33:21.000+0000,CN-00000131,株式会社Housebank千葉,解約,株式会社Housebank千葉,,product_missing
"{'type': 'ContractLineItem__c', 'url': '/services/data/v67.0/sobjects/ContractLineItem__c/a03RB00001NswoMYAR'}",a03RB00001NswoMYAR,株式会社Housebank千葉_2025/05,001RB00001VTtIWYA1,a04RB00000kUAPhYAO,a0BRB00000ynn5a2AA,2025/05,2025/05,2025-05-01,2025-05-31,,,,,55000,False,False,1,2026-06-21T16:13:57.000+0000,2026-07-28T02:33:21.000+0000,CN-00000131,株式会社Housebank千葉,解約,株式会社Housebank千葉,,product_missing
"{'type': 'ContractLineItem__c', 'url': '/services/data/v67.0/sobjects/ContractLineItem__c/a03RB00001NswoNYAR'}",a03RB00001NswoNYAR,株式会社Housebank千葉_2025/06,001RB00001VTtIWYA1,a04RB00000kUAPhYAO,a0BRB00000ynn5a2AA,2025/06,2025/06,2025-06-01,2025-06-30,,,,,55000,False,False,1,2026-06-21T16:13:57.000+0000,2026-07-28T02:33:21.000+0000,CN-00000131,株式会社Housebank千葉,解約,株式会社Housebank千葉,,product_missing
"{'type': 'ContractLineItem__c', 'url': '/services/data/v67.0/sobjects/ContractLineItem__c/a03RB00001NswoOYAR'}",a03RB00001NswoOYAR,株式会社Housebank千葉_2025/07,001RB00001VTtIWYA1,a04RB00000kUAPhYAO,a0BRB00000ynn5a2AA,2025/07,2025/07,2025-07-01,2025-07-31,,,,,55000,False,False,1,2026-06-21T16:13:57.000+0000,2026-07-28T02:33:21.000+0000,CN-00000131,株式会社Housebank千葉,解約,株式会社Housebank千葉,,product_missing
"{'type': 'ContractLineItem__c', 'url': '/services/data/v67.0/sobjects/ContractLineItem__c/a03RB00001NswoPYAR'}",a03RB00001NswoPYAR,株式会社Housebank千葉_2025/08,001RB00001VTtIWYA1,a04RB00000kUAPhYAO,a0BRB00000ynn5a2AA,2025/08,2025/08,2025-08-01,2025-08-31,,,,,55000,False,False,1,2026-06-21T16:13:57.000+0000,2026-07-28T02:33:21.000+0000,CN-00000131,株式会社Housebank千葉,解約,株式会社Housebank千葉,,product_missing
"{'type': 'ContractLineItem__c', 'url': '/services/data/v67.0/sobjects/ContractLineItem__c/a03RB00001NswoQYAR'}",a03RB00001NswoQYAR,株式会社Housebank千葉_2025/09,001RB00001VTtIWYA1,a04RB00000kUAPhYAO,a0BRB00000ynn5a2AA,2025/09,2025/09,2025-09-01,2025-09-30,,,,,55000,False,False,1,2026-06-21T16:13:57.000+0000,2026-07-28T02:33:21.000+0000,CN-00000131,株式会社Housebank千葉,解約,株式会社Housebank千葉,,product_missing
"{'type': 'ContractLineItem__c', 'url': '/services/data/v67.0/sobjects/ContractLineItem__c/a03RB00001NswoRYAR'}",a03RB00001NswoRYAR,株式会社Housebank千葉_2025/10,001RB00001VTtIWYA1,a04RB00000kUAPhYAO,a0BRB00000ynn5a2AA,2025/10,2025/10,2025-10-01,2025-10-31,,,,,55000,False,False,1,2026-06-21T16:13:57.000+0000,2026-07-28T02:33:21.000+0000,CN-00000131,株式会社Housebank千葉,解約,株式会社Housebank千葉,,product_missing
"{'type': 'ContractLineItem__c', 'url': '/services/data/v67.0/sobjects/ContractLineItem__c/a03RB00001NswoSYAR'}",a03RB00001NswoSYAR,株式会社Housebank千葉_2025/11,001RB00001VTtIWYA1,a04RB00000kUAPhYAO,a0BRB00000ynn5a2AA,2025/11,2025/11,2025-11-01,2025-11-30,,,,,55000,False,False,1,2026-06-21T16:13:57.000+0000,2026-07-28T02:33:21.000+0000,CN-00000131,株式会社Housebank千葉,解約,株式会社Housebank千葉,,product_missing
"{'type': 'ContractLineItem__c', 'url': '/services/data/v67.0/sobjects/ContractLineItem__c/a03RB00001NswoTYAR'}",a03RB00001NswoTYAR,株式会社Housebank千葉_2025/12,001RB00001VTtIWYA1,a04RB00000kUAPhYAO,a0BRB00000ynn5a2AA,2025/12,2025/12,2025-12-01,2025-12-31,,,,,55000,False,False,1,2026-06-21T16:13:57.000+0000,2026-07-28T02:33:21.000+0000,CN-00000131,株式会社Housebank千葉,解約,株式会社Housebank千葉,,product_missing
"{'type': 'ContractLineItem__c', 'url': '/services/data/v67.0/sobjects/ContractLineItem__c/a03RB00001NswoUYAR'}",a03RB00001NswoUYAR,株式会社Housebank千葉_2026/01,001RB00001VTtIWYA1,a04RB00000kUAPhYAO,a0BRB00000ynn5a2AA,2026/01,2026/01,2026-01-01,2026-01-31,,,,,55000,False,False,1,2026-06-21T16:13:57.000+0000,2026-07-28T02:33:21.000+0000,CN-00000131,株式会社Housebank千葉,解約,株式会社Housebank千葉,,product_missing
"{'type': 'ContractLineItem__c', 'url': '/services/data/v67.0/sobjects/ContractLineItem__c/a03RB00001NswoVYAR'}",a03RB00001NswoVYAR,株式会社Housebank千葉_2026/02,001RB00001VTtIWYA1,a04RB00000kUAPhYAO,a0BRB00000ynn5a2AA,2026/02,2026/02,2026-02-01,2026-02-28,,,,,55000,False,False,1,2026-06-21T16:13:57.000+0000,2026-07-28T02:33:21.000+0000,CN-00000131,株式会社Housebank千葉,解約,株式会社Housebank千葉,,product_missing
"{'type': 'ContractLineItem__c', 'url': '/services/data/v67.0/sobjects/ContractLineItem__c/a03RB00001NswoWYAR'}",a03RB00001NswoWYAR,株式会社Housebank千葉_2026/03,001RB00001VTtIWYA1,a04RB00000kUAPhYAO,a0BRB00000ynn5a2AA,2026/03,2026/03,2026-03-01,2026-03-31,,,,,55000,False,False,1,2026-06-21T16:13:57.000+0000,2026-07-28T02:33:21.000+0000,CN-00000131,株式会社Housebank千葉,解約,株式会社Housebank千葉,,product_missing
"{'type': 'ContractLineItem__c', 'url': '/services/data/v67.0/sobjects/ContractLineItem__c/a03RB00001NswoXYAR'}",a03RB00001NswoXYAR,株式会社Housebank千葉_2026/04,001RB00001VTtIWYA1,a04RB00000kUAPhYAO,a0BRB00000ynn5a2AA,2026/04,2026/04,2026-04-01,2026-04-30,,,,,55000,False,False,1,2026-06-21T16:13:57.000+0000,2026-07-28T02:33:21.000+0000,CN-00000131,株式会社Housebank千葉,解約,株式会社Housebank千葉,,product_missing
"{'type': 'ContractLineItem__c', 'url': '/services/data/v67.0/sobjects/ContractLineItem__c/a03RB00001NswoYYAR'}",a03RB00001NswoYYAR,株式会社Housebank千葉_2026/05,001RB00001VTtIWYA1,a04RB00000kUAPhYAO,a0BRB00000ynn5a2AA,2026/05,2026/05,2026-05-01,2026-05-31,,,,,55000,False,False,1,2026-06-21T16:13:57.000+0000,2026-07-28T02:33:21.000+0000,CN-00000131,株式会社Housebank千葉,解約,株式会社Housebank千葉,,product_missing
"{'type': 'ContractLineItem__c', 'url': '/services/data/v67.0/sobjects/ContractLineItem__c/a03RB00001NswoZYAR'}",a03RB00001NswoZYAR,株式会社エージェント_2025/02,001RB00001VTqZWYA1,a04RB00000kUAPjYAO,a0BRB00000ynn5b2AA,2025/02,2025/02,2025-02-01,2025-02-28,,,,,11000,False,False,1,2026-06-21T16:13:57.000+0000,2026-08-06T00:50:25.000+0000,CN-00000133,株式会社エージェント,Activated,株式会社エージェント,,product_missing
"{'type': 'ContractLineItem__c', 'url': '/services/data/v67.0/sobjects/ContractLineItem__c/a03RB00001NswoaYAB'}",a03RB00001NswoaYAB,株式会社エージェント_2025/03,001RB00001VTqZWYA1,a04RB00000kUAPjYAO,a0BRB00000ynn5b2AA,2025/03,2025/03,2025-03-01,2025-03-31,,,,,11000,False,False,1,2026-06-21T16:13:57.000+0000,2026-08-06T00:50:25.000+0000,CN-00000133,株式会社エージェント,Activated,株式会社エージェント,,product_missing
"{'type': 'ContractLineItem__c', 'url': '/services/data/v67.0/sobjects/ContractLineItem__c/a03RB00001NswobYAB'}",a03RB00001NswobYAB,株式会社エージェント_2025/04,001RB00001VTqZWYA1,a04RB00000kUAPjYAO,a0BRB00000ynn5b2AA,2025/04,2025/04,2025-04-01,2025-04-30,,,,,11000,False,False,1,2026-06-21T16:13:57.000+0000,2026-08-06T00:50:25.000+0000,CN-00000133,株式会社エージェント,Activated,株式会社エージェント,,product_missing
"{'type': 'ContractLineItem__c', 'url': '/services/data/v67.0/sobjects/ContractLineItem__c/a03RB00001NswocYAB'}",a03RB00001NswocYAB,株式会社エージェント_2025/05,001RB00001VTqZWYA1,a04RB00000kUAPjYAO,a0BRB00000ynn5b2AA,2025/05,2025/05,2025-05-01,2025-05-31,,,,,11000,False,False,1,2026-06-21T16:13:57.000+0000,2026-08-06T00:50:25.000+0000,CN-00000133,株式会社エージェント,Activated,株式会社エージェント,,product_missing
"{'type': 'ContractLineItem__c', 'url': '/services/data/v67.0/sobjects/ContractLineItem__c/a03RB00001NswodYAB'}",a03RB00001NswodYAB,株式会社エージェント_2025/06,001RB00001VTqZWYA1,a04RB00000kUAPjYAO,a0BRB00000ynn5b2AA,2025/06,2025/06,2025-06-01,2025-06-30,,,,,11000,False,False,1,2026-06-21T16:13:57.000+0000,2026-08-06T00:50:25.000+0000,CN-00000133,株式会社エージェント,Activated,株式会社エージェント,,product_missing
"{'type': 'ContractLineItem__c', 'url': '/services/data/v67.0/sobjects/ContractLineItem__c/a03RB00001NswoeYAB'}",a03RB00001NswoeYAB,株式会社エージェント_2025/07,001RB00001VTqZWYA1,a04RB00000kUAPjYAO,a0BRB00000ynn5b2AA,2025/07,2025/07,2025-07-01,2025-07-31,,,,,11000,False,False,1,2026-06-21T16:13:57.000+0000,2026-08-06T00:50:25.000+0000,CN-00000133,株式会社エージェント,Activated,株式会社エージェント,,product_missing
"{'type': 'ContractLineItem__c', 'url': '/services/data/v67.0/sobjects/ContractLineItem__c/a03RB00001NswofYAB'}",a03RB00001NswofYAB,株式会社エージェント_2025/08,001RB00001VTqZWYA1,a04RB00000kUAPjYAO,a0BRB00000ynn5b2AA,2025/08,2025/08,2025-08-01,2025-08-31,,,,,11000,False,False,1,2026-06-21T16:13:57.000+0000,2026-08-06T00:50:25.000+0000,CN-00000133,株式会社エージェント,Activated,株式会社エージェント,,product_missing
"{'type': 'ContractLineItem__c', 'url': '/services/data/v67.0/sobjects/ContractLineItem__c/a03RB00001NswogYAB'}",a03RB00001NswogYAB,株式会社エージェント_2025/09,001RB00001VTqZWYA1,a04RB00000kUAPjYAO,a0BRB00000ynn5b2AA,2025/09,2025/09,2025-09-01,2025-09-30,,,,,11000,False,False,1,2026-06-21T16:13:57.000+0000,2026-08-06T00:50:25.000+0000,CN-00000133,株式会社エージェント,Activated,株式会社エージェント,,product_missing
"{'type': 'ContractLineItem__c', 'url': '/services/data/v67.0/sobjects/ContractLineItem__c/a03RB00001NswohYAB'}",a03RB00001NswohYAB,株式会社エージェント_2025/10,001RB00001VTqZWYA1,a04RB00000kUAPjYAO,a0BRB00000ynn5b2AA,2025/10,2025/10,2025-10-01,2025-10-31,,,,,11000,False,False,1,2026-06-21T16:13:57.000+0000,2026-08-06T00:50:25.000+0000,CN-00000133,株式会社エージェント,Activated,株式会社エージェント,,product_missing
"{'type': 'ContractLineItem__c', 'url': '/services/data/v67.0/sobjects/ContractLineItem__c/a03RB00001NswoiYAB'}",a03RB00001NswoiYAB,株式会社エージェント_2025/11,001RB00001VTqZWYA1,a04RB00000kUAPjYAO,a0BRB00000ynn5b2AA,2025/11,2025/11,2025-11-01,2025-11-30,,,,,11000,False,False,1,2026-06-21T16:13:57.000+0000,2026-08-06T00:50:25.000+0000,CN-00000133,株式会社エージェント,Activated,株式会社エージェント,,product_missing
"{'type': 'ContractLineItem__c', 'url': '/services/data/v67.0/sobjects/ContractLineItem__c/a03RB00001NswojYAB'}",a03RB00001NswojYAB,株式会社エージェント_2025/12,001RB00001VTqZWYA1,a04RB00000kUAPjYAO,a0BRB00000ynn5b2AA,2025/12,2025/12,2025-12-01,2025-12-31,,,,,11000,False,False,1,2026-06-21T16:13:57.000+0000,2026-08-06T00:50:25.000+0000,CN-00000133,株式会社エージェント,Activated,株式会社エージェント,,product_missing
"{'type': 'ContractLineItem__c', 'url': '/services/data/v67.0/sobjects/ContractLineItem__c/a03RB00001NswokYAB'}",a03RB00001NswokYAB,株式会社エージェント_2026/01,001RB00001VTqZWYA1,a04RB00000kUAPjYAO,a0BRB00000ynn5b2AA,2026/01,2026/01,2026-01-01,2026-01-31,,,,,11000,False,False,1,2026-06-21T16:13:57.000+0000,2026-08-06T00:50:25.000+0000,CN-00000133,株式会社エージェント,Activated,株式会社エージェント,,product_missing
"{'type': 'ContractLineItem__c', 'url': '/services/data/v67.0/sobjects/ContractLineItem__c/a03RB00001NswolYAB'}",a03RB00001NswolYAB,株式会社エージェント_2026/02,001RB00001VTqZWYA1,a04RB00000kUAPjYAO,a0BRB00000ynn5b2AA,2026/02,2026/02,2026-02-01,2026-02-28,,,,,11000,False,False,1,2026-06-21T16:13:57.000+0000,2026-08-06T00:50:25.000+0000,CN-00000133,株式会社エージェント,Activated,株式会社エージェント,,product_missing
"{'type': 'ContractLineItem__c', 'url': '/services/data/v67.0/sobjects/ContractLineItem__c/a03RB00001NswopYAB'}",a03RB00001NswopYAB,株式会社ヤマユウ_2025/01,001RB00001VTqZzYAL,a04RB00000kUAPkYAO,a0BRB00000ynn5c2AA,2025/01,2025/01,2025-01-01,2025-01-31,,,,,11000,False,False,1,2026-06-21T16:13:57.000+0000,2026-07-28T02:33:21.000+0000,CN-00000134,株式会社ヤマユウ,解約,株式会社ヤマユウ,,product_missing
"{'type': 'ContractLineItem__c', 'url': '/services/data/v67.0/sobjects/ContractLineItem__c/a03RB00001NswoqYAB'}",a03RB00001NswoqYAB,株式会社ヤマユウ_2025/02,001RB00001VTqZzYAL,a04RB00000kUAPkYAO,a0BRB00000ynn5c2AA,2025/02,2025/02,2025-02-01,2025-02-28,,,,,11000,False,False,1,2026-06-21T16:13:57.000+0000,2026-07-28T02:33:21.000+0000,CN-00000134,株式会社ヤマユウ,解約,株式会社ヤマユウ,,product_missing
"{'type': 'ContractLineItem__c', 'url': '/services/data/v67.0/sobjects/ContractLineItem__c/a03RB00001NsworYAB'}",a03RB00001NsworYAB,株式会社ヤマユウ_2025/03,001RB00001VTqZzYAL,a04RB00000kUAPkYAO,a0BRB00000ynn5c2AA,2025/03,2025/03,2025-03-01,2025-03-31,,,,,11000,False,False,1,2026-06-21T16:13:57.000+0000,2026-07-28T02:33:21.000+0000,CN-00000134,株式会社ヤマユウ,解約,株式会社ヤマユウ,,product_missing
"{'type': 'ContractLineItem__c', 'url': '/services/data/v67.0/sobjects/ContractLineItem__c/a03RB00001NswosYAB'}",a03RB00001NswosYAB,株式会社ヤマユウ_2025/04,001RB00001VTqZzYAL,a04RB00000kUAPkYAO,a0BRB00000ynn5c2AA,2025/04,2025/04,2025-04-01,2025-04-30,,,,,11000,False,False,1,2026-06-21T16:13:57.000+0000,2026-07-28T02:33:21.000+0000,CN-00000134,株式会社ヤマユウ,解約,株式会社ヤマユウ,,product_missing
"{'type': 'ContractLineItem__c', 'url': '/services/data/v67.0/sobjects/ContractLineItem__c/a03RB00001NswotYAB'}",a03RB00001NswotYAB,株式会社ヤマユウ_2025/05,001RB00001VTqZzYAL,a04RB00000kUAPkYAO,a0BRB00000ynn5c2AA,2025/05,2025/05,2025-05-01,2025-05-31,,,,,11000,False,False,1,2026-06-21T16:13:57.000+0000,2026-07-28T02:33:21.000+0000,CN-00000134,株式会社ヤマユウ,解約,株式会社ヤマユウ,,product_missing
"{'type': 'ContractLineItem__c', 'url': '/services/data/v67.0/sobjects/ContractLineItem__c/a03RB00001NswouYAB'}",a03RB00001NswouYAB,株式会社ヤマユウ_2025/06,001RB00001VTqZzYAL,a04RB00000kUAPkYAO,a0BRB00000ynn5c2AA,2025/06,2025/06,2025-06-01,2025-06-30,,,,,11000,False,False,1,2026-06-21T16:13:57.000+0000,2026-07-28T02:33:21.000+0000,CN-00000134,株式会社ヤマユウ,解約,株式会社ヤマユウ,,product_missing
"{'type': 'ContractLineItem__c', 'url': '/services/data/v67.0/sobjects/ContractLineItem__c/a03RB00001NswovYAB'}",a03RB00001NswovYAB,株式会社ヤマユウ_2025/07,001RB00001VTqZzYAL,a04RB00000kUAPkYAO,a0BRB00000ynn5c2AA,2025/07,2025/07,2025-07-01,2025-07-31,,,,,11000,False,False,1,2026-06-21T16:13:57.000+0000,2026-07-28T02:33:21.000+0000,CN-00000134,株式会社ヤマユウ,解約,株式会社ヤマユウ,,product_missing
"{'type': 'ContractLineItem__c', 'url': '/services/data/v67.0/sobjects/ContractLineItem__c/a03RB00001NswowYAB'}",a03RB00001NswowYAB,株式会社ヤマユウ_2025/08,001RB00001VTqZzYAL,a04RB00000kUAPkYAO,a0BRB00000ynn5c2AA,2025/08,2025/08,2025-08-01,2025-08-31,,,,,11000,False,False,1,2026-06-21T16:13:57.000+0000,2026-07-28T02:33:21.000+0000,CN-00000134,株式会社ヤマユウ,解約,株式会社ヤマユウ,,product_missing
"{'type': 'ContractLineItem__c', 'url': '/services/data/v67.0/sobjects/ContractLineItem__c/a03RB00001NswoxYAB'}",a03RB00001NswoxYAB,株式会社ヤマユウ_2025/09,001RB00001VTqZzYAL,a04RB00000kUAPkYAO,a0BRB00000ynn5c2AA,2025/09,2025/09,2025-09-01,2025-09-30,,,,,11000,False,False,1,2026-06-21T16:13:57.000+0000,2026-07-28T02:33:21.000+0000,CN-00000134,株式会社ヤマユウ,解約,株式会社ヤマユウ,,product_missing
"{'type': 'ContractLineItem__c', 'url': '/services/data/v67.0/sobjects/ContractLineItem__c/a03RB00001NswoyYAB'}",a03RB00001NswoyYAB,株式会社ヤマユウ_2025/10,001RB00001VTqZzYAL,a04RB00000kUAPkYAO,a0BRB00000ynn5c2AA,2025/10,2025/10,2025-10-01,2025-10-31,,,,,11000,False,False,1,2026-06-21T16:13:57.000+0000,2026-07-28T02:33:21.000+0000,CN-00000134,株式会社ヤマユウ,解約,株式会社ヤマユウ,,product_missing
"{'type': 'ContractLineItem__c', 'url': '/services/data/v67.0/sobjects/ContractLineItem__c/a03RB00001NswozYAB'}",a03RB00001NswozYAB,株式会社ヤマユウ_2025/11,001RB00001VTqZzYAL,a04RB00000kUAPkYAO,a0BRB00000ynn5c2AA,2025/11,2025/11,2025-11-01,2025-11-30,,,,,11000,False,False,1,2026-06-21T16:13:57.000+0000,2026-07-28T02:33:21.000+0000,CN-00000134,株式会社ヤマユウ,解約,株式会社ヤマユウ,,product_missing
"{'type': 'ContractLineItem__c', 'url': '/services/data/v67.0/sobjects/ContractLineItem__c/a03RB00001Nswp0YAB'}",a03RB00001Nswp0YAB,株式会社ヤマユウ_2025/12,001RB00001VTqZzYAL,a04RB00000kUAPkYAO,a0BRB00000ynn5c2AA,2025/12,2025/12,2025-12-01,2025-12-31,,,,,11000,False,False,1,2026-06-21T16:13:57.000+0000,2026-07-28T02:33:21.000+0000,CN-00000134,株式会社ヤマユウ,解約,株式会社ヤマユウ,,product_missing
"{'type': 'ContractLineItem__c', 'url': '/services/data/v67.0/sobjects/ContractLineItem__c/a03RB00001Nswp1YAB'}",a03RB00001Nswp1YAB,株式会社博進コスモプラザ_2025/02,001RB00001VTtIXYA1,a04RB00000kUAPlYAO,a0BRB00000ynn5d2AA,2025/02,2025/02,2025-02-01,2025-02-28,,,,,11000,False,False,1,2026-06-21T16:13:57.000+0000,2026-08-06T00:50:25.000+0000,CN-00000135,株式会社博進コスモプラザ,Activated,株式会社博進コスモプラザ,,product_missing
"{'type': 'ContractLineItem__c', 'url': '/services/data/v67.0/sobjects/ContractLineItem__c/a03RB00001Nswp2YAB'}",a03RB00001Nswp2YAB,株式会社博進コスモプラザ_2025/03,001RB00001VTtIXYA1,a04RB00000kUAPlYAO,a0BRB00000ynn5d2AA,2025/03,2025/03,2025-03-01,2025-03-31,,,,,11000,False,False,1,2026-06-21T16:13:57.000+0000,2026-08-06T00:50:25.000+0000,CN-00000135,株式会社博進コスモプラザ,Activated,株式会社博進コスモプラザ,,product_missing
"{'type': 'ContractLineItem__c', 'url': '/services/data/v67.0/sobjects/ContractLineItem__c/a03RB00001Nswp3YAB'}",a03RB00001Nswp3YAB,株式会社博進コスモプラザ_2025/04,001RB00001VTtIXYA1,a04RB00000kUAPlYAO,a0BRB00000ynn5d2AA,2025/04,2025/04,2025-04-01,2025-04-30,,,,,11000,False,False,1,2026-06-21T16:13:57.000+0000,2026-08-06T00:50:25.000+0000,CN-00000135,株式会社博進コスモプラザ,Activated,株式会社博進コスモプラザ,,product_missing
"{'type': 'ContractLineItem__c', 'url': '/services/data/v67.0/sobjects/ContractLineItem__c/a03RB00001Nswp4YAB'}",a03RB00001Nswp4YAB,株式会社博進コスモプラザ_2025/05,001RB00001VTtIXYA1,a04RB00000kUAPlYAO,a0BRB00000ynn5d2AA,2025/05,2025/05,2025-05-01,2025-05-31,,,,,11000,False,False,1,2026-06-21T16:13:57.000+0000,2026-08-06T00:50:25.000+0000,CN-00000135,株式会社博進コスモプラザ,Activated,株式会社博進コスモプラザ,,product_missing
"{'type': 'ContractLineItem__c', 'url': '/services/data/v67.0/sobjects/ContractLineItem__c/a03RB00001Nswp5YAB'}",a03RB00001Nswp5YAB,株式会社博進コスモプラザ_2025/06,001RB00001VTtIXYA1,a04RB00000kUAPlYAO,a0BRB00000ynn5d2AA,2025/06,2025/06,2025-06-01,2025-06-30,,,,,11000,False,False,1,2026-06-21T16:13:57.000+0000,2026-08-06T00:50:25.000+0000,CN-00000135,株式会社博進コスモプラザ,Activated,株式会社博進コスモプラザ,,product_missing
"{'type': 'ContractLineItem__c', 'url': '/services/data/v67.0/sobjects/ContractLineItem__c/a03RB00001Nswp6YAB'}",a03RB00001Nswp6YAB,株式会社博進コスモプラザ_2025/07,001RB00001VTtIXYA1,a04RB00000kUAPlYAO,a0BRB00000ynn5d2AA,2025/07,2025/07,2025-07-01,2025-07-31,,,,,11000,False,False,1,2026-06-21T16:13:57.000+0000,2026-08-06T00:50:25.000+0000,CN-00000135,株式会社博進コスモプラザ,Activated,株式会社博進コスモプラザ,,product_missing
"{'type': 'ContractLineItem__c', 'url': '/services/data/v67.0/sobjects/ContractLineItem__c/a03RB00001Nswp7YAB'}",a03RB00001Nswp7YAB,株式会社博進コスモプラザ_2025/08,001RB00001VTtIXYA1,a04RB00000kUAPlYAO,a0BRB00000ynn5d2AA,2025/08,2025/08,2025-08-01,2025-08-31,,,,,11000,False,False,1,2026-06-21T16:13:57.000+0000,2026-08-06T00:50:25.000+0000,CN-00000135,株式会社博進コスモプラザ,Activated,株式会社博進コスモプラザ,,product_missing
"{'type': 'ContractLineItem__c', 'url': '/services/data/v67.0/sobjects/ContractLineItem__c/a03RB00001Nswp8YAB'}",a03RB00001Nswp8YAB,株式会社博進コスモプラザ_2025/09,001RB00001VTtIXYA1,a04RB00000kUAPlYAO,a0BRB00000ynn5d2AA,2025/09,2025/09,2025-09-01,2025-09-30,,,,,11000,False,False,1,2026-06-21T16:13:57.000+0000,2026-08-06T00:50:25.000+0000,CN-00000135,株式会社博進コスモプラザ,Activated,株式会社博進コスモプラザ,,product_missing
"{'type': 'ContractLineItem__c', 'url': '/services/data/v67.0/sobjects/ContractLineItem__c/a03RB00001Nswp9YAB'}",a03RB00001Nswp9YAB,株式会社博進コスモプラザ_2025/10,001RB00001VTtIXYA1,a04RB00000kUAPlYAO,a0BRB00000ynn5d2AA,2025/10,2025/10,2025-10-01,2025-10-31,,,,,11000,False,False,1,2026-06-21T16:13:57.000+0000,2026-08-06T00:50:25.000+0000,CN-00000135,株式会社博進コスモプラザ,Activated,株式会社博進コスモプラザ,,product_missing
"{'type': 'ContractLineItem__c', 'url': '/services/data/v67.0/sobjects/ContractLineItem__c/a03RB00001NswpAYAR'}",a03RB00001NswpAYAR,株式会社博進コスモプラザ_2025/11,001RB00001VTtIXYA1,a04RB00000kUAPlYAO,a0BRB00000ynn5d2AA,2025/11,2025/11,2025-11-01,2025-11-30,,,,,11000,False,False,1,2026-06-21T16:13:57.000+0000,2026-08-06T00:50:25.000+0000,CN-00000135,株式会社博進コスモプラザ,Activated,株式会社博進コスモプラザ,,product_missing
"{'type': 'ContractLineItem__c', 'url': '/services/data/v67.0/sobjects/ContractLineItem__c/a03RB00001NswpBYAR'}",a03RB00001NswpBYAR,株式会社博進コスモプラザ_2025/12,001RB00001VTtIXYA1,a04RB00000kUAPlYAO,a0BRB00000ynn5d2AA,2025/12,2025/12,2025-12-01,2025-12-31,,,,,11000,False,False,1,2026-06-21T16:13:57.000+0000,2026-08-06T00:50:25.000+0000,CN-00000135,株式会社博進コスモプラザ,Activated,株式会社博進コスモプラザ,,product_missing
"{'type': 'ContractLineItem__c', 'url': '/services/data/v67.0/sobjects/ContractLineItem__c/a03RB00001NswpCYAR'}",a03RB00001NswpCYAR,株式会社博進コスモプラザ_2026/01,001RB00001VTtIXYA1,a04RB00000kUAPlYAO,a0BRB00000ynn5d2AA,2026/01,2026/01,2026-01-01,2026-01-31,,,,,11000,False,False,1,2026-06-21T16:13:57.000+0000,2026-08-06T00:50:25.000+0000,CN-00000135,株式会社博進コスモプラザ,Activated,株式会社博進コスモプラザ,,product_missing
"{'type': 'ContractLineItem__c', 'url': '/services/data/v67.0/sobjects/ContractLineItem__c/a03RB00001NswpDYAR'}",a03RB00001NswpDYAR,株式会社博進コスモプラザ_2026/02,001RB00001VTtIXYA1,a04RB00000kUAPlYAO,a0BRB00000ynn5d2AA,2026/02,2026/02,2026-02-01,2026-02-28,,,,,11000,False,False,1,2026-06-21T16:13:57.000+0000,2026-08-06T00:50:25.000+0000,CN-00000135,株式会社博進コスモプラザ,Activated,株式会社博進コスモプラザ,,product_missing
"{'type': 'ContractLineItem__c', 'url': '/services/data/v67.0/sobjects/ContractLineItem__c/a03RB00001NswpHYAR'}",a03RB00001NswpHYAR,富士ハウジング神戸支店_2025/01,001RB00001VTtIYYA1,a04RB00000kUAPmYAO,a0BRB00000ynn5e2AA,2025/01,2025/01,2025-01-01,2025-01-31,,,,,55000,False,False,1,2026-06-21T16:13:57.000+0000,2026-07-28T02:33:21.000+0000,CN-00000136,富士ハウジング神戸支店,解約,富士ハウジング神戸支店,,product_missing
"{'type': 'ContractLineItem__c', 'url': '/services/data/v67.0/sobjects/ContractLineItem__c/a03RB00001NswpIYAR'}",a03RB00001NswpIYAR,富士ハウジング神戸支店_2025/02,001RB00001VTtIYYA1,a04RB00000kUAPmYAO,a0BRB00000ynn5e2AA,2025/02,2025/02,2025-02-01,2025-02-28,,,,,55000,False,False,1,2026-06-21T16:13:57.000+0000,2026-07-28T02:33:21.000+0000,CN-00000136,富士ハウジング神戸支店,解約,富士ハウジング神戸支店,,product_missing
"{'type': 'ContractLineItem__c', 'url': '/services/data/v67.0/sobjects/ContractLineItem__c/a03RB00001NswpJYAR'}",a03RB00001NswpJYAR,富士ハウジング神戸支店_2025/03,001RB00001VTtIYYA1,a04RB00000kUAPmYAO,a0BRB00000ynn5e2AA,2025/03,2025/03,2025-03-01,2025-03-31,,,,,55000,False,False,1,2026-06-21T16:13:57.000+0000,2026-07-28T02:33:21.000+0000,CN-00000136,富士ハウジング神戸支店,解約,富士ハウジング神戸支店,,product_missing
"{'type': 'ContractLineItem__c', 'url': '/services/data/v67.0/sobjects/ContractLineItem__c/a03RB00001NswpKYAR'}",a03RB00001NswpKYAR,富士ハウジング神戸支店_2025/04,001RB00001VTtIYYA1,a04RB00000kUAPmYAO,a0BRB00000ynn5e2AA,2025/04,2025/04,2025-04-01,2025-04-30,,,,,55000,False,False,1,2026-06-21T16:13:57.000+0000,2026-07-28T02:33:21.000+0000,CN-00000136,富士ハウジング神戸支店,解約,富士ハウジング神戸支店,,product_missing
"{'type': 'ContractLineItem__c', 'url': '/services/data/v67.0/sobjects/ContractLineItem__c/a03RB00001NswpLYAR'}",a03RB00001NswpLYAR,富士ハウジング神戸支店_2025/05,001RB00001VTtIYYA1,a04RB00000kUAPmYAO,a0BRB00000ynn5e2AA,2025/05,2025/05,2025-05-01,2025-05-31,,,,,55000,False,False,1,2026-06-21T16:13:57.000+0000,2026-07-28T02:33:21.000+0000,CN-00000136,富士ハウジング神戸支店,解約,富士ハウジング神戸支店,,product_missing
"{'type': 'ContractLineItem__c', 'url': '/services/data/v67.0/sobjects/ContractLineItem__c/a03RB00001NswpMYAR'}",a03RB00001NswpMYAR,富士ハウジング神戸支店_2025/06,001RB00001VTtIYYA1,a04RB00000kUAPmYAO,a0BRB00000ynn5e2AA,2025/06,2025/06,2025-06-01,2025-06-30,,,,,55000,False,False,1,2026-06-21T16:13:57.000+0000,2026-07-28T02:33:21.000+0000,CN-00000136,富士ハウジング神戸支店,解約,富士ハウジング神戸支店,,product_missing
"{'type': 'ContractLineItem__c', 'url': '/services/data/v67.0/sobjects/ContractLineItem__c/a03RB00001NswpNYAR'}",a03RB00001NswpNYAR,富士ハウジング神戸支店_2025/07,001RB00001VTtIYYA1,a04RB00000kUAPmYAO,a0BRB00000ynn5e2AA,2025/07,2025/07,2025-07-01,2025-07-31,,,,,55000,False,False,1,2026-06-21T16:13:57.000+0000,2026-07-28T02:33:21.000+0000,CN-00000136,富士ハウジング神戸支店,解約,富士ハウジング神戸支店,,product_missing
"{'type': 'ContractLineItem__c', 'url': '/services/data/v67.0/sobjects/ContractLineItem__c/a03RB00001NswpOYAR'}",a03RB00001NswpOYAR,富士ハウジング神戸支店_2025/08,001RB00001VTtIYYA1,a04RB00000kUAPmYAO,a0BRB00000ynn5e2AA,2025/08,2025/08,2025-08-01,2025-08-31,,,,,55000,False,False,1,2026-06-21T16:13:57.000+0000,2026-07-28T02:33:21.000+0000,CN-00000136,富士ハウジング神戸支店,解約,富士ハウジング神戸支店,,product_missing
"{'type': 'ContractLineItem__c', 'url': '/services/data/v67.0/sobjects/ContractLineItem__c/a03RB00001NswpPYAR'}",a03RB00001NswpPYAR,富士ハウジング神戸支店_2025/10,001RB00001VTtIYYA1,a04RB00000kUAPmYAO,a0BRB00000ynn5e2AA,2025/10,2025/10,2025-10-01,2025-10-31,,,,,55000,False,False,1,2026-06-21T16:13:57.000+0000,2026-07-28T02:33:21.000+0000,CN-00000136,富士ハウジング神戸支店,解約,富士ハウジング神戸支店,,product_missing
"{'type': 'ContractLineItem__c', 'url': '/services/data/v67.0/sobjects/ContractLineItem__c/a03RB00001NswpQYAR'}",a03RB00001NswpQYAR,富士ハウジング神戸支店_2025/11,001RB00001VTtIYYA1,a04RB00000kUAPmYAO,a0BRB00000ynn5e2AA,2025/11,2025/11,2025-11-01,2025-11-30,,,,,55000,False,False,1,2026-06-21T16:13:57.000+0000,2026-07-28T02:33:21.000+0000,CN-00000136,富士ハウジング神戸支店,解約,富士ハウジング神戸支店,,product_missing
"{'type': 'ContractLineItem__c', 'url': '/services/data/v67.0/sobjects/ContractLineItem__c/a03RB00001NswpRYAR'}",a03RB00001NswpRYAR,富士ハウジング神戸支店_2025/12,001RB00001VTtIYYA1,a04RB00000kUAPmYAO,a0BRB00000ynn5e2AA,2025/12,2025/12,2025-12-01,2025-12-31,,,,,55000,False,False,1,2026-06-21T16:13:57.000+0000,2026-07-28T02:33:21.000+0000,CN-00000136,富士ハウジング神戸支店,解約,富士ハウジング神戸支店,,product_missing
"{'type': 'ContractLineItem__c', 'url': '/services/data/v67.0/sobjects/ContractLineItem__c/a03RB00001NswpSYAR'}",a03RB00001NswpSYAR,富士ハウジング神戸支店_2026/01,001RB00001VTtIYYA1,a04RB00000kUAPmYAO,a0BRB00000ynn5e2AA,2026/01,2026/01,2026-01-01,2026-01-31,,,,,55000,False,False,1,2026-06-21T16:13:57.000+0000,2026-07-28T02:33:21.000+0000,CN-00000136,富士ハウジング神戸支店,解約,富士ハウジング神戸支店,,product_missing
"{'type': 'ContractLineItem__c', 'url': '/services/data/v67.0/sobjects/ContractLineItem__c/a03RB00001NswpiYAB'}",a03RB00001NswpiYAB,リユースせいわ 西和不動産株式会社 栗東店_2025/04,001RB00001VTtIZYA1,a04RB00000kUAPoYAO,a0BRB00000ynn5g2AA,2025/04,2025/04,2025-04-01,2025-04-30,,,,,11000,False,False,1,2026-06-21T16:13:57.000+0000,2026-07-28T02:33:21.000+0000,CN-00000138,リユースせいわ 西和不動産株式会社 栗東店,解約,リユースせいわ 西和不動産株式会社 栗東店,,product_missing
"{'type': 'ContractLineItem__c', 'url': '/services/data/v67.0/sobjects/ContractLineItem__c/a03RB00001NswpjYAB'}",a03RB00001NswpjYAB,リユースせいわ 西和不動産株式会社 栗東店_2025/05,001RB00001VTtIZYA1,a04RB00000kUAPoYAO,a0BRB00000ynn5g2AA,2025/05,2025/05,2025-05-01,2025-05-31,,,,,11000,False,False,1,2026-06-21T16:13:57.000+0000,2026-07-28T02:33:21.000+0000,CN-00000138,リユースせいわ 西和不動産株式会社 栗東店,解約,リユースせいわ 西和不動産株式会社 栗東店,,product_missing
"{'type': 'ContractLineItem__c', 'url': '/services/data/v67.0/sobjects/ContractLineItem__c/a03RB00001NswpkYAB'}",a03RB00001NswpkYAB,リユースせいわ 西和不動産株式会社 栗東店_2025/06,001RB00001VTtIZYA1,a04RB00000kUAPoYAO,a0BRB00000ynn5g2AA,2025/06,2025/06,2025-06-01,2025-06-30,,,,,11000,False,False,1,2026-06-21T16:13:57.000+0000,2026-07-28T02:33:21.000+0000,CN-00000138,リユースせいわ 西和不動産株式会社 栗東店,解約,リユースせいわ 西和不動産株式会社 栗東店,,product_missing
"{'type': 'ContractLineItem__c', 'url': '/services/data/v67.0/sobjects/ContractLineItem__c/a03RB00001NswplYAB'}",a03RB00001NswplYAB,リユースせいわ 西和不動産株式会社 栗東店_2025/07,001RB00001VTtIZYA1,a04RB00000kUAPoYAO,a0BRB00000ynn5g2AA,2025/07,2025/07,2025-07-01,2025-07-31,,,,,11000,False,False,1,2026-06-21T16:13:57.000+0000,2026-07-28T02:33:21.000+0000,CN-00000138,リユースせいわ 西和不動産株式会社 栗東店,解約,リユースせいわ 西和不動産株式会社 栗東店,,product_missing
"{'type': 'ContractLineItem__c', 'url': '/services/data/v67.0/sobjects/ContractLineItem__c/a03RB00001NswpmYAB'}",a03RB00001NswpmYAB,リユースせいわ 西和不動産株式会社 栗東店_2025/08,001RB00001VTtIZYA1,a04RB00000kUAPoYAO,a0BRB00000ynn5g2AA,2025/08,2025/08,2025-08-01,2025-08-31,,,,,11000,False,False,1,2026-06-21T16:13:57.000+0000,2026-07-28T02:33:21.000+0000,CN-00000138,リユースせいわ 西和不動産株式会社 栗東店,解約,リユースせいわ 西和不動産株式会社 栗東店,,product_missing
"{'type': 'ContractLineItem__c', 'url': '/services/data/v67.0/sobjects/ContractLineItem__c/a03RB00001NswpnYAB'}",a03RB00001NswpnYAB,リユースせいわ 西和不動産株式会社 栗東店_2025/09,001RB00001VTtIZYA1,a04RB00000kUAPoYAO,a0BRB00000ynn5g2AA,2025/09,2025/09,2025-09-01,2025-09-30,,,,,11000,False,False,1,2026-06-21T16:13:57.000+0000,2026-07-28T02:33:21.000+0000,CN-00000138,リユースせいわ 西和不動産株式会社 栗東店,解約,リユースせいわ 西和不動産株式会社 栗東店,,product_missing
"{'type': 'ContractLineItem__c', 'url': '/services/data/v67.0/sobjects/ContractLineItem__c/a03RB00001NswpoYAB'}",a03RB00001NswpoYAB,リユースせいわ 西和不動産株式会社 栗東店_2025/10,001RB00001VTtIZYA1,a04RB00000kUAPoYAO,a0BRB00000ynn5g2AA,2025/10,2025/10,2025-10-01,2025-10-31,,,,,11000,False,False,1,2026-06-21T16:13:57.000+0000,2026-07-28T02:33:21.000+0000,CN-00000138,リユースせいわ 西和不動産株式会社 栗東店,解約,リユースせいわ 西和不動産株式会社 栗東店,,product_missing
"{'type': 'ContractLineItem__c', 'url': '/services/data/v67.0/sobjects/ContractLineItem__c/a03RB00001NswppYAB'}",a03RB00001NswppYAB,リユースせいわ 西和不動産株式会社 栗東店_2025/11,001RB00001VTtIZYA1,a04RB00000kUAPoYAO,a0BRB00000ynn5g2AA,2025/11,2025/11,2025-11-01,2025-11-30,,,,,11000,False,False,1,2026-06-21T16:13:57.000+0000,2026-07-28T02:33:21.000+0000,CN-00000138,リユースせいわ 西和不動産株式会社 栗東店,解約,リユースせいわ 西和不動産株式会社 栗東店,,product_missing
"{'type': 'ContractLineItem__c', 'url': '/services/data/v67.0/sobjects/ContractLineItem__c/a03RB00001NswpqYAB'}",a03RB00001NswpqYAB,リユースせいわ 西和不動産株式会社 栗東店_2025/12,001RB00001VTtIZYA1,a04RB00000kUAPoYAO,a0BRB00000ynn5g2AA,2025/12,2025/12,2025-12-01,2025-12-31,,,,,11000,False,False,1,2026-06-21T16:13:57.000+0000,2026-07-28T02:33:21.000+0000,CN-00000138,リユースせいわ 西和不動産株式会社 栗東店,解約,リユースせいわ 西和不動産株式会社 栗東店,,product_missing
"{'type': 'ContractLineItem__c', 'url': '/services/data/v67.0/sobjects/ContractLineItem__c/a03RB00001NswprYAB'}",a03RB00001NswprYAB,リユースせいわ 西和不動産株式会社 栗東店_2026/01,001RB00001VTtIZYA1,a04RB00000kUAPoYAO,a0BRB00000ynn5g2AA,2026/01,2026/01,2026-01-01,2026-01-31,,,,,11000,False,False,1,2026-06-21T16:13:57.000+0000,2026-07-28T02:33:21.000+0000,CN-00000138,リユースせいわ 西和不動産株式会社 栗東店,解約,リユースせいわ 西和不動産株式会社 栗東店,,product_missing
"{'type': 'ContractLineItem__c', 'url': '/services/data/v67.0/sobjects/ContractLineItem__c/a03RB00001NswpsYAB'}",a03RB00001NswpsYAB,リユースせいわ 西和不動産株式会社 栗東店_2026/02,001RB00001VTtIZYA1,a04RB00000kUAPoYAO,a0BRB00000ynn5g2AA,2026/02,2026/02,2026-02-01,2026-02-28,,,,,11000,False,False,1,2026-06-21T16:13:57.000+0000,2026-07-28T02:33:21.000+0000,CN-00000138,リユースせいわ 西和不動産株式会社 栗東店,解約,リユースせいわ 西和不動産株式会社 栗東店,,product_missing
"{'type': 'ContractLineItem__c', 'url': '/services/data/v67.0/sobjects/ContractLineItem__c/a03RB00001NswptYAB'}",a03RB00001NswptYAB,リユースせいわ 西和不動産株式会社 栗東店_2026/04,001RB00001VTtIZYA1,a04RB00000kUAPoYAO,a0BRB00000ynn5g2AA,2026/04,2026/04,2026-04-01,2026-04-30,,,,,11000,False,False,1,2026-06-21T16:13:57.000+0000,2026-07-28T02:33:21.000+0000,CN-00000138,リユースせいわ 西和不動産株式会社 栗東店,解約,リユースせいわ 西和不動産株式会社 栗東店,,product_missing
"{'type': 'ContractLineItem__c', 'url': '/services/data/v67.0/sobjects/ContractLineItem__c/a03RB00001NswpuYAB'}",a03RB00001NswpuYAB,リユースせいわ 西和不動産株式会社 栗東店_2026/05,001RB00001VTtIZYA1,a04RB00000kUAPoYAO,a0BRB00000ynn5g2AA,2026/05,2026/05,2026-05-01,2026-05-31,,,,,11000,False,False,1,2026-06-21T16:13:57.000+0000,2026-07-28T02:33:21.000+0000,CN-00000138,リユースせいわ 西和不動産株式会社 栗東店,解約,リユースせいわ 西和不動産株式会社 栗東店,,product_missing
"{'type': 'ContractLineItem__c', 'url': '/services/data/v67.0/sobjects/ContractLineItem__c/a03RB00001NswpvYAB'}",a03RB00001NswpvYAB,リユースせいわ 西和不動産株式会社 栗東店_2026/06,001RB00001VTtIZYA1,a04RB00000kUAPoYAO,a0BRB00000ynn5g2AA,2026/06,2026/06,2026-06-01,2026-06-30,,,,,11000,False,False,1,2026-06-21T16:13:57.000+0000,2026-07-28T02:33:21.000+0000,CN-00000138,リユースせいわ 西和不動産株式会社 栗東店,解約,リユースせいわ 西和不動産株式会社 栗東店,,product_missing
"{'type': 'ContractLineItem__c', 'url': '/services/data/v67.0/sobjects/ContractLineItem__c/a03RB00001NswpwYAB'}",a03RB00001NswpwYAB,西和不動産株式会社 イエしが 草津店_2025/04,001RB00001VTqaNYAT,a04RB00000kUAPpYAO,a0BRB00000ynn5h2AA,2025/04,2025/04,2025-04-01,2025-04-30,,,,,11000,False,False,1,2026-06-21T16:13:57.000+0000,2026-07-28T02:33:21.000+0000,CN-00000139,西和不動産株式会社 イエしが 草津店,解約,西和不動産株式会社,,product_missing
"{'type': 'ContractLineItem__c', 'url': '/services/data/v67.0/sobjects/ContractLineItem__c/a03RB00001NswpxYAB'}",a03RB00001NswpxYAB,西和不動産株式会社 イエしが 草津店_2025/05,001RB00001VTqaNYAT,a04RB00000kUAPpYAO,a0BRB00000ynn5h2AA,2025/05,2025/05,2025-05-01,2025-05-31,,,,,11000,False,False,1,2026-06-21T16:13:57.000+0000,2026-07-28T02:33:21.000+0000,CN-00000139,西和不動産株式会社 イエしが 草津店,解約,西和不動産株式会社,,product_missing
"{'type': 'ContractLineItem__c', 'url': '/services/data/v67.0/sobjects/ContractLineItem__c/a03RB00001NswpyYAB'}",a03RB00001NswpyYAB,西和不動産株式会社 イエしが 草津店_2025/06,001RB00001VTqaNYAT,a04RB00000kUAPpYAO,a0BRB00000ynn5h2AA,2025/06,2025/06,2025-06-01,2025-06-30,,,,,11000,False,False,1,2026-06-21T16:13:57.000+0000,2026-07-28T02:33:21.000+0000,CN-00000139,西和不動産株式会社 イエしが 草津店,解約,西和不動産株式会社,,product_missing
"{'type': 'ContractLineItem__c', 'url': '/services/data/v67.0/sobjects/ContractLineItem__c/a03RB00001NswpzYAB'}",a03RB00001NswpzYAB,西和不動産株式会社 イエしが 大津店_2025/03,001RB00001VTqaNYAT,a04RB00000kUAPqYAO,a0BRB00000ynn5i2AA,2025/03,2025/03,2025-03-01,2025-03-31,,,,,,False,False,1,2026-06-21T16:13:57.000+0000,2026-07-28T02:33:21.000+0000,CN-00000140,西和不動産株式会社 イエしが 大津店,解約,西和不動産株式会社,,product_missing
"{'type': 'ContractLineItem__c', 'url': '/services/data/v67.0/sobjects/ContractLineItem__c/a03RB00001Nswq0YAB'}",a03RB00001Nswq0YAB,西和不動産株式会社 イエしが 大津店_2025/04,001RB00001VTqaNYAT,a04RB00000kUAPqYAO,a0BRB00000ynn5i2AA,2025/04,2025/04,2025-04-01,2025-04-30,,,,,11000,False,False,1,2026-06-21T16:13:57.000+0000,2026-07-28T02:33:21.000+0000,CN-00000140,西和不動産株式会社 イエしが 大津店,解約,西和不動産株式会社,,product_missing
"{'type': 'ContractLineItem__c', 'url': '/services/data/v67.0/sobjects/ContractLineItem__c/a03RB00001Nswq1YAB'}",a03RB00001Nswq1YAB,西和不動産株式会社 イエしが 大津店_2025/05,001RB00001VTqaNYAT,a04RB00000kUAPqYAO,a0BRB00000ynn5i2AA,2025/05,2025/05,2025-05-01,2025-05-31,,,,,11000,False,False,1,2026-06-21T16:13:57.000+0000,2026-07-28T02:33:21.000+0000,CN-00000140,西和不動産株式会社 イエしが 大津店,解約,西和不動産株式会社,,product_missing
"{'type': 'ContractLineItem__c', 'url': '/services/data/v67.0/sobjects/ContractLineItem__c/a03RB00001Nswq2YAB'}",a03RB00001Nswq2YAB,株式会社サンホームズ_2025/04,001RB00001VTtIaYAL,a04RB00000kUAPrYAO,a0BRB00000ynn5j2AA,2025/04,2025/04,2025-04-01,2025-04-30,,,,,11000,False,False,1,2026-06-21T16:13:57.000+0000,2026-07-28T02:33:21.000+0000,CN-00000141,株式会社サンホームズ,解約,株式会社サンホームズ,,product_missing
"{'type': 'ContractLineItem__c', 'url': '/services/data/v67.0/sobjects/ContractLineItem__c/a03RB00001Nswq3YAB'}",a03RB00001Nswq3YAB,株式会社サンホームズ_2025/05,001RB00001VTtIaYAL,a04RB00000kUAPrYAO,a0BRB00000ynn5j2AA,2025/05,2025/05,2025-05-01,2025-05-31,,,,,11000,False,False,1,2026-06-21T16:13:57.000+0000,2026-07-28T02:33:21.000+0000,CN-00000141,株式会社サンホームズ,解約,株式会社サンホームズ,,product_missing
"{'type': 'ContractLineItem__c', 'url': '/services/data/v67.0/sobjects/ContractLineItem__c/a03RB00001Nswq4YAB'}",a03RB00001Nswq4YAB,株式会社サンホームズ_2025/06,001RB00001VTtIaYAL,a04RB00000kUAPrYAO,a0BRB00000ynn5j2AA,2025/06,2025/06,2025-06-01,2025-06-30,,,,,11000,False,False,1,2026-06-21T16:13:57.000+0000,2026-07-28T02:33:21.000+0000,CN-00000141,株式会社サンホームズ,解約,株式会社サンホームズ,,product_missing
"{'type': 'ContractLineItem__c', 'url': '/services/data/v67.0/sobjects/ContractLineItem__c/a03RB00001Nswq5YAB'}",a03RB00001Nswq5YAB,株式会社サンホームズ_2025/07,001RB00001VTtIaYAL,a04RB00000kUAPrYAO,a0BRB00000ynn5j2AA,2025/07,2025/07,2025-07-01,2025-07-31,,,,,11000,False,False,1,2026-06-21T16:13:57.000+0000,2026-07-28T02:33:21.000+0000,CN-00000141,株式会社サンホームズ,解約,株式会社サンホームズ,,product_missing
"{'type': 'ContractLineItem__c', 'url': '/services/data/v67.0/sobjects/ContractLineItem__c/a03RB00001Nswq6YAB'}",a03RB00001Nswq6YAB,株式会社サンホームズ_2025/08,001RB00001VTtIaYAL,a04RB00000kUAPrYAO,a0BRB00000ynn5j2AA,2025/08,2025/08,2025-08-01,2025-08-31,,,,,11000,False,False,1,2026-06-21T16:13:57.000+0000,2026-07-28T02:33:21.000+0000,CN-00000141,株式会社サンホームズ,解約,株式会社サンホームズ,,product_missing
"{'type': 'ContractLineItem__c', 'url': '/services/data/v67.0/sobjects/ContractLineItem__c/a03RB00001Nswq7YAB'}",a03RB00001Nswq7YAB,株式会社サンホームズ_2025/09,001RB00001VTtIaYAL,a04RB00000kUAPrYAO,a0BRB00000ynn5j2AA,2025/09,2025/09,2025-09-01,2025-09-30,,,,,11000,False,False,1,2026-06-21T16:13:57.000+0000,2026-07-28T02:33:21.000+0000,CN-00000141,株式会社サンホームズ,解約,株式会社サンホームズ,,product_missing
"{'type': 'ContractLineItem__c', 'url': '/services/data/v67.0/sobjects/ContractLineItem__c/a03RB00001Nswq8YAB'}",a03RB00001Nswq8YAB,株式会社サンホームズ_2025/10,001RB00001VTtIaYAL,a04RB00000kUAPrYAO,a0BRB00000ynn5j2AA,2025/10,2025/10,2025-10-01,2025-10-31,,,,,11000,False,False,1,2026-06-21T16:13:57.000+0000,2026-07-28T02:33:21.000+0000,CN-00000141,株式会社サンホームズ,解約,株式会社サンホームズ,,product_missing
"{'type': 'ContractLineItem__c', 'url': '/services/data/v67.0/sobjects/ContractLineItem__c/a03RB00001Nswq9YAB'}",a03RB00001Nswq9YAB,株式会社サンホームズ_2025/11,001RB00001VTtIaYAL,a04RB00000kUAPrYAO,a0BRB00000ynn5j2AA,2025/11,2025/11,2025-11-01,2025-11-30,,,,,11000,False,False,1,2026-06-21T16:13:57.000+0000,2026-07-28T02:33:21.000+0000,CN-00000141,株式会社サンホームズ,解約,株式会社サンホームズ,,product_missing
"{'type': 'ContractLineItem__c', 'url': '/services/data/v67.0/sobjects/ContractLineItem__c/a03RB00001NswqAYAR'}",a03RB00001NswqAYAR,株式会社サンホームズ_2025/12,001RB00001VTtIaYAL,a04RB00000kUAPrYAO,a0BRB00000ynn5j2AA,2025/12,2025/12,2025-12-01,2025-12-31,,,,,11000,False,False,1,2026-06-21T16:13:57.000+0000,2026-07-28T02:33:21.000+0000,CN-00000141,株式会社サンホームズ,解約,株式会社サンホームズ,,product_missing
"{'type': 'ContractLineItem__c', 'url': '/services/data/v67.0/sobjects/ContractLineItem__c/a03RB00001NswqBYAR'}",a03RB00001NswqBYAR,有限会社山陽不動産_2025/04,001RB00001VTqYxYAL,a04RB00000kUAPsYAO,a0BRB00000ynn5k2AA,2025/04,2025/04,2025-04-01,2025-04-30,,,,,11000,False,False,1,2026-06-21T16:13:57.000+0000,2026-07-28T02:33:21.000+0000,CN-00000142,有限会社山陽不動産,解約,有限会社山陽不動産,,product_missing
"{'type': 'ContractLineItem__c', 'url': '/services/data/v67.0/sobjects/ContractLineItem__c/a03RB00001NswqCYAR'}",a03RB00001NswqCYAR,株式会社Machidaホールディングス_2025/04,001RB00001VTtIbYAL,a04RB00000kUAPtYAO,a0BRB00000ynn5l2AA,2025/04,2025/04,2025-04-01,2025-04-30,,,,,11000,False,False,1,2026-06-21T16:13:57.000+0000,2026-07-28T02:33:21.000+0000,CN-00000143,株式会社Machidaホールディングス,解約,株式会社Machidaホールディングス,,product_missing
"{'type': 'ContractLineItem__c', 'url': '/services/data/v67.0/sobjects/ContractLineItem__c/a03RB00001NswqDYAR'}",a03RB00001NswqDYAR,株式会社Machidaホールディングス_2025/05,001RB00001VTtIbYAL,a04RB00000kUAPtYAO,a0BRB00000ynn5l2AA,2025/05,2025/05,2025-05-01,2025-05-31,,,,,11000,False,False,1,2026-06-21T16:13:57.000+0000,2026-07-28T02:33:21.000+0000,CN-00000143,株式会社Machidaホールディングス,解約,株式会社Machidaホールディングス,,product_missing
"{'type': 'ContractLineItem__c', 'url': '/services/data/v67.0/sobjects/ContractLineItem__c/a03RB00001NswqEYAR'}",a03RB00001NswqEYAR,株式会社Machidaホールディングス_2025/06,001RB00001VTtIbYAL,a04RB00000kUAPtYAO,a0BRB00000ynn5l2AA,2025/06,2025/06,2025-06-01,2025-06-30,,,,,11000,False,False,1,2026-06-21T16:13:57.000+0000,2026-07-28T02:33:21.000+0000,CN-00000143,株式会社Machidaホールディングス,解約,株式会社Machidaホールディングス,,product_missing
"{'type': 'ContractLineItem__c', 'url': '/services/data/v67.0/sobjects/ContractLineItem__c/a03RB00001NswqFYAR'}",a03RB00001NswqFYAR,株式会社Machidaホールディングス_2025/07,001RB00001VTtIbYAL,a04RB00000kUAPtYAO,a0BRB00000ynn5l2AA,2025/07,2025/07,2025-07-01,2025-07-31,,,,,11000,False,False,1,2026-06-21T16:13:57.000+0000,2026-07-28T02:33:21.000+0000,CN-00000143,株式会社Machidaホールディングス,解約,株式会社Machidaホールディングス,,product_missing
"{'type': 'ContractLineItem__c', 'url': '/services/data/v67.0/sobjects/ContractLineItem__c/a03RB00001NswqGYAR'}",a03RB00001NswqGYAR,株式会社Machidaホールディングス_2025/08,001RB00001VTtIbYAL,a04RB00000kUAPtYAO,a0BRB00000ynn5l2AA,2025/08,2025/08,2025-08-01,2025-08-31,,,,,11000,False,False,1,2026-06-21T16:13:57.000+0000,2026-07-28T02:33:21.000+0000,CN-00000143,株式会社Machidaホールディングス,解約,株式会社Machidaホールディングス,,product_missing
"{'type': 'ContractLineItem__c', 'url': '/services/data/v67.0/sobjects/ContractLineItem__c/a03RB00001NswqHYAR'}",a03RB00001NswqHYAR,株式会社Machidaホールディングス_2025/09,001RB00001VTtIbYAL,a04RB00000kUAPtYAO,a0BRB00000ynn5l2AA,2025/09,2025/09,2025-09-01,2025-09-30,,,,,11000,False,False,1,2026-06-21T16:13:57.000+0000,2026-07-28T02:33:21.000+0000,CN-00000143,株式会社Machidaホールディングス,解約,株式会社Machidaホールディングス,,product_missing
"{'type': 'ContractLineItem__c', 'url': '/services/data/v67.0/sobjects/ContractLineItem__c/a03RB00001NswqIYAR'}",a03RB00001NswqIYAR,株式会社Machidaホールディングス_2025/10,001RB00001VTtIbYAL,a04RB00000kUAPtYAO,a0BRB00000ynn5l2AA,2025/10,2025/10,2025-10-01,2025-10-31,,,,,11000,False,False,1,2026-06-21T16:13:57.000+0000,2026-07-28T02:33:21.000+0000,CN-00000143,株式会社Machidaホールディングス,解約,株式会社Machidaホールディングス,,product_missing
"{'type': 'ContractLineItem__c', 'url': '/services/data/v67.0/sobjects/ContractLineItem__c/a03RB00001NswqJYAR'}",a03RB00001NswqJYAR,株式会社Machidaホールディングス_2025/11,001RB00001VTtIbYAL,a04RB00000kUAPtYAO,a0BRB00000ynn5l2AA,2025/11,2025/11,2025-11-01,2025-11-30,,,,,11000,False,False,1,2026-06-21T16:13:57.000+0000,2026-07-28T02:33:21.000+0000,CN-00000143,株式会社Machidaホールディングス,解約,株式会社Machidaホールディングス,,product_missing
"{'type': 'ContractLineItem__c', 'url': '/services/data/v67.0/sobjects/ContractLineItem__c/a03RB00001NswqKYAR'}",a03RB00001NswqKYAR,株式会社Machidaホールディングス_2025/12,001RB00001VTtIbYAL,a04RB00000kUAPtYAO,a0BRB00000ynn5l2AA,2025/12,2025/12,2025-12-01,2025-12-31,,,,,11000,False,False,1,2026-06-21T16:13:57.000+0000,2026-07-28T02:33:21.000+0000,CN-00000143,株式会社Machidaホールディングス,解約,株式会社Machidaホールディングス,,product_missing
"{'type': 'ContractLineItem__c', 'url': '/services/data/v67.0/sobjects/ContractLineItem__c/a03RB00001NswqLYAR'}",a03RB00001NswqLYAR,株式会社西武開発_2025/04,001RB00001VTqaIYAT,a04RB00000kUAPuYAO,a0BRB00000ynn5m2AA,2025/04,2025/04,2025-04-01,2025-04-30,,,,,26400,False,False,1,2026-06-21T16:13:57.000+0000,2026-07-28T02:33:21.000+0000,CN-00000144,株式会社西武開発,解約,株式会社西武開発,,product_missing
"{'type': 'ContractLineItem__c', 'url': '/services/data/v67.0/sobjects/ContractLineItem__c/a03RB00001NswqMYAR'}",a03RB00001NswqMYAR,株式会社西武開発_2025/05,001RB00001VTqaIYAT,a04RB00000kUAPuYAO,a0BRB00000ynn5m2AA,2025/05,2025/05,2025-05-01,2025-05-31,,,,,26400,False,False,1,2026-06-21T16:13:57.000+0000,2026-07-28T02:33:21.000+0000,CN-00000144,株式会社西武開発,解約,株式会社西武開発,,product_missing
"{'type': 'ContractLineItem__c', 'url': '/services/data/v67.0/sobjects/ContractLineItem__c/a03RB00001NswqNYAR'}",a03RB00001NswqNYAR,株式会社西武開発_2025/06,001RB00001VTqaIYAT,a04RB00000kUAPuYAO,a0BRB00000ynn5m2AA,2025/06,2025/06,2025-06-01,2025-06-30,,,,,26400,False,False,1,2026-06-21T16:13:57.000+0000,2026-07-28T02:33:21.000+0000,CN-00000144,株式会社西武開発,解約,株式会社西武開発,,product_missing
"{'type': 'ContractLineItem__c', 'url': '/services/data/v67.0/sobjects/ContractLineItem__c/a03RB00001NswqOYAR'}",a03RB00001NswqOYAR,株式会社西武開発_2025/07,001RB00001VTqaIYAT,a04RB00000kUAPuYAO,a0BRB00000ynn5m2AA,2025/07,2025/07,2025-07-01,2025-07-31,,,,,26400,False,False,1,2026-06-21T16:13:57.000+0000,2026-07-28T02:33:21.000+0000,CN-00000144,株式会社西武開発,解約,株式会社西武開発,,product_missing
"{'type': 'ContractLineItem__c', 'url': '/services/data/v67.0/sobjects/ContractLineItem__c/a03RB00001NswqPYAR'}",a03RB00001NswqPYAR,株式会社西武開発_2025/08,001RB00001VTqaIYAT,a04RB00000kUAPuYAO,a0BRB00000ynn5m2AA,2025/08,2025/08,2025-08-01,2025-08-31,,,,,26400,False,False,1,2026-06-21T16:13:57.000+0000,2026-07-28T02:33:21.000+0000,CN-00000144,株式会社西武開発,解約,株式会社西武開発,,product_missing
"{'type': 'ContractLineItem__c', 'url': '/services/data/v67.0/sobjects/ContractLineItem__c/a03RB00001NswqQYAR'}",a03RB00001NswqQYAR,株式会社西武開発_2025/09,001RB00001VTqaIYAT,a04RB00000kUAPuYAO,a0BRB00000ynn5m2AA,2025/09,2025/09,2025-09-01,2025-09-30,,,,,26400,False,False,1,2026-06-21T16:13:57.000+0000,2026-07-28T02:33:21.000+0000,CN-00000144,株式会社西武開発,解約,株式会社西武開発,,product_missing
"{'type': 'ContractLineItem__c', 'url': '/services/data/v67.0/sobjects/ContractLineItem__c/a03RB00001NswqRYAR'}",a03RB00001NswqRYAR,株式会社西武開発_2025/10,001RB00001VTqaIYAT,a04RB00000kUAPuYAO,a0BRB00000ynn5m2AA,2025/10,2025/10,2025-10-01,2025-10-31,,,,,26400,False,False,1,2026-06-21T16:13:57.000+0000,2026-07-28T02:33:21.000+0000,CN-00000144,株式会社西武開発,解約,株式会社西武開発,,product_missing
"{'type': 'ContractLineItem__c', 'url': '/services/data/v67.0/sobjects/ContractLineItem__c/a03RB00001NswqSYAR'}",a03RB00001NswqSYAR,株式会社西武開発_2025/11,001RB00001VTqaIYAT,a04RB00000kUAPuYAO,a0BRB00000ynn5m2AA,2025/11,2025/11,2025-11-01,2025-11-30,,,,,26400,False,False,1,2026-06-21T16:13:57.000+0000,2026-07-28T02:33:21.000+0000,CN-00000144,株式会社西武開発,解約,株式会社西武開発,,product_missing
"{'type': 'ContractLineItem__c', 'url': '/services/data/v67.0/sobjects/ContractLineItem__c/a03RB00001NswqTYAR'}",a03RB00001NswqTYAR,株式会社西武開発_2025/12,001RB00001VTqaIYAT,a04RB00000kUAPuYAO,a0BRB00000ynn5m2AA,2025/12,2025/12,2025-12-01,2025-12-31,,,,,26400,False,False,1,2026-06-21T16:13:57.000+0000,2026-07-28T02:33:21.000+0000,CN-00000144,株式会社西武開発,解約,株式会社西武開発,,product_missing
"{'type': 'ContractLineItem__c', 'url': '/services/data/v67.0/sobjects/ContractLineItem__c/a03RB00001NswqUYAR'}",a03RB00001NswqUYAR,株式会社西武開発_2026/01,001RB00001VTqaIYAT,a04RB00000kUAPuYAO,a0BRB00000ynn5m2AA,2026/01,2026/01,2026-01-01,2026-01-31,,,,,26400,False,False,1,2026-06-21T16:13:57.000+0000,2026-07-28T02:33:21.000+0000,CN-00000144,株式会社西武開発,解約,株式会社西武開発,,product_missing
"{'type': 'ContractLineItem__c', 'url': '/services/data/v67.0/sobjects/ContractLineItem__c/a03RB00001NswqVYAR'}",a03RB00001NswqVYAR,株式会社西武開発_2026/02,001RB00001VTqaIYAT,a04RB00000kUAPuYAO,a0BRB00000ynn5m2AA,2026/02,2026/02,2026-02-01,2026-02-28,,,,,26400,False,False,1,2026-06-21T16:13:57.000+0000,2026-07-28T02:33:21.000+0000,CN-00000144,株式会社西武開発,解約,株式会社西武開発,,product_missing
"{'type': 'ContractLineItem__c', 'url': '/services/data/v67.0/sobjects/ContractLineItem__c/a03RB00001NswqWYAR'}",a03RB00001NswqWYAR,株式会社西武開発_2026/03,001RB00001VTqaIYAT,a04RB00000kUAPuYAO,a0BRB00000ynn5m2AA,2026/03,2026/03,2026-03-01,2026-03-31,,,,,26400,False,False,1,2026-06-21T16:13:57.000+0000,2026-07-28T02:33:21.000+0000,CN-00000144,株式会社西武開発,解約,株式会社西武開発,,product_missing
"{'type': 'ContractLineItem__c', 'url': '/services/data/v67.0/sobjects/ContractLineItem__c/a03RB00001NswqXYAR'}",a03RB00001NswqXYAR,中尾建設工業株式会社(ナカオホーム)_2025/04,001RB00001VTCZcYAP,a04RB00000kUAPvYAO,a0BRB00000ynn5n2AA,2025/04,2025/04,2025-04-01,2025-04-30,,,,,11000,False,False,1,2026-06-21T16:13:57.000+0000,2026-07-28T02:33:21.000+0000,CN-00000145,中尾建設工業株式会社(ナカオホーム),解約,中尾建設工業株式会社,,product_missing
"{'type': 'ContractLineItem__c', 'url': '/services/data/v67.0/sobjects/ContractLineItem__c/a03RB00001NswqYYAR'}",a03RB00001NswqYYAR,中尾建設工業株式会社(ナカオホーム)_2025/05,001RB00001VTCZcYAP,a04RB00000kUAPvYAO,a0BRB00000ynn5n2AA,2025/05,2025/05,2025-05-01,2025-05-31,,,,,11000,False,False,1,2026-06-21T16:13:57.000+0000,2026-07-28T02:33:21.000+0000,CN-00000145,中尾建設工業株式会社(ナカオホーム),解約,中尾建設工業株式会社,,product_missing
"{'type': 'ContractLineItem__c', 'url': '/services/data/v67.0/sobjects/ContractLineItem__c/a03RB00001NswqZYAR'}",a03RB00001NswqZYAR,中尾建設工業株式会社(ナカオホーム)_2025/06,001RB00001VTCZcYAP,a04RB00000kUAPvYAO,a0BRB00000ynn5n2AA,2025/06,2025/06,2025-06-01,2025-06-30,,,,,11000,False,False,1,2026-06-21T16:13:57.000+0000,2026-07-28T02:33:21.000+0000,CN-00000145,中尾建設工業株式会社(ナカオホーム),解約,中尾建設工業株式会社,,product_missing
"{'type': 'ContractLineItem__c', 'url': '/services/data/v67.0/sobjects/ContractLineItem__c/a03RB00001NswqaYAB'}",a03RB00001NswqaYAB,中尾建設工業株式会社(ナカオホーム)_2025/10,001RB00001VTCZcYAP,a04RB00000kUAPvYAO,a0BRB00000ynn5n2AA,2025/10,2025/10,2025-10-01,2025-10-31,,,,,11000,False,False,1,2026-06-21T16:13:57.000+0000,2026-07-28T02:33:21.000+0000,CN-00000145,中尾建設工業株式会社(ナカオホーム),解約,中尾建設工業株式会社,,product_missing
"{'type': 'ContractLineItem__c', 'url': '/services/data/v67.0/sobjects/ContractLineItem__c/a03RB00001NswqbYAB'}",a03RB00001NswqbYAB,株式会社ハートランド_2025/04,001RB00001VTtIcYAL,a04RB00000kUAPwYAO,a0BRB00000ynn5o2AA,2025/04,2025/04,2025-04-01,2025-04-30,,,,,11000,False,False,1,2026-06-21T16:13:57.000+0000,2026-07-28T02:33:21.000+0000,CN-00000146,株式会社ハートランド,解約,株式会社ハートランド,,product_missing
"{'type': 'ContractLineItem__c', 'url': '/services/data/v67.0/sobjects/ContractLineItem__c/a03RB00001NswqcYAB'}",a03RB00001NswqcYAB,株式会社ハートランド_2025/05,001RB00001VTtIcYAL,a04RB00000kUAPwYAO,a0BRB00000ynn5o2AA,2025/05,2025/05,2025-05-01,2025-05-31,,,,,11000,False,False,1,2026-06-21T16:13:57.000+0000,2026-07-28T02:33:21.000+0000,CN-00000146,株式会社ハートランド,解約,株式会社ハートランド,,product_missing
"{'type': 'ContractLineItem__c', 'url': '/services/data/v67.0/sobjects/ContractLineItem__c/a03RB00001NswqdYAB'}",a03RB00001NswqdYAB,株式会社ハートランド_2025/06,001RB00001VTtIcYAL,a04RB00000kUAPwYAO,a0BRB00000ynn5o2AA,2025/06,2025/06,2025-06-01,2025-06-30,,,,,11000,False,False,1,2026-06-21T16:13:57.000+0000,2026-07-28T02:33:21.000+0000,CN-00000146,株式会社ハートランド,解約,株式会社ハートランド,,product_missing
"{'type': 'ContractLineItem__c', 'url': '/services/data/v67.0/sobjects/ContractLineItem__c/a03RB00001NswqeYAB'}",a03RB00001NswqeYAB,株式会社ハートランド_2025/07,001RB00001VTtIcYAL,a04RB00000kUAPwYAO,a0BRB00000ynn5o2AA,2025/07,2025/07,2025-07-01,2025-07-31,,,,,11000,False,False,1,2026-06-21T16:13:57.000+0000,2026-07-28T02:33:21.000+0000,CN-00000146,株式会社ハートランド,解約,株式会社ハートランド,,product_missing
"{'type': 'ContractLineItem__c', 'url': '/services/data/v67.0/sobjects/ContractLineItem__c/a03RB00001NswqfYAB'}",a03RB00001NswqfYAB,株式会社ハートランド_2025/08,001RB00001VTtIcYAL,a04RB00000kUAPwYAO,a0BRB00000ynn5o2AA,2025/08,2025/08,2025-08-01,2025-08-31,,,,,11000,False,False,1,2026-06-21T16:13:57.000+0000,2026-07-28T02:33:21.000+0000,CN-00000146,株式会社ハートランド,解約,株式会社ハートランド,,product_missing
"{'type': 'ContractLineItem__c', 'url': '/services/data/v67.0/sobjects/ContractLineItem__c/a03RB00001NswqgYAB'}",a03RB00001NswqgYAB,株式会社ハートランド_2025/09,001RB00001VTtIcYAL,a04RB00000kUAPwYAO,a0BRB00000ynn5o2AA,2025/09,2025/09,2025-09-01,2025-09-30,,,,,11000,False,False,1,2026-06-21T16:13:57.000+0000,2026-07-28T02:33:21.000+0000,CN-00000146,株式会社ハートランド,解約,株式会社ハートランド,,product_missing
"{'type': 'ContractLineItem__c', 'url': '/services/data/v67.0/sobjects/ContractLineItem__c/a03RB00001NswqhYAB'}",a03RB00001NswqhYAB,株式会社ハートランド_2025/10,001RB00001VTtIcYAL,a04RB00000kUAPwYAO,a0BRB00000ynn5o2AA,2025/10,2025/10,2025-10-01,2025-10-31,,,,,11000,False,False,1,2026-06-21T16:13:57.000+0000,2026-07-28T02:33:21.000+0000,CN-00000146,株式会社ハートランド,解約,株式会社ハートランド,,product_missing
"{'type': 'ContractLineItem__c', 'url': '/services/data/v67.0/sobjects/ContractLineItem__c/a03RB00001NswqiYAB'}",a03RB00001NswqiYAB,株式会社ハートランド_2025/11,001RB00001VTtIcYAL,a04RB00000kUAPwYAO,a0BRB00000ynn5o2AA,2025/11,2025/11,2025-11-01,2025-11-30,,,,,11000,False,False,1,2026-06-21T16:13:57.000+0000,2026-07-28T02:33:21.000+0000,CN-00000146,株式会社ハートランド,解約,株式会社ハートランド,,product_missing
"{'type': 'ContractLineItem__c', 'url': '/services/data/v67.0/sobjects/ContractLineItem__c/a03RB00001NswqjYAB'}",a03RB00001NswqjYAB,株式会社ハートランド_2025/12,001RB00001VTtIcYAL,a04RB00000kUAPwYAO,a0BRB00000ynn5o2AA,2025/12,2025/12,2025-12-01,2025-12-31,,,,,11000,False,False,1,2026-06-21T16:13:57.000+0000,2026-07-28T02:33:21.000+0000,CN-00000146,株式会社ハートランド,解約,株式会社ハートランド,,product_missing
"{'type': 'ContractLineItem__c', 'url': '/services/data/v67.0/sobjects/ContractLineItem__c/a03RB00001NswqkYAB'}",a03RB00001NswqkYAB,株式会社ハートランド_2026/01,001RB00001VTtIcYAL,a04RB00000kUAPwYAO,a0BRB00000ynn5o2AA,2026/01,2026/01,2026-01-01,2026-01-31,,,,,11000,False,False,1,2026-06-21T16:13:57.000+0000,2026-07-28T02:33:21.000+0000,CN-00000146,株式会社ハートランド,解約,株式会社ハートランド,,product_missing
"{'type': 'ContractLineItem__c', 'url': '/services/data/v67.0/sobjects/ContractLineItem__c/a03RB00001NswqlYAB'}",a03RB00001NswqlYAB,株式会社ハートランド_2026/02,001RB00001VTtIcYAL,a04RB00000kUAPwYAO,a0BRB00000ynn5o2AA,2026/02,2026/02,2026-02-01,2026-02-28,,,,,11000,False,False,1,2026-06-21T16:13:57.000+0000,2026-07-28T02:33:21.000+0000,CN-00000146,株式会社ハートランド,解約,株式会社ハートランド,,product_missing
"{'type': 'ContractLineItem__c', 'url': '/services/data/v67.0/sobjects/ContractLineItem__c/a03RB00001NswqmYAB'}",a03RB00001NswqmYAB,株式会社ハートランド_2026/03,001RB00001VTtIcYAL,a04RB00000kUAPwYAO,a0BRB00000ynn5o2AA,2026/03,2026/03,2026-03-01,2026-03-31,,,,,11000,False,False,1,2026-06-21T16:13:57.000+0000,2026-07-28T02:33:21.000+0000,CN-00000146,株式会社ハートランド,解約,株式会社ハートランド,,product_missing
"{'type': 'ContractLineItem__c', 'url': '/services/data/v67.0/sobjects/ContractLineItem__c/a03RB00001NswqnYAB'}",a03RB00001NswqnYAB,株式会社ハートランド_2026/04,001RB00001VTtIcYAL,a04RB00000kUAPwYAO,a0BRB00000ynn5o2AA,2026/04,2026/04,2026-04-01,2026-04-30,,,,,11000,False,False,1,2026-06-21T16:13:57.000+0000,2026-07-28T02:33:21.000+0000,CN-00000146,株式会社ハートランド,解約,株式会社ハートランド,,product_missing
"{'type': 'ContractLineItem__c', 'url': '/services/data/v67.0/sobjects/ContractLineItem__c/a03RB00001NswqoYAB'}",a03RB00001NswqoYAB,株式会社ハートランド_2026/05,001RB00001VTtIcYAL,a04RB00000kUAPwYAO,a0BRB00000ynn5o2AA,2026/05,2026/05,2026-05-01,2026-05-31,,,,,11000,False,False,1,2026-06-21T16:13:57.000+0000,2026-07-28T02:33:21.000+0000,CN-00000146,株式会社ハートランド,解約,株式会社ハートランド,,product_missing
"{'type': 'ContractLineItem__c', 'url': '/services/data/v67.0/sobjects/ContractLineItem__c/a03RB00001NswqpYAB'}",a03RB00001NswqpYAB,株式会社ハートランド_2026/06,001RB00001VTtIcYAL,a04RB00000kUAPwYAO,a0BRB00000ynn5o2AA,2026/06,2026/06,2026-06-01,2026-06-30,,,,,11000,False,False,1,2026-06-21T16:13:57.000+0000,2026-07-28T02:33:21.000+0000,CN-00000146,株式会社ハートランド,解約,株式会社ハートランド,,product_missing
"{'type': 'ContractLineItem__c', 'url': '/services/data/v67.0/sobjects/ContractLineItem__c/a03RB00001Nswr2YAB'}",a03RB00001Nswr2YAB,松栄不動産株式会社_2025/06,001RB00001VTtIeYAL,a04RB00000kUAPyYAO,a0BRB00000ynn5q2AA,2025/06,2025/06,2025-06-01,2025-06-30,,,,,11000,False,False,1,2026-06-21T16:13:57.000+0000,2026-07-28T02:33:22.000+0000,CN-00000148,松栄不動産株式会社,解約,松栄不動産株式会社,,product_missing
"{'type': 'ContractLineItem__c', 'url': '/services/data/v67.0/sobjects/ContractLineItem__c/a03RB00001Nswr3YAB'}",a03RB00001Nswr3YAB,松栄不動産株式会社_2025/07,001RB00001VTtIeYAL,a04RB00000kUAPyYAO,a0BRB00000ynn5q2AA,2025/07,2025/07,2025-07-01,2025-07-31,,,,,11000,False,False,1,2026-06-21T16:13:57.000+0000,2026-07-28T02:33:22.000+0000,CN-00000148,松栄不動産株式会社,解約,松栄不動産株式会社,,product_missing
"{'type': 'ContractLineItem__c', 'url': '/services/data/v67.0/sobjects/ContractLineItem__c/a03RB00001Nswr4YAB'}",a03RB00001Nswr4YAB,松栄不動産株式会社_2025/08,001RB00001VTtIeYAL,a04RB00000kUAPyYAO,a0BRB00000ynn5q2AA,2025/08,2025/08,2025-08-01,2025-08-31,,,,,11000,False,False,1,2026-06-21T16:13:57.000+0000,2026-07-28T02:33:22.000+0000,CN-00000148,松栄不動産株式会社,解約,松栄不動産株式会社,,product_missing
"{'type': 'ContractLineItem__c', 'url': '/services/data/v67.0/sobjects/ContractLineItem__c/a03RB00001Nswr5YAB'}",a03RB00001Nswr5YAB,松栄不動産株式会社_2025/09,001RB00001VTtIeYAL,a04RB00000kUAPyYAO,a0BRB00000ynn5q2AA,2025/09,2025/09,2025-09-01,2025-09-30,,,,,11000,False,False,1,2026-06-21T16:13:57.000+0000,2026-07-28T02:33:22.000+0000,CN-00000148,松栄不動産株式会社,解約,松栄不動産株式会社,,product_missing
"{'type': 'ContractLineItem__c', 'url': '/services/data/v67.0/sobjects/ContractLineItem__c/a03RB00001Nswr6YAB'}",a03RB00001Nswr6YAB,松栄不動産株式会社_2025/10,001RB00001VTtIeYAL,a04RB00000kUAPyYAO,a0BRB00000ynn5q2AA,2025/10,2025/10,2025-10-01,2025-10-31,,,,,11000,False,False,1,2026-06-21T16:13:57.000+0000,2026-07-28T02:33:22.000+0000,CN-00000148,松栄不動産株式会社,解約,松栄不動産株式会社,,product_missing
"{'type': 'ContractLineItem__c', 'url': '/services/data/v67.0/sobjects/ContractLineItem__c/a03RB00001Nswr7YAB'}",a03RB00001Nswr7YAB,松栄不動産株式会社_2025/11,001RB00001VTtIeYAL,a04RB00000kUAPyYAO,a0BRB00000ynn5q2AA,2025/11,2025/11,2025-11-01,2025-11-30,,,,,11000,False,False,1,2026-06-21T16:13:57.000+0000,2026-07-28T02:33:22.000+0000,CN-00000148,松栄不動産株式会社,解約,松栄不動産株式会社,,product_missing
"{'type': 'ContractLineItem__c', 'url': '/services/data/v67.0/sobjects/ContractLineItem__c/a03RB00001Nswr8YAB'}",a03RB00001Nswr8YAB,松栄不動産株式会社_2025/12,001RB00001VTtIeYAL,a04RB00000kUAPyYAO,a0BRB00000ynn5q2AA,2025/12,2025/12,2025-12-01,2025-12-31,,,,,11000,False,False,1,2026-06-21T16:13:57.000+0000,2026-07-28T02:33:22.000+0000,CN-00000148,松栄不動産株式会社,解約,松栄不動産株式会社,,product_missing
"{'type': 'ContractLineItem__c', 'url': '/services/data/v67.0/sobjects/ContractLineItem__c/a03RB00001Nswr9YAB'}",a03RB00001Nswr9YAB,松栄不動産株式会社_2026/01,001RB00001VTtIeYAL,a04RB00000kUAPyYAO,a0BRB00000ynn5q2AA,2026/01,2026/01,2026-01-01,2026-01-31,,,,,11000,False,False,1,2026-06-21T16:13:57.000+0000,2026-07-28T02:33:22.000+0000,CN-00000148,松栄不動産株式会社,解約,松栄不動産株式会社,,product_missing
"{'type': 'ContractLineItem__c', 'url': '/services/data/v67.0/sobjects/ContractLineItem__c/a03RB00001NswrAYAR'}",a03RB00001NswrAYAR,松栄不動産株式会社_2026/02,001RB00001VTtIeYAL,a04RB00000kUAPyYAO,a0BRB00000ynn5q2AA,2026/02,2026/02,2026-02-01,2026-02-28,,,,,11000,False,False,1,2026-06-21T16:13:57.000+0000,2026-07-28T02:33:22.000+0000,CN-00000148,松栄不動産株式会社,解約,松栄不動産株式会社,,product_missing
"{'type': 'ContractLineItem__c', 'url': '/services/data/v67.0/sobjects/ContractLineItem__c/a03RB00001NswrBYAR'}",a03RB00001NswrBYAR,松栄不動産株式会社_2026/03,001RB00001VTtIeYAL,a04RB00000kUAPyYAO,a0BRB00000ynn5q2AA,2026/03,2026/03,2026-03-01,2026-03-31,,,,,11000,False,False,1,2026-06-21T16:13:57.000+0000,2026-07-28T02:33:22.000+0000,CN-00000148,松栄不動産株式会社,解約,松栄不動産株式会社,,product_missing
"{'type': 'ContractLineItem__c', 'url': '/services/data/v67.0/sobjects/ContractLineItem__c/a03RB00001NswrCYAR'}",a03RB00001NswrCYAR,松栄不動産株式会社_2026/04,001RB00001VTtIeYAL,a04RB00000kUAPyYAO,a0BRB00000ynn5q2AA,2026/04,2026/04,2026-04-01,2026-04-30,,,,,11000,False,False,1,2026-06-21T16:13:57.000+0000,2026-07-28T02:33:22.000+0000,CN-00000148,松栄不動産株式会社,解約,松栄不動産株式会社,,product_missing
"{'type': 'ContractLineItem__c', 'url': '/services/data/v67.0/sobjects/ContractLineItem__c/a03RB00001NswrDYAR'}",a03RB00001NswrDYAR,松栄不動産株式会社_2026/05,001RB00001VTtIeYAL,a04RB00000kUAPyYAO,a0BRB00000ynn5q2AA,2026/05,2026/05,2026-05-01,2026-05-31,,,,,11000,False,False,1,2026-06-21T16:13:57.000+0000,2026-07-28T02:33:22.000+0000,CN-00000148,松栄不動産株式会社,解約,松栄不動産株式会社,,product_missing
"{'type': 'ContractLineItem__c', 'url': '/services/data/v67.0/sobjects/ContractLineItem__c/a03RB00001NswraYAB'}",a03RB00001NswraYAB,株式会社グローバルセンター_2025/08,001RB00001VTqm2YAD,a04RB00000kUAQ1YAO,a0BRB00000ynn5t2AA,2025/08,2025/08,2025-08-01,2025-08-31,,,,,11000,False,False,1,2026-06-21T16:13:57.000+0000,2026-07-28T02:33:22.000+0000,CN-00000151,株式会社グローバルセンター,解約,株式会社グローバルセンター,,product_missing
"{'type': 'ContractLineItem__c', 'url': '/services/data/v67.0/sobjects/ContractLineItem__c/a03RB00001NswrbYAB'}",a03RB00001NswrbYAB,株式会社グローバルセンター_2025/09,001RB00001VTqm2YAD,a04RB00000kUAQ1YAO,a0BRB00000ynn5t2AA,2025/09,2025/09,2025-09-01,2025-09-30,,,,,11000,False,False,1,2026-06-21T16:13:57.000+0000,2026-07-28T02:33:22.000+0000,CN-00000151,株式会社グローバルセンター,解約,株式会社グローバルセンター,,product_missing
"{'type': 'ContractLineItem__c', 'url': '/services/data/v67.0/sobjects/ContractLineItem__c/a03RB00001NswrcYAB'}",a03RB00001NswrcYAB,株式会社グローバルセンター_2025/10,001RB00001VTqm2YAD,a04RB00000kUAQ1YAO,a0BRB00000ynn5t2AA,2025/10,2025/10,2025-10-01,2025-10-31,,,,,11000,False,False,1,2026-06-21T16:13:57.000+0000,2026-07-28T02:33:22.000+0000,CN-00000151,株式会社グローバルセンター,解約,株式会社グローバルセンター,,product_missing
"{'type': 'ContractLineItem__c', 'url': '/services/data/v67.0/sobjects/ContractLineItem__c/a03RB00001NswrdYAB'}",a03RB00001NswrdYAB,ホームトレードセンター株式会社_2025/08,001RB00001VTqnbYAD,a04RB00000kUAQ2YAO,a0BRB00000ynn5u2AA,2025/08,2025/08,2025-08-01,2025-08-31,,,,,11000,False,False,1,2026-06-21T16:13:57.000+0000,2026-08-06T00:50:25.000+0000,CN-00000152,ホームトレードセンター株式会社,Activated,ホームトレードセンター株式会社,,product_missing
"{'type': 'ContractLineItem__c', 'url': '/services/data/v67.0/sobjects/ContractLineItem__c/a03RB00001NswreYAB'}",a03RB00001NswreYAB,ホームトレードセンター株式会社_2025/09,001RB00001VTqnbYAD,a04RB00000kUAQ2YAO,a0BRB00000ynn5u2AA,2025/09,2025/09,2025-09-01,2025-09-30,,,,,11000,False,False,1,2026-06-21T16:13:57.000+0000,2026-08-06T00:50:25.000+0000,CN-00000152,ホームトレードセンター株式会社,Activated,ホームトレードセンター株式会社,,product_missing
"{'type': 'ContractLineItem__c', 'url': '/services/data/v67.0/sobjects/ContractLineItem__c/a03RB00001NswrfYAB'}",a03RB00001NswrfYAB,ホームトレードセンター株式会社_2025/10,001RB00001VTqnbYAD,a04RB00000kUAQ2YAO,a0BRB00000ynn5u2AA,2025/10,2025/10,2025-10-01,2025-10-31,,,,,11000,False,False,1,2026-06-21T16:13:57.000+0000,2026-08-06T00:50:25.000+0000,CN-00000152,ホームトレードセンター株式会社,Activated,ホームトレードセンター株式会社,,product_missing
"{'type': 'ContractLineItem__c', 'url': '/services/data/v67.0/sobjects/ContractLineItem__c/a03RB00001NswrgYAB'}",a03RB00001NswrgYAB,ホームトレードセンター株式会社_2025/11,001RB00001VTqnbYAD,a04RB00000kUAQ2YAO,a0BRB00000ynn5u2AA,2025/11,2025/11,2025-11-01,2025-11-30,,,,,11000,False,False,1,2026-06-21T16:13:57.000+0000,2026-08-06T00:50:25.000+0000,CN-00000152,ホームトレードセンター株式会社,Activated,ホームトレードセンター株式会社,,product_missing
"{'type': 'ContractLineItem__c', 'url': '/services/data/v67.0/sobjects/ContractLineItem__c/a03RB00001NswrhYAB'}",a03RB00001NswrhYAB,ホームトレードセンター株式会社_2025/12,001RB00001VTqnbYAD,a04RB00000kUAQ2YAO,a0BRB00000ynn5u2AA,2025/12,2025/12,2025-12-01,2025-12-31,,,,,11000,False,False,1,2026-06-21T16:13:57.000+0000,2026-08-06T00:50:25.000+0000,CN-00000152,ホームトレードセンター株式会社,Activated,ホームトレードセンター株式会社,,product_missing
"{'type': 'ContractLineItem__c', 'url': '/services/data/v67.0/sobjects/ContractLineItem__c/a03RB00001NswriYAB'}",a03RB00001NswriYAB,ホームトレードセンター株式会社_2026/01,001RB00001VTqnbYAD,a04RB00000kUAQ2YAO,a0BRB00000ynn5u2AA,2026/01,2026/01,2026-01-01,2026-01-31,,,,,11000,False,False,1,2026-06-21T16:13:57.000+0000,2026-08-06T00:50:25.000+0000,CN-00000152,ホームトレードセンター株式会社,Activated,ホームトレードセンター株式会社,,product_missing
"{'type': 'ContractLineItem__c', 'url': '/services/data/v67.0/sobjects/ContractLineItem__c/a03RB00001NswrjYAB'}",a03RB00001NswrjYAB,ホームトレードセンター株式会社_2026/02,001RB00001VTqnbYAD,a04RB00000kUAQ2YAO,a0BRB00000ynn5u2AA,2026/02,2026/02,2026-02-01,2026-02-28,,,,,11000,False,False,1,2026-06-21T16:13:57.000+0000,2026-08-06T00:50:25.000+0000,CN-00000152,ホームトレードセンター株式会社,Activated,ホームトレードセンター株式会社,,product_missing
"{'type': 'ContractLineItem__c', 'url': '/services/data/v67.0/sobjects/ContractLineItem__c/a03RB00001NswrnYAB'}",a03RB00001NswrnYAB,株式会社アズスタット_2025/08,001RB00001VTqnHYAT,a04RB00000kUAQ3YAO,a0BRB00000ynn5v2AA,2025/08,2025/08,2025-08-01,2025-08-31,,,,,11000,False,False,1,2026-06-21T16:13:57.000+0000,2026-08-06T00:50:25.000+0000,CN-00000153,株式会社アズスタット,Activated,株式会社アズスタット,,product_missing
"{'type': 'ContractLineItem__c', 'url': '/services/data/v67.0/sobjects/ContractLineItem__c/a03RB00001NswroYAB'}",a03RB00001NswroYAB,株式会社アズスタット_2025/09,001RB00001VTqnHYAT,a04RB00000kUAQ3YAO,a0BRB00000ynn5v2AA,2025/09,2025/09,2025-09-01,2025-09-30,,,,,11000,False,False,1,2026-06-21T16:13:57.000+0000,2026-08-06T00:50:25.000+0000,CN-00000153,株式会社アズスタット,Activated,株式会社アズスタット,,product_missing
"{'type': 'ContractLineItem__c', 'url': '/services/data/v67.0/sobjects/ContractLineItem__c/a03RB00001NswrpYAB'}",a03RB00001NswrpYAB,株式会社アズスタット_2025/10,001RB00001VTqnHYAT,a04RB00000kUAQ3YAO,a0BRB00000ynn5v2AA,2025/10,2025/10,2025-10-01,2025-10-31,,,,,11000,False,False,1,2026-06-21T16:13:57.000+0000,2026-08-06T00:50:25.000+0000,CN-00000153,株式会社アズスタット,Activated,株式会社アズスタット,,product_missing
"{'type': 'ContractLineItem__c', 'url': '/services/data/v67.0/sobjects/ContractLineItem__c/a03RB00001NswrqYAB'}",a03RB00001NswrqYAB,株式会社アズスタット_2025/11,001RB00001VTqnHYAT,a04RB00000kUAQ3YAO,a0BRB00000ynn5v2AA,2025/11,2025/11,2025-11-01,2025-11-30,,,,,11000,False,False,1,2026-06-21T16:13:57.000+0000,2026-08-06T00:50:25.000+0000,CN-00000153,株式会社アズスタット,Activated,株式会社アズスタット,,product_missing
"{'type': 'ContractLineItem__c', 'url': '/services/data/v67.0/sobjects/ContractLineItem__c/a03RB00001NswrrYAB'}",a03RB00001NswrrYAB,株式会社アズスタット_2025/12,001RB00001VTqnHYAT,a04RB00000kUAQ3YAO,a0BRB00000ynn5v2AA,2025/12,2025/12,2025-12-01,2025-12-31,,,,,11000,False,False,1,2026-06-21T16:13:57.000+0000,2026-08-06T00:50:25.000+0000,CN-00000153,株式会社アズスタット,Activated,株式会社アズスタット,,product_missing
"{'type': 'ContractLineItem__c', 'url': '/services/data/v67.0/sobjects/ContractLineItem__c/a03RB00001NswrsYAB'}",a03RB00001NswrsYAB,株式会社アズスタット_2026/01,001RB00001VTqnHYAT,a04RB00000kUAQ3YAO,a0BRB00000ynn5v2AA,2026/01,2026/01,2026-01-01,2026-01-31,,,,,11000,False,False,1,2026-06-21T16:13:57.000+0000,2026-08-06T00:50:25.000+0000,CN-00000153,株式会社アズスタット,Activated,株式会社アズスタット,,product_missing
"{'type': 'ContractLineItem__c', 'url': '/services/data/v67.0/sobjects/ContractLineItem__c/a03RB00001NswrtYAB'}",a03RB00001NswrtYAB,株式会社アズスタット_2026/02,001RB00001VTqnHYAT,a04RB00000kUAQ3YAO,a0BRB00000ynn5v2AA,2026/02,2026/02,2026-02-01,2026-02-28,,,,,11000,False,False,1,2026-06-21T16:13:57.000+0000,2026-08-06T00:50:25.000+0000,CN-00000153,株式会社アズスタット,Activated,株式会社アズスタット,,product_missing
"{'type': 'ContractLineItem__c', 'url': '/services/data/v67.0/sobjects/ContractLineItem__c/a03RB00001NswrxYAB'}",a03RB00001NswrxYAB,株式会社 秀建_2025/08,001RB00001VTtIgYAL,a04RB00000kUAQ4YAO,a0BRB00000ynn5w2AA,2025/08,2025/08,2025-08-01,2025-08-31,,,,,11000,False,False,1,2026-06-21T16:13:57.000+0000,2026-07-28T02:33:22.000+0000,CN-00000154,株式会社 秀建,解約,株式会社 秀建,,product_missing
"{'type': 'ContractLineItem__c', 'url': '/services/data/v67.0/sobjects/ContractLineItem__c/a03RB00001NswryYAB'}",a03RB00001NswryYAB,株式会社 秀建_2025/09,001RB00001VTtIgYAL,a04RB00000kUAQ4YAO,a0BRB00000ynn5w2AA,2025/09,2025/09,2025-09-01,2025-09-30,,,,,11000,False,False,1,2026-06-21T16:13:57.000+0000,2026-07-28T02:33:22.000+0000,CN-00000154,株式会社 秀建,解約,株式会社 秀建,,product_missing
"{'type': 'ContractLineItem__c', 'url': '/services/data/v67.0/sobjects/ContractLineItem__c/a03RB00001NswrzYAB'}",a03RB00001NswrzYAB,株式会社 秀建_2025/10,001RB00001VTtIgYAL,a04RB00000kUAQ4YAO,a0BRB00000ynn5w2AA,2025/10,2025/10,2025-10-01,2025-10-31,,,,,11000,False,False,1,2026-06-21T16:13:57.000+0000,2026-07-28T02:33:22.000+0000,CN-00000154,株式会社 秀建,解約,株式会社 秀建,,product_missing
"{'type': 'ContractLineItem__c', 'url': '/services/data/v67.0/sobjects/ContractLineItem__c/a03RB00001Nsws0YAB'}",a03RB00001Nsws0YAB,株式会社 秀建_2025/11,001RB00001VTtIgYAL,a04RB00000kUAQ4YAO,a0BRB00000ynn5w2AA,2025/11,2025/11,2025-11-01,2025-11-30,,,,,11000,False,False,1,2026-06-21T16:13:57.000+0000,2026-07-28T02:33:22.000+0000,CN-00000154,株式会社 秀建,解約,株式会社 秀建,,product_missing
"{'type': 'ContractLineItem__c', 'url': '/services/data/v67.0/sobjects/ContractLineItem__c/a03RB00001Nsws1YAB'}",a03RB00001Nsws1YAB,株式会社 秀建_2025/12,001RB00001VTtIgYAL,a04RB00000kUAQ4YAO,a0BRB00000ynn5w2AA,2025/12,2025/12,2025-12-01,2025-12-31,,,,,11000,False,False,1,2026-06-21T16:13:57.000+0000,2026-07-28T02:33:22.000+0000,CN-00000154,株式会社 秀建,解約,株式会社 秀建,,product_missing
"{'type': 'ContractLineItem__c', 'url': '/services/data/v67.0/sobjects/ContractLineItem__c/a03RB00001Nsws2YAB'}",a03RB00001Nsws2YAB,株式会社アークフロンティア テラスエステート_2025/09,001RB00001VTtIhYAL,a04RB00000kUAQ5YAO,a0BRB00000ynn5x2AA,2025/09,2025/09,2025-09-01,2025-09-30,,,,,112000,False,False,1,2026-06-21T16:13:57.000+0000,2026-07-28T02:33:22.000+0000,CN-00000155,株式会社アークフロンティア　テラスエステート,解約,株式会社アークフロンティア テラスエステート,,product_missing
"{'type': 'ContractLineItem__c', 'url': '/services/data/v67.0/sobjects/ContractLineItem__c/a03RB00001Nsws3YAB'}",a03RB00001Nsws3YAB,株式会社アークフロンティア テラスエステート_2025/10,001RB00001VTtIhYAL,a04RB00000kUAQ5YAO,a0BRB00000ynn5x2AA,2025/10,2025/10,2025-10-01,2025-10-31,,,,,112000,False,False,1,2026-06-21T16:13:57.000+0000,2026-07-28T02:33:22.000+0000,CN-00000155,株式会社アークフロンティア　テラスエステート,解約,株式会社アークフロンティア テラスエステート,,product_missing
"{'type': 'ContractLineItem__c', 'url': '/services/data/v67.0/sobjects/ContractLineItem__c/a03RB00001Nsws4YAB'}",a03RB00001Nsws4YAB,株式会社アークフロンティア テラスエステート_2025/11,001RB00001VTtIhYAL,a04RB00000kUAQ5YAO,a0BRB00000ynn5x2AA,2025/11,2025/11,2025-11-01,2025-11-30,,,,,112000,False,False,1,2026-06-21T16:13:57.000+0000,2026-07-28T02:33:22.000+0000,CN-00000155,株式会社アークフロンティア　テラスエステート,解約,株式会社アークフロンティア テラスエステート,,product_missing
"{'type': 'ContractLineItem__c', 'url': '/services/data/v67.0/sobjects/ContractLineItem__c/a03RB00001Nsws5YAB'}",a03RB00001Nsws5YAB,株式会社アークフロンティア テラスエステート_2025/12,001RB00001VTtIhYAL,a04RB00000kUAQ5YAO,a0BRB00000ynn5x2AA,2025/12,2025/12,2025-12-01,2025-12-31,,,,,112000,False,False,1,2026-06-21T16:13:57.000+0000,2026-07-28T02:33:22.000+0000,CN-00000155,株式会社アークフロンティア　テラスエステート,解約,株式会社アークフロンティア テラスエステート,,product_missing
"{'type': 'ContractLineItem__c', 'url': '/services/data/v67.0/sobjects/ContractLineItem__c/a03RB00001Nsws6YAB'}",a03RB00001Nsws6YAB,株式会社アークフロンティア テラスエステート_2026/01,001RB00001VTtIhYAL,a04RB00000kUAQ5YAO,a0BRB00000ynn5x2AA,2026/01,2026/01,2026-01-01,2026-01-31,,,,,112000,False,False,1,2026-06-21T16:13:57.000+0000,2026-07-28T02:33:22.000+0000,CN-00000155,株式会社アークフロンティア　テラスエステート,解約,株式会社アークフロンティア テラスエステート,,product_missing
"{'type': 'ContractLineItem__c', 'url': '/services/data/v67.0/sobjects/ContractLineItem__c/a03RB00001Nsws7YAB'}",a03RB00001Nsws7YAB,株式会社アークフロンティア テラスエステート_2026/02,001RB00001VTtIhYAL,a04RB00000kUAQ5YAO,a0BRB00000ynn5x2AA,2026/02,2026/02,2026-02-01,2026-02-28,,,,,112000,False,False,1,2026-06-21T16:13:57.000+0000,2026-07-28T02:33:22.000+0000,CN-00000155,株式会社アークフロンティア　テラスエステート,解約,株式会社アークフロンティア テラスエステート,,product_missing
"{'type': 'ContractLineItem__c', 'url': '/services/data/v67.0/sobjects/ContractLineItem__c/a03RB00001Nsws8YAB'}",a03RB00001Nsws8YAB,株式会社アークフロンティア テラスエステート_2026/03,001RB00001VTtIhYAL,a04RB00000kUAQ5YAO,a0BRB00000ynn5x2AA,2026/03,2026/03,2026-03-01,2026-03-31,,,,,112000,False,False,1,2026-06-21T16:13:57.000+0000,2026-07-28T02:33:22.000+0000,CN-00000155,株式会社アークフロンティア　テラスエステート,解約,株式会社アークフロンティア テラスエステート,,product_missing
"{'type': 'ContractLineItem__c', 'url': '/services/data/v67.0/sobjects/ContractLineItem__c/a03RB00001NswsIYAR'}",a03RB00001NswsIYAR,株式会社CHINTAI_2025/10,001RB00001VTqxoYAD,a04RB00000kUAQ7YAO,a0BRB00000ynn5z2AA,2025/10,2025/10,2025-10-01,2025-10-31,,,,,145000,False,False,1,2026-06-21T16:13:57.000+0000,2026-07-28T02:33:22.000+0000,CN-00000157,株式会社CHINTAI,解約,株式会社CHINTAI,,product_missing
"{'type': 'ContractLineItem__c', 'url': '/services/data/v67.0/sobjects/ContractLineItem__c/a03RB00001NswsJYAR'}",a03RB00001NswsJYAR,株式会社CHINTAI_2025/11,001RB00001VTqxoYAD,a04RB00000kUAQ7YAO,a0BRB00000ynn5z2AA,2025/11,2025/11,2025-11-01,2025-11-30,,,,,145000,False,False,1,2026-06-21T16:13:57.000+0000,2026-07-28T02:33:22.000+0000,CN-00000157,株式会社CHINTAI,解約,株式会社CHINTAI,,product_missing
"{'type': 'ContractLineItem__c', 'url': '/services/data/v67.0/sobjects/ContractLineItem__c/a03RB00001NswsKYAR'}",a03RB00001NswsKYAR,株式会社CHINTAI_2026/02,001RB00001VTqxoYAD,a04RB00000kUAQ7YAO,a0BRB00000ynn5z2AA,2026/02,2026/02,2026-02-01,2026-02-28,,,,,145000,False,False,1,2026-06-21T16:13:57.000+0000,2026-07-28T02:33:22.000+0000,CN-00000157,株式会社CHINTAI,解約,株式会社CHINTAI,,product_missing
"{'type': 'ContractLineItem__c', 'url': '/services/data/v67.0/sobjects/ContractLineItem__c/a03RB00001NswsLYAR'}",a03RB00001NswsLYAR,東京建物不動産販売株式会社 ※10月のみ_2025/10,001RB00001VTqseYAD,a04RB00000kUAQ8YAO,a0BRB00000ynn602AA,2025/10,2025/10,2025-10-01,2025-10-31,,,,,,False,False,1,2026-06-21T16:13:57.000+0000,2026-07-28T02:33:22.000+0000,CN-00000158,東京建物不動産販売株式会社　※10月のみ,解約,東京建物不動産販売株式会社,,product_missing
"{'type': 'ContractLineItem__c', 'url': '/services/data/v67.0/sobjects/ContractLineItem__c/a03RB00001NswsgYAB'}",a03RB00001NswsgYAB,株式会社JBリアルエステート_2026/04,001RB00001VTrqfYAD,a04RB00000kUAQDYA4,a0BRB00000ynn652AA,2026/04,2026/04,2026-04-01,2026-04-30,,,,,11000,False,False,1,2026-06-21T16:13:57.000+0000,2026-07-28T02:33:22.000+0000,CN-00000163,株式会社JBリアルエステート,解約,JBリアルエステート株式会社,,product_missing
"{'type': 'ContractLineItem__c', 'url': '/services/data/v67.0/sobjects/ContractLineItem__c/a03RB00001RIREdYAP'}",a03RB00001RIREdYAP,studio55_2026/06,001RB00001VTrOjYAL,a04RB00000kUANnYAO,a0BRB00000ynb5i2AA,2026/06,2026/06,2026-06-01,2026-06-30,,,,,,False,False,1,2026-07-04T23:31:09.000+0000,2026-07-04T23:31:09.000+0000,CN-00000013,studio55,Activated,株式会社 STUDIO55,,product_missing
"{'type': 'ContractLineItem__c', 'url': '/services/data/v67.0/sobjects/ContractLineItem__c/a03RB00001RIREeYAP'}",a03RB00001RIREeYAP,東急株式会社_2026/06,001RB00001VTrs0YAD,a04RB00000kUANgYAO,a0BRB00000ynb5b2AA,2026/06,2026/06,2026-06-01,2026-06-30,,,a00RB000027fzNXYAY,11000,11000,False,False,1,2026-07-04T23:31:09.000+0000,2026-08-06T00:50:25.000+0000,CN-00000006,東急株式会社,Activated,東急株式会社,,product_missing
"{'type': 'ContractLineItem__c', 'url': '/services/data/v67.0/sobjects/ContractLineItem__c/a03RB00001RIREfYAP'}",a03RB00001RIREfYAP,前田工務店_2026/06,001RB00001VTCYmYAP,a04RB00000kUANjYAO,a0BRB00000ynb5e2AA,2026/06,2026/06,2026-06-01,2026-06-30,,,,8000,8000,False,False,1,2026-07-04T23:31:09.000+0000,2026-08-06T00:50:25.000+0000,CN-00000009,前田工務店,Activated,株式会社前田工務店,,product_missing
"{'type': 'ContractLineItem__c', 'url': '/services/data/v67.0/sobjects/ContractLineItem__c/a03RB00001RIREjYAP'}",a03RB00001RIREjYAP,九州旅客鉄道株式会社　工事部施設課_2026/06,001RB00001VTrOlYAL,a04RB00000kUANxYAO,a0BRB00000ynb5s2AA,2026/06,2026/06,2026-06-01,2026-06-30,,,,8000,8000,False,False,1,2026-07-04T23:31:09.000+0000,2026-07-04T23:31:09.000+0000,CN-00000023,九州旅客鉄道株式会社　工事部施設課,Activated,九州旅客鉄道 株式会社,,product_missing
"{'type': 'ContractLineItem__c', 'url': '/services/data/v67.0/sobjects/ContractLineItem__c/a03RB00001RIREmYAP'}",a03RB00001RIREmYAP,リアルティホールディングス株式会社_2026/06,001RB00001VTtIUYA1,a04RB00000kUAPdYAO,a0BRB00000ynn5V2AQ,2026/06,2026/06,2026-06-01,2026-06-30,,,a00RB00002B5oLMYAZ,159500,159500,False,False,1,2026-07-04T23:31:09.000+0000,2026-07-24T11:59:32.000+0000,CN-00000127,リアルティホールディングス株式会社,解約,リアルティホールディングス株式会社,,product_missing
"{'type': 'ContractLineItem__c', 'url': '/services/data/v67.0/sobjects/ContractLineItem__c/a03RB00001RIREoYAP'}",a03RB00001RIREoYAP,株式会社ヨコハマ地所_2026/06,001RB00001VTqYlYAL,a04RB00000kUAPgYAO,a0BRB00000ynn5Y2AQ,2026/06,2026/06,2026-06-01,2026-06-30,,,,11000,11000,False,False,1,2026-07-04T23:31:09.000+0000,2026-07-04T23:31:09.000+0000,CN-00000130,株式会社ヨコハマ地所,Activated,ヨコハマ地所株式会社,,product_missing
"{'type': 'ContractLineItem__c', 'url': '/services/data/v67.0/sobjects/ContractLineItem__c/a03RB00001RIRExYAP'}",a03RB00001RIRExYAP,九州旅客鉄道株式会社　博多設備区_2026/06,001RB00001VTrOlYAL,a04RB00000kUAOIYA4,a0BRB00000ynb6D2AQ,2026/06,2026/06,2026-06-01,2026-06-30,,,,8000,8000,False,False,1,2026-07-04T23:31:09.000+0000,2026-07-04T23:31:09.000+0000,CN-00000044,九州旅客鉄道株式会社　博多設備区,Activated,九州旅客鉄道 株式会社,,product_missing
"{'type': 'ContractLineItem__c', 'url': '/services/data/v67.0/sobjects/ContractLineItem__c/a03RB00001RIREyYAP'}",a03RB00001RIREyYAP,アイリスオーヤマ（ストアデザイン部）_2026/06,001RB00001VTqkwYAD,a04RB00000kUAOKYA4,a0BRB00000ynb6F2AQ,2026/06,2026/06,2026-06-01,2026-06-30,,,,44000,44000,False,False,4,2026-07-04T23:31:09.000+0000,2026-07-04T23:31:09.000+0000,CN-00000046,アイリスオーヤマ（ストアデザイン部）,Activated,アイリスオーヤマ株式会社,,product_missing
"{'type': 'ContractLineItem__c', 'url': '/services/data/v67.0/sobjects/ContractLineItem__c/a03RB00001RIREzYAP'}",a03RB00001RIREzYAP,アイリスオーヤマ（空間デザイン部）_2026/06,001RB00001VTqkwYAD,a04RB00000kUAOLYA4,a0BRB00000ynb6G2AQ,2026/06,2026/06,2026-06-01,2026-06-30,,,,11000,11000,False,False,1,2026-07-04T23:31:09.000+0000,2026-07-04T23:31:09.000+0000,CN-00000047,アイリスオーヤマ（空間デザイン部）,Activated,アイリスオーヤマ株式会社,,product_missing
"{'type': 'ContractLineItem__c', 'url': '/services/data/v67.0/sobjects/ContractLineItem__c/a03RB00001RIRF0YAP'}",a03RB00001RIRF0YAP,九州旅客鉄道株式会社　開発工事部_2026/06,001RB00001VTrOlYAL,a04RB00000kUAONYA4,a0BRB00000ynb6I2AQ,2026/06,2026/06,2026-06-01,2026-06-30,,,,8000,8000,False,False,1,2026-07-04T23:31:09.000+0000,2026-07-04T23:31:09.000+0000,CN-00000049,九州旅客鉄道株式会社　開発工事部,Activated,九州旅客鉄道 株式会社,,product_missing
"{'type': 'ContractLineItem__c', 'url': '/services/data/v67.0/sobjects/ContractLineItem__c/a03RB00001RIRF8YAP'}",a03RB00001RIRF8YAP,三菱地所株式会社(DX推進部)_2026/06,001RB00001VTqeCYAT,a04RB00000kUAOVYA4,a0BRB00000ynb6Q2AQ,2026/06,2026/06,2026-06-01,2026-06-30,,,,16000,16000,False,False,2,2026-07-04T23:31:09.000+0000,2026-07-04T23:31:09.000+0000,CN-00000057,三菱地所株式会社(DX推進部),Activated,三菱地所株式会社,,product_missing
"{'type': 'ContractLineItem__c', 'url': '/services/data/v67.0/sobjects/ContractLineItem__c/a03RB00001RIRF9YAP'}",a03RB00001RIRF9YAP,生和コーポレーション株式会社_2026/06,001RB00001VTqmcYAD,a04RB00000kUAOdYAO,a0BRB00000ynb6Y2AQ,2026/06,2026/06,2026-06-01,2026-06-30,,,,8000,8000,False,False,1,2026-07-04T23:31:09.000+0000,2026-07-04T23:31:09.000+0000,CN-00000065,生和コーポレーション株式会社,Activated,生和コーポレーション株式会社,,product_missing
"{'type': 'ContractLineItem__c', 'url': '/services/data/v67.0/sobjects/ContractLineItem__c/a03RB00001RIRFAYA5'}",a03RB00001RIRFAYA5,株式会社アールシーコア_2026/06,001RB00001VTqxQYAT,a04RB00000kUAOoYAO,a0BRB00000ynb6j2AA,2026/06,2026/06,2026-06-01,2026-06-30,,,,150000,150000,False,False,10,2026-07-04T23:31:09.000+0000,2026-07-04T23:31:09.000+0000,CN-00000076,株式会社アールシーコア,Activated,株式会社アールシーコア,,product_missing
"{'type': 'ContractLineItem__c', 'url': '/services/data/v67.0/sobjects/ContractLineItem__c/a03RB00001RIRFBYA5'}",a03RB00001RIRFBYA5,株式会社アールシーコア(セキュリティオプション月額）_2026/06,001RB00001VTqxQYAT,a04RB00000kUAOsYAO,a0BRB00000ynb6n2AA,2026/06,2026/06,2026-06-01,2026-06-30,,,,100000,100000,False,False,1,2026-07-04T23:31:09.000+0000,2026-07-04T23:31:09.000+0000,CN-00000080,株式会社アールシーコア(セキュリティオプション月額）,Activated,株式会社アールシーコア,,product_missing
"{'type': 'ContractLineItem__c', 'url': '/services/data/v67.0/sobjects/ContractLineItem__c/a03RB00001RIRFDYA5'}",a03RB00001RIRFDYA5,近鉄不動産(セキュリティオプション月額）_2026/06,001RB00001VTrvcYAD,a04RB00000kUAP9YAO,a0BRB00000ynb742AA,2026/06,2026/06,2026-06-01,2026-06-30,,,,100000,100000,False,False,1,2026-07-04T23:31:09.000+0000,2026-07-04T23:31:09.000+0000,CN-00000097,近鉄不動産(セキュリティオプション月額）,Activated,近鉄不動産株式会社,,product_missing
"{'type': 'ContractLineItem__c', 'url': '/services/data/v67.0/sobjects/ContractLineItem__c/a03RB00001RcABDYA3'}",a03RB00001RcABDYA3,studio55_2026/07,001RB00001VTrOjYAL,a04RB00000kUANnYAO,a0BRB00000ynb5i2AA,2026/07,2026/07,2026-07-01,2026-07-31,,,,,,False,False,1,2026-07-06T21:50:01.000+0000,2026-07-06T21:50:01.000+0000,CN-00000013,studio55,Activated,株式会社 STUDIO55,,product_missing
"{'type': 'ContractLineItem__c', 'url': '/services/data/v67.0/sobjects/ContractLineItem__c/a03RB00001RcABFYA3'}",a03RB00001RcABFYA3,前田工務店_2026/07,001RB00001VTCYmYAP,a04RB00000kUANjYAO,a0BRB00000ynb5e2AA,2026/07,2026/07,2026-07-01,2026-07-31,,,,8000,8000,False,False,1,2026-07-06T21:50:01.000+0000,2026-08-06T00:50:25.000+0000,CN-00000009,前田工務店,Activated,株式会社前田工務店,,product_missing
"{'type': 'ContractLineItem__c', 'url': '/services/data/v67.0/sobjects/ContractLineItem__c/a03RB00001RcABIYA3'}",a03RB00001RcABIYA3,東急リゾーツ＆ステイ_2026/07,001RB00001VTrkXYAT,a04RB00000kUANqYAO,a0BRB00000ynb5l2AA,2026/07,2026/07,2026-07-01,2026-07-31,,,,44000,44000,False,False,4,2026-07-06T21:50:01.000+0000,2026-07-06T21:50:01.000+0000,CN-00000016,東急リゾーツ＆ステイ,Activated,東急リゾーツ&ステイ株式会社,,product_missing
"{'type': 'ContractLineItem__c', 'url': '/services/data/v67.0/sobjects/ContractLineItem__c/a03RB00001RcABKYA3'}",a03RB00001RcABKYA3,九州旅客鉄道株式会社　工事部施設課_2026/07,001RB00001VTrOlYAL,a04RB00000kUANxYAO,a0BRB00000ynb5s2AA,2026/07,2026/07,2026-07-01,2026-07-31,,,,8000,8000,False,False,1,2026-07-06T21:50:01.000+0000,2026-07-06T21:50:01.000+0000,CN-00000023,九州旅客鉄道株式会社　工事部施設課,Activated,九州旅客鉄道 株式会社,,product_missing
"{'type': 'ContractLineItem__c', 'url': '/services/data/v67.0/sobjects/ContractLineItem__c/a03RB00001RcABNYA3'}",a03RB00001RcABNYA3,リアルティホールディングス株式会社_2026/07,001RB00001VTtIUYA1,a04RB00000kUAPdYAO,a0BRB00000ynn5V2AQ,2026/07,2026/07,2026-07-01,2026-07-31,,,a00RB00002B5oLMYAZ,159500,159500,False,False,1,2026-07-06T21:50:01.000+0000,2026-07-24T11:59:32.000+0000,CN-00000127,リアルティホールディングス株式会社,解約,リアルティホールディングス株式会社,,product_missing
"{'type': 'ContractLineItem__c', 'url': '/services/data/v67.0/sobjects/ContractLineItem__c/a03RB00001RcABPYA3'}",a03RB00001RcABPYA3,株式会社ヨコハマ地所_2026/07,001RB00001VTqYlYAL,a04RB00000kUAPgYAO,a0BRB00000ynn5Y2AQ,2026/07,2026/07,2026-07-01,2026-07-31,,,,11000,11000,False,False,1,2026-07-06T21:50:01.000+0000,2026-07-06T21:50:01.000+0000,CN-00000130,株式会社ヨコハマ地所,Activated,ヨコハマ地所株式会社,,product_missing
"{'type': 'ContractLineItem__c', 'url': '/services/data/v67.0/sobjects/ContractLineItem__c/a03RB00001RcABZYA3'}",a03RB00001RcABZYA3,九州旅客鉄道株式会社　博多設備区_2026/07,001RB00001VTrOlYAL,a04RB00000kUAOIYA4,a0BRB00000ynb6D2AQ,2026/07,2026/07,2026-07-01,2026-07-31,,,,8000,8000,False,False,1,2026-07-06T21:50:01.000+0000,2026-07-06T21:50:01.000+0000,CN-00000044,九州旅客鉄道株式会社　博多設備区,Activated,九州旅客鉄道 株式会社,,product_missing
"{'type': 'ContractLineItem__c', 'url': '/services/data/v67.0/sobjects/ContractLineItem__c/a03RB00001RcABaYAN'}",a03RB00001RcABaYAN,アイリスオーヤマ（ストアデザイン部）_2026/07,001RB00001VTqkwYAD,a04RB00000kUAOKYA4,a0BRB00000ynb6F2AQ,2026/07,2026/07,2026-07-01,2026-07-31,,,,44000,44000,False,False,4,2026-07-06T21:50:01.000+0000,2026-07-06T21:50:01.000+0000,CN-00000046,アイリスオーヤマ（ストアデザイン部）,Activated,アイリスオーヤマ株式会社,,product_missing
"{'type': 'ContractLineItem__c', 'url': '/services/data/v67.0/sobjects/ContractLineItem__c/a03RB00001RcABbYAN'}",a03RB00001RcABbYAN,アイリスオーヤマ（空間デザイン部）_2026/07,001RB00001VTqkwYAD,a04RB00000kUAOLYA4,a0BRB00000ynb6G2AQ,2026/07,2026/07,2026-07-01,2026-07-31,,,,11000,11000,False,False,1,2026-07-06T21:50:01.000+0000,2026-07-06T21:50:01.000+0000,CN-00000047,アイリスオーヤマ（空間デザイン部）,Activated,アイリスオーヤマ株式会社,,product_missing
"{'type': 'ContractLineItem__c', 'url': '/services/data/v67.0/sobjects/ContractLineItem__c/a03RB00001RcABcYAN'}",a03RB00001RcABcYAN,九州旅客鉄道株式会社　開発工事部_2026/07,001RB00001VTrOlYAL,a04RB00000kUAONYA4,a0BRB00000ynb6I2AQ,2026/07,2026/07,2026-07-01,2026-07-31,,,,8000,8000,False,False,1,2026-07-06T21:50:01.000+0000,2026-07-06T21:50:01.000+0000,CN-00000049,九州旅客鉄道株式会社　開発工事部,Activated,九州旅客鉄道 株式会社,,product_missing
"{'type': 'ContractLineItem__c', 'url': '/services/data/v67.0/sobjects/ContractLineItem__c/a03RB00001RcABnYAN'}",a03RB00001RcABnYAN,三菱地所株式会社(DX推進部)_2026/07,001RB00001VTqeCYAT,a04RB00000kUAOVYA4,a0BRB00000ynb6Q2AQ,2026/07,2026/07,2026-07-01,2026-07-31,,,,16000,16000,False,False,2,2026-07-06T21:50:01.000+0000,2026-07-06T21:50:01.000+0000,CN-00000057,三菱地所株式会社(DX推進部),Activated,三菱地所株式会社,,product_missing
"{'type': 'ContractLineItem__c', 'url': '/services/data/v67.0/sobjects/ContractLineItem__c/a03RB00001RcABoYAN'}",a03RB00001RcABoYAN,生和コーポレーション株式会社_2026/07,001RB00001VTqmcYAD,a04RB00000kUAOdYAO,a0BRB00000ynb6Y2AQ,2026/07,2026/07,2026-07-01,2026-07-31,,,,8000,8000,False,False,1,2026-07-06T21:50:01.000+0000,2026-07-06T21:50:01.000+0000,CN-00000065,生和コーポレーション株式会社,Activated,生和コーポレーション株式会社,,product_missing
"{'type': 'ContractLineItem__c', 'url': '/services/data/v67.0/sobjects/ContractLineItem__c/a03RB00001RcABtYAN'}",a03RB00001RcABtYAN,三菱地所レジデンス株式会社_2026/07,001RB00001VTqf7YAD,a04RB00000kUAOjYAO,a0BRB00000ynb6e2AA,2026/07,2026/07,2026-07-01,2026-07-31,,,a00RB00002B4i4HYAR,140000,140000,False,False,,2026-07-06T21:50:01.000+0000,2026-07-24T10:37:59.000+0000,CN-00000071,三菱地所レジデンス株式会社,Activated,三菱地所レジデンス株式会社,,product_missing
"{'type': 'ContractLineItem__c', 'url': '/services/data/v67.0/sobjects/ContractLineItem__c/a03RB00001RcABuYAN'}",a03RB00001RcABuYAN,株式会社アールシーコア_2026/07,001RB00001VTqxQYAT,a04RB00000kUAOoYAO,a0BRB00000ynb6j2AA,2026/07,2026/07,2026-07-01,2026-07-31,,,,150000,150000,False,False,10,2026-07-06T21:50:01.000+0000,2026-07-06T21:50:01.000+0000,CN-00000076,株式会社アールシーコア,Activated,株式会社アールシーコア,,product_missing
"{'type': 'ContractLineItem__c', 'url': '/services/data/v67.0/sobjects/ContractLineItem__c/a03RB00001RcABvYAN'}",a03RB00001RcABvYAN,株式会社アールシーコア(セキュリティオプション月額）_2026/07,001RB00001VTqxQYAT,a04RB00000kUAOsYAO,a0BRB00000ynb6n2AA,2026/07,2026/07,2026-07-01,2026-07-31,,,,100000,100000,False,False,1,2026-07-06T21:50:01.000+0000,2026-07-06T21:50:01.000+0000,CN-00000080,株式会社アールシーコア(セキュリティオプション月額）,Activated,株式会社アールシーコア,,product_missing
"{'type': 'ContractLineItem__c', 'url': '/services/data/v67.0/sobjects/ContractLineItem__c/a03RB00001RcAC3YAN'}",a03RB00001RcAC3YAN,野村不動産株式会社_2026/07,001RB00001VTCYEYA5,a04RB00000kUAOvYAO,a0BRB00000ynb6q2AA,2026/07,2026/07,2026-07-01,2026-07-31,,,,150000,150000,False,False,10,2026-07-06T21:50:01.000+0000,2026-07-06T21:50:01.000+0000,CN-00000083,野村不動産株式会社,Activated,野村不動産株式会社,,product_missing
"{'type': 'ContractLineItem__c', 'url': '/services/data/v67.0/sobjects/ContractLineItem__c/a03RB00001RcAC4YAN'}",a03RB00001RcAC4YAN,野村不動産株式会社（シングルサインオン分）_2026/07,001RB00001VTCYEYA5,a04RB00000kUAOwYAO,a0BRB00000ynb6r2AA,2026/07,2026/07,2026-07-01,2026-07-31,,,,30000,30000,False,False,1,2026-07-06T21:50:01.000+0000,2026-07-06T21:50:01.000+0000,CN-00000084,野村不動産株式会社（シングルサインオン分）,Activated,野村不動産株式会社,,product_missing
"{'type': 'ContractLineItem__c', 'url': '/services/data/v67.0/sobjects/ContractLineItem__c/a03RB00001RcACCYA3'}",a03RB00001RcACCYA3,近鉄不動産_2026/07,001RB00001VTrvcYAD,a04RB00000kUAP8YAO,a0BRB00000ynb732AA,2026/07,2026/07,2026-07-01,2026-07-31,,,,180000,180000,False,False,12,2026-07-06T21:50:01.000+0000,2026-07-06T21:50:01.000+0000,CN-00000096,近鉄不動産,Activated,近鉄不動産株式会社,,product_missing
"{'type': 'ContractLineItem__c', 'url': '/services/data/v67.0/sobjects/ContractLineItem__c/a03RB00001RcACDYA3'}",a03RB00001RcACDYA3,近鉄不動産(セキュリティオプション月額）_2026/07,001RB00001VTrvcYAD,a04RB00000kUAP9YAO,a0BRB00000ynb742AA,2026/07,2026/07,2026-07-01,2026-07-31,,,,100000,100000,False,False,1,2026-07-06T21:50:01.000+0000,2026-07-06T21:50:01.000+0000,CN-00000097,近鉄不動産(セキュリティオプション月額）,Activated,近鉄不動産株式会社,,product_missing
"{'type': 'ContractLineItem__c', 'url': '/services/data/v67.0/sobjects/ContractLineItem__c/a03RB00001RcACKYA3'}",a03RB00001RcACKYA3,株式会社デザインアーク　東京本店　東京スペースソリューション第１営業所_2026/07,001RB00001VTruAYAT,a04RB00000kUAPKYA4,a0BRB00000ynn5B2AQ,2026/07,2026/07,2026-07-01,2026-07-31,,,,30000,30000,False,False,2,2026-07-06T21:50:01.000+0000,2026-07-06T21:50:01.000+0000,CN-00000108,株式会社デザインアーク　東京本店　東京スペースソリューション第１営業所,Activated,株式会社デザインアーク,,product_missing
"{'type': 'ContractLineItem__c', 'url': '/services/data/v67.0/sobjects/ContractLineItem__c/a03RB00001RcACLYA3'}",a03RB00001RcACLYA3,NTTファシリティーズ株式会社_2026/07,001RB00001VTrnrYAD,a04RB00000kUAPLYA4,a0BRB00000ynn5C2AQ,2026/07,2026/07,2026-07-01,2026-07-31,,,,1500000,1500000,False,False,10,2026-07-06T21:50:01.000+0000,2026-07-06T21:50:01.000+0000,CN-00000109,NTTファシリティーズ株式会社,Activated,NTTファシリティーズ,,product_missing
"{'type': 'ContractLineItem__c', 'url': '/services/data/v67.0/sobjects/ContractLineItem__c/a03RB00001RcACMYA3'}",a03RB00001RcACMYA3,合同会社小島屋_2026/07,001RB00001VTruZYAT,a04RB00000kUAPMYA4,a0BRB00000ynn5D2AQ,2026/07,2026/07,2026-07-01,2026-07-31,,,,8000,8000,False,False,1,2026-07-06T21:50:01.000+0000,2026-07-06T21:50:01.000+0000,CN-00000110,合同会社小島屋,Activated,小島屋,,product_missing
"{'type': 'ContractLineItem__c', 'url': '/services/data/v67.0/sobjects/ContractLineItem__c/a03RB00001STmGsYAL'}",a03RB00001STmGsYAL,前田工務店_2026/08,001RB00001VTCYmYAP,a04RB00000kUANjYAO,a0BRB000010uujp2AA,2026/08,2026/08,2026-08-01,2026-08-31,,,,8000,8000,False,False,1,2026-07-10T16:30:03.000+0000,2026-07-10T16:30:03.000+0000,CN-00000009,前田工務店,Activated,株式会社前田工務店,,product_missing
"{'type': 'ContractLineItem__c', 'url': '/services/data/v67.0/sobjects/ContractLineItem__c/a03RB00001STmGuYAL'}",a03RB00001STmGuYAL,studio55_2026/08,001RB00001VTrOjYAL,a04RB00000kUANnYAO,a0BRB000010uujr2AA,2026/08,2026/08,2026-08-01,2026-08-31,,,,,,False,False,1,2026-07-10T16:30:03.000+0000,2026-07-10T16:30:03.000+0000,CN-00000013,studio55,Activated,株式会社 STUDIO55,,product_missing
"{'type': 'ContractLineItem__c', 'url': '/services/data/v67.0/sobjects/ContractLineItem__c/a03RB00001STmGvYAL'}",a03RB00001STmGvYAL,東急リゾーツ＆ステイ_2026/08,001RB00001VTrkXYAT,a04RB00000kUANqYAO,a0BRB000010uujs2AA,2026/08,2026/08,2026-08-01,2026-08-31,,,,44000,44000,False,False,4,2026-07-10T16:30:03.000+0000,2026-07-10T16:30:03.000+0000,CN-00000016,東急リゾーツ＆ステイ,Activated,東急リゾーツ&ステイ株式会社,,product_missing
"{'type': 'ContractLineItem__c', 'url': '/services/data/v67.0/sobjects/ContractLineItem__c/a03RB00001STmGxYAL'}",a03RB00001STmGxYAL,九州旅客鉄道株式会社　工事部施設課_2026/08,001RB00001VTrOlYAL,a04RB00000kUANxYAO,a0BRB000010uujw2AA,2026/08,2026/08,2026-08-01,2026-08-31,,,,8000,8000,False,False,1,2026-07-10T16:30:03.000+0000,2026-07-10T16:30:03.000+0000,CN-00000023,九州旅客鉄道株式会社　工事部施設課,Activated,九州旅客鉄道 株式会社,,product_missing
"{'type': 'ContractLineItem__c', 'url': '/services/data/v67.0/sobjects/ContractLineItem__c/a03RB00001STmGyYAL'}",a03RB00001STmGyYAL,戸田建設(設計部:月額)_2026/08,001RB00001VTrmnYAD,a04RB00000kUAO0YAO,a0BRB000010uujx2AA,2026/08,2026/08,2026-08-01,2026-08-31,,,,55000,55000,False,False,5,2026-07-10T16:30:03.000+0000,2026-07-10T16:30:03.000+0000,CN-00000026,戸田建設(設計部:月額),Activated,戸田建設株式会社,,product_missing
"{'type': 'ContractLineItem__c', 'url': '/services/data/v67.0/sobjects/ContractLineItem__c/a03RB00001STmH5YAL'}",a03RB00001STmH5YAL,九州旅客鉄道株式会社　博多設備区_2026/08,001RB00001VTrOlYAL,a04RB00000kUAOIYA4,a0BRB000010uuk42AA,2026/08,2026/08,2026-08-01,2026-08-31,,,,8000,8000,False,False,1,2026-07-10T16:30:03.000+0000,2026-07-10T16:30:03.000+0000,CN-00000044,九州旅客鉄道株式会社　博多設備区,Activated,九州旅客鉄道 株式会社,,product_missing
"{'type': 'ContractLineItem__c', 'url': '/services/data/v67.0/sobjects/ContractLineItem__c/a03RB00001STmH6YAL'}",a03RB00001STmH6YAL,アイリスオーヤマ（ストアデザイン部）_2026/08,001RB00001VTqkwYAD,a04RB00000kUAOKYA4,a0BRB000010uuk52AA,2026/08,2026/08,2026-08-01,2026-08-31,,,,44000,44000,False,False,4,2026-07-10T16:30:03.000+0000,2026-07-10T16:30:03.000+0000,CN-00000046,アイリスオーヤマ（ストアデザイン部）,Activated,アイリスオーヤマ株式会社,,product_missing
"{'type': 'ContractLineItem__c', 'url': '/services/data/v67.0/sobjects/ContractLineItem__c/a03RB00001STmH7YAL'}",a03RB00001STmH7YAL,アイリスオーヤマ（空間デザイン部）_2026/08,001RB00001VTqkwYAD,a04RB00000kUAOLYA4,a0BRB000010uuk62AA,2026/08,2026/08,2026-08-01,2026-08-31,,,,11000,11000,False,False,1,2026-07-10T16:30:03.000+0000,2026-07-10T16:30:03.000+0000,CN-00000047,アイリスオーヤマ（空間デザイン部）,Activated,アイリスオーヤマ株式会社,,product_missing
"{'type': 'ContractLineItem__c', 'url': '/services/data/v67.0/sobjects/ContractLineItem__c/a03RB00001STmH8YAL'}",a03RB00001STmH8YAL,九州旅客鉄道株式会社　開発工事部_2026/08,001RB00001VTrOlYAL,a04RB00000kUAONYA4,a0BRB000010uuk72AA,2026/08,2026/08,2026-08-01,2026-08-31,,,,8000,8000,False,False,1,2026-07-10T16:30:03.000+0000,2026-07-10T16:30:03.000+0000,CN-00000049,九州旅客鉄道株式会社　開発工事部,Activated,九州旅客鉄道 株式会社,,product_missing
"{'type': 'ContractLineItem__c', 'url': '/services/data/v67.0/sobjects/ContractLineItem__c/a03RB00001STmHDYA1'}",a03RB00001STmHDYA1,三菱地所株式会社(DX推進部)_2026/08,001RB00001VTqeCYAT,a04RB00000kUAOVYA4,a0BRB000010uukC2AQ,2026/08,2026/08,2026-08-01,2026-08-31,,,,16000,16000,False,False,2,2026-07-10T16:30:03.000+0000,2026-07-10T16:30:03.000+0000,CN-00000057,三菱地所株式会社(DX推進部),Activated,三菱地所株式会社,,product_missing
"{'type': 'ContractLineItem__c', 'url': '/services/data/v67.0/sobjects/ContractLineItem__c/a03RB00001STmHEYA1'}",a03RB00001STmHEYA1,生和コーポレーション株式会社_2026/08,001RB00001VTqmcYAD,a04RB00000kUAOdYAO,a0BRB000010uukE2AQ,2026/08,2026/08,2026-08-01,2026-08-31,,,,8000,8000,False,False,1,2026-07-10T16:30:03.000+0000,2026-07-10T16:30:03.000+0000,CN-00000065,生和コーポレーション株式会社,Activated,生和コーポレーション株式会社,,product_missing
"{'type': 'ContractLineItem__c', 'url': '/services/data/v67.0/sobjects/ContractLineItem__c/a03RB00001STmHHYA1'}",a03RB00001STmHHYA1,株式会社アールシーコア_2026/08,001RB00001VTqxQYAT,a04RB00000kUAOoYAO,a0BRB000010uukJ2AQ,2026/08,2026/08,2026-08-01,2026-08-31,,,,150000,150000,False,False,10,2026-07-10T16:30:03.000+0000,2026-07-10T16:30:03.000+0000,CN-00000076,株式会社アールシーコア,Activated,株式会社アールシーコア,,product_missing
"{'type': 'ContractLineItem__c', 'url': '/services/data/v67.0/sobjects/ContractLineItem__c/a03RB00001STmHJYA1'}",a03RB00001STmHJYA1,株式会社アールシーコア(セキュリティオプション月額）_2026/08,001RB00001VTqxQYAT,a04RB00000kUAOsYAO,a0BRB000010uukL2AQ,2026/08,2026/08,2026-08-01,2026-08-31,,,,100000,100000,False,False,1,2026-07-10T16:30:03.000+0000,2026-07-10T16:30:03.000+0000,CN-00000080,株式会社アールシーコア(セキュリティオプション月額）,Activated,株式会社アールシーコア,,product_missing
"{'type': 'ContractLineItem__c', 'url': '/services/data/v67.0/sobjects/ContractLineItem__c/a03RB00001STmHLYA1'}",a03RB00001STmHLYA1,野村不動産株式会社_2026/08,001RB00001VTCYEYA5,a04RB00000kUAOvYAO,a0BRB000010uukN2AQ,2026/08,2026/08,2026-08-01,2026-08-31,,,,150000,150000,False,False,10,2026-07-10T16:30:03.000+0000,2026-07-10T16:30:03.000+0000,CN-00000083,野村不動産株式会社,Activated,野村不動産株式会社,,product_missing
"{'type': 'ContractLineItem__c', 'url': '/services/data/v67.0/sobjects/ContractLineItem__c/a03RB00001STmHMYA1'}",a03RB00001STmHMYA1,野村不動産株式会社（シングルサインオン分）_2026/08,001RB00001VTCYEYA5,a04RB00000kUAOwYAO,a0BRB000010uukO2AQ,2026/08,2026/08,2026-08-01,2026-08-31,,,,30000,30000,False,False,1,2026-07-10T16:30:03.000+0000,2026-07-10T16:30:03.000+0000,CN-00000084,野村不動産株式会社（シングルサインオン分）,Activated,野村不動産株式会社,,product_missing
"{'type': 'ContractLineItem__c', 'url': '/services/data/v67.0/sobjects/ContractLineItem__c/a03RB00001STmHWYA1'}",a03RB00001STmHWYA1,近鉄不動産_2026/08,001RB00001VTrvcYAD,a04RB00000kUAP8YAO,a0BRB000010uukY2AQ,2026/08,2026/08,2026-08-01,2026-08-31,,,,180000,180000,False,False,12,2026-07-10T16:30:03.000+0000,2026-07-10T16:30:03.000+0000,CN-00000096,近鉄不動産,Activated,近鉄不動産株式会社,,product_missing
"{'type': 'ContractLineItem__c', 'url': '/services/data/v67.0/sobjects/ContractLineItem__c/a03RB00001STmHXYA1'}",a03RB00001STmHXYA1,近鉄不動産(セキュリティオプション月額）_2026/08,001RB00001VTrvcYAD,a04RB00000kUAP9YAO,a0BRB000010uukZ2AQ,2026/08,2026/08,2026-08-01,2026-08-31,,,,100000,100000,False,False,1,2026-07-10T16:30:03.000+0000,2026-07-10T16:30:03.000+0000,CN-00000097,近鉄不動産(セキュリティオプション月額）,Activated,近鉄不動産株式会社,,product_missing
"{'type': 'ContractLineItem__c', 'url': '/services/data/v67.0/sobjects/ContractLineItem__c/a03RB00001STmHeYAL'}",a03RB00001STmHeYAL,株式会社デザインアーク　東京本店　東京スペースソリューション第１営業所_2026/08,001RB00001VTruAYAT,a04RB00000kUAPKYA4,a0BRB000010uukg2AA,2026/08,2026/08,2026-08-01,2026-08-31,,,,30000,30000,False,False,2,2026-07-10T16:30:03.000+0000,2026-07-10T16:30:03.000+0000,CN-00000108,株式会社デザインアーク　東京本店　東京スペースソリューション第１営業所,Activated,株式会社デザインアーク,,product_missing
"{'type': 'ContractLineItem__c', 'url': '/services/data/v67.0/sobjects/ContractLineItem__c/a03RB00001STmHfYAL'}",a03RB00001STmHfYAL,NTTファシリティーズ株式会社_2026/08,001RB00001VTrnrYAD,a04RB00000kUAPLYA4,a0BRB000010uukh2AA,2026/08,2026/08,2026-08-01,2026-08-31,,,,1500000,1500000,False,False,10,2026-07-10T16:30:03.000+0000,2026-07-10T16:30:03.000+0000,CN-00000109,NTTファシリティーズ株式会社,Activated,NTTファシリティーズ,,product_missing
"{'type': 'ContractLineItem__c', 'url': '/services/data/v67.0/sobjects/ContractLineItem__c/a03RB00001STmHgYAL'}",a03RB00001STmHgYAL,合同会社小島屋_2026/08,001RB00001VTruZYAT,a04RB00000kUAPMYA4,a0BRB000010uuki2AA,2026/08,2026/08,2026-08-01,2026-08-31,,,,8000,8000,False,False,1,2026-07-10T16:30:03.000+0000,2026-07-10T16:30:03.000+0000,CN-00000110,合同会社小島屋,Activated,小島屋,,product_missing
"{'type': 'ContractLineItem__c', 'url': '/services/data/v67.0/sobjects/ContractLineItem__c/a03RB00001STmHhYAL'}",a03RB00001STmHhYAL,ハウスプラザ_2026/08,001RB00001VTqZpYAL,a04RB00000kUAPVYA4,a0BRB000010uukj2AA,2026/08,2026/08,2026-08-01,2026-08-31,,,,11000,11000,False,False,1,2026-07-10T16:30:03.000+0000,2026-07-10T16:30:03.000+0000,CN-00000119,ハウスプラザ,Activated,株式会社ハウスプラザ,,product_missing
"{'type': 'ContractLineItem__c', 'url': '/services/data/v67.0/sobjects/ContractLineItem__c/a03RB00001STmHiYAL'}",a03RB00001STmHiYAL,株式会社イーグランド_2026/08,001RB00001VTqZVYA1,a04RB00000kUAPXYA4,a0BRB000010uukk2AA,2026/08,2026/08,2026-08-01,2026-08-31,,,,11000,11000,False,False,1,2026-07-10T16:30:03.000+0000,2026-07-10T16:30:03.000+0000,CN-00000121,株式会社イーグランド,Activated,株式会社イーグランド,,product_missing
"{'type': 'ContractLineItem__c', 'url': '/services/data/v67.0/sobjects/ContractLineItem__c/a03RB00001STmHjYAL'}",a03RB00001STmHjYAL,株式会社穂積住宅_2026/08,001RB00001VTqaGYAT,a04RB00000kUAPbYAO,a0BRB000010uukl2AA,2026/08,2026/08,2026-08-01,2026-08-31,,,,33000,33000,False,False,3,2026-07-10T16:30:03.000+0000,2026-07-10T16:30:03.000+0000,CN-00000125,株式会社穂積住宅,Activated,株式会社穂積住宅,,product_missing
"{'type': 'ContractLineItem__c', 'url': '/services/data/v67.0/sobjects/ContractLineItem__c/a03RB00001STmHkYAL'}",a03RB00001STmHkYAL,リアルティホールディングス株式会社_2026/08,001RB00001VTtIUYA1,a04RB00000kUAPdYAO,a0BRB000010uukm2AA,2026/08,2026/08,2026-08-01,2026-08-31,,,,159500,159500,False,False,1,2026-07-10T16:30:03.000+0000,2026-07-10T16:30:03.000+0000,CN-00000127,リアルティホールディングス株式会社,解約,リアルティホールディングス株式会社,,product_missing
"{'type': 'ContractLineItem__c', 'url': '/services/data/v67.0/sobjects/ContractLineItem__c/a03RB00001STmHlYAL'}",a03RB00001STmHlYAL,株式会社ヨコハマ地所_2026/08,001RB00001VTqYlYAL,a04RB00000kUAPgYAO,a0BRB000010uukn2AA,2026/08,2026/08,2026-08-01,2026-08-31,,,,11000,11000,False,False,1,2026-07-10T16:30:03.000+0000,2026-07-10T16:30:03.000+0000,CN-00000130,株式会社ヨコハマ地所,Activated,ヨコハマ地所株式会社,,product_missing
"{'type': 'ContractLineItem__c', 'url': '/services/data/v67.0/sobjects/ContractLineItem__c/a03RB00001STmHmYAL'}",a03RB00001STmHmYAL,株式会社エージェント_2026/08,001RB00001VTqZWYA1,a04RB00000kUAPjYAO,a0BRB000010uuko2AA,2026/08,2026/08,2026-08-01,2026-08-31,,,,11000,11000,False,False,1,2026-07-10T16:30:03.000+0000,2026-07-10T16:30:03.000+0000,CN-00000133,株式会社エージェント,Activated,株式会社エージェント,,product_missing
"{'type': 'ContractLineItem__c', 'url': '/services/data/v67.0/sobjects/ContractLineItem__c/a03RB00001STmHnYAL'}",a03RB00001STmHnYAL,株式会社博進コスモプラザ_2026/08,001RB00001VTtIXYA1,a04RB00000kUAPlYAO,a0BRB000010uukp2AA,2026/08,2026/08,2026-08-01,2026-08-31,,,,11000,11000,False,False,1,2026-07-10T16:30:03.000+0000,2026-07-10T16:30:03.000+0000,CN-00000135,株式会社博進コスモプラザ,Activated,株式会社博進コスモプラザ,,product_missing
"{'type': 'ContractLineItem__c', 'url': '/services/data/v67.0/sobjects/ContractLineItem__c/a03RB00001STmHsYAL'}",a03RB00001STmHsYAL,ホームトレードセンター株式会社_2026/08,001RB00001VTqnbYAD,a04RB00000kUAQ2YAO,a0BRB000010uuku2AA,2026/08,2026/08,2026-08-01,2026-08-31,,,,11000,11000,False,False,1,2026-07-10T16:30:03.000+0000,2026-07-10T16:30:03.000+0000,CN-00000152,ホームトレードセンター株式会社,Activated,ホームトレードセンター株式会社,,product_missing
"{'type': 'ContractLineItem__c', 'url': '/services/data/v67.0/sobjects/ContractLineItem__c/a03RB00001STmHtYAL'}",a03RB00001STmHtYAL,株式会社アズスタット_2026/08,001RB00001VTqnHYAT,a04RB00000kUAQ3YAO,a0BRB000010uukv2AA,2026/08,2026/08,2026-08-01,2026-08-31,,,,11000,11000,False,False,1,2026-07-10T16:30:03.000+0000,2026-07-10T16:30:03.000+0000,CN-00000153,株式会社アズスタット,Activated,株式会社アズスタット,,product_missing
"{'type': 'ContractLineItem__c', 'url': '/services/data/v67.0/sobjects/ContractLineItem__c/a03RB00001VLhyrYAD'}",a03RB00001VLhyrYAD,a03RB00001VLhyr,001RB00001VcyFKYAZ,a04RB00000kVL7KYAW,a0BRB00000ynn552AA,2026/07,2026/07,2026-07-01,2026-07-31,a0CRB0000CcXZ6x2QG,,a00RB00002BahLfYAJ,225000,225000,False,False,1,2026-07-27T07:58:17.000+0000,2026-07-28T05:08:12.000+0000,CN-00000165,Mig_freee請求移行_クウジット株式会社,Draft,クウジット株式会社,受託開発,period_contract_mismatch
"{'type': 'ContractLineItem__c', 'url': '/services/data/v67.0/sobjects/ContractLineItem__c/a03RB00001VUaoZYAT'}",a03RB00001VUaoZYAT,a03RB00001VUaoZ,001RB00001VTqleYAD,a04RB00000kUAObYAO,a0BRB00000ynb6W2AQ,2026/06,2026/06,2026-06-01,2026-06-30,a0CRB0000CcXZ6S2QW,,a00RB00002DAbgvYAD,6400,6400,False,False,12,2026-07-28T04:58:43.000+0000,2026-08-19T10:25:53.000+0000,CN-00000063,大塚商会（大和財宅）,Activated,株式会社大塚商会,[年払_代理販売20%] Rendery Proプランネンバライ,invoice_contract_mismatch
"{'type': 'ContractLineItem__c', 'url': '/services/data/v67.0/sobjects/ContractLineItem__c/a03RB00001XlNH2YAN'}",a03RB00001XlNH2YAN,a03RB00001XlNH2,001RB00001VTqWFYA1,a04RB00000nmHDdYAM,a0BRB00001429CT2AY,2026/08,2026/08,2026-08-01,2026-08-31,a0CRB0000CcXZ6Q2QW,,a00RB00002Cb9PNYAZ,96000,96000,True,False,2,2026-08-10T13:41:34.000+0000,2026-08-19T10:25:53.000+0000,CN-00000251,森ビル株式会社 Rendery Proプラン Freee自動請求契約,Activated,森ビル株式会社,Rendery Proプラン,invoice_contract_mismatch
"{'type': 'ContractLineItem__c', 'url': '/services/data/v67.0/sobjects/ContractLineItem__c/a03RB00001XlNH3YAN'}",a03RB00001XlNH3YAN,a03RB00001XlNH3,001RB00001VTrqmYAD,a04RB00000nmHDeYAM,a0BRB00001429CU2AY,2026/08,2026/08,2026-08-01,2026-08-31,a0CRB0000CcXZ6Q2QW,,a00RB00002Crja9YAB,8000,8000,True,False,1,2026-08-10T13:41:34.000+0000,2026-08-19T10:25:53.000+0000,CN-00000252,センコー産業株式会社 Rendery Proプラン Freee自動請求契約,Activated,センコー産業株式会社,Rendery Proプラン,invoice_contract_mismatch
