attributes,Id,Name,Account__c,MasterContract__c,ContractPeriod__c,ContractYearMonth__c,Month__c,PeriodStartDate__c,PeriodEndDate__c,ProductMaster__c,QuotationLine__c,RelatedInvoice__c,RevenueAmount__c,Total__c,MRR_Target__c,InitialFee__c,PeopleNumber__c,CreatedDate,LastModifiedDate,ContractNumber,ContractName,ContractStatus,AccountName,ProductName
"{'type': 'ContractLineItem__c', 'url': '/services/data/v67.0/sobjects/ContractLineItem__c/a03RB00001NswUHYAZ'}",a03RB00001NswUHYAZ,サンフロンティア不動産株式会社_2024/06,001RB00001VTqlYYAT,a04RB00000kUANdYAO,a0BRB00000ynb5Y2AQ,2024/06,2024/06,2024-06-01,2024-06-30,a0CRB0000CcXZ6Q2QW,,,64000,64000,False,False,8,2026-06-21T16:13:55.000+0000,2026-08-06T00:50:25.000+0000,CN-00000003,サンフロンティア不動産株式会社,Activated,サンフロンティア不動産株式会社,Rendery Proプラン
"{'type': 'ContractLineItem__c', 'url': '/services/data/v67.0/sobjects/ContractLineItem__c/a03RB00001NswUIYAZ'}",a03RB00001NswUIYAZ,サンフロンティア不動産株式会社_2024/07,001RB00001VTqlYYAT,a04RB00000kUANdYAO,a0BRB00000ynb5Y2AQ,2024/07,2024/07,2024-07-01,2024-07-31,a0CRB0000CcXZ6Q2QW,,,64000,64000,False,False,8,2026-06-21T16:13:55.000+0000,2026-08-06T00:50:25.000+0000,CN-00000003,サンフロンティア不動産株式会社,Activated,サンフロンティア不動産株式会社,Rendery Proプラン
"{'type': 'ContractLineItem__c', 'url': '/services/data/v67.0/sobjects/ContractLineItem__c/a03RB00001NswUJYAZ'}",a03RB00001NswUJYAZ,サンフロンティア不動産株式会社_2024/08,001RB00001VTqlYYAT,a04RB00000kUANdYAO,a0BRB00000ynb5Y2AQ,2024/08,2024/08,2024-08-01,2024-08-31,a0CRB0000CcXZ6Q2QW,,,64000,64000,False,False,8,2026-06-21T16:13:55.000+0000,2026-08-06T00:50:25.000+0000,CN-00000003,サンフロンティア不動産株式会社,Activated,サンフロンティア不動産株式会社,Rendery Proプラン
"{'type': 'ContractLineItem__c', 'url': '/services/data/v67.0/sobjects/ContractLineItem__c/a03RB00001NswUKYAZ'}",a03RB00001NswUKYAZ,サンフロンティア不動産株式会社_2024/09,001RB00001VTqlYYAT,a04RB00000kUANdYAO,a0BRB00000ynb5Y2AQ,2024/09,2024/09,2024-09-01,2024-09-30,a0CRB0000CcXZ6Q2QW,,,64000,64000,False,False,8,2026-06-21T16:13:55.000+0000,2026-08-06T00:50:25.000+0000,CN-00000003,サンフロンティア不動産株式会社,Activated,サンフロンティア不動産株式会社,Rendery Proプラン
"{'type': 'ContractLineItem__c', 'url': '/services/data/v67.0/sobjects/ContractLineItem__c/a03RB00001NswULYAZ'}",a03RB00001NswULYAZ,サンフロンティア不動産株式会社_2024/10,001RB00001VTqlYYAT,a04RB00000kUANdYAO,a0BRB00000ynb5Y2AQ,2024/10,2024/10,2024-10-01,2024-10-31,a0CRB0000CcXZ6Q2QW,,,64000,64000,False,False,8,2026-06-21T16:13:55.000+0000,2026-08-06T00:50:25.000+0000,CN-00000003,サンフロンティア不動産株式会社,Activated,サンフロンティア不動産株式会社,Rendery Proプラン
"{'type': 'ContractLineItem__c', 'url': '/services/data/v67.0/sobjects/ContractLineItem__c/a03RB00001NswUMYAZ'}",a03RB00001NswUMYAZ,サンフロンティア不動産株式会社_2024/11,001RB00001VTqlYYAT,a04RB00000kUANdYAO,a0BRB00000ynb5Y2AQ,2024/11,2024/11,2024-11-01,2024-11-30,a0CRB0000CcXZ6Q2QW,,,64000,64000,False,False,8,2026-06-21T16:13:55.000+0000,2026-08-06T00:50:25.000+0000,CN-00000003,サンフロンティア不動産株式会社,Activated,サンフロンティア不動産株式会社,Rendery Proプラン
"{'type': 'ContractLineItem__c', 'url': '/services/data/v67.0/sobjects/ContractLineItem__c/a03RB00001NswUNYAZ'}",a03RB00001NswUNYAZ,サンフロンティア不動産株式会社_2024/12,001RB00001VTqlYYAT,a04RB00000kUANdYAO,a0BRB00000ynb5Y2AQ,2024/12,2024/12,2024-12-01,2024-12-31,a0CRB0000CcXZ6Q2QW,,,64000,64000,False,False,8,2026-06-21T16:13:55.000+0000,2026-08-06T00:50:25.000+0000,CN-00000003,サンフロンティア不動産株式会社,Activated,サンフロンティア不動産株式会社,Rendery Proプラン
"{'type': 'ContractLineItem__c', 'url': '/services/data/v67.0/sobjects/ContractLineItem__c/a03RB00001NswUOYAZ'}",a03RB00001NswUOYAZ,サンフロンティア不動産株式会社_2025/01,001RB00001VTqlYYAT,a04RB00000kUANdYAO,a0BRB00000ynb5Y2AQ,2025/01,2025/01,2025-01-01,2025-01-31,a0CRB0000CcXZ6Q2QW,,,64000,64000,False,False,8,2026-06-21T16:13:55.000+0000,2026-08-06T00:50:25.000+0000,CN-00000003,サンフロンティア不動産株式会社,Activated,サンフロンティア不動産株式会社,Rendery Proプラン
"{'type': 'ContractLineItem__c', 'url': '/services/data/v67.0/sobjects/ContractLineItem__c/a03RB00001NswUPYAZ'}",a03RB00001NswUPYAZ,サンフロンティア不動産株式会社_2025/02,001RB00001VTqlYYAT,a04RB00000kUANdYAO,a0BRB00000ynb5Y2AQ,2025/02,2025/02,2025-02-01,2025-02-28,a0CRB0000CcXZ6Q2QW,,,64000,64000,False,False,8,2026-06-21T16:13:55.000+0000,2026-08-06T00:50:25.000+0000,CN-00000003,サンフロンティア不動産株式会社,Activated,サンフロンティア不動産株式会社,Rendery Proプラン
"{'type': 'ContractLineItem__c', 'url': '/services/data/v67.0/sobjects/ContractLineItem__c/a03RB00001NswUQYAZ'}",a03RB00001NswUQYAZ,サンフロンティア不動産株式会社_2025/03,001RB00001VTqlYYAT,a04RB00000kUANdYAO,a0BRB00000ynb5Y2AQ,2025/03,2025/03,2025-03-01,2025-03-31,a0CRB0000CcXZ6Q2QW,,,64000,64000,False,False,8,2026-06-21T16:13:55.000+0000,2026-08-06T00:50:25.000+0000,CN-00000003,サンフロンティア不動産株式会社,Activated,サンフロンティア不動産株式会社,Rendery Proプラン
"{'type': 'ContractLineItem__c', 'url': '/services/data/v67.0/sobjects/ContractLineItem__c/a03RB00001NswURYAZ'}",a03RB00001NswURYAZ,サンフロンティア不動産株式会社_2025/04,001RB00001VTqlYYAT,a04RB00000kUANdYAO,a0BRB00000ynb5Y2AQ,2025/04,2025/04,2025-04-01,2025-04-30,a0CRB0000CcXZ6Q2QW,,,64000,64000,False,False,8,2026-06-21T16:13:55.000+0000,2026-08-06T00:50:25.000+0000,CN-00000003,サンフロンティア不動産株式会社,Activated,サンフロンティア不動産株式会社,Rendery Proプラン
"{'type': 'ContractLineItem__c', 'url': '/services/data/v67.0/sobjects/ContractLineItem__c/a03RB00001NswUSYAZ'}",a03RB00001NswUSYAZ,サンフロンティア不動産株式会社_2025/05,001RB00001VTqlYYAT,a04RB00000kUANdYAO,a0BRB00000ynb5Y2AQ,2025/05,2025/05,2025-05-01,2025-05-31,a0CRB0000CcXZ6Q2QW,,,64000,64000,False,False,8,2026-06-21T16:13:55.000+0000,2026-08-06T00:50:25.000+0000,CN-00000003,サンフロンティア不動産株式会社,Activated,サンフロンティア不動産株式会社,Rendery Proプラン
"{'type': 'ContractLineItem__c', 'url': '/services/data/v67.0/sobjects/ContractLineItem__c/a03RB00001NswUTYAZ'}",a03RB00001NswUTYAZ,サンフロンティア不動産株式会社_2025/06,001RB00001VTqlYYAT,a04RB00000kUANdYAO,a0BRB00000ynb5Y2AQ,2025/06,2025/06,2025-06-01,2025-06-30,a0CRB0000CcXZ6Q2QW,,,64000,64000,False,False,8,2026-06-21T16:13:55.000+0000,2026-08-06T00:50:25.000+0000,CN-00000003,サンフロンティア不動産株式会社,Activated,サンフロンティア不動産株式会社,Rendery Proプラン
"{'type': 'ContractLineItem__c', 'url': '/services/data/v67.0/sobjects/ContractLineItem__c/a03RB00001NswUUYAZ'}",a03RB00001NswUUYAZ,サンフロンティア不動産株式会社_2025/07,001RB00001VTqlYYAT,a04RB00000kUANdYAO,a0BRB00000ynb5Y2AQ,2025/07,2025/07,2025-07-01,2025-07-31,a0CRB0000CcXZ6Q2QW,,,64000,64000,False,False,8,2026-06-21T16:13:55.000+0000,2026-08-06T00:50:25.000+0000,CN-00000003,サンフロンティア不動産株式会社,Activated,サンフロンティア不動産株式会社,Rendery Proプラン
"{'type': 'ContractLineItem__c', 'url': '/services/data/v67.0/sobjects/ContractLineItem__c/a03RB00001NswUVYAZ'}",a03RB00001NswUVYAZ,サンフロンティア不動産株式会社_2025/08,001RB00001VTqlYYAT,a04RB00000kUANdYAO,a0BRB00000ynb5Y2AQ,2025/08,2025/08,2025-08-01,2025-08-31,a0CRB0000CcXZ6Q2QW,,,64000,64000,False,False,8,2026-06-21T16:13:55.000+0000,2026-08-06T00:50:25.000+0000,CN-00000003,サンフロンティア不動産株式会社,Activated,サンフロンティア不動産株式会社,Rendery Proプラン
"{'type': 'ContractLineItem__c', 'url': '/services/data/v67.0/sobjects/ContractLineItem__c/a03RB00001NswUWYAZ'}",a03RB00001NswUWYAZ,サンフロンティア不動産株式会社_2025/09,001RB00001VTqlYYAT,a04RB00000kUANdYAO,a0BRB00000ynb5Y2AQ,2025/09,2025/09,2025-09-01,2025-09-30,a0CRB0000CcXZ6Q2QW,,,64000,64000,False,False,8,2026-06-21T16:13:55.000+0000,2026-08-06T00:50:25.000+0000,CN-00000003,サンフロンティア不動産株式会社,Activated,サンフロンティア不動産株式会社,Rendery Proプラン
"{'type': 'ContractLineItem__c', 'url': '/services/data/v67.0/sobjects/ContractLineItem__c/a03RB00001NswUXYAZ'}",a03RB00001NswUXYAZ,サンフロンティア不動産株式会社_2025/10,001RB00001VTqlYYAT,a04RB00000kUANdYAO,a0BRB00000ynb5Y2AQ,2025/10,2025/10,2025-10-01,2025-10-31,a0CRB0000CcXZ6Q2QW,,,64000,64000,False,False,8,2026-06-21T16:13:55.000+0000,2026-08-06T00:50:25.000+0000,CN-00000003,サンフロンティア不動産株式会社,Activated,サンフロンティア不動産株式会社,Rendery Proプラン
"{'type': 'ContractLineItem__c', 'url': '/services/data/v67.0/sobjects/ContractLineItem__c/a03RB00001NswUYYAZ'}",a03RB00001NswUYYAZ,サンフロンティア不動産株式会社_2025/11,001RB00001VTqlYYAT,a04RB00000kUANdYAO,a0BRB00000ynb5Y2AQ,2025/11,2025/11,2025-11-01,2025-11-30,a0CRB0000CcXZ6Q2QW,,,64000,64000,False,False,8,2026-06-21T16:13:55.000+0000,2026-08-06T00:50:25.000+0000,CN-00000003,サンフロンティア不動産株式会社,Activated,サンフロンティア不動産株式会社,Rendery Proプラン
"{'type': 'ContractLineItem__c', 'url': '/services/data/v67.0/sobjects/ContractLineItem__c/a03RB00001NswUZYAZ'}",a03RB00001NswUZYAZ,サンフロンティア不動産株式会社_2025/12,001RB00001VTqlYYAT,a04RB00000kUANdYAO,a0BRB00000ynb5Y2AQ,2025/12,2025/12,2025-12-01,2025-12-31,a0CRB0000CcXZ6Q2QW,,,64000,64000,False,False,8,2026-06-21T16:13:55.000+0000,2026-08-06T00:50:25.000+0000,CN-00000003,サンフロンティア不動産株式会社,Activated,サンフロンティア不動産株式会社,Rendery Proプラン
"{'type': 'ContractLineItem__c', 'url': '/services/data/v67.0/sobjects/ContractLineItem__c/a03RB00001NswUaYAJ'}",a03RB00001NswUaYAJ,サンフロンティア不動産株式会社_2026/01,001RB00001VTqlYYAT,a04RB00000kUANdYAO,a0BRB00000ynb5Y2AQ,2026/01,2026/01,2026-01-01,2026-01-31,a0CRB0000CcXZ6Q2QW,,,64000,64000,False,False,8,2026-06-21T16:13:55.000+0000,2026-08-06T00:50:25.000+0000,CN-00000003,サンフロンティア不動産株式会社,Activated,サンフロンティア不動産株式会社,Rendery Proプラン
"{'type': 'ContractLineItem__c', 'url': '/services/data/v67.0/sobjects/ContractLineItem__c/a03RB00001NswUbYAJ'}",a03RB00001NswUbYAJ,サンフロンティア不動産株式会社_2026/02,001RB00001VTqlYYAT,a04RB00000kUANdYAO,a0BRB00000ynb5Y2AQ,2026/02,2026/02,2026-02-01,2026-02-28,a0CRB0000CcXZ6Q2QW,,,64000,64000,False,False,8,2026-06-21T16:13:55.000+0000,2026-08-06T00:50:25.000+0000,CN-00000003,サンフロンティア不動産株式会社,Activated,サンフロンティア不動産株式会社,Rendery Proプラン
"{'type': 'ContractLineItem__c', 'url': '/services/data/v67.0/sobjects/ContractLineItem__c/a03RB00001NswUcYAJ'}",a03RB00001NswUcYAJ,サンフロンティア不動産株式会社_2026/03,001RB00001VTqlYYAT,a04RB00000kUANdYAO,a0BRB00000ynb5Y2AQ,2026/03,2026/03,2026-03-01,2026-03-31,a0CRB0000CcXZ6Q2QW,,a00RB000024Ux4KYAS,64000,64000,False,False,8,2026-06-21T16:13:55.000+0000,2026-08-06T00:50:25.000+0000,CN-00000003,サンフロンティア不動産株式会社,Activated,サンフロンティア不動産株式会社,Rendery Proプラン
"{'type': 'ContractLineItem__c', 'url': '/services/data/v67.0/sobjects/ContractLineItem__c/a03RB00001NswUdYAJ'}",a03RB00001NswUdYAJ,サンフロンティア不動産株式会社_2026/04,001RB00001VTqlYYAT,a04RB00000kUANdYAO,a0BRB00000ynb5Y2AQ,2026/04,2026/04,2026-04-01,2026-04-30,a0CRB0000CcXZ6Q2QW,,a00RB00002Am2AeYAJ,64000,64000,False,False,8,2026-06-21T16:13:55.000+0000,2026-08-06T00:50:25.000+0000,CN-00000003,サンフロンティア不動産株式会社,Activated,サンフロンティア不動産株式会社,Rendery Proプラン
"{'type': 'ContractLineItem__c', 'url': '/services/data/v67.0/sobjects/ContractLineItem__c/a03RB00001NswUeYAJ'}",a03RB00001NswUeYAJ,サンフロンティア不動産株式会社_2026/05,001RB00001VTqlYYAT,a04RB00000kUANdYAO,a0BRB00000ynb5Y2AQ,2026/05,2026/05,2026-05-01,2026-05-31,a0CRB0000CcXZ6Q2QW,,a00RB000024Ux5LYAS,64000,64000,False,False,8,2026-06-21T16:13:55.000+0000,2026-08-06T00:50:25.000+0000,CN-00000003,サンフロンティア不動産株式会社,Activated,サンフロンティア不動産株式会社,Rendery Proプラン
"{'type': 'ContractLineItem__c', 'url': '/services/data/v67.0/sobjects/ContractLineItem__c/a03RB00001NswV9YAJ'}",a03RB00001NswV9YAJ,東急株式会社_2024/10,001RB00001VTrs0YAD,a04RB00000kUANgYAO,a0BRB00000ynb5b2AA,2024/10,2024/10,2024-10-01,2024-10-31,a0CRB0000CcXZ6T2QW,,,11000,11000,True,False,1,2026-06-21T16:13:55.000+0000,2026-08-06T02:03:49.000+0000,CN-00000006,東急株式会社,Activated,東急株式会社,[OLD] Rendery Enterpriseプラン(2025年9月まで)
"{'type': 'ContractLineItem__c', 'url': '/services/data/v67.0/sobjects/ContractLineItem__c/a03RB00001NswVAYAZ'}",a03RB00001NswVAYAZ,東急株式会社_2024/11,001RB00001VTrs0YAD,a04RB00000kUANgYAO,a0BRB00000ynb5b2AA,2024/11,2024/11,2024-11-01,2024-11-30,a0CRB0000CcXZ6T2QW,,,11000,11000,True,False,1,2026-06-21T16:13:55.000+0000,2026-08-06T02:03:49.000+0000,CN-00000006,東急株式会社,Activated,東急株式会社,[OLD] Rendery Enterpriseプラン(2025年9月まで)
"{'type': 'ContractLineItem__c', 'url': '/services/data/v67.0/sobjects/ContractLineItem__c/a03RB00001NswVBYAZ'}",a03RB00001NswVBYAZ,東急株式会社_2024/12,001RB00001VTrs0YAD,a04RB00000kUANgYAO,a0BRB00000ynb5b2AA,2024/12,2024/12,2024-12-01,2024-12-31,a0CRB0000CcXZ6T2QW,,,11000,11000,True,False,1,2026-06-21T16:13:55.000+0000,2026-08-06T02:03:49.000+0000,CN-00000006,東急株式会社,Activated,東急株式会社,[OLD] Rendery Enterpriseプラン(2025年9月まで)
"{'type': 'ContractLineItem__c', 'url': '/services/data/v67.0/sobjects/ContractLineItem__c/a03RB00001NswVCYAZ'}",a03RB00001NswVCYAZ,東急株式会社_2025/01,001RB00001VTrs0YAD,a04RB00000kUANgYAO,a0BRB00000ynb5b2AA,2025/01,2025/01,2025-01-01,2025-01-31,a0CRB0000CcXZ6T2QW,,,11000,11000,True,False,1,2026-06-21T16:13:55.000+0000,2026-08-06T02:03:49.000+0000,CN-00000006,東急株式会社,Activated,東急株式会社,[OLD] Rendery Enterpriseプラン(2025年9月まで)
"{'type': 'ContractLineItem__c', 'url': '/services/data/v67.0/sobjects/ContractLineItem__c/a03RB00001NswVDYAZ'}",a03RB00001NswVDYAZ,東急株式会社_2025/02,001RB00001VTrs0YAD,a04RB00000kUANgYAO,a0BRB00000ynb5b2AA,2025/02,2025/02,2025-02-01,2025-02-28,a0CRB0000CcXZ6T2QW,,,11000,11000,True,False,1,2026-06-21T16:13:55.000+0000,2026-08-06T02:03:49.000+0000,CN-00000006,東急株式会社,Activated,東急株式会社,[OLD] Rendery Enterpriseプラン(2025年9月まで)
"{'type': 'ContractLineItem__c', 'url': '/services/data/v67.0/sobjects/ContractLineItem__c/a03RB00001NswVEYAZ'}",a03RB00001NswVEYAZ,東急株式会社_2025/03,001RB00001VTrs0YAD,a04RB00000kUANgYAO,a0BRB00000ynb5b2AA,2025/03,2025/03,2025-03-01,2025-03-31,a0CRB0000CcXZ6T2QW,,,11000,11000,True,False,1,2026-06-21T16:13:55.000+0000,2026-08-06T02:03:49.000+0000,CN-00000006,東急株式会社,Activated,東急株式会社,[OLD] Rendery Enterpriseプラン(2025年9月まで)
"{'type': 'ContractLineItem__c', 'url': '/services/data/v67.0/sobjects/ContractLineItem__c/a03RB00001NswVFYAZ'}",a03RB00001NswVFYAZ,東急株式会社_2025/04,001RB00001VTrs0YAD,a04RB00000kUANgYAO,a0BRB00000ynb5b2AA,2025/04,2025/04,2025-04-01,2025-04-30,a0CRB0000CcXZ6T2QW,,,11000,11000,True,False,1,2026-06-21T16:13:55.000+0000,2026-08-06T02:03:49.000+0000,CN-00000006,東急株式会社,Activated,東急株式会社,[OLD] Rendery Enterpriseプラン(2025年9月まで)
"{'type': 'ContractLineItem__c', 'url': '/services/data/v67.0/sobjects/ContractLineItem__c/a03RB00001NswVGYAZ'}",a03RB00001NswVGYAZ,東急株式会社_2025/05,001RB00001VTrs0YAD,a04RB00000kUANgYAO,a0BRB00000ynb5b2AA,2025/05,2025/05,2025-05-01,2025-05-31,a0CRB0000CcXZ6T2QW,,,11000,11000,True,False,1,2026-06-21T16:13:55.000+0000,2026-08-06T02:03:49.000+0000,CN-00000006,東急株式会社,Activated,東急株式会社,[OLD] Rendery Enterpriseプラン(2025年9月まで)
"{'type': 'ContractLineItem__c', 'url': '/services/data/v67.0/sobjects/ContractLineItem__c/a03RB00001NswVHYAZ'}",a03RB00001NswVHYAZ,東急株式会社_2025/06,001RB00001VTrs0YAD,a04RB00000kUANgYAO,a0BRB00000ynb5b2AA,2025/06,2025/06,2025-06-01,2025-06-30,a0CRB0000CcXZ6T2QW,,,11000,11000,True,False,1,2026-06-21T16:13:55.000+0000,2026-08-06T02:03:49.000+0000,CN-00000006,東急株式会社,Activated,東急株式会社,[OLD] Rendery Enterpriseプラン(2025年9月まで)
"{'type': 'ContractLineItem__c', 'url': '/services/data/v67.0/sobjects/ContractLineItem__c/a03RB00001NswVIYAZ'}",a03RB00001NswVIYAZ,東急株式会社_2025/07,001RB00001VTrs0YAD,a04RB00000kUANgYAO,a0BRB00000ynb5b2AA,2025/07,2025/07,2025-07-01,2025-07-31,a0CRB0000CcXZ6T2QW,,,11000,11000,True,False,1,2026-06-21T16:13:55.000+0000,2026-08-06T02:03:49.000+0000,CN-00000006,東急株式会社,Activated,東急株式会社,[OLD] Rendery Enterpriseプラン(2025年9月まで)
"{'type': 'ContractLineItem__c', 'url': '/services/data/v67.0/sobjects/ContractLineItem__c/a03RB00001NswVJYAZ'}",a03RB00001NswVJYAZ,東急株式会社_2025/08,001RB00001VTrs0YAD,a04RB00000kUANgYAO,a0BRB00000ynb5b2AA,2025/08,2025/08,2025-08-01,2025-08-31,a0CRB0000CcXZ6T2QW,,,11000,11000,True,False,1,2026-06-21T16:13:55.000+0000,2026-08-06T02:03:49.000+0000,CN-00000006,東急株式会社,Activated,東急株式会社,[OLD] Rendery Enterpriseプラン(2025年9月まで)
"{'type': 'ContractLineItem__c', 'url': '/services/data/v67.0/sobjects/ContractLineItem__c/a03RB00001NswVKYAZ'}",a03RB00001NswVKYAZ,東急株式会社_2025/09,001RB00001VTrs0YAD,a04RB00000kUANgYAO,a0BRB00000ynb5b2AA,2025/09,2025/09,2025-09-01,2025-09-30,a0CRB0000CcXZ6T2QW,,,11000,11000,True,False,1,2026-06-21T16:13:55.000+0000,2026-08-06T02:03:49.000+0000,CN-00000006,東急株式会社,Activated,東急株式会社,[OLD] Rendery Enterpriseプラン(2025年9月まで)
"{'type': 'ContractLineItem__c', 'url': '/services/data/v67.0/sobjects/ContractLineItem__c/a03RB00001NswVLYAZ'}",a03RB00001NswVLYAZ,東急株式会社_2025/10,001RB00001VTrs0YAD,a04RB00000kUANgYAO,a0BRB00000ynb5b2AA,2025/10,2025/10,2025-10-01,2025-10-31,a0CRB0000CcXZ6T2QW,,,11000,11000,True,False,1,2026-06-21T16:13:55.000+0000,2026-08-06T02:03:49.000+0000,CN-00000006,東急株式会社,Activated,東急株式会社,[OLD] Rendery Enterpriseプラン(2025年9月まで)
"{'type': 'ContractLineItem__c', 'url': '/services/data/v67.0/sobjects/ContractLineItem__c/a03RB00001NswVMYAZ'}",a03RB00001NswVMYAZ,東急株式会社_2025/11,001RB00001VTrs0YAD,a04RB00000kUANgYAO,a0BRB00000ynb5b2AA,2025/11,2025/11,2025-11-01,2025-11-30,a0CRB0000CcXZ6T2QW,,,11000,11000,True,False,1,2026-06-21T16:13:55.000+0000,2026-08-06T02:03:49.000+0000,CN-00000006,東急株式会社,Activated,東急株式会社,[OLD] Rendery Enterpriseプラン(2025年9月まで)
"{'type': 'ContractLineItem__c', 'url': '/services/data/v67.0/sobjects/ContractLineItem__c/a03RB00001NswVNYAZ'}",a03RB00001NswVNYAZ,東急株式会社_2025/12,001RB00001VTrs0YAD,a04RB00000kUANgYAO,a0BRB00000ynb5b2AA,2025/12,2025/12,2025-12-01,2025-12-31,a0CRB0000CcXZ6T2QW,,,11000,11000,True,False,1,2026-06-21T16:13:55.000+0000,2026-08-06T02:03:49.000+0000,CN-00000006,東急株式会社,Activated,東急株式会社,[OLD] Rendery Enterpriseプラン(2025年9月まで)
"{'type': 'ContractLineItem__c', 'url': '/services/data/v67.0/sobjects/ContractLineItem__c/a03RB00001NswVOYAZ'}",a03RB00001NswVOYAZ,東急株式会社_2026/01,001RB00001VTrs0YAD,a04RB00000kUANgYAO,a0BRB00000ynb5b2AA,2026/01,2026/01,2026-01-01,2026-01-31,a0CRB0000CcXZ6T2QW,,,11000,11000,True,False,1,2026-06-21T16:13:55.000+0000,2026-08-06T02:03:49.000+0000,CN-00000006,東急株式会社,Activated,東急株式会社,[OLD] Rendery Enterpriseプラン(2025年9月まで)
"{'type': 'ContractLineItem__c', 'url': '/services/data/v67.0/sobjects/ContractLineItem__c/a03RB00001NswVPYAZ'}",a03RB00001NswVPYAZ,東急株式会社_2026/02,001RB00001VTrs0YAD,a04RB00000kUANgYAO,a0BRB00000ynb5b2AA,2026/02,2026/02,2026-02-01,2026-02-28,a0CRB0000CcXZ6T2QW,,a00RB00002Am2BKYAZ,11000,11000,True,False,1,2026-06-21T16:13:55.000+0000,2026-08-06T00:44:28.000+0000,CN-00000006,東急株式会社,Activated,東急株式会社,[OLD] Rendery Enterpriseプラン(2025年9月まで)
"{'type': 'ContractLineItem__c', 'url': '/services/data/v67.0/sobjects/ContractLineItem__c/a03RB00001NswVQYAZ'}",a03RB00001NswVQYAZ,東急株式会社_2026/03,001RB00001VTrs0YAD,a04RB00000kUANgYAO,a0BRB00000ynb5b2AA,2026/03,2026/03,2026-03-01,2026-03-31,a0CRB0000CcXZ6T2QW,,a00RB00002Am2BKYAZ,11000,11000,True,False,1,2026-06-21T16:13:55.000+0000,2026-08-06T00:44:28.000+0000,CN-00000006,東急株式会社,Activated,東急株式会社,[OLD] Rendery Enterpriseプラン(2025年9月まで)
"{'type': 'ContractLineItem__c', 'url': '/services/data/v67.0/sobjects/ContractLineItem__c/a03RB00001NswVRYAZ'}",a03RB00001NswVRYAZ,東急株式会社_2026/04,001RB00001VTrs0YAD,a04RB00000kUANgYAO,a0BRB00000ynb5b2AA,2026/04,2026/04,2026-04-01,2026-04-30,a0CRB0000CcXZ6T2QW,,a00RB00002Am2BKYAZ,11000,11000,True,False,1,2026-06-21T16:13:55.000+0000,2026-08-06T00:44:28.000+0000,CN-00000006,東急株式会社,Activated,東急株式会社,[OLD] Rendery Enterpriseプラン(2025年9月まで)
"{'type': 'ContractLineItem__c', 'url': '/services/data/v67.0/sobjects/ContractLineItem__c/a03RB00001NswVSYAZ'}",a03RB00001NswVSYAZ,東急株式会社_2026/05,001RB00001VTrs0YAD,a04RB00000kUANgYAO,a0BRB00000ynb5b2AA,2026/05,2026/05,2026-05-01,2026-05-31,a0CRB0000CcXZ6T2QW,,a00RB00002Am2B3YAJ,11000,11000,True,False,1,2026-06-21T16:13:55.000+0000,2026-08-06T01:44:32.000+0000,CN-00000006,東急株式会社,Activated,東急株式会社,[OLD] Rendery Enterpriseプラン(2025年9月まで)
"{'type': 'ContractLineItem__c', 'url': '/services/data/v67.0/sobjects/ContractLineItem__c/a03RB00001NswVTYAZ'}",a03RB00001NswVTYAZ,東急建設 ○独特の請求書式あり_2024/09,001RB00001VTrseYAD,a04RB00000kUANhYAO,a0BRB00000ynb5c2AA,2024/09,2024/09,2024-09-01,2024-09-30,a0CRB0000CcXZ6Q2QW,,,8000,8000,True,False,1,2026-06-21T16:13:55.000+0000,2026-08-06T02:03:49.000+0000,CN-00000007,東急建設 ○独特の請求書式あり,Activated,東急建設株式会社,Rendery Proプラン
"{'type': 'ContractLineItem__c', 'url': '/services/data/v67.0/sobjects/ContractLineItem__c/a03RB00001NswVUYAZ'}",a03RB00001NswVUYAZ,東急建設 ○独特の請求書式あり_2024/10,001RB00001VTrseYAD,a04RB00000kUANhYAO,a0BRB00000ynb5c2AA,2024/10,2024/10,2024-10-01,2024-10-31,a0CRB0000CcXZ6Q2QW,,,8000,8000,True,False,1,2026-06-21T16:13:55.000+0000,2026-08-06T02:03:49.000+0000,CN-00000007,東急建設 ○独特の請求書式あり,Activated,東急建設株式会社,Rendery Proプラン
"{'type': 'ContractLineItem__c', 'url': '/services/data/v67.0/sobjects/ContractLineItem__c/a03RB00001NswVVYAZ'}",a03RB00001NswVVYAZ,東急建設 ○独特の請求書式あり_2024/11,001RB00001VTrseYAD,a04RB00000kUANhYAO,a0BRB00000ynb5c2AA,2024/11,2024/11,2024-11-01,2024-11-30,a0CRB0000CcXZ6Q2QW,,,8000,8000,True,False,1,2026-06-21T16:13:55.000+0000,2026-08-06T02:03:49.000+0000,CN-00000007,東急建設 ○独特の請求書式あり,Activated,東急建設株式会社,Rendery Proプラン
"{'type': 'ContractLineItem__c', 'url': '/services/data/v67.0/sobjects/ContractLineItem__c/a03RB00001NswVWYAZ'}",a03RB00001NswVWYAZ,東急建設 ○独特の請求書式あり_2024/12,001RB00001VTrseYAD,a04RB00000kUANhYAO,a0BRB00000ynb5c2AA,2024/12,2024/12,2024-12-01,2024-12-31,a0CRB0000CcXZ6Q2QW,,,8000,8000,True,False,1,2026-06-21T16:13:55.000+0000,2026-08-06T02:03:49.000+0000,CN-00000007,東急建設 ○独特の請求書式あり,Activated,東急建設株式会社,Rendery Proプラン
"{'type': 'ContractLineItem__c', 'url': '/services/data/v67.0/sobjects/ContractLineItem__c/a03RB00001NswVXYAZ'}",a03RB00001NswVXYAZ,東急建設 ○独特の請求書式あり_2025/01,001RB00001VTrseYAD,a04RB00000kUANhYAO,a0BRB00000ynb5c2AA,2025/01,2025/01,2025-01-01,2025-01-31,a0CRB0000CcXZ6Q2QW,,,8000,8000,True,False,1,2026-06-21T16:13:55.000+0000,2026-08-06T02:03:49.000+0000,CN-00000007,東急建設 ○独特の請求書式あり,Activated,東急建設株式会社,Rendery Proプラン
"{'type': 'ContractLineItem__c', 'url': '/services/data/v67.0/sobjects/ContractLineItem__c/a03RB00001NswVYYAZ'}",a03RB00001NswVYYAZ,東急建設 ○独特の請求書式あり_2025/02,001RB00001VTrseYAD,a04RB00000kUANhYAO,a0BRB00000ynb5c2AA,2025/02,2025/02,2025-02-01,2025-02-28,a0CRB0000CcXZ6Q2QW,,,8000,8000,True,False,1,2026-06-21T16:13:55.000+0000,2026-08-06T02:03:49.000+0000,CN-00000007,東急建設 ○独特の請求書式あり,Activated,東急建設株式会社,Rendery Proプラン
"{'type': 'ContractLineItem__c', 'url': '/services/data/v67.0/sobjects/ContractLineItem__c/a03RB00001NswVZYAZ'}",a03RB00001NswVZYAZ,東急建設 ○独特の請求書式あり_2025/03,001RB00001VTrseYAD,a04RB00000kUANhYAO,a0BRB00000ynb5c2AA,2025/03,2025/03,2025-03-01,2025-03-31,a0CRB0000CcXZ6Q2QW,,,8000,8000,True,False,1,2026-06-21T16:13:55.000+0000,2026-08-06T02:03:49.000+0000,CN-00000007,東急建設 ○独特の請求書式あり,Activated,東急建設株式会社,Rendery Proプラン
"{'type': 'ContractLineItem__c', 'url': '/services/data/v67.0/sobjects/ContractLineItem__c/a03RB00001NswVaYAJ'}",a03RB00001NswVaYAJ,東急建設 ○独特の請求書式あり_2025/04,001RB00001VTrseYAD,a04RB00000kUANhYAO,a0BRB00000ynb5c2AA,2025/04,2025/04,2025-04-01,2025-04-30,a0CRB0000CcXZ6Q2QW,,,8000,8000,True,False,1,2026-06-21T16:13:55.000+0000,2026-08-06T02:03:49.000+0000,CN-00000007,東急建設 ○独特の請求書式あり,Activated,東急建設株式会社,Rendery Proプラン
"{'type': 'ContractLineItem__c', 'url': '/services/data/v67.0/sobjects/ContractLineItem__c/a03RB00001NswVbYAJ'}",a03RB00001NswVbYAJ,東急建設 ○独特の請求書式あり_2025/07,001RB00001VTrseYAD,a04RB00000kUANhYAO,a0BRB00000ynb5c2AA,2025/07,2025/07,2025-07-01,2025-07-31,a0CRB0000CcXZ6Q2QW,,,8000,8000,True,False,1,2026-06-21T16:13:55.000+0000,2026-08-06T02:03:49.000+0000,CN-00000007,東急建設 ○独特の請求書式あり,Activated,東急建設株式会社,Rendery Proプラン
"{'type': 'ContractLineItem__c', 'url': '/services/data/v67.0/sobjects/ContractLineItem__c/a03RB00001NswVkYAJ'}",a03RB00001NswVkYAJ,東急建設 ○独特の請求書式あり_2026/04,001RB00001VTrseYAD,a04RB00000kUANhYAO,a0BRB00000ynb5c2AA,2026/04,2026/04,2026-04-01,2026-04-30,a0CRB0000CcXZ6Q2QW,,a00RB00002B5oL9YAJ,8000,8000,True,False,1,2026-06-21T16:13:55.000+0000,2026-08-06T00:44:28.000+0000,CN-00000007,東急建設 ○独特の請求書式あり,Activated,東急建設株式会社,Rendery Proプラン
"{'type': 'ContractLineItem__c', 'url': '/services/data/v67.0/sobjects/ContractLineItem__c/a03RB00001NswVlYAJ'}",a03RB00001NswVlYAJ,東急建設 ○独特の請求書式あり_2026/05,001RB00001VTrseYAD,a04RB00000kUANhYAO,a0BRB00000ynb5c2AA,2026/05,2026/05,2026-05-01,2026-05-31,a0CRB0000CcXZ6Q2QW,,,8000,8000,True,False,1,2026-06-21T16:13:55.000+0000,2026-08-06T01:58:48.000+0000,CN-00000007,東急建設 ○独特の請求書式あり,Activated,東急建設株式会社,Rendery Proプラン
"{'type': 'ContractLineItem__c', 'url': '/services/data/v67.0/sobjects/ContractLineItem__c/a03RB00001NswVmYAJ'}",a03RB00001NswVmYAJ,東急建設 ○独特の請求書式あり_2026/06,001RB00001VTrseYAD,a04RB00000kUANhYAO,a0BRB00000ynb5c2AA,2026/06,2026/06,2026-06-01,2026-06-30,a0CRB0000CcXZ6Q2QW,,,8000,8000,True,False,1,2026-06-21T16:13:55.000+0000,2026-08-06T02:03:49.000+0000,CN-00000007,東急建設 ○独特の請求書式あり,Activated,東急建設株式会社,Rendery Proプラン
"{'type': 'ContractLineItem__c', 'url': '/services/data/v67.0/sobjects/ContractLineItem__c/a03RB00001NswVnYAJ'}",a03RB00001NswVnYAJ,東急建設 ○独特の請求書式あり_2026/07,001RB00001VTrseYAD,a04RB00000kUANhYAO,a0BRB00000ynb5c2AA,2026/07,2026/07,2026-07-01,2026-07-31,a0CRB0000CcXZ6Q2QW,,,8000,8000,True,False,1,2026-06-21T16:13:55.000+0000,2026-08-06T02:03:49.000+0000,CN-00000007,東急建設 ○独特の請求書式あり,Activated,東急建設株式会社,Rendery Proプラン
"{'type': 'ContractLineItem__c', 'url': '/services/data/v67.0/sobjects/ContractLineItem__c/a03RB00001NswVoYAJ'}",a03RB00001NswVoYAJ,東急建設 ○独特の請求書式あり_2026/08,001RB00001VTrseYAD,a04RB00000kUANhYAO,a0BRB00000ynb5c2AA,2026/08,2026/08,2026-08-01,2026-08-31,a0CRB0000CcXZ6Q2QW,,,8000,8000,True,False,1,2026-06-21T16:13:55.000+0000,2026-08-06T02:03:49.000+0000,CN-00000007,東急建設 ○独特の請求書式あり,Activated,東急建設株式会社,Rendery Proプラン
"{'type': 'ContractLineItem__c', 'url': '/services/data/v67.0/sobjects/ContractLineItem__c/a03RB00001NswVpYAJ'}",a03RB00001NswVpYAJ,東急建設 ○独特の請求書式あり_2026/09,001RB00001VTrseYAD,a04RB00000kUANhYAO,a0BRB00000ynb5c2AA,2026/09,2026/09,2026-09-01,2026-09-30,a0CRB0000CcXZ6Q2QW,,,8000,8000,True,False,1,2026-06-21T16:13:55.000+0000,2026-08-06T02:03:49.000+0000,CN-00000007,東急建設 ○独特の請求書式あり,Activated,東急建設株式会社,Rendery Proプラン
"{'type': 'ContractLineItem__c', 'url': '/services/data/v67.0/sobjects/ContractLineItem__c/a03RB00001NswVqYAJ'}",a03RB00001NswVqYAJ,東急建設 ○独特の請求書式あり_2026/10,001RB00001VTrseYAD,a04RB00000kUANhYAO,a0BRB00000ynb5c2AA,2026/10,2026/10,2026-10-01,2026-10-31,a0CRB0000CcXZ6Q2QW,,,8000,8000,True,False,1,2026-06-21T16:13:55.000+0000,2026-08-06T02:03:49.000+0000,CN-00000007,東急建設 ○独特の請求書式あり,Activated,東急建設株式会社,Rendery Proプラン
"{'type': 'ContractLineItem__c', 'url': '/services/data/v67.0/sobjects/ContractLineItem__c/a03RB00001NswVrYAJ'}",a03RB00001NswVrYAJ,東急建設 ○独特の請求書式あり_2026/11,001RB00001VTrseYAD,a04RB00000kUANhYAO,a0BRB00000ynb5c2AA,2026/11,2026/11,2026-11-01,2026-11-30,a0CRB0000CcXZ6Q2QW,,,8000,8000,True,False,1,2026-06-21T16:13:55.000+0000,2026-08-06T02:03:49.000+0000,CN-00000007,東急建設 ○独特の請求書式あり,Activated,東急建設株式会社,Rendery Proプラン
"{'type': 'ContractLineItem__c', 'url': '/services/data/v67.0/sobjects/ContractLineItem__c/a03RB00001NswVsYAJ'}",a03RB00001NswVsYAJ,東急建設 ○独特の請求書式あり_2026/12,001RB00001VTrseYAD,a04RB00000kUANhYAO,a0BRB00000ynb5c2AA,2026/12,2026/12,2026-12-01,2026-12-31,a0CRB0000CcXZ6Q2QW,,,8000,8000,True,False,1,2026-06-21T16:13:55.000+0000,2026-08-06T02:03:49.000+0000,CN-00000007,東急建設 ○独特の請求書式あり,Activated,東急建設株式会社,Rendery Proプラン
"{'type': 'ContractLineItem__c', 'url': '/services/data/v67.0/sobjects/ContractLineItem__c/a03RB00001NswVtYAJ'}",a03RB00001NswVtYAJ,東急建設 ○独特の請求書式あり_2027/01,001RB00001VTrseYAD,a04RB00000kUANhYAO,a0BRB00000ynb5c2AA,2027/01,2027/01,2027-01-01,2027-01-31,a0CRB0000CcXZ6Q2QW,,,8000,8000,True,False,1,2026-06-21T16:13:55.000+0000,2026-08-06T02:03:49.000+0000,CN-00000007,東急建設 ○独特の請求書式あり,Activated,東急建設株式会社,Rendery Proプラン
"{'type': 'ContractLineItem__c', 'url': '/services/data/v67.0/sobjects/ContractLineItem__c/a03RB00001NswVuYAJ'}",a03RB00001NswVuYAJ,東急建設 ○独特の請求書式あり_2027/02,001RB00001VTrseYAD,a04RB00000kUANhYAO,a0BRB00000ynb5c2AA,2027/02,2027/02,2027-02-01,2027-02-28,a0CRB0000CcXZ6Q2QW,,,8000,8000,True,False,1,2026-06-21T16:13:55.000+0000,2026-08-06T02:03:49.000+0000,CN-00000007,東急建設 ○独特の請求書式あり,Activated,東急建設株式会社,Rendery Proプラン
"{'type': 'ContractLineItem__c', 'url': '/services/data/v67.0/sobjects/ContractLineItem__c/a03RB00001NswVvYAJ'}",a03RB00001NswVvYAJ,東急建設 ○独特の請求書式あり_2027/03,001RB00001VTrseYAD,a04RB00000kUANhYAO,a0BRB00000ynb5c2AA,2027/03,2027/03,2027-03-01,2027-03-31,a0CRB0000CcXZ6Q2QW,,,8000,8000,True,False,1,2026-06-21T16:13:55.000+0000,2026-08-06T02:03:49.000+0000,CN-00000007,東急建設 ○独特の請求書式あり,Activated,東急建設株式会社,Rendery Proプラン
"{'type': 'ContractLineItem__c', 'url': '/services/data/v67.0/sobjects/ContractLineItem__c/a03RB00001NswVwYAJ'}",a03RB00001NswVwYAJ,株式会社フロンティアコンサルティング_2024/08,001RB00001VTqlHYAT,a04RB00000kUANiYAO,a0BRB00000ynb5d2AA,2024/08,2024/08,2024-08-01,2024-08-31,a0CRB0000CcXZ6T2QW,,,27500,27500,False,False,5,2026-06-21T16:13:55.000+0000,2026-08-06T00:50:25.000+0000,CN-00000008,株式会社フロンティアコンサルティング,Activated,株式会社フロンティアコンサルティング,[OLD] Rendery Enterpriseプラン(2025年9月まで)
"{'type': 'ContractLineItem__c', 'url': '/services/data/v67.0/sobjects/ContractLineItem__c/a03RB00001NswVxYAJ'}",a03RB00001NswVxYAJ,株式会社フロンティアコンサルティング_2024/09,001RB00001VTqlHYAT,a04RB00000kUANiYAO,a0BRB00000ynb5d2AA,2024/09,2024/09,2024-09-01,2024-09-30,a0CRB0000CcXZ6T2QW,,,27500,27500,False,False,5,2026-06-21T16:13:55.000+0000,2026-08-06T00:50:25.000+0000,CN-00000008,株式会社フロンティアコンサルティング,Activated,株式会社フロンティアコンサルティング,[OLD] Rendery Enterpriseプラン(2025年9月まで)
"{'type': 'ContractLineItem__c', 'url': '/services/data/v67.0/sobjects/ContractLineItem__c/a03RB00001NswVyYAJ'}",a03RB00001NswVyYAJ,株式会社フロンティアコンサルティング_2024/10,001RB00001VTqlHYAT,a04RB00000kUANiYAO,a0BRB00000ynb5d2AA,2024/10,2024/10,2024-10-01,2024-10-31,a0CRB0000CcXZ6T2QW,,,27500,27500,False,False,5,2026-06-21T16:13:55.000+0000,2026-08-06T00:50:25.000+0000,CN-00000008,株式会社フロンティアコンサルティング,Activated,株式会社フロンティアコンサルティング,[OLD] Rendery Enterpriseプラン(2025年9月まで)
"{'type': 'ContractLineItem__c', 'url': '/services/data/v67.0/sobjects/ContractLineItem__c/a03RB00001NswVzYAJ'}",a03RB00001NswVzYAJ,株式会社フロンティアコンサルティング_2024/11,001RB00001VTqlHYAT,a04RB00000kUANiYAO,a0BRB00000ynb5d2AA,2024/11,2024/11,2024-11-01,2024-11-30,a0CRB0000CcXZ6T2QW,,,27500,27500,False,False,5,2026-06-21T16:13:55.000+0000,2026-08-06T00:50:25.000+0000,CN-00000008,株式会社フロンティアコンサルティング,Activated,株式会社フロンティアコンサルティング,[OLD] Rendery Enterpriseプラン(2025年9月まで)
"{'type': 'ContractLineItem__c', 'url': '/services/data/v67.0/sobjects/ContractLineItem__c/a03RB00001NswW0YAJ'}",a03RB00001NswW0YAJ,株式会社フロンティアコンサルティング_2024/12,001RB00001VTqlHYAT,a04RB00000kUANiYAO,a0BRB00000ynb5d2AA,2024/12,2024/12,2024-12-01,2024-12-31,a0CRB0000CcXZ6T2QW,,,27500,27500,False,False,5,2026-06-21T16:13:55.000+0000,2026-08-06T00:50:25.000+0000,CN-00000008,株式会社フロンティアコンサルティング,Activated,株式会社フロンティアコンサルティング,[OLD] Rendery Enterpriseプラン(2025年9月まで)
"{'type': 'ContractLineItem__c', 'url': '/services/data/v67.0/sobjects/ContractLineItem__c/a03RB00001NswW1YAJ'}",a03RB00001NswW1YAJ,株式会社フロンティアコンサルティング_2025/01,001RB00001VTqlHYAT,a04RB00000kUANiYAO,a0BRB00000ynb5d2AA,2025/01,2025/01,2025-01-01,2025-01-31,a0CRB0000CcXZ6T2QW,,,27500,27500,False,False,5,2026-06-21T16:13:55.000+0000,2026-08-06T00:50:25.000+0000,CN-00000008,株式会社フロンティアコンサルティング,Activated,株式会社フロンティアコンサルティング,[OLD] Rendery Enterpriseプラン(2025年9月まで)
"{'type': 'ContractLineItem__c', 'url': '/services/data/v67.0/sobjects/ContractLineItem__c/a03RB00001NswW2YAJ'}",a03RB00001NswW2YAJ,株式会社フロンティアコンサルティング_2025/02,001RB00001VTqlHYAT,a04RB00000kUANiYAO,a0BRB00000ynb5d2AA,2025/02,2025/02,2025-02-01,2025-02-28,a0CRB0000CcXZ6T2QW,,,396000,396000,False,False,36,2026-06-21T16:13:55.000+0000,2026-08-06T00:50:25.000+0000,CN-00000008,株式会社フロンティアコンサルティング,Activated,株式会社フロンティアコンサルティング,[OLD] Rendery Enterpriseプラン(2025年9月まで)
"{'type': 'ContractLineItem__c', 'url': '/services/data/v67.0/sobjects/ContractLineItem__c/a03RB00001NswW3YAJ'}",a03RB00001NswW3YAJ,株式会社フロンティアコンサルティング_2025/03,001RB00001VTqlHYAT,a04RB00000kUANiYAO,a0BRB00000ynb5d2AA,2025/03,2025/03,2025-03-01,2025-03-31,a0CRB0000CcXZ6T2QW,,,396000,396000,False,False,36,2026-06-21T16:13:55.000+0000,2026-08-06T00:50:25.000+0000,CN-00000008,株式会社フロンティアコンサルティング,Activated,株式会社フロンティアコンサルティング,[OLD] Rendery Enterpriseプラン(2025年9月まで)
"{'type': 'ContractLineItem__c', 'url': '/services/data/v67.0/sobjects/ContractLineItem__c/a03RB00001NswW4YAJ'}",a03RB00001NswW4YAJ,株式会社フロンティアコンサルティング_2025/04,001RB00001VTqlHYAT,a04RB00000kUANiYAO,a0BRB00000ynb5d2AA,2025/04,2025/04,2025-04-01,2025-04-30,a0CRB0000CcXZ6T2QW,,,396000,396000,False,False,36,2026-06-21T16:13:55.000+0000,2026-08-06T00:50:25.000+0000,CN-00000008,株式会社フロンティアコンサルティング,Activated,株式会社フロンティアコンサルティング,[OLD] Rendery Enterpriseプラン(2025年9月まで)
"{'type': 'ContractLineItem__c', 'url': '/services/data/v67.0/sobjects/ContractLineItem__c/a03RB00001NswW5YAJ'}",a03RB00001NswW5YAJ,株式会社フロンティアコンサルティング_2025/05,001RB00001VTqlHYAT,a04RB00000kUANiYAO,a0BRB00000ynb5d2AA,2025/05,2025/05,2025-05-01,2025-05-31,a0CRB0000CcXZ6T2QW,,,396000,396000,False,False,36,2026-06-21T16:13:55.000+0000,2026-08-06T00:50:25.000+0000,CN-00000008,株式会社フロンティアコンサルティング,Activated,株式会社フロンティアコンサルティング,[OLD] Rendery Enterpriseプラン(2025年9月まで)
"{'type': 'ContractLineItem__c', 'url': '/services/data/v67.0/sobjects/ContractLineItem__c/a03RB00001NswW6YAJ'}",a03RB00001NswW6YAJ,株式会社フロンティアコンサルティング_2025/06,001RB00001VTqlHYAT,a04RB00000kUANiYAO,a0BRB00000ynb5d2AA,2025/06,2025/06,2025-06-01,2025-06-30,a0CRB0000CcXZ6T2QW,,,418000,418000,False,False,38,2026-06-21T16:13:55.000+0000,2026-08-06T00:50:25.000+0000,CN-00000008,株式会社フロンティアコンサルティング,Activated,株式会社フロンティアコンサルティング,[OLD] Rendery Enterpriseプラン(2025年9月まで)
"{'type': 'ContractLineItem__c', 'url': '/services/data/v67.0/sobjects/ContractLineItem__c/a03RB00001NswW7YAJ'}",a03RB00001NswW7YAJ,株式会社フロンティアコンサルティング_2025/07,001RB00001VTqlHYAT,a04RB00000kUANiYAO,a0BRB00000ynb5d2AA,2025/07,2025/07,2025-07-01,2025-07-31,a0CRB0000CcXZ6T2QW,,,418000,418000,False,False,38,2026-06-21T16:13:55.000+0000,2026-08-06T00:50:25.000+0000,CN-00000008,株式会社フロンティアコンサルティング,Activated,株式会社フロンティアコンサルティング,[OLD] Rendery Enterpriseプラン(2025年9月まで)
"{'type': 'ContractLineItem__c', 'url': '/services/data/v67.0/sobjects/ContractLineItem__c/a03RB00001NswW8YAJ'}",a03RB00001NswW8YAJ,株式会社フロンティアコンサルティング_2025/08,001RB00001VTqlHYAT,a04RB00000kUANiYAO,a0BRB00000ynb5d2AA,2025/08,2025/08,2025-08-01,2025-08-31,a0CRB0000CcXZ6T2QW,,,418000,418000,False,False,38,2026-06-21T16:13:55.000+0000,2026-08-06T00:50:25.000+0000,CN-00000008,株式会社フロンティアコンサルティング,Activated,株式会社フロンティアコンサルティング,[OLD] Rendery Enterpriseプラン(2025年9月まで)
"{'type': 'ContractLineItem__c', 'url': '/services/data/v67.0/sobjects/ContractLineItem__c/a03RB00001NswW9YAJ'}",a03RB00001NswW9YAJ,株式会社フロンティアコンサルティング_2025/09,001RB00001VTqlHYAT,a04RB00000kUANiYAO,a0BRB00000ynb5d2AA,2025/09,2025/09,2025-09-01,2025-09-30,a0CRB0000CcXZ6T2QW,,,418000,418000,False,False,38,2026-06-21T16:13:55.000+0000,2026-08-06T00:50:25.000+0000,CN-00000008,株式会社フロンティアコンサルティング,Activated,株式会社フロンティアコンサルティング,[OLD] Rendery Enterpriseプラン(2025年9月まで)
"{'type': 'ContractLineItem__c', 'url': '/services/data/v67.0/sobjects/ContractLineItem__c/a03RB00001NswWAYAZ'}",a03RB00001NswWAYAZ,株式会社フロンティアコンサルティング_2025/10,001RB00001VTqlHYAT,a04RB00000kUANiYAO,a0BRB00000ynb5d2AA,2025/10,2025/10,2025-10-01,2025-10-31,a0CRB0000CcXZ6T2QW,,,462000,462000,False,False,42,2026-06-21T16:13:55.000+0000,2026-08-06T00:50:25.000+0000,CN-00000008,株式会社フロンティアコンサルティング,Activated,株式会社フロンティアコンサルティング,[OLD] Rendery Enterpriseプラン(2025年9月まで)
"{'type': 'ContractLineItem__c', 'url': '/services/data/v67.0/sobjects/ContractLineItem__c/a03RB00001NswWBYAZ'}",a03RB00001NswWBYAZ,株式会社フロンティアコンサルティング_2025/11,001RB00001VTqlHYAT,a04RB00000kUANiYAO,a0BRB00000ynb5d2AA,2025/11,2025/11,2025-11-01,2025-11-30,a0CRB0000CcXZ6T2QW,,,462000,462000,False,False,42,2026-06-21T16:13:55.000+0000,2026-08-06T00:50:25.000+0000,CN-00000008,株式会社フロンティアコンサルティング,Activated,株式会社フロンティアコンサルティング,[OLD] Rendery Enterpriseプラン(2025年9月まで)
"{'type': 'ContractLineItem__c', 'url': '/services/data/v67.0/sobjects/ContractLineItem__c/a03RB00001NswWCYAZ'}",a03RB00001NswWCYAZ,株式会社フロンティアコンサルティング_2025/12,001RB00001VTqlHYAT,a04RB00000kUANiYAO,a0BRB00000ynb5d2AA,2025/12,2025/12,2025-12-01,2025-12-31,a0CRB0000CcXZ6T2QW,,,462000,462000,False,False,42,2026-06-21T16:13:55.000+0000,2026-08-06T00:50:25.000+0000,CN-00000008,株式会社フロンティアコンサルティング,Activated,株式会社フロンティアコンサルティング,[OLD] Rendery Enterpriseプラン(2025年9月まで)
"{'type': 'ContractLineItem__c', 'url': '/services/data/v67.0/sobjects/ContractLineItem__c/a03RB00001NswWDYAZ'}",a03RB00001NswWDYAZ,株式会社フロンティアコンサルティング_2026/01,001RB00001VTqlHYAT,a04RB00000kUANiYAO,a0BRB00000ynb5d2AA,2026/01,2026/01,2026-01-01,2026-01-31,a0CRB0000CcXZ6T2QW,,,462000,462000,False,False,42,2026-06-21T16:13:55.000+0000,2026-08-06T00:50:25.000+0000,CN-00000008,株式会社フロンティアコンサルティング,Activated,株式会社フロンティアコンサルティング,[OLD] Rendery Enterpriseプラン(2025年9月まで)
"{'type': 'ContractLineItem__c', 'url': '/services/data/v67.0/sobjects/ContractLineItem__c/a03RB00001NswWEYAZ'}",a03RB00001NswWEYAZ,株式会社フロンティアコンサルティング_2026/02,001RB00001VTqlHYAT,a04RB00000kUANiYAO,a0BRB00000ynb5d2AA,2026/02,2026/02,2026-02-01,2026-02-28,a0CRB0000CcXZ6T2QW,,,462000,462000,False,False,42,2026-06-21T16:13:55.000+0000,2026-08-06T00:50:25.000+0000,CN-00000008,株式会社フロンティアコンサルティング,Activated,株式会社フロンティアコンサルティング,[OLD] Rendery Enterpriseプラン(2025年9月まで)
"{'type': 'ContractLineItem__c', 'url': '/services/data/v67.0/sobjects/ContractLineItem__c/a03RB00001NswWFYAZ'}",a03RB00001NswWFYAZ,株式会社フロンティアコンサルティング_2026/03,001RB00001VTqlHYAT,a04RB00000kUANiYAO,a0BRB00000ynb5d2AA,2026/03,2026/03,2026-03-01,2026-03-31,a0CRB0000CcXZ6T2QW,,a00RB000024Ux4LYAS,462000,462000,False,False,42,2026-06-21T16:13:55.000+0000,2026-08-06T00:50:25.000+0000,CN-00000008,株式会社フロンティアコンサルティング,Activated,株式会社フロンティアコンサルティング,[OLD] Rendery Enterpriseプラン(2025年9月まで)
"{'type': 'ContractLineItem__c', 'url': '/services/data/v67.0/sobjects/ContractLineItem__c/a03RB00001NswWGYAZ'}",a03RB00001NswWGYAZ,株式会社フロンティアコンサルティング_2026/04,001RB00001VTqlHYAT,a04RB00000kUANiYAO,a0BRB00000ynb5d2AA,2026/04,2026/04,2026-04-01,2026-04-30,a0CRB0000CcXZ6T2QW,,a00RB00002Am2AfYAJ,462000,462000,False,False,42,2026-06-21T16:13:55.000+0000,2026-08-06T00:50:25.000+0000,CN-00000008,株式会社フロンティアコンサルティング,Activated,株式会社フロンティアコンサルティング,[OLD] Rendery Enterpriseプラン(2025年9月まで)
"{'type': 'ContractLineItem__c', 'url': '/services/data/v67.0/sobjects/ContractLineItem__c/a03RB00001NswWHYAZ'}",a03RB00001NswWHYAZ,株式会社フロンティアコンサルティング_2026/05,001RB00001VTqlHYAT,a04RB00000kUANiYAO,a0BRB00000ynb5d2AA,2026/05,2026/05,2026-05-01,2026-05-31,a0CRB0000CcXZ6T2QW,,a00RB000024Ux5MYAS,484000,484000,False,False,44,2026-06-21T16:13:55.000+0000,2026-08-06T00:50:25.000+0000,CN-00000008,株式会社フロンティアコンサルティング,Activated,株式会社フロンティアコンサルティング,[OLD] Rendery Enterpriseプラン(2025年9月まで)
"{'type': 'ContractLineItem__c', 'url': '/services/data/v67.0/sobjects/ContractLineItem__c/a03RB00001NswWIYAZ'}",a03RB00001NswWIYAZ,株式会社フロンティアコンサルティング_2026/06,001RB00001VTqlHYAT,a04RB00000kUANiYAO,a0BRB00000ynb5d2AA,2026/06,2026/06,2026-06-01,2026-06-30,a0CRB0000CcXZ6T2QW,,a00RB00002Am2BiYAJ,550000,550000,False,False,50,2026-06-21T16:13:55.000+0000,2026-08-06T00:04:59.000+0000,CN-00000008,株式会社フロンティアコンサルティング,Activated,株式会社フロンティアコンサルティング,[OLD] Rendery Enterpriseプラン(2025年9月まで)
"{'type': 'ContractLineItem__c', 'url': '/services/data/v67.0/sobjects/ContractLineItem__c/a03RB00001NswWnYAJ'}",a03RB00001NswWnYAJ,ムゲンエステート_2024/10,001RB00001VTqlOYAT,a04RB00000kUANmYAO,a0BRB00000ynn5I2AQ,2024/10,2024/10,2024-10-01,2024-10-31,a0CRB0000CcXZ6Q2QW,,,8000,8000,True,False,1,2026-06-21T16:13:55.000+0000,2026-08-06T02:03:49.000+0000,CN-00000012,ムゲンエステート,Activated,株式会社ムゲンエステート,Rendery Proプラン
"{'type': 'ContractLineItem__c', 'url': '/services/data/v67.0/sobjects/ContractLineItem__c/a03RB00001NswWoYAJ'}",a03RB00001NswWoYAJ,ムゲンエステート_2024/11,001RB00001VTqlOYAT,a04RB00000kUANmYAO,a0BRB00000ynn5I2AQ,2024/11,2024/11,2024-11-01,2024-11-30,a0CRB0000CcXZ6Q2QW,,,8000,8000,True,False,1,2026-06-21T16:13:55.000+0000,2026-08-06T02:03:49.000+0000,CN-00000012,ムゲンエステート,Activated,株式会社ムゲンエステート,Rendery Proプラン
"{'type': 'ContractLineItem__c', 'url': '/services/data/v67.0/sobjects/ContractLineItem__c/a03RB00001NswWpYAJ'}",a03RB00001NswWpYAJ,ムゲンエステート_2024/12,001RB00001VTqlOYAT,a04RB00000kUANmYAO,a0BRB00000ynn5I2AQ,2024/12,2024/12,2024-12-01,2024-12-31,a0CRB0000CcXZ6Q2QW,,,8000,8000,True,False,1,2026-06-21T16:13:55.000+0000,2026-08-06T02:03:49.000+0000,CN-00000012,ムゲンエステート,Activated,株式会社ムゲンエステート,Rendery Proプラン
"{'type': 'ContractLineItem__c', 'url': '/services/data/v67.0/sobjects/ContractLineItem__c/a03RB00001NswWqYAJ'}",a03RB00001NswWqYAJ,ムゲンエステート_2025/01,001RB00001VTqlOYAT,a04RB00000kUANmYAO,a0BRB00000ynn5I2AQ,2025/01,2025/01,2025-01-01,2025-01-31,a0CRB0000CcXZ6Q2QW,,,8000,8000,True,False,1,2026-06-21T16:13:55.000+0000,2026-08-06T02:03:49.000+0000,CN-00000012,ムゲンエステート,Activated,株式会社ムゲンエステート,Rendery Proプラン
"{'type': 'ContractLineItem__c', 'url': '/services/data/v67.0/sobjects/ContractLineItem__c/a03RB00001NswWrYAJ'}",a03RB00001NswWrYAJ,ムゲンエステート_2025/02,001RB00001VTqlOYAT,a04RB00000kUANmYAO,a0BRB00000ynn5I2AQ,2025/02,2025/02,2025-02-01,2025-02-28,a0CRB0000CcXZ6Q2QW,,,8000,8000,True,False,1,2026-06-21T16:13:55.000+0000,2026-08-06T02:03:49.000+0000,CN-00000012,ムゲンエステート,Activated,株式会社ムゲンエステート,Rendery Proプラン
"{'type': 'ContractLineItem__c', 'url': '/services/data/v67.0/sobjects/ContractLineItem__c/a03RB00001NswWsYAJ'}",a03RB00001NswWsYAJ,ムゲンエステート_2025/03,001RB00001VTqlOYAT,a04RB00000kUANmYAO,a0BRB00000ynn5I2AQ,2025/03,2025/03,2025-03-01,2025-03-31,a0CRB0000CcXZ6Q2QW,,,8000,8000,True,False,1,2026-06-21T16:13:55.000+0000,2026-08-06T02:03:49.000+0000,CN-00000012,ムゲンエステート,Activated,株式会社ムゲンエステート,Rendery Proプラン
"{'type': 'ContractLineItem__c', 'url': '/services/data/v67.0/sobjects/ContractLineItem__c/a03RB00001NswWtYAJ'}",a03RB00001NswWtYAJ,ムゲンエステート_2025/04,001RB00001VTqlOYAT,a04RB00000kUANmYAO,a0BRB00000ynn5I2AQ,2025/04,2025/04,2025-04-01,2025-04-30,a0CRB0000CcXZ6Q2QW,,,8000,8000,True,False,1,2026-06-21T16:13:55.000+0000,2026-08-06T02:03:49.000+0000,CN-00000012,ムゲンエステート,Activated,株式会社ムゲンエステート,Rendery Proプラン
"{'type': 'ContractLineItem__c', 'url': '/services/data/v67.0/sobjects/ContractLineItem__c/a03RB00001NswWuYAJ'}",a03RB00001NswWuYAJ,ムゲンエステート_2025/05,001RB00001VTqlOYAT,a04RB00000kUANmYAO,a0BRB00000ynn5I2AQ,2025/05,2025/05,2025-05-01,2025-05-31,a0CRB0000CcXZ6Q2QW,,,8000,8000,True,False,1,2026-06-21T16:13:55.000+0000,2026-08-06T02:03:49.000+0000,CN-00000012,ムゲンエステート,Activated,株式会社ムゲンエステート,Rendery Proプラン
"{'type': 'ContractLineItem__c', 'url': '/services/data/v67.0/sobjects/ContractLineItem__c/a03RB00001NswWvYAJ'}",a03RB00001NswWvYAJ,ムゲンエステート_2025/06,001RB00001VTqlOYAT,a04RB00000kUANmYAO,a0BRB00000ynn5I2AQ,2025/06,2025/06,2025-06-01,2025-06-30,a0CRB0000CcXZ6Q2QW,,,8000,8000,True,False,1,2026-06-21T16:13:55.000+0000,2026-08-06T02:03:49.000+0000,CN-00000012,ムゲンエステート,Activated,株式会社ムゲンエステート,Rendery Proプラン
"{'type': 'ContractLineItem__c', 'url': '/services/data/v67.0/sobjects/ContractLineItem__c/a03RB00001NswWwYAJ'}",a03RB00001NswWwYAJ,ムゲンエステート_2025/07,001RB00001VTqlOYAT,a04RB00000kUANmYAO,a0BRB00000ynn5I2AQ,2025/07,2025/07,2025-07-01,2025-07-31,a0CRB0000CcXZ6Q2QW,,,8000,8000,True,False,1,2026-06-21T16:13:55.000+0000,2026-08-06T02:03:49.000+0000,CN-00000012,ムゲンエステート,Activated,株式会社ムゲンエステート,Rendery Proプラン
"{'type': 'ContractLineItem__c', 'url': '/services/data/v67.0/sobjects/ContractLineItem__c/a03RB00001NswWxYAJ'}",a03RB00001NswWxYAJ,ムゲンエステート_2025/08,001RB00001VTqlOYAT,a04RB00000kUANmYAO,a0BRB00000ynn5I2AQ,2025/08,2025/08,2025-08-01,2025-08-31,a0CRB0000CcXZ6Q2QW,,,8000,8000,True,False,1,2026-06-21T16:13:55.000+0000,2026-08-06T02:03:49.000+0000,CN-00000012,ムゲンエステート,Activated,株式会社ムゲンエステート,Rendery Proプラン
"{'type': 'ContractLineItem__c', 'url': '/services/data/v67.0/sobjects/ContractLineItem__c/a03RB00001NswWyYAJ'}",a03RB00001NswWyYAJ,ムゲンエステート_2025/09,001RB00001VTqlOYAT,a04RB00000kUANmYAO,a0BRB00000ynn5I2AQ,2025/09,2025/09,2025-09-01,2025-09-30,a0CRB0000CcXZ6Q2QW,,,8000,8000,True,False,1,2026-06-21T16:13:55.000+0000,2026-08-06T02:03:49.000+0000,CN-00000012,ムゲンエステート,Activated,株式会社ムゲンエステート,Rendery Proプラン
"{'type': 'ContractLineItem__c', 'url': '/services/data/v67.0/sobjects/ContractLineItem__c/a03RB00001NswWzYAJ'}",a03RB00001NswWzYAJ,ムゲンエステート_2025/10,001RB00001VTqlOYAT,a04RB00000kUANmYAO,a0BRB00000ynn5I2AQ,2025/10,2025/10,2025-10-01,2025-10-31,a0CRB0000CcXZ6Q2QW,,,8000,8000,True,False,1,2026-06-21T16:13:55.000+0000,2026-08-06T02:03:49.000+0000,CN-00000012,ムゲンエステート,Activated,株式会社ムゲンエステート,Rendery Proプラン
"{'type': 'ContractLineItem__c', 'url': '/services/data/v67.0/sobjects/ContractLineItem__c/a03RB00001NswX0YAJ'}",a03RB00001NswX0YAJ,ムゲンエステート_2025/11,001RB00001VTqlOYAT,a04RB00000kUANmYAO,a0BRB00000ynn5I2AQ,2025/11,2025/11,2025-11-01,2025-11-30,a0CRB0000CcXZ6Q2QW,,,8000,8000,True,False,1,2026-06-21T16:13:55.000+0000,2026-08-06T02:03:49.000+0000,CN-00000012,ムゲンエステート,Activated,株式会社ムゲンエステート,Rendery Proプラン
"{'type': 'ContractLineItem__c', 'url': '/services/data/v67.0/sobjects/ContractLineItem__c/a03RB00001NswX1YAJ'}",a03RB00001NswX1YAJ,ムゲンエステート_2025/12,001RB00001VTqlOYAT,a04RB00000kUANmYAO,a0BRB00000ynn5I2AQ,2025/12,2025/12,2025-12-01,2025-12-31,a0CRB0000CcXZ6Q2QW,,,8000,8000,True,False,1,2026-06-21T16:13:55.000+0000,2026-08-06T02:03:49.000+0000,CN-00000012,ムゲンエステート,Activated,株式会社ムゲンエステート,Rendery Proプラン
"{'type': 'ContractLineItem__c', 'url': '/services/data/v67.0/sobjects/ContractLineItem__c/a03RB00001NswX2YAJ'}",a03RB00001NswX2YAJ,ムゲンエステート_2026/01,001RB00001VTqlOYAT,a04RB00000kUANmYAO,a0BRB00000ynn5I2AQ,2026/01,2026/01,2026-01-01,2026-01-31,a0CRB0000CcXZ6Q2QW,,,8000,8000,True,False,1,2026-06-21T16:13:55.000+0000,2026-08-06T02:03:49.000+0000,CN-00000012,ムゲンエステート,Activated,株式会社ムゲンエステート,Rendery Proプラン
"{'type': 'ContractLineItem__c', 'url': '/services/data/v67.0/sobjects/ContractLineItem__c/a03RB00001NswX3YAJ'}",a03RB00001NswX3YAJ,ムゲンエステート_2026/02,001RB00001VTqlOYAT,a04RB00000kUANmYAO,a0BRB00000ynn5I2AQ,2026/02,2026/02,2026-02-01,2026-02-28,a0CRB0000CcXZ6Q2QW,,,8000,8000,True,False,1,2026-06-21T16:13:55.000+0000,2026-08-06T02:03:49.000+0000,CN-00000012,ムゲンエステート,Activated,株式会社ムゲンエステート,Rendery Proプラン
"{'type': 'ContractLineItem__c', 'url': '/services/data/v67.0/sobjects/ContractLineItem__c/a03RB00001NswX4YAJ'}",a03RB00001NswX4YAJ,ムゲンエステート_2026/03,001RB00001VTqlOYAT,a04RB00000kUANmYAO,a0BRB00000ynb5h2AA,2026/03,2026/03,2026-03-01,2026-03-31,a0CRB0000CcXZ6Q2QW,,a00RB00002Am2BJYAZ,8000,8000,True,False,1,2026-06-21T16:13:55.000+0000,2026-08-06T01:44:32.000+0000,CN-00000012,ムゲンエステート,Activated,株式会社ムゲンエステート,Rendery Proプラン
"{'type': 'ContractLineItem__c', 'url': '/services/data/v67.0/sobjects/ContractLineItem__c/a03RB00001NswX5YAJ'}",a03RB00001NswX5YAJ,ムゲンエステート_2026/04,001RB00001VTqlOYAT,a04RB00000kUANmYAO,a0BRB00000ynb5h2AA,2026/04,2026/04,2026-04-01,2026-04-30,a0CRB0000CcXZ6Q2QW,,a00RB00002Am2AZYAZ,8000,8000,True,False,1,2026-06-21T16:13:55.000+0000,2026-08-06T01:44:32.000+0000,CN-00000012,ムゲンエステート,Activated,株式会社ムゲンエステート,Rendery Proプラン
"{'type': 'ContractLineItem__c', 'url': '/services/data/v67.0/sobjects/ContractLineItem__c/a03RB00001NswX6YAJ'}",a03RB00001NswX6YAJ,ムゲンエステート_2026/05,001RB00001VTqlOYAT,a04RB00000kUANmYAO,a0BRB00000ynb5h2AA,2026/05,2026/05,2026-05-01,2026-05-31,a0CRB0000CcXZ6Q2QW,,a00RB00002Am2B2YAJ,8000,8000,True,False,1,2026-06-21T16:13:55.000+0000,2026-08-06T01:44:32.000+0000,CN-00000012,ムゲンエステート,Activated,株式会社ムゲンエステート,Rendery Proプラン
"{'type': 'ContractLineItem__c', 'url': '/services/data/v67.0/sobjects/ContractLineItem__c/a03RB00001NswZ4YAJ'}",a03RB00001NswZ4YAJ,株式会社TRIAD_2025/01,001RB00001VTqUoYAL,a04RB00000kUANwYAO,a0BRB00000ynb5r2AA,2025/01,2025/01,2025-01-01,2025-01-31,a0CRB0000CcXZ6Q2QW,,,8000,8000,True,False,1,2026-06-21T16:13:55.000+0000,2026-08-06T02:03:49.000+0000,CN-00000022,株式会社TRIAD,Activated,株式会社TRIAD,Rendery Proプラン
"{'type': 'ContractLineItem__c', 'url': '/services/data/v67.0/sobjects/ContractLineItem__c/a03RB00001NswZ5YAJ'}",a03RB00001NswZ5YAJ,株式会社TRIAD_2025/02,001RB00001VTqUoYAL,a04RB00000kUANwYAO,a0BRB00000ynb5r2AA,2025/02,2025/02,2025-02-01,2025-02-28,a0CRB0000CcXZ6Q2QW,,,8000,8000,True,False,1,2026-06-21T16:13:55.000+0000,2026-08-06T02:03:49.000+0000,CN-00000022,株式会社TRIAD,Activated,株式会社TRIAD,Rendery Proプラン
"{'type': 'ContractLineItem__c', 'url': '/services/data/v67.0/sobjects/ContractLineItem__c/a03RB00001NswZ6YAJ'}",a03RB00001NswZ6YAJ,株式会社TRIAD_2025/03,001RB00001VTqUoYAL,a04RB00000kUANwYAO,a0BRB00000ynb5r2AA,2025/03,2025/03,2025-03-01,2025-03-31,a0CRB0000CcXZ6Q2QW,,,8000,8000,True,False,1,2026-06-21T16:13:55.000+0000,2026-08-06T02:03:49.000+0000,CN-00000022,株式会社TRIAD,Activated,株式会社TRIAD,Rendery Proプラン
"{'type': 'ContractLineItem__c', 'url': '/services/data/v67.0/sobjects/ContractLineItem__c/a03RB00001NswZ7YAJ'}",a03RB00001NswZ7YAJ,株式会社TRIAD_2025/04,001RB00001VTqUoYAL,a04RB00000kUANwYAO,a0BRB00000ynb5r2AA,2025/04,2025/04,2025-04-01,2025-04-30,a0CRB0000CcXZ6Q2QW,,,8000,8000,True,False,1,2026-06-21T16:13:55.000+0000,2026-08-06T02:03:49.000+0000,CN-00000022,株式会社TRIAD,Activated,株式会社TRIAD,Rendery Proプラン
"{'type': 'ContractLineItem__c', 'url': '/services/data/v67.0/sobjects/ContractLineItem__c/a03RB00001NswZ8YAJ'}",a03RB00001NswZ8YAJ,株式会社TRIAD_2025/05,001RB00001VTqUoYAL,a04RB00000kUANwYAO,a0BRB00000ynb5r2AA,2025/05,2025/05,2025-05-01,2025-05-31,a0CRB0000CcXZ6Q2QW,,,8000,8000,True,False,1,2026-06-21T16:13:55.000+0000,2026-08-06T02:03:49.000+0000,CN-00000022,株式会社TRIAD,Activated,株式会社TRIAD,Rendery Proプラン
"{'type': 'ContractLineItem__c', 'url': '/services/data/v67.0/sobjects/ContractLineItem__c/a03RB00001NswZ9YAJ'}",a03RB00001NswZ9YAJ,株式会社TRIAD_2025/06,001RB00001VTqUoYAL,a04RB00000kUANwYAO,a0BRB00000ynb5r2AA,2025/06,2025/06,2025-06-01,2025-06-30,a0CRB0000CcXZ6Q2QW,,,8000,8000,True,False,1,2026-06-21T16:13:55.000+0000,2026-08-06T02:03:49.000+0000,CN-00000022,株式会社TRIAD,Activated,株式会社TRIAD,Rendery Proプラン
"{'type': 'ContractLineItem__c', 'url': '/services/data/v67.0/sobjects/ContractLineItem__c/a03RB00001NswZAYAZ'}",a03RB00001NswZAYAZ,株式会社TRIAD_2025/07,001RB00001VTqUoYAL,a04RB00000kUANwYAO,a0BRB00000ynb5r2AA,2025/07,2025/07,2025-07-01,2025-07-31,a0CRB0000CcXZ6Q2QW,,,8000,8000,True,False,1,2026-06-21T16:13:55.000+0000,2026-08-06T02:03:49.000+0000,CN-00000022,株式会社TRIAD,Activated,株式会社TRIAD,Rendery Proプラン
"{'type': 'ContractLineItem__c', 'url': '/services/data/v67.0/sobjects/ContractLineItem__c/a03RB00001NswZBYAZ'}",a03RB00001NswZBYAZ,株式会社TRIAD_2025/08,001RB00001VTqUoYAL,a04RB00000kUANwYAO,a0BRB00000ynb5r2AA,2025/08,2025/08,2025-08-01,2025-08-31,a0CRB0000CcXZ6Q2QW,,,8000,8000,True,False,1,2026-06-21T16:13:55.000+0000,2026-08-06T02:03:49.000+0000,CN-00000022,株式会社TRIAD,Activated,株式会社TRIAD,Rendery Proプラン
"{'type': 'ContractLineItem__c', 'url': '/services/data/v67.0/sobjects/ContractLineItem__c/a03RB00001NswZCYAZ'}",a03RB00001NswZCYAZ,株式会社TRIAD_2025/09,001RB00001VTqUoYAL,a04RB00000kUANwYAO,a0BRB00000ynb5r2AA,2025/09,2025/09,2025-09-01,2025-09-30,a0CRB0000CcXZ6Q2QW,,,8000,8000,True,False,1,2026-06-21T16:13:55.000+0000,2026-08-06T02:03:49.000+0000,CN-00000022,株式会社TRIAD,Activated,株式会社TRIAD,Rendery Proプラン
"{'type': 'ContractLineItem__c', 'url': '/services/data/v67.0/sobjects/ContractLineItem__c/a03RB00001NswZDYAZ'}",a03RB00001NswZDYAZ,株式会社TRIAD_2025/10,001RB00001VTqUoYAL,a04RB00000kUANwYAO,a0BRB00000ynb5r2AA,2025/10,2025/10,2025-10-01,2025-10-31,a0CRB0000CcXZ6Q2QW,,,8000,8000,True,False,1,2026-06-21T16:13:55.000+0000,2026-08-06T02:03:49.000+0000,CN-00000022,株式会社TRIAD,Activated,株式会社TRIAD,Rendery Proプラン
"{'type': 'ContractLineItem__c', 'url': '/services/data/v67.0/sobjects/ContractLineItem__c/a03RB00001NswZEYAZ'}",a03RB00001NswZEYAZ,株式会社TRIAD_2025/11,001RB00001VTqUoYAL,a04RB00000kUANwYAO,a0BRB00000ynb5r2AA,2025/11,2025/11,2025-11-01,2025-11-30,a0CRB0000CcXZ6Q2QW,,,8000,8000,True,False,1,2026-06-21T16:13:55.000+0000,2026-08-06T02:03:49.000+0000,CN-00000022,株式会社TRIAD,Activated,株式会社TRIAD,Rendery Proプラン
"{'type': 'ContractLineItem__c', 'url': '/services/data/v67.0/sobjects/ContractLineItem__c/a03RB00001NswZFYAZ'}",a03RB00001NswZFYAZ,株式会社TRIAD_2025/12,001RB00001VTqUoYAL,a04RB00000kUANwYAO,a0BRB00000ynb5r2AA,2025/12,2025/12,2025-12-01,2025-12-31,a0CRB0000CcXZ6Q2QW,,,8000,8000,True,False,1,2026-06-21T16:13:55.000+0000,2026-08-06T02:03:49.000+0000,CN-00000022,株式会社TRIAD,Activated,株式会社TRIAD,Rendery Proプラン
"{'type': 'ContractLineItem__c', 'url': '/services/data/v67.0/sobjects/ContractLineItem__c/a03RB00001NswZGYAZ'}",a03RB00001NswZGYAZ,株式会社TRIAD_2026/01,001RB00001VTqUoYAL,a04RB00000kUANwYAO,a0BRB00000ynb5r2AA,2026/01,2026/01,2026-01-01,2026-01-31,a0CRB0000CcXZ6Q2QW,,,8000,8000,True,False,1,2026-06-21T16:13:55.000+0000,2026-08-06T02:03:49.000+0000,CN-00000022,株式会社TRIAD,Activated,株式会社TRIAD,Rendery Proプラン
"{'type': 'ContractLineItem__c', 'url': '/services/data/v67.0/sobjects/ContractLineItem__c/a03RB00001NswZHYAZ'}",a03RB00001NswZHYAZ,株式会社TRIAD_2026/02,001RB00001VTqUoYAL,a04RB00000kUANwYAO,a0BRB00000ynb5r2AA,2026/02,2026/02,2026-02-01,2026-02-28,a0CRB0000CcXZ6Q2QW,,,8000,8000,True,False,1,2026-06-21T16:13:55.000+0000,2026-08-06T02:03:49.000+0000,CN-00000022,株式会社TRIAD,Activated,株式会社TRIAD,Rendery Proプラン
"{'type': 'ContractLineItem__c', 'url': '/services/data/v67.0/sobjects/ContractLineItem__c/a03RB00001NswZIYAZ'}",a03RB00001NswZIYAZ,株式会社TRIAD_2026/03,001RB00001VTqUoYAL,a04RB00000kUANwYAO,a0BRB00000ynb5r2AA,2026/03,2026/03,2026-03-01,2026-03-31,a0CRB0000CcXZ6Q2QW,,a00RB00002Am2BIYAZ,8000,8000,True,False,1,2026-06-21T16:13:55.000+0000,2026-08-06T01:44:32.000+0000,CN-00000022,株式会社TRIAD,Activated,株式会社TRIAD,Rendery Proプラン
"{'type': 'ContractLineItem__c', 'url': '/services/data/v67.0/sobjects/ContractLineItem__c/a03RB00001NswZJYAZ'}",a03RB00001NswZJYAZ,株式会社TRIAD_2026/04,001RB00001VTqUoYAL,a04RB00000kUANwYAO,a0BRB00000ynb5r2AA,2026/04,2026/04,2026-04-01,2026-04-30,a0CRB0000CcXZ6Q2QW,,a00RB00002Am2BGYAZ,8000,8000,True,False,1,2026-06-21T16:13:55.000+0000,2026-08-06T01:44:32.000+0000,CN-00000022,株式会社TRIAD,Activated,株式会社TRIAD,Rendery Proプラン
"{'type': 'ContractLineItem__c', 'url': '/services/data/v67.0/sobjects/ContractLineItem__c/a03RB00001NswZKYAZ'}",a03RB00001NswZKYAZ,株式会社TRIAD_2026/05,001RB00001VTqUoYAL,a04RB00000kUANwYAO,a0BRB00000ynb5r2AA,2026/05,2026/05,2026-05-01,2026-05-31,a0CRB0000CcXZ6Q2QW,,a00RB00002Am2B1YAJ,8000,8000,True,False,1,2026-06-21T16:13:55.000+0000,2026-08-06T01:44:32.000+0000,CN-00000022,株式会社TRIAD,Activated,株式会社TRIAD,Rendery Proプラン
"{'type': 'ContractLineItem__c', 'url': '/services/data/v67.0/sobjects/ContractLineItem__c/a03RB00001Nswa0YAB'}",a03RB00001Nswa0YAB,戸田建設(設計部:月額)_2026/04,001RB00001VTrmnYAD,a04RB00000kUAO0YAO,a0BRB00000ynb5v2AA,2026/04,2026/04,2026-04-01,2026-04-30,a0CRB0000CcXZ6T2QW,,a00RB00002Am2AbYAJ,55000,55000,True,False,5,2026-06-21T16:13:55.000+0000,2026-08-06T01:44:32.000+0000,CN-00000026,戸田建設(設計部:月額),Activated,戸田建設株式会社,[OLD] Rendery Enterpriseプラン(2025年9月まで)
"{'type': 'ContractLineItem__c', 'url': '/services/data/v67.0/sobjects/ContractLineItem__c/a03RB00001Nswa1YAB'}",a03RB00001Nswa1YAB,戸田建設(設計部:月額)_2026/05,001RB00001VTrmnYAD,a04RB00000kUAO0YAO,a0BRB00000ynb5v2AA,2026/05,2026/05,2026-05-01,2026-05-31,a0CRB0000CcXZ6T2QW,,a00RB00002Am2B4YAJ,55000,55000,True,False,5,2026-06-21T16:13:55.000+0000,2026-08-06T01:44:32.000+0000,CN-00000026,戸田建設(設計部:月額),Activated,戸田建設株式会社,[OLD] Rendery Enterpriseプラン(2025年9月まで)
"{'type': 'ContractLineItem__c', 'url': '/services/data/v67.0/sobjects/ContractLineItem__c/a03RB00001Nswa5YAB'}",a03RB00001Nswa5YAB,47内装株式会社_2025/06,001RB00001VTCYGYA5,a04RB00000kUAO1YAO,a0BRB00000ynb5w2AA,2025/06,2025/06,2025-06-01,2025-06-30,a0CRB0000CcXZ6T2QW,,,55000,55000,True,False,5,2026-06-21T16:13:55.000+0000,2026-08-06T02:03:49.000+0000,CN-00000027,47内装株式会社,Activated,47内装株式会社,[OLD] Rendery Enterpriseプラン(2025年9月まで)
"{'type': 'ContractLineItem__c', 'url': '/services/data/v67.0/sobjects/ContractLineItem__c/a03RB00001Nswa6YAB'}",a03RB00001Nswa6YAB,47内装株式会社_2025/07,001RB00001VTCYGYA5,a04RB00000kUAO1YAO,a0BRB00000ynb5w2AA,2025/07,2025/07,2025-07-01,2025-07-31,a0CRB0000CcXZ6T2QW,,,55000,55000,True,False,5,2026-06-21T16:13:55.000+0000,2026-08-06T02:03:49.000+0000,CN-00000027,47内装株式会社,Activated,47内装株式会社,[OLD] Rendery Enterpriseプラン(2025年9月まで)
"{'type': 'ContractLineItem__c', 'url': '/services/data/v67.0/sobjects/ContractLineItem__c/a03RB00001Nswa7YAB'}",a03RB00001Nswa7YAB,47内装株式会社_2025/08,001RB00001VTCYGYA5,a04RB00000kUAO1YAO,a0BRB00000ynb5w2AA,2025/08,2025/08,2025-08-01,2025-08-31,a0CRB0000CcXZ6T2QW,,,55000,55000,True,False,5,2026-06-21T16:13:55.000+0000,2026-08-06T02:03:49.000+0000,CN-00000027,47内装株式会社,Activated,47内装株式会社,[OLD] Rendery Enterpriseプラン(2025年9月まで)
"{'type': 'ContractLineItem__c', 'url': '/services/data/v67.0/sobjects/ContractLineItem__c/a03RB00001Nswa8YAB'}",a03RB00001Nswa8YAB,47内装株式会社_2025/09,001RB00001VTCYGYA5,a04RB00000kUAO1YAO,a0BRB00000ynb5w2AA,2025/09,2025/09,2025-09-01,2025-09-30,a0CRB0000CcXZ6T2QW,,,55000,55000,True,False,5,2026-06-21T16:13:55.000+0000,2026-08-06T02:03:49.000+0000,CN-00000027,47内装株式会社,Activated,47内装株式会社,[OLD] Rendery Enterpriseプラン(2025年9月まで)
"{'type': 'ContractLineItem__c', 'url': '/services/data/v67.0/sobjects/ContractLineItem__c/a03RB00001Nswa9YAB'}",a03RB00001Nswa9YAB,47内装株式会社_2025/10,001RB00001VTCYGYA5,a04RB00000kUAO1YAO,a0BRB00000ynb5w2AA,2025/10,2025/10,2025-10-01,2025-10-31,a0CRB0000CcXZ6T2QW,,,55000,55000,True,False,5,2026-06-21T16:13:55.000+0000,2026-08-06T02:03:49.000+0000,CN-00000027,47内装株式会社,Activated,47内装株式会社,[OLD] Rendery Enterpriseプラン(2025年9月まで)
"{'type': 'ContractLineItem__c', 'url': '/services/data/v67.0/sobjects/ContractLineItem__c/a03RB00001NswaAYAR'}",a03RB00001NswaAYAR,47内装株式会社_2025/11,001RB00001VTCYGYA5,a04RB00000kUAO1YAO,a0BRB00000ynb5w2AA,2025/11,2025/11,2025-11-01,2025-11-30,a0CRB0000CcXZ6T2QW,,,55000,55000,True,False,5,2026-06-21T16:13:55.000+0000,2026-08-06T02:03:49.000+0000,CN-00000027,47内装株式会社,Activated,47内装株式会社,[OLD] Rendery Enterpriseプラン(2025年9月まで)
"{'type': 'ContractLineItem__c', 'url': '/services/data/v67.0/sobjects/ContractLineItem__c/a03RB00001NswaBYAR'}",a03RB00001NswaBYAR,47内装株式会社_2025/12,001RB00001VTCYGYA5,a04RB00000kUAO1YAO,a0BRB00000ynb5w2AA,2025/12,2025/12,2025-12-01,2025-12-31,a0CRB0000CcXZ6T2QW,,,55000,55000,True,False,5,2026-06-21T16:13:55.000+0000,2026-08-06T02:03:49.000+0000,CN-00000027,47内装株式会社,Activated,47内装株式会社,[OLD] Rendery Enterpriseプラン(2025年9月まで)
"{'type': 'ContractLineItem__c', 'url': '/services/data/v67.0/sobjects/ContractLineItem__c/a03RB00001NswaCYAR'}",a03RB00001NswaCYAR,47内装株式会社_2026/01,001RB00001VTCYGYA5,a04RB00000kUAO1YAO,a0BRB00000ynb5w2AA,2026/01,2026/01,2026-01-01,2026-01-31,a0CRB0000CcXZ6T2QW,,,55000,55000,True,False,5,2026-06-21T16:13:55.000+0000,2026-08-06T02:03:49.000+0000,CN-00000027,47内装株式会社,Activated,47内装株式会社,[OLD] Rendery Enterpriseプラン(2025年9月まで)
"{'type': 'ContractLineItem__c', 'url': '/services/data/v67.0/sobjects/ContractLineItem__c/a03RB00001NswaDYAR'}",a03RB00001NswaDYAR,47内装株式会社_2026/02,001RB00001VTCYGYA5,a04RB00000kUAO1YAO,a0BRB00000ynb5w2AA,2026/02,2026/02,2026-02-01,2026-02-28,a0CRB0000CcXZ6T2QW,,,55000,55000,True,False,5,2026-06-21T16:13:55.000+0000,2026-08-06T02:03:49.000+0000,CN-00000027,47内装株式会社,Activated,47内装株式会社,[OLD] Rendery Enterpriseプラン(2025年9月まで)
"{'type': 'ContractLineItem__c', 'url': '/services/data/v67.0/sobjects/ContractLineItem__c/a03RB00001NswaEYAR'}",a03RB00001NswaEYAR,47内装株式会社_2026/03,001RB00001VTCYGYA5,a04RB00000kUAO1YAO,a0BRB00000ynb5w2AA,2026/03,2026/03,2026-03-01,2026-03-31,a0CRB0000CcXZ6T2QW,,a00RB00002Am2BHYAZ,55000,55000,True,False,5,2026-06-21T16:13:55.000+0000,2026-08-06T01:44:32.000+0000,CN-00000027,47内装株式会社,Activated,47内装株式会社,[OLD] Rendery Enterpriseプラン(2025年9月まで)
"{'type': 'ContractLineItem__c', 'url': '/services/data/v67.0/sobjects/ContractLineItem__c/a03RB00001NswaFYAR'}",a03RB00001NswaFYAR,47内装株式会社_2026/04,001RB00001VTCYGYA5,a04RB00000kUAO1YAO,a0BRB00000ynb5w2AA,2026/04,2026/04,2026-04-01,2026-04-30,a0CRB0000CcXZ6T2QW,,a00RB00002Am2BFYAZ,55000,55000,True,False,5,2026-06-21T16:13:55.000+0000,2026-08-06T01:44:32.000+0000,CN-00000027,47内装株式会社,Activated,47内装株式会社,[OLD] Rendery Enterpriseプラン(2025年9月まで)
"{'type': 'ContractLineItem__c', 'url': '/services/data/v67.0/sobjects/ContractLineItem__c/a03RB00001NswaGYAR'}",a03RB00001NswaGYAR,47内装株式会社_2026/05,001RB00001VTCYGYA5,a04RB00000kUAO1YAO,a0BRB00000ynb5w2AA,2026/05,2026/05,2026-05-01,2026-05-31,a0CRB0000CcXZ6T2QW,,a00RB00002Am2B0YAJ,55000,55000,True,False,5,2026-06-21T16:13:55.000+0000,2026-08-06T01:44:32.000+0000,CN-00000027,47内装株式会社,Activated,47内装株式会社,[OLD] Rendery Enterpriseプラン(2025年9月まで)
"{'type': 'ContractLineItem__c', 'url': '/services/data/v67.0/sobjects/ContractLineItem__c/a03RB00001NswaHYAR'}",a03RB00001NswaHYAR,ANAスカイビルサービス株式会社 ※郵送希望_2025/04,001RB00001VTCYFYA5,a04RB00000kUAO2YAO,a0BRB00000ynb5x2AA,2025/04,2025/04,2025-04-01,2025-04-30,a0CRB0000CcXZ6Q2QW,,,16000,16000,True,False,2,2026-06-21T16:13:55.000+0000,2026-08-06T02:03:49.000+0000,CN-00000028,ANAスカイビルサービス株式会社　※郵送希望,Activated,ANAスカイビルサービス株式会社,Rendery Proプラン
"{'type': 'ContractLineItem__c', 'url': '/services/data/v67.0/sobjects/ContractLineItem__c/a03RB00001NswaIYAR'}",a03RB00001NswaIYAR,ANAスカイビルサービス株式会社 ※郵送希望_2025/05,001RB00001VTCYFYA5,a04RB00000kUAO2YAO,a0BRB00000ynb5x2AA,2025/05,2025/05,2025-05-01,2025-05-31,a0CRB0000CcXZ6Q2QW,,,16000,16000,True,False,2,2026-06-21T16:13:55.000+0000,2026-08-06T02:03:49.000+0000,CN-00000028,ANAスカイビルサービス株式会社　※郵送希望,Activated,ANAスカイビルサービス株式会社,Rendery Proプラン
"{'type': 'ContractLineItem__c', 'url': '/services/data/v67.0/sobjects/ContractLineItem__c/a03RB00001NswaJYAR'}",a03RB00001NswaJYAR,ANAスカイビルサービス株式会社 ※郵送希望_2025/06,001RB00001VTCYFYA5,a04RB00000kUAO2YAO,a0BRB00000ynb5x2AA,2025/06,2025/06,2025-06-01,2025-06-30,a0CRB0000CcXZ6Q2QW,,,16000,16000,True,False,2,2026-06-21T16:13:55.000+0000,2026-08-06T02:03:49.000+0000,CN-00000028,ANAスカイビルサービス株式会社　※郵送希望,Activated,ANAスカイビルサービス株式会社,Rendery Proプラン
"{'type': 'ContractLineItem__c', 'url': '/services/data/v67.0/sobjects/ContractLineItem__c/a03RB00001NswaKYAR'}",a03RB00001NswaKYAR,ANAスカイビルサービス株式会社 ※郵送希望_2025/07,001RB00001VTCYFYA5,a04RB00000kUAO2YAO,a0BRB00000ynb5x2AA,2025/07,2025/07,2025-07-01,2025-07-31,a0CRB0000CcXZ6Q2QW,,,16000,16000,True,False,2,2026-06-21T16:13:55.000+0000,2026-08-06T02:03:49.000+0000,CN-00000028,ANAスカイビルサービス株式会社　※郵送希望,Activated,ANAスカイビルサービス株式会社,Rendery Proプラン
"{'type': 'ContractLineItem__c', 'url': '/services/data/v67.0/sobjects/ContractLineItem__c/a03RB00001NswaLYAR'}",a03RB00001NswaLYAR,ANAスカイビルサービス株式会社 ※郵送希望_2025/08,001RB00001VTCYFYA5,a04RB00000kUAO2YAO,a0BRB00000ynb5x2AA,2025/08,2025/08,2025-08-01,2025-08-31,a0CRB0000CcXZ6Q2QW,,,16000,16000,True,False,2,2026-06-21T16:13:55.000+0000,2026-08-06T02:03:49.000+0000,CN-00000028,ANAスカイビルサービス株式会社　※郵送希望,Activated,ANAスカイビルサービス株式会社,Rendery Proプラン
"{'type': 'ContractLineItem__c', 'url': '/services/data/v67.0/sobjects/ContractLineItem__c/a03RB00001NswaMYAR'}",a03RB00001NswaMYAR,ANAスカイビルサービス株式会社 ※郵送希望_2025/09,001RB00001VTCYFYA5,a04RB00000kUAO2YAO,a0BRB00000ynb5x2AA,2025/09,2025/09,2025-09-01,2025-09-30,a0CRB0000CcXZ6Q2QW,,,16000,16000,True,False,2,2026-06-21T16:13:55.000+0000,2026-08-06T02:03:49.000+0000,CN-00000028,ANAスカイビルサービス株式会社　※郵送希望,Activated,ANAスカイビルサービス株式会社,Rendery Proプラン
"{'type': 'ContractLineItem__c', 'url': '/services/data/v67.0/sobjects/ContractLineItem__c/a03RB00001NswaNYAR'}",a03RB00001NswaNYAR,ANAスカイビルサービス株式会社 ※郵送希望_2025/10,001RB00001VTCYFYA5,a04RB00000kUAO2YAO,a0BRB00000ynb5x2AA,2025/10,2025/10,2025-10-01,2025-10-31,a0CRB0000CcXZ6Q2QW,,,16000,16000,True,False,2,2026-06-21T16:13:55.000+0000,2026-08-06T02:03:49.000+0000,CN-00000028,ANAスカイビルサービス株式会社　※郵送希望,Activated,ANAスカイビルサービス株式会社,Rendery Proプラン
"{'type': 'ContractLineItem__c', 'url': '/services/data/v67.0/sobjects/ContractLineItem__c/a03RB00001NswaOYAR'}",a03RB00001NswaOYAR,ANAスカイビルサービス株式会社 ※郵送希望_2025/11,001RB00001VTCYFYA5,a04RB00000kUAO2YAO,a0BRB00000ynb5x2AA,2025/11,2025/11,2025-11-01,2025-11-30,a0CRB0000CcXZ6Q2QW,,,16000,16000,True,False,2,2026-06-21T16:13:55.000+0000,2026-08-06T02:03:49.000+0000,CN-00000028,ANAスカイビルサービス株式会社　※郵送希望,Activated,ANAスカイビルサービス株式会社,Rendery Proプラン
"{'type': 'ContractLineItem__c', 'url': '/services/data/v67.0/sobjects/ContractLineItem__c/a03RB00001NswaPYAR'}",a03RB00001NswaPYAR,ANAスカイビルサービス株式会社 ※郵送希望_2025/12,001RB00001VTCYFYA5,a04RB00000kUAO2YAO,a0BRB00000ynb5x2AA,2025/12,2025/12,2025-12-01,2025-12-31,a0CRB0000CcXZ6Q2QW,,,16000,16000,True,False,2,2026-06-21T16:13:55.000+0000,2026-08-06T02:03:49.000+0000,CN-00000028,ANAスカイビルサービス株式会社　※郵送希望,Activated,ANAスカイビルサービス株式会社,Rendery Proプラン
"{'type': 'ContractLineItem__c', 'url': '/services/data/v67.0/sobjects/ContractLineItem__c/a03RB00001NswaQYAR'}",a03RB00001NswaQYAR,ANAスカイビルサービス株式会社 ※郵送希望_2026/01,001RB00001VTCYFYA5,a04RB00000kUAO2YAO,a0BRB00000ynb5x2AA,2026/01,2026/01,2026-01-01,2026-01-31,a0CRB0000CcXZ6Q2QW,,,16000,16000,True,False,2,2026-06-21T16:13:55.000+0000,2026-08-06T02:03:49.000+0000,CN-00000028,ANAスカイビルサービス株式会社　※郵送希望,Activated,ANAスカイビルサービス株式会社,Rendery Proプラン
"{'type': 'ContractLineItem__c', 'url': '/services/data/v67.0/sobjects/ContractLineItem__c/a03RB00001NswaRYAR'}",a03RB00001NswaRYAR,ANAスカイビルサービス株式会社 ※郵送希望_2026/02,001RB00001VTCYFYA5,a04RB00000kUAO2YAO,a0BRB00000ynb5x2AA,2026/02,2026/02,2026-02-01,2026-02-28,a0CRB0000CcXZ6Q2QW,,,16000,16000,True,False,2,2026-06-21T16:13:55.000+0000,2026-08-06T02:03:49.000+0000,CN-00000028,ANAスカイビルサービス株式会社　※郵送希望,Activated,ANAスカイビルサービス株式会社,Rendery Proプラン
"{'type': 'ContractLineItem__c', 'url': '/services/data/v67.0/sobjects/ContractLineItem__c/a03RB00001NswaSYAR'}",a03RB00001NswaSYAR,ANAスカイビルサービス株式会社 ※郵送希望_2026/03,001RB00001VTCYFYA5,a04RB00000kUAO2YAO,a0BRB00000ynb5x2AA,2026/03,2026/03,2026-03-01,2026-03-31,a0CRB0000CcXZ6Q2QW,,a00RB00002Am2AYYAZ,16000,16000,True,False,2,2026-06-21T16:13:55.000+0000,2026-08-06T01:44:32.000+0000,CN-00000028,ANAスカイビルサービス株式会社　※郵送希望,Activated,ANAスカイビルサービス株式会社,Rendery Proプラン
"{'type': 'ContractLineItem__c', 'url': '/services/data/v67.0/sobjects/ContractLineItem__c/a03RB00001NswaTYAR'}",a03RB00001NswaTYAR,ANAスカイビルサービス株式会社 ※郵送希望_2026/04,001RB00001VTCYFYA5,a04RB00000kUAO2YAO,a0BRB00000ynb5x2AA,2026/04,2026/04,2026-04-01,2026-04-30,a0CRB0000CcXZ6Q2QW,,a00RB00002Am2BEYAZ,16000,16000,True,False,2,2026-06-21T16:13:55.000+0000,2026-08-06T01:44:32.000+0000,CN-00000028,ANAスカイビルサービス株式会社　※郵送希望,Activated,ANAスカイビルサービス株式会社,Rendery Proプラン
"{'type': 'ContractLineItem__c', 'url': '/services/data/v67.0/sobjects/ContractLineItem__c/a03RB00001NswaUYAR'}",a03RB00001NswaUYAR,ANAスカイビルサービス株式会社 ※郵送希望_2026/05,001RB00001VTCYFYA5,a04RB00000kUAO2YAO,a0BRB00000ynb5x2AA,2026/05,2026/05,2026-05-01,2026-05-31,a0CRB0000CcXZ6Q2QW,,a00RB00002Am2AzYAJ,16000,16000,True,False,2,2026-06-21T16:13:55.000+0000,2026-08-06T01:44:32.000+0000,CN-00000028,ANAスカイビルサービス株式会社　※郵送希望,Activated,ANAスカイビルサービス株式会社,Rendery Proプラン
"{'type': 'ContractLineItem__c', 'url': '/services/data/v67.0/sobjects/ContractLineItem__c/a03RB00001NswbJYAR'}",a03RB00001NswbJYAR,吉村紳 一級建築士事務所_2025/04,001RB00001VTqU3YAL,a04RB00000kUAO7YAO,a0BRB00000ynb622AA,2025/04,2025/04,2025-04-01,2025-04-30,a0CRB0000CcXZ6Q2QW,,,8000,8000,True,False,1,2026-06-21T16:13:55.000+0000,2026-08-06T02:03:49.000+0000,CN-00000033,吉村紳　一級建築士事務所,Activated,吉村紳 一級建築士事務所,Rendery Proプラン
"{'type': 'ContractLineItem__c', 'url': '/services/data/v67.0/sobjects/ContractLineItem__c/a03RB00001NswbKYAR'}",a03RB00001NswbKYAR,吉村紳 一級建築士事務所_2025/05,001RB00001VTqU3YAL,a04RB00000kUAO7YAO,a0BRB00000ynb622AA,2025/05,2025/05,2025-05-01,2025-05-31,a0CRB0000CcXZ6Q2QW,,,8000,8000,True,False,1,2026-06-21T16:13:55.000+0000,2026-08-06T02:03:49.000+0000,CN-00000033,吉村紳　一級建築士事務所,Activated,吉村紳 一級建築士事務所,Rendery Proプラン
"{'type': 'ContractLineItem__c', 'url': '/services/data/v67.0/sobjects/ContractLineItem__c/a03RB00001NswbLYAR'}",a03RB00001NswbLYAR,吉村紳 一級建築士事務所_2025/06,001RB00001VTqU3YAL,a04RB00000kUAO7YAO,a0BRB00000ynb622AA,2025/06,2025/06,2025-06-01,2025-06-30,a0CRB0000CcXZ6Q2QW,,,8000,8000,True,False,1,2026-06-21T16:13:55.000+0000,2026-08-06T02:03:49.000+0000,CN-00000033,吉村紳　一級建築士事務所,Activated,吉村紳 一級建築士事務所,Rendery Proプラン
"{'type': 'ContractLineItem__c', 'url': '/services/data/v67.0/sobjects/ContractLineItem__c/a03RB00001NswbMYAR'}",a03RB00001NswbMYAR,吉村紳 一級建築士事務所_2025/07,001RB00001VTqU3YAL,a04RB00000kUAO7YAO,a0BRB00000ynb622AA,2025/07,2025/07,2025-07-01,2025-07-31,a0CRB0000CcXZ6Q2QW,,,8000,8000,True,False,1,2026-06-21T16:13:55.000+0000,2026-08-06T02:03:49.000+0000,CN-00000033,吉村紳　一級建築士事務所,Activated,吉村紳 一級建築士事務所,Rendery Proプラン
"{'type': 'ContractLineItem__c', 'url': '/services/data/v67.0/sobjects/ContractLineItem__c/a03RB00001NswbNYAR'}",a03RB00001NswbNYAR,吉村紳 一級建築士事務所_2025/08,001RB00001VTqU3YAL,a04RB00000kUAO7YAO,a0BRB00000ynb622AA,2025/08,2025/08,2025-08-01,2025-08-31,a0CRB0000CcXZ6Q2QW,,,8000,8000,True,False,1,2026-06-21T16:13:55.000+0000,2026-08-06T02:03:49.000+0000,CN-00000033,吉村紳　一級建築士事務所,Activated,吉村紳 一級建築士事務所,Rendery Proプラン
"{'type': 'ContractLineItem__c', 'url': '/services/data/v67.0/sobjects/ContractLineItem__c/a03RB00001NswbOYAR'}",a03RB00001NswbOYAR,吉村紳 一級建築士事務所_2025/09,001RB00001VTqU3YAL,a04RB00000kUAO7YAO,a0BRB00000ynb622AA,2025/09,2025/09,2025-09-01,2025-09-30,a0CRB0000CcXZ6Q2QW,,,8000,8000,True,False,1,2026-06-21T16:13:55.000+0000,2026-08-06T02:03:49.000+0000,CN-00000033,吉村紳　一級建築士事務所,Activated,吉村紳 一級建築士事務所,Rendery Proプラン
"{'type': 'ContractLineItem__c', 'url': '/services/data/v67.0/sobjects/ContractLineItem__c/a03RB00001NswbPYAR'}",a03RB00001NswbPYAR,吉村紳 一級建築士事務所_2025/10,001RB00001VTqU3YAL,a04RB00000kUAO7YAO,a0BRB00000ynb622AA,2025/10,2025/10,2025-10-01,2025-10-31,a0CRB0000CcXZ6Q2QW,,,8000,8000,True,False,1,2026-06-21T16:13:55.000+0000,2026-08-06T02:03:49.000+0000,CN-00000033,吉村紳　一級建築士事務所,Activated,吉村紳 一級建築士事務所,Rendery Proプラン
"{'type': 'ContractLineItem__c', 'url': '/services/data/v67.0/sobjects/ContractLineItem__c/a03RB00001NswbQYAR'}",a03RB00001NswbQYAR,吉村紳 一級建築士事務所_2025/11,001RB00001VTqU3YAL,a04RB00000kUAO7YAO,a0BRB00000ynb622AA,2025/11,2025/11,2025-11-01,2025-11-30,a0CRB0000CcXZ6Q2QW,,,8000,8000,True,False,1,2026-06-21T16:13:55.000+0000,2026-08-06T02:03:49.000+0000,CN-00000033,吉村紳　一級建築士事務所,Activated,吉村紳 一級建築士事務所,Rendery Proプラン
"{'type': 'ContractLineItem__c', 'url': '/services/data/v67.0/sobjects/ContractLineItem__c/a03RB00001NswbRYAR'}",a03RB00001NswbRYAR,吉村紳 一級建築士事務所_2025/12,001RB00001VTqU3YAL,a04RB00000kUAO7YAO,a0BRB00000ynb622AA,2025/12,2025/12,2025-12-01,2025-12-31,a0CRB0000CcXZ6Q2QW,,,8000,8000,True,False,1,2026-06-21T16:13:55.000+0000,2026-08-06T02:03:49.000+0000,CN-00000033,吉村紳　一級建築士事務所,Activated,吉村紳 一級建築士事務所,Rendery Proプラン
"{'type': 'ContractLineItem__c', 'url': '/services/data/v67.0/sobjects/ContractLineItem__c/a03RB00001NswbSYAR'}",a03RB00001NswbSYAR,吉村紳 一級建築士事務所_2026/01,001RB00001VTqU3YAL,a04RB00000kUAO7YAO,a0BRB00000ynb622AA,2026/01,2026/01,2026-01-01,2026-01-31,a0CRB0000CcXZ6Q2QW,,,8000,8000,True,False,1,2026-06-21T16:13:55.000+0000,2026-08-06T02:03:49.000+0000,CN-00000033,吉村紳　一級建築士事務所,Activated,吉村紳 一級建築士事務所,Rendery Proプラン
"{'type': 'ContractLineItem__c', 'url': '/services/data/v67.0/sobjects/ContractLineItem__c/a03RB00001NswbTYAR'}",a03RB00001NswbTYAR,吉村紳 一級建築士事務所_2026/02,001RB00001VTqU3YAL,a04RB00000kUAO7YAO,a0BRB00000ynb622AA,2026/02,2026/02,2026-02-01,2026-02-28,a0CRB0000CcXZ6Q2QW,,,8000,8000,True,False,1,2026-06-21T16:13:55.000+0000,2026-08-06T02:03:49.000+0000,CN-00000033,吉村紳　一級建築士事務所,Activated,吉村紳 一級建築士事務所,Rendery Proプラン
"{'type': 'ContractLineItem__c', 'url': '/services/data/v67.0/sobjects/ContractLineItem__c/a03RB00001NswbUYAR'}",a03RB00001NswbUYAR,吉村紳 一級建築士事務所_2026/03,001RB00001VTqU3YAL,a04RB00000kUAO7YAO,a0BRB00000ynb622AA,2026/03,2026/03,2026-03-01,2026-03-31,a0CRB0000CcXZ6Q2QW,,a00RB00002Am2AXYAZ,8000,8000,True,False,1,2026-06-21T16:13:55.000+0000,2026-08-06T01:44:32.000+0000,CN-00000033,吉村紳　一級建築士事務所,Activated,吉村紳 一級建築士事務所,Rendery Proプラン
"{'type': 'ContractLineItem__c', 'url': '/services/data/v67.0/sobjects/ContractLineItem__c/a03RB00001NswbVYAR'}",a03RB00001NswbVYAR,吉村紳 一級建築士事務所_2026/04,001RB00001VTqU3YAL,a04RB00000kUAO7YAO,a0BRB00000ynb622AA,2026/04,2026/04,2026-04-01,2026-04-30,a0CRB0000CcXZ6Q2QW,,a00RB00002Am2BDYAZ,8000,8000,True,False,1,2026-06-21T16:13:55.000+0000,2026-08-06T01:44:32.000+0000,CN-00000033,吉村紳　一級建築士事務所,Activated,吉村紳 一級建築士事務所,Rendery Proプラン
"{'type': 'ContractLineItem__c', 'url': '/services/data/v67.0/sobjects/ContractLineItem__c/a03RB00001NswbWYAR'}",a03RB00001NswbWYAR,吉村紳 一級建築士事務所_2026/05,001RB00001VTqU3YAL,a04RB00000kUAO7YAO,a0BRB00000ynb622AA,2026/05,2026/05,2026-05-01,2026-05-31,a0CRB0000CcXZ6Q2QW,,a00RB00002Am2AyYAJ,8000,8000,True,False,1,2026-06-21T16:13:55.000+0000,2026-08-06T01:44:32.000+0000,CN-00000033,吉村紳　一級建築士事務所,Activated,吉村紳 一級建築士事務所,Rendery Proプラン
"{'type': 'ContractLineItem__c', 'url': '/services/data/v67.0/sobjects/ContractLineItem__c/a03RB00001NswbpYAB'}",a03RB00001NswbpYAB,株式会社デザインアーク_2025/05,001RB00001VTruAYAT,a04RB00000kUAOAYA4,a0BRB00000ynb652AA,2025/05,2025/05,2025-05-01,2025-05-31,a0CRB0000CcXZ6V2QW,,,132000,132000,False,False,6,2026-06-21T16:13:55.000+0000,2026-08-06T00:50:25.000+0000,CN-00000036,株式会社デザインアーク,Activated,株式会社デザインアーク,Rendery Enterpriseプラン
"{'type': 'ContractLineItem__c', 'url': '/services/data/v67.0/sobjects/ContractLineItem__c/a03RB00001NswbqYAB'}",a03RB00001NswbqYAB,株式会社デザインアーク_2025/06,001RB00001VTruAYAT,a04RB00000kUAOAYA4,a0BRB00000ynb652AA,2025/06,2025/06,2025-06-01,2025-06-30,a0CRB0000CcXZ6V2QW,,,66000,66000,False,False,6,2026-06-21T16:13:55.000+0000,2026-08-06T00:50:25.000+0000,CN-00000036,株式会社デザインアーク,Activated,株式会社デザインアーク,Rendery Enterpriseプラン
"{'type': 'ContractLineItem__c', 'url': '/services/data/v67.0/sobjects/ContractLineItem__c/a03RB00001NswbrYAB'}",a03RB00001NswbrYAB,株式会社デザインアーク_2025/07,001RB00001VTruAYAT,a04RB00000kUAOAYA4,a0BRB00000ynb652AA,2025/07,2025/07,2025-07-01,2025-07-31,a0CRB0000CcXZ6V2QW,,,66000,66000,False,False,6,2026-06-21T16:13:55.000+0000,2026-08-06T00:50:25.000+0000,CN-00000036,株式会社デザインアーク,Activated,株式会社デザインアーク,Rendery Enterpriseプラン
"{'type': 'ContractLineItem__c', 'url': '/services/data/v67.0/sobjects/ContractLineItem__c/a03RB00001NswbsYAB'}",a03RB00001NswbsYAB,株式会社デザインアーク_2025/08,001RB00001VTruAYAT,a04RB00000kUAOAYA4,a0BRB00000ynb652AA,2025/08,2025/08,2025-08-01,2025-08-31,a0CRB0000CcXZ6V2QW,,,66000,66000,False,False,6,2026-06-21T16:13:55.000+0000,2026-08-06T00:50:25.000+0000,CN-00000036,株式会社デザインアーク,Activated,株式会社デザインアーク,Rendery Enterpriseプラン
"{'type': 'ContractLineItem__c', 'url': '/services/data/v67.0/sobjects/ContractLineItem__c/a03RB00001NswbtYAB'}",a03RB00001NswbtYAB,株式会社デザインアーク_2025/09,001RB00001VTruAYAT,a04RB00000kUAOAYA4,a0BRB00000ynb652AA,2025/09,2025/09,2025-09-01,2025-09-30,a0CRB0000CcXZ6V2QW,,,66000,66000,False,False,6,2026-06-21T16:13:55.000+0000,2026-08-06T00:50:25.000+0000,CN-00000036,株式会社デザインアーク,Activated,株式会社デザインアーク,Rendery Enterpriseプラン
"{'type': 'ContractLineItem__c', 'url': '/services/data/v67.0/sobjects/ContractLineItem__c/a03RB00001NswbuYAB'}",a03RB00001NswbuYAB,株式会社デザインアーク_2025/10,001RB00001VTruAYAT,a04RB00000kUAOAYA4,a0BRB00000ynb652AA,2025/10,2025/10,2025-10-01,2025-10-31,a0CRB0000CcXZ6V2QW,,,66000,66000,False,False,6,2026-06-21T16:13:55.000+0000,2026-08-06T00:50:25.000+0000,CN-00000036,株式会社デザインアーク,Activated,株式会社デザインアーク,Rendery Enterpriseプラン
"{'type': 'ContractLineItem__c', 'url': '/services/data/v67.0/sobjects/ContractLineItem__c/a03RB00001NswbvYAB'}",a03RB00001NswbvYAB,株式会社デザインアーク_2025/11,001RB00001VTruAYAT,a04RB00000kUAOAYA4,a0BRB00000ynb652AA,2025/11,2025/11,2025-11-01,2025-11-30,a0CRB0000CcXZ6V2QW,,,66000,66000,False,False,6,2026-06-21T16:13:55.000+0000,2026-08-06T00:50:25.000+0000,CN-00000036,株式会社デザインアーク,Activated,株式会社デザインアーク,Rendery Enterpriseプラン
"{'type': 'ContractLineItem__c', 'url': '/services/data/v67.0/sobjects/ContractLineItem__c/a03RB00001NswbwYAB'}",a03RB00001NswbwYAB,株式会社デザインアーク_2025/12,001RB00001VTruAYAT,a04RB00000kUAOAYA4,a0BRB00000ynb652AA,2025/12,2025/12,2025-12-01,2025-12-31,a0CRB0000CcXZ6V2QW,,,66000,66000,False,False,6,2026-06-21T16:13:55.000+0000,2026-08-06T00:50:25.000+0000,CN-00000036,株式会社デザインアーク,Activated,株式会社デザインアーク,Rendery Enterpriseプラン
"{'type': 'ContractLineItem__c', 'url': '/services/data/v67.0/sobjects/ContractLineItem__c/a03RB00001NswbxYAB'}",a03RB00001NswbxYAB,株式会社デザインアーク_2026/01,001RB00001VTruAYAT,a04RB00000kUAOAYA4,a0BRB00000ynb652AA,2026/01,2026/01,2026-01-01,2026-01-31,a0CRB0000CcXZ6V2QW,,,66000,66000,False,False,6,2026-06-21T16:13:55.000+0000,2026-08-06T00:50:25.000+0000,CN-00000036,株式会社デザインアーク,Activated,株式会社デザインアーク,Rendery Enterpriseプラン
"{'type': 'ContractLineItem__c', 'url': '/services/data/v67.0/sobjects/ContractLineItem__c/a03RB00001NswbyYAB'}",a03RB00001NswbyYAB,株式会社デザインアーク_2026/02,001RB00001VTruAYAT,a04RB00000kUAOAYA4,a0BRB00000ynb652AA,2026/02,2026/02,2026-02-01,2026-02-28,a0CRB0000CcXZ6V2QW,,,55000,55000,False,False,5,2026-06-21T16:13:55.000+0000,2026-08-06T00:50:25.000+0000,CN-00000036,株式会社デザインアーク,Activated,株式会社デザインアーク,Rendery Enterpriseプラン
"{'type': 'ContractLineItem__c', 'url': '/services/data/v67.0/sobjects/ContractLineItem__c/a03RB00001NswbzYAB'}",a03RB00001NswbzYAB,株式会社デザインアーク_2026/03,001RB00001VTruAYAT,a04RB00000kUAOAYA4,a0BRB00000ynb652AA,2026/03,2026/03,2026-03-01,2026-03-31,a0CRB0000CcXZ6V2QW,,a00RB000027lnMsYAI,55000,55000,False,False,5,2026-06-21T16:13:55.000+0000,2026-08-06T00:04:59.000+0000,CN-00000036,株式会社デザインアーク,Activated,株式会社デザインアーク,Rendery Enterpriseプラン
"{'type': 'ContractLineItem__c', 'url': '/services/data/v67.0/sobjects/ContractLineItem__c/a03RB00001Nswc0YAB'}",a03RB00001Nswc0YAB,株式会社デザインアーク_2026/04,001RB00001VTruAYAT,a04RB00000kUAOAYA4,a0BRB00000ynb652AA,2026/04,2026/04,2026-04-01,2026-04-30,a0CRB0000CcXZ6V2QW,,a00RB000027lnMsYAI,55000,55000,False,False,5,2026-06-21T16:13:55.000+0000,2026-08-06T00:04:59.000+0000,CN-00000036,株式会社デザインアーク,Activated,株式会社デザインアーク,Rendery Enterpriseプラン
"{'type': 'ContractLineItem__c', 'url': '/services/data/v67.0/sobjects/ContractLineItem__c/a03RB00001Nswc1YAB'}",a03RB00001Nswc1YAB,株式会社デザインアーク_2026/05,001RB00001VTruAYAT,a04RB00000kUAOAYA4,a0BRB00000ynb652AA,2026/05,2026/05,2026-05-01,2026-05-31,a0CRB0000CcXZ6V2QW,,a00RB000027lnMsYAI,55000,55000,False,False,5,2026-06-21T16:13:55.000+0000,2026-08-06T00:04:59.000+0000,CN-00000036,株式会社デザインアーク,Activated,株式会社デザインアーク,Rendery Enterpriseプラン
"{'type': 'ContractLineItem__c', 'url': '/services/data/v67.0/sobjects/ContractLineItem__c/a03RB00001Nswc7YAB'}",a03RB00001Nswc7YAB,株式会社アーキテクト・ディベロッパー（5月1日より帝国不動産株式会社）_2025/05,001RB00001VTrtrYAD,a04RB00000kUAOEYA4,a0BRB00000ynb692AA,2025/05,2025/05,2025-05-01,2025-05-31,a0CRB0000CcXZ6Q2QW,,,40000,40000,False,False,5,2026-06-21T16:13:55.000+0000,2026-08-06T00:50:25.000+0000,CN-00000040,株式会社アーキテクト・ディベロッパー（5月1日より帝国不動産株式会社）,Activated,株式会社アーキテクト・ディベロッパー,Rendery Proプラン
"{'type': 'ContractLineItem__c', 'url': '/services/data/v67.0/sobjects/ContractLineItem__c/a03RB00001Nswc8YAB'}",a03RB00001Nswc8YAB,株式会社アーキテクト・ディベロッパー（5月1日より帝国不動産株式会社）_2025/06,001RB00001VTrtrYAD,a04RB00000kUAOEYA4,a0BRB00000ynb692AA,2025/06,2025/06,2025-06-01,2025-06-30,a0CRB0000CcXZ6Q2QW,,,40000,40000,False,False,5,2026-06-21T16:13:55.000+0000,2026-08-06T00:50:25.000+0000,CN-00000040,株式会社アーキテクト・ディベロッパー（5月1日より帝国不動産株式会社）,Activated,株式会社アーキテクト・ディベロッパー,Rendery Proプラン
"{'type': 'ContractLineItem__c', 'url': '/services/data/v67.0/sobjects/ContractLineItem__c/a03RB00001Nswc9YAB'}",a03RB00001Nswc9YAB,株式会社アーキテクト・ディベロッパー（5月1日より帝国不動産株式会社）_2025/07,001RB00001VTrtrYAD,a04RB00000kUAOEYA4,a0BRB00000ynb692AA,2025/07,2025/07,2025-07-01,2025-07-31,a0CRB0000CcXZ6Q2QW,,,40000,40000,False,False,5,2026-06-21T16:13:55.000+0000,2026-08-06T00:50:25.000+0000,CN-00000040,株式会社アーキテクト・ディベロッパー（5月1日より帝国不動産株式会社）,Activated,株式会社アーキテクト・ディベロッパー,Rendery Proプラン
"{'type': 'ContractLineItem__c', 'url': '/services/data/v67.0/sobjects/ContractLineItem__c/a03RB00001NswcAYAR'}",a03RB00001NswcAYAR,株式会社アーキテクト・ディベロッパー（5月1日より帝国不動産株式会社）_2025/08,001RB00001VTrtrYAD,a04RB00000kUAOEYA4,a0BRB00000ynb692AA,2025/08,2025/08,2025-08-01,2025-08-31,a0CRB0000CcXZ6Q2QW,,,40000,40000,False,False,5,2026-06-21T16:13:55.000+0000,2026-08-06T00:50:25.000+0000,CN-00000040,株式会社アーキテクト・ディベロッパー（5月1日より帝国不動産株式会社）,Activated,株式会社アーキテクト・ディベロッパー,Rendery Proプラン
"{'type': 'ContractLineItem__c', 'url': '/services/data/v67.0/sobjects/ContractLineItem__c/a03RB00001NswcBYAR'}",a03RB00001NswcBYAR,株式会社アーキテクト・ディベロッパー（5月1日より帝国不動産株式会社）_2025/09,001RB00001VTrtrYAD,a04RB00000kUAOEYA4,a0BRB00000ynb692AA,2025/09,2025/09,2025-09-01,2025-09-30,a0CRB0000CcXZ6Q2QW,,,40000,40000,False,False,5,2026-06-21T16:13:55.000+0000,2026-08-06T00:50:25.000+0000,CN-00000040,株式会社アーキテクト・ディベロッパー（5月1日より帝国不動産株式会社）,Activated,株式会社アーキテクト・ディベロッパー,Rendery Proプラン
"{'type': 'ContractLineItem__c', 'url': '/services/data/v67.0/sobjects/ContractLineItem__c/a03RB00001NswcCYAR'}",a03RB00001NswcCYAR,株式会社アーキテクト・ディベロッパー（5月1日より帝国不動産株式会社）_2025/10,001RB00001VTrtrYAD,a04RB00000kUAOEYA4,a0BRB00000ynb692AA,2025/10,2025/10,2025-10-01,2025-10-31,a0CRB0000CcXZ6Q2QW,,,48000,48000,False,False,6,2026-06-21T16:13:55.000+0000,2026-08-06T00:50:25.000+0000,CN-00000040,株式会社アーキテクト・ディベロッパー（5月1日より帝国不動産株式会社）,Activated,株式会社アーキテクト・ディベロッパー,Rendery Proプラン
"{'type': 'ContractLineItem__c', 'url': '/services/data/v67.0/sobjects/ContractLineItem__c/a03RB00001NswcDYAR'}",a03RB00001NswcDYAR,株式会社アーキテクト・ディベロッパー（5月1日より帝国不動産株式会社）_2025/11,001RB00001VTrtrYAD,a04RB00000kUAOEYA4,a0BRB00000ynb692AA,2025/11,2025/11,2025-11-01,2025-11-30,a0CRB0000CcXZ6Q2QW,,,48000,48000,False,False,6,2026-06-21T16:13:55.000+0000,2026-08-06T00:50:25.000+0000,CN-00000040,株式会社アーキテクト・ディベロッパー（5月1日より帝国不動産株式会社）,Activated,株式会社アーキテクト・ディベロッパー,Rendery Proプラン
"{'type': 'ContractLineItem__c', 'url': '/services/data/v67.0/sobjects/ContractLineItem__c/a03RB00001NswcEYAR'}",a03RB00001NswcEYAR,株式会社アーキテクト・ディベロッパー（5月1日より帝国不動産株式会社）_2025/12,001RB00001VTrtrYAD,a04RB00000kUAOEYA4,a0BRB00000ynb692AA,2025/12,2025/12,2025-12-01,2025-12-31,a0CRB0000CcXZ6Q2QW,,,48000,48000,False,False,6,2026-06-21T16:13:55.000+0000,2026-08-06T00:50:25.000+0000,CN-00000040,株式会社アーキテクト・ディベロッパー（5月1日より帝国不動産株式会社）,Activated,株式会社アーキテクト・ディベロッパー,Rendery Proプラン
"{'type': 'ContractLineItem__c', 'url': '/services/data/v67.0/sobjects/ContractLineItem__c/a03RB00001NswcFYAR'}",a03RB00001NswcFYAR,株式会社アーキテクト・ディベロッパー（5月1日より帝国不動産株式会社）_2026/01,001RB00001VTrtrYAD,a04RB00000kUAOEYA4,a0BRB00000ynb692AA,2026/01,2026/01,2026-01-01,2026-01-31,a0CRB0000CcXZ6Q2QW,,,48000,48000,False,False,6,2026-06-21T16:13:55.000+0000,2026-08-06T00:50:25.000+0000,CN-00000040,株式会社アーキテクト・ディベロッパー（5月1日より帝国不動産株式会社）,Activated,株式会社アーキテクト・ディベロッパー,Rendery Proプラン
"{'type': 'ContractLineItem__c', 'url': '/services/data/v67.0/sobjects/ContractLineItem__c/a03RB00001NswcGYAR'}",a03RB00001NswcGYAR,株式会社アーキテクト・ディベロッパー（5月1日より帝国不動産株式会社）_2026/02,001RB00001VTrtrYAD,a04RB00000kUAOEYA4,a0BRB00000ynb692AA,2026/02,2026/02,2026-02-01,2026-02-28,a0CRB0000CcXZ6Q2QW,,a00RB000024Ux4NYAS,48000,48000,False,False,6,2026-06-21T16:13:55.000+0000,2026-08-06T00:04:59.000+0000,CN-00000040,株式会社アーキテクト・ディベロッパー（5月1日より帝国不動産株式会社）,Activated,株式会社アーキテクト・ディベロッパー,Rendery Proプラン
"{'type': 'ContractLineItem__c', 'url': '/services/data/v67.0/sobjects/ContractLineItem__c/a03RB00001NswcHYAR'}",a03RB00001NswcHYAR,株式会社アーキテクト・ディベロッパー（5月1日より帝国不動産株式会社）_2026/03,001RB00001VTrtrYAD,a04RB00000kUAOEYA4,a0BRB00000ynb692AA,2026/03,2026/03,2026-03-01,2026-03-31,a0CRB0000CcXZ6Q2QW,,a00RB000024Ux4NYAS,48000,48000,False,False,6,2026-06-21T16:13:55.000+0000,2026-08-06T00:04:59.000+0000,CN-00000040,株式会社アーキテクト・ディベロッパー（5月1日より帝国不動産株式会社）,Activated,株式会社アーキテクト・ディベロッパー,Rendery Proプラン
"{'type': 'ContractLineItem__c', 'url': '/services/data/v67.0/sobjects/ContractLineItem__c/a03RB00001NswcIYAR'}",a03RB00001NswcIYAR,株式会社アーキテクト・ディベロッパー（5月1日より帝国不動産株式会社）_2026/04,001RB00001VTrtrYAD,a04RB00000kUAOEYA4,a0BRB00000ynb692AA,2026/04,2026/04,2026-04-01,2026-04-30,a0CRB0000CcXZ6Q2QW,,a00RB000024Ux4NYAS,48000,48000,False,False,6,2026-06-21T16:13:55.000+0000,2026-08-06T00:04:59.000+0000,CN-00000040,株式会社アーキテクト・ディベロッパー（5月1日より帝国不動産株式会社）,Activated,株式会社アーキテクト・ディベロッパー,Rendery Proプラン
"{'type': 'ContractLineItem__c', 'url': '/services/data/v67.0/sobjects/ContractLineItem__c/a03RB00001NswcJYAR'}",a03RB00001NswcJYAR,株式会社アーキテクト・ディベロッパー（5月1日より帝国不動産株式会社）_2026/05,001RB00001VTrtrYAD,a04RB00000kUAOEYA4,a0BRB00000ynb692AA,2026/05,2026/05,2026-05-01,2026-05-31,a0CRB0000CcXZ6Q2QW,,,48000,48000,False,False,6,2026-06-21T16:13:55.000+0000,2026-08-06T00:50:25.000+0000,CN-00000040,株式会社アーキテクト・ディベロッパー（5月1日より帝国不動産株式会社）,Activated,株式会社アーキテクト・ディベロッパー,Rendery Proプラン
"{'type': 'ContractLineItem__c', 'url': '/services/data/v67.0/sobjects/ContractLineItem__c/a03RB00001NswcKYAR'}",a03RB00001NswcKYAR,株式会社アーキテクト・ディベロッパー（5月1日より帝国不動産株式会社）_2026/06,001RB00001VTrtrYAD,a04RB00000kUAOEYA4,a0BRB00000ynb692AA,2026/06,2026/06,2026-06-01,2026-06-30,a0CRB0000CcXZ6Q2QW,,,48000,48000,False,False,6,2026-06-21T16:13:55.000+0000,2026-08-06T00:50:25.000+0000,CN-00000040,株式会社アーキテクト・ディベロッパー（5月1日より帝国不動産株式会社）,Activated,株式会社アーキテクト・ディベロッパー,Rendery Proプラン
"{'type': 'ContractLineItem__c', 'url': '/services/data/v67.0/sobjects/ContractLineItem__c/a03RB00001NswcLYAR'}",a03RB00001NswcLYAR,野原グループ株式会社_2025/05,001RB00001VTqbbYAD,a04RB00000kUAOFYA4,a0BRB00000ynb6A2AQ,2025/05,2025/05,2025-05-01,2025-05-31,a0CRB0000CcXZ6Q2QW,,,8000,8000,True,False,1,2026-06-21T16:13:55.000+0000,2026-08-06T02:03:49.000+0000,CN-00000041,野原グループ株式会社,Activated,野原グループ株式会社,Rendery Proプラン
"{'type': 'ContractLineItem__c', 'url': '/services/data/v67.0/sobjects/ContractLineItem__c/a03RB00001NswcMYAR'}",a03RB00001NswcMYAR,野原グループ株式会社_2025/06,001RB00001VTqbbYAD,a04RB00000kUAOFYA4,a0BRB00000ynb6A2AQ,2025/06,2025/06,2025-06-01,2025-06-30,a0CRB0000CcXZ6Q2QW,,,8000,8000,True,False,1,2026-06-21T16:13:55.000+0000,2026-08-06T02:03:49.000+0000,CN-00000041,野原グループ株式会社,Activated,野原グループ株式会社,Rendery Proプラン
"{'type': 'ContractLineItem__c', 'url': '/services/data/v67.0/sobjects/ContractLineItem__c/a03RB00001NswcNYAR'}",a03RB00001NswcNYAR,野原グループ株式会社_2025/07,001RB00001VTqbbYAD,a04RB00000kUAOFYA4,a0BRB00000ynb6A2AQ,2025/07,2025/07,2025-07-01,2025-07-31,a0CRB0000CcXZ6Q2QW,,,8000,8000,True,False,1,2026-06-21T16:13:55.000+0000,2026-08-06T02:03:49.000+0000,CN-00000041,野原グループ株式会社,Activated,野原グループ株式会社,Rendery Proプラン
"{'type': 'ContractLineItem__c', 'url': '/services/data/v67.0/sobjects/ContractLineItem__c/a03RB00001NswcOYAR'}",a03RB00001NswcOYAR,野原グループ株式会社_2025/08,001RB00001VTqbbYAD,a04RB00000kUAOFYA4,a0BRB00000ynb6A2AQ,2025/08,2025/08,2025-08-01,2025-08-31,a0CRB0000CcXZ6Q2QW,,,8000,8000,True,False,1,2026-06-21T16:13:55.000+0000,2026-08-06T02:03:49.000+0000,CN-00000041,野原グループ株式会社,Activated,野原グループ株式会社,Rendery Proプラン
"{'type': 'ContractLineItem__c', 'url': '/services/data/v67.0/sobjects/ContractLineItem__c/a03RB00001NswcPYAR'}",a03RB00001NswcPYAR,野原グループ株式会社_2025/09,001RB00001VTqbbYAD,a04RB00000kUAOFYA4,a0BRB00000ynb6A2AQ,2025/09,2025/09,2025-09-01,2025-09-30,a0CRB0000CcXZ6Q2QW,,,8000,8000,True,False,1,2026-06-21T16:13:55.000+0000,2026-08-06T02:03:49.000+0000,CN-00000041,野原グループ株式会社,Activated,野原グループ株式会社,Rendery Proプラン
"{'type': 'ContractLineItem__c', 'url': '/services/data/v67.0/sobjects/ContractLineItem__c/a03RB00001NswcQYAR'}",a03RB00001NswcQYAR,野原グループ株式会社_2025/10,001RB00001VTqbbYAD,a04RB00000kUAOFYA4,a0BRB00000ynb6A2AQ,2025/10,2025/10,2025-10-01,2025-10-31,a0CRB0000CcXZ6Q2QW,,,8000,8000,True,False,1,2026-06-21T16:13:55.000+0000,2026-08-06T02:03:49.000+0000,CN-00000041,野原グループ株式会社,Activated,野原グループ株式会社,Rendery Proプラン
"{'type': 'ContractLineItem__c', 'url': '/services/data/v67.0/sobjects/ContractLineItem__c/a03RB00001NswcRYAR'}",a03RB00001NswcRYAR,野原グループ株式会社_2025/11,001RB00001VTqbbYAD,a04RB00000kUAOFYA4,a0BRB00000ynb6A2AQ,2025/11,2025/11,2025-11-01,2025-11-30,a0CRB0000CcXZ6Q2QW,,,8000,8000,True,False,1,2026-06-21T16:13:55.000+0000,2026-08-06T02:03:49.000+0000,CN-00000041,野原グループ株式会社,Activated,野原グループ株式会社,Rendery Proプラン
"{'type': 'ContractLineItem__c', 'url': '/services/data/v67.0/sobjects/ContractLineItem__c/a03RB00001NswcSYAR'}",a03RB00001NswcSYAR,野原グループ株式会社_2025/12,001RB00001VTqbbYAD,a04RB00000kUAOFYA4,a0BRB00000ynb6A2AQ,2025/12,2025/12,2025-12-01,2025-12-31,a0CRB0000CcXZ6Q2QW,,,8000,8000,True,False,1,2026-06-21T16:13:55.000+0000,2026-08-06T02:03:49.000+0000,CN-00000041,野原グループ株式会社,Activated,野原グループ株式会社,Rendery Proプラン
"{'type': 'ContractLineItem__c', 'url': '/services/data/v67.0/sobjects/ContractLineItem__c/a03RB00001NswcTYAR'}",a03RB00001NswcTYAR,野原グループ株式会社_2026/01,001RB00001VTqbbYAD,a04RB00000kUAOFYA4,a0BRB00000ynb6A2AQ,2026/01,2026/01,2026-01-01,2026-01-31,a0CRB0000CcXZ6Q2QW,,,8000,8000,True,False,1,2026-06-21T16:13:55.000+0000,2026-08-06T02:03:49.000+0000,CN-00000041,野原グループ株式会社,Activated,野原グループ株式会社,Rendery Proプラン
"{'type': 'ContractLineItem__c', 'url': '/services/data/v67.0/sobjects/ContractLineItem__c/a03RB00001NswcUYAR'}",a03RB00001NswcUYAR,野原グループ株式会社_2026/02,001RB00001VTqbbYAD,a04RB00000kUAOFYA4,a0BRB00000ynb6A2AQ,2026/02,2026/02,2026-02-01,2026-02-28,a0CRB0000CcXZ6Q2QW,,,8000,8000,True,False,1,2026-06-21T16:13:55.000+0000,2026-08-06T02:03:49.000+0000,CN-00000041,野原グループ株式会社,Activated,野原グループ株式会社,Rendery Proプラン
"{'type': 'ContractLineItem__c', 'url': '/services/data/v67.0/sobjects/ContractLineItem__c/a03RB00001NswcVYAR'}",a03RB00001NswcVYAR,野原グループ株式会社_2026/03,001RB00001VTqbbYAD,a04RB00000kUAOFYA4,a0BRB00000ynb6A2AQ,2026/03,2026/03,2026-03-01,2026-03-31,a0CRB0000CcXZ6Q2QW,,a00RB00002Am2AWYAZ,8000,8000,True,False,1,2026-06-21T16:13:55.000+0000,2026-08-06T01:44:32.000+0000,CN-00000041,野原グループ株式会社,Activated,野原グループ株式会社,Rendery Proプラン
"{'type': 'ContractLineItem__c', 'url': '/services/data/v67.0/sobjects/ContractLineItem__c/a03RB00001NswcWYAR'}",a03RB00001NswcWYAR,野原グループ株式会社_2026/04,001RB00001VTqbbYAD,a04RB00000kUAOFYA4,a0BRB00000ynb6A2AQ,2026/04,2026/04,2026-04-01,2026-04-30,a0CRB0000CcXZ6Q2QW,,a00RB00002Am2BCYAZ,8000,8000,True,False,1,2026-06-21T16:13:55.000+0000,2026-08-06T01:44:32.000+0000,CN-00000041,野原グループ株式会社,Activated,野原グループ株式会社,Rendery Proプラン
"{'type': 'ContractLineItem__c', 'url': '/services/data/v67.0/sobjects/ContractLineItem__c/a03RB00001NswcXYAR'}",a03RB00001NswcXYAR,野原グループ株式会社_2026/05,001RB00001VTqbbYAD,a04RB00000kUAOFYA4,a0BRB00000ynb6A2AQ,2026/05,2026/05,2026-05-01,2026-05-31,a0CRB0000CcXZ6Q2QW,,a00RB00002Am2AxYAJ,8000,8000,True,False,1,2026-06-21T16:13:55.000+0000,2026-08-06T01:44:32.000+0000,CN-00000041,野原グループ株式会社,Activated,野原グループ株式会社,Rendery Proプラン
"{'type': 'ContractLineItem__c', 'url': '/services/data/v67.0/sobjects/ContractLineItem__c/a03RB00001NsweUYAR'}",a03RB00001NsweUYAR,JOA株式会社_2025/09,001RB00001VTqmBYAT,a04RB00000kUAORYA4,a0BRB00000ynb6M2AQ,2025/09,2025/09,2025-09-01,2025-09-30,a0CRB0000CcXZ6T2QW,,,55000,55000,True,False,5,2026-06-21T16:13:56.000+0000,2026-08-06T02:03:49.000+0000,CN-00000053,JOA株式会社,Activated,JOA株式会社,[OLD] Rendery Enterpriseプラン(2025年9月まで)
"{'type': 'ContractLineItem__c', 'url': '/services/data/v67.0/sobjects/ContractLineItem__c/a03RB00001NsweVYAR'}",a03RB00001NsweVYAR,JOA株式会社_2025/10,001RB00001VTqmBYAT,a04RB00000kUAORYA4,a0BRB00000ynb6M2AQ,2025/10,2025/10,2025-10-01,2025-10-31,a0CRB0000CcXZ6T2QW,,,55000,55000,True,False,5,2026-06-21T16:13:56.000+0000,2026-08-06T02:03:49.000+0000,CN-00000053,JOA株式会社,Activated,JOA株式会社,[OLD] Rendery Enterpriseプラン(2025年9月まで)
"{'type': 'ContractLineItem__c', 'url': '/services/data/v67.0/sobjects/ContractLineItem__c/a03RB00001NsweWYAR'}",a03RB00001NsweWYAR,JOA株式会社_2025/11,001RB00001VTqmBYAT,a04RB00000kUAORYA4,a0BRB00000ynb6M2AQ,2025/11,2025/11,2025-11-01,2025-11-30,a0CRB0000CcXZ6T2QW,,,55000,55000,True,False,5,2026-06-21T16:13:56.000+0000,2026-08-06T02:03:49.000+0000,CN-00000053,JOA株式会社,Activated,JOA株式会社,[OLD] Rendery Enterpriseプラン(2025年9月まで)
"{'type': 'ContractLineItem__c', 'url': '/services/data/v67.0/sobjects/ContractLineItem__c/a03RB00001NsweXYAR'}",a03RB00001NsweXYAR,JOA株式会社_2025/12,001RB00001VTqmBYAT,a04RB00000kUAORYA4,a0BRB00000ynb6M2AQ,2025/12,2025/12,2025-12-01,2025-12-31,a0CRB0000CcXZ6T2QW,,,55000,55000,True,False,5,2026-06-21T16:13:56.000+0000,2026-08-06T02:03:49.000+0000,CN-00000053,JOA株式会社,Activated,JOA株式会社,[OLD] Rendery Enterpriseプラン(2025年9月まで)
"{'type': 'ContractLineItem__c', 'url': '/services/data/v67.0/sobjects/ContractLineItem__c/a03RB00001NsweYYAR'}",a03RB00001NsweYYAR,JOA株式会社_2026/01,001RB00001VTqmBYAT,a04RB00000kUAORYA4,a0BRB00000ynb6M2AQ,2026/01,2026/01,2026-01-01,2026-01-31,a0CRB0000CcXZ6T2QW,,,55000,55000,True,False,5,2026-06-21T16:13:56.000+0000,2026-08-06T02:03:49.000+0000,CN-00000053,JOA株式会社,Activated,JOA株式会社,[OLD] Rendery Enterpriseプラン(2025年9月まで)
"{'type': 'ContractLineItem__c', 'url': '/services/data/v67.0/sobjects/ContractLineItem__c/a03RB00001NsweZYAR'}",a03RB00001NsweZYAR,JOA株式会社_2026/02,001RB00001VTqmBYAT,a04RB00000kUAORYA4,a0BRB00000ynb6M2AQ,2026/02,2026/02,2026-02-01,2026-02-28,a0CRB0000CcXZ6T2QW,,,55000,55000,True,False,5,2026-06-21T16:13:56.000+0000,2026-08-06T02:03:49.000+0000,CN-00000053,JOA株式会社,Activated,JOA株式会社,[OLD] Rendery Enterpriseプラン(2025年9月まで)
"{'type': 'ContractLineItem__c', 'url': '/services/data/v67.0/sobjects/ContractLineItem__c/a03RB00001NsweaYAB'}",a03RB00001NsweaYAB,JOA株式会社_2026/03,001RB00001VTqmBYAT,a04RB00000kUAORYA4,a0BRB00000ynb6M2AQ,2026/03,2026/03,2026-03-01,2026-03-31,a0CRB0000CcXZ6T2QW,,a00RB00002Am2BMYAZ,55000,55000,True,False,5,2026-06-21T16:13:56.000+0000,2026-08-06T01:44:32.000+0000,CN-00000053,JOA株式会社,Activated,JOA株式会社,[OLD] Rendery Enterpriseプラン(2025年9月まで)
"{'type': 'ContractLineItem__c', 'url': '/services/data/v67.0/sobjects/ContractLineItem__c/a03RB00001NswebYAB'}",a03RB00001NswebYAB,JOA株式会社_2026/04,001RB00001VTqmBYAT,a04RB00000kUAORYA4,a0BRB00000ynb6M2AQ,2026/04,2026/04,2026-04-01,2026-04-30,a0CRB0000CcXZ6T2QW,,a00RB00002Am2AcYAJ,55000,55000,True,False,5,2026-06-21T16:13:56.000+0000,2026-08-06T01:44:32.000+0000,CN-00000053,JOA株式会社,Activated,JOA株式会社,[OLD] Rendery Enterpriseプラン(2025年9月まで)
"{'type': 'ContractLineItem__c', 'url': '/services/data/v67.0/sobjects/ContractLineItem__c/a03RB00001NswecYAB'}",a03RB00001NswecYAB,JOA株式会社_2026/05,001RB00001VTqmBYAT,a04RB00000kUAORYA4,a0BRB00000ynb6M2AQ,2026/05,2026/05,2026-05-01,2026-05-31,a0CRB0000CcXZ6T2QW,,a00RB00002Am2B5YAJ,55000,55000,True,False,5,2026-06-21T16:13:56.000+0000,2026-08-06T01:44:32.000+0000,CN-00000053,JOA株式会社,Activated,JOA株式会社,[OLD] Rendery Enterpriseプラン(2025年9月まで)
"{'type': 'ContractLineItem__c', 'url': '/services/data/v67.0/sobjects/ContractLineItem__c/a03RB00001NsweiYAB'}",a03RB00001NsweiYAB,三井不動産レジデンシャルリース株式会社(ソリューション推進部)_2025/09,001RB00001VTqbXYAT,a04RB00000kUAOTYA4,a0BRB00000ynb6O2AQ,2025/09,2025/09,2025-09-01,2025-09-30,a0CRB0000CcXZ6T2QW,,,110000,110000,False,False,10,2026-06-21T16:13:56.000+0000,2026-08-06T00:50:25.000+0000,CN-00000055,三井不動産レジデンシャルリース株式会社(ソリューション推進部),Activated,三井不動産レジデンシャルリース株式会社,[OLD] Rendery Enterpriseプラン(2025年9月まで)
"{'type': 'ContractLineItem__c', 'url': '/services/data/v67.0/sobjects/ContractLineItem__c/a03RB00001NswejYAB'}",a03RB00001NswejYAB,三井不動産レジデンシャルリース株式会社(ソリューション推進部)_2025/10,001RB00001VTqbXYAT,a04RB00000kUAOTYA4,a0BRB00000ynb6O2AQ,2025/10,2025/10,2025-10-01,2025-10-31,a0CRB0000CcXZ6T2QW,,,110000,110000,False,False,10,2026-06-21T16:13:56.000+0000,2026-08-06T00:50:25.000+0000,CN-00000055,三井不動産レジデンシャルリース株式会社(ソリューション推進部),Activated,三井不動産レジデンシャルリース株式会社,[OLD] Rendery Enterpriseプラン(2025年9月まで)
"{'type': 'ContractLineItem__c', 'url': '/services/data/v67.0/sobjects/ContractLineItem__c/a03RB00001NswekYAB'}",a03RB00001NswekYAB,三井不動産レジデンシャルリース株式会社(ソリューション推進部)_2025/11,001RB00001VTqbXYAT,a04RB00000kUAOTYA4,a0BRB00000ynb6O2AQ,2025/11,2025/11,2025-11-01,2025-11-30,a0CRB0000CcXZ6T2QW,,,110000,110000,False,False,10,2026-06-21T16:13:56.000+0000,2026-08-06T00:50:25.000+0000,CN-00000055,三井不動産レジデンシャルリース株式会社(ソリューション推進部),Activated,三井不動産レジデンシャルリース株式会社,[OLD] Rendery Enterpriseプラン(2025年9月まで)
"{'type': 'ContractLineItem__c', 'url': '/services/data/v67.0/sobjects/ContractLineItem__c/a03RB00001NswelYAB'}",a03RB00001NswelYAB,三井不動産レジデンシャルリース株式会社(ソリューション推進部)_2025/12,001RB00001VTqbXYAT,a04RB00000kUAOTYA4,a0BRB00000ynb6O2AQ,2025/12,2025/12,2025-12-01,2025-12-31,a0CRB0000CcXZ6T2QW,,,110000,110000,False,False,10,2026-06-21T16:13:56.000+0000,2026-08-06T00:50:25.000+0000,CN-00000055,三井不動産レジデンシャルリース株式会社(ソリューション推進部),Activated,三井不動産レジデンシャルリース株式会社,[OLD] Rendery Enterpriseプラン(2025年9月まで)
"{'type': 'ContractLineItem__c', 'url': '/services/data/v67.0/sobjects/ContractLineItem__c/a03RB00001NswemYAB'}",a03RB00001NswemYAB,三井不動産レジデンシャルリース株式会社(ソリューション推進部)_2026/01,001RB00001VTqbXYAT,a04RB00000kUAOTYA4,a0BRB00000ynb6O2AQ,2026/01,2026/01,2026-01-01,2026-01-31,a0CRB0000CcXZ6T2QW,,,110000,110000,False,False,10,2026-06-21T16:13:56.000+0000,2026-08-06T00:50:25.000+0000,CN-00000055,三井不動産レジデンシャルリース株式会社(ソリューション推進部),Activated,三井不動産レジデンシャルリース株式会社,[OLD] Rendery Enterpriseプラン(2025年9月まで)
"{'type': 'ContractLineItem__c', 'url': '/services/data/v67.0/sobjects/ContractLineItem__c/a03RB00001NswenYAB'}",a03RB00001NswenYAB,三井不動産レジデンシャルリース株式会社(ソリューション推進部)_2026/02,001RB00001VTqbXYAT,a04RB00000kUAOTYA4,a0BRB00000ynb6O2AQ,2026/02,2026/02,2026-02-01,2026-02-28,a0CRB0000CcXZ6T2QW,,,110000,110000,False,False,10,2026-06-21T16:13:56.000+0000,2026-08-06T00:50:25.000+0000,CN-00000055,三井不動産レジデンシャルリース株式会社(ソリューション推進部),Activated,三井不動産レジデンシャルリース株式会社,[OLD] Rendery Enterpriseプラン(2025年9月まで)
"{'type': 'ContractLineItem__c', 'url': '/services/data/v67.0/sobjects/ContractLineItem__c/a03RB00001NsweoYAB'}",a03RB00001NsweoYAB,三井不動産レジデンシャルリース株式会社(ソリューション推進部)_2026/03,001RB00001VTqbXYAT,a04RB00000kUAOTYA4,a0BRB00000ynb6O2AQ,2026/03,2026/03,2026-03-01,2026-03-31,a0CRB0000CcXZ6T2QW,,a00RB000024Ux4RYAS,110000,110000,False,False,10,2026-06-21T16:13:56.000+0000,2026-08-06T00:50:25.000+0000,CN-00000055,三井不動産レジデンシャルリース株式会社(ソリューション推進部),Activated,三井不動産レジデンシャルリース株式会社,[OLD] Rendery Enterpriseプラン(2025年9月まで)
"{'type': 'ContractLineItem__c', 'url': '/services/data/v67.0/sobjects/ContractLineItem__c/a03RB00001NswepYAB'}",a03RB00001NswepYAB,三井不動産レジデンシャルリース株式会社(ソリューション推進部)_2026/04,001RB00001VTqbXYAT,a04RB00000kUAOTYA4,a0BRB00000ynb6O2AQ,2026/04,2026/04,2026-04-01,2026-04-30,a0CRB0000CcXZ6T2QW,,,132000,132000,False,False,12,2026-06-21T16:13:56.000+0000,2026-08-06T00:50:25.000+0000,CN-00000055,三井不動産レジデンシャルリース株式会社(ソリューション推進部),Activated,三井不動産レジデンシャルリース株式会社,[OLD] Rendery Enterpriseプラン(2025年9月まで)
"{'type': 'ContractLineItem__c', 'url': '/services/data/v67.0/sobjects/ContractLineItem__c/a03RB00001NsweqYAB'}",a03RB00001NsweqYAB,三井不動産レジデンシャルリース株式会社(ソリューション推進部)_2026/05,001RB00001VTqbXYAT,a04RB00000kUAOTYA4,a0BRB00000ynb6O2AQ,2026/05,2026/05,2026-05-01,2026-05-31,a0CRB0000CcXZ6T2QW,,a00RB000024Vf27YAC,132000,132000,False,False,12,2026-06-21T16:13:56.000+0000,2026-08-06T00:04:59.000+0000,CN-00000055,三井不動産レジデンシャルリース株式会社(ソリューション推進部),Activated,三井不動産レジデンシャルリース株式会社,[OLD] Rendery Enterpriseプラン(2025年9月まで)
"{'type': 'ContractLineItem__c', 'url': '/services/data/v67.0/sobjects/ContractLineItem__c/a03RB00001NswerYAB'}",a03RB00001NswerYAB,株式会社LIXIL住宅研究所 リノベーション推進室_2025/09,001RB00001VTraTYAT,a04RB00000kUAOUYA4,a0BRB00000ynb6P2AQ,2025/09,2025/09,2025-09-01,2025-09-30,a0CRB0000CcXZ6d2QG,,,16000,16000,False,False,2,2026-06-21T16:13:56.000+0000,2026-08-06T00:50:25.000+0000,CN-00000056,株式会社LIXIL住宅研究所 リノベーション推進室,Activated,株式会社 LIXIL住宅研究所,Rendery セキュリティオプション(IP制限)_運用費用
"{'type': 'ContractLineItem__c', 'url': '/services/data/v67.0/sobjects/ContractLineItem__c/a03RB00001NswesYAB'}",a03RB00001NswesYAB,株式会社LIXIL住宅研究所 リノベーション推進室_2025/10,001RB00001VTraTYAT,a04RB00000kUAOUYA4,a0BRB00000ynb6P2AQ,2025/10,2025/10,2025-10-01,2025-10-31,a0CRB0000CcXZ6d2QG,,,16000,16000,False,False,2,2026-06-21T16:13:56.000+0000,2026-08-06T00:50:25.000+0000,CN-00000056,株式会社LIXIL住宅研究所 リノベーション推進室,Activated,株式会社 LIXIL住宅研究所,Rendery セキュリティオプション(IP制限)_運用費用
"{'type': 'ContractLineItem__c', 'url': '/services/data/v67.0/sobjects/ContractLineItem__c/a03RB00001NswetYAB'}",a03RB00001NswetYAB,株式会社LIXIL住宅研究所 リノベーション推進室_2025/11,001RB00001VTraTYAT,a04RB00000kUAOUYA4,a0BRB00000ynb6P2AQ,2025/11,2025/11,2025-11-01,2025-11-30,a0CRB0000CcXZ6d2QG,,,16000,16000,False,False,2,2026-06-21T16:13:56.000+0000,2026-08-06T00:50:25.000+0000,CN-00000056,株式会社LIXIL住宅研究所 リノベーション推進室,Activated,株式会社 LIXIL住宅研究所,Rendery セキュリティオプション(IP制限)_運用費用
"{'type': 'ContractLineItem__c', 'url': '/services/data/v67.0/sobjects/ContractLineItem__c/a03RB00001NsweuYAB'}",a03RB00001NsweuYAB,株式会社LIXIL住宅研究所 リノベーション推進室_2025/12,001RB00001VTraTYAT,a04RB00000kUAOUYA4,a0BRB00000ynb6P2AQ,2025/12,2025/12,2025-12-01,2025-12-31,a0CRB0000CcXZ6d2QG,,,16000,16000,False,False,2,2026-06-21T16:13:56.000+0000,2026-08-06T00:50:25.000+0000,CN-00000056,株式会社LIXIL住宅研究所 リノベーション推進室,Activated,株式会社 LIXIL住宅研究所,Rendery セキュリティオプション(IP制限)_運用費用
"{'type': 'ContractLineItem__c', 'url': '/services/data/v67.0/sobjects/ContractLineItem__c/a03RB00001NswevYAB'}",a03RB00001NswevYAB,株式会社LIXIL住宅研究所 リノベーション推進室_2026/01,001RB00001VTraTYAT,a04RB00000kUAOUYA4,a0BRB00000ynb6P2AQ,2026/01,2026/01,2026-01-01,2026-01-31,a0CRB0000CcXZ6d2QG,,,16000,16000,False,False,2,2026-06-21T16:13:56.000+0000,2026-08-06T00:50:25.000+0000,CN-00000056,株式会社LIXIL住宅研究所 リノベーション推進室,Activated,株式会社 LIXIL住宅研究所,Rendery セキュリティオプション(IP制限)_運用費用
"{'type': 'ContractLineItem__c', 'url': '/services/data/v67.0/sobjects/ContractLineItem__c/a03RB00001NswewYAB'}",a03RB00001NswewYAB,株式会社LIXIL住宅研究所 リノベーション推進室_2026/02,001RB00001VTraTYAT,a04RB00000kUAOUYA4,a0BRB00000ynb6P2AQ,2026/02,2026/02,2026-02-01,2026-02-28,a0CRB0000CcXZ6d2QG,,a00RB000024Ux4oYAC,16000,16000,False,False,2,2026-06-21T16:13:56.000+0000,2026-08-06T00:04:59.000+0000,CN-00000056,株式会社LIXIL住宅研究所 リノベーション推進室,Activated,株式会社 LIXIL住宅研究所,Rendery セキュリティオプション(IP制限)_運用費用
"{'type': 'ContractLineItem__c', 'url': '/services/data/v67.0/sobjects/ContractLineItem__c/a03RB00001NswexYAB'}",a03RB00001NswexYAB,株式会社LIXIL住宅研究所 リノベーション推進室_2026/03,001RB00001VTraTYAT,a04RB00000kUAOUYA4,a0BRB00000ynb6P2AQ,2026/03,2026/03,2026-03-01,2026-03-31,a0CRB0000CcXZ6d2QG,,a00RB000024Ux4oYAC,8000,8000,False,False,1,2026-06-21T16:13:56.000+0000,2026-08-06T00:04:59.000+0000,CN-00000056,株式会社LIXIL住宅研究所 リノベーション推進室,Activated,株式会社 LIXIL住宅研究所,Rendery セキュリティオプション(IP制限)_運用費用
"{'type': 'ContractLineItem__c', 'url': '/services/data/v67.0/sobjects/ContractLineItem__c/a03RB00001NsweyYAB'}",a03RB00001NsweyYAB,株式会社LIXIL住宅研究所 リノベーション推進室_2026/04,001RB00001VTraTYAT,a04RB00000kUAOUYA4,a0BRB00000ynb6P2AQ,2026/04,2026/04,2026-04-01,2026-04-30,a0CRB0000CcXZ6d2QG,,a00RB000024Ux4oYAC,8000,8000,False,False,1,2026-06-21T16:13:56.000+0000,2026-08-06T00:04:59.000+0000,CN-00000056,株式会社LIXIL住宅研究所 リノベーション推進室,Activated,株式会社 LIXIL住宅研究所,Rendery セキュリティオプション(IP制限)_運用費用
"{'type': 'ContractLineItem__c', 'url': '/services/data/v67.0/sobjects/ContractLineItem__c/a03RB00001NswezYAB'}",a03RB00001NswezYAB,株式会社LIXIL住宅研究所 リノベーション推進室_2026/05,001RB00001VTraTYAT,a04RB00000kUAOUYA4,a0BRB00000ynb6P2AQ,2026/05,2026/05,2026-05-01,2026-05-31,a0CRB0000CcXZ6d2QG,,,8000,8000,False,False,1,2026-06-21T16:13:56.000+0000,2026-08-06T00:50:25.000+0000,CN-00000056,株式会社LIXIL住宅研究所 リノベーション推進室,Activated,株式会社 LIXIL住宅研究所,Rendery セキュリティオプション(IP制限)_運用費用
"{'type': 'ContractLineItem__c', 'url': '/services/data/v67.0/sobjects/ContractLineItem__c/a03RB00001NswgCYAR'}",a03RB00001NswgCYAR,大塚商会（大和財宅）_2025/09,001RB00001VTqleYAD,a04RB00000kUAObYAO,a0BRB00000ynb6W2AQ,2025/09,2025/09,2025-09-01,2025-09-30,a0CRB0000CcXZ6R2QW,,,88000,88000,False,False,10,2026-06-21T16:13:56.000+0000,2026-08-06T02:00:37.000+0000,CN-00000063,大塚商会（大和財宅）,Activated,株式会社大塚商会,[代理販売20%] Rendery Proプラン
"{'type': 'ContractLineItem__c', 'url': '/services/data/v67.0/sobjects/ContractLineItem__c/a03RB00001NswgDYAR'}",a03RB00001NswgDYAR,大塚商会（大和財宅）_2025/10,001RB00001VTqleYAD,a04RB00000kUAObYAO,a0BRB00000ynb6W2AQ,2025/10,2025/10,2025-10-01,2025-10-31,a0CRB0000CcXZ6R2QW,,,88000,88000,False,False,10,2026-06-21T16:13:56.000+0000,2026-08-06T02:00:37.000+0000,CN-00000063,大塚商会（大和財宅）,Activated,株式会社大塚商会,[代理販売20%] Rendery Proプラン
"{'type': 'ContractLineItem__c', 'url': '/services/data/v67.0/sobjects/ContractLineItem__c/a03RB00001NswgEYAR'}",a03RB00001NswgEYAR,大塚商会（大和財宅）_2025/11,001RB00001VTqleYAD,a04RB00000kUAObYAO,a0BRB00000ynb6W2AQ,2025/11,2025/11,2025-11-01,2025-11-30,a0CRB0000CcXZ6R2QW,,,88000,88000,False,False,10,2026-06-21T16:13:56.000+0000,2026-08-06T02:00:37.000+0000,CN-00000063,大塚商会（大和財宅）,Activated,株式会社大塚商会,[代理販売20%] Rendery Proプラン
"{'type': 'ContractLineItem__c', 'url': '/services/data/v67.0/sobjects/ContractLineItem__c/a03RB00001NswgFYAR'}",a03RB00001NswgFYAR,大塚商会（大和財宅）_2025/12,001RB00001VTqleYAD,a04RB00000kUAObYAO,a0BRB00000ynb6W2AQ,2025/12,2025/12,2025-12-01,2025-12-31,a0CRB0000CcXZ6R2QW,,,88000,88000,False,False,10,2026-06-21T16:13:56.000+0000,2026-08-06T02:00:37.000+0000,CN-00000063,大塚商会（大和財宅）,Activated,株式会社大塚商会,[代理販売20%] Rendery Proプラン
"{'type': 'ContractLineItem__c', 'url': '/services/data/v67.0/sobjects/ContractLineItem__c/a03RB00001NswgGYAR'}",a03RB00001NswgGYAR,大塚商会（大和財宅）_2026/01,001RB00001VTqleYAD,a04RB00000kUAObYAO,a0BRB00000ynb6W2AQ,2026/01,2026/01,2026-01-01,2026-01-31,a0CRB0000CcXZ6R2QW,,,88000,88000,False,False,10,2026-06-21T16:13:56.000+0000,2026-08-06T02:00:37.000+0000,CN-00000063,大塚商会（大和財宅）,Activated,株式会社大塚商会,[代理販売20%] Rendery Proプラン
"{'type': 'ContractLineItem__c', 'url': '/services/data/v67.0/sobjects/ContractLineItem__c/a03RB00001NswgHYAR'}",a03RB00001NswgHYAR,大塚商会（大和財宅）_2026/02,001RB00001VTqleYAD,a04RB00000kUAObYAO,a0BRB00000ynb6W2AQ,2026/02,2026/02,2026-02-01,2026-02-28,a0CRB0000CcXZ6R2QW,,,88000,88000,False,False,10,2026-06-21T16:13:56.000+0000,2026-08-06T02:00:37.000+0000,CN-00000063,大塚商会（大和財宅）,Activated,株式会社大塚商会,[代理販売20%] Rendery Proプラン
"{'type': 'ContractLineItem__c', 'url': '/services/data/v67.0/sobjects/ContractLineItem__c/a03RB00001NswgIYAR'}",a03RB00001NswgIYAR,大塚商会（大和財宅）_2026/03,001RB00001VTqleYAD,a04RB00000kUAObYAO,a0BRB00000ynb6W2AQ,2026/03,2026/03,2026-03-01,2026-03-31,a0CRB0000CcXZ6R2QW,,,88000,88000,False,False,10,2026-06-21T16:13:56.000+0000,2026-08-06T02:00:37.000+0000,CN-00000063,大塚商会（大和財宅）,Activated,株式会社大塚商会,[代理販売20%] Rendery Proプラン
"{'type': 'ContractLineItem__c', 'url': '/services/data/v67.0/sobjects/ContractLineItem__c/a03RB00001NswgJYAR'}",a03RB00001NswgJYAR,大塚商会（大和財宅）_2026/04,001RB00001VTqleYAD,a04RB00000kUAObYAO,a0BRB00000ynb6W2AQ,2026/04,2026/04,2026-04-01,2026-04-30,a0CRB0000CcXZ6R2QW,,,88000,88000,False,False,10,2026-06-21T16:13:56.000+0000,2026-08-06T02:00:37.000+0000,CN-00000063,大塚商会（大和財宅）,Activated,株式会社大塚商会,[代理販売20%] Rendery Proプラン
"{'type': 'ContractLineItem__c', 'url': '/services/data/v67.0/sobjects/ContractLineItem__c/a03RB00001NswgKYAR'}",a03RB00001NswgKYAR,大塚商会（大和財宅）_2026/05,001RB00001VTqleYAD,a04RB00000kUAObYAO,a0BRB00000ynb6W2AQ,2026/05,2026/05,2026-05-01,2026-05-31,a0CRB0000CcXZ6R2QW,,,88000,88000,False,False,10,2026-06-21T16:13:56.000+0000,2026-08-06T02:00:37.000+0000,CN-00000063,大塚商会（大和財宅）,Activated,株式会社大塚商会,[代理販売20%] Rendery Proプラン
"{'type': 'ContractLineItem__c', 'url': '/services/data/v67.0/sobjects/ContractLineItem__c/a03RB00001NswgLYAR'}",a03RB00001NswgLYAR,大塚商会（大和財宅）_2026/06,001RB00001VTqleYAD,a04RB00000kUAObYAO,a0BRB00000ynb6W2AQ,2026/06,2026/06,2026-06-01,2026-06-30,a0CRB0000CcXZ6R2QW,,,88000,88000,False,False,10,2026-06-21T16:13:56.000+0000,2026-08-06T02:00:37.000+0000,CN-00000063,大塚商会（大和財宅）,Activated,株式会社大塚商会,[代理販売20%] Rendery Proプラン
"{'type': 'ContractLineItem__c', 'url': '/services/data/v67.0/sobjects/ContractLineItem__c/a03RB00001NswgMYAR'}",a03RB00001NswgMYAR,大塚商会（大和財宅）_2026/07,001RB00001VTqleYAD,a04RB00000kUAObYAO,a0BRB00000ynb6W2AQ,2026/07,2026/07,2026-07-01,2026-07-31,a0CRB0000CcXZ6R2QW,,,88000,88000,False,False,10,2026-06-21T16:13:56.000+0000,2026-08-06T02:00:37.000+0000,CN-00000063,大塚商会（大和財宅）,Activated,株式会社大塚商会,[代理販売20%] Rendery Proプラン
"{'type': 'ContractLineItem__c', 'url': '/services/data/v67.0/sobjects/ContractLineItem__c/a03RB00001NswgNYAR'}",a03RB00001NswgNYAR,大塚商会（大和財宅）_2026/08,001RB00001VTqleYAD,a04RB00000kUAObYAO,a0BRB00000ynb6W2AQ,2026/08,2026/08,2026-08-01,2026-08-31,a0CRB0000CcXZ6R2QW,,,88000,88000,False,False,10,2026-06-21T16:13:56.000+0000,2026-08-06T02:00:37.000+0000,CN-00000063,大塚商会（大和財宅）,Activated,株式会社大塚商会,[代理販売20%] Rendery Proプラン
"{'type': 'ContractLineItem__c', 'url': '/services/data/v67.0/sobjects/ContractLineItem__c/a03RB00001NswgdYAB'}",a03RB00001NswgdYAB,株式会社三越伊勢丹プロパティデザイン_2026/01,001RB00001VTqxsYAD,a04RB00000kUAOfYAO,a0BRB00000ynb6a2AA,2026/01,2026/01,2026-01-01,2026-01-31,a0CRB0000CcXZ6Q2QW,,,40000,40000,False,False,5,2026-06-21T16:13:56.000+0000,2026-08-06T00:50:25.000+0000,CN-00000067,株式会社三越伊勢丹プロパティデザイン,Activated,三越伊勢丹プロパティ・デザイン株式会社,Rendery Proプラン
"{'type': 'ContractLineItem__c', 'url': '/services/data/v67.0/sobjects/ContractLineItem__c/a03RB00001NswgeYAB'}",a03RB00001NswgeYAB,株式会社三越伊勢丹プロパティデザイン_2026/02,001RB00001VTqxsYAD,a04RB00000kUAOfYAO,a0BRB00000ynb6a2AA,2026/02,2026/02,2026-02-01,2026-02-28,a0CRB0000CcXZ6Q2QW,,,40000,40000,False,False,5,2026-06-21T16:13:56.000+0000,2026-08-06T00:50:25.000+0000,CN-00000067,株式会社三越伊勢丹プロパティデザイン,Activated,三越伊勢丹プロパティ・デザイン株式会社,Rendery Proプラン
"{'type': 'ContractLineItem__c', 'url': '/services/data/v67.0/sobjects/ContractLineItem__c/a03RB00001NswgfYAB'}",a03RB00001NswgfYAB,株式会社三越伊勢丹プロパティデザイン_2026/03,001RB00001VTqxsYAD,a04RB00000kUAOfYAO,a0BRB00000ynb6a2AA,2026/03,2026/03,2026-03-01,2026-03-31,a0CRB0000CcXZ6Q2QW,,a00RB000024Ux4TYAS,40000,40000,False,False,5,2026-06-21T16:13:56.000+0000,2026-08-06T00:50:25.000+0000,CN-00000067,株式会社三越伊勢丹プロパティデザイン,Activated,三越伊勢丹プロパティ・デザイン株式会社,Rendery Proプラン
"{'type': 'ContractLineItem__c', 'url': '/services/data/v67.0/sobjects/ContractLineItem__c/a03RB00001NswggYAB'}",a03RB00001NswggYAB,株式会社三越伊勢丹プロパティデザイン_2026/04,001RB00001VTqxsYAD,a04RB00000kUAOfYAO,a0BRB00000ynb6a2AA,2026/04,2026/04,2026-04-01,2026-04-30,a0CRB0000CcXZ6Q2QW,,a00RB000024Ux4wYAC,40000,40000,False,False,5,2026-06-21T16:13:56.000+0000,2026-08-06T00:50:25.000+0000,CN-00000067,株式会社三越伊勢丹プロパティデザイン,Activated,三越伊勢丹プロパティ・デザイン株式会社,Rendery Proプラン
"{'type': 'ContractLineItem__c', 'url': '/services/data/v67.0/sobjects/ContractLineItem__c/a03RB00001NswghYAB'}",a03RB00001NswghYAB,株式会社三越伊勢丹プロパティデザイン_2026/05,001RB00001VTqxsYAD,a04RB00000kUAOfYAO,a0BRB00000ynb6a2AA,2026/05,2026/05,2026-05-01,2026-05-31,a0CRB0000CcXZ6Q2QW,,a00RB000024Vf29YAC,40000,40000,False,False,5,2026-06-21T16:13:56.000+0000,2026-08-06T00:04:59.000+0000,CN-00000067,株式会社三越伊勢丹プロパティデザイン,Activated,三越伊勢丹プロパティ・デザイン株式会社,Rendery Proプラン
"{'type': 'ContractLineItem__c', 'url': '/services/data/v67.0/sobjects/ContractLineItem__c/a03RB00001NswgiYAB'}",a03RB00001NswgiYAB,株式会社三越伊勢丹プロパティデザイン_2026/06,001RB00001VTqxsYAD,a04RB00000kUAOfYAO,a0BRB00000ynb6a2AA,2026/06,2026/06,2026-06-01,2026-06-30,a0CRB0000CcXZ6Q2QW,,a00RB000024Vf29YAC,48000,48000,False,False,6,2026-06-21T16:13:56.000+0000,2026-08-06T00:04:59.000+0000,CN-00000067,株式会社三越伊勢丹プロパティデザイン,Activated,三越伊勢丹プロパティ・デザイン株式会社,Rendery Proプラン
"{'type': 'ContractLineItem__c', 'url': '/services/data/v67.0/sobjects/ContractLineItem__c/a03RB00001NswgjYAB'}",a03RB00001NswgjYAB,豊通ファシリティーズ株式会社 建築・設計部_2026/01,001RB00001VTqy1YAD,a04RB00000kUAOgYAO,a0BRB00000ynb6b2AA,2026/01,2026/01,2026-01-01,2026-01-31,a0CRB0000CcXZ6Q2QW,,,8000,8000,False,False,1,2026-06-21T16:13:56.000+0000,2026-08-06T00:50:25.000+0000,CN-00000068,豊通ファシリティーズ株式会社　建築・設計部,Activated,豊通ファシリティーズ株式会社,Rendery Proプラン
"{'type': 'ContractLineItem__c', 'url': '/services/data/v67.0/sobjects/ContractLineItem__c/a03RB00001NswgkYAB'}",a03RB00001NswgkYAB,豊通ファシリティーズ株式会社 建築・設計部_2026/02,001RB00001VTqy1YAD,a04RB00000kUAOgYAO,a0BRB00000ynb6b2AA,2026/02,2026/02,2026-02-01,2026-02-28,a0CRB0000CcXZ6Q2QW,,,8000,8000,False,False,1,2026-06-21T16:13:56.000+0000,2026-08-06T00:50:25.000+0000,CN-00000068,豊通ファシリティーズ株式会社　建築・設計部,Activated,豊通ファシリティーズ株式会社,Rendery Proプラン
"{'type': 'ContractLineItem__c', 'url': '/services/data/v67.0/sobjects/ContractLineItem__c/a03RB00001NswglYAB'}",a03RB00001NswglYAB,豊通ファシリティーズ株式会社 建築・設計部_2026/03,001RB00001VTqy1YAD,a04RB00000kUAOgYAO,a0BRB00000ynb6b2AA,2026/03,2026/03,2026-03-01,2026-03-31,a0CRB0000CcXZ6Q2QW,,a00RB000024Ux4WYAS,8000,8000,False,False,1,2026-06-21T16:13:56.000+0000,2026-08-06T00:50:25.000+0000,CN-00000068,豊通ファシリティーズ株式会社　建築・設計部,Activated,豊通ファシリティーズ株式会社,Rendery Proプラン
"{'type': 'ContractLineItem__c', 'url': '/services/data/v67.0/sobjects/ContractLineItem__c/a03RB00001NswgmYAB'}",a03RB00001NswgmYAB,豊通ファシリティーズ株式会社 建築・設計部_2026/04,001RB00001VTqy1YAD,a04RB00000kUAOgYAO,a0BRB00000ynb6b2AA,2026/04,2026/04,2026-04-01,2026-04-30,a0CRB0000CcXZ6Q2QW,,a00RB000024Ux4yYAC,8000,8000,False,False,1,2026-06-21T16:13:56.000+0000,2026-08-06T00:50:25.000+0000,CN-00000068,豊通ファシリティーズ株式会社　建築・設計部,Activated,豊通ファシリティーズ株式会社,Rendery Proプラン
"{'type': 'ContractLineItem__c', 'url': '/services/data/v67.0/sobjects/ContractLineItem__c/a03RB00001NswgnYAB'}",a03RB00001NswgnYAB,豊通ファシリティーズ株式会社 建築・設計部_2026/05,001RB00001VTqy1YAD,a04RB00000kUAOgYAO,a0BRB00000ynb6b2AA,2026/05,2026/05,2026-05-01,2026-05-31,a0CRB0000CcXZ6Q2QW,,a00RB000024Ux5TYAS,8000,8000,False,False,1,2026-06-21T16:13:56.000+0000,2026-08-06T00:50:25.000+0000,CN-00000068,豊通ファシリティーズ株式会社　建築・設計部,Activated,豊通ファシリティーズ株式会社,Rendery Proプラン
"{'type': 'ContractLineItem__c', 'url': '/services/data/v67.0/sobjects/ContractLineItem__c/a03RB00001NswgoYAB'}",a03RB00001NswgoYAB,豊通ファシリティーズ株式会社 建築・設計部_2026/06,001RB00001VTqy1YAD,a04RB00000kUAOgYAO,a0BRB00000ynb6b2AA,2026/06,2026/06,2026-06-01,2026-06-30,a0CRB0000CcXZ6Q2QW,,a00RB00002Am2BPYAZ,16000,16000,False,False,2,2026-06-21T16:13:56.000+0000,2026-08-06T00:04:59.000+0000,CN-00000068,豊通ファシリティーズ株式会社　建築・設計部,Activated,豊通ファシリティーズ株式会社,Rendery Proプラン
"{'type': 'ContractLineItem__c', 'url': '/services/data/v67.0/sobjects/ContractLineItem__c/a03RB00001NswgpYAB'}",a03RB00001NswgpYAB,フロンヴィルホームズ名古屋株式会社_2026/03,001RB00001VTr0hYAD,a04RB00000kUAOhYAO,a0BRB00000ynb6c2AA,2026/03,2026/03,2026-03-01,2026-03-31,a0CRB0000CcXZ6Q2QW,,a00RB000024Ux4ZYAS,8000,8000,False,False,1,2026-06-21T16:13:56.000+0000,2026-08-06T00:50:25.000+0000,CN-00000069,フロンヴィルホームズ名古屋株式会社,Activated,フロンヴィルホームズ名古屋株式会社,Rendery Proプラン
"{'type': 'ContractLineItem__c', 'url': '/services/data/v67.0/sobjects/ContractLineItem__c/a03RB00001NswgqYAB'}",a03RB00001NswgqYAB,フロンヴィルホームズ名古屋株式会社_2026/04,001RB00001VTr0hYAD,a04RB00000kUAOhYAO,a0BRB00000ynb6c2AA,2026/04,2026/04,2026-04-01,2026-04-30,a0CRB0000CcXZ6Q2QW,,a00RB000024Ux51YAC,8000,8000,False,False,1,2026-06-21T16:13:56.000+0000,2026-08-06T00:50:25.000+0000,CN-00000069,フロンヴィルホームズ名古屋株式会社,Activated,フロンヴィルホームズ名古屋株式会社,Rendery Proプラン
"{'type': 'ContractLineItem__c', 'url': '/services/data/v67.0/sobjects/ContractLineItem__c/a03RB00001NswgrYAB'}",a03RB00001NswgrYAB,フロンヴィルホームズ名古屋株式会社_2026/05,001RB00001VTr0hYAD,a04RB00000kUAOhYAO,a0BRB00000ynb6c2AA,2026/05,2026/05,2026-05-01,2026-05-31,a0CRB0000CcXZ6Q2QW,,a00RB000024Ux5WYAS,8000,8000,False,False,1,2026-06-21T16:13:56.000+0000,2026-08-06T00:50:25.000+0000,CN-00000069,フロンヴィルホームズ名古屋株式会社,Activated,フロンヴィルホームズ名古屋株式会社,Rendery Proプラン
"{'type': 'ContractLineItem__c', 'url': '/services/data/v67.0/sobjects/ContractLineItem__c/a03RB00001NswgsYAB'}",a03RB00001NswgsYAB,フロンヴィルホームズ名古屋株式会社_2026/08,001RB00001VTr0hYAD,a04RB00000kUAOhYAO,a0BRB00000ynb6c2AA,2026/08,2026/08,2026-08-01,2026-08-31,a0CRB0000CcXZ6Q2QW,,a00RB00002Am2BRYAZ,20000,20000,False,False,,2026-06-21T16:13:56.000+0000,2026-08-06T00:04:59.000+0000,CN-00000069,フロンヴィルホームズ名古屋株式会社,Activated,フロンヴィルホームズ名古屋株式会社,Rendery Proプラン
"{'type': 'ContractLineItem__c', 'url': '/services/data/v67.0/sobjects/ContractLineItem__c/a03RB00001NswguYAB'}",a03RB00001NswguYAB,大東建託株式会社 商品開発部_2026/02,001RB00001VTruMYAT,a04RB00000kUAOiYAO,a0BRB00000ynb6d2AA,2026/02,2026/02,2026-02-01,2026-02-28,a0CRB0000CcXZ6Q2QW,,,24000,24000,True,False,3,2026-06-21T16:13:56.000+0000,2026-08-06T02:31:55.000+0000,CN-00000070,大東建託株式会社　商品開発部,Activated,大東建託株式会社,Rendery Proプラン
"{'type': 'ContractLineItem__c', 'url': '/services/data/v67.0/sobjects/ContractLineItem__c/a03RB00001NswgvYAB'}",a03RB00001NswgvYAB,大東建託株式会社 商品開発部_2026/03,001RB00001VTruMYAT,a04RB00000kUAOiYAO,a0BRB00000ynb6d2AA,2026/03,2026/03,2026-03-01,2026-03-31,a0CRB0000CcXZ6Q2QW,,,24000,24000,True,False,3,2026-06-21T16:13:56.000+0000,2026-08-06T02:31:55.000+0000,CN-00000070,大東建託株式会社　商品開発部,Activated,大東建託株式会社,Rendery Proプラン
"{'type': 'ContractLineItem__c', 'url': '/services/data/v67.0/sobjects/ContractLineItem__c/a03RB00001NswgwYAB'}",a03RB00001NswgwYAB,大東建託株式会社 商品開発部_2026/04,001RB00001VTruMYAT,a04RB00000kUAOiYAO,a0BRB00000ynb6d2AA,2026/04,2026/04,2026-04-01,2026-04-30,a0CRB0000CcXZ6Q2QW,,,24000,24000,True,False,3,2026-06-21T16:13:56.000+0000,2026-08-06T02:31:55.000+0000,CN-00000070,大東建託株式会社　商品開発部,Activated,大東建託株式会社,Rendery Proプラン
"{'type': 'ContractLineItem__c', 'url': '/services/data/v67.0/sobjects/ContractLineItem__c/a03RB00001NswgxYAB'}",a03RB00001NswgxYAB,大東建託株式会社 商品開発部_2026/05,001RB00001VTruMYAT,a04RB00000kUAOiYAO,a0BRB00000ynb6d2AA,2026/05,2026/05,2026-05-01,2026-05-31,a0CRB0000CcXZ6Q2QW,,,24000,24000,True,False,3,2026-06-21T16:13:56.000+0000,2026-08-06T02:31:55.000+0000,CN-00000070,大東建託株式会社　商品開発部,Activated,大東建託株式会社,Rendery Proプラン
"{'type': 'ContractLineItem__c', 'url': '/services/data/v67.0/sobjects/ContractLineItem__c/a03RB00001NswgyYAB'}",a03RB00001NswgyYAB,大東建託株式会社 商品開発部_2026/06,001RB00001VTruMYAT,a04RB00000kUAOiYAO,a0BRB00000ynb6d2AA,2026/06,2026/06,2026-06-01,2026-06-30,a0CRB0000CcXZ6Q2QW,,,24000,24000,True,False,3,2026-06-21T16:13:56.000+0000,2026-08-06T02:31:55.000+0000,CN-00000070,大東建託株式会社　商品開発部,Activated,大東建託株式会社,Rendery Proプラン
"{'type': 'ContractLineItem__c', 'url': '/services/data/v67.0/sobjects/ContractLineItem__c/a03RB00001NswgzYAB'}",a03RB00001NswgzYAB,大東建託株式会社 商品開発部_2026/07,001RB00001VTruMYAT,a04RB00000kUAOiYAO,a0BRB00000ynb6d2AA,2026/07,2026/07,2026-07-01,2026-07-31,a0CRB0000CcXZ6Q2QW,,,24000,24000,True,False,3,2026-06-21T16:13:56.000+0000,2026-08-06T02:31:55.000+0000,CN-00000070,大東建託株式会社　商品開発部,Activated,大東建託株式会社,Rendery Proプラン
"{'type': 'ContractLineItem__c', 'url': '/services/data/v67.0/sobjects/ContractLineItem__c/a03RB00001Nswh0YAB'}",a03RB00001Nswh0YAB,大東建託株式会社 商品開発部_2026/08,001RB00001VTruMYAT,a04RB00000kUAOiYAO,a0BRB00000ynb6d2AA,2026/08,2026/08,2026-08-01,2026-08-31,a0CRB0000CcXZ6Q2QW,,,24000,24000,True,False,3,2026-06-21T16:13:56.000+0000,2026-08-06T02:31:55.000+0000,CN-00000070,大東建託株式会社　商品開発部,Activated,大東建託株式会社,Rendery Proプラン
"{'type': 'ContractLineItem__c', 'url': '/services/data/v67.0/sobjects/ContractLineItem__c/a03RB00001Nswh1YAB'}",a03RB00001Nswh1YAB,大東建託株式会社 商品開発部_2026/09,001RB00001VTruMYAT,a04RB00000kUAOiYAO,a0BRB00000ynb6d2AA,2026/09,2026/09,2026-09-01,2026-09-30,a0CRB0000CcXZ6Q2QW,,,24000,24000,True,False,3,2026-06-21T16:13:56.000+0000,2026-08-06T02:31:55.000+0000,CN-00000070,大東建託株式会社　商品開発部,Activated,大東建託株式会社,Rendery Proプラン
"{'type': 'ContractLineItem__c', 'url': '/services/data/v67.0/sobjects/ContractLineItem__c/a03RB00001Nswh2YAB'}",a03RB00001Nswh2YAB,大東建託株式会社 商品開発部_2026/10,001RB00001VTruMYAT,a04RB00000kUAOiYAO,a0BRB00000ynb6d2AA,2026/10,2026/10,2026-10-01,2026-10-31,a0CRB0000CcXZ6Q2QW,,,24000,24000,True,False,3,2026-06-21T16:13:56.000+0000,2026-08-06T02:31:55.000+0000,CN-00000070,大東建託株式会社　商品開発部,Activated,大東建託株式会社,Rendery Proプラン
"{'type': 'ContractLineItem__c', 'url': '/services/data/v67.0/sobjects/ContractLineItem__c/a03RB00001Nswh3YAB'}",a03RB00001Nswh3YAB,大東建託株式会社 商品開発部_2026/11,001RB00001VTruMYAT,a04RB00000kUAOiYAO,a0BRB00000ynb6d2AA,2026/11,2026/11,2026-11-01,2026-11-30,a0CRB0000CcXZ6Q2QW,,,24000,24000,True,False,3,2026-06-21T16:13:56.000+0000,2026-08-06T02:31:55.000+0000,CN-00000070,大東建託株式会社　商品開発部,Activated,大東建託株式会社,Rendery Proプラン
"{'type': 'ContractLineItem__c', 'url': '/services/data/v67.0/sobjects/ContractLineItem__c/a03RB00001Nswh4YAB'}",a03RB00001Nswh4YAB,大東建託株式会社 商品開発部_2026/12,001RB00001VTruMYAT,a04RB00000kUAOiYAO,a0BRB00000ynb6d2AA,2026/12,2026/12,2026-12-01,2026-12-31,a0CRB0000CcXZ6Q2QW,,,24000,24000,True,False,3,2026-06-21T16:13:56.000+0000,2026-08-06T02:31:55.000+0000,CN-00000070,大東建託株式会社　商品開発部,Activated,大東建託株式会社,Rendery Proプラン
"{'type': 'ContractLineItem__c', 'url': '/services/data/v67.0/sobjects/ContractLineItem__c/a03RB00001Nswh7YAB'}",a03RB00001Nswh7YAB,三菱地所レジデンス株式会社_2026/03,001RB00001VTqf7YAD,a04RB00000kUAOjYAO,a0BRB00000ynb6e2AA,2026/03,2026/03,2026-03-01,2026-03-31,a0CRB0000CcXZ6Q2QW,,a00RB00002Am2BOYAZ,16000,16000,True,False,2,2026-06-21T16:13:56.000+0000,2026-08-06T01:44:32.000+0000,CN-00000071,三菱地所レジデンス株式会社,Activated,三菱地所レジデンス株式会社,Rendery Proプラン
"{'type': 'ContractLineItem__c', 'url': '/services/data/v67.0/sobjects/ContractLineItem__c/a03RB00001Nswh9YAB'}",a03RB00001Nswh9YAB,三菱地所レジデンス株式会社_2026/05,001RB00001VTqf7YAD,a04RB00000kUAOjYAO,a0BRB00000ynb6e2AA,2026/05,2026/05,2026-05-01,2026-05-31,a0CRB0000CcXZ6Q2QW,,a00RB00002Am2B7YAJ,16000,16000,True,False,2,2026-06-21T16:13:56.000+0000,2026-08-06T01:44:32.000+0000,CN-00000071,三菱地所レジデンス株式会社,Activated,三菱地所レジデンス株式会社,Rendery Proプラン
"{'type': 'ContractLineItem__c', 'url': '/services/data/v67.0/sobjects/ContractLineItem__c/a03RB00001NswhlYAB'}",a03RB00001NswhlYAB,ジーク株式会社_2026/02,001RB00001VTqsxYAD,a04RB00000kUAOnYAO,a0BRB00000ynb6i2AA,2026/02,2026/02,2026-02-01,2026-02-28,a0CRB0000CcXZ6Z2QW,,,,70000,False,False,5,2026-06-21T16:13:56.000+0000,2026-08-06T01:58:48.000+0000,CN-00000075,ジーク株式会社,Activated,ジーク株式会社,[年払] Rendery Enterpriseプラン
"{'type': 'ContractLineItem__c', 'url': '/services/data/v67.0/sobjects/ContractLineItem__c/a03RB00001NswhmYAB'}",a03RB00001NswhmYAB,ジーク株式会社_2026/03,001RB00001VTqsxYAD,a04RB00000kUAOnYAO,a0BRB00000ynb6i2AA,2026/03,2026/03,2026-03-01,2026-03-31,a0CRB0000CcXZ6Z2QW,,,,70000,False,False,5,2026-06-21T16:13:56.000+0000,2026-08-06T01:58:48.000+0000,CN-00000075,ジーク株式会社,Activated,ジーク株式会社,[年払] Rendery Enterpriseプラン
"{'type': 'ContractLineItem__c', 'url': '/services/data/v67.0/sobjects/ContractLineItem__c/a03RB00001NswhnYAB'}",a03RB00001NswhnYAB,ジーク株式会社_2026/04,001RB00001VTqsxYAD,a04RB00000kUAOnYAO,a0BRB00000ynb6i2AA,2026/04,2026/04,2026-04-01,2026-04-30,a0CRB0000CcXZ6Z2QW,,,,70000,False,False,5,2026-06-21T16:13:56.000+0000,2026-08-06T01:58:48.000+0000,CN-00000075,ジーク株式会社,Activated,ジーク株式会社,[年払] Rendery Enterpriseプラン
"{'type': 'ContractLineItem__c', 'url': '/services/data/v67.0/sobjects/ContractLineItem__c/a03RB00001NswhoYAB'}",a03RB00001NswhoYAB,ジーク株式会社_2026/05,001RB00001VTqsxYAD,a04RB00000kUAOnYAO,a0BRB00000ynb6i2AA,2026/05,2026/05,2026-05-01,2026-05-31,a0CRB0000CcXZ6Z2QW,,,,70000,False,False,5,2026-06-21T16:13:56.000+0000,2026-08-06T01:58:48.000+0000,CN-00000075,ジーク株式会社,Activated,ジーク株式会社,[年払] Rendery Enterpriseプラン
"{'type': 'ContractLineItem__c', 'url': '/services/data/v67.0/sobjects/ContractLineItem__c/a03RB00001NswhpYAB'}",a03RB00001NswhpYAB,ジーク株式会社_2026/06,001RB00001VTqsxYAD,a04RB00000kUAOnYAO,a0BRB00000ynb6i2AA,2026/06,2026/06,2026-06-01,2026-06-30,a0CRB0000CcXZ6Z2QW,,,,70000,False,False,5,2026-06-21T16:13:56.000+0000,2026-08-06T01:58:48.000+0000,CN-00000075,ジーク株式会社,Activated,ジーク株式会社,[年払] Rendery Enterpriseプラン
"{'type': 'ContractLineItem__c', 'url': '/services/data/v67.0/sobjects/ContractLineItem__c/a03RB00001NswhqYAB'}",a03RB00001NswhqYAB,ジーク株式会社_2026/07,001RB00001VTqsxYAD,a04RB00000kUAOnYAO,a0BRB00000ynb6i2AA,2026/07,2026/07,2026-07-01,2026-07-31,a0CRB0000CcXZ6Z2QW,,,,70000,False,False,5,2026-06-21T16:13:56.000+0000,2026-08-06T01:58:48.000+0000,CN-00000075,ジーク株式会社,Activated,ジーク株式会社,[年払] Rendery Enterpriseプラン
"{'type': 'ContractLineItem__c', 'url': '/services/data/v67.0/sobjects/ContractLineItem__c/a03RB00001NswhrYAB'}",a03RB00001NswhrYAB,ジーク株式会社_2026/08,001RB00001VTqsxYAD,a04RB00000kUAOnYAO,a0BRB00000ynb6i2AA,2026/08,2026/08,2026-08-01,2026-08-31,a0CRB0000CcXZ6Z2QW,,,,70000,False,False,5,2026-06-21T16:13:56.000+0000,2026-08-06T01:58:48.000+0000,CN-00000075,ジーク株式会社,Activated,ジーク株式会社,[年払] Rendery Enterpriseプラン
"{'type': 'ContractLineItem__c', 'url': '/services/data/v67.0/sobjects/ContractLineItem__c/a03RB00001NswhsYAB'}",a03RB00001NswhsYAB,ジーク株式会社_2026/09,001RB00001VTqsxYAD,a04RB00000kUAOnYAO,a0BRB00000ynb6i2AA,2026/09,2026/09,2026-09-01,2026-09-30,a0CRB0000CcXZ6Z2QW,,,,70000,False,False,5,2026-06-21T16:13:56.000+0000,2026-08-06T01:58:48.000+0000,CN-00000075,ジーク株式会社,Activated,ジーク株式会社,[年払] Rendery Enterpriseプラン
"{'type': 'ContractLineItem__c', 'url': '/services/data/v67.0/sobjects/ContractLineItem__c/a03RB00001NswhtYAB'}",a03RB00001NswhtYAB,ジーク株式会社_2026/10,001RB00001VTqsxYAD,a04RB00000kUAOnYAO,a0BRB00000ynb6i2AA,2026/10,2026/10,2026-10-01,2026-10-31,a0CRB0000CcXZ6Z2QW,,,,70000,False,False,5,2026-06-21T16:13:56.000+0000,2026-08-06T01:58:48.000+0000,CN-00000075,ジーク株式会社,Activated,ジーク株式会社,[年払] Rendery Enterpriseプラン
"{'type': 'ContractLineItem__c', 'url': '/services/data/v67.0/sobjects/ContractLineItem__c/a03RB00001NswhuYAB'}",a03RB00001NswhuYAB,ジーク株式会社_2026/11,001RB00001VTqsxYAD,a04RB00000kUAOnYAO,a0BRB00000ynb6i2AA,2026/11,2026/11,2026-11-01,2026-11-30,a0CRB0000CcXZ6Z2QW,,,,70000,False,False,5,2026-06-21T16:13:56.000+0000,2026-08-06T01:58:48.000+0000,CN-00000075,ジーク株式会社,Activated,ジーク株式会社,[年払] Rendery Enterpriseプラン
"{'type': 'ContractLineItem__c', 'url': '/services/data/v67.0/sobjects/ContractLineItem__c/a03RB00001NswhvYAB'}",a03RB00001NswhvYAB,ジーク株式会社_2026/12,001RB00001VTqsxYAD,a04RB00000kUAOnYAO,a0BRB00000ynb6i2AA,2026/12,2026/12,2026-12-01,2026-12-31,a0CRB0000CcXZ6Z2QW,,,,70000,False,False,5,2026-06-21T16:13:56.000+0000,2026-08-06T01:58:48.000+0000,CN-00000075,ジーク株式会社,Activated,ジーク株式会社,[年払] Rendery Enterpriseプラン
"{'type': 'ContractLineItem__c', 'url': '/services/data/v67.0/sobjects/ContractLineItem__c/a03RB00001NswhwYAB'}",a03RB00001NswhwYAB,ジーク株式会社_2027/01,001RB00001VTqsxYAD,a04RB00000kUAOnYAO,a0BRB00000ynb6i2AA,2027/01,2027/01,2027-01-01,2027-01-31,a0CRB0000CcXZ6Z2QW,,,,70000,False,False,5,2026-06-21T16:13:56.000+0000,2026-08-06T01:58:48.000+0000,CN-00000075,ジーク株式会社,Activated,ジーク株式会社,[年払] Rendery Enterpriseプラン
"{'type': 'ContractLineItem__c', 'url': '/services/data/v67.0/sobjects/ContractLineItem__c/a03RB00001Nswi1YAB'}",a03RB00001Nswi1YAB,株式会社錢高組_2026/02,001RB00001VTqW8YAL,a04RB00000kUAOpYAO,a0BRB00000ynb6k2AA,2026/02,2026/02,2026-02-01,2026-02-28,a0CRB0000CcXZ6Q2QW,,,24000,24000,False,False,3,2026-06-21T16:13:56.000+0000,2026-08-06T00:50:25.000+0000,CN-00000077,株式会社錢高組,Activated,株式会社 錢高組,Rendery Proプラン
"{'type': 'ContractLineItem__c', 'url': '/services/data/v67.0/sobjects/ContractLineItem__c/a03RB00001Nswi2YAB'}",a03RB00001Nswi2YAB,株式会社錢高組_2026/03,001RB00001VTqW8YAL,a04RB00000kUAOpYAO,a0BRB00000ynb6k2AA,2026/03,2026/03,2026-03-01,2026-03-31,a0CRB0000CcXZ6Q2QW,,a00RB000024Ux4YYAS,24000,24000,False,False,3,2026-06-21T16:13:56.000+0000,2026-08-06T00:50:25.000+0000,CN-00000077,株式会社錢高組,Activated,株式会社 錢高組,Rendery Proプラン
"{'type': 'ContractLineItem__c', 'url': '/services/data/v67.0/sobjects/ContractLineItem__c/a03RB00001Nswi3YAB'}",a03RB00001Nswi3YAB,株式会社錢高組_2026/04,001RB00001VTqW8YAL,a04RB00000kUAOpYAO,a0BRB00000ynb6k2AA,2026/04,2026/04,2026-04-01,2026-04-30,a0CRB0000CcXZ6Q2QW,,a00RB000024Ux50YAC,24000,24000,False,False,3,2026-06-21T16:13:56.000+0000,2026-08-06T00:50:25.000+0000,CN-00000077,株式会社錢高組,Activated,株式会社 錢高組,Rendery Proプラン
"{'type': 'ContractLineItem__c', 'url': '/services/data/v67.0/sobjects/ContractLineItem__c/a03RB00001Nswi4YAB'}",a03RB00001Nswi4YAB,株式会社錢高組_2026/05,001RB00001VTqW8YAL,a04RB00000kUAOpYAO,a0BRB00000ynb6k2AA,2026/05,2026/05,2026-05-01,2026-05-31,a0CRB0000CcXZ6Q2QW,,a00RB000024Vf2DYAS,24000,24000,False,False,3,2026-06-21T16:13:56.000+0000,2026-08-06T00:04:59.000+0000,CN-00000077,株式会社錢高組,Activated,株式会社 錢高組,Rendery Proプラン
"{'type': 'ContractLineItem__c', 'url': '/services/data/v67.0/sobjects/ContractLineItem__c/a03RB00001NswigYAB'}",a03RB00001NswigYAB,Phantom株式会社_2026/02,001RB00001VTrkRYAT,a04RB00000kUAOtYAO,a0BRB00000ynb6o2AA,2026/02,2026/02,2026-02-01,2026-02-28,a0CRB0000CcXZ6Q2QW,,,16000,16000,False,False,2,2026-06-21T16:13:56.000+0000,2026-08-06T00:50:25.000+0000,CN-00000081,Phantom株式会社,Activated,Phantom株式会社,Rendery Proプラン
"{'type': 'ContractLineItem__c', 'url': '/services/data/v67.0/sobjects/ContractLineItem__c/a03RB00001NswihYAB'}",a03RB00001NswihYAB,Phantom株式会社_2026/03,001RB00001VTrkRYAT,a04RB00000kUAOtYAO,a0BRB00000ynb6o2AA,2026/03,2026/03,2026-03-01,2026-03-31,a0CRB0000CcXZ6Q2QW,,a00RB000024Ux4cYAC,16000,16000,False,False,2,2026-06-21T16:13:56.000+0000,2026-08-06T00:50:25.000+0000,CN-00000081,Phantom株式会社,Activated,Phantom株式会社,Rendery Proプラン
"{'type': 'ContractLineItem__c', 'url': '/services/data/v67.0/sobjects/ContractLineItem__c/a03RB00001NswiiYAB'}",a03RB00001NswiiYAB,Phantom株式会社_2026/04,001RB00001VTrkRYAT,a04RB00000kUAOtYAO,a0BRB00000ynb6o2AA,2026/04,2026/04,2026-04-01,2026-04-30,a0CRB0000CcXZ6Q2QW,,a00RB000024Ux54YAC,16000,16000,False,False,2,2026-06-21T16:13:56.000+0000,2026-08-06T00:50:25.000+0000,CN-00000081,Phantom株式会社,Activated,Phantom株式会社,Rendery Proプラン
"{'type': 'ContractLineItem__c', 'url': '/services/data/v67.0/sobjects/ContractLineItem__c/a03RB00001NswijYAB'}",a03RB00001NswijYAB,Phantom株式会社_2026/05,001RB00001VTrkRYAT,a04RB00000kUAOtYAO,a0BRB00000ynb6o2AA,2026/05,2026/05,2026-05-01,2026-05-31,a0CRB0000CcXZ6Q2QW,,a00RB000024Ux5ZYAS,16000,16000,False,False,2,2026-06-21T16:13:56.000+0000,2026-08-06T00:50:25.000+0000,CN-00000081,Phantom株式会社,Activated,Phantom株式会社,Rendery Proプラン
"{'type': 'ContractLineItem__c', 'url': '/services/data/v67.0/sobjects/ContractLineItem__c/a03RB00001Nswj3YAB'}",a03RB00001Nswj3YAB,花菱不動産株式会社_2026/04,001RB00001VTrlBYAT,a04RB00000kUAOyYAO,a0BRB00000ynb6t2AA,2026/04,2026/04,2026-04-01,2026-04-30,a0CRB0000CcXZ6Q2QW,,a00RB00002Am2AhYAJ,16000,16000,False,False,2,2026-06-21T16:13:56.000+0000,2026-08-06T00:50:25.000+0000,CN-00000086,花菱不動産株式会社,Activated,花菱不動産株式会社,Rendery Proプラン
"{'type': 'ContractLineItem__c', 'url': '/services/data/v67.0/sobjects/ContractLineItem__c/a03RB00001Nswj4YAB'}",a03RB00001Nswj4YAB,花菱不動産株式会社_2026/05,001RB00001VTrlBYAT,a04RB00000kUAOyYAO,a0BRB00000ynb6t2AA,2026/05,2026/05,2026-05-01,2026-05-31,a0CRB0000CcXZ6Q2QW,,a00RB000024Ux5bYAC,16000,16000,False,False,2,2026-06-21T16:13:56.000+0000,2026-08-06T00:50:25.000+0000,CN-00000086,花菱不動産株式会社,Activated,花菱不動産株式会社,Rendery Proプラン
"{'type': 'ContractLineItem__c', 'url': '/services/data/v67.0/sobjects/ContractLineItem__c/a03RB00001Nswj5YAB'}",a03RB00001Nswj5YAB,コンチネンタルホーム株式会社_2026/04,001RB00001VTqgHYAT,a04RB00000kUAOzYAO,a0BRB00000ynb6u2AA,2026/04,2026/04,2026-04-01,2026-04-30,a0CRB0000CcXZ6Q2QW,,a00RB00002Am2AiYAJ,24000,24000,False,False,3,2026-06-21T16:13:56.000+0000,2026-08-06T00:04:59.000+0000,CN-00000087,コンチネンタルホーム株式会社,Expired,コンチネンタルホーム株式会社,Rendery Proプラン
"{'type': 'ContractLineItem__c', 'url': '/services/data/v67.0/sobjects/ContractLineItem__c/a03RB00001Nswj6YAB'}",a03RB00001Nswj6YAB,コンチネンタルホーム株式会社_2026/05,001RB00001VTqgHYAT,a04RB00000kUAOzYAO,a0BRB00000ynb6u2AA,2026/05,2026/05,2026-05-01,2026-05-31,a0CRB0000CcXZ6Q2QW,,a00RB00002Am2AiYAJ,24000,24000,False,False,3,2026-06-21T16:13:56.000+0000,2026-08-06T00:04:59.000+0000,CN-00000087,コンチネンタルホーム株式会社,Expired,コンチネンタルホーム株式会社,Rendery Proプラン
"{'type': 'ContractLineItem__c', 'url': '/services/data/v67.0/sobjects/ContractLineItem__c/a03RB00001Nswj7YAB'}",a03RB00001Nswj7YAB,柏井建設株式会社_2026/03,001RB00001VTrI5YAL,a04RB00000kUAP0YAO,a0BRB00000ynb6v2AA,2026/03,2026/03,2026-03-01,2026-03-31,a0CRB0000CcXZ6V2QW,,,75000,75000,False,False,5,2026-06-21T16:13:56.000+0000,2026-08-06T00:50:25.000+0000,CN-00000088,柏井建設株式会社,Activated,柏井建設 株式会社,Rendery Enterpriseプラン
"{'type': 'ContractLineItem__c', 'url': '/services/data/v67.0/sobjects/ContractLineItem__c/a03RB00001Nswj8YAB'}",a03RB00001Nswj8YAB,柏井建設株式会社_2026/04,001RB00001VTrI5YAL,a04RB00000kUAP0YAO,a0BRB00000ynb6v2AA,2026/04,2026/04,2026-04-01,2026-04-30,a0CRB0000CcXZ6V2QW,,a00RB000024Ux55YAC,75000,75000,False,False,5,2026-06-21T16:13:56.000+0000,2026-08-06T00:50:25.000+0000,CN-00000088,柏井建設株式会社,Activated,柏井建設 株式会社,Rendery Enterpriseプラン
"{'type': 'ContractLineItem__c', 'url': '/services/data/v67.0/sobjects/ContractLineItem__c/a03RB00001Nswj9YAB'}",a03RB00001Nswj9YAB,柏井建設株式会社_2026/05,001RB00001VTrI5YAL,a04RB00000kUAP0YAO,a0BRB00000ynb6v2AA,2026/05,2026/05,2026-05-01,2026-05-31,a0CRB0000CcXZ6V2QW,,a00RB000024Vf2IYAS,75000,75000,False,False,5,2026-06-21T16:13:56.000+0000,2026-08-06T00:04:59.000+0000,CN-00000088,柏井建設株式会社,Activated,柏井建設 株式会社,Rendery Enterpriseプラン
"{'type': 'ContractLineItem__c', 'url': '/services/data/v67.0/sobjects/ContractLineItem__c/a03RB00001NswjAYAR'}",a03RB00001NswjAYAR,株式会社紀伊國屋書店_2026/04,001RB00001VTrUSYA1,a04RB00000kUAP1YAO,a0BRB00000ynb6w2AA,2026/04,2026/04,2026-04-01,2026-04-30,a0CRB0000CcXZ6Q2QW,,a00RB00002Am2ApYAJ,40000,40000,True,False,5,2026-06-21T16:13:56.000+0000,2026-08-06T01:44:32.000+0000,CN-00000089,株式会社紀伊國屋書店,Activated,株式会社紀伊國屋書店,Rendery Proプラン
"{'type': 'ContractLineItem__c', 'url': '/services/data/v67.0/sobjects/ContractLineItem__c/a03RB00001NswjBYAR'}",a03RB00001NswjBYAR,株式会社紀伊國屋書店_2026/05,001RB00001VTrUSYA1,a04RB00000kUAP1YAO,a0BRB00000ynb6w2AA,2026/05,2026/05,2026-05-01,2026-05-31,a0CRB0000CcXZ6Q2QW,,a00RB00002Am2AsYAJ,40000,40000,True,False,5,2026-06-21T16:13:56.000+0000,2026-08-06T01:44:32.000+0000,CN-00000089,株式会社紀伊國屋書店,Activated,株式会社紀伊國屋書店,Rendery Proプラン
"{'type': 'ContractLineItem__c', 'url': '/services/data/v67.0/sobjects/ContractLineItem__c/a03RB00001NswjOYAR'}",a03RB00001NswjOYAR,三井住友建設株式会社_2026/03,001RB00001VTqeXYAT,a04RB00000kUAP3YAO,a0BRB00000ynb6y2AA,2026/03,2026/03,2026-03-01,2026-03-31,a0CRB0000CcXZ6Q2QW,,a00RB000024Ux4kYAC,8000,8000,False,False,1,2026-06-21T16:13:56.000+0000,2026-08-06T00:50:25.000+0000,CN-00000091,三井住友建設株式会社,Activated,三井住友建設株式会社,Rendery Proプラン
"{'type': 'ContractLineItem__c', 'url': '/services/data/v67.0/sobjects/ContractLineItem__c/a03RB00001NswjPYAR'}",a03RB00001NswjPYAR,三井住友建設株式会社_2026/04,001RB00001VTqeXYAT,a04RB00000kUAP3YAO,a0BRB00000ynb6y2AA,2026/04,2026/04,2026-04-01,2026-04-30,a0CRB0000CcXZ6Q2QW,,,8000,8000,False,False,1,2026-06-21T16:13:56.000+0000,2026-08-06T00:50:25.000+0000,CN-00000091,三井住友建設株式会社,Activated,三井住友建設株式会社,Rendery Proプラン
"{'type': 'ContractLineItem__c', 'url': '/services/data/v67.0/sobjects/ContractLineItem__c/a03RB00001NswjQYAR'}",a03RB00001NswjQYAR,三井住友建設株式会社_2026/05,001RB00001VTqeXYAT,a04RB00000kUAP3YAO,a0BRB00000ynb6y2AA,2026/05,2026/05,2026-05-01,2026-05-31,a0CRB0000CcXZ6Q2QW,,a00RB000024Ux5dYAC,8000,8000,False,False,1,2026-06-21T16:13:56.000+0000,2026-08-06T00:50:25.000+0000,CN-00000091,三井住友建設株式会社,Activated,三井住友建設株式会社,Rendery Proプラン
"{'type': 'ContractLineItem__c', 'url': '/services/data/v67.0/sobjects/ContractLineItem__c/a03RB00001NswjRYAR'}",a03RB00001NswjRYAR,Asplead株式会社_2026/04,001RB00001VTqnvYAD,a04RB00000kUAP4YAO,a0BRB00000ynb6z2AA,2026/04,2026/04,2026-04-01,2026-04-30,a0CRB0000CcXZ6Q2QW,,a00RB00002Am2AnYAJ,16000,16000,False,False,2,2026-06-21T16:13:56.000+0000,2026-08-06T00:50:25.000+0000,CN-00000092,Asplead株式会社,Activated,Asplead株式会社,Rendery Proプラン
"{'type': 'ContractLineItem__c', 'url': '/services/data/v67.0/sobjects/ContractLineItem__c/a03RB00001NswjSYAR'}",a03RB00001NswjSYAR,Asplead株式会社_2026/05,001RB00001VTqnvYAD,a04RB00000kUAP4YAO,a0BRB00000ynb6z2AA,2026/05,2026/05,2026-05-01,2026-05-31,a0CRB0000CcXZ6Q2QW,,a00RB000024Ux5gYAC,16000,16000,False,False,2,2026-06-21T16:13:56.000+0000,2026-08-06T00:50:25.000+0000,CN-00000092,Asplead株式会社,Activated,Asplead株式会社,Rendery Proプラン
"{'type': 'ContractLineItem__c', 'url': '/services/data/v67.0/sobjects/ContractLineItem__c/a03RB00001NswjTYAR'}",a03RB00001NswjTYAR,スタイルテック総合計画_2026/04,001RB00001VTrkbYAD,a04RB00000kUAP5YAO,a0BRB00000ynb702AA,2026/04,2026/04,2026-04-01,2026-04-30,a0CRB0000CcXZ6V2QW,,a00RB00002Am2AkYAJ,75000,75000,False,False,5,2026-06-21T16:13:56.000+0000,2026-08-06T00:50:25.000+0000,CN-00000093,スタイルテック総合計画,Activated,株式会社スタイルテック総合計画,Rendery Enterpriseプラン
"{'type': 'ContractLineItem__c', 'url': '/services/data/v67.0/sobjects/ContractLineItem__c/a03RB00001NswjUYAR'}",a03RB00001NswjUYAR,スタイルテック総合計画_2026/05,001RB00001VTrkbYAD,a04RB00000kUAP5YAO,a0BRB00000ynb702AA,2026/05,2026/05,2026-05-01,2026-05-31,a0CRB0000CcXZ6V2QW,,a00RB000024Ux5eYAC,75000,75000,False,False,5,2026-06-21T16:13:56.000+0000,2026-08-06T00:50:25.000+0000,CN-00000093,スタイルテック総合計画,Activated,株式会社スタイルテック総合計画,Rendery Enterpriseプラン
"{'type': 'ContractLineItem__c', 'url': '/services/data/v67.0/sobjects/ContractLineItem__c/a03RB00001NswjVYAR'}",a03RB00001NswjVYAR,株式会社ecoaハウス_2026/04,001RB00001VTrlqYAD,a04RB00000kUAP6YAO,a0BRB00000ynb712AA,2026/04,2026/04,2026-04-01,2026-04-30,a0CRB0000CcXZ6V2QW,,a00RB00002Am2AlYAJ,75000,75000,False,False,5,2026-06-21T16:13:56.000+0000,2026-08-06T00:50:25.000+0000,CN-00000094,株式会社ecoaハウス,Activated,株式会社ecoaハウス,Rendery Enterpriseプラン
"{'type': 'ContractLineItem__c', 'url': '/services/data/v67.0/sobjects/ContractLineItem__c/a03RB00001NswjWYAR'}",a03RB00001NswjWYAR,株式会社ecoaハウス_2026/05,001RB00001VTrlqYAD,a04RB00000kUAP6YAO,a0BRB00000ynb712AA,2026/05,2026/05,2026-05-01,2026-05-31,a0CRB0000CcXZ6V2QW,,a00RB000024Ux5fYAC,75000,75000,False,False,5,2026-06-21T16:13:56.000+0000,2026-08-06T00:50:25.000+0000,CN-00000094,株式会社ecoaハウス,Activated,株式会社ecoaハウス,Rendery Enterpriseプラン
"{'type': 'ContractLineItem__c', 'url': '/services/data/v67.0/sobjects/ContractLineItem__c/a03RB00001NswjXYAR'}",a03RB00001NswjXYAR,株式会社ドムコス_2026/04,001RB00001VTrqdYAD,a04RB00000kUAP7YAO,a0BRB00000ynb722AA,2026/04,2026/04,2026-04-01,2026-04-30,a0CRB0000CcXZ6Q2QW,,a00RB00002Am2AmYAJ,8000,8000,False,False,1,2026-06-21T16:13:56.000+0000,2026-08-06T00:50:25.000+0000,CN-00000095,株式会社ドムコス,Activated,株式会社ドムコス,Rendery Proプラン
"{'type': 'ContractLineItem__c', 'url': '/services/data/v67.0/sobjects/ContractLineItem__c/a03RB00001NswjYYAR'}",a03RB00001NswjYYAR,株式会社ドムコス_2026/05,001RB00001VTrqdYAD,a04RB00000kUAP7YAO,a0BRB00000ynb722AA,2026/05,2026/05,2026-05-01,2026-05-31,a0CRB0000CcXZ6Q2QW,,a00RB00002Am2B8YAJ,8000,8000,False,False,1,2026-06-21T16:13:56.000+0000,2026-08-06T00:50:25.000+0000,CN-00000095,株式会社ドムコス,Activated,株式会社ドムコス,Rendery Proプラン
"{'type': 'ContractLineItem__c', 'url': '/services/data/v67.0/sobjects/ContractLineItem__c/a03RB00001NswjeYAB'}",a03RB00001NswjeYAB,フィールド・デザイン・アーキテクツ一級建築士事務所_2026/04,001RB00001VTrqeYAD,a04RB00000kUAPAYA4,a0BRB00000ynb752AA,2026/04,2026/04,2026-04-01,2026-04-30,a0CRB0000CcXZ6Q2QW,,a00RB00002Am2AoYAJ,8000,8000,False,False,1,2026-06-21T16:13:56.000+0000,2026-08-06T00:50:25.000+0000,CN-00000098,フィールド・デザイン・アーキテクツ一級建築士事務所,Activated,株式会社フィールド・デザイン・アーキテクツ一級建築士事務所,Rendery Proプラン
"{'type': 'ContractLineItem__c', 'url': '/services/data/v67.0/sobjects/ContractLineItem__c/a03RB00001NswjfYAB'}",a03RB00001NswjfYAB,フィールド・デザイン・アーキテクツ一級建築士事務所_2026/05,001RB00001VTrqeYAD,a04RB00000kUAPAYA4,a0BRB00000ynb752AA,2026/05,2026/05,2026-05-01,2026-05-31,a0CRB0000CcXZ6Q2QW,,a00RB000024Ux5hYAC,8000,8000,False,False,1,2026-06-21T16:13:56.000+0000,2026-08-06T00:50:25.000+0000,CN-00000098,フィールド・デザイン・アーキテクツ一級建築士事務所,Activated,株式会社フィールド・デザイン・アーキテクツ一級建築士事務所,Rendery Proプラン
"{'type': 'ContractLineItem__c', 'url': '/services/data/v67.0/sobjects/ContractLineItem__c/a03RB00001NswjgYAB'}",a03RB00001NswjgYAB,株式会社ルミネ_2026/04,001RB00001VTrYEYA1,a04RB00000kUAPBYA4,a0BRB00000ynb762AA,2026/04,2026/04,2026-04-01,2026-04-30,a0CRB0000CcXZ6Q2QW,,a00RB00002Am2AqYAJ,8000,8000,True,False,1,2026-06-21T16:13:56.000+0000,2026-08-06T01:44:32.000+0000,CN-00000099,株式会社ルミネ,Activated,株式会社ルミネ,Rendery Proプラン
"{'type': 'ContractLineItem__c', 'url': '/services/data/v67.0/sobjects/ContractLineItem__c/a03RB00001NswjhYAB'}",a03RB00001NswjhYAB,株式会社ルミネ_2026/05,001RB00001VTrYEYA1,a04RB00000kUAPBYA4,a0BRB00000ynb762AA,2026/05,2026/05,2026-05-01,2026-05-31,a0CRB0000CcXZ6Q2QW,,a00RB00002Am2AuYAJ,8000,8000,True,False,1,2026-06-21T16:13:56.000+0000,2026-08-06T01:44:32.000+0000,CN-00000099,株式会社ルミネ,Activated,株式会社ルミネ,Rendery Proプラン
"{'type': 'ContractLineItem__c', 'url': '/services/data/v67.0/sobjects/ContractLineItem__c/a03RB00001Nswk6YAB'}",a03RB00001Nswk6YAB,株式会社安井建築設計事務所_2026/04,001RB00001VTqU8YAL,a04RB00000kUAPEYA4,a0BRB00000ynn552AA,2026/04,2026/04,2026-04-01,2026-04-30,a0CRB0000CcXZ6Q2QW,,a00RB000024Ux5HYAS,8000,8000,False,False,1,2026-06-21T16:13:56.000+0000,2026-08-06T00:50:25.000+0000,CN-00000102,株式会社安井建築設計事務所,Activated,株式会社安井建築設計事務所,Rendery Proプラン
"{'type': 'ContractLineItem__c', 'url': '/services/data/v67.0/sobjects/ContractLineItem__c/a03RB00001Nswk7YAB'}",a03RB00001Nswk7YAB,株式会社安井建築設計事務所_2026/05,001RB00001VTqU8YAL,a04RB00000kUAPEYA4,a0BRB00000ynn552AA,2026/05,2026/05,2026-05-01,2026-05-31,a0CRB0000CcXZ6Q2QW,,a00RB00002Am2AtYAJ,8000,8000,False,False,1,2026-06-21T16:13:56.000+0000,2026-08-06T00:50:25.000+0000,CN-00000102,株式会社安井建築設計事務所,Activated,株式会社安井建築設計事務所,Rendery Proプラン
"{'type': 'ContractLineItem__c', 'url': '/services/data/v67.0/sobjects/ContractLineItem__c/a03RB00001Nswk8YAB'}",a03RB00001Nswk8YAB,株式会社ジョイフル本田（Pro１アカウント）_2026/06,001RB00001VTqkQYAT,a04RB00000kUAPFYA4,a0BRB00000ynn562AA,2026/06,2026/06,2026-06-01,2026-06-30,a0CRB0000CcXZ6Q2QW,,a00RB00002Am2BfYAJ,8000,8000,True,False,1,2026-06-21T16:13:56.000+0000,2026-08-06T00:44:28.000+0000,CN-00000103,株式会社ジョイフル本田（Pro１アカウント）,Activated,株式会社ジョイフル本田,Rendery Proプラン
"{'type': 'ContractLineItem__c', 'url': '/services/data/v67.0/sobjects/ContractLineItem__c/a03RB00001NswkLYAR'}",a03RB00001NswkLYAR,西日本旅客鉄道株式会社 ビジネスデザイン部 JCLaaS事業部_2026/05,001RB00001VTro2YAD,a04RB00000kUAPHYA4,a0BRB00000ynn582AA,2026/05,2026/05,2026-05-01,2026-05-31,a0CRB0000CcXZ6Q2QW,,a00RB00002Am2B9YAJ,8000,8000,True,False,1,2026-06-21T16:13:56.000+0000,2026-08-06T01:44:32.000+0000,CN-00000105,西日本旅客鉄道株式会社 ビジネスデザイン部　JCLaaS事業部,Activated,西日本旅客鉄道株式会社,Rendery Proプラン
"{'type': 'ContractLineItem__c', 'url': '/services/data/v67.0/sobjects/ContractLineItem__c/a03RB00001NswkMYAR'}",a03RB00001NswkMYAR,株式会社乃村工藝社 カルチャー・コミュニケーション推進本部_2026/05,001RB00001VTCZZYA5,a04RB00000kUAPIYA4,a0BRB00000ynn592AA,2026/05,2026/05,2026-05-01,2026-05-31,a0CRB0000CcXZ6Q2QW,,a00RB00002Am2BAYAZ,32000,32000,True,False,4,2026-06-21T16:13:56.000+0000,2026-08-06T00:44:28.000+0000,CN-00000106,株式会社乃村工藝社  カルチャー・コミュニケーション推進本部,Activated,株式会社乃村工藝社,Rendery Proプラン
"{'type': 'ContractLineItem__c', 'url': '/services/data/v67.0/sobjects/ContractLineItem__c/a03RB00001NswkNYAR'}",a03RB00001NswkNYAR,株式会社乃村工藝社 カルチャー・コミュニケーション推進本部_2026/06,001RB00001VTCZZYA5,a04RB00000kUAPIYA4,a0BRB00000ynn592AA,2026/06,2026/06,2026-06-01,2026-06-30,a0CRB0000CcXZ6Q2QW,,a00RB00002Am2BAYAZ,32000,32000,True,False,4,2026-06-21T16:13:56.000+0000,2026-08-06T00:44:28.000+0000,CN-00000106,株式会社乃村工藝社  カルチャー・コミュニケーション推進本部,Activated,株式会社乃村工藝社,Rendery Proプラン
"{'type': 'ContractLineItem__c', 'url': '/services/data/v67.0/sobjects/ContractLineItem__c/a03RB00001NswkOYAR'}",a03RB00001NswkOYAR,梅林建設株式会社_2026/06,001RB00001VTrkSYAT,a04RB00000kUAPJYA4,a0BRB00000ynn5A2AQ,2026/06,2026/06,2026-06-01,2026-06-30,a0CRB0000Ck3ReH2QU,,a00RB00002B5oL3YAJ,,70000,False,False,5,2026-06-21T16:13:56.000+0000,2026-07-28T02:33:20.000+0000,CN-00000107,梅林建設株式会社,Activated,梅林建設株式会社,Rendery_Enterpriseプラン
"{'type': 'ContractLineItem__c', 'url': '/services/data/v67.0/sobjects/ContractLineItem__c/a03RB00001NswkdYAB'}",a03RB00001NswkdYAB,株式会社エリオクリエイト_2026/06,001RB00001VTrxYYAT,a04RB00000kUAPNYA4,a0BRB00000ynn5E2AQ,2026/06,2026/06,2026-06-01,2026-06-30,a0CRB0000CcXZ6Q2QW,,a00RB000027fzNvYAI,96000,96000,True,False,1,2026-06-21T16:13:56.000+0000,2026-08-06T00:44:28.000+0000,CN-00000111,株式会社エリオクリエイト,Activated,株式会社エリオクリエイト,Rendery Proプラン
"{'type': 'ContractLineItem__c', 'url': '/services/data/v67.0/sobjects/ContractLineItem__c/a03RB00001NswkeYAB'}",a03RB00001NswkeYAB,株式会社創建ホーム_2026/06,001RB00001VTrm3YAD,a04RB00000kUAPOYA4,a0BRB00000ynn5F2AQ,2026/06,2026/06,2026-06-01,2026-06-30,a0CRB0000CcXZ6Z2QW,,a00RB00002B5oL4YAJ,,1008000,False,False,6,2026-06-21T16:13:56.000+0000,2026-08-06T00:08:33.000+0000,CN-00000112,株式会社創建ホーム,Activated,創建ホーム株式会社,[年払] Rendery Enterpriseプラン
"{'type': 'ContractLineItem__c', 'url': '/services/data/v67.0/sobjects/ContractLineItem__c/a03RB00001QugoIYAR'}",a03RB00001QugoIYAR,Mig_freee請求移行_アイリスチトセ株式会社_2026/05_INV-0000000078,001RB00001VTqlZYAT,a04RB00000kVL7JYAW,a0BRB00000ypw5q2AA,2026/05,2026/05,2026-05-01,2026-05-31,a0CRB0000CcXZ6T2QW,,a00RB000024Ux5NYAS,77000,77000,False,False,7,2026-07-02T12:20:39.000+0000,2026-07-07T03:59:02.000+0000,CN-00000164,Mig_freee請求移行_アイリスチトセ株式会社,Draft,アイリスチトセ株式会社,[OLD] Rendery Enterpriseプラン(2025年9月まで)
"{'type': 'ContractLineItem__c', 'url': '/services/data/v67.0/sobjects/ContractLineItem__c/a03RB00001QugoJYAR'}",a03RB00001QugoJYAR,Mig_freee請求移行_クウジット株式会社_2026/05_INV-0000000100,001RB00001VcyFKYAZ,a04RB00000kVL7KYAW,a0BRB00000ypw5r2AA,2026/05,2026/05,2026-05-01,2026-05-31,a0CRB0000CcXZ6U2QW,,a00RB000024Ux5jYAC,150000,150000,False,False,11,2026-07-02T12:20:39.000+0000,2026-07-24T10:37:59.000+0000,CN-00000165,Mig_freee請求移行_クウジット株式会社,Draft,クウジット株式会社,[OLD_年払]Rendery Enterpriseプラン(2025年9月まで)
"{'type': 'ContractLineItem__c', 'url': '/services/data/v67.0/sobjects/ContractLineItem__c/a03RB00001QugoLYAR'}",a03RB00001QugoLYAR,Mig_freee請求移行_さいたま家づくりネットワーク事務局_2026/03_INV-0000000010,001RB00001VcyFLYAZ,a04RB00000kVL7MYAW,a0BRB00000ypw5t2AA,2026/03,2026/03,2026-03-01,2026-03-31,a0CRB0000CcXZ6e2QG,,a00RB000024Ux4HYAS,51940,51940,False,False,3,2026-07-02T12:20:39.000+0000,2026-07-23T07:04:31.000+0000,CN-00000167,Mig_freee請求移行_さいたま家づくりネットワーク事務局,Draft,さいたま家づくりネットワーク事務局,Rendery セキュリティオプション(ドメイン制限)_初期費用
"{'type': 'ContractLineItem__c', 'url': '/services/data/v67.0/sobjects/ContractLineItem__c/a03RB00001QugoSYAR'}",a03RB00001QugoSYAR,Mig_freee請求移行_株式会社アールシーコア_2026/03_INV-0000000024,001RB00001VTqxQYAT,a04RB00000kVL7SYAW,a0BRB00000ypw602AA,2026/03,2026/03,2026-03-01,2026-03-31,a0CRB0000CcXZ6V2QW,,a00RB000024Ux4VYAS,250000,250000,False,False,11,2026-07-02T12:20:39.000+0000,2026-07-02T12:20:39.000+0000,CN-00000173,Mig_freee請求移行_株式会社アールシーコア,Draft,株式会社アールシーコア,Rendery Enterpriseプラン
"{'type': 'ContractLineItem__c', 'url': '/services/data/v67.0/sobjects/ContractLineItem__c/a03RB00001QugoTYAR'}",a03RB00001QugoTYAR,Mig_freee請求移行_株式会社アールシーコア_2026/04_INV-0000000052,001RB00001VTqxQYAT,a04RB00000kVL7SYAW,a0BRB00000ypw612AA,2026/04,2026/04,2026-04-01,2026-04-30,a0CRB0000CcXZ6V2QW,,a00RB000024Ux4xYAC,250000,250000,False,False,11,2026-07-02T12:20:39.000+0000,2026-07-02T12:20:39.000+0000,CN-00000173,Mig_freee請求移行_株式会社アールシーコア,Draft,株式会社アールシーコア,Rendery Enterpriseプラン
"{'type': 'ContractLineItem__c', 'url': '/services/data/v67.0/sobjects/ContractLineItem__c/a03RB00001QugoUYAR'}",a03RB00001QugoUYAR,Mig_freee請求移行_株式会社アールシーコア_2026/05_INV-0000000083,001RB00001VTqxQYAT,a04RB00000kVL7SYAW,a0BRB00000ypw622AA,2026/05,2026/05,2026-05-01,2026-05-31,a0CRB0000CcXZ6V2QW,,a00RB000024Ux5SYAS,250000,250000,False,False,11,2026-07-02T12:20:39.000+0000,2026-07-07T03:59:02.000+0000,CN-00000173,Mig_freee請求移行_株式会社アールシーコア,Draft,株式会社アールシーコア,Rendery Enterpriseプラン
"{'type': 'ContractLineItem__c', 'url': '/services/data/v67.0/sobjects/ContractLineItem__c/a03RB00001QugoVYAR'}",a03RB00001QugoVYAR,Mig_freee請求移行_株式会社アールシーコア_2026/06_INV-0000000115,001RB00001VTqxQYAT,a04RB00000kVL7SYAW,a0BRB00000ypw632AA,2026/06,2026/06,2026-06-01,2026-06-30,a0CRB0000CcXZ6V2QW,,a00RB000024Vf2AYAS,250000,250000,False,False,11,2026-07-02T12:20:39.000+0000,2026-07-23T07:04:31.000+0000,CN-00000173,Mig_freee請求移行_株式会社アールシーコア,Draft,株式会社アールシーコア,Rendery Enterpriseプラン
"{'type': 'ContractLineItem__c', 'url': '/services/data/v67.0/sobjects/ContractLineItem__c/a03RB00001QugoWYAR'}",a03RB00001QugoWYAR,Mig_freee請求移行_株式会社アイ・キューブ_2026/03_INV-0000000042,001RB00001VTrlAYAT,a04RB00000kVL7TYAW,a0BRB00000ypw642AA,2026/03,2026/03,2026-03-01,2026-03-31,a0CRB0000CcXZ6V2QW,,a00RB000024Ux4nYAC,75000,75000,False,False,5,2026-07-02T12:20:39.000+0000,2026-07-02T12:20:39.000+0000,CN-00000174,Mig_freee請求移行_株式会社アイ・キューブ,Draft,株式会社アイ・キューブ,Rendery Enterpriseプラン
"{'type': 'ContractLineItem__c', 'url': '/services/data/v67.0/sobjects/ContractLineItem__c/a03RB00001QugoXYAR'}",a03RB00001QugoXYAR,Mig_freee請求移行_株式会社エリオクリエイト_2026/05_INV-0000000104,001RB00001VTrxYYAT,a04RB00000kVL7UYAW,a0BRB00000ypw652AA,2026/05,2026/05,2026-05-01,2026-05-31,a0CRB0000CcXZ6Q2QW,,a00RB000024Vf1zYAC,96000,96000,False,False,12,2026-07-02T12:20:39.000+0000,2026-07-02T12:20:39.000+0000,CN-00000175,Mig_freee請求移行_株式会社エリオクリエイト,Draft,株式会社エリオクリエイト,Rendery Proプラン
"{'type': 'ContractLineItem__c', 'url': '/services/data/v67.0/sobjects/ContractLineItem__c/a03RB00001QugoZYAR'}",a03RB00001QugoZYAR,Mig_freee請求移行_株式会社コスモスイニシア_2026/04_INV-0000000069,001RB00001VTqgBYAT,a04RB00000kVL7VYAW,a0BRB00000ypw672AA,2026/04,2026/04,2026-04-01,2026-04-30,a0CRB0000CcXZ6h2QG,,a00RB000024Ux5EYAS,604000,604000,False,False,4,2026-07-02T12:20:39.000+0000,2026-07-02T12:20:39.000+0000,CN-00000176,Mig_freee請求移行_株式会社コスモスイニシア,Draft,株式会社コスモスイニシア,Rendery セキュリティオプション+_運用費用
"{'type': 'ContractLineItem__c', 'url': '/services/data/v67.0/sobjects/ContractLineItem__c/a03RB00001QugoaYAB'}",a03RB00001QugoaYAB,Mig_freee請求移行_株式会社コスモスイニシア_2026/04_INV-0000000070,001RB00001VTqgBYAT,a04RB00000kVL7VYAW,a0BRB00000ypw672AA,2026/04,2026/04,2026-04-01,2026-04-30,a0CRB0000CcXZ6h2QG,,a00RB000024Ux5FYAS,1276000,1276000,False,False,8,2026-07-02T12:20:39.000+0000,2026-07-02T12:20:39.000+0000,CN-00000176,Mig_freee請求移行_株式会社コスモスイニシア,Draft,株式会社コスモスイニシア,Rendery セキュリティオプション+_運用費用
"{'type': 'ContractLineItem__c', 'url': '/services/data/v67.0/sobjects/ContractLineItem__c/a03RB00001QugocYAB'}",a03RB00001QugocYAB,Mig_freee請求移行_株式会社サンケイビル_2026/03_INV-0000000004,001RB00001VTrvXYAT,a04RB00000kVL7WYAW,a0BRB00000ypw692AA,2026/03,2026/03,2026-03-01,2026-03-31,a0CRB0000CcXZ6Z2QW,,a00RB000024Ux4BYAS,780000,780000,False,False,10,2026-07-02T12:20:39.000+0000,2026-07-02T12:20:39.000+0000,CN-00000177,Mig_freee請求移行_株式会社サンケイビル,Draft,株式会社サンケイビル,[年払] Rendery Enterpriseプラン
"{'type': 'ContractLineItem__c', 'url': '/services/data/v67.0/sobjects/ContractLineItem__c/a03RB00001QugohYAB'}",a03RB00001QugohYAB,Mig_freee請求移行_株式会社石勝エクステリア_2026/03_INV-0000000023,001RB00001VTqnMYAT,a04RB00000kVL7aYAG,a0BRB00000ypw6E2AQ,2026/03,2026/03,2026-03-01,2026-03-31,a0CRB0000CcXZ6T2QW,,a00RB000024Ux4UYAS,140000,140000,False,False,11,2026-07-02T12:20:39.000+0000,2026-07-02T12:20:39.000+0000,CN-00000181,Mig_freee請求移行_株式会社石勝エクステリア,Draft,株式会社石勝エクステリア,[OLD] Rendery Enterpriseプラン(2025年9月まで)
"{'type': 'ContractLineItem__c', 'url': '/services/data/v67.0/sobjects/ContractLineItem__c/a03RB00001QugojYAB'}",a03RB00001QugojYAB,Mig_freee請求移行_近鉄不動産株式会社_2026/05_INV-0000000103,001RB00001VTrvcYAD,a04RB00000kVL7cYAG,a0BRB00000ypw6G2AQ,2026/05,2026/05,2026-05-01,2026-05-31,a0CRB0000CcXZ6V2QW,,a00RB000024Vf1yYAC,295000,295000,False,False,14,2026-07-02T12:20:39.000+0000,2026-07-02T12:20:39.000+0000,CN-00000183,Mig_freee請求移行_近鉄不動産株式会社,Draft,近鉄不動産株式会社,Rendery Enterpriseプラン
"{'type': 'ContractLineItem__c', 'url': '/services/data/v67.0/sobjects/ContractLineItem__c/a03RB00001QugosYAB'}",a03RB00001QugosYAB,Mig_freee請求移行_帝国不動産株式会社_2026/06_INV-0000000109,001RB00001VcyFPYAZ,a04RB00000kVL7hYAG,a0BRB00000ypw6N2AQ,2026/06,2026/06,2026-06-01,2026-06-30,a0CRB0000CcXZ6Q2QW,,a00RB000024Vf24YAC,48000,48000,False,False,6,2026-07-02T12:20:39.000+0000,2026-07-24T11:59:32.000+0000,CN-00000188,Mig_freee請求移行_帝国不動産株式会社,Draft,帝国不動産株式会社,Rendery Proプラン
"{'type': 'ContractLineItem__c', 'url': '/services/data/v67.0/sobjects/ContractLineItem__c/a03RB00001QugotYAB'}",a03RB00001QugotYAB,Mig_freee請求移行_東急不動産株式会社_2026/03_INV-0000000019,001RB00001VTqUVYA1,a04RB00000kVL7iYAG,a0BRB00000ypw6O2AQ,2026/03,2026/03,2026-03-01,2026-03-31,a0CRB0000CcXZ6T2QW,,a00RB000024Ux4QYAS,209000,209000,False,False,19,2026-07-02T12:20:39.000+0000,2026-07-02T12:20:39.000+0000,CN-00000189,Mig_freee請求移行_東急不動産株式会社,Draft,東急不動産株式会社,[OLD] Rendery Enterpriseプラン(2025年9月まで)
"{'type': 'ContractLineItem__c', 'url': '/services/data/v67.0/sobjects/ContractLineItem__c/a03RB00001QugouYAB'}",a03RB00001QugouYAB,Mig_freee請求移行_東急不動産株式会社_2026/04_INV-0000000048,001RB00001VTqUVYA1,a04RB00000kVL7iYAG,a0BRB00000ypw6P2AQ,2026/04,2026/04,2026-04-01,2026-04-30,a0CRB0000CcXZ6T2QW,,a00RB000024Ux4tYAC,209000,209000,False,False,19,2026-07-02T12:20:39.000+0000,2026-07-02T12:20:39.000+0000,CN-00000189,Mig_freee請求移行_東急不動産株式会社,Draft,東急不動産株式会社,[OLD] Rendery Enterpriseプラン(2025年9月まで)
"{'type': 'ContractLineItem__c', 'url': '/services/data/v67.0/sobjects/ContractLineItem__c/a03RB00001QugovYAB'}",a03RB00001QugovYAB,Mig_freee請求移行_東急不動産株式会社_2026/05_INV-0000000079,001RB00001VTqUVYA1,a04RB00000kVL7iYAG,a0BRB00000ypw6Q2AQ,2026/05,2026/05,2026-05-01,2026-05-31,a0CRB0000CcXZ6T2QW,,a00RB000024Ux5OYAS,209000,209000,False,False,19,2026-07-02T12:20:39.000+0000,2026-07-07T03:59:02.000+0000,CN-00000189,Mig_freee請求移行_東急不動産株式会社,Draft,東急不動産株式会社,[OLD] Rendery Enterpriseプラン(2025年9月まで)
"{'type': 'ContractLineItem__c', 'url': '/services/data/v67.0/sobjects/ContractLineItem__c/a03RB00001QugowYAB'}",a03RB00001QugowYAB,Mig_freee請求移行_東急不動産株式会社_2026/06_INV-0000000111,001RB00001VTqUVYA1,a04RB00000kVL7iYAG,a0BRB00000ypw6R2AQ,2026/06,2026/06,2026-06-01,2026-06-30,a0CRB0000CcXZ6T2QW,,a00RB000024Vf26YAC,209000,209000,False,False,19,2026-07-02T12:20:39.000+0000,2026-07-23T07:04:31.000+0000,CN-00000189,Mig_freee請求移行_東急不動産株式会社,Draft,東急不動産株式会社,[OLD] Rendery Enterpriseプラン(2025年9月まで)
"{'type': 'ContractLineItem__c', 'url': '/services/data/v67.0/sobjects/ContractLineItem__c/a03RB00001QugoxYAB'}",a03RB00001QugoxYAB,Mig_freee請求移行_野村不動産株式会社_2026/04_INV-0000000068,001RB00001VTCYEYA5,a04RB00000kVL7jYAG,a0BRB00000ypw6S2AQ,2026/04,2026/04,2026-04-01,2026-04-30,a0CRB0000CcXZ6V2QW,,a00RB000024Ux5DYAS,600000,600000,False,False,12,2026-07-02T12:20:39.000+0000,2026-07-02T12:20:39.000+0000,CN-00000190,Mig_freee請求移行_野村不動産株式会社,Draft,野村不動産株式会社,Rendery Enterpriseプラン
"{'type': 'ContractLineItem__c', 'url': '/services/data/v67.0/sobjects/ContractLineItem__c/a03RB00001QugoyYAB'}",a03RB00001QugoyYAB,Mig_freee請求移行_野村不動産株式会社_2026/04_INV-0000000071,001RB00001VTCYEYA5,a04RB00000kVL7jYAG,a0BRB00000ypw6S2AQ,2026/04,2026/04,2026-04-01,2026-04-30,a0CRB0000CcXZ6V2QW,,a00RB000024Ux5GYAS,280000,280000,False,False,12,2026-07-02T12:20:39.000+0000,2026-07-02T12:20:39.000+0000,CN-00000190,Mig_freee請求移行_野村不動産株式会社,Draft,野村不動産株式会社,Rendery Enterpriseプラン
"{'type': 'ContractLineItem__c', 'url': '/services/data/v67.0/sobjects/ContractLineItem__c/a03RB00001RIREcYAP'}",a03RB00001RIREcYAP,サンフロンティア不動産株式会社_2026/06,001RB00001VTqlYYAT,a04RB00000kUANdYAO,a0BRB00000ynb5Y2AQ,2026/06,2026/06,2026-06-01,2026-06-30,a0CRB0000CcXZ6Q2QW,,a00RB00002Am2BhYAJ,64000,64000,False,False,8,2026-07-04T23:31:09.000+0000,2026-07-23T07:04:32.000+0000,CN-00000003,サンフロンティア不動産株式会社,Activated,サンフロンティア不動産株式会社,Rendery Proプラン
"{'type': 'ContractLineItem__c', 'url': '/services/data/v67.0/sobjects/ContractLineItem__c/a03RB00001RIREgYAP'}",a03RB00001RIREgYAP,ムゲンエステート_2026/06,001RB00001VTqlOYAT,a04RB00000kUANmYAO,a0BRB00000ynb5h2AA,2026/06,2026/06,2026-06-01,2026-06-30,a0CRB0000CcXZ6Q2QW,,a00RB00002Am2BpYAJ,8000,8000,True,False,1,2026-07-04T23:31:09.000+0000,2026-08-06T00:08:33.000+0000,CN-00000012,ムゲンエステート,Activated,株式会社ムゲンエステート,Rendery Proプラン
"{'type': 'ContractLineItem__c', 'url': '/services/data/v67.0/sobjects/ContractLineItem__c/a03RB00001RIRElYAP'}",a03RB00001RIRElYAP,株式会社TRIAD_2026/06,001RB00001VTqUoYAL,a04RB00000kUANwYAO,a0BRB00000ynb5r2AA,2026/06,2026/06,2026-06-01,2026-06-30,a0CRB0000CcXZ6Q2QW,,a00RB00002Am2BoYAJ,8000,8000,True,False,1,2026-07-04T23:31:09.000+0000,2026-08-06T00:08:33.000+0000,CN-00000022,株式会社TRIAD,Activated,株式会社TRIAD,Rendery Proプラン
"{'type': 'ContractLineItem__c', 'url': '/services/data/v67.0/sobjects/ContractLineItem__c/a03RB00001RIREnYAP'}",a03RB00001RIREnYAP,戸田建設(設計部:月額)_2026/06,001RB00001VTrmnYAD,a04RB00000kUAO0YAO,a0BRB00000ynb5v2AA,2026/06,2026/06,2026-06-01,2026-06-30,a0CRB0000CcXZ6T2QW,,a00RB00002Am2BqYAJ,55000,55000,True,False,5,2026-07-04T23:31:09.000+0000,2026-08-06T00:08:33.000+0000,CN-00000026,戸田建設(設計部:月額),Activated,戸田建設株式会社,[OLD] Rendery Enterpriseプラン(2025年9月まで)
"{'type': 'ContractLineItem__c', 'url': '/services/data/v67.0/sobjects/ContractLineItem__c/a03RB00001RIRErYAP'}",a03RB00001RIRErYAP,47内装株式会社_2026/06,001RB00001VTCYGYA5,a04RB00000kUAO1YAO,a0BRB00000ynb5w2AA,2026/06,2026/06,2026-06-01,2026-06-30,a0CRB0000CcXZ6T2QW,,a00RB00002Am2BmYAJ,55000,55000,True,False,5,2026-07-04T23:31:09.000+0000,2026-08-06T00:08:33.000+0000,CN-00000027,47内装株式会社,Activated,47内装株式会社,[OLD] Rendery Enterpriseプラン(2025年9月まで)
"{'type': 'ContractLineItem__c', 'url': '/services/data/v67.0/sobjects/ContractLineItem__c/a03RB00001RIREtYAP'}",a03RB00001RIREtYAP,ANAスカイビルサービス株式会社　※郵送希望_2026/06,001RB00001VTCYFYA5,a04RB00000kUAO2YAO,a0BRB00000ynb5x2AA,2026/06,2026/06,2026-06-01,2026-06-30,a0CRB0000CcXZ6Q2QW,,a00RB00002Am2BlYAJ,16000,16000,True,False,2,2026-07-04T23:31:09.000+0000,2026-08-06T00:08:33.000+0000,CN-00000028,ANAスカイビルサービス株式会社　※郵送希望,Activated,ANAスカイビルサービス株式会社,Rendery Proプラン
"{'type': 'ContractLineItem__c', 'url': '/services/data/v67.0/sobjects/ContractLineItem__c/a03RB00001RIREuYAP'}",a03RB00001RIREuYAP,吉村紳　一級建築士事務所_2026/06,001RB00001VTqU3YAL,a04RB00000kUAO7YAO,a0BRB00000ynb622AA,2026/06,2026/06,2026-06-01,2026-06-30,a0CRB0000CcXZ6Q2QW,,a00RB00002Am2BkYAJ,8000,8000,True,False,1,2026-07-04T23:31:09.000+0000,2026-08-06T00:08:33.000+0000,CN-00000033,吉村紳　一級建築士事務所,Activated,吉村紳 一級建築士事務所,Rendery Proプラン
"{'type': 'ContractLineItem__c', 'url': '/services/data/v67.0/sobjects/ContractLineItem__c/a03RB00001RIREvYAP'}",a03RB00001RIREvYAP,株式会社デザインアーク_2026/06,001RB00001VTruAYAT,a04RB00000kUAOAYA4,a0BRB00000ynb652AA,2026/06,2026/06,2026-06-01,2026-06-30,a0CRB0000CcXZ6V2QW,,a00RB00002BahLdYAJ,55000,55000,False,False,5,2026-07-04T23:31:09.000+0000,2026-08-06T00:50:25.000+0000,CN-00000036,株式会社デザインアーク,Activated,株式会社デザインアーク,Rendery Enterpriseプラン
"{'type': 'ContractLineItem__c', 'url': '/services/data/v67.0/sobjects/ContractLineItem__c/a03RB00001RIREwYAP'}",a03RB00001RIREwYAP,野原グループ株式会社_2026/06,001RB00001VTqbbYAD,a04RB00000kUAOFYA4,a0BRB00000ynb6A2AQ,2026/06,2026/06,2026-06-01,2026-06-30,a0CRB0000CcXZ6Q2QW,,a00RB00002Am2BjYAJ,8000,8000,True,False,1,2026-07-04T23:31:09.000+0000,2026-08-06T00:08:33.000+0000,CN-00000041,野原グループ株式会社,Activated,野原グループ株式会社,Rendery Proプラン
"{'type': 'ContractLineItem__c', 'url': '/services/data/v67.0/sobjects/ContractLineItem__c/a03RB00001RIRF6YAP'}",a03RB00001RIRF6YAP,JOA株式会社_2026/06,001RB00001VTqmBYAT,a04RB00000kUAORYA4,a0BRB00000ynb6M2AQ,2026/06,2026/06,2026-06-01,2026-06-30,a0CRB0000CcXZ6T2QW,,a00RB00002Am2BrYAJ,55000,55000,True,False,5,2026-07-04T23:31:09.000+0000,2026-08-06T00:08:33.000+0000,CN-00000053,JOA株式会社,Activated,JOA株式会社,[OLD] Rendery Enterpriseプラン(2025年9月まで)
"{'type': 'ContractLineItem__c', 'url': '/services/data/v67.0/sobjects/ContractLineItem__c/a03RB00001RIRFCYA5'}",a03RB00001RIRFCYA5,株式会社紀伊國屋書店_2026/06,001RB00001VTrUSYA1,a04RB00000kUAP1YAO,a0BRB00000ynb6w2AA,2026/06,2026/06,2026-06-01,2026-06-30,a0CRB0000CcXZ6Q2QW,,a00RB00002Am2BbYAJ,40000,40000,True,False,5,2026-07-04T23:31:09.000+0000,2026-08-06T00:08:33.000+0000,CN-00000089,株式会社紀伊國屋書店,Activated,株式会社紀伊國屋書店,Rendery Proプラン
"{'type': 'ContractLineItem__c', 'url': '/services/data/v67.0/sobjects/ContractLineItem__c/a03RB00001RIRFEYA5'}",a03RB00001RIRFEYA5,フィールド・デザイン・アーキテクツ一級建築士事務所_2026/06,001RB00001VTrqeYAD,a04RB00000kUAPAYA4,a0BRB00000ynb752AA,2026/06,2026/06,2026-06-01,2026-06-30,a0CRB0000CcXZ6Q2QW,,a00RB00002Am2BaYAJ,8000,8000,False,False,1,2026-07-04T23:31:09.000+0000,2026-07-23T07:04:32.000+0000,CN-00000098,フィールド・デザイン・アーキテクツ一級建築士事務所,Activated,株式会社フィールド・デザイン・アーキテクツ一級建築士事務所,Rendery Proプラン
"{'type': 'ContractLineItem__c', 'url': '/services/data/v67.0/sobjects/ContractLineItem__c/a03RB00001RIRFFYA5'}",a03RB00001RIRFFYA5,株式会社ルミネ_2026/06,001RB00001VTrYEYA1,a04RB00000kUAPBYA4,a0BRB00000ynb762AA,2026/06,2026/06,2026-06-01,2026-06-30,a0CRB0000CcXZ6Q2QW,,a00RB00002Am2BdYAJ,8000,8000,True,False,1,2026-07-04T23:31:09.000+0000,2026-08-06T00:08:33.000+0000,CN-00000099,株式会社ルミネ,Activated,株式会社ルミネ,Rendery Proプラン
"{'type': 'ContractLineItem__c', 'url': '/services/data/v67.0/sobjects/ContractLineItem__c/a03RB00001RIRFGYA5'}",a03RB00001RIRFGYA5,株式会社安井建築設計事務所_2026/06,001RB00001VTqU8YAL,a04RB00000kUAPEYA4,a0BRB00000ynn552AA,2026/06,2026/06,2026-06-01,2026-06-30,a0CRB0000CcXZ6Q2QW,,a00RB00002Am2BcYAJ,8000,8000,False,False,1,2026-07-04T23:31:09.000+0000,2026-07-23T07:04:32.000+0000,CN-00000102,株式会社安井建築設計事務所,Activated,株式会社安井建築設計事務所,Rendery Proプラン
"{'type': 'ContractLineItem__c', 'url': '/services/data/v67.0/sobjects/ContractLineItem__c/a03RB00001RIRFHYA5'}",a03RB00001RIRFHYA5,西日本旅客鉄道株式会社 ビジネスデザイン部　JCLaaS事業部_2026/06,001RB00001VTro2YAD,a04RB00000kUAPHYA4,a0BRB00000ynn582AA,2026/06,2026/06,2026-06-01,2026-06-30,a0CRB0000CcXZ6Q2QW,,a00RB00002Am2BeYAJ,8000,8000,True,False,1,2026-07-04T23:31:09.000+0000,2026-08-06T00:08:33.000+0000,CN-00000105,西日本旅客鉄道株式会社 ビジネスデザイン部　JCLaaS事業部,Activated,西日本旅客鉄道株式会社,Rendery Proプラン
"{'type': 'ContractLineItem__c', 'url': '/services/data/v67.0/sobjects/ContractLineItem__c/a03RB00001RISiYYAX'}",a03RB00001RISiYYAX,Mig_freee請求移行_三井不動産レジデンシャルリース株式会社(ソリューション推進部)_2026/06_INV-0000000112,001RB00001VTqbXYAT,a04RB00000kUAOTYA4,a0BRB00000ynb6O2AQ,2026/06,2026/06,2026-06-01,2026-06-30,a0CRB0000CcXZ6T2QW,,a00RB000024Vf27YAC,132000,132000,False,False,12,2026-07-04T23:27:30.000+0000,2026-07-23T07:04:32.000+0000,CN-00000055,三井不動産レジデンシャルリース株式会社(ソリューション推進部),Activated,三井不動産レジデンシャルリース株式会社,[OLD] Rendery Enterpriseプラン(2025年9月まで)
"{'type': 'ContractLineItem__c', 'url': '/services/data/v67.0/sobjects/ContractLineItem__c/a03RB00001RISibYAH'}",a03RB00001RISibYAH,Mig_freee請求移行_株式会社錢高組_2026/06_INV-0000000118,001RB00001VTqW8YAL,a04RB00000kUAOpYAO,a0BRB00000ynb6k2AA,2026/06,2026/06,2026-06-01,2026-06-30,a0CRB0000CcXZ6Q2QW,,a00RB000024Vf2DYAS,24000,24000,False,False,3,2026-07-04T23:27:30.000+0000,2026-07-23T07:04:32.000+0000,CN-00000077,株式会社錢高組,Activated,株式会社 錢高組,Rendery Proプラン
"{'type': 'ContractLineItem__c', 'url': '/services/data/v67.0/sobjects/ContractLineItem__c/a03RB00001RISicYAH'}",a03RB00001RISicYAH,Mig_freee請求移行_フロンヴィルホームズ名古屋株式会社_2026/06_INV-0000000119,001RB00001VTr0hYAD,a04RB00000kUAOhYAO,a0BRB00000ynb6c2AA,2026/06,2026/06,2026-06-01,2026-06-30,a0CRB0000CcXZ6Q2QW,,a00RB00002Am2BRYAZ,8000,8000,False,False,1,2026-07-04T23:27:30.000+0000,2026-07-23T07:04:32.000+0000,CN-00000069,フロンヴィルホームズ名古屋株式会社,Activated,フロンヴィルホームズ名古屋株式会社,Rendery Proプラン
"{'type': 'ContractLineItem__c', 'url': '/services/data/v67.0/sobjects/ContractLineItem__c/a03RB00001RISifYAH'}",a03RB00001RISifYAH,Mig_freee請求移行_Phantom株式会社_2026/06_INV-0000000122,001RB00001VTrkRYAT,a04RB00000kUAOtYAO,a0BRB00000ynb6o2AA,2026/06,2026/06,2026-06-01,2026-06-30,a0CRB0000CcXZ6Q2QW,,a00RB00002Am2BTYAZ,16000,16000,False,False,2,2026-07-04T23:27:30.000+0000,2026-07-23T07:04:32.000+0000,CN-00000081,Phantom株式会社,Activated,Phantom株式会社,Rendery Proプラン
"{'type': 'ContractLineItem__c', 'url': '/services/data/v67.0/sobjects/ContractLineItem__c/a03RB00001RISigYAH'}",a03RB00001RISigYAH,Mig_freee請求移行_柏井建設株式会社_2026/06_INV-0000000123,001RB00001VTrI5YAL,a04RB00000kUAP0YAO,a0BRB00000ynb6v2AA,2026/06,2026/06,2026-06-01,2026-06-30,a0CRB0000CcXZ6V2QW,,a00RB000024Vf2IYAS,75000,75000,False,False,5,2026-07-04T23:27:30.000+0000,2026-07-23T07:04:32.000+0000,CN-00000088,柏井建設株式会社,Activated,柏井建設 株式会社,Rendery Enterpriseプラン
"{'type': 'ContractLineItem__c', 'url': '/services/data/v67.0/sobjects/ContractLineItem__c/a03RB00001RISihYAH'}",a03RB00001RISihYAH,Mig_freee請求移行_花菱不動産株式会社_2026/06_INV-0000000124,001RB00001VTrlBYAT,a04RB00000kUAOyYAO,a0BRB00000ynb6t2AA,2026/06,2026/06,2026-06-01,2026-06-30,a0CRB0000CcXZ6Q2QW,,a00RB00002Am2BUYAZ,16000,16000,False,False,2,2026-07-04T23:27:30.000+0000,2026-07-23T07:04:32.000+0000,CN-00000086,花菱不動産株式会社,Activated,花菱不動産株式会社,Rendery Proプラン
"{'type': 'ContractLineItem__c', 'url': '/services/data/v67.0/sobjects/ContractLineItem__c/a03RB00001RISiiYAH'}",a03RB00001RISiiYAH,Mig_freee請求移行_コンチネンタルホーム株式会社_2026/06_INV-0000000125,001RB00001VTqgHYAT,a04RB00000kUAOzYAO,a0BRB00000ynb6u2AA,2026/06,2026/06,2026-06-01,2026-06-30,a0CRB0000CcXZ6Q2QW,,a00RB000024Vf2KYAS,24000,24000,False,False,3,2026-07-04T23:27:30.000+0000,2026-08-06T00:50:25.000+0000,CN-00000087,コンチネンタルホーム株式会社,Expired,コンチネンタルホーム株式会社,Rendery Proプラン
"{'type': 'ContractLineItem__c', 'url': '/services/data/v67.0/sobjects/ContractLineItem__c/a03RB00001RISijYAH'}",a03RB00001RISijYAH,Mig_freee請求移行_三井住友建設株式会社_2026/06_INV-0000000126,001RB00001VTqeXYAT,a04RB00000kUAP3YAO,a0BRB00000ynb6y2AA,2026/06,2026/06,2026-06-01,2026-06-30,a0CRB0000CcXZ6Q2QW,,a00RB00002Am2BVYAZ,8000,8000,False,False,1,2026-07-04T23:27:30.000+0000,2026-07-23T07:04:32.000+0000,CN-00000091,三井住友建設株式会社,Activated,三井住友建設株式会社,Rendery Proプラン
"{'type': 'ContractLineItem__c', 'url': '/services/data/v67.0/sobjects/ContractLineItem__c/a03RB00001RISikYAH'}",a03RB00001RISikYAH,Mig_freee請求移行_スタイルテック総合計画_2026/06_INV-0000000127,001RB00001VTrkbYAD,a04RB00000kUAP5YAO,a0BRB00000ynb702AA,2026/06,2026/06,2026-06-01,2026-06-30,a0CRB0000CcXZ6V2QW,,a00RB00002Am2BWYAZ,75000,75000,False,False,5,2026-07-04T23:27:30.000+0000,2026-07-23T07:04:32.000+0000,CN-00000093,スタイルテック総合計画,Activated,株式会社スタイルテック総合計画,Rendery Enterpriseプラン
"{'type': 'ContractLineItem__c', 'url': '/services/data/v67.0/sobjects/ContractLineItem__c/a03RB00001RISilYAH'}",a03RB00001RISilYAH,Mig_freee請求移行_株式会社ecoaハウス_2026/06_INV-0000000128,001RB00001VTrlqYAD,a04RB00000kUAP6YAO,a0BRB00000ynb712AA,2026/06,2026/06,2026-06-01,2026-06-30,a0CRB0000CcXZ6V2QW,,a00RB00002Am2BXYAZ,75000,75000,False,False,5,2026-07-04T23:27:30.000+0000,2026-07-23T07:04:32.000+0000,CN-00000094,株式会社ecoaハウス,Activated,株式会社ecoaハウス,Rendery Enterpriseプラン
"{'type': 'ContractLineItem__c', 'url': '/services/data/v67.0/sobjects/ContractLineItem__c/a03RB00001RISimYAH'}",a03RB00001RISimYAH,Mig_freee請求移行_株式会社ドムコス_2026/06_INV-0000000129,001RB00001VTrqdYAD,a04RB00000kUAP7YAO,a0BRB00000ynb722AA,2026/06,2026/06,2026-06-01,2026-06-30,a0CRB0000CcXZ6Q2QW,,a00RB00002Am2BYYAZ,8000,8000,False,False,1,2026-07-04T23:27:30.000+0000,2026-07-23T07:04:32.000+0000,CN-00000095,株式会社ドムコス,Activated,株式会社ドムコス,Rendery Proプラン
"{'type': 'ContractLineItem__c', 'url': '/services/data/v67.0/sobjects/ContractLineItem__c/a03RB00001RISinYAH'}",a03RB00001RISinYAH,Mig_freee請求移行_Asplead株式会社_2026/06_INV-0000000130,001RB00001VTqnvYAD,a04RB00000kUAP4YAO,a0BRB00000ynb6z2AA,2026/06,2026/06,2026-06-01,2026-06-30,a0CRB0000CcXZ6Q2QW,,a00RB00002Am2BZYAZ,16000,16000,False,False,2,2026-07-04T23:27:30.000+0000,2026-07-23T07:04:32.000+0000,CN-00000092,Asplead株式会社,Activated,Asplead株式会社,Rendery Proプラン
"{'type': 'ContractLineItem__c', 'url': '/services/data/v67.0/sobjects/ContractLineItem__c/a03RB00001RcABBYA3'}",a03RB00001RcABBYA3,サンフロンティア不動産株式会社_2026/07,001RB00001VTqlYYAT,a04RB00000kUANdYAO,a0BRB00000ynb5Y2AQ,2026/07,2026/07,2026-07-01,2026-07-31,a0CRB0000CcXZ6Q2QW,,a00RB00002Am2BhYAJ,64000,64000,False,False,8,2026-07-06T21:50:01.000+0000,2026-07-23T07:04:32.000+0000,CN-00000003,サンフロンティア不動産株式会社,Activated,サンフロンティア不動産株式会社,Rendery Proプラン
"{'type': 'ContractLineItem__c', 'url': '/services/data/v67.0/sobjects/ContractLineItem__c/a03RB00001RcABCYA3'}",a03RB00001RcABCYA3,株式会社フロンティアコンサルティング_2026/07,001RB00001VTqlHYAT,a04RB00000kUANiYAO,a0BRB00000ynb5d2AA,2026/07,2026/07,2026-07-01,2026-07-31,a0CRB0000CcXZ6T2QW,,a00RB00002Am2BiYAJ,550000,550000,False,False,50,2026-07-06T21:50:01.000+0000,2026-07-23T07:04:32.000+0000,CN-00000008,株式会社フロンティアコンサルティング,Activated,株式会社フロンティアコンサルティング,[OLD] Rendery Enterpriseプラン(2025年9月まで)
"{'type': 'ContractLineItem__c', 'url': '/services/data/v67.0/sobjects/ContractLineItem__c/a03RB00001RcABEYA3'}",a03RB00001RcABEYA3,東急株式会社_2026/07,001RB00001VTrs0YAD,a04RB00000kUANgYAO,a0BRB00000ynb5b2AA,2026/07,2026/07,2026-07-01,2026-07-31,a0CRB0000CcXZ6T2QW,,,11000,11000,True,False,1,2026-07-06T21:50:01.000+0000,2026-08-06T02:03:49.000+0000,CN-00000006,東急株式会社,Activated,東急株式会社,[OLD] Rendery Enterpriseプラン(2025年9月まで)
"{'type': 'ContractLineItem__c', 'url': '/services/data/v67.0/sobjects/ContractLineItem__c/a03RB00001RcABGYA3'}",a03RB00001RcABGYA3,ムゲンエステート_2026/07,001RB00001VTqlOYAT,a04RB00000kUANmYAO,a0BRB00000ynb5h2AA,2026/07,2026/07,2026-07-01,2026-07-31,a0CRB0000CcXZ6Q2QW,,a00RB00002Am2BpYAJ,8000,8000,True,False,1,2026-07-06T21:50:01.000+0000,2026-08-06T00:08:33.000+0000,CN-00000012,ムゲンエステート,Activated,株式会社ムゲンエステート,Rendery Proプラン
"{'type': 'ContractLineItem__c', 'url': '/services/data/v67.0/sobjects/ContractLineItem__c/a03RB00001RcABMYA3'}",a03RB00001RcABMYA3,株式会社TRIAD_2026/07,001RB00001VTqUoYAL,a04RB00000kUANwYAO,a0BRB00000ynb5r2AA,2026/07,2026/07,2026-07-01,2026-07-31,a0CRB0000CcXZ6Q2QW,,a00RB00002Am2BoYAJ,8000,8000,True,False,1,2026-07-06T21:50:01.000+0000,2026-08-06T00:08:33.000+0000,CN-00000022,株式会社TRIAD,Activated,株式会社TRIAD,Rendery Proプラン
"{'type': 'ContractLineItem__c', 'url': '/services/data/v67.0/sobjects/ContractLineItem__c/a03RB00001RcABOYA3'}",a03RB00001RcABOYA3,戸田建設(設計部:月額)_2026/07,001RB00001VTrmnYAD,a04RB00000kUAO0YAO,a0BRB00000ynb5v2AA,2026/07,2026/07,2026-07-01,2026-07-31,a0CRB0000CcXZ6T2QW,,a00RB00002Am2BqYAJ,55000,55000,True,False,5,2026-07-06T21:50:01.000+0000,2026-08-06T00:08:33.000+0000,CN-00000026,戸田建設(設計部:月額),Activated,戸田建設株式会社,[OLD] Rendery Enterpriseプラン(2025年9月まで)
"{'type': 'ContractLineItem__c', 'url': '/services/data/v67.0/sobjects/ContractLineItem__c/a03RB00001RcABSYA3'}",a03RB00001RcABSYA3,47内装株式会社_2026/07,001RB00001VTCYGYA5,a04RB00000kUAO1YAO,a0BRB00000ynb5w2AA,2026/07,2026/07,2026-07-01,2026-07-31,a0CRB0000CcXZ6T2QW,,a00RB00002Am2BmYAJ,55000,55000,True,False,5,2026-07-06T21:50:01.000+0000,2026-08-06T00:08:33.000+0000,CN-00000027,47内装株式会社,Activated,47内装株式会社,[OLD] Rendery Enterpriseプラン(2025年9月まで)
"{'type': 'ContractLineItem__c', 'url': '/services/data/v67.0/sobjects/ContractLineItem__c/a03RB00001RcABUYA3'}",a03RB00001RcABUYA3,ANAスカイビルサービス株式会社　※郵送希望_2026/07,001RB00001VTCYFYA5,a04RB00000kUAO2YAO,a0BRB00000ynb5x2AA,2026/07,2026/07,2026-07-01,2026-07-31,a0CRB0000CcXZ6Q2QW,,a00RB00002Am2BlYAJ,16000,16000,True,False,2,2026-07-06T21:50:01.000+0000,2026-08-06T00:08:33.000+0000,CN-00000028,ANAスカイビルサービス株式会社　※郵送希望,Activated,ANAスカイビルサービス株式会社,Rendery Proプラン
"{'type': 'ContractLineItem__c', 'url': '/services/data/v67.0/sobjects/ContractLineItem__c/a03RB00001RcABVYA3'}",a03RB00001RcABVYA3,吉村紳　一級建築士事務所_2026/07,001RB00001VTqU3YAL,a04RB00000kUAO7YAO,a0BRB00000ynb622AA,2026/07,2026/07,2026-07-01,2026-07-31,a0CRB0000CcXZ6Q2QW,,a00RB00002Am2BkYAJ,8000,8000,True,False,1,2026-07-06T21:50:01.000+0000,2026-08-06T00:08:33.000+0000,CN-00000033,吉村紳　一級建築士事務所,Activated,吉村紳 一級建築士事務所,Rendery Proプラン
"{'type': 'ContractLineItem__c', 'url': '/services/data/v67.0/sobjects/ContractLineItem__c/a03RB00001RcABWYA3'}",a03RB00001RcABWYA3,株式会社デザインアーク_2026/07,001RB00001VTruAYAT,a04RB00000kUAOAYA4,a0BRB00000ynb652AA,2026/07,2026/07,2026-07-01,2026-07-31,a0CRB0000CcXZ6V2QW,,,55000,55000,False,False,5,2026-07-06T21:50:01.000+0000,2026-08-06T00:50:25.000+0000,CN-00000036,株式会社デザインアーク,Activated,株式会社デザインアーク,Rendery Enterpriseプラン
"{'type': 'ContractLineItem__c', 'url': '/services/data/v67.0/sobjects/ContractLineItem__c/a03RB00001RcABXYA3'}",a03RB00001RcABXYA3,株式会社アーキテクト・ディベロッパー（5月1日より帝国不動産株式会社）_2026/07,001RB00001VTrtrYAD,a04RB00000kUAOEYA4,a0BRB00000ynb692AA,2026/07,2026/07,2026-07-01,2026-07-31,a0CRB0000CcXZ6Q2QW,,,48000,48000,False,False,6,2026-07-06T21:50:01.000+0000,2026-08-06T00:50:25.000+0000,CN-00000040,株式会社アーキテクト・ディベロッパー（5月1日より帝国不動産株式会社）,Activated,株式会社アーキテクト・ディベロッパー,Rendery Proプラン
"{'type': 'ContractLineItem__c', 'url': '/services/data/v67.0/sobjects/ContractLineItem__c/a03RB00001RcABYYA3'}",a03RB00001RcABYYA3,野原グループ株式会社_2026/07,001RB00001VTqbbYAD,a04RB00000kUAOFYA4,a0BRB00000ynb6A2AQ,2026/07,2026/07,2026-07-01,2026-07-31,a0CRB0000CcXZ6Q2QW,,a00RB00002Am2BjYAJ,8000,8000,True,False,1,2026-07-06T21:50:01.000+0000,2026-08-06T00:08:33.000+0000,CN-00000041,野原グループ株式会社,Activated,野原グループ株式会社,Rendery Proプラン
"{'type': 'ContractLineItem__c', 'url': '/services/data/v67.0/sobjects/ContractLineItem__c/a03RB00001RcABiYAN'}",a03RB00001RcABiYAN,JOA株式会社_2026/07,001RB00001VTqmBYAT,a04RB00000kUAORYA4,a0BRB00000ynb6M2AQ,2026/07,2026/07,2026-07-01,2026-07-31,a0CRB0000CcXZ6T2QW,,a00RB00002Am2BrYAJ,55000,55000,True,False,5,2026-07-06T21:50:01.000+0000,2026-08-06T00:08:33.000+0000,CN-00000053,JOA株式会社,Activated,JOA株式会社,[OLD] Rendery Enterpriseプラン(2025年9月まで)
"{'type': 'ContractLineItem__c', 'url': '/services/data/v67.0/sobjects/ContractLineItem__c/a03RB00001RcABjYAN'}",a03RB00001RcABjYAN,三井不動産レジデンシャルリース株式会社(ソリューション推進部)_2026/07,001RB00001VTqbXYAT,a04RB00000kUAOTYA4,a0BRB00000ynb6O2AQ,2026/07,2026/07,2026-07-01,2026-07-31,a0CRB0000CcXZ6T2QW,,a00RB000024Vf27YAC,132000,132000,False,False,12,2026-07-06T21:50:01.000+0000,2026-07-23T07:04:32.000+0000,CN-00000055,三井不動産レジデンシャルリース株式会社(ソリューション推進部),Activated,三井不動産レジデンシャルリース株式会社,[OLD] Rendery Enterpriseプラン(2025年9月まで)
"{'type': 'ContractLineItem__c', 'url': '/services/data/v67.0/sobjects/ContractLineItem__c/a03RB00001RcABkYAN'}",a03RB00001RcABkYAN,株式会社LIXIL住宅研究所 リノベーション推進室_2026/07,001RB00001VTraTYAT,a04RB00000kUAOUYA4,a0BRB00000ynb6P2AQ,2026/07,2026/07,2026-07-01,2026-07-31,a0CRB0000CcXZ6d2QG,,,8000,8000,False,False,1,2026-07-06T21:50:01.000+0000,2026-08-06T00:50:25.000+0000,CN-00000056,株式会社LIXIL住宅研究所 リノベーション推進室,Activated,株式会社 LIXIL住宅研究所,Rendery セキュリティオプション(IP制限)_運用費用
"{'type': 'ContractLineItem__c', 'url': '/services/data/v67.0/sobjects/ContractLineItem__c/a03RB00001RcABrYAN'}",a03RB00001RcABrYAN,株式会社三越伊勢丹プロパティデザイン_2026/07,001RB00001VTqxsYAD,a04RB00000kUAOfYAO,a0BRB00000ynb6a2AA,2026/07,2026/07,2026-07-01,2026-07-31,a0CRB0000CcXZ6Q2QW,,a00RB000024Vf29YAC,48000,48000,False,False,6,2026-07-06T21:50:01.000+0000,2026-07-23T07:04:32.000+0000,CN-00000067,株式会社三越伊勢丹プロパティデザイン,Activated,三越伊勢丹プロパティ・デザイン株式会社,Rendery Proプラン
"{'type': 'ContractLineItem__c', 'url': '/services/data/v67.0/sobjects/ContractLineItem__c/a03RB00001RcABsYAN'}",a03RB00001RcABsYAN,豊通ファシリティーズ株式会社　建築・設計部_2026/07,001RB00001VTqy1YAD,a04RB00000kUAOgYAO,a0BRB00000ynb6b2AA,2026/07,2026/07,2026-07-01,2026-07-31,a0CRB0000CcXZ6Q2QW,,a00RB00002Am2BPYAZ,16000,16000,False,False,2,2026-07-06T21:50:01.000+0000,2026-07-23T07:04:32.000+0000,CN-00000068,豊通ファシリティーズ株式会社　建築・設計部,Activated,豊通ファシリティーズ株式会社,Rendery Proプラン
"{'type': 'ContractLineItem__c', 'url': '/services/data/v67.0/sobjects/ContractLineItem__c/a03RB00001RcABwYAN'}",a03RB00001RcABwYAN,株式会社錢高組_2026/07,001RB00001VTqW8YAL,a04RB00000kUAOpYAO,a0BRB00000ynb6k2AA,2026/07,2026/07,2026-07-01,2026-07-31,a0CRB0000CcXZ6Q2QW,,a00RB000024Vf2DYAS,24000,24000,False,False,3,2026-07-06T21:50:01.000+0000,2026-07-23T07:04:32.000+0000,CN-00000077,株式会社錢高組,Activated,株式会社 錢高組,Rendery Proプラン
"{'type': 'ContractLineItem__c', 'url': '/services/data/v67.0/sobjects/ContractLineItem__c/a03RB00001RcABxYAN'}",a03RB00001RcABxYAN,Phantom株式会社_2026/07,001RB00001VTrkRYAT,a04RB00000kUAOtYAO,a0BRB00000ynb6o2AA,2026/07,2026/07,2026-07-01,2026-07-31,a0CRB0000CcXZ6Q2QW,,a00RB00002Am2BTYAZ,16000,16000,False,False,2,2026-07-06T21:50:01.000+0000,2026-07-23T07:04:32.000+0000,CN-00000081,Phantom株式会社,Activated,Phantom株式会社,Rendery Proプラン
"{'type': 'ContractLineItem__c', 'url': '/services/data/v67.0/sobjects/ContractLineItem__c/a03RB00001RcAC0YAN'}",a03RB00001RcAC0YAN,フロンヴィルホームズ名古屋株式会社_2026/07,001RB00001VTr0hYAD,a04RB00000kUAOhYAO,a0BRB00000ynb6c2AA,2026/07,2026/07,2026-07-01,2026-07-31,a0CRB0000CcXZ6Q2QW,,a00RB00002Am2BRYAZ,20000,20000,False,False,,2026-07-06T21:50:01.000+0000,2026-07-23T07:04:32.000+0000,CN-00000069,フロンヴィルホームズ名古屋株式会社,Activated,フロンヴィルホームズ名古屋株式会社,Rendery Proプラン
"{'type': 'ContractLineItem__c', 'url': '/services/data/v67.0/sobjects/ContractLineItem__c/a03RB00001RcAC1YAN'}",a03RB00001RcAC1YAN,柏井建設株式会社_2026/07,001RB00001VTrI5YAL,a04RB00000kUAP0YAO,a0BRB00000ynb6v2AA,2026/07,2026/07,2026-07-01,2026-07-31,a0CRB0000CcXZ6V2QW,,a00RB000024Vf2IYAS,75000,75000,False,False,5,2026-07-06T21:50:01.000+0000,2026-07-23T07:04:32.000+0000,CN-00000088,柏井建設株式会社,Activated,柏井建設 株式会社,Rendery Enterpriseプラン
"{'type': 'ContractLineItem__c', 'url': '/services/data/v67.0/sobjects/ContractLineItem__c/a03RB00001RcAC2YAN'}",a03RB00001RcAC2YAN,三井住友建設株式会社_2026/07,001RB00001VTqeXYAT,a04RB00000kUAP3YAO,a0BRB00000ynb6y2AA,2026/07,2026/07,2026-07-01,2026-07-31,a0CRB0000CcXZ6Q2QW,,a00RB00002Am2BVYAZ,8000,8000,False,False,1,2026-07-06T21:50:01.000+0000,2026-07-23T07:04:32.000+0000,CN-00000091,三井住友建設株式会社,Activated,三井住友建設株式会社,Rendery Proプラン
"{'type': 'ContractLineItem__c', 'url': '/services/data/v67.0/sobjects/ContractLineItem__c/a03RB00001RcAC5YAN'}",a03RB00001RcAC5YAN,花菱不動産株式会社_2026/07,001RB00001VTrlBYAT,a04RB00000kUAOyYAO,a0BRB00000ynb6t2AA,2026/07,2026/07,2026-07-01,2026-07-31,a0CRB0000CcXZ6Q2QW,,a00RB00002Am2BUYAZ,16000,16000,False,False,2,2026-07-06T21:50:01.000+0000,2026-07-23T07:04:32.000+0000,CN-00000086,花菱不動産株式会社,Activated,花菱不動産株式会社,Rendery Proプラン
"{'type': 'ContractLineItem__c', 'url': '/services/data/v67.0/sobjects/ContractLineItem__c/a03RB00001RcAC6YAN'}",a03RB00001RcAC6YAN,コンチネンタルホーム株式会社_2026/07,001RB00001VTqgHYAT,a04RB00000kUAOzYAO,a0BRB00000ynb6u2AA,2026/07,2026/07,2026-07-01,2026-07-31,a0CRB0000CcXZ6Q2QW,,,24000,24000,False,False,3,2026-07-06T21:50:01.000+0000,2026-08-06T00:50:25.000+0000,CN-00000087,コンチネンタルホーム株式会社,Expired,コンチネンタルホーム株式会社,Rendery Proプラン
"{'type': 'ContractLineItem__c', 'url': '/services/data/v67.0/sobjects/ContractLineItem__c/a03RB00001RcAC7YAN'}",a03RB00001RcAC7YAN,株式会社紀伊國屋書店_2026/07,001RB00001VTrUSYA1,a04RB00000kUAP1YAO,a0BRB00000ynb6w2AA,2026/07,2026/07,2026-07-01,2026-07-31,a0CRB0000CcXZ6Q2QW,,a00RB00002Am2BbYAJ,40000,40000,True,False,5,2026-07-06T21:50:01.000+0000,2026-08-06T00:08:33.000+0000,CN-00000089,株式会社紀伊國屋書店,Activated,株式会社紀伊國屋書店,Rendery Proプラン
"{'type': 'ContractLineItem__c', 'url': '/services/data/v67.0/sobjects/ContractLineItem__c/a03RB00001RcAC8YAN'}",a03RB00001RcAC8YAN,Asplead株式会社_2026/07,001RB00001VTqnvYAD,a04RB00000kUAP4YAO,a0BRB00000ynb6z2AA,2026/07,2026/07,2026-07-01,2026-07-31,a0CRB0000CcXZ6Q2QW,,a00RB00002Am2BZYAZ,16000,16000,False,False,2,2026-07-06T21:50:01.000+0000,2026-07-23T07:04:32.000+0000,CN-00000092,Asplead株式会社,Activated,Asplead株式会社,Rendery Proプラン
"{'type': 'ContractLineItem__c', 'url': '/services/data/v67.0/sobjects/ContractLineItem__c/a03RB00001RcAC9YAN'}",a03RB00001RcAC9YAN,スタイルテック総合計画_2026/07,001RB00001VTrkbYAD,a04RB00000kUAP5YAO,a0BRB00000ynb702AA,2026/07,2026/07,2026-07-01,2026-07-31,a0CRB0000CcXZ6V2QW,,a00RB00002Am2BWYAZ,75000,75000,False,False,5,2026-07-06T21:50:01.000+0000,2026-07-23T07:04:32.000+0000,CN-00000093,スタイルテック総合計画,Activated,株式会社スタイルテック総合計画,Rendery Enterpriseプラン
"{'type': 'ContractLineItem__c', 'url': '/services/data/v67.0/sobjects/ContractLineItem__c/a03RB00001RcACAYA3'}",a03RB00001RcACAYA3,株式会社ecoaハウス_2026/07,001RB00001VTrlqYAD,a04RB00000kUAP6YAO,a0BRB00000ynb712AA,2026/07,2026/07,2026-07-01,2026-07-31,a0CRB0000CcXZ6V2QW,,a00RB00002Am2BXYAZ,75000,75000,False,False,5,2026-07-06T21:50:01.000+0000,2026-07-23T07:04:32.000+0000,CN-00000094,株式会社ecoaハウス,Activated,株式会社ecoaハウス,Rendery Enterpriseプラン
"{'type': 'ContractLineItem__c', 'url': '/services/data/v67.0/sobjects/ContractLineItem__c/a03RB00001RcACBYA3'}",a03RB00001RcACBYA3,株式会社ドムコス_2026/07,001RB00001VTrqdYAD,a04RB00000kUAP7YAO,a0BRB00000ynb722AA,2026/07,2026/07,2026-07-01,2026-07-31,a0CRB0000CcXZ6Q2QW,,a00RB00002Am2BYYAZ,8000,8000,False,False,1,2026-07-06T21:50:01.000+0000,2026-07-23T07:04:32.000+0000,CN-00000095,株式会社ドムコス,Activated,株式会社ドムコス,Rendery Proプラン
"{'type': 'ContractLineItem__c', 'url': '/services/data/v67.0/sobjects/ContractLineItem__c/a03RB00001RcACEYA3'}",a03RB00001RcACEYA3,フィールド・デザイン・アーキテクツ一級建築士事務所_2026/07,001RB00001VTrqeYAD,a04RB00000kUAPAYA4,a0BRB00000ynb752AA,2026/07,2026/07,2026-07-01,2026-07-31,a0CRB0000CcXZ6Q2QW,,a00RB00002Am2BaYAJ,8000,8000,False,False,1,2026-07-06T21:50:01.000+0000,2026-07-23T07:04:32.000+0000,CN-00000098,フィールド・デザイン・アーキテクツ一級建築士事務所,Activated,株式会社フィールド・デザイン・アーキテクツ一級建築士事務所,Rendery Proプラン
"{'type': 'ContractLineItem__c', 'url': '/services/data/v67.0/sobjects/ContractLineItem__c/a03RB00001RcACFYA3'}",a03RB00001RcACFYA3,株式会社ルミネ_2026/07,001RB00001VTrYEYA1,a04RB00000kUAPBYA4,a0BRB00000ynb762AA,2026/07,2026/07,2026-07-01,2026-07-31,a0CRB0000CcXZ6Q2QW,,a00RB00002Am2BdYAJ,8000,8000,True,False,1,2026-07-06T21:50:01.000+0000,2026-08-06T00:08:33.000+0000,CN-00000099,株式会社ルミネ,Activated,株式会社ルミネ,Rendery Proプラン
"{'type': 'ContractLineItem__c', 'url': '/services/data/v67.0/sobjects/ContractLineItem__c/a03RB00001RcACGYA3'}",a03RB00001RcACGYA3,株式会社安井建築設計事務所_2026/07,001RB00001VTqU8YAL,a04RB00000kUAPEYA4,a0BRB00000ynn552AA,2026/07,2026/07,2026-07-01,2026-07-31,a0CRB0000CcXZ6Q2QW,,a00RB00002Am2BcYAJ,8000,8000,False,False,1,2026-07-06T21:50:01.000+0000,2026-07-23T07:04:32.000+0000,CN-00000102,株式会社安井建築設計事務所,Activated,株式会社安井建築設計事務所,Rendery Proプラン
"{'type': 'ContractLineItem__c', 'url': '/services/data/v67.0/sobjects/ContractLineItem__c/a03RB00001RcACHYA3'}",a03RB00001RcACHYA3,西日本旅客鉄道株式会社 ビジネスデザイン部　JCLaaS事業部_2026/07,001RB00001VTro2YAD,a04RB00000kUAPHYA4,a0BRB00000ynn582AA,2026/07,2026/07,2026-07-01,2026-07-31,a0CRB0000CcXZ6Q2QW,,a00RB00002Am2BeYAJ,8000,8000,True,False,1,2026-07-06T21:50:01.000+0000,2026-08-06T00:08:33.000+0000,CN-00000105,西日本旅客鉄道株式会社 ビジネスデザイン部　JCLaaS事業部,Activated,西日本旅客鉄道株式会社,Rendery Proプラン
"{'type': 'ContractLineItem__c', 'url': '/services/data/v67.0/sobjects/ContractLineItem__c/a03RB00001RcACIYA3'}",a03RB00001RcACIYA3,株式会社乃村工藝社  カルチャー・コミュニケーション推進本部_2026/07,001RB00001VTCZZYA5,a04RB00000kUAPIYA4,a0BRB00000ynn592AA,2026/07,2026/07,2026-07-01,2026-07-31,a0CRB0000CcXZ6Q2QW,,,32000,32000,True,False,4,2026-07-06T21:50:01.000+0000,2026-08-06T02:03:49.000+0000,CN-00000106,株式会社乃村工藝社  カルチャー・コミュニケーション推進本部,Activated,株式会社乃村工藝社,Rendery Proプラン
"{'type': 'ContractLineItem__c', 'url': '/services/data/v67.0/sobjects/ContractLineItem__c/a03RB00001RcACJYA3'}",a03RB00001RcACJYA3,株式会社ジョイフル本田（Pro１アカウント）_2026/07,001RB00001VTqkQYAT,a04RB00000kUAPFYA4,a0BRB00000ynn562AA,2026/07,2026/07,2026-07-01,2026-07-31,a0CRB0000CcXZ6Q2QW,,a00RB00002Am2BfYAJ,8000,8000,True,False,1,2026-07-06T21:50:01.000+0000,2026-08-06T00:08:33.000+0000,CN-00000103,株式会社ジョイフル本田（Pro１アカウント）,Activated,株式会社ジョイフル本田,Rendery Proプラン
"{'type': 'ContractLineItem__c', 'url': '/services/data/v67.0/sobjects/ContractLineItem__c/a03RB00001RcACNYA3'}",a03RB00001RcACNYA3,株式会社エリオクリエイト_2026/07,001RB00001VTrxYYAT,a04RB00000kUAPNYA4,a0BRB00000ynn5E2AQ,2026/07,2026/07,2026-07-01,2026-07-31,a0CRB0000CcXZ6Q2QW,,a00RB000027fzNvYAI,96000,96000,True,False,1,2026-07-06T21:50:01.000+0000,2026-08-06T00:08:33.000+0000,CN-00000111,株式会社エリオクリエイト,Activated,株式会社エリオクリエイト,Rendery Proプラン
"{'type': 'ContractLineItem__c', 'url': '/services/data/v67.0/sobjects/ContractLineItem__c/a03RB00001RcACOYA3'}",a03RB00001RcACOYA3,株式会社創建ホーム_2026/07,001RB00001VTrm3YAD,a04RB00000kUAPOYA4,a0BRB00000ynn5F2AQ,2026/07,2026/07,2026-07-01,2026-07-31,a0CRB0000CcXZ6Z2QW,,a00RB00002B5oL4YAJ,1008000,1008000,False,False,6,2026-07-06T21:50:01.000+0000,2026-08-06T00:08:33.000+0000,CN-00000112,株式会社創建ホーム,Activated,創建ホーム株式会社,[年払] Rendery Enterpriseプラン
"{'type': 'ContractLineItem__c', 'url': '/services/data/v67.0/sobjects/ContractLineItem__c/a03RB00001RcAfpYAF'}",a03RB00001RcAfpYAF,野村不動産株式会社　商業事業本部_2026/07,001RB00001VTCYEYA5,a04RB00000lZ54zYAC,a0BRB0000100Bsb2AE,2026/07,2026/07,2026-07-01,2026-07-31,a0CRB0000CcXZ6X2QW,a09RB000010S68bYAC,,140000,140000,True,False,120,2026-07-06T21:53:46.000+0000,2026-07-06T21:53:46.000+0000,CN-00000191,野村不動産株式会社　商業事業本部,Activated,野村不動産株式会社,[年払] Rendery Enterpriseプラン　※MRR計上用
"{'type': 'ContractLineItem__c', 'url': '/services/data/v67.0/sobjects/ContractLineItem__c/a03RB00001RcAfqYAF'}",a03RB00001RcAfqYAF,野村不動産株式会社　商業事業本部_2026/07,001RB00001VTCYEYA5,a04RB00000lZ54zYAC,a0BRB0000100Bsb2AE,2026/07,2026/07,2026-07-01,2026-07-31,a0CRB0000CcXZ6b2QG,a09RB000010Ty8LYAS,,30000,30000,True,False,12,2026-07-06T21:53:46.000+0000,2026-07-06T21:53:46.000+0000,CN-00000191,野村不動産株式会社　商業事業本部,Activated,野村不動産株式会社,Rendery セキュリティオプション(SSO)_運用費用
"{'type': 'ContractLineItem__c', 'url': '/services/data/v67.0/sobjects/ContractLineItem__c/a03RB00001STmGpYAL'}",a03RB00001STmGpYAL,サンフロンティア不動産株式会社_2026/08,001RB00001VTqlYYAT,a04RB00000kUANdYAO,a0BRB000010uujm2AA,2026/08,2026/08,2026-08-01,2026-08-31,a0CRB0000CcXZ6Q2QW,,,64000,64000,False,False,8,2026-07-10T16:30:03.000+0000,2026-07-10T16:30:03.000+0000,CN-00000003,サンフロンティア不動産株式会社,Activated,サンフロンティア不動産株式会社,Rendery Proプラン
"{'type': 'ContractLineItem__c', 'url': '/services/data/v67.0/sobjects/ContractLineItem__c/a03RB00001STmGqYAL'}",a03RB00001STmGqYAL,東急株式会社_2026/08,001RB00001VTrs0YAD,a04RB00000kUANgYAO,a0BRB000010uujn2AA,2026/08,2026/08,2026-08-01,2026-08-31,a0CRB0000CcXZ6T2QW,,,11000,11000,True,False,1,2026-07-10T16:30:03.000+0000,2026-08-06T02:03:49.000+0000,CN-00000006,東急株式会社,Activated,東急株式会社,[OLD] Rendery Enterpriseプラン(2025年9月まで)
"{'type': 'ContractLineItem__c', 'url': '/services/data/v67.0/sobjects/ContractLineItem__c/a03RB00001STmGrYAL'}",a03RB00001STmGrYAL,株式会社フロンティアコンサルティング_2026/08,001RB00001VTqlHYAT,a04RB00000kUANiYAO,a0BRB000010uujo2AA,2026/08,2026/08,2026-08-01,2026-08-31,a0CRB0000CcXZ6T2QW,,,550000,550000,False,False,50,2026-07-10T16:30:03.000+0000,2026-07-10T16:30:03.000+0000,CN-00000008,株式会社フロンティアコンサルティング,Activated,株式会社フロンティアコンサルティング,[OLD] Rendery Enterpriseプラン(2025年9月まで)
"{'type': 'ContractLineItem__c', 'url': '/services/data/v67.0/sobjects/ContractLineItem__c/a03RB00001STmGtYAL'}",a03RB00001STmGtYAL,ムゲンエステート_2026/08,001RB00001VTqlOYAT,a04RB00000kUANmYAO,a0BRB000010uujq2AA,2026/08,2026/08,2026-08-01,2026-08-31,a0CRB0000CcXZ6Q2QW,,a00RB00002FLyB6YAL,8000,8000,True,False,1,2026-07-10T16:30:03.000+0000,2026-08-19T10:26:08.000+0000,CN-00000012,ムゲンエステート,Activated,株式会社ムゲンエステート,Rendery Proプラン
"{'type': 'ContractLineItem__c', 'url': '/services/data/v67.0/sobjects/ContractLineItem__c/a03RB00001STmGwYAL'}",a03RB00001STmGwYAL,株式会社TRIAD_2026/08,001RB00001VTqUoYAL,a04RB00000kUANwYAO,a0BRB000010uujv2AA,2026/08,2026/08,2026-08-01,2026-08-31,a0CRB0000CcXZ6Q2QW,,a00RB00002FLyB4YAL,8000,8000,True,False,1,2026-07-10T16:30:03.000+0000,2026-08-19T10:26:08.000+0000,CN-00000022,株式会社TRIAD,Activated,株式会社TRIAD,Rendery Proプラン
"{'type': 'ContractLineItem__c', 'url': '/services/data/v67.0/sobjects/ContractLineItem__c/a03RB00001STmGzYAL'}",a03RB00001STmGzYAL,47内装株式会社_2026/08,001RB00001VTCYGYA5,a04RB00000kUAO1YAO,a0BRB000010uujy2AA,2026/08,2026/08,2026-08-01,2026-08-31,a0CRB0000CcXZ6T2QW,,,55000,55000,True,False,5,2026-07-10T16:30:03.000+0000,2026-08-06T02:03:49.000+0000,CN-00000027,47内装株式会社,Activated,47内装株式会社,[OLD] Rendery Enterpriseプラン(2025年9月まで)
"{'type': 'ContractLineItem__c', 'url': '/services/data/v67.0/sobjects/ContractLineItem__c/a03RB00001STmH0YAL'}",a03RB00001STmH0YAL,ANAスカイビルサービス株式会社　※郵送希望_2026/08,001RB00001VTCYFYA5,a04RB00000kUAO2YAO,a0BRB000010uujz2AA,2026/08,2026/08,2026-08-01,2026-08-31,a0CRB0000CcXZ6Q2QW,,a00RB00002FLyB2YAL,16000,16000,True,False,2,2026-07-10T16:30:03.000+0000,2026-08-19T10:26:08.000+0000,CN-00000028,ANAスカイビルサービス株式会社　※郵送希望,Activated,ANAスカイビルサービス株式会社,Rendery Proプラン
"{'type': 'ContractLineItem__c', 'url': '/services/data/v67.0/sobjects/ContractLineItem__c/a03RB00001STmH1YAL'}",a03RB00001STmH1YAL,吉村紳　一級建築士事務所_2026/08,001RB00001VTqU3YAL,a04RB00000kUAO7YAO,a0BRB000010uuk02AA,2026/08,2026/08,2026-08-01,2026-08-31,a0CRB0000CcXZ6Q2QW,,a00RB00002FLyB1YAL,8000,8000,True,False,1,2026-07-10T16:30:03.000+0000,2026-08-19T10:26:08.000+0000,CN-00000033,吉村紳　一級建築士事務所,Activated,吉村紳 一級建築士事務所,Rendery Proプラン
"{'type': 'ContractLineItem__c', 'url': '/services/data/v67.0/sobjects/ContractLineItem__c/a03RB00001STmH2YAL'}",a03RB00001STmH2YAL,株式会社デザインアーク_2026/08,001RB00001VTruAYAT,a04RB00000kUAOAYA4,a0BRB000010uuk12AA,2026/08,2026/08,2026-08-01,2026-08-31,a0CRB0000CcXZ6V2QW,,,55000,55000,False,False,5,2026-07-10T16:30:03.000+0000,2026-07-10T16:30:03.000+0000,CN-00000036,株式会社デザインアーク,Activated,株式会社デザインアーク,Rendery Enterpriseプラン
"{'type': 'ContractLineItem__c', 'url': '/services/data/v67.0/sobjects/ContractLineItem__c/a03RB00001STmH3YAL'}",a03RB00001STmH3YAL,株式会社アーキテクト・ディベロッパー（5月1日より帝国不動産株式会社）_2026/08,001RB00001VTrtrYAD,a04RB00000kUAOEYA4,a0BRB000010uuk22AA,2026/08,2026/08,2026-08-01,2026-08-31,a0CRB0000CcXZ6Q2QW,,,48000,48000,False,False,6,2026-07-10T16:30:03.000+0000,2026-07-10T16:30:03.000+0000,CN-00000040,株式会社アーキテクト・ディベロッパー（5月1日より帝国不動産株式会社）,Activated,株式会社アーキテクト・ディベロッパー,Rendery Proプラン
"{'type': 'ContractLineItem__c', 'url': '/services/data/v67.0/sobjects/ContractLineItem__c/a03RB00001STmH4YAL'}",a03RB00001STmH4YAL,野原グループ株式会社_2026/08,001RB00001VTqbbYAD,a04RB00000kUAOFYA4,a0BRB000010uuk32AA,2026/08,2026/08,2026-08-01,2026-08-31,a0CRB0000CcXZ6Q2QW,,a00RB00002FLyAzYAL,8000,8000,True,False,1,2026-07-10T16:30:03.000+0000,2026-08-19T10:26:08.000+0000,CN-00000041,野原グループ株式会社,Activated,野原グループ株式会社,Rendery Proプラン
"{'type': 'ContractLineItem__c', 'url': '/services/data/v67.0/sobjects/ContractLineItem__c/a03RB00001STmH9YAL'}",a03RB00001STmH9YAL,JOA株式会社_2026/08,001RB00001VTqmBYAT,a04RB00000kUAORYA4,a0BRB000010uuk92AA,2026/08,2026/08,2026-08-01,2026-08-31,a0CRB0000CcXZ6T2QW,,a00RB00002FLyBCYA1,55000,55000,True,False,5,2026-07-10T16:30:03.000+0000,2026-08-19T10:26:08.000+0000,CN-00000053,JOA株式会社,Activated,JOA株式会社,[OLD] Rendery Enterpriseプラン(2025年9月まで)
"{'type': 'ContractLineItem__c', 'url': '/services/data/v67.0/sobjects/ContractLineItem__c/a03RB00001STmHAYA1'}",a03RB00001STmHAYA1,三井不動産レジデンシャルリース株式会社(ソリューション推進部)_2026/08,001RB00001VTqbXYAT,a04RB00000kUAOTYA4,a0BRB000010uukA2AQ,2026/08,2026/08,2026-08-01,2026-08-31,a0CRB0000CcXZ6T2QW,,,132000,132000,False,False,12,2026-07-10T16:30:03.000+0000,2026-07-10T16:30:03.000+0000,CN-00000055,三井不動産レジデンシャルリース株式会社(ソリューション推進部),Activated,三井不動産レジデンシャルリース株式会社,[OLD] Rendery Enterpriseプラン(2025年9月まで)
"{'type': 'ContractLineItem__c', 'url': '/services/data/v67.0/sobjects/ContractLineItem__c/a03RB00001STmHBYA1'}",a03RB00001STmHBYA1,株式会社LIXIL住宅研究所 リノベーション推進室_2026/08,001RB00001VTraTYAT,a04RB00000kUAOUYA4,a0BRB000010uukB2AQ,2026/08,2026/08,2026-08-01,2026-08-31,a0CRB0000CcXZ6d2QG,,,8000,8000,False,False,1,2026-07-10T16:30:03.000+0000,2026-07-10T16:30:03.000+0000,CN-00000056,株式会社LIXIL住宅研究所 リノベーション推進室,Activated,株式会社 LIXIL住宅研究所,Rendery セキュリティオプション(IP制限)_運用費用
"{'type': 'ContractLineItem__c', 'url': '/services/data/v67.0/sobjects/ContractLineItem__c/a03RB00001STmHFYA1'}",a03RB00001STmHFYA1,株式会社三越伊勢丹プロパティデザイン_2026/08,001RB00001VTqxsYAD,a04RB00000kUAOfYAO,a0BRB000010uukF2AQ,2026/08,2026/08,2026-08-01,2026-08-31,a0CRB0000CcXZ6Q2QW,,,48000,48000,False,False,6,2026-07-10T16:30:03.000+0000,2026-07-10T16:30:03.000+0000,CN-00000067,株式会社三越伊勢丹プロパティデザイン,Activated,三越伊勢丹プロパティ・デザイン株式会社,Rendery Proプラン
"{'type': 'ContractLineItem__c', 'url': '/services/data/v67.0/sobjects/ContractLineItem__c/a03RB00001STmHGYA1'}",a03RB00001STmHGYA1,豊通ファシリティーズ株式会社　建築・設計部_2026/08,001RB00001VTqy1YAD,a04RB00000kUAOgYAO,a0BRB000010uukG2AQ,2026/08,2026/08,2026-08-01,2026-08-31,a0CRB0000CcXZ6Q2QW,,a00RB00002FL0DIYA1,16000,16000,False,False,2,2026-07-10T16:30:03.000+0000,2026-08-19T10:25:53.000+0000,CN-00000068,豊通ファシリティーズ株式会社　建築・設計部,Activated,豊通ファシリティーズ株式会社,Rendery Proプラン
"{'type': 'ContractLineItem__c', 'url': '/services/data/v67.0/sobjects/ContractLineItem__c/a03RB00001STmHIYA1'}",a03RB00001STmHIYA1,株式会社錢高組_2026/08,001RB00001VTqW8YAL,a04RB00000kUAOpYAO,a0BRB000010uukK2AQ,2026/08,2026/08,2026-08-01,2026-08-31,a0CRB0000CcXZ6Q2QW,,,24000,24000,False,False,3,2026-07-10T16:30:03.000+0000,2026-07-10T16:30:03.000+0000,CN-00000077,株式会社錢高組,Activated,株式会社 錢高組,Rendery Proプラン
"{'type': 'ContractLineItem__c', 'url': '/services/data/v67.0/sobjects/ContractLineItem__c/a03RB00001STmHKYA1'}",a03RB00001STmHKYA1,Phantom株式会社_2026/08,001RB00001VTrkRYAT,a04RB00000kUAOtYAO,a0BRB000010uukM2AQ,2026/08,2026/08,2026-08-01,2026-08-31,a0CRB0000CcXZ6Q2QW,,a00RB00002FL0DOYA1,16000,16000,False,False,2,2026-07-10T16:30:03.000+0000,2026-08-19T10:25:53.000+0000,CN-00000081,Phantom株式会社,Activated,Phantom株式会社,Rendery Proプラン
"{'type': 'ContractLineItem__c', 'url': '/services/data/v67.0/sobjects/ContractLineItem__c/a03RB00001STmHNYA1'}",a03RB00001STmHNYA1,花菱不動産株式会社_2026/08,001RB00001VTrlBYAT,a04RB00000kUAOyYAO,a0BRB000010uukP2AQ,2026/08,2026/08,2026-08-01,2026-08-31,a0CRB0000CcXZ6Q2QW,,a00RB00002FL0DQYA1,16000,16000,False,False,2,2026-07-10T16:30:03.000+0000,2026-08-19T10:25:53.000+0000,CN-00000086,花菱不動産株式会社,Activated,花菱不動産株式会社,Rendery Proプラン
"{'type': 'ContractLineItem__c', 'url': '/services/data/v67.0/sobjects/ContractLineItem__c/a03RB00001STmHOYA1'}",a03RB00001STmHOYA1,コンチネンタルホーム株式会社_2026/08,001RB00001VTqgHYAT,a04RB00000kUAOzYAO,a0BRB000010uukQ2AQ,2026/08,2026/08,2026-08-01,2026-08-31,a0CRB0000CcXZ6Q2QW,,,24000,24000,False,False,3,2026-07-10T16:30:03.000+0000,2026-07-10T16:30:03.000+0000,CN-00000087,コンチネンタルホーム株式会社,Expired,コンチネンタルホーム株式会社,Rendery Proプラン
"{'type': 'ContractLineItem__c', 'url': '/services/data/v67.0/sobjects/ContractLineItem__c/a03RB00001STmHPYA1'}",a03RB00001STmHPYA1,柏井建設株式会社_2026/08,001RB00001VTrI5YAL,a04RB00000kUAP0YAO,a0BRB000010uukR2AQ,2026/08,2026/08,2026-08-01,2026-08-31,a0CRB0000CcXZ6V2QW,,,75000,75000,False,False,5,2026-07-10T16:30:03.000+0000,2026-07-10T16:30:03.000+0000,CN-00000088,柏井建設株式会社,Activated,柏井建設 株式会社,Rendery Enterpriseプラン
"{'type': 'ContractLineItem__c', 'url': '/services/data/v67.0/sobjects/ContractLineItem__c/a03RB00001STmHQYA1'}",a03RB00001STmHQYA1,株式会社紀伊國屋書店_2026/08,001RB00001VTrUSYA1,a04RB00000kUAP1YAO,a0BRB000010uukS2AQ,2026/08,2026/08,2026-08-01,2026-08-31,a0CRB0000CcXZ6Q2QW,,a00RB00002FL0DYYA1,40000,40000,True,False,5,2026-07-10T16:30:03.000+0000,2026-08-19T10:25:53.000+0000,CN-00000089,株式会社紀伊國屋書店,Activated,株式会社紀伊國屋書店,Rendery Proプラン
"{'type': 'ContractLineItem__c', 'url': '/services/data/v67.0/sobjects/ContractLineItem__c/a03RB00001STmHRYA1'}",a03RB00001STmHRYA1,三井住友建設株式会社_2026/08,001RB00001VTqeXYAT,a04RB00000kUAP3YAO,a0BRB000010uukT2AQ,2026/08,2026/08,2026-08-01,2026-08-31,a0CRB0000CcXZ6Q2QW,,a00RB00002FL0DSYA1,8000,8000,False,False,1,2026-07-10T16:30:03.000+0000,2026-08-19T10:25:53.000+0000,CN-00000091,三井住友建設株式会社,Activated,三井住友建設株式会社,Rendery Proプラン
"{'type': 'ContractLineItem__c', 'url': '/services/data/v67.0/sobjects/ContractLineItem__c/a03RB00001STmHSYA1'}",a03RB00001STmHSYA1,Asplead株式会社_2026/08,001RB00001VTqnvYAD,a04RB00000kUAP4YAO,a0BRB000010uukU2AQ,2026/08,2026/08,2026-08-01,2026-08-31,a0CRB0000CcXZ6Q2QW,,a00RB00002FL0DWYA1,16000,16000,False,False,2,2026-07-10T16:30:03.000+0000,2026-08-19T10:25:53.000+0000,CN-00000092,Asplead株式会社,Activated,Asplead株式会社,Rendery Proプラン
"{'type': 'ContractLineItem__c', 'url': '/services/data/v67.0/sobjects/ContractLineItem__c/a03RB00001STmHTYA1'}",a03RB00001STmHTYA1,スタイルテック総合計画_2026/08,001RB00001VTrkbYAD,a04RB00000kUAP5YAO,a0BRB000010uukV2AQ,2026/08,2026/08,2026-08-01,2026-08-31,a0CRB0000CcXZ6V2QW,,a00RB00002FL0DTYA1,75000,75000,False,False,5,2026-07-10T16:30:03.000+0000,2026-08-19T10:25:53.000+0000,CN-00000093,スタイルテック総合計画,Activated,株式会社スタイルテック総合計画,Rendery Enterpriseプラン
"{'type': 'ContractLineItem__c', 'url': '/services/data/v67.0/sobjects/ContractLineItem__c/a03RB00001STmHUYA1'}",a03RB00001STmHUYA1,株式会社ecoaハウス_2026/08,001RB00001VTrlqYAD,a04RB00000kUAP6YAO,a0BRB000010uukW2AQ,2026/08,2026/08,2026-08-01,2026-08-31,a0CRB0000CcXZ6V2QW,,a00RB00002FL0DUYA1,75000,75000,False,False,5,2026-07-10T16:30:03.000+0000,2026-08-19T10:25:53.000+0000,CN-00000094,株式会社ecoaハウス,Activated,株式会社ecoaハウス,Rendery Enterpriseプラン
"{'type': 'ContractLineItem__c', 'url': '/services/data/v67.0/sobjects/ContractLineItem__c/a03RB00001STmHVYA1'}",a03RB00001STmHVYA1,株式会社ドムコス_2026/08,001RB00001VTrqdYAD,a04RB00000kUAP7YAO,a0BRB000010uukX2AQ,2026/08,2026/08,2026-08-01,2026-08-31,a0CRB0000CcXZ6Q2QW,,a00RB00002FL0DVYA1,8000,8000,False,False,1,2026-07-10T16:30:03.000+0000,2026-08-19T10:25:53.000+0000,CN-00000095,株式会社ドムコス,Activated,株式会社ドムコス,Rendery Proプラン
"{'type': 'ContractLineItem__c', 'url': '/services/data/v67.0/sobjects/ContractLineItem__c/a03RB00001STmHYYA1'}",a03RB00001STmHYYA1,フィールド・デザイン・アーキテクツ一級建築士事務所_2026/08,001RB00001VTrqeYAD,a04RB00000kUAPAYA4,a0BRB000010uuka2AA,2026/08,2026/08,2026-08-01,2026-08-31,a0CRB0000CcXZ6Q2QW,,a00RB00002FL0DXYA1,8000,8000,False,False,1,2026-07-10T16:30:03.000+0000,2026-08-19T10:25:53.000+0000,CN-00000098,フィールド・デザイン・アーキテクツ一級建築士事務所,Activated,株式会社フィールド・デザイン・アーキテクツ一級建築士事務所,Rendery Proプラン
"{'type': 'ContractLineItem__c', 'url': '/services/data/v67.0/sobjects/ContractLineItem__c/a03RB00001STmHZYA1'}",a03RB00001STmHZYA1,株式会社ルミネ_2026/08,001RB00001VTrYEYA1,a04RB00000kUAPBYA4,a0BRB000010uukb2AA,2026/08,2026/08,2026-08-01,2026-08-31,a0CRB0000CcXZ6Q2QW,,a00RB00002FL0DaYAL,8000,8000,True,False,1,2026-07-10T16:30:03.000+0000,2026-08-19T10:25:53.000+0000,CN-00000099,株式会社ルミネ,Activated,株式会社ルミネ,Rendery Proプラン
"{'type': 'ContractLineItem__c', 'url': '/services/data/v67.0/sobjects/ContractLineItem__c/a03RB00001STmHaYAL'}",a03RB00001STmHaYAL,株式会社安井建築設計事務所_2026/08,001RB00001VTqU8YAL,a04RB00000kUAPEYA4,a0BRB000010uukc2AA,2026/08,2026/08,2026-08-01,2026-08-31,a0CRB0000CcXZ6Q2QW,,a00RB00002FL0DZYA1,8000,8000,False,False,1,2026-07-10T16:30:03.000+0000,2026-08-19T10:25:53.000+0000,CN-00000102,株式会社安井建築設計事務所,Activated,株式会社安井建築設計事務所,Rendery Proプラン
"{'type': 'ContractLineItem__c', 'url': '/services/data/v67.0/sobjects/ContractLineItem__c/a03RB00001STmHbYAL'}",a03RB00001STmHbYAL,株式会社ジョイフル本田（Pro１アカウント）_2026/08,001RB00001VTqkQYAT,a04RB00000kUAPFYA4,a0BRB000010uukd2AA,2026/08,2026/08,2026-08-01,2026-08-31,a0CRB0000CcXZ6Q2QW,,a00RB00002FL0DcYAL,8000,8000,True,False,1,2026-07-10T16:30:03.000+0000,2026-08-19T10:25:53.000+0000,CN-00000103,株式会社ジョイフル本田（Pro１アカウント）,Activated,株式会社ジョイフル本田,Rendery Proプラン
"{'type': 'ContractLineItem__c', 'url': '/services/data/v67.0/sobjects/ContractLineItem__c/a03RB00001STmHcYAL'}",a03RB00001STmHcYAL,西日本旅客鉄道株式会社 ビジネスデザイン部　JCLaaS事業部_2026/08,001RB00001VTro2YAD,a04RB00000kUAPHYA4,a0BRB000010uuke2AA,2026/08,2026/08,2026-08-01,2026-08-31,a0CRB0000CcXZ6Q2QW,,a00RB00002FL0DbYAL,8000,8000,True,False,1,2026-07-10T16:30:03.000+0000,2026-08-19T10:25:53.000+0000,CN-00000105,西日本旅客鉄道株式会社 ビジネスデザイン部　JCLaaS事業部,Activated,西日本旅客鉄道株式会社,Rendery Proプラン
"{'type': 'ContractLineItem__c', 'url': '/services/data/v67.0/sobjects/ContractLineItem__c/a03RB00001STmHdYAL'}",a03RB00001STmHdYAL,株式会社乃村工藝社  カルチャー・コミュニケーション推進本部_2026/08,001RB00001VTCZZYA5,a04RB00000kUAPIYA4,a0BRB000010uukf2AA,2026/08,2026/08,2026-08-01,2026-08-31,a0CRB0000CcXZ6Q2QW,,,32000,32000,True,False,4,2026-07-10T16:30:03.000+0000,2026-08-06T02:03:49.000+0000,CN-00000106,株式会社乃村工藝社  カルチャー・コミュニケーション推進本部,Activated,株式会社乃村工藝社,Rendery Proプラン
"{'type': 'ContractLineItem__c', 'url': '/services/data/v67.0/sobjects/ContractLineItem__c/a03RB00001T6sPWYAZ'}",a03RB00001T6sPWYAZ,a03RB00001T6sPW,001RB00001VTrr2YAD,a04RB00000mYhriYAC,a0BRB000011EvWn2AK,2026/07,2026/07,2026-07-01,2026-07-31,a0CRB0000CcXZ6W2QW,a09RB000011eAdtYAE,a00RB000029DnWEYA0,120000,120000,True,False,10,2026-07-14T11:11:59.000+0000,2026-07-14T11:11:59.000+0000,CN-00000194,株式会社野村工務店（大塚商会）_2026-07-01,Draft,株式会社野村工務店,[代理販売20%] Rendery Enterpriseプラン
"{'type': 'ContractLineItem__c', 'url': '/services/data/v67.0/sobjects/ContractLineItem__c/a03RB00001T6sPXYAZ'}",a03RB00001T6sPXYAZ,a03RB00001T6sPX,001RB00001VTrr2YAD,a04RB00000mYhriYAC,a0BRB000011EvWn2AK,2026/07,2026/07,2026-07-01,2026-07-31,a0CRB0000CcXZ6W2QW,a09RB000011eBbZYAU,a00RB000029DnWEYA0,120000,120000,True,False,10,2026-07-14T11:11:59.000+0000,2026-07-14T11:11:59.000+0000,CN-00000194,株式会社野村工務店（大塚商会）_2026-07-01,Draft,株式会社野村工務店,[代理販売20%] Rendery Enterpriseプラン
"{'type': 'ContractLineItem__c', 'url': '/services/data/v67.0/sobjects/ContractLineItem__c/a03RB00001T6sPYYAZ'}",a03RB00001T6sPYYAZ,a03RB00001T6sPY,001RB00001VTrr2YAD,a04RB00000mYhriYAC,a0BRB000011EvWn2AK,2026/07,2026/07,2026-07-01,2026-07-31,a0CRB0000CcXZ6W2QW,a09RB000011eBgPYAU,a00RB000029DnWEYA0,120000,120000,True,False,10,2026-07-14T11:11:59.000+0000,2026-07-14T11:11:59.000+0000,CN-00000194,株式会社野村工務店（大塚商会）_2026-07-01,Draft,株式会社野村工務店,[代理販売20%] Rendery Enterpriseプラン
"{'type': 'ContractLineItem__c', 'url': '/services/data/v67.0/sobjects/ContractLineItem__c/a03RB00001T6sPZYAZ'}",a03RB00001T6sPZYAZ,a03RB00001T6sPZ,001RB00001VTrr2YAD,a04RB00000mYhriYAC,a0BRB000011EvWn2AK,2026/07,2026/07,2026-07-01,2026-07-31,a0CRB0000CcXZ6W2QW,a09RB000011eBq5YAE,a00RB000029DnWEYA0,120000,120000,True,False,10,2026-07-14T11:11:59.000+0000,2026-07-14T11:11:59.000+0000,CN-00000194,株式会社野村工務店（大塚商会）_2026-07-01,Draft,株式会社野村工務店,[代理販売20%] Rendery Enterpriseプラン
"{'type': 'ContractLineItem__c', 'url': '/services/data/v67.0/sobjects/ContractLineItem__c/a03RB00001T6sPaYAJ'}",a03RB00001T6sPaYAJ,a03RB00001T6sPa,001RB00001VTrr2YAD,a04RB00000mYhriYAC,a0BRB000011EvWn2AK,2026/07,2026/07,2026-07-01,2026-07-31,a0CRB0000CcXZ6W2QW,a09RB000011eBuvYAE,a00RB000029DnWEYA0,120000,120000,True,False,10,2026-07-14T11:11:59.000+0000,2026-07-14T11:11:59.000+0000,CN-00000194,株式会社野村工務店（大塚商会）_2026-07-01,Draft,株式会社野村工務店,[代理販売20%] Rendery Enterpriseプラン
"{'type': 'ContractLineItem__c', 'url': '/services/data/v67.0/sobjects/ContractLineItem__c/a03RB00001T6sPbYAJ'}",a03RB00001T6sPbYAJ,a03RB00001T6sPb,001RB00001VTrr2YAD,a04RB00000mYhriYAC,a0BRB000011EvWn2AK,2026/07,2026/07,2026-07-01,2026-07-31,a0CRB0000CcXZ6W2QW,a09RB000011e0hoYAA,a00RB000029DnWEYA0,120000,120000,True,False,10,2026-07-14T11:11:59.000+0000,2026-07-14T11:11:59.000+0000,CN-00000194,株式会社野村工務店（大塚商会）_2026-07-01,Draft,株式会社野村工務店,[代理販売20%] Rendery Enterpriseプラン
"{'type': 'ContractLineItem__c', 'url': '/services/data/v67.0/sobjects/ContractLineItem__c/a03RB00001T6sPcYAJ'}",a03RB00001T6sPcYAJ,a03RB00001T6sPc,001RB00001VTrr2YAD,a04RB00000mYhriYAC,a0BRB000011EvWn2AK,2026/07,2026/07,2026-07-01,2026-07-31,a0CRB0000CcXZ6W2QW,a09RB000011cJ44YAE,a00RB000029DnWEYA0,120000,120000,True,False,10,2026-07-14T11:11:59.000+0000,2026-07-14T11:11:59.000+0000,CN-00000194,株式会社野村工務店（大塚商会）_2026-07-01,Draft,株式会社野村工務店,[代理販売20%] Rendery Enterpriseプラン
"{'type': 'ContractLineItem__c', 'url': '/services/data/v67.0/sobjects/ContractLineItem__c/a03RB00001T6sPdYAJ'}",a03RB00001T6sPdYAJ,a03RB00001T6sPd,001RB00001VTrr2YAD,a04RB00000mYhriYAC,a0BRB000011EvWn2AK,2026/07,2026/07,2026-07-01,2026-07-31,a0CRB0000CcXZ6W2QW,a09RB000011eC1NYAU,a00RB000029DnWEYA0,120000,120000,True,False,10,2026-07-14T11:11:59.000+0000,2026-07-14T11:11:59.000+0000,CN-00000194,株式会社野村工務店（大塚商会）_2026-07-01,Draft,株式会社野村工務店,[代理販売20%] Rendery Enterpriseプラン
"{'type': 'ContractLineItem__c', 'url': '/services/data/v67.0/sobjects/ContractLineItem__c/a03RB00001T6sPeYAJ'}",a03RB00001T6sPeYAJ,a03RB00001T6sPe,001RB00001VTrr2YAD,a04RB00000mYhriYAC,a0BRB000011EvWn2AK,2026/07,2026/07,2026-07-01,2026-07-31,a0CRB0000CcXZ6W2QW,a09RB000011dasAYAQ,a00RB000029DnWEYA0,120000,120000,True,False,10,2026-07-14T11:11:59.000+0000,2026-07-14T11:11:59.000+0000,CN-00000194,株式会社野村工務店（大塚商会）_2026-07-01,Draft,株式会社野村工務店,[代理販売20%] Rendery Enterpriseプラン
"{'type': 'ContractLineItem__c', 'url': '/services/data/v67.0/sobjects/ContractLineItem__c/a03RB00001T6sPfYAJ'}",a03RB00001T6sPfYAJ,a03RB00001T6sPf,001RB00001VTrr2YAD,a04RB00000mYhriYAC,a0BRB000011EvWn2AK,2026/07,2026/07,2026-07-01,2026-07-31,a0CRB0000CcXZ6W2QW,a09RB000011eC7pYAE,a00RB000029DnWEYA0,120000,120000,True,False,10,2026-07-14T11:11:59.000+0000,2026-07-14T11:11:59.000+0000,CN-00000194,株式会社野村工務店（大塚商会）_2026-07-01,Draft,株式会社野村工務店,[代理販売20%] Rendery Enterpriseプラン
"{'type': 'ContractLineItem__c', 'url': '/services/data/v67.0/sobjects/ContractLineItem__c/a03RB00001T6sPgYAJ'}",a03RB00001T6sPgYAJ,a03RB00001T6sPg,001RB00001VTrr2YAD,a04RB00000mYhriYAC,a0BRB000011EvWn2AK,2026/07,2026/07,2026-07-01,2026-07-31,a0CRB0000CcXZ6W2QW,a09RB000011eCB3YAM,a00RB000029DnWEYA0,120000,120000,True,False,10,2026-07-14T11:11:59.000+0000,2026-07-14T11:11:59.000+0000,CN-00000194,株式会社野村工務店（大塚商会）_2026-07-01,Draft,株式会社野村工務店,[代理販売20%] Rendery Enterpriseプラン
"{'type': 'ContractLineItem__c', 'url': '/services/data/v67.0/sobjects/ContractLineItem__c/a03RB00001T6sPhYAJ'}",a03RB00001T6sPhYAJ,a03RB00001T6sPh,001RB00001VTrr2YAD,a04RB00000mYhriYAC,a0BRB000011EvWn2AK,2026/07,2026/07,2026-07-01,2026-07-31,a0CRB0000CcXZ6W2QW,a09RB000011eCpNYAU,a00RB000029DnWEYA0,120000,120000,True,False,10,2026-07-14T11:11:59.000+0000,2026-07-14T11:11:59.000+0000,CN-00000194,株式会社野村工務店（大塚商会）_2026-07-01,Draft,株式会社野村工務店,[代理販売20%] Rendery Enterpriseプラン
"{'type': 'ContractLineItem__c', 'url': '/services/data/v67.0/sobjects/ContractLineItem__c/a03RB00001TISW5YAP'}",a03RB00001TISW5YAP,a03RB00001TISW5,001RB00001VTrRuYAL,a04RB00000md4o5YAA,a0BRB000011KClV2AW,2026/07,2026/07,2026-07-01,2026-07-31,a0CRB0000CcXZ6Q2QW,a09RB000010e0FJYAY,a00RB000029OI8sYAG,32000,32000,True,False,4,2026-07-15T06:56:33.000+0000,2026-07-15T06:56:33.000+0000,CN-00000195,株式会社サンテン・コーポレーションRendery導入_2026-07-01,Draft,株式会社サンテン・コーポレーション,Rendery Proプラン
"{'type': 'ContractLineItem__c', 'url': '/services/data/v67.0/sobjects/ContractLineItem__c/a03RB00001TWvoMYAT'}",a03RB00001TWvoMYAT,a03RB00001TWvoM,001RB00001VTqgHYAT,a04RB00000miHmIYAU,a0BRB000011R30j2AC,2026/07,2026/07,2026-07-01,2026-07-31,a0CRB0000CcXZ6Q2QW,a09RB000012YDkLYAW,a00RB00002B5oLJYAZ,40000,40000,True,False,5,2026-07-16T05:42:45.000+0000,2026-07-24T11:59:32.000+0000,CN-00000196,コンチネンタルホーム株式会社_2026-07-01,Activated,コンチネンタルホーム株式会社,Rendery Proプラン
"{'type': 'ContractLineItem__c', 'url': '/services/data/v67.0/sobjects/ContractLineItem__c/a03RB00001TX82PYAT'}",a03RB00001TX82PYAT,a03RB00001TX82P,001RB00001b3qNeYAI,a04RB00000miY3xYAE,a0BRB000011R8A52AK,2026/07,2026/07,2026-07-01,2026-07-31,a0CRB0000CcXZ6Q2QW,a09RB000012YmzpYAC,a00RB000029dRq9YAE,8000,8000,True,False,1,2026-07-16T05:54:07.000+0000,2026-07-16T05:54:07.000+0000,CN-00000197,株式会社パインウェル_2026-07-01,Draft,株式会社パインウェル,Rendery Proプラン
"{'type': 'ContractLineItem__c', 'url': '/services/data/v67.0/sobjects/ContractLineItem__c/a03RB00001TXzTKYA1'}",a03RB00001TXzTKYA1,a03RB00001TXzTK,001RB00001VTrrHYAT,a04RB00000mj59ZYAQ,a0BRB000011Rijp2AC,2026/07,2026/07,2026-07-01,2026-07-31,a0CRB0000Ck3ReH2QU,a09RB000012YhCAYA0,a00RB000029duDrYAI,75000,75000,False,False,5,2026-07-16T07:21:48.000+0000,2026-07-16T07:21:48.000+0000,CN-00000198,Rendery enterprise_2026-07-01,Draft,株式会社ワンズ・レーニア,Rendery_Enterpriseプラン
"{'type': 'ContractLineItem__c', 'url': '/services/data/v67.0/sobjects/ContractLineItem__c/a03RB00001Uj0rjYAB'}",a03RB00001Uj0rjYAB,a03RB00001Uj0rj,001RB00001VTrmnYAD,a04RB00000kUAO0YAO,a0BRB00000ynb5v2AA,2026/03,2026/03,2026-03-01,2026-03-31,a0CRB0000CcXZ6b2QG,,a00RB000024Ux4eYAC,90000,90000,True,False,3,2026-07-23T06:44:37.000+0000,2026-08-19T10:25:53.000+0000,CN-00000026,戸田建設(設計部:月額),Activated,戸田建設株式会社,Rendery セキュリティオプション(SSO)_運用費用
"{'type': 'ContractLineItem__c', 'url': '/services/data/v67.0/sobjects/ContractLineItem__c/a03RB00001Uj0rkYAB'}",a03RB00001Uj0rkYAB,a03RB00001Uj0rk,001RB00001VTrmnYAD,a04RB00000kUAO0YAO,a0BRB00000ynb5v2AA,2026/03,2026/03,2026-03-01,2026-03-31,a0CRB0000CcXZ6d2QG,,a00RB000024Ux4eYAC,50000,50000,True,False,2,2026-07-23T06:44:37.000+0000,2026-08-19T10:25:53.000+0000,CN-00000026,戸田建設(設計部:月額),Activated,戸田建設株式会社,Rendery セキュリティオプション(IP制限)_運用費用
"{'type': 'ContractLineItem__c', 'url': '/services/data/v67.0/sobjects/ContractLineItem__c/a03RB00001Uj0rmYAB'}",a03RB00001Uj0rmYAB,a03RB00001Uj0rm,001RB00001VcyFOYAZ,a04RB00000kVL7gYAG,a0BRB00000ypw6M2AQ,2026/03,2026/03,2026-03-01,2026-03-31,a0CRB0000CcXZ6e2QG,,a00RB000027lnMpYAI,150000,150000,False,False,3,2026-07-23T06:44:37.000+0000,2026-07-28T02:33:22.000+0000,CN-00000187,Mig_freee請求移行_神奈川県知事　黒岩　祐治,Draft,神奈川県知事　黒岩　祐治,Rendery セキュリティオプション(ドメイン制限)_初期費用
"{'type': 'ContractLineItem__c', 'url': '/services/data/v67.0/sobjects/ContractLineItem__c/a03RB00001Uj0roYAB'}",a03RB00001Uj0roYAB,a03RB00001Uj0ro,001RB00001VcyFKYAZ,a04RB00000kVL7KYAW,a0BRB00000ypw5r2AA,2026/05,2026/05,2026-05-01,2026-05-31,a0CRB0000CcXZ6b2QG,,a00RB000024Ux5jYAC,30000,30000,True,False,1,2026-07-23T06:44:37.000+0000,2026-07-28T02:33:22.000+0000,CN-00000165,Mig_freee請求移行_クウジット株式会社,Draft,クウジット株式会社,Rendery セキュリティオプション(SSO)_運用費用
"{'type': 'ContractLineItem__c', 'url': '/services/data/v67.0/sobjects/ContractLineItem__c/a03RB00001Uj0rpYAB'}",a03RB00001Uj0rpYAB,a03RB00001Uj0rp,001RB00001VcyFKYAZ,a04RB00000kVL7KYAW,a0BRB00000ypw5r2AA,2026/05,2026/05,2026-05-01,2026-05-31,a0CRB0000CcXZ6V2QW,,a00RB000024Ux5jYAC,15000,15000,True,False,1,2026-07-23T06:44:37.000+0000,2026-07-28T02:33:22.000+0000,CN-00000165,Mig_freee請求移行_クウジット株式会社,Draft,クウジット株式会社,Rendery Enterpriseプラン
"{'type': 'ContractLineItem__c', 'url': '/services/data/v67.0/sobjects/ContractLineItem__c/a03RB00001Uj0rqYAB'}",a03RB00001Uj0rqYAB,a03RB00001Uj0rq,001RB00001VTqxQYAT,a04RB00000kVL7SYAW,a0BRB00000ypw632AA,2026/06,2026/06,2026-06-01,2026-06-30,a0CRB0000CcXZ6h2QG,,a00RB000024Vf2AYAS,100000,100000,True,False,1,2026-07-23T06:44:37.000+0000,2026-07-28T02:33:22.000+0000,CN-00000173,Mig_freee請求移行_株式会社アールシーコア,Draft,株式会社アールシーコア,Rendery セキュリティオプション+_運用費用
"{'type': 'ContractLineItem__c', 'url': '/services/data/v67.0/sobjects/ContractLineItem__c/a03RB00001Uj0rrYAB'}",a03RB00001Uj0rrYAB,a03RB00001Uj0rr,001RB00001VTqbbYAD,a04RB00000kUAOFYA4,a0BRB00000ynb6A2AQ,2026/06,2026/06,2026-06-01,2026-06-30,a0CRB0000CcXZ6Q2QW,,a00RB00002Am2BjYAJ,8000,8000,True,False,1,2026-07-23T06:44:37.000+0000,2026-07-28T02:33:22.000+0000,CN-00000041,野原グループ株式会社,Activated,野原グループ株式会社,Rendery Proプラン
"{'type': 'ContractLineItem__c', 'url': '/services/data/v67.0/sobjects/ContractLineItem__c/a03RB00001Uj0rsYAB'}",a03RB00001Uj0rsYAB,a03RB00001Uj0rs,001RB00001VTqU3YAL,a04RB00000kUAO7YAO,a0BRB00000ynb622AA,2026/06,2026/06,2026-06-01,2026-06-30,a0CRB0000CcXZ6Q2QW,,a00RB00002Am2BkYAJ,8000,8000,True,False,1,2026-07-23T06:44:37.000+0000,2026-07-28T02:33:22.000+0000,CN-00000033,吉村紳　一級建築士事務所,Activated,吉村紳 一級建築士事務所,Rendery Proプラン
"{'type': 'ContractLineItem__c', 'url': '/services/data/v67.0/sobjects/ContractLineItem__c/a03RB00001Uj0rtYAB'}",a03RB00001Uj0rtYAB,a03RB00001Uj0rt,001RB00001VTCYFYA5,a04RB00000kUAO2YAO,a0BRB00000ynb5x2AA,2026/06,2026/06,2026-06-01,2026-06-30,a0CRB0000CcXZ6Q2QW,,a00RB00002Am2BlYAJ,16000,16000,True,False,2,2026-07-23T06:44:37.000+0000,2026-07-28T02:33:22.000+0000,CN-00000028,ANAスカイビルサービス株式会社　※郵送希望,Activated,ANAスカイビルサービス株式会社,Rendery Proプラン
"{'type': 'ContractLineItem__c', 'url': '/services/data/v67.0/sobjects/ContractLineItem__c/a03RB00001Uj0ruYAB'}",a03RB00001Uj0ruYAB,a03RB00001Uj0ru,001RB00001VTCYGYA5,a04RB00000kUAO1YAO,a0BRB00000ynb5w2AA,2026/06,2026/06,2026-06-01,2026-06-30,a0CRB0000CcXZ6T2QW,,a00RB00002Am2BmYAJ,55000,55000,True,False,5,2026-07-23T06:44:37.000+0000,2026-07-28T02:33:22.000+0000,CN-00000027,47内装株式会社,Activated,47内装株式会社,[OLD] Rendery Enterpriseプラン(2025年9月まで)
"{'type': 'ContractLineItem__c', 'url': '/services/data/v67.0/sobjects/ContractLineItem__c/a03RB00001Uj0rvYAB'}",a03RB00001Uj0rvYAB,a03RB00001Uj0rv,001RB00001VTqUoYAL,a04RB00000kUANwYAO,a0BRB00000ynb5r2AA,2026/06,2026/06,2026-06-01,2026-06-30,a0CRB0000CcXZ6Q2QW,,a00RB00002Am2BoYAJ,8000,8000,True,False,1,2026-07-23T06:44:37.000+0000,2026-07-28T02:33:22.000+0000,CN-00000022,株式会社TRIAD,Activated,株式会社TRIAD,Rendery Proプラン
"{'type': 'ContractLineItem__c', 'url': '/services/data/v67.0/sobjects/ContractLineItem__c/a03RB00001Uj0rwYAB'}",a03RB00001Uj0rwYAB,a03RB00001Uj0rw,001RB00001VTqlOYAT,a04RB00000kUANmYAO,a0BRB00000ynb5h2AA,2026/06,2026/06,2026-06-01,2026-06-30,a0CRB0000CcXZ6Q2QW,,a00RB00002Am2BpYAJ,8000,8000,True,False,1,2026-07-23T06:44:37.000+0000,2026-07-28T02:33:22.000+0000,CN-00000012,ムゲンエステート,Activated,株式会社ムゲンエステート,Rendery Proプラン
"{'type': 'ContractLineItem__c', 'url': '/services/data/v67.0/sobjects/ContractLineItem__c/a03RB00001Uj0rxYAB'}",a03RB00001Uj0rxYAB,a03RB00001Uj0rx,001RB00001VTrs0YAD,a04RB00000kUANgYAO,a0BRB00000ynb5b2AA,2026/06,2026/06,2026-06-01,2026-06-30,a0CRB0000CcXZ6T2QW,,a00RB000027fzNXYAY,11000,11000,True,False,1,2026-07-23T06:44:37.000+0000,2026-08-06T00:50:25.000+0000,CN-00000006,東急株式会社,Activated,東急株式会社,[OLD] Rendery Enterpriseプラン(2025年9月まで)
"{'type': 'ContractLineItem__c', 'url': '/services/data/v67.0/sobjects/ContractLineItem__c/a03RB00001Uj0ryYAB'}",a03RB00001Uj0ryYAB,a03RB00001Uj0ry,001RB00001VTrmnYAD,a04RB00000kUAO0YAO,a0BRB00000ynb5v2AA,2026/06,2026/06,2026-06-01,2026-06-30,a0CRB0000CcXZ6T2QW,,a00RB00002Am2BqYAJ,55000,55000,True,False,5,2026-07-23T06:44:37.000+0000,2026-07-28T02:33:22.000+0000,CN-00000026,戸田建設(設計部:月額),Activated,戸田建設株式会社,[OLD] Rendery Enterpriseプラン(2025年9月まで)
"{'type': 'ContractLineItem__c', 'url': '/services/data/v67.0/sobjects/ContractLineItem__c/a03RB00001Uj0rzYAB'}",a03RB00001Uj0rzYAB,a03RB00001Uj0rz,001RB00001VTqZWYA1,a04RB00000kUAPjYAO,a0BRB00000ynn5b2AA,2026/06,2026/06,2026-06-01,2026-06-30,a0CRB0000CcXZ6T2QW,,a00RB00002B0dy8YAB,11000,11000,True,False,1,2026-07-23T06:44:37.000+0000,2026-07-28T02:33:22.000+0000,CN-00000133,株式会社エージェント,Activated,株式会社エージェント,[OLD] Rendery Enterpriseプラン(2025年9月まで)
"{'type': 'ContractLineItem__c', 'url': '/services/data/v67.0/sobjects/ContractLineItem__c/a03RB00001Uj0s0YAB'}",a03RB00001Uj0s0YAB,a03RB00001Uj0s0,001RB00001VTqnbYAD,a04RB00000kUAQ2YAO,a0BRB00000ynn5u2AA,2026/06,2026/06,2026-06-01,2026-06-30,a0CRB0000CcXZ6T2QW,,a00RB000027fzNaYAI,11000,11000,True,False,1,2026-07-23T06:44:37.000+0000,2026-07-28T02:33:22.000+0000,CN-00000152,ホームトレードセンター株式会社,Activated,ホームトレードセンター株式会社,[OLD] Rendery Enterpriseプラン(2025年9月まで)
"{'type': 'ContractLineItem__c', 'url': '/services/data/v67.0/sobjects/ContractLineItem__c/a03RB00001Uj0s1YAB'}",a03RB00001Uj0s1YAB,a03RB00001Uj0s1,001RB00001VTqnHYAT,a04RB00000kUAQ3YAO,a0BRB00000ynn5v2AA,2026/06,2026/06,2026-06-01,2026-06-30,a0CRB0000CcXZ6T2QW,,a00RB000027fzNbYAI,11000,11000,True,False,1,2026-07-23T06:44:37.000+0000,2026-07-28T02:33:22.000+0000,CN-00000153,株式会社アズスタット,Activated,株式会社アズスタット,[OLD] Rendery Enterpriseプラン(2025年9月まで)
"{'type': 'ContractLineItem__c', 'url': '/services/data/v67.0/sobjects/ContractLineItem__c/a03RB00001Uj0s2YAB'}",a03RB00001Uj0s2YAB,a03RB00001Uj0s2,001RB00001VTqmBYAT,a04RB00000kUAORYA4,a0BRB00000ynb6M2AQ,2026/06,2026/06,2026-06-01,2026-06-30,a0CRB0000CcXZ6T2QW,,a00RB00002Am2BrYAJ,55000,55000,True,False,5,2026-07-23T06:44:37.000+0000,2026-07-28T02:33:22.000+0000,CN-00000053,JOA株式会社,Activated,JOA株式会社,[OLD] Rendery Enterpriseプラン(2025年9月まで)
"{'type': 'ContractLineItem__c', 'url': '/services/data/v67.0/sobjects/ContractLineItem__c/a03RB00001Uj0s3YAB'}",a03RB00001Uj0s3YAB,a03RB00001Uj0s3,001RB00001VTCZZYA5,a04RB00000kUAPIYA4,a0BRB00000ynn592AA,2026/06,2026/06,2026-06-01,2026-06-30,a0CRB0000CcXZ6Q2QW,,a00RB00002Am2BAYAZ,32000,32000,True,False,4,2026-07-23T06:44:37.000+0000,2026-07-28T02:33:22.000+0000,CN-00000106,株式会社乃村工藝社  カルチャー・コミュニケーション推進本部,Activated,株式会社乃村工藝社,Rendery Proプラン
"{'type': 'ContractLineItem__c', 'url': '/services/data/v67.0/sobjects/ContractLineItem__c/a03RB00001Uj0s4YAB'}",a03RB00001Uj0s4YAB,a03RB00001Uj0s4,001RB00001VTrUSYA1,a04RB00000kUAP1YAO,a0BRB00000ynb6w2AA,2026/06,2026/06,2026-06-01,2026-06-30,a0CRB0000CcXZ6Q2QW,,a00RB00002Am2BbYAJ,40000,40000,True,False,5,2026-07-23T06:44:37.000+0000,2026-07-28T02:33:22.000+0000,CN-00000089,株式会社紀伊國屋書店,Activated,株式会社紀伊國屋書店,Rendery Proプラン
"{'type': 'ContractLineItem__c', 'url': '/services/data/v67.0/sobjects/ContractLineItem__c/a03RB00001Uj0s5YAB'}",a03RB00001Uj0s5YAB,a03RB00001Uj0s5,001RB00001VTrYEYA1,a04RB00000kUAPBYA4,a0BRB00000ynb762AA,2026/06,2026/06,2026-06-01,2026-06-30,a0CRB0000CcXZ6Q2QW,,a00RB00002Am2BdYAJ,8000,8000,True,False,1,2026-07-23T06:44:37.000+0000,2026-07-28T02:33:22.000+0000,CN-00000099,株式会社ルミネ,Activated,株式会社ルミネ,Rendery Proプラン
"{'type': 'ContractLineItem__c', 'url': '/services/data/v67.0/sobjects/ContractLineItem__c/a03RB00001Uj0s6YAB'}",a03RB00001Uj0s6YAB,a03RB00001Uj0s6,001RB00001VTro2YAD,a04RB00000kUAPHYA4,a0BRB00000ynn582AA,2026/06,2026/06,2026-06-01,2026-06-30,a0CRB0000CcXZ6Q2QW,,a00RB00002Am2BeYAJ,8000,8000,True,False,1,2026-07-23T06:44:37.000+0000,2026-07-28T02:33:22.000+0000,CN-00000105,西日本旅客鉄道株式会社 ビジネスデザイン部　JCLaaS事業部,Activated,西日本旅客鉄道株式会社,Rendery Proプラン
"{'type': 'ContractLineItem__c', 'url': '/services/data/v67.0/sobjects/ContractLineItem__c/a03RB00001Uj0s7YAB'}",a03RB00001Uj0s7YAB,a03RB00001Uj0s7,001RB00001VTtIfYAL,a04RB00000kUAQ0YAO,a0BRB00000ynn5s2AA,2026/06,2026/06,2026-06-01,2026-06-30,a0CRB0000CcXZ6T2QW,,a00RB000027fzNjYAI,11000,11000,True,False,1,2026-07-23T06:44:37.000+0000,2026-07-28T02:33:22.000+0000,CN-00000150,株式会社TAKUTO,Activated,株式会社TAKUTO,[OLD] Rendery Enterpriseプラン(2025年9月まで)
"{'type': 'ContractLineItem__c', 'url': '/services/data/v67.0/sobjects/ContractLineItem__c/a03RB00001Uj0s8YAB'}",a03RB00001Uj0s8YAB,a03RB00001Uj0s8,001RB00001VTtIdYAL,a04RB00000kUAPxYAO,a0BRB00000ynn5p2AA,2026/06,2026/06,2026-06-01,2026-06-30,a0CRB0000CcXZ6T2QW,,a00RB00002AyetjYAB,11000,11000,True,False,1,2026-07-23T06:44:37.000+0000,2026-07-28T02:33:22.000+0000,CN-00000147,ONETEAM不動産,Activated,ONETEAM不動産,[OLD] Rendery Enterpriseプラン(2025年9月まで)
"{'type': 'ContractLineItem__c', 'url': '/services/data/v67.0/sobjects/ContractLineItem__c/a03RB00001Uj0s9YAB'}",a03RB00001Uj0s9YAB,a03RB00001Uj0s9,001RB00001VTqaKYAT,a04RB00000kUAPnYAO,a0BRB00000ynn5f2AA,2026/06,2026/06,2026-06-01,2026-06-30,a0CRB0000CcXZ6T2QW,,a00RB000027fzNlYAI,11000,11000,True,False,1,2026-07-23T06:44:37.000+0000,2026-07-28T02:33:22.000+0000,CN-00000137,株式会社香川不動産買取センター,Activated,株式会社香川不動産買取センター,[OLD] Rendery Enterpriseプラン(2025年9月まで)
"{'type': 'ContractLineItem__c', 'url': '/services/data/v67.0/sobjects/ContractLineItem__c/a03RB00001Uj0sAYAR'}",a03RB00001Uj0sAYAR,a03RB00001Uj0sA,001RB00001VTtIXYA1,a04RB00000kUAPlYAO,a0BRB00000ynn5d2AA,2026/06,2026/06,2026-06-01,2026-06-30,a0CRB0000CcXZ6T2QW,,a00RB00002AyetkYAB,11000,11000,True,False,1,2026-07-23T06:44:37.000+0000,2026-07-28T02:33:22.000+0000,CN-00000135,株式会社博進コスモプラザ,Activated,株式会社博進コスモプラザ,[OLD] Rendery Enterpriseプラン(2025年9月まで)
"{'type': 'ContractLineItem__c', 'url': '/services/data/v67.0/sobjects/ContractLineItem__c/a03RB00001Uj0sCYAR'}",a03RB00001Uj0sCYAR,a03RB00001Uj0sC,001RB00001VTqaGYAT,a04RB00000kUAPbYAO,a0BRB00000ynn5T2AQ,2026/06,2026/06,2026-06-01,2026-06-30,a0CRB0000CcXZ6T2QW,,a00RB000027fzNnYAI,33000,33000,True,False,3,2026-07-23T06:44:37.000+0000,2026-07-28T02:33:22.000+0000,CN-00000125,株式会社穂積住宅,Activated,株式会社穂積住宅,[OLD] Rendery Enterpriseプラン(2025年9月まで)
"{'type': 'ContractLineItem__c', 'url': '/services/data/v67.0/sobjects/ContractLineItem__c/a03RB00001Uj0sDYAR'}",a03RB00001Uj0sDYAR,a03RB00001Uj0sD,001RB00001VTqZVYA1,a04RB00000kUAPXYA4,a0BRB00000ynn5P2AQ,2026/06,2026/06,2026-06-01,2026-06-30,a0CRB0000CcXZ6T2QW,,a00RB00002AyetlYAB,11000,11000,True,False,1,2026-07-23T06:44:37.000+0000,2026-07-28T02:33:22.000+0000,CN-00000121,株式会社イーグランド,Activated,株式会社イーグランド,[OLD] Rendery Enterpriseプラン(2025年9月まで)
"{'type': 'ContractLineItem__c', 'url': '/services/data/v67.0/sobjects/ContractLineItem__c/a03RB00001Uj0sEYAR'}",a03RB00001Uj0sEYAR,a03RB00001Uj0sE,001RB00001VTqZpYAL,a04RB00000kUAPVYA4,a0BRB00000ynn5N2AQ,2026/06,2026/06,2026-06-01,2026-06-30,a0CRB0000CcXZ6T2QW,,a00RB00002AyetiYAB,11000,11000,True,False,1,2026-07-23T06:44:37.000+0000,2026-07-28T02:33:22.000+0000,CN-00000119,ハウスプラザ,Activated,株式会社ハウスプラザ,[OLD] Rendery Enterpriseプラン(2025年9月まで)
"{'type': 'ContractLineItem__c', 'url': '/services/data/v67.0/sobjects/ContractLineItem__c/a03RB00001Uj0sHYAR'}",a03RB00001Uj0sHYAR,a03RB00001Uj0sH,001RB00001VTqkQYAT,a04RB00000kUAPFYA4,a0BRB00000ynn562AA,2026/06,2026/06,2026-06-01,2026-06-30,a0CRB0000CcXZ6Q2QW,,a00RB00002Am2BfYAJ,8000,8000,True,False,1,2026-07-23T06:44:37.000+0000,2026-07-28T02:33:22.000+0000,CN-00000103,株式会社ジョイフル本田（Pro１アカウント）,Activated,株式会社ジョイフル本田,Rendery Proプラン
"{'type': 'ContractLineItem__c', 'url': '/services/data/v67.0/sobjects/ContractLineItem__c/a03RB00001Uj0sJYAR'}",a03RB00001Uj0sJYAR,a03RB00001Uj0sJ,001RB00001VTqf7YAD,a04RB00000kUAOjYAO,a0BRB00000ynb6e2AA,2026/04,2026/04,2026-04-01,2026-04-30,a0CRB0000CcXZ6Q2QW,,a00RB00002Am2AgYAJ,16000,16000,True,False,2,2026-07-23T06:44:37.000+0000,2026-08-06T00:50:25.000+0000,CN-00000071,三菱地所レジデンス株式会社,Activated,三菱地所レジデンス株式会社,Rendery Proプラン
"{'type': 'ContractLineItem__c', 'url': '/services/data/v67.0/sobjects/ContractLineItem__c/a03RB00001UyXx3YAF'}",a03RB00001UyXx3YAF,a03RB00001UyXx3,001RB00001VTqf7YAD,a04RB00000kUAOjYAO,a0BRB00000ynb6e2AA,2026/06,2026/06,2026-06-01,2026-06-30,a0CRB0000Ck3ReH2QU,,a00RB00002B4i4HYAR,48000,48000,False,False,3,2026-07-24T08:27:43.000+0000,2026-07-28T02:33:22.000+0000,CN-00000071,三菱地所レジデンス株式会社,Activated,三菱地所レジデンス株式会社,Rendery_Enterpriseプラン
"{'type': 'ContractLineItem__c', 'url': '/services/data/v67.0/sobjects/ContractLineItem__c/a03RB00001UyZVsYAN'}",a03RB00001UyZVsYAN,a03RB00001UyZVs,001RB00001br9KgYAI,a04RB00000n5JdiYAE,a0BRB000012EChC2AW,2026/06,2026/06,2026-06-01,2026-06-30,a0CRB0000CcXZ6T2QW,,a00RB00002B4i3EYAR,11000,11000,True,False,1,2026-07-24T08:35:05.000+0000,2026-07-28T02:33:22.000+0000,CN-00000200,アイリスオーヤマ株式会社(空間デザイン部) [OLD] Rendery Enterpriseプラン(2025年9月まで) Freee自動請求契約,Activated,アイリスオーヤマ株式会社(空間デザイン部),[OLD] Rendery Enterpriseプラン(2025年9月まで)
"{'type': 'ContractLineItem__c', 'url': '/services/data/v67.0/sobjects/ContractLineItem__c/a03RB00001UyZVtYAN'}",a03RB00001UyZVtYAN,a03RB00001UyZVt,001RB00001br9KfYAI,a04RB00000n5JdjYAE,a0BRB000012EChD2AW,2026/06,2026/06,2026-06-01,2026-06-30,a0CRB0000CcXZ6T2QW,,a00RB00002B4i3FYAR,44000,44000,True,False,4,2026-07-24T08:35:05.000+0000,2026-07-28T02:33:22.000+0000,CN-00000201,アイリスオーヤマ株式会社(ストアソリューション営業部ストアデザインチーム) [OLD] Rendery Enterpriseプラン(2025年9月まで) Freee自動請求契約,Activated,アイリスオーヤマ株式会社(ストアソリューション営業部ストアデザインチーム),[OLD] Rendery Enterpriseプラン(2025年9月まで)
"{'type': 'ContractLineItem__c', 'url': '/services/data/v67.0/sobjects/ContractLineItem__c/a03RB00001UyZVuYAN'}",a03RB00001UyZVuYAN,a03RB00001UyZVu,001RB00001br9KNYAY,a04RB00000n5JdkYAE,a0BRB000012EChE2AW,2026/06,2026/06,2026-06-01,2026-06-30,a0CRB0000CcXZ6Q2QW,,a00RB00002B4i3GYAR,8000,8000,True,False,1,2026-07-24T08:35:05.000+0000,2026-07-28T02:33:22.000+0000,CN-00000202,九州旅客鉄道株式会社(博多設備区) Rendery Proプラン Freee自動請求契約,Activated,九州旅客鉄道株式会社(博多設備区),Rendery Proプラン
"{'type': 'ContractLineItem__c', 'url': '/services/data/v67.0/sobjects/ContractLineItem__c/a03RB00001UyZVvYAN'}",a03RB00001UyZVvYAN,a03RB00001UyZVv,001RB00001br9KLYAY,a04RB00000n5JdlYAE,a0BRB000012EChF2AW,2026/06,2026/06,2026-06-01,2026-06-30,a0CRB0000CcXZ6Q2QW,,a00RB00002B4i3HYAR,8000,8000,True,False,1,2026-07-24T08:35:05.000+0000,2026-07-28T02:33:22.000+0000,CN-00000203,九州旅客鉄道株式会社(建設工事部施設課) Rendery Proプラン Freee自動請求契約,Activated,九州旅客鉄道株式会社(建設工事部施設課),Rendery Proプラン
"{'type': 'ContractLineItem__c', 'url': '/services/data/v67.0/sobjects/ContractLineItem__c/a03RB00001UyZVwYAN'}",a03RB00001UyZVwYAN,a03RB00001UyZVw,001RB00001br9KMYAY,a04RB00000n5JdmYAE,a0BRB000012EChG2AW,2026/06,2026/06,2026-06-01,2026-06-30,a0CRB0000CcXZ6T2QW,,a00RB00002B2ejcYAB,44000,44000,True,False,4,2026-07-24T08:35:05.000+0000,2026-07-28T02:33:22.000+0000,CN-00000204,東急リゾーツ＆ステイ株式会社 [OLD] Rendery Enterpriseプラン(2025年9月まで) Freee自動請求契約,Activated,東急リゾーツ＆ステイ株式会社,[OLD] Rendery Enterpriseプラン(2025年9月まで)
"{'type': 'ContractLineItem__c', 'url': '/services/data/v67.0/sobjects/ContractLineItem__c/a03RB00001UyZVxYAN'}",a03RB00001UyZVxYAN,a03RB00001UyZVx,001RB00001br9KQYAY,a04RB00000n5JdnYAE,a0BRB000012EChH2AW,2026/06,2026/06,2026-06-01,2026-06-30,a0CRB0000CcXZ6Q2QW,,a00RB00002B4i3IYAR,8000,8000,True,False,1,2026-07-24T08:35:05.000+0000,2026-07-28T02:33:22.000+0000,CN-00000205,九州旅客鉄道株式会社(開発工事部) Rendery Proプラン Freee自動請求契約,Activated,九州旅客鉄道株式会社(開発工事部),Rendery Proプラン
"{'type': 'ContractLineItem__c', 'url': '/services/data/v67.0/sobjects/ContractLineItem__c/a03RB00001UyZVyYAN'}",a03RB00001UyZVyYAN,a03RB00001UyZVy,001RB00001br9KOYAY,a04RB00000n5JdoYAE,a0BRB000012EChI2AW,2026/06,2026/06,2026-06-01,2026-06-30,a0CRB0000CcXZ6Q2QW,,a00RB00002B4i3JYAR,8000,8000,True,False,1,2026-07-24T08:35:05.000+0000,2026-07-28T02:33:22.000+0000,CN-00000206,株式会社ＬＩＸＩＬ住宅研究所 Rendery Proプラン Freee自動請求契約,Activated,株式会社ＬＩＸＩＬ住宅研究所,Rendery Proプラン
"{'type': 'ContractLineItem__c', 'url': '/services/data/v67.0/sobjects/ContractLineItem__c/a03RB00001UyZVzYAN'}",a03RB00001UyZVzYAN,a03RB00001UyZVz,001RB00001VTrvcYAD,a04RB00000n5JdpYAE,a0BRB000012EChJ2AW,2026/06,2026/06,2026-06-01,2026-06-30,a0CRB0000CcXZ6a2QG,,a00RB00002B4i3KYAR,100000,100000,False,False,1,2026-07-24T08:35:05.000+0000,2026-07-28T02:33:22.000+0000,CN-00000207,近鉄不動産株式会社 Rendery Enterpriseプラン Freee自動請求契約,Activated,近鉄不動産株式会社,Rendery セキュリティオプション(SSO)_初期費用
"{'type': 'ContractLineItem__c', 'url': '/services/data/v67.0/sobjects/ContractLineItem__c/a03RB00001UyZW0YAN'}",a03RB00001UyZW0YAN,a03RB00001UyZW0,001RB00001VTrvcYAD,a04RB00000n5JdpYAE,a0BRB000012EChJ2AW,2026/06,2026/06,2026-06-01,2026-06-30,a0CRB0000CcXZ6V2QW,,a00RB00002B4i3KYAR,195000,195000,True,False,13,2026-07-24T08:35:05.000+0000,2026-07-28T02:33:22.000+0000,CN-00000207,近鉄不動産株式会社 Rendery Enterpriseプラン Freee自動請求契約,Activated,近鉄不動産株式会社,Rendery Enterpriseプラン
"{'type': 'ContractLineItem__c', 'url': '/services/data/v67.0/sobjects/ContractLineItem__c/a03RB00001UyZW3YAN'}",a03RB00001UyZW3YAN,a03RB00001UyZW3,001RB00001br9KKYAY,a04RB00000n5JdsYAE,a0BRB000012EChM2AW,2026/06,2026/06,2026-06-01,2026-06-30,a0CRB0000CcXZ6T2QW,,a00RB00002B2ejdYAB,11000,11000,True,False,1,2026-07-24T08:35:05.000+0000,2026-08-06T00:50:25.000+0000,CN-00000210,株式会社ヨコハマ地所 [OLD] Rendery Enterpriseプラン(2025年9月まで) Freee自動請求契約,Activated,株式会社ヨコハマ地所,[OLD] Rendery Enterpriseプラン(2025年9月まで)
"{'type': 'ContractLineItem__c', 'url': '/services/data/v67.0/sobjects/ContractLineItem__c/a03RB00001UyZW4YAN'}",a03RB00001UyZW4YAN,a03RB00001UyZW4,001RB00001br9KSYAY,a04RB00000n5JdtYAE,a0BRB000012EChN2AW,2026/06,2026/06,2026-06-01,2026-06-30,a0CRB0000CcXZ6Q2QW,,a00RB00002B4i3NYAR,8000,8000,True,False,1,2026-07-24T08:35:05.000+0000,2026-07-28T02:33:22.000+0000,CN-00000211,株式会社JR東日本建築設計 Rendery Proプラン Freee自動請求契約,Activated,株式会社JR東日本建築設計,Rendery Proプラン
"{'type': 'ContractLineItem__c', 'url': '/services/data/v67.0/sobjects/ContractLineItem__c/a03RB00001UyZW5YAN'}",a03RB00001UyZW5YAN,a03RB00001UyZW5,001RB00001br9KdYAI,a04RB00000n5JduYAE,a0BRB000012EChO2AW,2026/06,2026/06,2026-06-01,2026-06-30,a0CRB0000CcXZ6Q2QW,,a00RB00002B4i3OYAR,16000,16000,True,False,2,2026-07-24T08:35:05.000+0000,2026-07-28T02:33:22.000+0000,CN-00000212,三菱地所株式会社(DX推進部) Rendery Proプラン Freee自動請求契約,Activated,三菱地所株式会社(DX推進部),Rendery Proプラン
"{'type': 'ContractLineItem__c', 'url': '/services/data/v67.0/sobjects/ContractLineItem__c/a03RB00001UyZW6YAN'}",a03RB00001UyZW6YAN,a03RB00001UyZW6,001RB00001VTCYEYA5,a04RB00000n5JdvYAE,a0BRB000012EChP2AW,2026/06,2026/06,2026-06-01,2026-06-30,a0CRB0000CcXZ6b2QG,,a00RB00002B4i3PYAR,30000,30000,True,False,1,2026-07-24T08:35:05.000+0000,2026-07-28T02:33:22.000+0000,CN-00000213,野村不動産株式会社 Rendery Enterpriseプラン Freee自動請求契約,Activated,野村不動産株式会社,Rendery セキュリティオプション(SSO)_運用費用
"{'type': 'ContractLineItem__c', 'url': '/services/data/v67.0/sobjects/ContractLineItem__c/a03RB00001UyZW7YAN'}",a03RB00001UyZW7YAN,a03RB00001UyZW7,001RB00001VTCYEYA5,a04RB00000n5JdvYAE,a0BRB000012EChP2AW,2026/06,2026/06,2026-06-01,2026-06-30,a0CRB0000CcXZ6V2QW,,a00RB00002B4i3PYAR,150000,150000,True,False,10,2026-07-24T08:35:05.000+0000,2026-07-28T02:33:22.000+0000,CN-00000213,野村不動産株式会社 Rendery Enterpriseプラン Freee自動請求契約,Activated,野村不動産株式会社,Rendery Enterpriseプラン
"{'type': 'ContractLineItem__c', 'url': '/services/data/v67.0/sobjects/ContractLineItem__c/a03RB00001UyZW8YAN'}",a03RB00001UyZW8YAN,a03RB00001UyZW8,001RB00001br9KYYAY,a04RB00000n5JdwYAE,a0BRB000012EChQ2AW,2026/06,2026/06,2026-06-01,2026-06-30,a0CRB0000CcXZ6V2QW,,a00RB00002B4i3QYAR,30000,30000,True,False,2,2026-07-24T08:35:05.000+0000,2026-07-28T02:33:22.000+0000,CN-00000214,株式会社デザインアーク（東京スペースソリューション第１営業所） Rendery Enterpriseプラン Freee自動請求契約,Activated,株式会社デザインアーク（東京スペースソリューション第１営業所）,Rendery Enterpriseプラン
"{'type': 'ContractLineItem__c', 'url': '/services/data/v67.0/sobjects/ContractLineItem__c/a03RB00001UyZW9YAN'}",a03RB00001UyZW9YAN,a03RB00001UyZW9,001RB00001br9KIYAY,a04RB00000n5JdxYAE,a0BRB000012EChR2AW,2026/06,2026/06,2026-06-01,2026-06-30,a0CRB0000CcXZ6Q2QW,,a00RB00002B4i3RYAR,8000,8000,True,False,1,2026-07-24T08:35:05.000+0000,2026-07-28T02:33:22.000+0000,CN-00000215,合同会社小島屋 Rendery Proプラン Freee自動請求契約,Activated,合同会社小島屋,Rendery Proプラン
"{'type': 'ContractLineItem__c', 'url': '/services/data/v67.0/sobjects/ContractLineItem__c/a03RB00001UyZWAYA3'}",a03RB00001UyZWAYA3,a03RB00001UyZWA,001RB00001br9KcYAI,a04RB00000n5JdyYAE,a0BRB000012EChS2AW,2026/06,2026/06,2026-06-01,2026-06-30,a0CRB0000CcXZ6V2QW,,a00RB00002B4i3SYAR,150000,150000,True,False,10,2026-07-24T08:35:05.000+0000,2026-07-28T02:33:22.000+0000,CN-00000216,株式会社コスモスイニシア（流通事業部） Rendery Enterpriseプラン Freee自動請求契約,Activated,株式会社コスモスイニシア（流通事業部）,Rendery Enterpriseプラン
"{'type': 'ContractLineItem__c', 'url': '/services/data/v67.0/sobjects/ContractLineItem__c/a03RB00001UyZWBYA3'}",a03RB00001UyZWBYA3,a03RB00001UyZWB,001RB00001br9KeYAI,a04RB00000n5JdzYAE,a0BRB000012EChT2AW,2026/03,2026/03,2026-03-01,2026-03-31,a0CRB0000CcXZ6V2QW,,a00RB00002B4i3UYAR,75000,75000,True,False,5,2026-07-24T08:35:05.000+0000,2026-07-28T02:33:22.000+0000,CN-00000217,柏井建設株式会社 Rendery Enterpriseプラン Freee自動請求契約,Activated,柏井建設株式会社,Rendery Enterpriseプラン
"{'type': 'ContractLineItem__c', 'url': '/services/data/v67.0/sobjects/ContractLineItem__c/a03RB00001UyZWEYA3'}",a03RB00001UyZWEYA3,a03RB00001UyZWE,001RB00001br9KSYAY,a04RB00000n5JdtYAE,a0BRB000012EChW2AW,2026/03,2026/03,2026-03-01,2026-03-31,a0CRB0000CcXZ6Q2QW,,a00RB00002B4i3XYAR,8000,8000,True,False,1,2026-07-24T08:35:05.000+0000,2026-07-28T02:33:22.000+0000,CN-00000211,株式会社JR東日本建築設計 Rendery Proプラン Freee自動請求契約,Activated,株式会社JR東日本建築設計,Rendery Proプラン
"{'type': 'ContractLineItem__c', 'url': '/services/data/v67.0/sobjects/ContractLineItem__c/a03RB00001UyZWFYA3'}",a03RB00001UyZWFYA3,a03RB00001UyZWF,001RB00001br9KgYAI,a04RB00000n5JdiYAE,a0BRB000012EChX2AW,2026/03,2026/03,2026-03-01,2026-03-31,a0CRB0000CcXZ6T2QW,,a00RB00002B4i3YYAR,11000,11000,True,False,1,2026-07-24T08:35:05.000+0000,2026-07-28T02:33:22.000+0000,CN-00000200,アイリスオーヤマ株式会社(空間デザイン部) [OLD] Rendery Enterpriseプラン(2025年9月まで) Freee自動請求契約,Activated,アイリスオーヤマ株式会社(空間デザイン部),[OLD] Rendery Enterpriseプラン(2025年9月まで)
"{'type': 'ContractLineItem__c', 'url': '/services/data/v67.0/sobjects/ContractLineItem__c/a03RB00001UyZWGYA3'}",a03RB00001UyZWGYA3,a03RB00001UyZWG,001RB00001br9KfYAI,a04RB00000n5JdjYAE,a0BRB000012EChY2AW,2026/03,2026/03,2026-03-01,2026-03-31,a0CRB0000CcXZ6T2QW,,a00RB00002B4i3ZYAR,44000,44000,True,False,4,2026-07-24T08:35:05.000+0000,2026-07-28T02:33:22.000+0000,CN-00000201,アイリスオーヤマ株式会社(ストアソリューション営業部ストアデザインチーム) [OLD] Rendery Enterpriseプラン(2025年9月まで) Freee自動請求契約,Activated,アイリスオーヤマ株式会社(ストアソリューション営業部ストアデザインチーム),[OLD] Rendery Enterpriseプラン(2025年9月まで)
"{'type': 'ContractLineItem__c', 'url': '/services/data/v67.0/sobjects/ContractLineItem__c/a03RB00001UyZWHYA3'}",a03RB00001UyZWHYA3,a03RB00001UyZWH,001RB00001br9KNYAY,a04RB00000n5JdkYAE,a0BRB000012EChZ2AW,2026/03,2026/03,2026-03-01,2026-03-31,a0CRB0000CcXZ6Q2QW,,a00RB00002B4i3aYAB,8000,8000,True,False,1,2026-07-24T08:35:05.000+0000,2026-07-28T02:33:22.000+0000,CN-00000202,九州旅客鉄道株式会社(博多設備区) Rendery Proプラン Freee自動請求契約,Activated,九州旅客鉄道株式会社(博多設備区),Rendery Proプラン
"{'type': 'ContractLineItem__c', 'url': '/services/data/v67.0/sobjects/ContractLineItem__c/a03RB00001UyZWIYA3'}",a03RB00001UyZWIYA3,a03RB00001UyZWI,001RB00001VTqkQYAT,a04RB00000n5Je1YAE,a0BRB000012ECha2AG,2026/03,2026/03,2026-03-01,2026-03-31,a0CRB0000CcXZ6T2QW,,a00RB00002B4i3bYAB,55000,55000,True,False,5,2026-07-24T08:35:05.000+0000,2026-07-28T02:33:22.000+0000,CN-00000219,株式会社ジョイフル本田 [OLD] Rendery Enterpriseプラン(2025年9月まで) Freee自動請求契約,Activated,株式会社ジョイフル本田,[OLD] Rendery Enterpriseプラン(2025年9月まで)
"{'type': 'ContractLineItem__c', 'url': '/services/data/v67.0/sobjects/ContractLineItem__c/a03RB00001UyZWJYA3'}",a03RB00001UyZWJYA3,a03RB00001UyZWJ,001RB00001VTCYwYAP,a04RB00000n5Je2YAE,a0BRB000012EChb2AG,2026/04,2026/04,2026-04-01,2026-04-30,a0CRB0000CcXZ6Q2QW,,a00RB00002B4i3cYAB,8000,8000,True,False,1,2026-07-24T08:35:05.000+0000,2026-07-28T02:33:22.000+0000,CN-00000220,インフィニティ株式会社 Rendery Proプラン Freee自動請求契約,Activated,インフィニティ株式会社,Rendery Proプラン
"{'type': 'ContractLineItem__c', 'url': '/services/data/v67.0/sobjects/ContractLineItem__c/a03RB00001UyZWKYA3'}",a03RB00001UyZWKYA3,a03RB00001UyZWK,001RB00001br9KQYAY,a04RB00000n5JdnYAE,a0BRB000012EChc2AG,2026/04,2026/04,2026-04-01,2026-04-30,a0CRB0000CcXZ6Q2QW,,a00RB00002B4i3dYAB,8000,8000,True,False,1,2026-07-24T08:35:05.000+0000,2026-07-28T02:33:22.000+0000,CN-00000205,九州旅客鉄道株式会社(開発工事部) Rendery Proプラン Freee自動請求契約,Activated,九州旅客鉄道株式会社(開発工事部),Rendery Proプラン
"{'type': 'ContractLineItem__c', 'url': '/services/data/v67.0/sobjects/ContractLineItem__c/a03RB00001UyZWLYA3'}",a03RB00001UyZWLYA3,a03RB00001UyZWL,001RB00001br9KOYAY,a04RB00000n5JdoYAE,a0BRB000012EChd2AG,2026/04,2026/04,2026-04-01,2026-04-30,a0CRB0000CcXZ6Q2QW,,a00RB00002B4i3eYAB,8000,8000,True,False,1,2026-07-24T08:35:05.000+0000,2026-07-28T02:33:22.000+0000,CN-00000206,株式会社ＬＩＸＩＬ住宅研究所 Rendery Proプラン Freee自動請求契約,Activated,株式会社ＬＩＸＩＬ住宅研究所,Rendery Proプラン
"{'type': 'ContractLineItem__c', 'url': '/services/data/v67.0/sobjects/ContractLineItem__c/a03RB00001UyZWMYA3'}",a03RB00001UyZWMYA3,a03RB00001UyZWM,001RB00001VcyFPYAZ,a04RB00000n5Je3YAE,a0BRB000012EChe2AG,2026/04,2026/04,2026-04-01,2026-04-30,a0CRB0000CcXZ6Q2QW,,a00RB00002B4i3fYAB,48000,48000,True,False,6,2026-07-24T08:35:05.000+0000,2026-07-28T02:33:22.000+0000,CN-00000221,帝国不動産株式会社 Rendery Proプラン Freee自動請求契約,Activated,帝国不動産株式会社,Rendery Proプラン
"{'type': 'ContractLineItem__c', 'url': '/services/data/v67.0/sobjects/ContractLineItem__c/a03RB00001UyZWNYA3'}",a03RB00001UyZWNYA3,a03RB00001UyZWN,001RB00001br9KdYAI,a04RB00000n5JduYAE,a0BRB000012EChf2AG,2026/04,2026/04,2026-04-01,2026-04-30,a0CRB0000CcXZ6Q2QW,,a00RB00002B4i3gYAB,16000,16000,True,False,2,2026-07-24T08:35:05.000+0000,2026-07-28T02:33:22.000+0000,CN-00000212,三菱地所株式会社(DX推進部) Rendery Proプラン Freee自動請求契約,Activated,三菱地所株式会社(DX推進部),Rendery Proプラン
"{'type': 'ContractLineItem__c', 'url': '/services/data/v67.0/sobjects/ContractLineItem__c/a03RB00001UyZWOYA3'}",a03RB00001UyZWOYA3,a03RB00001UyZWO,001RB00001VTCYEYA5,a04RB00000n5JdvYAE,a0BRB000012EChg2AG,2026/04,2026/04,2026-04-01,2026-04-30,a0CRB0000CcXZ6b2QG,,a00RB00002B4i3hYAB,30000,30000,True,False,1,2026-07-24T08:35:05.000+0000,2026-07-28T02:33:22.000+0000,CN-00000213,野村不動産株式会社 Rendery Enterpriseプラン Freee自動請求契約,Activated,野村不動産株式会社,Rendery セキュリティオプション(SSO)_運用費用
"{'type': 'ContractLineItem__c', 'url': '/services/data/v67.0/sobjects/ContractLineItem__c/a03RB00001UyZWPYA3'}",a03RB00001UyZWPYA3,a03RB00001UyZWP,001RB00001VTCYEYA5,a04RB00000n5JdvYAE,a0BRB000012EChg2AG,2026/04,2026/04,2026-04-01,2026-04-30,a0CRB0000CcXZ6V2QW,,a00RB00002B4i3hYAB,150000,150000,True,False,10,2026-07-24T08:35:05.000+0000,2026-07-28T02:33:22.000+0000,CN-00000213,野村不動産株式会社 Rendery Enterpriseプラン Freee自動請求契約,Activated,野村不動産株式会社,Rendery Enterpriseプラン
"{'type': 'ContractLineItem__c', 'url': '/services/data/v67.0/sobjects/ContractLineItem__c/a03RB00001UyZWQYA3'}",a03RB00001UyZWQYA3,a03RB00001UyZWQ,001RB00001VTqlZYAT,a04RB00000n5Je4YAE,a0BRB000012EChh2AG,2026/04,2026/04,2026-04-01,2026-04-30,a0CRB0000CcXZ6T2QW,,a00RB00002B4i3iYAB,77000,77000,True,False,7,2026-07-24T08:35:05.000+0000,2026-07-28T02:33:22.000+0000,CN-00000222,アイリスチトセ株式会社 [OLD] Rendery Enterpriseプラン(2025年9月まで) Freee自動請求契約,Activated,アイリスチトセ株式会社,[OLD] Rendery Enterpriseプラン(2025年9月まで)
"{'type': 'ContractLineItem__c', 'url': '/services/data/v67.0/sobjects/ContractLineItem__c/a03RB00001UyZWVYA3'}",a03RB00001UyZWVYA3,a03RB00001UyZWV,001RB00001br9KSYAY,a04RB00000n5JdtYAE,a0BRB000012EChm2AG,2026/05,2026/05,2026-05-01,2026-05-31,a0CRB0000CcXZ6Q2QW,,a00RB00002B4i3nYAB,8000,8000,True,False,1,2026-07-24T08:35:05.000+0000,2026-07-28T02:33:22.000+0000,CN-00000211,株式会社JR東日本建築設計 Rendery Proプラン Freee自動請求契約,Activated,株式会社JR東日本建築設計,Rendery Proプラン
"{'type': 'ContractLineItem__c', 'url': '/services/data/v67.0/sobjects/ContractLineItem__c/a03RB00001UyZWWYA3'}",a03RB00001UyZWWYA3,a03RB00001UyZWW,001RB00001br9KgYAI,a04RB00000n5JdiYAE,a0BRB000012EChn2AG,2026/05,2026/05,2026-05-01,2026-05-31,a0CRB0000CcXZ6T2QW,,a00RB00002B4i3oYAB,11000,11000,True,False,1,2026-07-24T08:35:05.000+0000,2026-07-28T02:33:22.000+0000,CN-00000200,アイリスオーヤマ株式会社(空間デザイン部) [OLD] Rendery Enterpriseプラン(2025年9月まで) Freee自動請求契約,Activated,アイリスオーヤマ株式会社(空間デザイン部),[OLD] Rendery Enterpriseプラン(2025年9月まで)
"{'type': 'ContractLineItem__c', 'url': '/services/data/v67.0/sobjects/ContractLineItem__c/a03RB00001UyZWXYA3'}",a03RB00001UyZWXYA3,a03RB00001UyZWX,001RB00001br9KfYAI,a04RB00000n5JdjYAE,a0BRB000012ECho2AG,2026/05,2026/05,2026-05-01,2026-05-31,a0CRB0000CcXZ6T2QW,,a00RB00002B4i3pYAB,44000,44000,True,False,4,2026-07-24T08:35:05.000+0000,2026-07-28T02:33:22.000+0000,CN-00000201,アイリスオーヤマ株式会社(ストアソリューション営業部ストアデザインチーム) [OLD] Rendery Enterpriseプラン(2025年9月まで) Freee自動請求契約,Activated,アイリスオーヤマ株式会社(ストアソリューション営業部ストアデザインチーム),[OLD] Rendery Enterpriseプラン(2025年9月まで)
"{'type': 'ContractLineItem__c', 'url': '/services/data/v67.0/sobjects/ContractLineItem__c/a03RB00001UyZWYYA3'}",a03RB00001UyZWYYA3,a03RB00001UyZWY,001RB00001br9KNYAY,a04RB00000n5JdkYAE,a0BRB000012EChp2AG,2026/05,2026/05,2026-05-01,2026-05-31,a0CRB0000CcXZ6Q2QW,,a00RB00002B4i3qYAB,8000,8000,True,False,1,2026-07-24T08:35:05.000+0000,2026-07-28T02:33:22.000+0000,CN-00000202,九州旅客鉄道株式会社(博多設備区) Rendery Proプラン Freee自動請求契約,Activated,九州旅客鉄道株式会社(博多設備区),Rendery Proプラン
"{'type': 'ContractLineItem__c', 'url': '/services/data/v67.0/sobjects/ContractLineItem__c/a03RB00001UyZWZYA3'}",a03RB00001UyZWZYA3,a03RB00001UyZWZ,001RB00001VTqkQYAT,a04RB00000n5Je1YAE,a0BRB000012EChq2AG,2026/05,2026/05,2026-05-01,2026-05-31,a0CRB0000CcXZ6T2QW,,a00RB00002B4i3rYAB,55000,55000,True,False,5,2026-07-24T08:35:05.000+0000,2026-07-28T02:33:22.000+0000,CN-00000219,株式会社ジョイフル本田 [OLD] Rendery Enterpriseプラン(2025年9月まで) Freee自動請求契約,Activated,株式会社ジョイフル本田,[OLD] Rendery Enterpriseプラン(2025年9月まで)
"{'type': 'ContractLineItem__c', 'url': '/services/data/v67.0/sobjects/ContractLineItem__c/a03RB00001UyZWaYAN'}",a03RB00001UyZWaYAN,a03RB00001UyZWa,001RB00001br9KLYAY,a04RB00000n5JdlYAE,a0BRB000012EChr2AG,2026/05,2026/05,2026-05-01,2026-05-31,a0CRB0000CcXZ6Q2QW,,a00RB00002B4i3sYAB,8000,8000,True,False,1,2026-07-24T08:35:05.000+0000,2026-07-28T02:33:22.000+0000,CN-00000203,九州旅客鉄道株式会社(建設工事部施設課) Rendery Proプラン Freee自動請求契約,Activated,九州旅客鉄道株式会社(建設工事部施設課),Rendery Proプラン
"{'type': 'ContractLineItem__c', 'url': '/services/data/v67.0/sobjects/ContractLineItem__c/a03RB00001UyZWbYAN'}",a03RB00001UyZWbYAN,a03RB00001UyZWb,001RB00001VTCYwYAP,a04RB00000n5Je2YAE,a0BRB000012EChs2AG,2026/05,2026/05,2026-05-01,2026-05-31,a0CRB0000CcXZ6Q2QW,,a00RB00002B4i3tYAB,8000,8000,True,False,1,2026-07-24T08:35:05.000+0000,2026-07-28T02:33:22.000+0000,CN-00000220,インフィニティ株式会社 Rendery Proプラン Freee自動請求契約,Activated,インフィニティ株式会社,Rendery Proプラン
"{'type': 'ContractLineItem__c', 'url': '/services/data/v67.0/sobjects/ContractLineItem__c/a03RB00001UyZWcYAN'}",a03RB00001UyZWcYAN,a03RB00001UyZWc,001RB00001br9KQYAY,a04RB00000n5JdnYAE,a0BRB000012ECht2AG,2026/05,2026/05,2026-05-01,2026-05-31,a0CRB0000CcXZ6Q2QW,,a00RB00002B4i3uYAB,8000,8000,True,False,1,2026-07-24T08:35:05.000+0000,2026-07-28T02:33:22.000+0000,CN-00000205,九州旅客鉄道株式会社(開発工事部) Rendery Proプラン Freee自動請求契約,Activated,九州旅客鉄道株式会社(開発工事部),Rendery Proプラン
"{'type': 'ContractLineItem__c', 'url': '/services/data/v67.0/sobjects/ContractLineItem__c/a03RB00001UyZWdYAN'}",a03RB00001UyZWdYAN,a03RB00001UyZWd,001RB00001br9KOYAY,a04RB00000n5JdoYAE,a0BRB000012EChu2AG,2026/05,2026/05,2026-05-01,2026-05-31,a0CRB0000CcXZ6Q2QW,,a00RB00002B4i3vYAB,8000,8000,True,False,1,2026-07-24T08:35:05.000+0000,2026-07-28T02:33:22.000+0000,CN-00000206,株式会社ＬＩＸＩＬ住宅研究所 Rendery Proプラン Freee自動請求契約,Activated,株式会社ＬＩＸＩＬ住宅研究所,Rendery Proプラン
"{'type': 'ContractLineItem__c', 'url': '/services/data/v67.0/sobjects/ContractLineItem__c/a03RB00001UyZWeYAN'}",a03RB00001UyZWeYAN,a03RB00001UyZWe,001RB00001VcyFPYAZ,a04RB00000n5Je3YAE,a0BRB000012EChv2AG,2026/05,2026/05,2026-05-01,2026-05-31,a0CRB0000CcXZ6Q2QW,,a00RB00002B4i3wYAB,48000,48000,True,False,6,2026-07-24T08:35:05.000+0000,2026-07-28T02:33:22.000+0000,CN-00000221,帝国不動産株式会社 Rendery Proプラン Freee自動請求契約,Activated,帝国不動産株式会社,Rendery Proプラン
"{'type': 'ContractLineItem__c', 'url': '/services/data/v67.0/sobjects/ContractLineItem__c/a03RB00001UyZWfYAN'}",a03RB00001UyZWfYAN,a03RB00001UyZWf,001RB00001br9KdYAI,a04RB00000n5JduYAE,a0BRB000012EChw2AG,2026/05,2026/05,2026-05-01,2026-05-31,a0CRB0000CcXZ6Q2QW,,a00RB00002B4i3xYAB,16000,16000,True,False,2,2026-07-24T08:35:05.000+0000,2026-07-28T02:33:22.000+0000,CN-00000212,三菱地所株式会社(DX推進部) Rendery Proプラン Freee自動請求契約,Activated,三菱地所株式会社(DX推進部),Rendery Proプラン
"{'type': 'ContractLineItem__c', 'url': '/services/data/v67.0/sobjects/ContractLineItem__c/a03RB00001UyZWgYAN'}",a03RB00001UyZWgYAN,a03RB00001UyZWg,001RB00001VTCYEYA5,a04RB00000n5JdvYAE,a0BRB000012EChx2AG,2026/05,2026/05,2026-05-01,2026-05-31,a0CRB0000CcXZ6b2QG,,a00RB00002B4i3yYAB,30000,30000,True,False,1,2026-07-24T08:35:05.000+0000,2026-07-28T02:33:22.000+0000,CN-00000213,野村不動産株式会社 Rendery Enterpriseプラン Freee自動請求契約,Activated,野村不動産株式会社,Rendery セキュリティオプション(SSO)_運用費用
"{'type': 'ContractLineItem__c', 'url': '/services/data/v67.0/sobjects/ContractLineItem__c/a03RB00001UyZWhYAN'}",a03RB00001UyZWhYAN,a03RB00001UyZWh,001RB00001VTCYEYA5,a04RB00000n5JdvYAE,a0BRB000012EChx2AG,2026/05,2026/05,2026-05-01,2026-05-31,a0CRB0000CcXZ6V2QW,,a00RB00002B4i3yYAB,150000,150000,True,False,10,2026-07-24T08:35:05.000+0000,2026-07-28T02:33:22.000+0000,CN-00000213,野村不動産株式会社 Rendery Enterpriseプラン Freee自動請求契約,Activated,野村不動産株式会社,Rendery Enterpriseプラン
"{'type': 'ContractLineItem__c', 'url': '/services/data/v67.0/sobjects/ContractLineItem__c/a03RB00001UyZWiYAN'}",a03RB00001UyZWiYAN,a03RB00001UyZWi,001RB00001br9KSYAY,a04RB00000n5JdtYAE,a0BRB000012EChy2AG,2026/04,2026/04,2026-04-01,2026-04-30,a0CRB0000CcXZ6Q2QW,,a00RB00002B4i3zYAB,8000,8000,True,False,1,2026-07-24T08:35:05.000+0000,2026-07-28T02:33:22.000+0000,CN-00000211,株式会社JR東日本建築設計 Rendery Proプラン Freee自動請求契約,Activated,株式会社JR東日本建築設計,Rendery Proプラン
"{'type': 'ContractLineItem__c', 'url': '/services/data/v67.0/sobjects/ContractLineItem__c/a03RB00001UyZWjYAN'}",a03RB00001UyZWjYAN,a03RB00001UyZWj,001RB00001br9KgYAI,a04RB00000n5JdiYAE,a0BRB000012EChz2AG,2026/04,2026/04,2026-04-01,2026-04-30,a0CRB0000CcXZ6T2QW,,a00RB00002B4i40YAB,11000,11000,True,False,1,2026-07-24T08:35:05.000+0000,2026-07-28T02:33:22.000+0000,CN-00000200,アイリスオーヤマ株式会社(空間デザイン部) [OLD] Rendery Enterpriseプラン(2025年9月まで) Freee自動請求契約,Activated,アイリスオーヤマ株式会社(空間デザイン部),[OLD] Rendery Enterpriseプラン(2025年9月まで)
"{'type': 'ContractLineItem__c', 'url': '/services/data/v67.0/sobjects/ContractLineItem__c/a03RB00001UyZWkYAN'}",a03RB00001UyZWkYAN,a03RB00001UyZWk,001RB00001br9KfYAI,a04RB00000n5JdjYAE,a0BRB000012ECi02AG,2026/04,2026/04,2026-04-01,2026-04-30,a0CRB0000CcXZ6T2QW,,a00RB00002B4i41YAB,44000,44000,True,False,4,2026-07-24T08:35:05.000+0000,2026-07-28T02:33:22.000+0000,CN-00000201,アイリスオーヤマ株式会社(ストアソリューション営業部ストアデザインチーム) [OLD] Rendery Enterpriseプラン(2025年9月まで) Freee自動請求契約,Activated,アイリスオーヤマ株式会社(ストアソリューション営業部ストアデザインチーム),[OLD] Rendery Enterpriseプラン(2025年9月まで)
"{'type': 'ContractLineItem__c', 'url': '/services/data/v67.0/sobjects/ContractLineItem__c/a03RB00001UyZWlYAN'}",a03RB00001UyZWlYAN,a03RB00001UyZWl,001RB00001br9KNYAY,a04RB00000n5JdkYAE,a0BRB000012ECi12AG,2026/04,2026/04,2026-04-01,2026-04-30,a0CRB0000CcXZ6Q2QW,,a00RB00002B4i42YAB,8000,8000,True,False,1,2026-07-24T08:35:05.000+0000,2026-07-28T02:33:22.000+0000,CN-00000202,九州旅客鉄道株式会社(博多設備区) Rendery Proプラン Freee自動請求契約,Activated,九州旅客鉄道株式会社(博多設備区),Rendery Proプラン
"{'type': 'ContractLineItem__c', 'url': '/services/data/v67.0/sobjects/ContractLineItem__c/a03RB00001UyZWmYAN'}",a03RB00001UyZWmYAN,a03RB00001UyZWm,001RB00001VTqkQYAT,a04RB00000n5Je1YAE,a0BRB000012ECi22AG,2026/04,2026/04,2026-04-01,2026-04-30,a0CRB0000CcXZ6T2QW,,a00RB00002B4i43YAB,55000,55000,True,False,5,2026-07-24T08:35:05.000+0000,2026-07-28T02:33:22.000+0000,CN-00000219,株式会社ジョイフル本田 [OLD] Rendery Enterpriseプラン(2025年9月まで) Freee自動請求契約,Activated,株式会社ジョイフル本田,[OLD] Rendery Enterpriseプラン(2025年9月まで)
"{'type': 'ContractLineItem__c', 'url': '/services/data/v67.0/sobjects/ContractLineItem__c/a03RB00001UyZWnYAN'}",a03RB00001UyZWnYAN,a03RB00001UyZWn,001RB00001br9KLYAY,a04RB00000n5JdlYAE,a0BRB000012ECi32AG,2026/04,2026/04,2026-04-01,2026-04-30,a0CRB0000CcXZ6Q2QW,,a00RB00002B4i44YAB,8000,8000,True,False,1,2026-07-24T08:35:05.000+0000,2026-07-28T02:33:22.000+0000,CN-00000203,九州旅客鉄道株式会社(建設工事部施設課) Rendery Proプラン Freee自動請求契約,Activated,九州旅客鉄道株式会社(建設工事部施設課),Rendery Proプラン
"{'type': 'ContractLineItem__c', 'url': '/services/data/v67.0/sobjects/ContractLineItem__c/a03RB00001UyZWoYAN'}",a03RB00001UyZWoYAN,a03RB00001UyZWo,001RB00001br9KLYAY,a04RB00000n5JdlYAE,a0BRB000012ECi42AG,2026/03,2026/03,2026-03-01,2026-03-31,a0CRB0000CcXZ6Q2QW,,a00RB00002B4i45YAB,8000,8000,True,False,1,2026-07-24T08:35:05.000+0000,2026-07-28T02:33:22.000+0000,CN-00000203,九州旅客鉄道株式会社(建設工事部施設課) Rendery Proプラン Freee自動請求契約,Activated,九州旅客鉄道株式会社(建設工事部施設課),Rendery Proプラン
"{'type': 'ContractLineItem__c', 'url': '/services/data/v67.0/sobjects/ContractLineItem__c/a03RB00001UyZWpYAN'}",a03RB00001UyZWpYAN,a03RB00001UyZWp,001RB00001VTCYwYAP,a04RB00000n5Je2YAE,a0BRB000012ECi52AG,2026/03,2026/03,2026-03-01,2026-03-31,a0CRB0000CcXZ6Q2QW,,a00RB00002B4i46YAB,8000,8000,True,False,1,2026-07-24T08:35:05.000+0000,2026-07-28T02:33:22.000+0000,CN-00000220,インフィニティ株式会社 Rendery Proプラン Freee自動請求契約,Activated,インフィニティ株式会社,Rendery Proプラン
"{'type': 'ContractLineItem__c', 'url': '/services/data/v67.0/sobjects/ContractLineItem__c/a03RB00001UyZWqYAN'}",a03RB00001UyZWqYAN,a03RB00001UyZWq,001RB00001br9KQYAY,a04RB00000n5JdnYAE,a0BRB000012ECi62AG,2026/03,2026/03,2026-03-01,2026-03-31,a0CRB0000CcXZ6Q2QW,,a00RB00002B4i47YAB,8000,8000,True,False,1,2026-07-24T08:35:05.000+0000,2026-07-28T02:33:22.000+0000,CN-00000205,九州旅客鉄道株式会社(開発工事部) Rendery Proプラン Freee自動請求契約,Activated,九州旅客鉄道株式会社(開発工事部),Rendery Proプラン
"{'type': 'ContractLineItem__c', 'url': '/services/data/v67.0/sobjects/ContractLineItem__c/a03RB00001UyZWrYAN'}",a03RB00001UyZWrYAN,a03RB00001UyZWr,001RB00001br9KOYAY,a04RB00000n5JdoYAE,a0BRB000012ECi72AG,2026/03,2026/03,2026-03-01,2026-03-31,a0CRB0000CcXZ6Q2QW,,a00RB00002B4i48YAB,8000,8000,True,False,1,2026-07-24T08:35:05.000+0000,2026-07-28T02:33:22.000+0000,CN-00000206,株式会社ＬＩＸＩＬ住宅研究所 Rendery Proプラン Freee自動請求契約,Activated,株式会社ＬＩＸＩＬ住宅研究所,Rendery Proプラン
"{'type': 'ContractLineItem__c', 'url': '/services/data/v67.0/sobjects/ContractLineItem__c/a03RB00001UyZWsYAN'}",a03RB00001UyZWsYAN,a03RB00001UyZWs,001RB00001VTqlZYAT,a04RB00000n5Je4YAE,a0BRB000012ECi82AG,2026/03,2026/03,2026-03-01,2026-03-31,a0CRB0000CcXZ6T2QW,,a00RB00002B4i49YAB,77000,77000,True,False,7,2026-07-24T08:35:05.000+0000,2026-07-28T02:33:22.000+0000,CN-00000222,アイリスチトセ株式会社 [OLD] Rendery Enterpriseプラン(2025年9月まで) Freee自動請求契約,Activated,アイリスチトセ株式会社,[OLD] Rendery Enterpriseプラン(2025年9月まで)
"{'type': 'ContractLineItem__c', 'url': '/services/data/v67.0/sobjects/ContractLineItem__c/a03RB00001UyZWtYAN'}",a03RB00001UyZWtYAN,a03RB00001UyZWt,001RB00001br9KdYAI,a04RB00000n5JduYAE,a0BRB000012ECi92AG,2026/03,2026/03,2026-03-01,2026-03-31,a0CRB0000CcXZ6Q2QW,,a00RB00002B4i4AYAR,16000,16000,True,False,2,2026-07-24T08:35:05.000+0000,2026-07-28T02:33:22.000+0000,CN-00000212,三菱地所株式会社(DX推進部) Rendery Proプラン Freee自動請求契約,Activated,三菱地所株式会社(DX推進部),Rendery Proプラン
"{'type': 'ContractLineItem__c', 'url': '/services/data/v67.0/sobjects/ContractLineItem__c/a03RB00001UyZWuYAN'}",a03RB00001UyZWuYAN,a03RB00001UyZWu,001RB00001br9KbYAI,a04RB00000n5Je7YAE,a0BRB000012ECiA2AW,2026/07,2026/07,2026-07-01,2026-07-31,a0CRB0000CcXZ6T2QW,,a00RB00002B4i4BYAR,132000,132000,True,False,12,2026-07-24T08:35:05.000+0000,2026-07-28T02:33:22.000+0000,CN-00000225,三井不動産レジデンシャルリース株式会社(ソリューション推進部) [OLD] Rendery Enterpriseプラン(2025年9月まで) Freee自動請求契約,Activated,三井不動産レジデンシャルリース株式会社(ソリューション推進部),[OLD] Rendery Enterpriseプラン(2025年9月まで)
"{'type': 'ContractLineItem__c', 'url': '/services/data/v67.0/sobjects/ContractLineItem__c/a03RB00001UyZWvYAN'}",a03RB00001UyZWvYAN,a03RB00001UyZWv,001RB00001br9KWYAY,a04RB00000n5Je8YAE,a0BRB000012ECiB2AW,2026/07,2026/07,2026-07-01,2026-07-31,a0CRB0000CcXZ6Q2QW,,a00RB00002B4i4CYAR,48000,48000,True,False,6,2026-07-24T08:35:05.000+0000,2026-07-28T02:33:22.000+0000,CN-00000226,株式会社三越伊勢丹プロパティ・デザイン Rendery Proプラン Freee自動請求契約,Activated,株式会社三越伊勢丹プロパティ・デザイン,Rendery Proプラン
"{'type': 'ContractLineItem__c', 'url': '/services/data/v67.0/sobjects/ContractLineItem__c/a03RB00001UyZWwYAN'}",a03RB00001UyZWwYAN,a03RB00001UyZWw,001RB00001br9KaYAI,a04RB00000n5Je9YAE,a0BRB000012ECiC2AW,2026/07,2026/07,2026-07-01,2026-07-31,a0CRB0000CcXZ6Q2QW,,a00RB00002B4i4DYAR,24000,24000,True,False,3,2026-07-24T08:35:05.000+0000,2026-07-28T02:33:22.000+0000,CN-00000227,株式会社錢高組 Rendery Proプラン Freee自動請求契約,Activated,株式会社錢高組,Rendery Proプラン
"{'type': 'ContractLineItem__c', 'url': '/services/data/v67.0/sobjects/ContractLineItem__c/a03RB00001UyZWxYAN'}",a03RB00001UyZWxYAN,a03RB00001UyZWx,001RB00001br9KeYAI,a04RB00000n5JdzYAE,a0BRB000012ECiD2AW,2026/07,2026/07,2026-07-01,2026-07-31,a0CRB0000CcXZ6V2QW,,a00RB00002B4i4EYAR,75000,75000,True,False,5,2026-07-24T08:35:05.000+0000,2026-07-28T02:33:22.000+0000,CN-00000217,柏井建設株式会社 Rendery Enterpriseプラン Freee自動請求契約,Activated,柏井建設株式会社,Rendery Enterpriseプラン
"{'type': 'ContractLineItem__c', 'url': '/services/data/v67.0/sobjects/ContractLineItem__c/a03RB00001UyZWyYAN'}",a03RB00001UyZWyYAN,a03RB00001UyZWy,001RB00001br9KYYAY,a04RB00000n5JdwYAE,a0BRB000012ECiE2AW,2026/07,2026/07,2026-07-01,2026-07-31,a0CRB0000CcXZ6V2QW,,a00RB00002B4i4FYAR,30000,30000,True,False,2,2026-07-24T08:35:05.000+0000,2026-07-28T02:33:22.000+0000,CN-00000214,株式会社デザインアーク（東京スペースソリューション第１営業所） Rendery Enterpriseプラン Freee自動請求契約,Activated,株式会社デザインアーク（東京スペースソリューション第１営業所）,Rendery Enterpriseプラン
"{'type': 'ContractLineItem__c', 'url': '/services/data/v67.0/sobjects/ContractLineItem__c/a03RB00001UyZWzYAN'}",a03RB00001UyZWzYAN,a03RB00001UyZWz,001RB00001br9KIYAY,a04RB00000n5JdxYAE,a0BRB000012ECiF2AW,2026/07,2026/07,2026-07-01,2026-07-31,a0CRB0000CcXZ6Q2QW,,a00RB00002B4i4GYAR,8000,8000,True,False,1,2026-07-24T08:35:05.000+0000,2026-07-28T02:33:22.000+0000,CN-00000215,合同会社小島屋 Rendery Proプラン Freee自動請求契約,Activated,合同会社小島屋,Rendery Proプラン
"{'type': 'ContractLineItem__c', 'url': '/services/data/v67.0/sobjects/ContractLineItem__c/a03RB00001UyZX0YAN'}",a03RB00001UyZX0YAN,a03RB00001UyZX0,001RB00001VcyFPYAZ,a04RB00000n5Je3YAE,a0BRB000012ECiG2AW,2026/07,2026/07,2026-07-01,2026-07-31,a0CRB0000CcXZ6Q2QW,,a00RB00002B4i4IYAR,48000,48000,True,False,6,2026-07-24T08:35:05.000+0000,2026-07-28T02:33:22.000+0000,CN-00000221,帝国不動産株式会社 Rendery Proプラン Freee自動請求契約,Activated,帝国不動産株式会社,Rendery Proプラン
"{'type': 'ContractLineItem__c', 'url': '/services/data/v67.0/sobjects/ContractLineItem__c/a03RB00001UyZX1YAN'}",a03RB00001UyZX1YAN,a03RB00001UyZX1,001RB00001br9KdYAI,a04RB00000n5JduYAE,a0BRB000012ECiH2AW,2026/07,2026/07,2026-07-01,2026-07-31,a0CRB0000CcXZ6Q2QW,,a00RB00002B4i4JYAR,16000,16000,True,False,2,2026-07-24T08:35:05.000+0000,2026-07-28T02:33:22.000+0000,CN-00000212,三菱地所株式会社(DX推進部) Rendery Proプラン Freee自動請求契約,Activated,三菱地所株式会社(DX推進部),Rendery Proプラン
"{'type': 'ContractLineItem__c', 'url': '/services/data/v67.0/sobjects/ContractLineItem__c/a03RB00001UyZX2YAN'}",a03RB00001UyZX2YAN,a03RB00001UyZX2,001RB00001br9KSYAY,a04RB00000n5JdtYAE,a0BRB000012ECiI2AW,2026/07,2026/07,2026-07-01,2026-07-31,a0CRB0000CcXZ6Q2QW,,a00RB00002B4i4KYAR,8000,8000,True,False,1,2026-07-24T08:35:05.000+0000,2026-07-28T02:33:22.000+0000,CN-00000211,株式会社JR東日本建築設計 Rendery Proプラン Freee自動請求契約,Activated,株式会社JR東日本建築設計,Rendery Proプラン
"{'type': 'ContractLineItem__c', 'url': '/services/data/v67.0/sobjects/ContractLineItem__c/a03RB00001UyZX3YAN'}",a03RB00001UyZX3YAN,a03RB00001UyZX3,001RB00001br9KgYAI,a04RB00000n5JdiYAE,a0BRB000012ECiJ2AW,2026/07,2026/07,2026-07-01,2026-07-31,a0CRB0000CcXZ6T2QW,,a00RB00002B4i4LYAR,11000,11000,True,False,1,2026-07-24T08:35:05.000+0000,2026-07-28T02:33:22.000+0000,CN-00000200,アイリスオーヤマ株式会社(空間デザイン部) [OLD] Rendery Enterpriseプラン(2025年9月まで) Freee自動請求契約,Activated,アイリスオーヤマ株式会社(空間デザイン部),[OLD] Rendery Enterpriseプラン(2025年9月まで)
"{'type': 'ContractLineItem__c', 'url': '/services/data/v67.0/sobjects/ContractLineItem__c/a03RB00001UyZX4YAN'}",a03RB00001UyZX4YAN,a03RB00001UyZX4,001RB00001br9KfYAI,a04RB00000n5JdjYAE,a0BRB000012ECiK2AW,2026/07,2026/07,2026-07-01,2026-07-31,a0CRB0000CcXZ6T2QW,,a00RB00002B4i4MYAR,44000,44000,True,False,4,2026-07-24T08:35:05.000+0000,2026-07-28T02:33:22.000+0000,CN-00000201,アイリスオーヤマ株式会社(ストアソリューション営業部ストアデザインチーム) [OLD] Rendery Enterpriseプラン(2025年9月まで) Freee自動請求契約,Activated,アイリスオーヤマ株式会社(ストアソリューション営業部ストアデザインチーム),[OLD] Rendery Enterpriseプラン(2025年9月まで)
"{'type': 'ContractLineItem__c', 'url': '/services/data/v67.0/sobjects/ContractLineItem__c/a03RB00001UyZX5YAN'}",a03RB00001UyZX5YAN,a03RB00001UyZX5,001RB00001br9KNYAY,a04RB00000n5JdkYAE,a0BRB000012ECiL2AW,2026/07,2026/07,2026-07-01,2026-07-31,a0CRB0000CcXZ6Q2QW,,a00RB00002B4i4NYAR,8000,8000,True,False,1,2026-07-24T08:35:05.000+0000,2026-07-28T02:33:22.000+0000,CN-00000202,九州旅客鉄道株式会社(博多設備区) Rendery Proプラン Freee自動請求契約,Activated,九州旅客鉄道株式会社(博多設備区),Rendery Proプラン
"{'type': 'ContractLineItem__c', 'url': '/services/data/v67.0/sobjects/ContractLineItem__c/a03RB00001UyZX6YAN'}",a03RB00001UyZX6YAN,a03RB00001UyZX6,001RB00001VTrrHYAT,a04RB00000n5JeAYAU,a0BRB000012ECiM2AW,2026/07,2026/07,2026-07-01,2026-07-31,a0CRB0000CcXZ6V2QW,,a00RB00002DFRNjYAP,75000,75000,True,False,5,2026-07-24T08:35:05.000+0000,2026-08-06T01:28:02.000+0000,CN-00000228,株式会社ワンズ・レーニア Rendery Enterpriseプラン Freee自動請求契約,Activated,株式会社ワンズ・レーニア,Rendery Enterpriseプラン
"{'type': 'ContractLineItem__c', 'url': '/services/data/v67.0/sobjects/ContractLineItem__c/a03RB00001UyZX7YAN'}",a03RB00001UyZX7YAN,a03RB00001UyZX7,001RB00001br9KLYAY,a04RB00000n5JdlYAE,a0BRB000012ECiN2AW,2026/07,2026/07,2026-07-01,2026-07-31,a0CRB0000CcXZ6Q2QW,,a00RB00002B4i4OYAR,8000,8000,True,False,1,2026-07-24T08:35:05.000+0000,2026-07-28T02:33:22.000+0000,CN-00000203,九州旅客鉄道株式会社(建設工事部施設課) Rendery Proプラン Freee自動請求契約,Activated,九州旅客鉄道株式会社(建設工事部施設課),Rendery Proプラン
"{'type': 'ContractLineItem__c', 'url': '/services/data/v67.0/sobjects/ContractLineItem__c/a03RB00001UyZX8YAN'}",a03RB00001UyZX8YAN,a03RB00001UyZX8,001RB00001br9KMYAY,a04RB00000n5JdmYAE,a0BRB000012ECiO2AW,2026/07,2026/07,2026-07-01,2026-07-31,a0CRB0000CcXZ6T2QW,,a00RB00002B4i4PYAR,44000,44000,True,False,4,2026-07-24T08:35:05.000+0000,2026-07-28T02:33:22.000+0000,CN-00000204,東急リゾーツ＆ステイ株式会社 [OLD] Rendery Enterpriseプラン(2025年9月まで) Freee自動請求契約,Activated,東急リゾーツ＆ステイ株式会社,[OLD] Rendery Enterpriseプラン(2025年9月まで)
"{'type': 'ContractLineItem__c', 'url': '/services/data/v67.0/sobjects/ContractLineItem__c/a03RB00001UyZX9YAN'}",a03RB00001UyZX9YAN,a03RB00001UyZX9,001RB00001br9KQYAY,a04RB00000n5JdnYAE,a0BRB000012ECiP2AW,2026/07,2026/07,2026-07-01,2026-07-31,a0CRB0000CcXZ6Q2QW,,a00RB00002B4i4QYAR,8000,8000,True,False,1,2026-07-24T08:35:05.000+0000,2026-07-28T02:33:22.000+0000,CN-00000205,九州旅客鉄道株式会社(開発工事部) Rendery Proプラン Freee自動請求契約,Activated,九州旅客鉄道株式会社(開発工事部),Rendery Proプラン
"{'type': 'ContractLineItem__c', 'url': '/services/data/v67.0/sobjects/ContractLineItem__c/a03RB00001UyZXAYA3'}",a03RB00001UyZXAYA3,a03RB00001UyZXA,001RB00001br9KOYAY,a04RB00000n5JdoYAE,a0BRB000012ECiQ2AW,2026/07,2026/07,2026-07-01,2026-07-31,a0CRB0000CcXZ6Q2QW,,a00RB00002B4i4RYAR,8000,8000,True,False,1,2026-07-24T08:35:05.000+0000,2026-07-28T02:33:22.000+0000,CN-00000206,株式会社ＬＩＸＩＬ住宅研究所 Rendery Proプラン Freee自動請求契約,Activated,株式会社ＬＩＸＩＬ住宅研究所,Rendery Proプラン
"{'type': 'ContractLineItem__c', 'url': '/services/data/v67.0/sobjects/ContractLineItem__c/a03RB00001VH5KPYA1'}",a03RB00001VH5KPYA1,a03RB00001VH5KP,001RB00001VTruAYAT,a04RB00000kUAOAYA4,a0BRB000012R4gz2AC,2026/06,2026/06,2026-06-01,2026-06-30,a0CRB0000CcXZ6V2QW,,a00RB00002BahLdYAJ,198000,198000,True,False,18,2026-07-27T04:00:43.000+0000,2026-07-28T05:08:12.000+0000,CN-00000036,株式会社デザインアーク,Activated,株式会社デザインアーク,Rendery Enterpriseプラン
"{'type': 'ContractLineItem__c', 'url': '/services/data/v67.0/sobjects/ContractLineItem__c/a03RB00001VU9YAYA1'}",a03RB00001VU9YAYA1,a03RB00001VU9YA,001RB00001VTrvxYAD,a04RB00000nCFH5YAO,a0BRB000012ZyPR2A0,2026/08,2026/08,2026-08-01,2026-08-31,a0CRB0000Ck3ReH2QU,a09RB000013Dn0fYAC,a00RB00002Bbke2YAB,150000,150000,False,False,10,2026-07-28T06:51:53.000+0000,2026-07-28T06:51:53.000+0000,CN-00000232,清水建設株式会社 九州支店設計部_2026-08-01,Draft,清水建設 株式会社,Rendery_Enterpriseプラン
"{'type': 'ContractLineItem__c', 'url': '/services/data/v67.0/sobjects/ContractLineItem__c/a03RB00001VUaoWYAT'}",a03RB00001VUaoWYAT,a03RB00001VUaoW,001RB00001VTrkSYAT,a04RB00000kUAPJYA4,a0BRB00000ynn5A2AQ,2026/06,2026/06,2026-06-01,2026-06-30,a0CRB0000CcXZ6Z2QW,,,75000,75000,False,False,5,2026-07-28T04:58:43.000+0000,2026-08-06T01:58:48.000+0000,CN-00000107,梅林建設株式会社,Activated,梅林建設株式会社,[年払] Rendery Enterpriseプラン
"{'type': 'ContractLineItem__c', 'url': '/services/data/v67.0/sobjects/ContractLineItem__c/a03RB00001VUaoXYAT'}",a03RB00001VUaoXYAT,a03RB00001VUaoX,001RB00001VTrxYYAT,a04RB00000kUAPNYA4,a0BRB00000ynn5E2AQ,2026/06,2026/06,2026-06-01,2026-06-30,a0CRB0000CcXZ6Q2QW,,a00RB000027fzNvYAI,8000,8000,True,False,12,2026-07-28T04:58:43.000+0000,2026-08-06T00:04:59.000+0000,CN-00000111,株式会社エリオクリエイト,Activated,株式会社エリオクリエイト,Rendery Proプラン
"{'type': 'ContractLineItem__c', 'url': '/services/data/v67.0/sobjects/ContractLineItem__c/a03RB00001VUaoYYAT'}",a03RB00001VUaoYYAT,a03RB00001VUaoY,001RB00001VTrm3YAD,a04RB00000kUAPOYA4,a0BRB00000ynn5F2AQ,2026/06,2026/06,2026-06-01,2026-06-30,a0CRB0000CcXZ6Z2QW,,a00RB00002B5oL4YAJ,84000,84000,False,False,6,2026-07-28T04:58:43.000+0000,2026-08-06T00:04:59.000+0000,CN-00000112,株式会社創建ホーム,Activated,創建ホーム株式会社,[年払] Rendery Enterpriseプラン
"{'type': 'ContractLineItem__c', 'url': '/services/data/v67.0/sobjects/ContractLineItem__c/a03RB00001VUaoZYAT'}",a03RB00001VUaoZYAT,a03RB00001VUaoZ,001RB00001VTqleYAD,a04RB00000kUAObYAO,a0BRB00000ynb6W2AQ,2026/06,2026/06,2026-06-01,2026-06-30,a0CRB0000CcXZ6S2QW,,a00RB00002DAbgvYAD,6400,6400,False,False,12,2026-07-28T04:58:43.000+0000,2026-08-19T10:25:53.000+0000,CN-00000063,大塚商会（大和財宅）,Activated,株式会社大塚商会,[年払_代理販売20%] Rendery Proプランネンバライ
"{'type': 'ContractLineItem__c', 'url': '/services/data/v67.0/sobjects/ContractLineItem__c/a03RB00001VUaoaYAD'}",a03RB00001VUaoaYAD,a03RB00001VUaoa,001RB00001VTqsxYAD,a04RB00000kUAOnYAO,a0BRB00000ynb6i2AA,2026/06,2026/06,2026-06-01,2026-06-30,a0CRB0000CcXZ6V2QW,,a00RB000027fzNxYAI,12500,12500,True,False,5,2026-07-28T04:58:43.000+0000,2026-08-06T00:04:59.000+0000,CN-00000075,ジーク株式会社,Activated,ジーク株式会社,Rendery Enterpriseプラン
"{'type': 'ContractLineItem__c', 'url': '/services/data/v67.0/sobjects/ContractLineItem__c/a03RB00001VUaobYAD'}",a03RB00001VUaobYAD,a03RB00001VUaob,001RB00001VTCYEYA5,a04RB00000lZ54zYAC,a0BRB0000100Bsb2AE,2026/07,2026/07,2026-07-01,2026-07-31,a0CRB0000CcXZ6Z2QW,,a00RB00002DHAs5YAH,140000,140000,False,False,120,2026-07-28T04:58:43.000+0000,2026-08-06T01:32:41.000+0000,CN-00000191,野村不動産株式会社　商業事業本部,Activated,野村不動産株式会社,[年払] Rendery Enterpriseプラン
"{'type': 'ContractLineItem__c', 'url': '/services/data/v67.0/sobjects/ContractLineItem__c/a03RB00001VUaocYAD'}",a03RB00001VUaocYAD,a03RB00001VUaoc,001RB00001VTqleYAD,a04RB00000kUAObYAO,a0BRB00000ynb6W2AQ,2026/07,2026/07,2026-07-01,2026-07-31,a0CRB0000CcXZ6W2QW,,a00RB00002B5oLLYAZ,120000,120000,True,False,10,2026-07-28T04:58:43.000+0000,2026-08-06T00:04:59.000+0000,CN-00000063,大塚商会（大和財宅）,Activated,株式会社大塚商会,[代理販売20%] Rendery Enterpriseプラン
"{'type': 'ContractLineItem__c', 'url': '/services/data/v67.0/sobjects/ContractLineItem__c/a03RB00001VVITJYA5'}",a03RB00001VVITJYA5,a03RB00001VVITJ,001RB00001VTrvxYAD,a04RB00000nCVWrYAO,a0BRB000012ZwHB2A0,2026/08,2026/08,2026-08-01,2026-08-31,a0CRB0000CcXZ6Q2QW,a09RB000013SnMvYAK,a00RB00002BavLRYAZ,8000,8000,True,False,1,2026-07-28T06:46:08.000+0000,2026-07-28T06:46:08.000+0000,CN-00000231,清水建設株式会社 北九州営業所_2026-08-01,Draft,清水建設 株式会社,Rendery Proプラン
"{'type': 'ContractLineItem__c', 'url': '/services/data/v67.0/sobjects/ContractLineItem__c/a03RB00001VWEogYAH'}",a03RB00001VWEogYAH,a03RB00001VWEog,001RB00001VTrRuYAL,a04RB00000nCmpRYAS,a0BRB000012acmf2AA,2026/07,2026/07,2026-07-01,2026-07-31,a0CRB0000CcXZ6Q2QW,,,32000,32000,True,False,4,2026-07-28T08:30:20.000+0000,2026-08-06T01:38:52.000+0000,CN-00000233,株式会社サンテン・コーポレーション Rendery Proプラン Freee自動請求契約,Activated,株式会社サンテン・コーポレーション,Rendery Proプラン
"{'type': 'ContractLineItem__c', 'url': '/services/data/v67.0/sobjects/ContractLineItem__c/a03RB00001VWEohYAH'}",a03RB00001VWEohYAH,a03RB00001VWEoh,001RB00001b3qNeYAI,a04RB00000nCmpSYAS,a0BRB000012acmg2AA,2026/07,2026/07,2026-07-01,2026-07-31,a0CRB0000CcXZ6Q2QW,,,8000,8000,True,False,1,2026-07-28T08:30:20.000+0000,2026-08-06T01:38:52.000+0000,CN-00000234,株式会社パインウェル Rendery Proプラン Freee自動請求契約,Activated,株式会社パインウェル,Rendery Proプラン
"{'type': 'ContractLineItem__c', 'url': '/services/data/v67.0/sobjects/ContractLineItem__c/a03RB00001VWEokYAH'}",a03RB00001VWEokYAH,a03RB00001VWEok,001RB00001VTruMYAT,a04RB00000nCmpTYAS,a0BRB000012acmh2AA,2025/10,2025/10,2025-10-01,2025-10-31,a0CRB0000CcXZ6T2QW,,a00RB00002DFRNeYAP,132000,132000,True,False,12,2026-07-28T08:30:20.000+0000,2026-08-06T01:28:02.000+0000,CN-00000235,大東建託株式会社 [OLD] Rendery Enterpriseプラン(2025年9月まで) Freee自動請求契約,Activated,大東建託株式会社,[OLD] Rendery Enterpriseプラン(2025年9月まで)
"{'type': 'ContractLineItem__c', 'url': '/services/data/v67.0/sobjects/ContractLineItem__c/a03RB00001VWEolYAH'}",a03RB00001VWEolYAH,a03RB00001VWEol,001RB00001VTruMYAT,a04RB00000nCmpTYAS,a0BRB000012acmi2AA,2025/09,2025/09,2025-09-01,2025-09-30,a0CRB0000CcXZ6T2QW,,a00RB00002DFRNfYAP,132000,132000,True,False,12,2026-07-28T08:30:20.000+0000,2026-08-06T01:28:02.000+0000,CN-00000235,大東建託株式会社 [OLD] Rendery Enterpriseプラン(2025年9月まで) Freee自動請求契約,Activated,大東建託株式会社,[OLD] Rendery Enterpriseプラン(2025年9月まで)
"{'type': 'ContractLineItem__c', 'url': '/services/data/v67.0/sobjects/ContractLineItem__c/a03RB00001VWEomYAH'}",a03RB00001VWEomYAH,a03RB00001VWEom,001RB00001VTruMYAT,a04RB00000nCmpTYAS,a0BRB000012acmj2AA,2025/11,2025/11,2025-11-01,2025-11-30,a0CRB0000CcXZ6T2QW,,a00RB00002DFRNgYAP,132000,132000,True,False,12,2026-07-28T08:30:20.000+0000,2026-08-06T01:28:02.000+0000,CN-00000235,大東建託株式会社 [OLD] Rendery Enterpriseプラン(2025年9月まで) Freee自動請求契約,Activated,大東建託株式会社,[OLD] Rendery Enterpriseプラン(2025年9月まで)
"{'type': 'ContractLineItem__c', 'url': '/services/data/v67.0/sobjects/ContractLineItem__c/a03RB00001VWEonYAH'}",a03RB00001VWEonYAH,a03RB00001VWEon,001RB00001VTruMYAT,a04RB00000nCmpTYAS,a0BRB000012acmk2AA,2025/12,2025/12,2025-12-01,2025-12-31,a0CRB0000CcXZ6T2QW,,a00RB00002DFRNhYAP,132000,132000,True,False,12,2026-07-28T08:30:20.000+0000,2026-08-06T01:28:02.000+0000,CN-00000235,大東建託株式会社 [OLD] Rendery Enterpriseプラン(2025年9月まで) Freee自動請求契約,Activated,大東建託株式会社,[OLD] Rendery Enterpriseプラン(2025年9月まで)
"{'type': 'ContractLineItem__c', 'url': '/services/data/v67.0/sobjects/ContractLineItem__c/a03RB00001VX2zxYAD'}",a03RB00001VX2zxYAD,a03RB00001VX2zx,001RB00001VTruAYAT,a04RB00000kUAOAYA4,a0BRB00000ynb652AA,2026/01,2026/01,2026-01-01,2026-01-31,a0CRB0000Ck3ReH2QU,,a00RB00002DIkCAYA1,385000,385000,False,False,6,2026-07-28T07:21:59.000+0000,2026-08-06T02:46:49.000+0000,CN-00000036,株式会社デザインアーク,Activated,株式会社デザインアーク,Rendery_Enterpriseプラン
"{'type': 'ContractLineItem__c', 'url': '/services/data/v67.0/sobjects/ContractLineItem__c/a03RB00001VXL05YAH'}",a03RB00001VXL05YAH,a03RB00001VXL05,001RB00001VTruAYAT,a04RB00000kUAOAYA4,a0BRB000012R4gz2AC,2026/06,2026/06,2026-06-01,2026-06-30,a0CRB0000Ck3ReH2QU,,a00RB00002FL0D5YAL,165000,165000,False,False,15,2026-07-28T07:43:16.000+0000,2026-08-19T10:25:53.000+0000,CN-00000036,株式会社デザインアーク,Activated,株式会社デザインアーク,Rendery_Enterpriseプラン
"{'type': 'ContractLineItem__c', 'url': '/services/data/v67.0/sobjects/ContractLineItem__c/a03RB00001VXL06YAH'}",a03RB00001VXL06YAH,a03RB00001VXL06,001RB00001VTruAYAT,a04RB00000kUAOAYA4,a0BRB000012aLDx2AM,2026/07,2026/07,2026-07-01,2026-07-31,a0CRB0000Ck3ReH2QU,,a00RB00002FL0D7YAL,165000,165000,False,False,15,2026-07-28T07:43:16.000+0000,2026-08-19T10:25:53.000+0000,CN-00000036,株式会社デザインアーク,Activated,株式会社デザインアーク,Rendery_Enterpriseプラン
"{'type': 'ContractLineItem__c', 'url': '/services/data/v67.0/sobjects/ContractLineItem__c/a03RB00001VXL07YAH'}",a03RB00001VXL07YAH,a03RB00001VXL07,001RB00001VTruMYAT,a04RB00000kUAOiYAO,a0BRB00000ynb6d2AA,2026/01,2026/01,2026-01-01,2026-01-31,a0CRB0000CcXZ6Q2QW,,a00RB00002BbzTPYAZ,24000,24000,True,False,12,2026-07-28T07:43:16.000+0000,2026-08-06T00:04:59.000+0000,CN-00000070,大東建託株式会社　商品開発部,Activated,大東建託株式会社,Rendery Proプラン
"{'type': 'ContractLineItem__c', 'url': '/services/data/v67.0/sobjects/ContractLineItem__c/a03RB00001VXL08YAH'}",a03RB00001VXL08YAH,a03RB00001VXL08,001RB00001VTrwFYAT,a04RB00000kUAOlYAO,a0BRB00000ynb6g2AA,2026/02,2026/02,2026-02-01,2026-02-28,a0CRB0000CcXZ6V2QW,,a00RB00002BbzTQYAZ,12500,12500,True,False,5,2026-07-28T07:43:16.000+0000,2026-08-06T00:04:59.000+0000,CN-00000073,株式会社フジタ（調達本部　インテリア・ソリューション統括部　インテリア部）,Activated,株式会社フジタ,Rendery Enterpriseプラン
"{'type': 'ContractLineItem__c', 'url': '/services/data/v67.0/sobjects/ContractLineItem__c/a03RB00001VXL09YAH'}",a03RB00001VXL09YAH,a03RB00001VXL09,001RB00001VTqmcYAD,a04RB00000kUAOdYAO,a0BRB00000ynb6Y2AQ,2025/12,2025/12,2025-12-01,2025-12-31,a0CRB0000CcXZ6Q2QW,,a00RB00002BbzTRYAZ,48000,48000,True,False,6,2026-07-28T07:43:16.000+0000,2026-07-28T07:43:18.000+0000,CN-00000065,生和コーポレーション株式会社,Activated,生和コーポレーション株式会社,Rendery Proプラン
"{'type': 'ContractLineItem__c', 'url': '/services/data/v67.0/sobjects/ContractLineItem__c/a03RB00001VZHRpYAP'}",a03RB00001VZHRpYAP,a03RB00001VZHRp,001RB00001VTqxyYAD,a04RB00000nD5TtYAK,a0BRB000012bYDx2AM,2026/08,2026/08,2026-08-01,2026-08-31,a0CRB0000CcXZ6V2QW,a09RB000013nAOzYAM,a00RB00002BfPRJYA3,105000,105000,True,False,7,2026-07-28T10:58:58.000+0000,2026-07-28T10:58:58.000+0000,CN-00000236,株式会社店研創意_2026-08-01,Draft,株式会社店研創意,Rendery Enterpriseプラン
"{'type': 'ContractLineItem__c', 'url': '/services/data/v67.0/sobjects/ContractLineItem__c/a03RB00001VrXgEYAV'}",a03RB00001VrXgEYAV,a03RB00001VrXgE,001RB00001VTr0AYAT,a04RB00000nI5BVYA0,a0BRB000012nzgf2AA,2026/08,2026/08,2026-08-01,2026-08-31,a0CRB0000CcXZ6V2QW,a09RB0000141pC9YAI,a00RB00002C0HH8YAN,75000,75000,True,False,5,2026-07-30T04:11:52.000+0000,2026-07-30T04:11:52.000+0000,CN-00000237,株式会社ライフステージ（アップセル）_2026-08-01,Draft,株式会社ライフステージ,Rendery Enterpriseプラン
"{'type': 'ContractLineItem__c', 'url': '/services/data/v67.0/sobjects/ContractLineItem__c/a03RB00001Vsf74YAB'}",a03RB00001Vsf74YAB,a03RB00001Vsf74,001RB00001VTrvxYAD,a04RB00000nIA1VYAW,a0BRB000012oRhh2AE,2026/08,2026/08,2026-08-01,2026-08-31,a0CRB0000CcXZ6Q2QW,a09RB000012DpnpYAC,a00RB00002C0iFgYAJ,8000,8000,True,False,1,2026-07-30T04:34:08.000+0000,2026-07-30T04:34:08.000+0000,CN-00000238,清水建設株式会社 九州支店 リニューアル推進部_2026-08-01,Draft,清水建設 株式会社,Rendery Proプラン
"{'type': 'ContractLineItem__c', 'url': '/services/data/v67.0/sobjects/ContractLineItem__c/a03RB00001WSLkwYAH'}",a03RB00001WSLkwYAH,a03RB00001WSLkw,001RB00001VTqWFYA1,a04RB00000nQDdJYAW,a0BRB000013FRP42AO,2026/08,2026/08,2026-08-01,2026-08-31,a0CRB0000CcXZ6Q2QW,a09RB000014OhiXYAS,a00RB00002Cb9PNYAZ,16000,16000,True,False,2,2026-08-03T02:28:16.000+0000,2026-08-03T02:28:16.000+0000,CN-00000239,森ビル株式会社_2026-08-01,Draft,森ビル株式会社,Rendery Proプラン
"{'type': 'ContractLineItem__c', 'url': '/services/data/v67.0/sobjects/ContractLineItem__c/a03RB00001WSLkxYAH'}",a03RB00001WSLkxYAH,a03RB00001WSLkx,001RB00001VTqWFYA1,a04RB00000nQDdJYAW,a0BRB000013FRP42AO,2026/08,2026/08,2026-08-01,2026-08-31,a0CRB0000CcXZ6Q2QW,a09RB000014OhsDYAS,a00RB00002Cb9PNYAZ,16000,16000,True,False,2,2026-08-03T02:28:16.000+0000,2026-08-03T02:28:16.000+0000,CN-00000239,森ビル株式会社_2026-08-01,Draft,森ビル株式会社,Rendery Proプラン
"{'type': 'ContractLineItem__c', 'url': '/services/data/v67.0/sobjects/ContractLineItem__c/a03RB00001WSLkyYAH'}",a03RB00001WSLkyYAH,a03RB00001WSLky,001RB00001VTqWFYA1,a04RB00000nQDdJYAW,a0BRB000013FRP42AO,2026/08,2026/08,2026-08-01,2026-08-31,a0CRB0000CcXZ6Q2QW,a09RB000014OhvRYAS,a00RB00002Cb9PNYAZ,16000,16000,True,False,2,2026-08-03T02:28:16.000+0000,2026-08-03T02:28:16.000+0000,CN-00000239,森ビル株式会社_2026-08-01,Draft,森ビル株式会社,Rendery Proプラン
"{'type': 'ContractLineItem__c', 'url': '/services/data/v67.0/sobjects/ContractLineItem__c/a03RB00001WSLkzYAH'}",a03RB00001WSLkzYAH,a03RB00001WSLkz,001RB00001VTqWFYA1,a04RB00000nQDdJYAW,a0BRB000013FRP42AO,2026/08,2026/08,2026-08-01,2026-08-31,a0CRB0000CcXZ6Q2QW,a09RB000014Ohx3YAC,a00RB00002Cb9PNYAZ,16000,16000,True,False,2,2026-08-03T02:28:16.000+0000,2026-08-03T02:28:16.000+0000,CN-00000239,森ビル株式会社_2026-08-01,Draft,森ビル株式会社,Rendery Proプラン
"{'type': 'ContractLineItem__c', 'url': '/services/data/v67.0/sobjects/ContractLineItem__c/a03RB00001WSLl0YAH'}",a03RB00001WSLl0YAH,a03RB00001WSLl0,001RB00001VTqWFYA1,a04RB00000nQDdJYAW,a0BRB000013FRP42AO,2026/08,2026/08,2026-08-01,2026-08-31,a0CRB0000CcXZ6Q2QW,a09RB000014Oi1tYAC,a00RB00002Cb9PNYAZ,16000,16000,True,False,2,2026-08-03T02:28:16.000+0000,2026-08-03T02:28:16.000+0000,CN-00000239,森ビル株式会社_2026-08-01,Draft,森ビル株式会社,Rendery Proプラン
"{'type': 'ContractLineItem__c', 'url': '/services/data/v67.0/sobjects/ContractLineItem__c/a03RB00001WSLl1YAH'}",a03RB00001WSLl1YAH,a03RB00001WSLl1,001RB00001VTqWFYA1,a04RB00000nQDdJYAW,a0BRB000013FRP42AO,2026/08,2026/08,2026-08-01,2026-08-31,a0CRB0000CcXZ6Q2QW,a09RB000014O8o2YAC,a00RB00002Cb9PNYAZ,16000,16000,True,False,2,2026-08-03T02:28:16.000+0000,2026-08-03T02:28:16.000+0000,CN-00000239,森ビル株式会社_2026-08-01,Draft,森ビル株式会社,Rendery Proプラン
"{'type': 'ContractLineItem__c', 'url': '/services/data/v67.0/sobjects/ContractLineItem__c/a03RB00001WYiuvYAD'}",a03RB00001WYiuvYAD,a03RB00001WYiuv,001RB00001dxx1tYAA,a04RB00000nRlg9YAC,a0BRB000013IDuF2AW,2026/08,2026/08,2026-08-01,2026-08-31,a0CRB0000CcXZ6V2QW,a09RB000014SKx3YAG,a00RB00002CgDsDYAV,2500,2500,True,False,2,2026-08-03T09:12:18.000+0000,2026-08-03T09:12:18.000+0000,CN-00000241,株式会社フジタ　生産性向上推進部（アップセル）_2026-08-01,更新予定,株式会社フジタ 経営改革統括部 生産性向上推進部,Rendery Enterpriseプラン
"{'type': 'ContractLineItem__c', 'url': '/services/data/v67.0/sobjects/ContractLineItem__c/a03RB00001WYiuwYAD'}",a03RB00001WYiuwYAD,a03RB00001WYiuw,001RB00001dxx1tYAA,a04RB00000nRlg9YAC,a0BRB000013IDuF2AW,2026/08,2026/08,2026-08-01,2026-08-31,a0CRB0000CcXZ6V2QW,a09RB000014SL57YAG,a00RB00002CgDsDYAV,2500,2500,True,False,2,2026-08-03T09:12:18.000+0000,2026-08-03T09:12:18.000+0000,CN-00000241,株式会社フジタ　生産性向上推進部（アップセル）_2026-08-01,更新予定,株式会社フジタ 経営改革統括部 生産性向上推進部,Rendery Enterpriseプラン
"{'type': 'ContractLineItem__c', 'url': '/services/data/v67.0/sobjects/ContractLineItem__c/a03RB00001WYiuxYAD'}",a03RB00001WYiuxYAD,a03RB00001WYiux,001RB00001dxx1tYAA,a04RB00000nRlg9YAC,a0BRB000013IDuF2AW,2026/08,2026/08,2026-08-01,2026-08-31,a0CRB0000CcXZ6V2QW,a09RB000014SL8LYAW,a00RB00002CgDsDYAV,2500,2500,True,False,2,2026-08-03T09:12:18.000+0000,2026-08-03T09:12:18.000+0000,CN-00000241,株式会社フジタ　生産性向上推進部（アップセル）_2026-08-01,更新予定,株式会社フジタ 経営改革統括部 生産性向上推進部,Rendery Enterpriseプラン
"{'type': 'ContractLineItem__c', 'url': '/services/data/v67.0/sobjects/ContractLineItem__c/a03RB00001WYiuyYAD'}",a03RB00001WYiuyYAD,a03RB00001WYiuy,001RB00001dxx1tYAA,a04RB00000nRlg9YAC,a0BRB000013IDuF2AW,2026/08,2026/08,2026-08-01,2026-08-31,a0CRB0000CcXZ6V2QW,a09RB000014SEi1YAG,a00RB00002CgDsDYAV,2500,2500,True,False,2,2026-08-03T09:12:18.000+0000,2026-08-03T09:12:18.000+0000,CN-00000241,株式会社フジタ　生産性向上推進部（アップセル）_2026-08-01,更新予定,株式会社フジタ 経営改革統括部 生産性向上推進部,Rendery Enterpriseプラン
"{'type': 'ContractLineItem__c', 'url': '/services/data/v67.0/sobjects/ContractLineItem__c/a03RB00001WYiuzYAD'}",a03RB00001WYiuzYAD,a03RB00001WYiuz,001RB00001dxx1tYAA,a04RB00000nRlg9YAC,a0BRB000013IDuF2AW,2026/08,2026/08,2026-08-01,2026-08-31,a0CRB0000CcXZ6V2QW,a09RB000014RGAkYAO,a00RB00002CgDsDYAV,2500,2500,True,False,2,2026-08-03T09:12:18.000+0000,2026-08-03T09:12:18.000+0000,CN-00000241,株式会社フジタ　生産性向上推進部（アップセル）_2026-08-01,更新予定,株式会社フジタ 経営改革統括部 生産性向上推進部,Rendery Enterpriseプラン
"{'type': 'ContractLineItem__c', 'url': '/services/data/v67.0/sobjects/ContractLineItem__c/a03RB00001WYiv0YAD'}",a03RB00001WYiv0YAD,a03RB00001WYiv0,001RB00001dxx1tYAA,a04RB00000nRlg9YAC,a0BRB000013IDuF2AW,2026/08,2026/08,2026-08-01,2026-08-31,a0CRB0000CcXZ6V2QW,a09RB000014SLI1YAO,a00RB00002CgDsDYAV,2500,2500,True,False,2,2026-08-03T09:12:18.000+0000,2026-08-03T09:12:18.000+0000,CN-00000241,株式会社フジタ　生産性向上推進部（アップセル）_2026-08-01,更新予定,株式会社フジタ 経営改革統括部 生産性向上推進部,Rendery Enterpriseプラン
"{'type': 'ContractLineItem__c', 'url': '/services/data/v67.0/sobjects/ContractLineItem__c/a03RB00001WYiv1YAD'}",a03RB00001WYiv1YAD,a03RB00001WYiv1,001RB00001dxx1tYAA,a04RB00000nRlg9YAC,a0BRB000013IDuF2AW,2026/08,2026/08,2026-08-01,2026-08-31,a0CRB0000CcXZ6V2QW,a09RB000014SLLFYA4,a00RB00002CgDsDYAV,2500,2500,True,False,2,2026-08-03T09:12:18.000+0000,2026-08-03T09:12:18.000+0000,CN-00000241,株式会社フジタ　生産性向上推進部（アップセル）_2026-08-01,更新予定,株式会社フジタ 経営改革統括部 生産性向上推進部,Rendery Enterpriseプラン
"{'type': 'ContractLineItem__c', 'url': '/services/data/v67.0/sobjects/ContractLineItem__c/a03RB00001WYiv2YAD'}",a03RB00001WYiv2YAD,a03RB00001WYiv2,001RB00001dxx1tYAA,a04RB00000nRlg9YAC,a0BRB000013IDuF2AW,2026/08,2026/08,2026-08-01,2026-08-31,a0CRB0000CcXZ6V2QW,a09RB000014SLjRYAW,a00RB00002CgDsDYAV,2500,2500,True,False,2,2026-08-03T09:12:18.000+0000,2026-08-03T09:12:18.000+0000,CN-00000241,株式会社フジタ　生産性向上推進部（アップセル）_2026-08-01,更新予定,株式会社フジタ 経営改革統括部 生産性向上推進部,Rendery Enterpriseプラン
"{'type': 'ContractLineItem__c', 'url': '/services/data/v67.0/sobjects/ContractLineItem__c/a03RB00001WYiv3YAD'}",a03RB00001WYiv3YAD,a03RB00001WYiv3,001RB00001dxx1tYAA,a04RB00000nRlg9YAC,a0BRB000013IDuF2AW,2026/09,2026/09,2026-09-01,2026-09-30,a0CRB0000CcXZ6V2QW,a09RB000014SKx3YAG,a00RB00002CgDsDYAV,2500,2500,True,False,2,2026-08-03T09:12:18.000+0000,2026-08-03T09:12:18.000+0000,CN-00000241,株式会社フジタ　生産性向上推進部（アップセル）_2026-08-01,更新予定,株式会社フジタ 経営改革統括部 生産性向上推進部,Rendery Enterpriseプラン
"{'type': 'ContractLineItem__c', 'url': '/services/data/v67.0/sobjects/ContractLineItem__c/a03RB00001WYiv4YAD'}",a03RB00001WYiv4YAD,a03RB00001WYiv4,001RB00001dxx1tYAA,a04RB00000nRlg9YAC,a0BRB000013IDuF2AW,2026/09,2026/09,2026-09-01,2026-09-30,a0CRB0000CcXZ6V2QW,a09RB000014SL57YAG,a00RB00002CgDsDYAV,2500,2500,True,False,2,2026-08-03T09:12:18.000+0000,2026-08-03T09:12:18.000+0000,CN-00000241,株式会社フジタ　生産性向上推進部（アップセル）_2026-08-01,更新予定,株式会社フジタ 経営改革統括部 生産性向上推進部,Rendery Enterpriseプラン
"{'type': 'ContractLineItem__c', 'url': '/services/data/v67.0/sobjects/ContractLineItem__c/a03RB00001WYiv5YAD'}",a03RB00001WYiv5YAD,a03RB00001WYiv5,001RB00001dxx1tYAA,a04RB00000nRlg9YAC,a0BRB000013IDuF2AW,2026/09,2026/09,2026-09-01,2026-09-30,a0CRB0000CcXZ6V2QW,a09RB000014SL8LYAW,a00RB00002CgDsDYAV,2500,2500,True,False,2,2026-08-03T09:12:18.000+0000,2026-08-03T09:12:18.000+0000,CN-00000241,株式会社フジタ　生産性向上推進部（アップセル）_2026-08-01,更新予定,株式会社フジタ 経営改革統括部 生産性向上推進部,Rendery Enterpriseプラン
"{'type': 'ContractLineItem__c', 'url': '/services/data/v67.0/sobjects/ContractLineItem__c/a03RB00001WYiv6YAD'}",a03RB00001WYiv6YAD,a03RB00001WYiv6,001RB00001dxx1tYAA,a04RB00000nRlg9YAC,a0BRB000013IDuF2AW,2026/09,2026/09,2026-09-01,2026-09-30,a0CRB0000CcXZ6V2QW,a09RB000014SEi1YAG,a00RB00002CgDsDYAV,2500,2500,True,False,2,2026-08-03T09:12:18.000+0000,2026-08-03T09:12:18.000+0000,CN-00000241,株式会社フジタ　生産性向上推進部（アップセル）_2026-08-01,更新予定,株式会社フジタ 経営改革統括部 生産性向上推進部,Rendery Enterpriseプラン
"{'type': 'ContractLineItem__c', 'url': '/services/data/v67.0/sobjects/ContractLineItem__c/a03RB00001WYiv7YAD'}",a03RB00001WYiv7YAD,a03RB00001WYiv7,001RB00001dxx1tYAA,a04RB00000nRlg9YAC,a0BRB000013IDuF2AW,2026/09,2026/09,2026-09-01,2026-09-30,a0CRB0000CcXZ6V2QW,a09RB000014RGAkYAO,a00RB00002CgDsDYAV,2500,2500,True,False,2,2026-08-03T09:12:18.000+0000,2026-08-03T09:12:18.000+0000,CN-00000241,株式会社フジタ　生産性向上推進部（アップセル）_2026-08-01,更新予定,株式会社フジタ 経営改革統括部 生産性向上推進部,Rendery Enterpriseプラン
"{'type': 'ContractLineItem__c', 'url': '/services/data/v67.0/sobjects/ContractLineItem__c/a03RB00001WYiv8YAD'}",a03RB00001WYiv8YAD,a03RB00001WYiv8,001RB00001dxx1tYAA,a04RB00000nRlg9YAC,a0BRB000013IDuF2AW,2026/09,2026/09,2026-09-01,2026-09-30,a0CRB0000CcXZ6V2QW,a09RB000014SLI1YAO,a00RB00002CgDsDYAV,2500,2500,True,False,2,2026-08-03T09:12:18.000+0000,2026-08-03T09:12:18.000+0000,CN-00000241,株式会社フジタ　生産性向上推進部（アップセル）_2026-08-01,更新予定,株式会社フジタ 経営改革統括部 生産性向上推進部,Rendery Enterpriseプラン
"{'type': 'ContractLineItem__c', 'url': '/services/data/v67.0/sobjects/ContractLineItem__c/a03RB00001WYiv9YAD'}",a03RB00001WYiv9YAD,a03RB00001WYiv9,001RB00001dxx1tYAA,a04RB00000nRlg9YAC,a0BRB000013IDuF2AW,2026/09,2026/09,2026-09-01,2026-09-30,a0CRB0000CcXZ6V2QW,a09RB000014SLLFYA4,a00RB00002CgDsDYAV,2500,2500,True,False,2,2026-08-03T09:12:18.000+0000,2026-08-03T09:12:18.000+0000,CN-00000241,株式会社フジタ　生産性向上推進部（アップセル）_2026-08-01,更新予定,株式会社フジタ 経営改革統括部 生産性向上推進部,Rendery Enterpriseプラン
"{'type': 'ContractLineItem__c', 'url': '/services/data/v67.0/sobjects/ContractLineItem__c/a03RB00001WYivAYAT'}",a03RB00001WYivAYAT,a03RB00001WYivA,001RB00001dxx1tYAA,a04RB00000nRlg9YAC,a0BRB000013IDuF2AW,2026/09,2026/09,2026-09-01,2026-09-30,a0CRB0000CcXZ6V2QW,a09RB000014SLjRYAW,a00RB00002CgDsDYAV,2500,2500,True,False,2,2026-08-03T09:12:18.000+0000,2026-08-03T09:12:18.000+0000,CN-00000241,株式会社フジタ　生産性向上推進部（アップセル）_2026-08-01,更新予定,株式会社フジタ 経営改革統括部 生産性向上推進部,Rendery Enterpriseプラン
"{'type': 'ContractLineItem__c', 'url': '/services/data/v67.0/sobjects/ContractLineItem__c/a03RB00001WYivBYAT'}",a03RB00001WYivBYAT,a03RB00001WYivB,001RB00001dxx1tYAA,a04RB00000nRlg9YAC,a0BRB000013IDuF2AW,2026/10,2026/10,2026-10-01,2026-10-31,a0CRB0000CcXZ6V2QW,a09RB000014SKx3YAG,a00RB00002CgDsDYAV,2500,2500,True,False,2,2026-08-03T09:12:18.000+0000,2026-08-03T09:12:18.000+0000,CN-00000241,株式会社フジタ　生産性向上推進部（アップセル）_2026-08-01,更新予定,株式会社フジタ 経営改革統括部 生産性向上推進部,Rendery Enterpriseプラン
"{'type': 'ContractLineItem__c', 'url': '/services/data/v67.0/sobjects/ContractLineItem__c/a03RB00001WYivCYAT'}",a03RB00001WYivCYAT,a03RB00001WYivC,001RB00001dxx1tYAA,a04RB00000nRlg9YAC,a0BRB000013IDuF2AW,2026/10,2026/10,2026-10-01,2026-10-31,a0CRB0000CcXZ6V2QW,a09RB000014SL57YAG,a00RB00002CgDsDYAV,2500,2500,True,False,2,2026-08-03T09:12:18.000+0000,2026-08-03T09:12:18.000+0000,CN-00000241,株式会社フジタ　生産性向上推進部（アップセル）_2026-08-01,更新予定,株式会社フジタ 経営改革統括部 生産性向上推進部,Rendery Enterpriseプラン
"{'type': 'ContractLineItem__c', 'url': '/services/data/v67.0/sobjects/ContractLineItem__c/a03RB00001WYivDYAT'}",a03RB00001WYivDYAT,a03RB00001WYivD,001RB00001dxx1tYAA,a04RB00000nRlg9YAC,a0BRB000013IDuF2AW,2026/10,2026/10,2026-10-01,2026-10-31,a0CRB0000CcXZ6V2QW,a09RB000014SL8LYAW,a00RB00002CgDsDYAV,2500,2500,True,False,2,2026-08-03T09:12:18.000+0000,2026-08-03T09:12:18.000+0000,CN-00000241,株式会社フジタ　生産性向上推進部（アップセル）_2026-08-01,更新予定,株式会社フジタ 経営改革統括部 生産性向上推進部,Rendery Enterpriseプラン
"{'type': 'ContractLineItem__c', 'url': '/services/data/v67.0/sobjects/ContractLineItem__c/a03RB00001WYivEYAT'}",a03RB00001WYivEYAT,a03RB00001WYivE,001RB00001dxx1tYAA,a04RB00000nRlg9YAC,a0BRB000013IDuF2AW,2026/10,2026/10,2026-10-01,2026-10-31,a0CRB0000CcXZ6V2QW,a09RB000014SEi1YAG,a00RB00002CgDsDYAV,2500,2500,True,False,2,2026-08-03T09:12:18.000+0000,2026-08-03T09:12:18.000+0000,CN-00000241,株式会社フジタ　生産性向上推進部（アップセル）_2026-08-01,更新予定,株式会社フジタ 経営改革統括部 生産性向上推進部,Rendery Enterpriseプラン
"{'type': 'ContractLineItem__c', 'url': '/services/data/v67.0/sobjects/ContractLineItem__c/a03RB00001WYivFYAT'}",a03RB00001WYivFYAT,a03RB00001WYivF,001RB00001dxx1tYAA,a04RB00000nRlg9YAC,a0BRB000013IDuF2AW,2026/10,2026/10,2026-10-01,2026-10-31,a0CRB0000CcXZ6V2QW,a09RB000014RGAkYAO,a00RB00002CgDsDYAV,2500,2500,True,False,2,2026-08-03T09:12:18.000+0000,2026-08-03T09:12:18.000+0000,CN-00000241,株式会社フジタ　生産性向上推進部（アップセル）_2026-08-01,更新予定,株式会社フジタ 経営改革統括部 生産性向上推進部,Rendery Enterpriseプラン
"{'type': 'ContractLineItem__c', 'url': '/services/data/v67.0/sobjects/ContractLineItem__c/a03RB00001WYivGYAT'}",a03RB00001WYivGYAT,a03RB00001WYivG,001RB00001dxx1tYAA,a04RB00000nRlg9YAC,a0BRB000013IDuF2AW,2026/10,2026/10,2026-10-01,2026-10-31,a0CRB0000CcXZ6V2QW,a09RB000014SLI1YAO,a00RB00002CgDsDYAV,2500,2500,True,False,2,2026-08-03T09:12:18.000+0000,2026-08-03T09:12:18.000+0000,CN-00000241,株式会社フジタ　生産性向上推進部（アップセル）_2026-08-01,更新予定,株式会社フジタ 経営改革統括部 生産性向上推進部,Rendery Enterpriseプラン
"{'type': 'ContractLineItem__c', 'url': '/services/data/v67.0/sobjects/ContractLineItem__c/a03RB00001WYivHYAT'}",a03RB00001WYivHYAT,a03RB00001WYivH,001RB00001dxx1tYAA,a04RB00000nRlg9YAC,a0BRB000013IDuF2AW,2026/10,2026/10,2026-10-01,2026-10-31,a0CRB0000CcXZ6V2QW,a09RB000014SLLFYA4,a00RB00002CgDsDYAV,2500,2500,True,False,2,2026-08-03T09:12:18.000+0000,2026-08-03T09:12:18.000+0000,CN-00000241,株式会社フジタ　生産性向上推進部（アップセル）_2026-08-01,更新予定,株式会社フジタ 経営改革統括部 生産性向上推進部,Rendery Enterpriseプラン
"{'type': 'ContractLineItem__c', 'url': '/services/data/v67.0/sobjects/ContractLineItem__c/a03RB00001WYivIYAT'}",a03RB00001WYivIYAT,a03RB00001WYivI,001RB00001dxx1tYAA,a04RB00000nRlg9YAC,a0BRB000013IDuF2AW,2026/10,2026/10,2026-10-01,2026-10-31,a0CRB0000CcXZ6V2QW,a09RB000014SLjRYAW,a00RB00002CgDsDYAV,2500,2500,True,False,2,2026-08-03T09:12:18.000+0000,2026-08-03T09:12:18.000+0000,CN-00000241,株式会社フジタ　生産性向上推進部（アップセル）_2026-08-01,更新予定,株式会社フジタ 経営改革統括部 生産性向上推進部,Rendery Enterpriseプラン
"{'type': 'ContractLineItem__c', 'url': '/services/data/v67.0/sobjects/ContractLineItem__c/a03RB00001WYivJYAT'}",a03RB00001WYivJYAT,a03RB00001WYivJ,001RB00001dxx1tYAA,a04RB00000nRlg9YAC,a0BRB000013IDuF2AW,2026/11,2026/11,2026-11-01,2026-11-30,a0CRB0000CcXZ6V2QW,a09RB000014SKx3YAG,a00RB00002CgDsDYAV,2500,2500,True,False,2,2026-08-03T09:12:18.000+0000,2026-08-03T09:12:18.000+0000,CN-00000241,株式会社フジタ　生産性向上推進部（アップセル）_2026-08-01,更新予定,株式会社フジタ 経営改革統括部 生産性向上推進部,Rendery Enterpriseプラン
"{'type': 'ContractLineItem__c', 'url': '/services/data/v67.0/sobjects/ContractLineItem__c/a03RB00001WYivKYAT'}",a03RB00001WYivKYAT,a03RB00001WYivK,001RB00001dxx1tYAA,a04RB00000nRlg9YAC,a0BRB000013IDuF2AW,2026/11,2026/11,2026-11-01,2026-11-30,a0CRB0000CcXZ6V2QW,a09RB000014SL57YAG,a00RB00002CgDsDYAV,2500,2500,True,False,2,2026-08-03T09:12:18.000+0000,2026-08-03T09:12:18.000+0000,CN-00000241,株式会社フジタ　生産性向上推進部（アップセル）_2026-08-01,更新予定,株式会社フジタ 経営改革統括部 生産性向上推進部,Rendery Enterpriseプラン
"{'type': 'ContractLineItem__c', 'url': '/services/data/v67.0/sobjects/ContractLineItem__c/a03RB00001WYivLYAT'}",a03RB00001WYivLYAT,a03RB00001WYivL,001RB00001dxx1tYAA,a04RB00000nRlg9YAC,a0BRB000013IDuF2AW,2026/11,2026/11,2026-11-01,2026-11-30,a0CRB0000CcXZ6V2QW,a09RB000014SL8LYAW,a00RB00002CgDsDYAV,2500,2500,True,False,2,2026-08-03T09:12:18.000+0000,2026-08-03T09:12:18.000+0000,CN-00000241,株式会社フジタ　生産性向上推進部（アップセル）_2026-08-01,更新予定,株式会社フジタ 経営改革統括部 生産性向上推進部,Rendery Enterpriseプラン
"{'type': 'ContractLineItem__c', 'url': '/services/data/v67.0/sobjects/ContractLineItem__c/a03RB00001WYivMYAT'}",a03RB00001WYivMYAT,a03RB00001WYivM,001RB00001dxx1tYAA,a04RB00000nRlg9YAC,a0BRB000013IDuF2AW,2026/11,2026/11,2026-11-01,2026-11-30,a0CRB0000CcXZ6V2QW,a09RB000014SEi1YAG,a00RB00002CgDsDYAV,2500,2500,True,False,2,2026-08-03T09:12:18.000+0000,2026-08-03T09:12:18.000+0000,CN-00000241,株式会社フジタ　生産性向上推進部（アップセル）_2026-08-01,更新予定,株式会社フジタ 経営改革統括部 生産性向上推進部,Rendery Enterpriseプラン
"{'type': 'ContractLineItem__c', 'url': '/services/data/v67.0/sobjects/ContractLineItem__c/a03RB00001WYivNYAT'}",a03RB00001WYivNYAT,a03RB00001WYivN,001RB00001dxx1tYAA,a04RB00000nRlg9YAC,a0BRB000013IDuF2AW,2026/11,2026/11,2026-11-01,2026-11-30,a0CRB0000CcXZ6V2QW,a09RB000014RGAkYAO,a00RB00002CgDsDYAV,2500,2500,True,False,2,2026-08-03T09:12:18.000+0000,2026-08-03T09:12:18.000+0000,CN-00000241,株式会社フジタ　生産性向上推進部（アップセル）_2026-08-01,更新予定,株式会社フジタ 経営改革統括部 生産性向上推進部,Rendery Enterpriseプラン
"{'type': 'ContractLineItem__c', 'url': '/services/data/v67.0/sobjects/ContractLineItem__c/a03RB00001WYivOYAT'}",a03RB00001WYivOYAT,a03RB00001WYivO,001RB00001dxx1tYAA,a04RB00000nRlg9YAC,a0BRB000013IDuF2AW,2026/11,2026/11,2026-11-01,2026-11-30,a0CRB0000CcXZ6V2QW,a09RB000014SLI1YAO,a00RB00002CgDsDYAV,2500,2500,True,False,2,2026-08-03T09:12:18.000+0000,2026-08-03T09:12:18.000+0000,CN-00000241,株式会社フジタ　生産性向上推進部（アップセル）_2026-08-01,更新予定,株式会社フジタ 経営改革統括部 生産性向上推進部,Rendery Enterpriseプラン
"{'type': 'ContractLineItem__c', 'url': '/services/data/v67.0/sobjects/ContractLineItem__c/a03RB00001WYivPYAT'}",a03RB00001WYivPYAT,a03RB00001WYivP,001RB00001dxx1tYAA,a04RB00000nRlg9YAC,a0BRB000013IDuF2AW,2026/11,2026/11,2026-11-01,2026-11-30,a0CRB0000CcXZ6V2QW,a09RB000014SLLFYA4,a00RB00002CgDsDYAV,2500,2500,True,False,2,2026-08-03T09:12:18.000+0000,2026-08-03T09:12:18.000+0000,CN-00000241,株式会社フジタ　生産性向上推進部（アップセル）_2026-08-01,更新予定,株式会社フジタ 経営改革統括部 生産性向上推進部,Rendery Enterpriseプラン
"{'type': 'ContractLineItem__c', 'url': '/services/data/v67.0/sobjects/ContractLineItem__c/a03RB00001WYivQYAT'}",a03RB00001WYivQYAT,a03RB00001WYivQ,001RB00001dxx1tYAA,a04RB00000nRlg9YAC,a0BRB000013IDuF2AW,2026/11,2026/11,2026-11-01,2026-11-30,a0CRB0000CcXZ6V2QW,a09RB000014SLjRYAW,a00RB00002CgDsDYAV,2500,2500,True,False,2,2026-08-03T09:12:18.000+0000,2026-08-03T09:12:18.000+0000,CN-00000241,株式会社フジタ　生産性向上推進部（アップセル）_2026-08-01,更新予定,株式会社フジタ 経営改革統括部 生産性向上推進部,Rendery Enterpriseプラン
"{'type': 'ContractLineItem__c', 'url': '/services/data/v67.0/sobjects/ContractLineItem__c/a03RB00001WYivRYAT'}",a03RB00001WYivRYAT,a03RB00001WYivR,001RB00001dxx1tYAA,a04RB00000nRlg9YAC,a0BRB000013IDuF2AW,2026/12,2026/12,2026-12-01,2026-12-31,a0CRB0000CcXZ6V2QW,a09RB000014SKx3YAG,a00RB00002CgDsDYAV,2500,2500,True,False,2,2026-08-03T09:12:18.000+0000,2026-08-03T09:12:18.000+0000,CN-00000241,株式会社フジタ　生産性向上推進部（アップセル）_2026-08-01,更新予定,株式会社フジタ 経営改革統括部 生産性向上推進部,Rendery Enterpriseプラン
"{'type': 'ContractLineItem__c', 'url': '/services/data/v67.0/sobjects/ContractLineItem__c/a03RB00001WYivSYAT'}",a03RB00001WYivSYAT,a03RB00001WYivS,001RB00001dxx1tYAA,a04RB00000nRlg9YAC,a0BRB000013IDuF2AW,2026/12,2026/12,2026-12-01,2026-12-31,a0CRB0000CcXZ6V2QW,a09RB000014SL57YAG,a00RB00002CgDsDYAV,2500,2500,True,False,2,2026-08-03T09:12:18.000+0000,2026-08-03T09:12:18.000+0000,CN-00000241,株式会社フジタ　生産性向上推進部（アップセル）_2026-08-01,更新予定,株式会社フジタ 経営改革統括部 生産性向上推進部,Rendery Enterpriseプラン
"{'type': 'ContractLineItem__c', 'url': '/services/data/v67.0/sobjects/ContractLineItem__c/a03RB00001WYivTYAT'}",a03RB00001WYivTYAT,a03RB00001WYivT,001RB00001dxx1tYAA,a04RB00000nRlg9YAC,a0BRB000013IDuF2AW,2026/12,2026/12,2026-12-01,2026-12-31,a0CRB0000CcXZ6V2QW,a09RB000014SL8LYAW,a00RB00002CgDsDYAV,2500,2500,True,False,2,2026-08-03T09:12:18.000+0000,2026-08-03T09:12:18.000+0000,CN-00000241,株式会社フジタ　生産性向上推進部（アップセル）_2026-08-01,更新予定,株式会社フジタ 経営改革統括部 生産性向上推進部,Rendery Enterpriseプラン
"{'type': 'ContractLineItem__c', 'url': '/services/data/v67.0/sobjects/ContractLineItem__c/a03RB00001WYivUYAT'}",a03RB00001WYivUYAT,a03RB00001WYivU,001RB00001dxx1tYAA,a04RB00000nRlg9YAC,a0BRB000013IDuF2AW,2026/12,2026/12,2026-12-01,2026-12-31,a0CRB0000CcXZ6V2QW,a09RB000014SEi1YAG,a00RB00002CgDsDYAV,2500,2500,True,False,2,2026-08-03T09:12:18.000+0000,2026-08-03T09:12:18.000+0000,CN-00000241,株式会社フジタ　生産性向上推進部（アップセル）_2026-08-01,更新予定,株式会社フジタ 経営改革統括部 生産性向上推進部,Rendery Enterpriseプラン
"{'type': 'ContractLineItem__c', 'url': '/services/data/v67.0/sobjects/ContractLineItem__c/a03RB00001WYivVYAT'}",a03RB00001WYivVYAT,a03RB00001WYivV,001RB00001dxx1tYAA,a04RB00000nRlg9YAC,a0BRB000013IDuF2AW,2026/12,2026/12,2026-12-01,2026-12-31,a0CRB0000CcXZ6V2QW,a09RB000014RGAkYAO,a00RB00002CgDsDYAV,2500,2500,True,False,2,2026-08-03T09:12:18.000+0000,2026-08-03T09:12:18.000+0000,CN-00000241,株式会社フジタ　生産性向上推進部（アップセル）_2026-08-01,更新予定,株式会社フジタ 経営改革統括部 生産性向上推進部,Rendery Enterpriseプラン
"{'type': 'ContractLineItem__c', 'url': '/services/data/v67.0/sobjects/ContractLineItem__c/a03RB00001WYivWYAT'}",a03RB00001WYivWYAT,a03RB00001WYivW,001RB00001dxx1tYAA,a04RB00000nRlg9YAC,a0BRB000013IDuF2AW,2026/12,2026/12,2026-12-01,2026-12-31,a0CRB0000CcXZ6V2QW,a09RB000014SLI1YAO,a00RB00002CgDsDYAV,2500,2500,True,False,2,2026-08-03T09:12:18.000+0000,2026-08-03T09:12:18.000+0000,CN-00000241,株式会社フジタ　生産性向上推進部（アップセル）_2026-08-01,更新予定,株式会社フジタ 経営改革統括部 生産性向上推進部,Rendery Enterpriseプラン
"{'type': 'ContractLineItem__c', 'url': '/services/data/v67.0/sobjects/ContractLineItem__c/a03RB00001WYivXYAT'}",a03RB00001WYivXYAT,a03RB00001WYivX,001RB00001dxx1tYAA,a04RB00000nRlg9YAC,a0BRB000013IDuF2AW,2026/12,2026/12,2026-12-01,2026-12-31,a0CRB0000CcXZ6V2QW,a09RB000014SLLFYA4,a00RB00002CgDsDYAV,2500,2500,True,False,2,2026-08-03T09:12:18.000+0000,2026-08-03T09:12:18.000+0000,CN-00000241,株式会社フジタ　生産性向上推進部（アップセル）_2026-08-01,更新予定,株式会社フジタ 経営改革統括部 生産性向上推進部,Rendery Enterpriseプラン
"{'type': 'ContractLineItem__c', 'url': '/services/data/v67.0/sobjects/ContractLineItem__c/a03RB00001WYivYYAT'}",a03RB00001WYivYYAT,a03RB00001WYivY,001RB00001dxx1tYAA,a04RB00000nRlg9YAC,a0BRB000013IDuF2AW,2026/12,2026/12,2026-12-01,2026-12-31,a0CRB0000CcXZ6V2QW,a09RB000014SLjRYAW,a00RB00002CgDsDYAV,2500,2500,True,False,2,2026-08-03T09:12:18.000+0000,2026-08-03T09:12:18.000+0000,CN-00000241,株式会社フジタ　生産性向上推進部（アップセル）_2026-08-01,更新予定,株式会社フジタ 経営改革統括部 生産性向上推進部,Rendery Enterpriseプラン
"{'type': 'ContractLineItem__c', 'url': '/services/data/v67.0/sobjects/ContractLineItem__c/a03RB00001WYivZYAT'}",a03RB00001WYivZYAT,a03RB00001WYivZ,001RB00001dxx1tYAA,a04RB00000nRlg9YAC,a0BRB000013IDuF2AW,2027/01,2027/01,2027-01-01,2027-01-31,a0CRB0000CcXZ6V2QW,a09RB000014SKx3YAG,a00RB00002CgDsDYAV,2500,2500,True,False,2,2026-08-03T09:12:18.000+0000,2026-08-03T09:12:18.000+0000,CN-00000241,株式会社フジタ　生産性向上推進部（アップセル）_2026-08-01,更新予定,株式会社フジタ 経営改革統括部 生産性向上推進部,Rendery Enterpriseプラン
"{'type': 'ContractLineItem__c', 'url': '/services/data/v67.0/sobjects/ContractLineItem__c/a03RB00001WYivaYAD'}",a03RB00001WYivaYAD,a03RB00001WYiva,001RB00001dxx1tYAA,a04RB00000nRlg9YAC,a0BRB000013IDuF2AW,2027/01,2027/01,2027-01-01,2027-01-31,a0CRB0000CcXZ6V2QW,a09RB000014SL57YAG,a00RB00002CgDsDYAV,2500,2500,True,False,2,2026-08-03T09:12:18.000+0000,2026-08-03T09:12:18.000+0000,CN-00000241,株式会社フジタ　生産性向上推進部（アップセル）_2026-08-01,更新予定,株式会社フジタ 経営改革統括部 生産性向上推進部,Rendery Enterpriseプラン
"{'type': 'ContractLineItem__c', 'url': '/services/data/v67.0/sobjects/ContractLineItem__c/a03RB00001WYivbYAD'}",a03RB00001WYivbYAD,a03RB00001WYivb,001RB00001dxx1tYAA,a04RB00000nRlg9YAC,a0BRB000013IDuF2AW,2027/01,2027/01,2027-01-01,2027-01-31,a0CRB0000CcXZ6V2QW,a09RB000014SL8LYAW,a00RB00002CgDsDYAV,2500,2500,True,False,2,2026-08-03T09:12:18.000+0000,2026-08-03T09:12:18.000+0000,CN-00000241,株式会社フジタ　生産性向上推進部（アップセル）_2026-08-01,更新予定,株式会社フジタ 経営改革統括部 生産性向上推進部,Rendery Enterpriseプラン
"{'type': 'ContractLineItem__c', 'url': '/services/data/v67.0/sobjects/ContractLineItem__c/a03RB00001WYivcYAD'}",a03RB00001WYivcYAD,a03RB00001WYivc,001RB00001dxx1tYAA,a04RB00000nRlg9YAC,a0BRB000013IDuF2AW,2027/01,2027/01,2027-01-01,2027-01-31,a0CRB0000CcXZ6V2QW,a09RB000014SEi1YAG,a00RB00002CgDsDYAV,2500,2500,True,False,2,2026-08-03T09:12:18.000+0000,2026-08-03T09:12:18.000+0000,CN-00000241,株式会社フジタ　生産性向上推進部（アップセル）_2026-08-01,更新予定,株式会社フジタ 経営改革統括部 生産性向上推進部,Rendery Enterpriseプラン
"{'type': 'ContractLineItem__c', 'url': '/services/data/v67.0/sobjects/ContractLineItem__c/a03RB00001WYivdYAD'}",a03RB00001WYivdYAD,a03RB00001WYivd,001RB00001dxx1tYAA,a04RB00000nRlg9YAC,a0BRB000013IDuF2AW,2027/01,2027/01,2027-01-01,2027-01-31,a0CRB0000CcXZ6V2QW,a09RB000014RGAkYAO,a00RB00002CgDsDYAV,2500,2500,True,False,2,2026-08-03T09:12:18.000+0000,2026-08-03T09:12:18.000+0000,CN-00000241,株式会社フジタ　生産性向上推進部（アップセル）_2026-08-01,更新予定,株式会社フジタ 経営改革統括部 生産性向上推進部,Rendery Enterpriseプラン
"{'type': 'ContractLineItem__c', 'url': '/services/data/v67.0/sobjects/ContractLineItem__c/a03RB00001WYiveYAD'}",a03RB00001WYiveYAD,a03RB00001WYive,001RB00001dxx1tYAA,a04RB00000nRlg9YAC,a0BRB000013IDuF2AW,2027/01,2027/01,2027-01-01,2027-01-31,a0CRB0000CcXZ6V2QW,a09RB000014SLI1YAO,a00RB00002CgDsDYAV,2500,2500,True,False,2,2026-08-03T09:12:18.000+0000,2026-08-03T09:12:18.000+0000,CN-00000241,株式会社フジタ　生産性向上推進部（アップセル）_2026-08-01,更新予定,株式会社フジタ 経営改革統括部 生産性向上推進部,Rendery Enterpriseプラン
"{'type': 'ContractLineItem__c', 'url': '/services/data/v67.0/sobjects/ContractLineItem__c/a03RB00001WYivfYAD'}",a03RB00001WYivfYAD,a03RB00001WYivf,001RB00001dxx1tYAA,a04RB00000nRlg9YAC,a0BRB000013IDuF2AW,2027/01,2027/01,2027-01-01,2027-01-31,a0CRB0000CcXZ6V2QW,a09RB000014SLLFYA4,a00RB00002CgDsDYAV,2500,2500,True,False,2,2026-08-03T09:12:18.000+0000,2026-08-03T09:12:18.000+0000,CN-00000241,株式会社フジタ　生産性向上推進部（アップセル）_2026-08-01,更新予定,株式会社フジタ 経営改革統括部 生産性向上推進部,Rendery Enterpriseプラン
"{'type': 'ContractLineItem__c', 'url': '/services/data/v67.0/sobjects/ContractLineItem__c/a03RB00001WYivgYAD'}",a03RB00001WYivgYAD,a03RB00001WYivg,001RB00001dxx1tYAA,a04RB00000nRlg9YAC,a0BRB000013IDuF2AW,2027/01,2027/01,2027-01-01,2027-01-31,a0CRB0000CcXZ6V2QW,a09RB000014SLjRYAW,a00RB00002CgDsDYAV,2500,2500,True,False,2,2026-08-03T09:12:18.000+0000,2026-08-03T09:12:18.000+0000,CN-00000241,株式会社フジタ　生産性向上推進部（アップセル）_2026-08-01,更新予定,株式会社フジタ 経営改革統括部 生産性向上推進部,Rendery Enterpriseプラン
"{'type': 'ContractLineItem__c', 'url': '/services/data/v67.0/sobjects/ContractLineItem__c/a03RB00001WYivhYAD'}",a03RB00001WYivhYAD,a03RB00001WYivh,001RB00001dxx1tYAA,a04RB00000nRlg9YAC,a0BRB000013IDuF2AW,2027/02,2027/02,2027-02-01,2027-02-28,a0CRB0000CcXZ6V2QW,a09RB000014SKx3YAG,a00RB00002CgDsDYAV,2500,2500,True,False,2,2026-08-03T09:12:18.000+0000,2026-08-03T09:12:18.000+0000,CN-00000241,株式会社フジタ　生産性向上推進部（アップセル）_2026-08-01,更新予定,株式会社フジタ 経営改革統括部 生産性向上推進部,Rendery Enterpriseプラン
"{'type': 'ContractLineItem__c', 'url': '/services/data/v67.0/sobjects/ContractLineItem__c/a03RB00001WYiviYAD'}",a03RB00001WYiviYAD,a03RB00001WYivi,001RB00001dxx1tYAA,a04RB00000nRlg9YAC,a0BRB000013IDuF2AW,2027/02,2027/02,2027-02-01,2027-02-28,a0CRB0000CcXZ6V2QW,a09RB000014SL57YAG,a00RB00002CgDsDYAV,2500,2500,True,False,2,2026-08-03T09:12:18.000+0000,2026-08-03T09:12:18.000+0000,CN-00000241,株式会社フジタ　生産性向上推進部（アップセル）_2026-08-01,更新予定,株式会社フジタ 経営改革統括部 生産性向上推進部,Rendery Enterpriseプラン
"{'type': 'ContractLineItem__c', 'url': '/services/data/v67.0/sobjects/ContractLineItem__c/a03RB00001WYivjYAD'}",a03RB00001WYivjYAD,a03RB00001WYivj,001RB00001dxx1tYAA,a04RB00000nRlg9YAC,a0BRB000013IDuF2AW,2027/02,2027/02,2027-02-01,2027-02-28,a0CRB0000CcXZ6V2QW,a09RB000014SL8LYAW,a00RB00002CgDsDYAV,2500,2500,True,False,2,2026-08-03T09:12:18.000+0000,2026-08-03T09:12:18.000+0000,CN-00000241,株式会社フジタ　生産性向上推進部（アップセル）_2026-08-01,更新予定,株式会社フジタ 経営改革統括部 生産性向上推進部,Rendery Enterpriseプラン
"{'type': 'ContractLineItem__c', 'url': '/services/data/v67.0/sobjects/ContractLineItem__c/a03RB00001WYivkYAD'}",a03RB00001WYivkYAD,a03RB00001WYivk,001RB00001dxx1tYAA,a04RB00000nRlg9YAC,a0BRB000013IDuF2AW,2027/02,2027/02,2027-02-01,2027-02-28,a0CRB0000CcXZ6V2QW,a09RB000014SEi1YAG,a00RB00002CgDsDYAV,2500,2500,True,False,2,2026-08-03T09:12:18.000+0000,2026-08-03T09:12:18.000+0000,CN-00000241,株式会社フジタ　生産性向上推進部（アップセル）_2026-08-01,更新予定,株式会社フジタ 経営改革統括部 生産性向上推進部,Rendery Enterpriseプラン
"{'type': 'ContractLineItem__c', 'url': '/services/data/v67.0/sobjects/ContractLineItem__c/a03RB00001WYivlYAD'}",a03RB00001WYivlYAD,a03RB00001WYivl,001RB00001dxx1tYAA,a04RB00000nRlg9YAC,a0BRB000013IDuF2AW,2027/02,2027/02,2027-02-01,2027-02-28,a0CRB0000CcXZ6V2QW,a09RB000014RGAkYAO,a00RB00002CgDsDYAV,2500,2500,True,False,2,2026-08-03T09:12:18.000+0000,2026-08-03T09:12:18.000+0000,CN-00000241,株式会社フジタ　生産性向上推進部（アップセル）_2026-08-01,更新予定,株式会社フジタ 経営改革統括部 生産性向上推進部,Rendery Enterpriseプラン
"{'type': 'ContractLineItem__c', 'url': '/services/data/v67.0/sobjects/ContractLineItem__c/a03RB00001WYivmYAD'}",a03RB00001WYivmYAD,a03RB00001WYivm,001RB00001dxx1tYAA,a04RB00000nRlg9YAC,a0BRB000013IDuF2AW,2027/02,2027/02,2027-02-01,2027-02-28,a0CRB0000CcXZ6V2QW,a09RB000014SLI1YAO,a00RB00002CgDsDYAV,2500,2500,True,False,2,2026-08-03T09:12:18.000+0000,2026-08-03T09:12:18.000+0000,CN-00000241,株式会社フジタ　生産性向上推進部（アップセル）_2026-08-01,更新予定,株式会社フジタ 経営改革統括部 生産性向上推進部,Rendery Enterpriseプラン
"{'type': 'ContractLineItem__c', 'url': '/services/data/v67.0/sobjects/ContractLineItem__c/a03RB00001WYivnYAD'}",a03RB00001WYivnYAD,a03RB00001WYivn,001RB00001dxx1tYAA,a04RB00000nRlg9YAC,a0BRB000013IDuF2AW,2027/02,2027/02,2027-02-01,2027-02-28,a0CRB0000CcXZ6V2QW,a09RB000014SLLFYA4,a00RB00002CgDsDYAV,2500,2500,True,False,2,2026-08-03T09:12:18.000+0000,2026-08-03T09:12:18.000+0000,CN-00000241,株式会社フジタ　生産性向上推進部（アップセル）_2026-08-01,更新予定,株式会社フジタ 経営改革統括部 生産性向上推進部,Rendery Enterpriseプラン
"{'type': 'ContractLineItem__c', 'url': '/services/data/v67.0/sobjects/ContractLineItem__c/a03RB00001WYivoYAD'}",a03RB00001WYivoYAD,a03RB00001WYivo,001RB00001dxx1tYAA,a04RB00000nRlg9YAC,a0BRB000013IDuF2AW,2027/02,2027/02,2027-02-01,2027-02-28,a0CRB0000CcXZ6V2QW,a09RB000014SLjRYAW,a00RB00002CgDsDYAV,2500,2500,True,False,2,2026-08-03T09:12:18.000+0000,2026-08-03T09:12:18.000+0000,CN-00000241,株式会社フジタ　生産性向上推進部（アップセル）_2026-08-01,更新予定,株式会社フジタ 経営改革統括部 生産性向上推進部,Rendery Enterpriseプラン
"{'type': 'ContractLineItem__c', 'url': '/services/data/v67.0/sobjects/ContractLineItem__c/a03RB00001WYivpYAD'}",a03RB00001WYivpYAD,a03RB00001WYivp,001RB00001dxx1tYAA,a04RB00000nRlg9YAC,a0BRB000013IDuF2AW,2027/03,2027/03,2027-03-01,2027-03-31,a0CRB0000CcXZ6V2QW,a09RB000014SKx3YAG,a00RB00002CgDsDYAV,2500,2500,True,False,2,2026-08-03T09:12:18.000+0000,2026-08-03T09:12:18.000+0000,CN-00000241,株式会社フジタ　生産性向上推進部（アップセル）_2026-08-01,更新予定,株式会社フジタ 経営改革統括部 生産性向上推進部,Rendery Enterpriseプラン
"{'type': 'ContractLineItem__c', 'url': '/services/data/v67.0/sobjects/ContractLineItem__c/a03RB00001WYivqYAD'}",a03RB00001WYivqYAD,a03RB00001WYivq,001RB00001dxx1tYAA,a04RB00000nRlg9YAC,a0BRB000013IDuF2AW,2027/03,2027/03,2027-03-01,2027-03-31,a0CRB0000CcXZ6V2QW,a09RB000014SL57YAG,a00RB00002CgDsDYAV,2500,2500,True,False,2,2026-08-03T09:12:18.000+0000,2026-08-03T09:12:18.000+0000,CN-00000241,株式会社フジタ　生産性向上推進部（アップセル）_2026-08-01,更新予定,株式会社フジタ 経営改革統括部 生産性向上推進部,Rendery Enterpriseプラン
"{'type': 'ContractLineItem__c', 'url': '/services/data/v67.0/sobjects/ContractLineItem__c/a03RB00001WYivrYAD'}",a03RB00001WYivrYAD,a03RB00001WYivr,001RB00001dxx1tYAA,a04RB00000nRlg9YAC,a0BRB000013IDuF2AW,2027/03,2027/03,2027-03-01,2027-03-31,a0CRB0000CcXZ6V2QW,a09RB000014SL8LYAW,a00RB00002CgDsDYAV,2500,2500,True,False,2,2026-08-03T09:12:18.000+0000,2026-08-03T09:12:18.000+0000,CN-00000241,株式会社フジタ　生産性向上推進部（アップセル）_2026-08-01,更新予定,株式会社フジタ 経営改革統括部 生産性向上推進部,Rendery Enterpriseプラン
"{'type': 'ContractLineItem__c', 'url': '/services/data/v67.0/sobjects/ContractLineItem__c/a03RB00001WYivsYAD'}",a03RB00001WYivsYAD,a03RB00001WYivs,001RB00001dxx1tYAA,a04RB00000nRlg9YAC,a0BRB000013IDuF2AW,2027/03,2027/03,2027-03-01,2027-03-31,a0CRB0000CcXZ6V2QW,a09RB000014SEi1YAG,a00RB00002CgDsDYAV,2500,2500,True,False,2,2026-08-03T09:12:18.000+0000,2026-08-03T09:12:18.000+0000,CN-00000241,株式会社フジタ　生産性向上推進部（アップセル）_2026-08-01,更新予定,株式会社フジタ 経営改革統括部 生産性向上推進部,Rendery Enterpriseプラン
"{'type': 'ContractLineItem__c', 'url': '/services/data/v67.0/sobjects/ContractLineItem__c/a03RB00001WYivtYAD'}",a03RB00001WYivtYAD,a03RB00001WYivt,001RB00001dxx1tYAA,a04RB00000nRlg9YAC,a0BRB000013IDuF2AW,2027/03,2027/03,2027-03-01,2027-03-31,a0CRB0000CcXZ6V2QW,a09RB000014RGAkYAO,a00RB00002CgDsDYAV,2500,2500,True,False,2,2026-08-03T09:12:18.000+0000,2026-08-03T09:12:18.000+0000,CN-00000241,株式会社フジタ　生産性向上推進部（アップセル）_2026-08-01,更新予定,株式会社フジタ 経営改革統括部 生産性向上推進部,Rendery Enterpriseプラン
"{'type': 'ContractLineItem__c', 'url': '/services/data/v67.0/sobjects/ContractLineItem__c/a03RB00001WYivuYAD'}",a03RB00001WYivuYAD,a03RB00001WYivu,001RB00001dxx1tYAA,a04RB00000nRlg9YAC,a0BRB000013IDuF2AW,2027/03,2027/03,2027-03-01,2027-03-31,a0CRB0000CcXZ6V2QW,a09RB000014SLI1YAO,a00RB00002CgDsDYAV,2500,2500,True,False,2,2026-08-03T09:12:18.000+0000,2026-08-03T09:12:18.000+0000,CN-00000241,株式会社フジタ　生産性向上推進部（アップセル）_2026-08-01,更新予定,株式会社フジタ 経営改革統括部 生産性向上推進部,Rendery Enterpriseプラン
"{'type': 'ContractLineItem__c', 'url': '/services/data/v67.0/sobjects/ContractLineItem__c/a03RB00001WYivvYAD'}",a03RB00001WYivvYAD,a03RB00001WYivv,001RB00001dxx1tYAA,a04RB00000nRlg9YAC,a0BRB000013IDuF2AW,2027/03,2027/03,2027-03-01,2027-03-31,a0CRB0000CcXZ6V2QW,a09RB000014SLLFYA4,a00RB00002CgDsDYAV,2500,2500,True,False,2,2026-08-03T09:12:18.000+0000,2026-08-03T09:12:18.000+0000,CN-00000241,株式会社フジタ　生産性向上推進部（アップセル）_2026-08-01,更新予定,株式会社フジタ 経営改革統括部 生産性向上推進部,Rendery Enterpriseプラン
"{'type': 'ContractLineItem__c', 'url': '/services/data/v67.0/sobjects/ContractLineItem__c/a03RB00001WYivwYAD'}",a03RB00001WYivwYAD,a03RB00001WYivw,001RB00001dxx1tYAA,a04RB00000nRlg9YAC,a0BRB000013IDuF2AW,2027/03,2027/03,2027-03-01,2027-03-31,a0CRB0000CcXZ6V2QW,a09RB000014SLjRYAW,a00RB00002CgDsDYAV,2500,2500,True,False,2,2026-08-03T09:12:18.000+0000,2026-08-03T09:12:18.000+0000,CN-00000241,株式会社フジタ　生産性向上推進部（アップセル）_2026-08-01,更新予定,株式会社フジタ 経営改革統括部 生産性向上推進部,Rendery Enterpriseプラン
"{'type': 'ContractLineItem__c', 'url': '/services/data/v67.0/sobjects/ContractLineItem__c/a03RB00001WYivxYAD'}",a03RB00001WYivxYAD,a03RB00001WYivx,001RB00001dxx1tYAA,a04RB00000nRlg9YAC,a0BRB000013IDuF2AW,2027/04,2027/04,2027-04-01,2027-04-30,a0CRB0000CcXZ6V2QW,a09RB000014SKx3YAG,a00RB00002CgDsDYAV,2500,2500,True,False,2,2026-08-03T09:12:18.000+0000,2026-08-03T09:12:18.000+0000,CN-00000241,株式会社フジタ　生産性向上推進部（アップセル）_2026-08-01,更新予定,株式会社フジタ 経営改革統括部 生産性向上推進部,Rendery Enterpriseプラン
"{'type': 'ContractLineItem__c', 'url': '/services/data/v67.0/sobjects/ContractLineItem__c/a03RB00001WYivyYAD'}",a03RB00001WYivyYAD,a03RB00001WYivy,001RB00001dxx1tYAA,a04RB00000nRlg9YAC,a0BRB000013IDuF2AW,2027/04,2027/04,2027-04-01,2027-04-30,a0CRB0000CcXZ6V2QW,a09RB000014SL57YAG,a00RB00002CgDsDYAV,2500,2500,True,False,2,2026-08-03T09:12:18.000+0000,2026-08-03T09:12:18.000+0000,CN-00000241,株式会社フジタ　生産性向上推進部（アップセル）_2026-08-01,更新予定,株式会社フジタ 経営改革統括部 生産性向上推進部,Rendery Enterpriseプラン
"{'type': 'ContractLineItem__c', 'url': '/services/data/v67.0/sobjects/ContractLineItem__c/a03RB00001WYivzYAD'}",a03RB00001WYivzYAD,a03RB00001WYivz,001RB00001dxx1tYAA,a04RB00000nRlg9YAC,a0BRB000013IDuF2AW,2027/04,2027/04,2027-04-01,2027-04-30,a0CRB0000CcXZ6V2QW,a09RB000014SL8LYAW,a00RB00002CgDsDYAV,2500,2500,True,False,2,2026-08-03T09:12:18.000+0000,2026-08-03T09:12:18.000+0000,CN-00000241,株式会社フジタ　生産性向上推進部（アップセル）_2026-08-01,更新予定,株式会社フジタ 経営改革統括部 生産性向上推進部,Rendery Enterpriseプラン
"{'type': 'ContractLineItem__c', 'url': '/services/data/v67.0/sobjects/ContractLineItem__c/a03RB00001WYiw0YAD'}",a03RB00001WYiw0YAD,a03RB00001WYiw0,001RB00001dxx1tYAA,a04RB00000nRlg9YAC,a0BRB000013IDuF2AW,2027/04,2027/04,2027-04-01,2027-04-30,a0CRB0000CcXZ6V2QW,a09RB000014SEi1YAG,a00RB00002CgDsDYAV,2500,2500,True,False,2,2026-08-03T09:12:18.000+0000,2026-08-03T09:12:18.000+0000,CN-00000241,株式会社フジタ　生産性向上推進部（アップセル）_2026-08-01,更新予定,株式会社フジタ 経営改革統括部 生産性向上推進部,Rendery Enterpriseプラン
"{'type': 'ContractLineItem__c', 'url': '/services/data/v67.0/sobjects/ContractLineItem__c/a03RB00001WYiw1YAD'}",a03RB00001WYiw1YAD,a03RB00001WYiw1,001RB00001dxx1tYAA,a04RB00000nRlg9YAC,a0BRB000013IDuF2AW,2027/04,2027/04,2027-04-01,2027-04-30,a0CRB0000CcXZ6V2QW,a09RB000014RGAkYAO,a00RB00002CgDsDYAV,2500,2500,True,False,2,2026-08-03T09:12:18.000+0000,2026-08-03T09:12:18.000+0000,CN-00000241,株式会社フジタ　生産性向上推進部（アップセル）_2026-08-01,更新予定,株式会社フジタ 経営改革統括部 生産性向上推進部,Rendery Enterpriseプラン
"{'type': 'ContractLineItem__c', 'url': '/services/data/v67.0/sobjects/ContractLineItem__c/a03RB00001WYiw2YAD'}",a03RB00001WYiw2YAD,a03RB00001WYiw2,001RB00001dxx1tYAA,a04RB00000nRlg9YAC,a0BRB000013IDuF2AW,2027/04,2027/04,2027-04-01,2027-04-30,a0CRB0000CcXZ6V2QW,a09RB000014SLI1YAO,a00RB00002CgDsDYAV,2500,2500,True,False,2,2026-08-03T09:12:18.000+0000,2026-08-03T09:12:18.000+0000,CN-00000241,株式会社フジタ　生産性向上推進部（アップセル）_2026-08-01,更新予定,株式会社フジタ 経営改革統括部 生産性向上推進部,Rendery Enterpriseプラン
"{'type': 'ContractLineItem__c', 'url': '/services/data/v67.0/sobjects/ContractLineItem__c/a03RB00001WYiw3YAD'}",a03RB00001WYiw3YAD,a03RB00001WYiw3,001RB00001dxx1tYAA,a04RB00000nRlg9YAC,a0BRB000013IDuF2AW,2027/04,2027/04,2027-04-01,2027-04-30,a0CRB0000CcXZ6V2QW,a09RB000014SLLFYA4,a00RB00002CgDsDYAV,2500,2500,True,False,2,2026-08-03T09:12:18.000+0000,2026-08-03T09:12:18.000+0000,CN-00000241,株式会社フジタ　生産性向上推進部（アップセル）_2026-08-01,更新予定,株式会社フジタ 経営改革統括部 生産性向上推進部,Rendery Enterpriseプラン
"{'type': 'ContractLineItem__c', 'url': '/services/data/v67.0/sobjects/ContractLineItem__c/a03RB00001WYiw4YAD'}",a03RB00001WYiw4YAD,a03RB00001WYiw4,001RB00001dxx1tYAA,a04RB00000nRlg9YAC,a0BRB000013IDuF2AW,2027/04,2027/04,2027-04-01,2027-04-30,a0CRB0000CcXZ6V2QW,a09RB000014SLjRYAW,a00RB00002CgDsDYAV,2500,2500,True,False,2,2026-08-03T09:12:18.000+0000,2026-08-03T09:12:18.000+0000,CN-00000241,株式会社フジタ　生産性向上推進部（アップセル）_2026-08-01,更新予定,株式会社フジタ 経営改革統括部 生産性向上推進部,Rendery Enterpriseプラン
"{'type': 'ContractLineItem__c', 'url': '/services/data/v67.0/sobjects/ContractLineItem__c/a03RB00001WYiw5YAD'}",a03RB00001WYiw5YAD,a03RB00001WYiw5,001RB00001dxx1tYAA,a04RB00000nRlg9YAC,a0BRB000013IDuF2AW,2027/05,2027/05,2027-05-01,2027-05-31,a0CRB0000CcXZ6V2QW,a09RB000014SKx3YAG,a00RB00002CgDsDYAV,2500,2500,True,False,2,2026-08-03T09:12:18.000+0000,2026-08-03T09:12:18.000+0000,CN-00000241,株式会社フジタ　生産性向上推進部（アップセル）_2026-08-01,更新予定,株式会社フジタ 経営改革統括部 生産性向上推進部,Rendery Enterpriseプラン
"{'type': 'ContractLineItem__c', 'url': '/services/data/v67.0/sobjects/ContractLineItem__c/a03RB00001WYiw6YAD'}",a03RB00001WYiw6YAD,a03RB00001WYiw6,001RB00001dxx1tYAA,a04RB00000nRlg9YAC,a0BRB000013IDuF2AW,2027/05,2027/05,2027-05-01,2027-05-31,a0CRB0000CcXZ6V2QW,a09RB000014SL57YAG,a00RB00002CgDsDYAV,2500,2500,True,False,2,2026-08-03T09:12:18.000+0000,2026-08-03T09:12:18.000+0000,CN-00000241,株式会社フジタ　生産性向上推進部（アップセル）_2026-08-01,更新予定,株式会社フジタ 経営改革統括部 生産性向上推進部,Rendery Enterpriseプラン
"{'type': 'ContractLineItem__c', 'url': '/services/data/v67.0/sobjects/ContractLineItem__c/a03RB00001WYiw7YAD'}",a03RB00001WYiw7YAD,a03RB00001WYiw7,001RB00001dxx1tYAA,a04RB00000nRlg9YAC,a0BRB000013IDuF2AW,2027/05,2027/05,2027-05-01,2027-05-31,a0CRB0000CcXZ6V2QW,a09RB000014SL8LYAW,a00RB00002CgDsDYAV,2500,2500,True,False,2,2026-08-03T09:12:18.000+0000,2026-08-03T09:12:18.000+0000,CN-00000241,株式会社フジタ　生産性向上推進部（アップセル）_2026-08-01,更新予定,株式会社フジタ 経営改革統括部 生産性向上推進部,Rendery Enterpriseプラン
"{'type': 'ContractLineItem__c', 'url': '/services/data/v67.0/sobjects/ContractLineItem__c/a03RB00001WYiw8YAD'}",a03RB00001WYiw8YAD,a03RB00001WYiw8,001RB00001dxx1tYAA,a04RB00000nRlg9YAC,a0BRB000013IDuF2AW,2027/05,2027/05,2027-05-01,2027-05-31,a0CRB0000CcXZ6V2QW,a09RB000014SEi1YAG,a00RB00002CgDsDYAV,2500,2500,True,False,2,2026-08-03T09:12:18.000+0000,2026-08-03T09:12:18.000+0000,CN-00000241,株式会社フジタ　生産性向上推進部（アップセル）_2026-08-01,更新予定,株式会社フジタ 経営改革統括部 生産性向上推進部,Rendery Enterpriseプラン
"{'type': 'ContractLineItem__c', 'url': '/services/data/v67.0/sobjects/ContractLineItem__c/a03RB00001WYiw9YAD'}",a03RB00001WYiw9YAD,a03RB00001WYiw9,001RB00001dxx1tYAA,a04RB00000nRlg9YAC,a0BRB000013IDuF2AW,2027/05,2027/05,2027-05-01,2027-05-31,a0CRB0000CcXZ6V2QW,a09RB000014RGAkYAO,a00RB00002CgDsDYAV,2500,2500,True,False,2,2026-08-03T09:12:18.000+0000,2026-08-03T09:12:18.000+0000,CN-00000241,株式会社フジタ　生産性向上推進部（アップセル）_2026-08-01,更新予定,株式会社フジタ 経営改革統括部 生産性向上推進部,Rendery Enterpriseプラン
"{'type': 'ContractLineItem__c', 'url': '/services/data/v67.0/sobjects/ContractLineItem__c/a03RB00001WYiwAYAT'}",a03RB00001WYiwAYAT,a03RB00001WYiwA,001RB00001dxx1tYAA,a04RB00000nRlg9YAC,a0BRB000013IDuF2AW,2027/05,2027/05,2027-05-01,2027-05-31,a0CRB0000CcXZ6V2QW,a09RB000014SLI1YAO,a00RB00002CgDsDYAV,2500,2500,True,False,2,2026-08-03T09:12:18.000+0000,2026-08-03T09:12:18.000+0000,CN-00000241,株式会社フジタ　生産性向上推進部（アップセル）_2026-08-01,更新予定,株式会社フジタ 経営改革統括部 生産性向上推進部,Rendery Enterpriseプラン
"{'type': 'ContractLineItem__c', 'url': '/services/data/v67.0/sobjects/ContractLineItem__c/a03RB00001WYiwBYAT'}",a03RB00001WYiwBYAT,a03RB00001WYiwB,001RB00001dxx1tYAA,a04RB00000nRlg9YAC,a0BRB000013IDuF2AW,2027/05,2027/05,2027-05-01,2027-05-31,a0CRB0000CcXZ6V2QW,a09RB000014SLLFYA4,a00RB00002CgDsDYAV,2500,2500,True,False,2,2026-08-03T09:12:18.000+0000,2026-08-03T09:12:18.000+0000,CN-00000241,株式会社フジタ　生産性向上推進部（アップセル）_2026-08-01,更新予定,株式会社フジタ 経営改革統括部 生産性向上推進部,Rendery Enterpriseプラン
"{'type': 'ContractLineItem__c', 'url': '/services/data/v67.0/sobjects/ContractLineItem__c/a03RB00001WYiwCYAT'}",a03RB00001WYiwCYAT,a03RB00001WYiwC,001RB00001dxx1tYAA,a04RB00000nRlg9YAC,a0BRB000013IDuF2AW,2027/05,2027/05,2027-05-01,2027-05-31,a0CRB0000CcXZ6V2QW,a09RB000014SLjRYAW,a00RB00002CgDsDYAV,2500,2500,True,False,2,2026-08-03T09:12:18.000+0000,2026-08-03T09:12:18.000+0000,CN-00000241,株式会社フジタ　生産性向上推進部（アップセル）_2026-08-01,更新予定,株式会社フジタ 経営改革統括部 生産性向上推進部,Rendery Enterpriseプラン
"{'type': 'ContractLineItem__c', 'url': '/services/data/v67.0/sobjects/ContractLineItem__c/a03RB00001WYiwDYAT'}",a03RB00001WYiwDYAT,a03RB00001WYiwD,001RB00001dxx1tYAA,a04RB00000nRlg9YAC,a0BRB000013IDuF2AW,2027/06,2027/06,2027-06-01,2027-06-30,a0CRB0000CcXZ6V2QW,a09RB000014SKx3YAG,a00RB00002CgDsDYAV,2500,2500,True,False,2,2026-08-03T09:12:18.000+0000,2026-08-03T09:12:18.000+0000,CN-00000241,株式会社フジタ　生産性向上推進部（アップセル）_2026-08-01,更新予定,株式会社フジタ 経営改革統括部 生産性向上推進部,Rendery Enterpriseプラン
"{'type': 'ContractLineItem__c', 'url': '/services/data/v67.0/sobjects/ContractLineItem__c/a03RB00001WYiwEYAT'}",a03RB00001WYiwEYAT,a03RB00001WYiwE,001RB00001dxx1tYAA,a04RB00000nRlg9YAC,a0BRB000013IDuF2AW,2027/06,2027/06,2027-06-01,2027-06-30,a0CRB0000CcXZ6V2QW,a09RB000014SL57YAG,a00RB00002CgDsDYAV,2500,2500,True,False,2,2026-08-03T09:12:18.000+0000,2026-08-03T09:12:18.000+0000,CN-00000241,株式会社フジタ　生産性向上推進部（アップセル）_2026-08-01,更新予定,株式会社フジタ 経営改革統括部 生産性向上推進部,Rendery Enterpriseプラン
"{'type': 'ContractLineItem__c', 'url': '/services/data/v67.0/sobjects/ContractLineItem__c/a03RB00001WYiwFYAT'}",a03RB00001WYiwFYAT,a03RB00001WYiwF,001RB00001dxx1tYAA,a04RB00000nRlg9YAC,a0BRB000013IDuF2AW,2027/06,2027/06,2027-06-01,2027-06-30,a0CRB0000CcXZ6V2QW,a09RB000014SL8LYAW,a00RB00002CgDsDYAV,2500,2500,True,False,2,2026-08-03T09:12:18.000+0000,2026-08-03T09:12:18.000+0000,CN-00000241,株式会社フジタ　生産性向上推進部（アップセル）_2026-08-01,更新予定,株式会社フジタ 経営改革統括部 生産性向上推進部,Rendery Enterpriseプラン
"{'type': 'ContractLineItem__c', 'url': '/services/data/v67.0/sobjects/ContractLineItem__c/a03RB00001WYiwGYAT'}",a03RB00001WYiwGYAT,a03RB00001WYiwG,001RB00001dxx1tYAA,a04RB00000nRlg9YAC,a0BRB000013IDuF2AW,2027/06,2027/06,2027-06-01,2027-06-30,a0CRB0000CcXZ6V2QW,a09RB000014SEi1YAG,a00RB00002CgDsDYAV,2500,2500,True,False,2,2026-08-03T09:12:18.000+0000,2026-08-03T09:12:18.000+0000,CN-00000241,株式会社フジタ　生産性向上推進部（アップセル）_2026-08-01,更新予定,株式会社フジタ 経営改革統括部 生産性向上推進部,Rendery Enterpriseプラン
"{'type': 'ContractLineItem__c', 'url': '/services/data/v67.0/sobjects/ContractLineItem__c/a03RB00001WYiwHYAT'}",a03RB00001WYiwHYAT,a03RB00001WYiwH,001RB00001dxx1tYAA,a04RB00000nRlg9YAC,a0BRB000013IDuF2AW,2027/06,2027/06,2027-06-01,2027-06-30,a0CRB0000CcXZ6V2QW,a09RB000014RGAkYAO,a00RB00002CgDsDYAV,2500,2500,True,False,2,2026-08-03T09:12:18.000+0000,2026-08-03T09:12:18.000+0000,CN-00000241,株式会社フジタ　生産性向上推進部（アップセル）_2026-08-01,更新予定,株式会社フジタ 経営改革統括部 生産性向上推進部,Rendery Enterpriseプラン
"{'type': 'ContractLineItem__c', 'url': '/services/data/v67.0/sobjects/ContractLineItem__c/a03RB00001WYiwIYAT'}",a03RB00001WYiwIYAT,a03RB00001WYiwI,001RB00001dxx1tYAA,a04RB00000nRlg9YAC,a0BRB000013IDuF2AW,2027/06,2027/06,2027-06-01,2027-06-30,a0CRB0000CcXZ6V2QW,a09RB000014SLI1YAO,a00RB00002CgDsDYAV,2500,2500,True,False,2,2026-08-03T09:12:18.000+0000,2026-08-03T09:12:18.000+0000,CN-00000241,株式会社フジタ　生産性向上推進部（アップセル）_2026-08-01,更新予定,株式会社フジタ 経営改革統括部 生産性向上推進部,Rendery Enterpriseプラン
"{'type': 'ContractLineItem__c', 'url': '/services/data/v67.0/sobjects/ContractLineItem__c/a03RB00001WYiwJYAT'}",a03RB00001WYiwJYAT,a03RB00001WYiwJ,001RB00001dxx1tYAA,a04RB00000nRlg9YAC,a0BRB000013IDuF2AW,2027/06,2027/06,2027-06-01,2027-06-30,a0CRB0000CcXZ6V2QW,a09RB000014SLLFYA4,a00RB00002CgDsDYAV,2500,2500,True,False,2,2026-08-03T09:12:18.000+0000,2026-08-03T09:12:18.000+0000,CN-00000241,株式会社フジタ　生産性向上推進部（アップセル）_2026-08-01,更新予定,株式会社フジタ 経営改革統括部 生産性向上推進部,Rendery Enterpriseプラン
"{'type': 'ContractLineItem__c', 'url': '/services/data/v67.0/sobjects/ContractLineItem__c/a03RB00001WYiwKYAT'}",a03RB00001WYiwKYAT,a03RB00001WYiwK,001RB00001dxx1tYAA,a04RB00000nRlg9YAC,a0BRB000013IDuF2AW,2027/06,2027/06,2027-06-01,2027-06-30,a0CRB0000CcXZ6V2QW,a09RB000014SLjRYAW,a00RB00002CgDsDYAV,2500,2500,True,False,2,2026-08-03T09:12:18.000+0000,2026-08-03T09:12:18.000+0000,CN-00000241,株式会社フジタ　生産性向上推進部（アップセル）_2026-08-01,更新予定,株式会社フジタ 経営改革統括部 生産性向上推進部,Rendery Enterpriseプラン
"{'type': 'ContractLineItem__c', 'url': '/services/data/v67.0/sobjects/ContractLineItem__c/a03RB00001WYiwLYAT'}",a03RB00001WYiwLYAT,a03RB00001WYiwL,001RB00001dxx1tYAA,a04RB00000nRlg9YAC,a0BRB000013IDuF2AW,2027/07,2027/07,2027-07-01,2027-07-31,a0CRB0000CcXZ6V2QW,a09RB000014SKx3YAG,a00RB00002CgDsDYAV,2500,2500,True,False,2,2026-08-03T09:12:18.000+0000,2026-08-03T09:12:18.000+0000,CN-00000241,株式会社フジタ　生産性向上推進部（アップセル）_2026-08-01,更新予定,株式会社フジタ 経営改革統括部 生産性向上推進部,Rendery Enterpriseプラン
"{'type': 'ContractLineItem__c', 'url': '/services/data/v67.0/sobjects/ContractLineItem__c/a03RB00001WYiwMYAT'}",a03RB00001WYiwMYAT,a03RB00001WYiwM,001RB00001dxx1tYAA,a04RB00000nRlg9YAC,a0BRB000013IDuF2AW,2027/07,2027/07,2027-07-01,2027-07-31,a0CRB0000CcXZ6V2QW,a09RB000014SL57YAG,a00RB00002CgDsDYAV,2500,2500,True,False,2,2026-08-03T09:12:18.000+0000,2026-08-03T09:12:18.000+0000,CN-00000241,株式会社フジタ　生産性向上推進部（アップセル）_2026-08-01,更新予定,株式会社フジタ 経営改革統括部 生産性向上推進部,Rendery Enterpriseプラン
"{'type': 'ContractLineItem__c', 'url': '/services/data/v67.0/sobjects/ContractLineItem__c/a03RB00001WYiwNYAT'}",a03RB00001WYiwNYAT,a03RB00001WYiwN,001RB00001dxx1tYAA,a04RB00000nRlg9YAC,a0BRB000013IDuF2AW,2027/07,2027/07,2027-07-01,2027-07-31,a0CRB0000CcXZ6V2QW,a09RB000014SL8LYAW,a00RB00002CgDsDYAV,2500,2500,True,False,2,2026-08-03T09:12:18.000+0000,2026-08-03T09:12:18.000+0000,CN-00000241,株式会社フジタ　生産性向上推進部（アップセル）_2026-08-01,更新予定,株式会社フジタ 経営改革統括部 生産性向上推進部,Rendery Enterpriseプラン
"{'type': 'ContractLineItem__c', 'url': '/services/data/v67.0/sobjects/ContractLineItem__c/a03RB00001WYiwOYAT'}",a03RB00001WYiwOYAT,a03RB00001WYiwO,001RB00001dxx1tYAA,a04RB00000nRlg9YAC,a0BRB000013IDuF2AW,2027/07,2027/07,2027-07-01,2027-07-31,a0CRB0000CcXZ6V2QW,a09RB000014SEi1YAG,a00RB00002CgDsDYAV,2500,2500,True,False,2,2026-08-03T09:12:18.000+0000,2026-08-03T09:12:18.000+0000,CN-00000241,株式会社フジタ　生産性向上推進部（アップセル）_2026-08-01,更新予定,株式会社フジタ 経営改革統括部 生産性向上推進部,Rendery Enterpriseプラン
"{'type': 'ContractLineItem__c', 'url': '/services/data/v67.0/sobjects/ContractLineItem__c/a03RB00001WYiwPYAT'}",a03RB00001WYiwPYAT,a03RB00001WYiwP,001RB00001dxx1tYAA,a04RB00000nRlg9YAC,a0BRB000013IDuF2AW,2027/07,2027/07,2027-07-01,2027-07-31,a0CRB0000CcXZ6V2QW,a09RB000014RGAkYAO,a00RB00002CgDsDYAV,2500,2500,True,False,2,2026-08-03T09:12:18.000+0000,2026-08-03T09:12:18.000+0000,CN-00000241,株式会社フジタ　生産性向上推進部（アップセル）_2026-08-01,更新予定,株式会社フジタ 経営改革統括部 生産性向上推進部,Rendery Enterpriseプラン
"{'type': 'ContractLineItem__c', 'url': '/services/data/v67.0/sobjects/ContractLineItem__c/a03RB00001WYiwQYAT'}",a03RB00001WYiwQYAT,a03RB00001WYiwQ,001RB00001dxx1tYAA,a04RB00000nRlg9YAC,a0BRB000013IDuF2AW,2027/07,2027/07,2027-07-01,2027-07-31,a0CRB0000CcXZ6V2QW,a09RB000014SLI1YAO,a00RB00002CgDsDYAV,2500,2500,True,False,2,2026-08-03T09:12:18.000+0000,2026-08-03T09:12:18.000+0000,CN-00000241,株式会社フジタ　生産性向上推進部（アップセル）_2026-08-01,更新予定,株式会社フジタ 経営改革統括部 生産性向上推進部,Rendery Enterpriseプラン
"{'type': 'ContractLineItem__c', 'url': '/services/data/v67.0/sobjects/ContractLineItem__c/a03RB00001WYiwRYAT'}",a03RB00001WYiwRYAT,a03RB00001WYiwR,001RB00001dxx1tYAA,a04RB00000nRlg9YAC,a0BRB000013IDuF2AW,2027/07,2027/07,2027-07-01,2027-07-31,a0CRB0000CcXZ6V2QW,a09RB000014SLLFYA4,a00RB00002CgDsDYAV,2500,2500,True,False,2,2026-08-03T09:12:18.000+0000,2026-08-03T09:12:18.000+0000,CN-00000241,株式会社フジタ　生産性向上推進部（アップセル）_2026-08-01,更新予定,株式会社フジタ 経営改革統括部 生産性向上推進部,Rendery Enterpriseプラン
"{'type': 'ContractLineItem__c', 'url': '/services/data/v67.0/sobjects/ContractLineItem__c/a03RB00001WYiwSYAT'}",a03RB00001WYiwSYAT,a03RB00001WYiwS,001RB00001dxx1tYAA,a04RB00000nRlg9YAC,a0BRB000013IDuF2AW,2027/07,2027/07,2027-07-01,2027-07-31,a0CRB0000CcXZ6V2QW,a09RB000014SLjRYAW,a00RB00002CgDsDYAV,2500,2500,True,False,2,2026-08-03T09:12:18.000+0000,2026-08-03T09:12:18.000+0000,CN-00000241,株式会社フジタ　生産性向上推進部（アップセル）_2026-08-01,更新予定,株式会社フジタ 経営改革統括部 生産性向上推進部,Rendery Enterpriseプラン
"{'type': 'ContractLineItem__c', 'url': '/services/data/v67.0/sobjects/ContractLineItem__c/a03RB00001WZCQ2YAP'}",a03RB00001WZCQ2YAP,a03RB00001WZCQ2,001RB00001VTrqOYAT,a04RB00000nS9IfYAK,a0BRB000013KK4t2AG,2026/07,2026/07,2026-07-01,2026-07-31,a0CRB0000CcXZ6Q2QW,,a00RB00002DFRNiYAP,8000,8000,True,False,1,2026-08-03T13:38:10.000+0000,2026-08-06T01:28:02.000+0000,CN-00000242,株式会社フォーデック Rendery Proプラン Freee自動請求契約,Activated,株式会社フォーデック,Rendery Proプラン
"{'type': 'ContractLineItem__c', 'url': '/services/data/v67.0/sobjects/ContractLineItem__c/a03RB00001WZCQ3YAP'}",a03RB00001WZCQ3YAP,a03RB00001WZCQ3,001RB00001VTrvxYAD,a04RB00000nS9IgYAK,a0BRB000013KK4u2AG,2026/08,2026/08,2026-08-01,2026-08-31,a0CRB0000CcXZ6Q2QW,,,8000,8000,True,False,1,2026-08-03T13:38:10.000+0000,2026-08-06T01:38:52.000+0000,CN-00000243,清水建設 株式会社 Rendery Proプラン Freee自動請求契約,Activated,清水建設 株式会社,Rendery Proプラン
"{'type': 'ContractLineItem__c', 'url': '/services/data/v67.0/sobjects/ContractLineItem__c/a03RB00001WimNlYAJ'}",a03RB00001WimNlYAJ,a03RB00001WimNl,001RB00001VTrqmYAD,a04RB00000nUMA9YAO,a0BRB000013Q4Yo2AK,2026/08,2026/08,2026-08-01,2026-08-31,a0CRB0000CcXZ6Q2QW,a09RB000014XsEvYAK,a00RB00002Crja9YAB,8000,8000,True,False,1,2026-08-04T04:16:49.000+0000,2026-08-04T04:16:49.000+0000,CN-00000244,センコー産業株式会社_2026-08-01,Draft,センコー産業株式会社,Rendery Proプラン
"{'type': 'ContractLineItem__c', 'url': '/services/data/v67.0/sobjects/ContractLineItem__c/a03RB00001X0cEfYAJ'}",a03RB00001X0cEfYAJ,a03RB00001X0cEf,001RB00001VTqleYAD,a04RB00000nYgjlYAC,a0BRB000013b0LN2AY,2026/08,2026/08,2026-08-01,2026-08-31,a0CRB0000CcXZ6S2QW,a09RB000013e87tYAA,a00RB00002DAbgvYAD,6400,6400,False,False,1,2026-08-05T08:36:17.000+0000,2026-08-05T08:36:17.000+0000,CN-00000245,株式会社ネオデザイン事務所(大塚商会)_2026-08-01,Draft,株式会社大塚商会,[年払_代理販売20%] Rendery Proプランネンバライ
"{'type': 'ContractLineItem__c', 'url': '/services/data/v67.0/sobjects/ContractLineItem__c/a03RB00001X0cEgYAJ'}",a03RB00001X0cEgYAJ,a03RB00001X0cEg,001RB00001VTqleYAD,a04RB00000nYgjlYAC,a0BRB000013b0LN2AY,2026/09,2026/09,2026-09-01,2026-09-30,a0CRB0000CcXZ6S2QW,a09RB000013e87tYAA,a00RB00002DAbgvYAD,6400,6400,False,False,1,2026-08-05T08:36:17.000+0000,2026-08-05T08:36:17.000+0000,CN-00000245,株式会社ネオデザイン事務所(大塚商会)_2026-08-01,Draft,株式会社大塚商会,[年払_代理販売20%] Rendery Proプランネンバライ
"{'type': 'ContractLineItem__c', 'url': '/services/data/v67.0/sobjects/ContractLineItem__c/a03RB00001X0cEhYAJ'}",a03RB00001X0cEhYAJ,a03RB00001X0cEh,001RB00001VTqleYAD,a04RB00000nYgjlYAC,a0BRB000013b0LN2AY,2026/10,2026/10,2026-10-01,2026-10-31,a0CRB0000CcXZ6S2QW,a09RB000013e87tYAA,a00RB00002DAbgvYAD,6400,6400,False,False,1,2026-08-05T08:36:17.000+0000,2026-08-05T08:36:17.000+0000,CN-00000245,株式会社ネオデザイン事務所(大塚商会)_2026-08-01,Draft,株式会社大塚商会,[年払_代理販売20%] Rendery Proプランネンバライ
"{'type': 'ContractLineItem__c', 'url': '/services/data/v67.0/sobjects/ContractLineItem__c/a03RB00001X0cEiYAJ'}",a03RB00001X0cEiYAJ,a03RB00001X0cEi,001RB00001VTqleYAD,a04RB00000nYgjlYAC,a0BRB000013b0LN2AY,2026/11,2026/11,2026-11-01,2026-11-30,a0CRB0000CcXZ6S2QW,a09RB000013e87tYAA,a00RB00002DAbgvYAD,6400,6400,False,False,1,2026-08-05T08:36:17.000+0000,2026-08-05T08:36:17.000+0000,CN-00000245,株式会社ネオデザイン事務所(大塚商会)_2026-08-01,Draft,株式会社大塚商会,[年払_代理販売20%] Rendery Proプランネンバライ
"{'type': 'ContractLineItem__c', 'url': '/services/data/v67.0/sobjects/ContractLineItem__c/a03RB00001X0cEjYAJ'}",a03RB00001X0cEjYAJ,a03RB00001X0cEj,001RB00001VTqleYAD,a04RB00000nYgjlYAC,a0BRB000013b0LN2AY,2026/12,2026/12,2026-12-01,2026-12-31,a0CRB0000CcXZ6S2QW,a09RB000013e87tYAA,a00RB00002DAbgvYAD,6400,6400,False,False,1,2026-08-05T08:36:17.000+0000,2026-08-05T08:36:17.000+0000,CN-00000245,株式会社ネオデザイン事務所(大塚商会)_2026-08-01,Draft,株式会社大塚商会,[年払_代理販売20%] Rendery Proプランネンバライ
"{'type': 'ContractLineItem__c', 'url': '/services/data/v67.0/sobjects/ContractLineItem__c/a03RB00001X0cEkYAJ'}",a03RB00001X0cEkYAJ,a03RB00001X0cEk,001RB00001VTqleYAD,a04RB00000nYgjlYAC,a0BRB000013b0LN2AY,2027/01,2027/01,2027-01-01,2027-01-31,a0CRB0000CcXZ6S2QW,a09RB000013e87tYAA,a00RB00002DAbgvYAD,6400,6400,False,False,1,2026-08-05T08:36:17.000+0000,2026-08-05T08:36:17.000+0000,CN-00000245,株式会社ネオデザイン事務所(大塚商会)_2026-08-01,Draft,株式会社大塚商会,[年払_代理販売20%] Rendery Proプランネンバライ
"{'type': 'ContractLineItem__c', 'url': '/services/data/v67.0/sobjects/ContractLineItem__c/a03RB00001X0cElYAJ'}",a03RB00001X0cElYAJ,a03RB00001X0cEl,001RB00001VTqleYAD,a04RB00000nYgjlYAC,a0BRB000013b0LN2AY,2027/02,2027/02,2027-02-01,2027-02-28,a0CRB0000CcXZ6S2QW,a09RB000013e87tYAA,a00RB00002DAbgvYAD,6400,6400,False,False,1,2026-08-05T08:36:17.000+0000,2026-08-05T08:36:17.000+0000,CN-00000245,株式会社ネオデザイン事務所(大塚商会)_2026-08-01,Draft,株式会社大塚商会,[年払_代理販売20%] Rendery Proプランネンバライ
"{'type': 'ContractLineItem__c', 'url': '/services/data/v67.0/sobjects/ContractLineItem__c/a03RB00001X0cEmYAJ'}",a03RB00001X0cEmYAJ,a03RB00001X0cEm,001RB00001VTqleYAD,a04RB00000nYgjlYAC,a0BRB000013b0LN2AY,2027/03,2027/03,2027-03-01,2027-03-31,a0CRB0000CcXZ6S2QW,a09RB000013e87tYAA,a00RB00002DAbgvYAD,6400,6400,False,False,1,2026-08-05T08:36:17.000+0000,2026-08-05T08:36:17.000+0000,CN-00000245,株式会社ネオデザイン事務所(大塚商会)_2026-08-01,Draft,株式会社大塚商会,[年払_代理販売20%] Rendery Proプランネンバライ
"{'type': 'ContractLineItem__c', 'url': '/services/data/v67.0/sobjects/ContractLineItem__c/a03RB00001X0cEnYAJ'}",a03RB00001X0cEnYAJ,a03RB00001X0cEn,001RB00001VTqleYAD,a04RB00000nYgjlYAC,a0BRB000013b0LN2AY,2027/04,2027/04,2027-04-01,2027-04-30,a0CRB0000CcXZ6S2QW,a09RB000013e87tYAA,a00RB00002DAbgvYAD,6400,6400,False,False,1,2026-08-05T08:36:17.000+0000,2026-08-05T08:36:17.000+0000,CN-00000245,株式会社ネオデザイン事務所(大塚商会)_2026-08-01,Draft,株式会社大塚商会,[年払_代理販売20%] Rendery Proプランネンバライ
"{'type': 'ContractLineItem__c', 'url': '/services/data/v67.0/sobjects/ContractLineItem__c/a03RB00001X0cEoYAJ'}",a03RB00001X0cEoYAJ,a03RB00001X0cEo,001RB00001VTqleYAD,a04RB00000nYgjlYAC,a0BRB000013b0LN2AY,2027/05,2027/05,2027-05-01,2027-05-31,a0CRB0000CcXZ6S2QW,a09RB000013e87tYAA,a00RB00002DAbgvYAD,6400,6400,False,False,1,2026-08-05T08:36:17.000+0000,2026-08-05T08:36:17.000+0000,CN-00000245,株式会社ネオデザイン事務所(大塚商会)_2026-08-01,Draft,株式会社大塚商会,[年払_代理販売20%] Rendery Proプランネンバライ
"{'type': 'ContractLineItem__c', 'url': '/services/data/v67.0/sobjects/ContractLineItem__c/a03RB00001X0cEpYAJ'}",a03RB00001X0cEpYAJ,a03RB00001X0cEp,001RB00001VTqleYAD,a04RB00000nYgjlYAC,a0BRB000013b0LN2AY,2027/06,2027/06,2027-06-01,2027-06-30,a0CRB0000CcXZ6S2QW,a09RB000013e87tYAA,a00RB00002DAbgvYAD,6400,6400,False,False,1,2026-08-05T08:36:17.000+0000,2026-08-05T08:36:17.000+0000,CN-00000245,株式会社ネオデザイン事務所(大塚商会)_2026-08-01,Draft,株式会社大塚商会,[年払_代理販売20%] Rendery Proプランネンバライ
"{'type': 'ContractLineItem__c', 'url': '/services/data/v67.0/sobjects/ContractLineItem__c/a03RB00001X0cEqYAJ'}",a03RB00001X0cEqYAJ,a03RB00001X0cEq,001RB00001VTqleYAD,a04RB00000nYgjlYAC,a0BRB000013b0LN2AY,2027/07,2027/07,2027-07-01,2027-07-31,a0CRB0000CcXZ6S2QW,a09RB000013e87tYAA,a00RB00002DAbgvYAD,6400,6400,False,False,1,2026-08-05T08:36:17.000+0000,2026-08-05T08:36:17.000+0000,CN-00000245,株式会社ネオデザイン事務所(大塚商会)_2026-08-01,Draft,株式会社大塚商会,[年払_代理販売20%] Rendery Proプランネンバライ
"{'type': 'ContractLineItem__c', 'url': '/services/data/v67.0/sobjects/ContractLineItem__c/a03RB00001X5x2NYAR'}",a03RB00001X5x2NYAR,株式会社エリオクリエイト_2026/08,001RB00001VTrxYYAT,a04RB00000kUAPNYA4,a0BRB00000ynn5E2AQ,2026/08,2026/08,2026-08-01,2026-08-31,a0CRB0000CcXZ6Q2QW,,,96000,96000,True,False,1,2026-08-06T01:24:20.000+0000,2026-08-06T01:24:20.000+0000,CN-00000111,株式会社エリオクリエイト,Activated,株式会社エリオクリエイト,Rendery Proプラン
"{'type': 'ContractLineItem__c', 'url': '/services/data/v67.0/sobjects/ContractLineItem__c/a03RB00001X5x2OYAR'}",a03RB00001X5x2OYAR,株式会社創建ホーム_2026/08,001RB00001VTrm3YAD,a04RB00000kUAPOYA4,a0BRB00000ynn5F2AQ,2026/08,2026/08,2026-08-01,2026-08-31,a0CRB0000CcXZ6Z2QW,,,1008000,1008000,False,False,6,2026-08-06T01:24:20.000+0000,2026-08-06T01:24:20.000+0000,CN-00000112,株式会社創建ホーム,Activated,創建ホーム株式会社,[年払] Rendery Enterpriseプラン
"{'type': 'ContractLineItem__c', 'url': '/services/data/v67.0/sobjects/ContractLineItem__c/a03RB00001X5x2QYAR'}",a03RB00001X5x2QYAR,野村不動産株式会社　商業事業本部_2026/08,001RB00001VTCYEYA5,a04RB00000lZ54zYAC,a0BRB0000100Bsb2AE,2026/08,2026/08,2026-08-01,2026-08-31,a0CRB0000CcXZ6X2QW,a09RB000010S68bYAC,,140000,140000,True,False,120,2026-08-06T01:24:20.000+0000,2026-08-06T01:24:20.000+0000,CN-00000191,野村不動産株式会社　商業事業本部,Activated,野村不動産株式会社,[年払] Rendery Enterpriseプラン　※MRR計上用
"{'type': 'ContractLineItem__c', 'url': '/services/data/v67.0/sobjects/ContractLineItem__c/a03RB00001X5x2RYAR'}",a03RB00001X5x2RYAR,野村不動産株式会社　商業事業本部_2026/08,001RB00001VTCYEYA5,a04RB00000lZ54zYAC,a0BRB0000100Bsb2AE,2026/08,2026/08,2026-08-01,2026-08-31,a0CRB0000CcXZ6b2QG,a09RB000010Ty8LYAS,,30000,30000,True,False,12,2026-08-06T01:24:20.000+0000,2026-08-06T01:24:20.000+0000,CN-00000191,野村不動産株式会社　商業事業本部,Activated,野村不動産株式会社,Rendery セキュリティオプション(SSO)_運用費用
"{'type': 'ContractLineItem__c', 'url': '/services/data/v67.0/sobjects/ContractLineItem__c/a03RB00001X5x2SYAR'}",a03RB00001X5x2SYAR,野村不動産株式会社　商業事業本部_2026/08,001RB00001VTCYEYA5,a04RB00000lZ54zYAC,a0BRB0000100Bsb2AE,2026/08,2026/08,2026-08-01,2026-08-31,a0CRB0000CcXZ6Z2QW,,,140000,140000,False,False,120,2026-08-06T01:24:20.000+0000,2026-08-06T01:24:20.000+0000,CN-00000191,野村不動産株式会社　商業事業本部,Activated,野村不動産株式会社,[年払] Rendery Enterpriseプラン
"{'type': 'ContractLineItem__c', 'url': '/services/data/v67.0/sobjects/ContractLineItem__c/a03RB00001X5x2TYAR'}",a03RB00001X5x2TYAR,コンチネンタルホーム株式会社_2026-07-01_2026/08,001RB00001VTqgHYAT,a04RB00000miHmIYAU,a0BRB000013eexP2AQ,2026/08,2026/08,2026-08-01,2026-08-31,a0CRB0000CcXZ6Q2QW,a09RB000012YDkLYAW,a00RB00002FL0DRYA1,40000,40000,True,False,5,2026-08-06T01:24:20.000+0000,2026-08-19T10:25:53.000+0000,CN-00000196,コンチネンタルホーム株式会社_2026-07-01,Activated,コンチネンタルホーム株式会社,Rendery Proプラン
"{'type': 'ContractLineItem__c', 'url': '/services/data/v67.0/sobjects/ContractLineItem__c/a03RB00001X5x2UYAR'}",a03RB00001X5x2UYAR,アイリスオーヤマ株式会社(空間デザイン部) [OLD] Rendery Enterpriseプラン(2025年9月まで) Freee自動請求契約_2026/08,001RB00001br9KgYAI,a04RB00000n5JdiYAE,a0BRB000013eexQ2AQ,2026/08,2026/08,2026-08-01,2026-08-31,a0CRB0000CcXZ6T2QW,,a00RB00002FLyAwYAL,11000,11000,True,False,1,2026-08-06T01:24:20.000+0000,2026-08-19T10:26:08.000+0000,CN-00000200,アイリスオーヤマ株式会社(空間デザイン部) [OLD] Rendery Enterpriseプラン(2025年9月まで) Freee自動請求契約,Activated,アイリスオーヤマ株式会社(空間デザイン部),[OLD] Rendery Enterpriseプラン(2025年9月まで)
"{'type': 'ContractLineItem__c', 'url': '/services/data/v67.0/sobjects/ContractLineItem__c/a03RB00001X5x2VYAR'}",a03RB00001X5x2VYAR,アイリスオーヤマ株式会社(ストアソリューション営業部ストアデザインチーム) [OLD] Rendery Enterpriseプラン(2025年9月まで) Fre,001RB00001br9KfYAI,a04RB00000n5JdjYAE,a0BRB000013eexR2AQ,2026/08,2026/08,2026-08-01,2026-08-31,a0CRB0000CcXZ6T2QW,,a00RB00002FLyAxYAL,44000,44000,True,False,4,2026-08-06T01:24:20.000+0000,2026-08-19T10:26:08.000+0000,CN-00000201,アイリスオーヤマ株式会社(ストアソリューション営業部ストアデザインチーム) [OLD] Rendery Enterpriseプラン(2025年9月まで) Freee自動請求契約,Activated,アイリスオーヤマ株式会社(ストアソリューション営業部ストアデザインチーム),[OLD] Rendery Enterpriseプラン(2025年9月まで)
"{'type': 'ContractLineItem__c', 'url': '/services/data/v67.0/sobjects/ContractLineItem__c/a03RB00001X5x2WYAR'}",a03RB00001X5x2WYAR,九州旅客鉄道株式会社(博多設備区) Rendery Proプラン Freee自動請求契約_2026/08,001RB00001br9KNYAY,a04RB00000n5JdkYAE,a0BRB000013eexS2AQ,2026/08,2026/08,2026-08-01,2026-08-31,a0CRB0000CcXZ6Q2QW,,a00RB00002FLyAyYAL,8000,8000,True,False,1,2026-08-06T01:24:20.000+0000,2026-08-19T10:26:08.000+0000,CN-00000202,九州旅客鉄道株式会社(博多設備区) Rendery Proプラン Freee自動請求契約,Activated,九州旅客鉄道株式会社(博多設備区),Rendery Proプラン
"{'type': 'ContractLineItem__c', 'url': '/services/data/v67.0/sobjects/ContractLineItem__c/a03RB00001X5x2XYAR'}",a03RB00001X5x2XYAR,九州旅客鉄道株式会社(建設工事部施設課) Rendery Proプラン Freee自動請求契約_2026/08,001RB00001br9KLYAY,a04RB00000n5JdlYAE,a0BRB000013eexT2AQ,2026/08,2026/08,2026-08-01,2026-08-31,a0CRB0000CcXZ6Q2QW,,a00RB00002FLyB3YAL,8000,8000,True,False,1,2026-08-06T01:24:20.000+0000,2026-08-19T10:26:08.000+0000,CN-00000203,九州旅客鉄道株式会社(建設工事部施設課) Rendery Proプラン Freee自動請求契約,Activated,九州旅客鉄道株式会社(建設工事部施設課),Rendery Proプラン
"{'type': 'ContractLineItem__c', 'url': '/services/data/v67.0/sobjects/ContractLineItem__c/a03RB00001X5x2YYAR'}",a03RB00001X5x2YYAR,東急リゾーツ＆ステイ株式会社 [OLD] Rendery Enterpriseプラン(2025年9月まで) Freee自動請求契約_2026/08,001RB00001br9KMYAY,a04RB00000n5JdmYAE,a0BRB000013eexU2AQ,2026/08,2026/08,2026-08-01,2026-08-31,a0CRB0000CcXZ6T2QW,,a00RB00002FLyB5YAL,44000,44000,True,False,4,2026-08-06T01:24:20.000+0000,2026-08-19T10:26:08.000+0000,CN-00000204,東急リゾーツ＆ステイ株式会社 [OLD] Rendery Enterpriseプラン(2025年9月まで) Freee自動請求契約,Activated,東急リゾーツ＆ステイ株式会社,[OLD] Rendery Enterpriseプラン(2025年9月まで)
"{'type': 'ContractLineItem__c', 'url': '/services/data/v67.0/sobjects/ContractLineItem__c/a03RB00001X5x2ZYAR'}",a03RB00001X5x2ZYAR,九州旅客鉄道株式会社(開発工事部) Rendery Proプラン Freee自動請求契約_2026/08,001RB00001br9KQYAY,a04RB00000n5JdnYAE,a0BRB000013eexV2AQ,2026/08,2026/08,2026-08-01,2026-08-31,a0CRB0000CcXZ6Q2QW,,a00RB00002FLyBBYA1,8000,8000,True,False,1,2026-08-06T01:24:20.000+0000,2026-08-19T10:26:08.000+0000,CN-00000205,九州旅客鉄道株式会社(開発工事部) Rendery Proプラン Freee自動請求契約,Activated,九州旅客鉄道株式会社(開発工事部),Rendery Proプラン
"{'type': 'ContractLineItem__c', 'url': '/services/data/v67.0/sobjects/ContractLineItem__c/a03RB00001X5x2aYAB'}",a03RB00001X5x2aYAB,株式会社ＬＩＸＩＬ住宅研究所 Rendery Proプラン Freee自動請求契約_2026/08,001RB00001br9KOYAY,a04RB00000n5JdoYAE,a0BRB000013eexW2AQ,2026/08,2026/08,2026-08-01,2026-08-31,a0CRB0000CcXZ6Q2QW,,a00RB00002FLyAsYAL,8000,8000,True,False,1,2026-08-06T01:24:20.000+0000,2026-08-19T10:26:08.000+0000,CN-00000206,株式会社ＬＩＸＩＬ住宅研究所 Rendery Proプラン Freee自動請求契約,Activated,株式会社ＬＩＸＩＬ住宅研究所,Rendery Proプラン
"{'type': 'ContractLineItem__c', 'url': '/services/data/v67.0/sobjects/ContractLineItem__c/a03RB00001X5x2bYAB'}",a03RB00001X5x2bYAB,近鉄不動産株式会社 Rendery Enterpriseプラン Freee自動請求契約_2026/08,001RB00001VTrvcYAD,a04RB00000n5JdpYAE,a0BRB000013eexX2AQ,2026/08,2026/08,2026-08-01,2026-08-31,a0CRB0000CcXZ6a2QG,,,100000,100000,False,False,1,2026-08-06T01:24:20.000+0000,2026-08-06T01:24:20.000+0000,CN-00000207,近鉄不動産株式会社 Rendery Enterpriseプラン Freee自動請求契約,Activated,近鉄不動産株式会社,Rendery セキュリティオプション(SSO)_初期費用
"{'type': 'ContractLineItem__c', 'url': '/services/data/v67.0/sobjects/ContractLineItem__c/a03RB00001X5x2cYAB'}",a03RB00001X5x2cYAB,近鉄不動産株式会社 Rendery Enterpriseプラン Freee自動請求契約_2026/08,001RB00001VTrvcYAD,a04RB00000n5JdpYAE,a0BRB000013eexX2AQ,2026/08,2026/08,2026-08-01,2026-08-31,a0CRB0000CcXZ6V2QW,,,195000,195000,True,False,13,2026-08-06T01:24:20.000+0000,2026-08-06T01:24:20.000+0000,CN-00000207,近鉄不動産株式会社 Rendery Enterpriseプラン Freee自動請求契約,Activated,近鉄不動産株式会社,Rendery Enterpriseプラン
"{'type': 'ContractLineItem__c', 'url': '/services/data/v67.0/sobjects/ContractLineItem__c/a03RB00001X5x2fYAB'}",a03RB00001X5x2fYAB,株式会社ヨコハマ地所 [OLD] Rendery Enterpriseプラン(2025年9月まで) Freee自動請求契約_2026/08,001RB00001br9KKYAY,a04RB00000n5JdsYAE,a0BRB000013eexa2AA,2026/08,2026/08,2026-08-01,2026-08-31,a0CRB0000CcXZ6T2QW,,,11000,11000,True,False,1,2026-08-06T01:24:20.000+0000,2026-08-06T01:24:20.000+0000,CN-00000210,株式会社ヨコハマ地所 [OLD] Rendery Enterpriseプラン(2025年9月まで) Freee自動請求契約,Activated,株式会社ヨコハマ地所,[OLD] Rendery Enterpriseプラン(2025年9月まで)
"{'type': 'ContractLineItem__c', 'url': '/services/data/v67.0/sobjects/ContractLineItem__c/a03RB00001X5x2hYAB'}",a03RB00001X5x2hYAB,株式会社JR東日本建築設計 Rendery Proプラン Freee自動請求契約_2026/08,001RB00001br9KSYAY,a04RB00000n5JdtYAE,a0BRB000013eexb2AA,2026/08,2026/08,2026-08-01,2026-08-31,a0CRB0000CcXZ6Q2QW,,a00RB00002FLyAvYAL,8000,8000,True,False,1,2026-08-06T01:24:20.000+0000,2026-08-19T10:26:08.000+0000,CN-00000211,株式会社JR東日本建築設計 Rendery Proプラン Freee自動請求契約,Activated,株式会社JR東日本建築設計,Rendery Proプラン
"{'type': 'ContractLineItem__c', 'url': '/services/data/v67.0/sobjects/ContractLineItem__c/a03RB00001X5x2iYAB'}",a03RB00001X5x2iYAB,三菱地所株式会社(DX推進部) Rendery Proプラン Freee自動請求契約_2026/08,001RB00001br9KdYAI,a04RB00000n5JduYAE,a0BRB000013eexc2AA,2026/08,2026/08,2026-08-01,2026-08-31,a0CRB0000CcXZ6Q2QW,,,16000,16000,True,False,2,2026-08-06T01:24:20.000+0000,2026-08-06T01:24:20.000+0000,CN-00000212,三菱地所株式会社(DX推進部) Rendery Proプラン Freee自動請求契約,Activated,三菱地所株式会社(DX推進部),Rendery Proプラン
"{'type': 'ContractLineItem__c', 'url': '/services/data/v67.0/sobjects/ContractLineItem__c/a03RB00001X5x2jYAB'}",a03RB00001X5x2jYAB,野村不動産株式会社 Rendery Enterpriseプラン Freee自動請求契約_2026/08,001RB00001VTCYEYA5,a04RB00000n5JdvYAE,a0BRB000013eexd2AA,2026/08,2026/08,2026-08-01,2026-08-31,a0CRB0000CcXZ6b2QG,,,30000,30000,True,False,1,2026-08-06T01:24:20.000+0000,2026-08-06T01:24:20.000+0000,CN-00000213,野村不動産株式会社 Rendery Enterpriseプラン Freee自動請求契約,Activated,野村不動産株式会社,Rendery セキュリティオプション(SSO)_運用費用
"{'type': 'ContractLineItem__c', 'url': '/services/data/v67.0/sobjects/ContractLineItem__c/a03RB00001X5x2kYAB'}",a03RB00001X5x2kYAB,野村不動産株式会社 Rendery Enterpriseプラン Freee自動請求契約_2026/08,001RB00001VTCYEYA5,a04RB00000n5JdvYAE,a0BRB000013eexd2AA,2026/08,2026/08,2026-08-01,2026-08-31,a0CRB0000CcXZ6V2QW,,,150000,150000,True,False,10,2026-08-06T01:24:20.000+0000,2026-08-06T01:24:20.000+0000,CN-00000213,野村不動産株式会社 Rendery Enterpriseプラン Freee自動請求契約,Activated,野村不動産株式会社,Rendery Enterpriseプラン
"{'type': 'ContractLineItem__c', 'url': '/services/data/v67.0/sobjects/ContractLineItem__c/a03RB00001X5x2lYAB'}",a03RB00001X5x2lYAB,株式会社デザインアーク（東京スペースソリューション第１営業所） Rendery Enterpriseプラン Freee自動請求契約_2026/08,001RB00001br9KYYAY,a04RB00000n5JdwYAE,a0BRB000013eexe2AA,2026/08,2026/08,2026-08-01,2026-08-31,a0CRB0000CcXZ6V2QW,,a00RB00002FL0DdYAL,30000,30000,True,False,2,2026-08-06T01:24:20.000+0000,2026-08-19T10:25:53.000+0000,CN-00000214,株式会社デザインアーク（東京スペースソリューション第１営業所） Rendery Enterpriseプラン Freee自動請求契約,Activated,株式会社デザインアーク（東京スペースソリューション第１営業所）,Rendery Enterpriseプラン
"{'type': 'ContractLineItem__c', 'url': '/services/data/v67.0/sobjects/ContractLineItem__c/a03RB00001X5x2mYAB'}",a03RB00001X5x2mYAB,合同会社小島屋 Rendery Proプラン Freee自動請求契約_2026/08,001RB00001br9KIYAY,a04RB00000n5JdxYAE,a0BRB000013eexf2AA,2026/08,2026/08,2026-08-01,2026-08-31,a0CRB0000CcXZ6Q2QW,,a00RB00002FL0DfYAL,8000,8000,True,False,1,2026-08-06T01:24:20.000+0000,2026-08-19T10:25:53.000+0000,CN-00000215,合同会社小島屋 Rendery Proプラン Freee自動請求契約,Activated,合同会社小島屋,Rendery Proプラン
"{'type': 'ContractLineItem__c', 'url': '/services/data/v67.0/sobjects/ContractLineItem__c/a03RB00001X5x2nYAB'}",a03RB00001X5x2nYAB,株式会社コスモスイニシア（流通事業部） Rendery Enterpriseプラン Freee自動請求契約_2026/08,001RB00001br9KcYAI,a04RB00000n5JdyYAE,a0BRB000013eexg2AA,2026/08,2026/08,2026-08-01,2026-08-31,a0CRB0000CcXZ6V2QW,,,150000,150000,True,False,10,2026-08-06T01:24:20.000+0000,2026-08-06T01:24:20.000+0000,CN-00000216,株式会社コスモスイニシア（流通事業部） Rendery Enterpriseプラン Freee自動請求契約,Activated,株式会社コスモスイニシア（流通事業部）,Rendery Enterpriseプラン
"{'type': 'ContractLineItem__c', 'url': '/services/data/v67.0/sobjects/ContractLineItem__c/a03RB00001X5x2oYAB'}",a03RB00001X5x2oYAB,柏井建設株式会社 Rendery Enterpriseプラン Freee自動請求契約_2026/08,001RB00001br9KeYAI,a04RB00000n5JdzYAE,a0BRB000013eexh2AA,2026/08,2026/08,2026-08-01,2026-08-31,a0CRB0000CcXZ6V2QW,,a00RB00002FL0DPYA1,75000,75000,True,False,5,2026-08-06T01:24:20.000+0000,2026-08-19T10:25:53.000+0000,CN-00000217,柏井建設株式会社 Rendery Enterpriseプラン Freee自動請求契約,Activated,柏井建設株式会社,Rendery Enterpriseプラン
"{'type': 'ContractLineItem__c', 'url': '/services/data/v67.0/sobjects/ContractLineItem__c/a03RB00001X5x2qYAB'}",a03RB00001X5x2qYAB,株式会社ジョイフル本田 [OLD] Rendery Enterpriseプラン(2025年9月まで) Freee自動請求契約_2026/08,001RB00001VTqkQYAT,a04RB00000n5Je1YAE,a0BRB000013eexj2AA,2026/08,2026/08,2026-08-01,2026-08-31,a0CRB0000CcXZ6T2QW,,,55000,55000,True,False,5,2026-08-06T01:24:20.000+0000,2026-08-06T01:24:20.000+0000,CN-00000219,株式会社ジョイフル本田 [OLD] Rendery Enterpriseプラン(2025年9月まで) Freee自動請求契約,Activated,株式会社ジョイフル本田,[OLD] Rendery Enterpriseプラン(2025年9月まで)
"{'type': 'ContractLineItem__c', 'url': '/services/data/v67.0/sobjects/ContractLineItem__c/a03RB00001X5x2rYAB'}",a03RB00001X5x2rYAB,インフィニティ株式会社 Rendery Proプラン Freee自動請求契約_2026/08,001RB00001VTCYwYAP,a04RB00000n5Je2YAE,a0BRB000013eexk2AA,2026/08,2026/08,2026-08-01,2026-08-31,a0CRB0000CcXZ6Q2QW,,,8000,8000,True,False,1,2026-08-06T01:24:20.000+0000,2026-08-06T01:24:20.000+0000,CN-00000220,インフィニティ株式会社 Rendery Proプラン Freee自動請求契約,Activated,インフィニティ株式会社,Rendery Proプラン
"{'type': 'ContractLineItem__c', 'url': '/services/data/v67.0/sobjects/ContractLineItem__c/a03RB00001X5x2sYAB'}",a03RB00001X5x2sYAB,帝国不動産株式会社 Rendery Proプラン Freee自動請求契約_2026/08,001RB00001VcyFPYAZ,a04RB00000n5Je3YAE,a0BRB000013eexl2AA,2026/08,2026/08,2026-08-01,2026-08-31,a0CRB0000CcXZ6Q2QW,,,48000,48000,True,False,6,2026-08-06T01:24:20.000+0000,2026-08-06T01:24:20.000+0000,CN-00000221,帝国不動産株式会社 Rendery Proプラン Freee自動請求契約,Activated,帝国不動産株式会社,Rendery Proプラン
"{'type': 'ContractLineItem__c', 'url': '/services/data/v67.0/sobjects/ContractLineItem__c/a03RB00001X5x2tYAB'}",a03RB00001X5x2tYAB,アイリスチトセ株式会社 [OLD] Rendery Enterpriseプラン(2025年9月まで) Freee自動請求契約_2026/08,001RB00001VTqlZYAT,a04RB00000n5Je4YAE,a0BRB000013eexm2AA,2026/08,2026/08,2026-08-01,2026-08-31,a0CRB0000CcXZ6T2QW,,,77000,77000,True,False,7,2026-08-06T01:24:20.000+0000,2026-08-06T01:24:20.000+0000,CN-00000222,アイリスチトセ株式会社 [OLD] Rendery Enterpriseプラン(2025年9月まで) Freee自動請求契約,Activated,アイリスチトセ株式会社,[OLD] Rendery Enterpriseプラン(2025年9月まで)
"{'type': 'ContractLineItem__c', 'url': '/services/data/v67.0/sobjects/ContractLineItem__c/a03RB00001X5x2wYAB'}",a03RB00001X5x2wYAB,三井不動産レジデンシャルリース株式会社(ソリューション推進部) [OLD] Rendery Enterpriseプラン(2025年9月まで) Freee自動請求,001RB00001br9KbYAI,a04RB00000n5Je7YAE,a0BRB000013eexp2AA,2026/08,2026/08,2026-08-01,2026-08-31,a0CRB0000CcXZ6T2QW,,a00RB00002FL0DEYA1,132000,132000,True,False,12,2026-08-06T01:24:20.000+0000,2026-08-19T10:25:53.000+0000,CN-00000225,三井不動産レジデンシャルリース株式会社(ソリューション推進部) [OLD] Rendery Enterpriseプラン(2025年9月まで) Freee自動請求契約,Activated,三井不動産レジデンシャルリース株式会社(ソリューション推進部),[OLD] Rendery Enterpriseプラン(2025年9月まで)
"{'type': 'ContractLineItem__c', 'url': '/services/data/v67.0/sobjects/ContractLineItem__c/a03RB00001X5x2xYAB'}",a03RB00001X5x2xYAB,株式会社三越伊勢丹プロパティ・デザイン Rendery Proプラン Freee自動請求契約_2026/08,001RB00001br9KWYAY,a04RB00000n5Je8YAE,a0BRB000013eexq2AA,2026/08,2026/08,2026-08-01,2026-08-31,a0CRB0000CcXZ6Q2QW,,a00RB00002FL0DGYA1,48000,48000,True,False,6,2026-08-06T01:24:20.000+0000,2026-08-19T10:25:53.000+0000,CN-00000226,株式会社三越伊勢丹プロパティ・デザイン Rendery Proプラン Freee自動請求契約,Activated,株式会社三越伊勢丹プロパティ・デザイン,Rendery Proプラン
"{'type': 'ContractLineItem__c', 'url': '/services/data/v67.0/sobjects/ContractLineItem__c/a03RB00001X5x2yYAB'}",a03RB00001X5x2yYAB,株式会社錢高組 Rendery Proプラン Freee自動請求契約_2026/08,001RB00001br9KaYAI,a04RB00000n5Je9YAE,a0BRB000013eexr2AA,2026/08,2026/08,2026-08-01,2026-08-31,a0CRB0000CcXZ6Q2QW,,a00RB00002FL0DKYA1,24000,24000,True,False,3,2026-08-06T01:24:20.000+0000,2026-08-19T10:25:53.000+0000,CN-00000227,株式会社錢高組 Rendery Proプラン Freee自動請求契約,Activated,株式会社錢高組,Rendery Proプラン
"{'type': 'ContractLineItem__c', 'url': '/services/data/v67.0/sobjects/ContractLineItem__c/a03RB00001X5x2zYAB'}",a03RB00001X5x2zYAB,株式会社ワンズ・レーニア Rendery Enterpriseプラン Freee自動請求契約_2026/08,001RB00001VTrrHYAT,a04RB00000n5JeAYAU,a0BRB000013eexs2AA,2026/08,2026/08,2026-08-01,2026-08-31,a0CRB0000CcXZ6V2QW,,a00RB00002FL0DiYAL,75000,75000,True,False,5,2026-08-06T01:24:20.000+0000,2026-08-19T10:25:53.000+0000,CN-00000228,株式会社ワンズ・レーニア Rendery Enterpriseプラン Freee自動請求契約,Activated,株式会社ワンズ・レーニア,Rendery Enterpriseプラン
"{'type': 'ContractLineItem__c', 'url': '/services/data/v67.0/sobjects/ContractLineItem__c/a03RB00001X5x30YAB'}",a03RB00001X5x30YAB,株式会社サンテン・コーポレーション Rendery Proプラン Freee自動請求契約_2026/08,001RB00001VTrRuYAL,a04RB00000nCmpRYAS,a0BRB000013eext2AA,2026/08,2026/08,2026-08-01,2026-08-31,a0CRB0000CcXZ6Q2QW,,,32000,32000,True,False,4,2026-08-06T01:24:20.000+0000,2026-08-06T01:24:20.000+0000,CN-00000233,株式会社サンテン・コーポレーション Rendery Proプラン Freee自動請求契約,Activated,株式会社サンテン・コーポレーション,Rendery Proプラン
"{'type': 'ContractLineItem__c', 'url': '/services/data/v67.0/sobjects/ContractLineItem__c/a03RB00001X5x31YAB'}",a03RB00001X5x31YAB,株式会社パインウェル Rendery Proプラン Freee自動請求契約_2026/08,001RB00001b3qNeYAI,a04RB00000nCmpSYAS,a0BRB000013eexu2AA,2026/08,2026/08,2026-08-01,2026-08-31,a0CRB0000CcXZ6Q2QW,,a00RB00002FL0DhYAL,8000,8000,True,False,1,2026-08-06T01:24:20.000+0000,2026-08-19T10:25:53.000+0000,CN-00000234,株式会社パインウェル Rendery Proプラン Freee自動請求契約,Activated,株式会社パインウェル,Rendery Proプラン
"{'type': 'ContractLineItem__c', 'url': '/services/data/v67.0/sobjects/ContractLineItem__c/a03RB00001X5x32YAB'}",a03RB00001X5x32YAB,大東建託株式会社 [OLD] Rendery Enterpriseプラン(2025年9月まで) Freee自動請求契約_2026/08,001RB00001VTruMYAT,a04RB00000nCmpTYAS,a0BRB000013eexv2AA,2026/08,2026/08,2026-08-01,2026-08-31,a0CRB0000CcXZ6T2QW,,,132000,132000,True,False,12,2026-08-06T01:24:20.000+0000,2026-08-06T01:24:20.000+0000,CN-00000235,大東建託株式会社 [OLD] Rendery Enterpriseプラン(2025年9月まで) Freee自動請求契約,Activated,大東建託株式会社,[OLD] Rendery Enterpriseプラン(2025年9月まで)
"{'type': 'ContractLineItem__c', 'url': '/services/data/v67.0/sobjects/ContractLineItem__c/a03RB00001X5x33YAB'}",a03RB00001X5x33YAB,株式会社フォーデック Rendery Proプラン Freee自動請求契約_2026/08,001RB00001VTrqOYAT,a04RB00000nS9IfYAK,a0BRB000013eexw2AA,2026/08,2026/08,2026-08-01,2026-08-31,a0CRB0000CcXZ6Q2QW,,a00RB00002FL0DjYAL,8000,8000,True,False,1,2026-08-06T01:24:20.000+0000,2026-08-19T10:25:53.000+0000,CN-00000242,株式会社フォーデック Rendery Proプラン Freee自動請求契約,Activated,株式会社フォーデック,Rendery Proプラン
"{'type': 'ContractLineItem__c', 'url': '/services/data/v67.0/sobjects/ContractLineItem__c/a03RB00001X80VZYAZ'}",a03RB00001X80VZYAZ,a03RB00001X80VZ,001RB00001VTqlfYAD,a04RB00000kUAO9YAO,a0BRB00000ynb642AA,2025/04,2025/04,2025-04-01,2026-03-31,a0CRB0000CcXZ6Q2QW,,a00RB00002DIkCBYA1,18666.666666666668,18666.666666666668,True,False,4,2026-08-06T02:45:49.000+0000,2026-08-06T02:46:49.000+0000,CN-00000035,矢作建設工業株式会社,Activated,矢作建設工業株式会社,Rendery Proプラン
"{'type': 'ContractLineItem__c', 'url': '/services/data/v67.0/sobjects/ContractLineItem__c/a03RB00001X80VaYAJ'}",a03RB00001X80VaYAJ,a03RB00001X80Va,001RB00001VTruAYAT,a04RB00000kUAOAYA4,a0BRB00000ynb652AA,2025/05,2025/05,2025-05-01,2025-05-31,a0CRB0000CcXZ6T2QW,,a00RB00002DIkC3YAL,198000,198000,True,False,6,2026-08-06T02:45:49.000+0000,2026-08-06T02:46:49.000+0000,CN-00000036,株式会社デザインアーク,Activated,株式会社デザインアーク,[OLD] Rendery Enterpriseプラン(2025年9月まで)
"{'type': 'ContractLineItem__c', 'url': '/services/data/v67.0/sobjects/ContractLineItem__c/a03RB00001X80VbYAJ'}",a03RB00001X80VbYAJ,a03RB00001X80Vb,001RB00001VTqkwYAD,a04RB00000narj7YAA,a0BRB000013fVqP2AU,2025/05,2025/05,2025-05-01,2025-05-31,a0CRB0000CcXZ6Q2QW,,a00RB00002DIkC1YAL,32000,32000,True,False,3,2026-08-06T02:45:49.000+0000,2026-08-06T02:46:49.000+0000,CN-00000246,アイリスオーヤマ株式会社 Rendery Proプラン Freee自動請求契約,Activated,アイリスオーヤマ株式会社,Rendery Proプラン
"{'type': 'ContractLineItem__c', 'url': '/services/data/v67.0/sobjects/ContractLineItem__c/a03RB00001X80VcYAJ'}",a03RB00001X80VcYAJ,a03RB00001X80Vc,001RB00001VTqkwYAD,a04RB00000narj8YAA,a0BRB000013fVqQ2AU,2025/06,2025/06,2025-06-01,2025-06-30,a0CRB0000CcXZ6T2QW,,a00RB00002DIkC5YAL,55000,55000,True,False,4,2026-08-06T02:45:49.000+0000,2026-08-06T02:46:49.000+0000,CN-00000247,アイリスオーヤマ株式会社 [OLD] Rendery Enterpriseプラン(2025年9月まで) Freee自動請求契約,Activated,アイリスオーヤマ株式会社,[OLD] Rendery Enterpriseプラン(2025年9月まで)
"{'type': 'ContractLineItem__c', 'url': '/services/data/v67.0/sobjects/ContractLineItem__c/a03RB00001X80VdYAJ'}",a03RB00001X80VdYAJ,a03RB00001X80Vd,001RB00001VTqlfYAD,a04RB00000kUAO9YAO,a0BRB00000ynb642AA,2025/07,2025/07,2025-07-01,2026-06-30,a0CRB0000CcXZ6T2QW,,a00RB00002DIkC9YAL,13750,13750,True,False,5,2026-08-06T02:45:49.000+0000,2026-08-06T02:46:49.000+0000,CN-00000035,矢作建設工業株式会社,Activated,矢作建設工業株式会社,[OLD] Rendery Enterpriseプラン(2025年9月まで)
"{'type': 'ContractLineItem__c', 'url': '/services/data/v67.0/sobjects/ContractLineItem__c/a03RB00001X80VeYAJ'}",a03RB00001X80VeYAJ,a03RB00001X80Ve,001RB00001VTqxQYAT,a04RB00000narj9YAA,a0BRB000013fVqR2AU,2026/01,2026/01,2026-01-01,2026-01-31,a0CRB0000CcXZ6g2QG,,a00RB00002DIkCCYA1,350000,350000,False,False,1,2026-08-06T02:45:49.000+0000,2026-08-06T02:46:49.000+0000,CN-00000248,株式会社アールシーコア Rendery Enterpriseプラン Freee自動請求契約,Activated,株式会社アールシーコア,Rendery セキュリティオプション+_初期費用
"{'type': 'ContractLineItem__c', 'url': '/services/data/v67.0/sobjects/ContractLineItem__c/a03RB00001X80VfYAJ'}",a03RB00001X80VfYAJ,a03RB00001X80Vf,001RB00001VTqxQYAT,a04RB00000narj9YAA,a0BRB000013fVqR2AU,2026/01,2026/01,2026-01-01,2026-01-31,a0CRB0000CcXZ6h2QG,,a00RB00002DIkCCYA1,100000,100000,True,False,1,2026-08-06T02:45:49.000+0000,2026-08-06T02:46:49.000+0000,CN-00000248,株式会社アールシーコア Rendery Enterpriseプラン Freee自動請求契約,Activated,株式会社アールシーコア,Rendery セキュリティオプション+_運用費用
"{'type': 'ContractLineItem__c', 'url': '/services/data/v67.0/sobjects/ContractLineItem__c/a03RB00001X80VgYAJ'}",a03RB00001X80VgYAJ,a03RB00001X80Vg,001RB00001VTqxQYAT,a04RB00000narj9YAA,a0BRB000013fVqR2AU,2026/01,2026/01,2026-01-01,2026-01-31,a0CRB0000CcXZ6V2QW,,a00RB00002DIkCCYA1,150000,150000,True,False,10,2026-08-06T02:45:49.000+0000,2026-08-06T02:46:49.000+0000,CN-00000248,株式会社アールシーコア Rendery Enterpriseプラン Freee自動請求契約,Activated,株式会社アールシーコア,Rendery Enterpriseプラン
"{'type': 'ContractLineItem__c', 'url': '/services/data/v67.0/sobjects/ContractLineItem__c/a03RB00001X80VhYAJ'}",a03RB00001X80VhYAJ,a03RB00001X80Vh,001RB00001VTqxQYAT,a04RB00000narj9YAA,a0BRB000013fVqS2AU,2026/02,2026/02,2026-02-01,2026-02-28,a0CRB0000CcXZ6h2QG,,a00RB00002DIkCDYA1,100000,100000,True,False,1,2026-08-06T02:45:49.000+0000,2026-08-06T02:46:49.000+0000,CN-00000248,株式会社アールシーコア Rendery Enterpriseプラン Freee自動請求契約,Activated,株式会社アールシーコア,Rendery セキュリティオプション+_運用費用
"{'type': 'ContractLineItem__c', 'url': '/services/data/v67.0/sobjects/ContractLineItem__c/a03RB00001X80ViYAJ'}",a03RB00001X80ViYAJ,a03RB00001X80Vi,001RB00001VTqxQYAT,a04RB00000narj9YAA,a0BRB000013fVqS2AU,2026/02,2026/02,2026-02-01,2026-02-28,a0CRB0000CcXZ6V2QW,,a00RB00002DIkCDYA1,150000,150000,True,False,10,2026-08-06T02:45:49.000+0000,2026-08-06T02:46:49.000+0000,CN-00000248,株式会社アールシーコア Rendery Enterpriseプラン Freee自動請求契約,Activated,株式会社アールシーコア,Rendery Enterpriseプラン
"{'type': 'ContractLineItem__c', 'url': '/services/data/v67.0/sobjects/ContractLineItem__c/a03RB00001X88ePYAR'}",a03RB00001X88ePYAR,a03RB00001X88eP,001RB00001VTqnMYAT,a04RB00000kUAOkYAO,a0BRB00000ynb6f2AA,2025/11,2025/11,2025-11-01,2026-10-31,a0CRB0000CcXZ6a2QG,,a00RB00002DHGCqYAP,25000,25000,False,False,1,2026-08-06T02:54:48.000+0000,2026-08-06T02:55:32.000+0000,CN-00000072,株式会社石勝エクステリア,Activated,株式会社石勝エクステリア,Rendery セキュリティオプション(SSO)_初期費用
"{'type': 'ContractLineItem__c', 'url': '/services/data/v67.0/sobjects/ContractLineItem__c/a03RB00001X88eQYAR'}",a03RB00001X88eQYAR,a03RB00001X88eQ,001RB00001VTqnMYAT,a04RB00000kUAOkYAO,a0BRB00000ynb6f2AA,2025/11,2025/11,2025-11-01,2026-10-31,a0CRB0000CcXZ6b2QG,,a00RB00002DHGCsYAP,22500,22500,True,False,1,2026-08-06T02:54:48.000+0000,2026-08-06T02:55:32.000+0000,CN-00000072,株式会社石勝エクステリア,Activated,株式会社石勝エクステリア,Rendery セキュリティオプション(SSO)_運用費用
"{'type': 'ContractLineItem__c', 'url': '/services/data/v67.0/sobjects/ContractLineItem__c/a03RB00001X88eRYAR'}",a03RB00001X88eRYAR,a03RB00001X88eR,001RB00001VTqnMYAT,a04RB00000kUAOkYAO,a0BRB00000ynb6f2AA,2025/11,2025/11,2025-11-01,2026-10-31,a0CRB0000CcXZ6T2QW,,a00RB00002DHGCsYAP,82500,82500,True,False,10,2026-08-06T02:54:48.000+0000,2026-08-06T02:55:32.000+0000,CN-00000072,株式会社石勝エクステリア,Activated,株式会社石勝エクステリア,[OLD] Rendery Enterpriseプラン(2025年9月まで)
"{'type': 'ContractLineItem__c', 'url': '/services/data/v67.0/sobjects/ContractLineItem__c/a03RB00001X8BZ3YAN'}",a03RB00001X8BZ3YAN,a03RB00001X8BZ3,001RB00001VTqlfYAD,a04RB00000kUAO9YAO,a0BRB00000ynb642AA,2025/08,2025/08,2025-08-01,2026-07-31,a0CRB0000CcXZ6U2QW,,a00RB00002DIwufYAD,49583.333333333336,49583.333333333336,True,False,5,2026-08-06T02:57:41.000+0000,2026-08-06T02:58:19.000+0000,CN-00000035,矢作建設工業株式会社,Activated,矢作建設工業株式会社,[OLD_年払]Rendery Enterpriseプラン(2025年9月まで)
"{'type': 'ContractLineItem__c', 'url': '/services/data/v67.0/sobjects/ContractLineItem__c/a03RB00001XKZEDYA5'}",a03RB00001XKZEDYA5,a03RB00001XKZED,001RB00001VTruMYAT,a04RB00000neSHVYA2,a0BRB000013mjn02AA,2026/09,2026/09,2026-09-01,2026-09-30,a0CRB0000CcXZ6Q2QW,a09RB000014psefYAA,a00RB00002DWq7rYAD,24000,24000,True,False,3,2026-08-07T03:17:29.000+0000,2026-08-07T03:17:29.000+0000,CN-00000250,大東建託株式会社　商品開発部(アップセル)_2026-09-01,Draft,大東建託株式会社,Rendery Proプラン
"{'type': 'ContractLineItem__c', 'url': '/services/data/v67.0/sobjects/ContractLineItem__c/a03RB00001XKZEEYA5'}",a03RB00001XKZEEYA5,a03RB00001XKZEE,001RB00001VTruMYAT,a04RB00000neSHVYA2,a0BRB000013mjn02AA,2026/09,2026/09,2026-09-01,2026-09-30,a0CRB0000CcXZ6Q2QW,a09RB000014pspxYAA,a00RB00002DWq7rYAD,24000,24000,True,False,3,2026-08-07T03:17:29.000+0000,2026-08-07T03:17:29.000+0000,CN-00000250,大東建託株式会社　商品開発部(アップセル)_2026-09-01,Draft,大東建託株式会社,Rendery Proプラン
"{'type': 'ContractLineItem__c', 'url': '/services/data/v67.0/sobjects/ContractLineItem__c/a03RB00001XKZEFYA5'}",a03RB00001XKZEFYA5,a03RB00001XKZEF,001RB00001VTruMYAT,a04RB00000neSHVYA2,a0BRB000013mjn02AA,2026/09,2026/09,2026-09-01,2026-09-30,a0CRB0000CcXZ6Q2QW,a09RB000014psrZYAQ,a00RB00002DWq7rYAD,24000,24000,True,False,3,2026-08-07T03:17:29.000+0000,2026-08-07T03:17:29.000+0000,CN-00000250,大東建託株式会社　商品開発部(アップセル)_2026-09-01,Draft,大東建託株式会社,Rendery Proプラン
"{'type': 'ContractLineItem__c', 'url': '/services/data/v67.0/sobjects/ContractLineItem__c/a03RB00001XlNH2YAN'}",a03RB00001XlNH2YAN,a03RB00001XlNH2,001RB00001VTqWFYA1,a04RB00000nmHDdYAM,a0BRB00001429CT2AY,2026/08,2026/08,2026-08-01,2026-08-31,a0CRB0000CcXZ6Q2QW,,a00RB00002Cb9PNYAZ,96000,96000,True,False,2,2026-08-10T13:41:34.000+0000,2026-08-19T10:25:53.000+0000,CN-00000251,森ビル株式会社 Rendery Proプラン Freee自動請求契約,Activated,森ビル株式会社,Rendery Proプラン
"{'type': 'ContractLineItem__c', 'url': '/services/data/v67.0/sobjects/ContractLineItem__c/a03RB00001XlNH3YAN'}",a03RB00001XlNH3YAN,a03RB00001XlNH3,001RB00001VTrqmYAD,a04RB00000nmHDeYAM,a0BRB00001429CU2AY,2026/08,2026/08,2026-08-01,2026-08-31,a0CRB0000CcXZ6Q2QW,,a00RB00002Crja9YAB,8000,8000,True,False,1,2026-08-10T13:41:34.000+0000,2026-08-19T10:25:53.000+0000,CN-00000252,センコー産業株式会社 Rendery Proプラン Freee自動請求契約,Activated,センコー産業株式会社,Rendery Proプラン
"{'type': 'ContractLineItem__c', 'url': '/services/data/v67.0/sobjects/ContractLineItem__c/a03RB00001YgjeeYAB'}",a03RB00001YgjeeYAB,a03RB00001Ygjee,001RB00001VTqxQYAT,a04RB00000narj9YAA,a0BRB000014Yf172AC,2026/08,2026/08,2026-08-01,2026-08-31,a0CRB0000CcXZ6h2QG,,a00RB00002FL0DHYA1,100000,100000,True,False,1,2026-08-17T20:40:22.000+0000,2026-08-19T10:25:53.000+0000,CN-00000248,株式会社アールシーコア Rendery Enterpriseプラン Freee自動請求契約,Activated,株式会社アールシーコア,Rendery セキュリティオプション+_運用費用
"{'type': 'ContractLineItem__c', 'url': '/services/data/v67.0/sobjects/ContractLineItem__c/a03RB00001YgjefYAB'}",a03RB00001YgjefYAB,a03RB00001Ygjef,001RB00001VTqxQYAT,a04RB00000narj9YAA,a0BRB000014Yf172AC,2026/08,2026/08,2026-08-01,2026-08-31,a0CRB0000CcXZ6V2QW,,a00RB00002FL0DHYA1,150000,150000,True,False,10,2026-08-17T20:40:22.000+0000,2026-08-19T10:25:53.000+0000,CN-00000248,株式会社アールシーコア Rendery Enterpriseプラン Freee自動請求契約,Activated,株式会社アールシーコア,Rendery Enterpriseプラン
"{'type': 'ContractLineItem__c', 'url': '/services/data/v67.0/sobjects/ContractLineItem__c/a03RB00001YgjegYAB'}",a03RB00001YgjegYAB,a03RB00001Ygjeg,001RB00001VTr0hYAD,a04RB00000kUAOhYAO,a0BRB000010uukH2AQ,2026/08,2026/08,2026-08-01,2026-08-31,a0CRB0000CcXZ6Q2QW,,a00RB00002FL0DLYA1,8000,8000,True,False,1,2026-08-17T20:40:22.000+0000,2026-08-19T10:25:53.000+0000,CN-00000069,フロンヴィルホームズ名古屋株式会社,Activated,フロンヴィルホームズ名古屋株式会社,Rendery Proプラン
"{'type': 'ContractLineItem__c', 'url': '/services/data/v67.0/sobjects/ContractLineItem__c/a03RB00001YgjehYAB'}",a03RB00001YgjehYAB,a03RB00001Ygjeh,001RB00001VTqf7YAD,a04RB00000kUAOjYAO,a0BRB000010uukI2AQ,2026/08,2026/08,2026-08-01,2026-08-31,a0CRB0000Ck3ReH2QU,,a00RB00002FL0DgYAL,48000,48000,False,False,3,2026-08-17T20:40:22.000+0000,2026-08-19T10:25:53.000+0000,CN-00000071,三菱地所レジデンス株式会社,Activated,三菱地所レジデンス株式会社,Rendery_Enterpriseプラン
"{'type': 'ContractLineItem__c', 'url': '/services/data/v67.0/sobjects/ContractLineItem__c/a03RB00001YgjemYAB'}",a03RB00001YgjemYAB,a03RB00001Ygjem,001RB00001VTruAYAT,a04RB00000kUAPKYA4,a0BRB000010uukg2AA,2026/08,2026/08,2026-08-01,2026-08-31,a0CRB0000Ck3ReH2QU,,a00RB00002FLyB0YAL,165000,165000,False,False,15,2026-08-17T20:40:22.000+0000,2026-08-19T10:26:08.000+0000,CN-00000108,株式会社デザインアーク　東京本店　東京スペースソリューション第１営業所,Activated,株式会社デザインアーク,Rendery_Enterpriseプラン
"{'type': 'ContractLineItem__c', 'url': '/services/data/v67.0/sobjects/ContractLineItem__c/a03RB00001YgjenYAB'}",a03RB00001YgjenYAB,a03RB00001Ygjen,001RB00001VTrmnYAD,a04RB00000kUAO0YAO,a0BRB000010uujx2AA,2026/08,2026/08,2026-08-01,2026-08-31,a0CRB0000CcXZ6T2QW,,a00RB00002FLyB7YAL,55000,55000,True,False,5,2026-08-17T20:40:22.000+0000,2026-08-19T10:26:08.000+0000,CN-00000026,戸田建設(設計部:月額),Activated,戸田建設株式会社,[OLD] Rendery Enterpriseプラン(2025年9月まで)
"{'type': 'ContractLineItem__c', 'url': '/services/data/v67.0/sobjects/ContractLineItem__c/a03RB00001YziMbYAJ'}",a03RB00001YziMbYAJ,a03RB00001YziMb,001RB00001VTrFpYAL,a04RB00000o6w4XYAQ,a0BRB000014itij2AA,2026/08,2026/08,2026-08-01,2026-08-31,a0CRB0000CcXZ6Q2QW,a09RB00001614DiYAI,a00RB00002FHm9rYAD,8000,8000,True,False,1,2026-08-19T06:08:09.000+0000,2026-08-19T06:08:09.000+0000,CN-00000253,株式会社スタジオ・ノア の取引_2026-08-19,Draft,株式会社スタジオ・ノア,Rendery Proプラン
"{'type': 'ContractLineItem__c', 'url': '/services/data/v67.0/sobjects/ContractLineItem__c/a03RB00001Z0eX3YAJ'}",a03RB00001Z0eX3YAJ,a03RB00001Z0eX3,001RB00001VTqleYAD,a04RB00000o78s5YAA,a0BRB000014jRsT2AU,2026/09,2026/09,2026-09-01,2026-09-30,a0CRB0000CcXZ6S2QW,a09RB000013lM9JYAU,a00RB00002FJS6zYAH,32000,32000,False,False,5,2026-08-19T07:07:36.000+0000,2026-08-19T07:07:36.000+0000,CN-00000254,株式会社ローザ様(大塚商会)_2026-09-01,Draft,株式会社大塚商会,[年払_代理販売20%] Rendery Proプランネンバライ
"{'type': 'ContractLineItem__c', 'url': '/services/data/v67.0/sobjects/ContractLineItem__c/a03RB00001Z0eX4YAJ'}",a03RB00001Z0eX4YAJ,a03RB00001Z0eX4,001RB00001VTqleYAD,a04RB00000o78s5YAA,a0BRB000014jRsT2AU,2026/10,2026/10,2026-10-01,2026-10-31,a0CRB0000CcXZ6S2QW,a09RB000013lM9JYAU,a00RB00002FJS6zYAH,32000,32000,False,False,5,2026-08-19T07:07:36.000+0000,2026-08-19T07:07:36.000+0000,CN-00000254,株式会社ローザ様(大塚商会)_2026-09-01,Draft,株式会社大塚商会,[年払_代理販売20%] Rendery Proプランネンバライ
"{'type': 'ContractLineItem__c', 'url': '/services/data/v67.0/sobjects/ContractLineItem__c/a03RB00001Z0eX5YAJ'}",a03RB00001Z0eX5YAJ,a03RB00001Z0eX5,001RB00001VTqleYAD,a04RB00000o78s5YAA,a0BRB000014jRsT2AU,2026/11,2026/11,2026-11-01,2026-11-30,a0CRB0000CcXZ6S2QW,a09RB000013lM9JYAU,a00RB00002FJS6zYAH,32000,32000,False,False,5,2026-08-19T07:07:36.000+0000,2026-08-19T07:07:36.000+0000,CN-00000254,株式会社ローザ様(大塚商会)_2026-09-01,Draft,株式会社大塚商会,[年払_代理販売20%] Rendery Proプランネンバライ
"{'type': 'ContractLineItem__c', 'url': '/services/data/v67.0/sobjects/ContractLineItem__c/a03RB00001Z0eX6YAJ'}",a03RB00001Z0eX6YAJ,a03RB00001Z0eX6,001RB00001VTqleYAD,a04RB00000o78s5YAA,a0BRB000014jRsT2AU,2026/12,2026/12,2026-12-01,2026-12-31,a0CRB0000CcXZ6S2QW,a09RB000013lM9JYAU,a00RB00002FJS6zYAH,32000,32000,False,False,5,2026-08-19T07:07:36.000+0000,2026-08-19T07:07:36.000+0000,CN-00000254,株式会社ローザ様(大塚商会)_2026-09-01,Draft,株式会社大塚商会,[年払_代理販売20%] Rendery Proプランネンバライ
"{'type': 'ContractLineItem__c', 'url': '/services/data/v67.0/sobjects/ContractLineItem__c/a03RB00001Z0eX7YAJ'}",a03RB00001Z0eX7YAJ,a03RB00001Z0eX7,001RB00001VTqleYAD,a04RB00000o78s5YAA,a0BRB000014jRsT2AU,2027/01,2027/01,2027-01-01,2027-01-31,a0CRB0000CcXZ6S2QW,a09RB000013lM9JYAU,a00RB00002FJS6zYAH,32000,32000,False,False,5,2026-08-19T07:07:36.000+0000,2026-08-19T07:07:36.000+0000,CN-00000254,株式会社ローザ様(大塚商会)_2026-09-01,Draft,株式会社大塚商会,[年払_代理販売20%] Rendery Proプランネンバライ
"{'type': 'ContractLineItem__c', 'url': '/services/data/v67.0/sobjects/ContractLineItem__c/a03RB00001Z0eX8YAJ'}",a03RB00001Z0eX8YAJ,a03RB00001Z0eX8,001RB00001VTqleYAD,a04RB00000o78s5YAA,a0BRB000014jRsT2AU,2027/02,2027/02,2027-02-01,2027-02-28,a0CRB0000CcXZ6S2QW,a09RB000013lM9JYAU,a00RB00002FJS6zYAH,32000,32000,False,False,5,2026-08-19T07:07:36.000+0000,2026-08-19T07:07:36.000+0000,CN-00000254,株式会社ローザ様(大塚商会)_2026-09-01,Draft,株式会社大塚商会,[年払_代理販売20%] Rendery Proプランネンバライ
"{'type': 'ContractLineItem__c', 'url': '/services/data/v67.0/sobjects/ContractLineItem__c/a03RB00001Z0eX9YAJ'}",a03RB00001Z0eX9YAJ,a03RB00001Z0eX9,001RB00001VTqleYAD,a04RB00000o78s5YAA,a0BRB000014jRsT2AU,2027/03,2027/03,2027-03-01,2027-03-31,a0CRB0000CcXZ6S2QW,a09RB000013lM9JYAU,a00RB00002FJS6zYAH,32000,32000,False,False,5,2026-08-19T07:07:36.000+0000,2026-08-19T07:07:36.000+0000,CN-00000254,株式会社ローザ様(大塚商会)_2026-09-01,Draft,株式会社大塚商会,[年払_代理販売20%] Rendery Proプランネンバライ
"{'type': 'ContractLineItem__c', 'url': '/services/data/v67.0/sobjects/ContractLineItem__c/a03RB00001Z0eXAYAZ'}",a03RB00001Z0eXAYAZ,a03RB00001Z0eXA,001RB00001VTqleYAD,a04RB00000o78s5YAA,a0BRB000014jRsT2AU,2027/04,2027/04,2027-04-01,2027-04-30,a0CRB0000CcXZ6S2QW,a09RB000013lM9JYAU,a00RB00002FJS6zYAH,32000,32000,False,False,5,2026-08-19T07:07:36.000+0000,2026-08-19T07:07:36.000+0000,CN-00000254,株式会社ローザ様(大塚商会)_2026-09-01,Draft,株式会社大塚商会,[年払_代理販売20%] Rendery Proプランネンバライ
"{'type': 'ContractLineItem__c', 'url': '/services/data/v67.0/sobjects/ContractLineItem__c/a03RB00001Z0eXBYAZ'}",a03RB00001Z0eXBYAZ,a03RB00001Z0eXB,001RB00001VTqleYAD,a04RB00000o78s5YAA,a0BRB000014jRsT2AU,2027/05,2027/05,2027-05-01,2027-05-31,a0CRB0000CcXZ6S2QW,a09RB000013lM9JYAU,a00RB00002FJS6zYAH,32000,32000,False,False,5,2026-08-19T07:07:36.000+0000,2026-08-19T07:07:36.000+0000,CN-00000254,株式会社ローザ様(大塚商会)_2026-09-01,Draft,株式会社大塚商会,[年払_代理販売20%] Rendery Proプランネンバライ
"{'type': 'ContractLineItem__c', 'url': '/services/data/v67.0/sobjects/ContractLineItem__c/a03RB00001Z0eXCYAZ'}",a03RB00001Z0eXCYAZ,a03RB00001Z0eXC,001RB00001VTqleYAD,a04RB00000o78s5YAA,a0BRB000014jRsT2AU,2027/06,2027/06,2027-06-01,2027-06-30,a0CRB0000CcXZ6S2QW,a09RB000013lM9JYAU,a00RB00002FJS6zYAH,32000,32000,False,False,5,2026-08-19T07:07:36.000+0000,2026-08-19T07:07:36.000+0000,CN-00000254,株式会社ローザ様(大塚商会)_2026-09-01,Draft,株式会社大塚商会,[年払_代理販売20%] Rendery Proプランネンバライ
"{'type': 'ContractLineItem__c', 'url': '/services/data/v67.0/sobjects/ContractLineItem__c/a03RB00001Z0eXDYAZ'}",a03RB00001Z0eXDYAZ,a03RB00001Z0eXD,001RB00001VTqleYAD,a04RB00000o78s5YAA,a0BRB000014jRsT2AU,2027/07,2027/07,2027-07-01,2027-07-31,a0CRB0000CcXZ6S2QW,a09RB000013lM9JYAU,a00RB00002FJS6zYAH,32000,32000,False,False,5,2026-08-19T07:07:36.000+0000,2026-08-19T07:07:36.000+0000,CN-00000254,株式会社ローザ様(大塚商会)_2026-09-01,Draft,株式会社大塚商会,[年払_代理販売20%] Rendery Proプランネンバライ
"{'type': 'ContractLineItem__c', 'url': '/services/data/v67.0/sobjects/ContractLineItem__c/a03RB00001Z0eXEYAZ'}",a03RB00001Z0eXEYAZ,a03RB00001Z0eXE,001RB00001VTqleYAD,a04RB00000o78s5YAA,a0BRB000014jRsT2AU,2027/08,2027/08,2027-08-01,2027-08-31,a0CRB0000CcXZ6S2QW,a09RB000013lM9JYAU,a00RB00002FJS6zYAH,32000,32000,False,False,5,2026-08-19T07:07:36.000+0000,2026-08-19T07:07:36.000+0000,CN-00000254,株式会社ローザ様(大塚商会)_2026-09-01,Draft,株式会社大塚商会,[年払_代理販売20%] Rendery Proプランネンバライ
"{'type': 'ContractLineItem__c', 'url': '/services/data/v67.0/sobjects/ContractLineItem__c/a03RB00001Z9pUsYAJ'}",a03RB00001Z9pUsYAJ,a03RB00001Z9pUs,001RB00001VTrkUYAT,a04RB00000o9UBlYAM,a0BRB000014pB5h2AE,2026/08,2026/08,2026-08-01,2026-08-31,a0CRB0000CcXZ6V2QW,a09RB000014OqfNYAS,a00RB00002FSlIUYA1,75000,75000,True,False,5,2026-08-20T02:58:15.000+0000,2026-08-20T02:58:15.000+0000,CN-00000256,トヨタコニックプロ株式会社 の取引_2026-08-01,Draft,トヨタコニックプロ株式会社,Rendery Enterpriseプラン
"{'type': 'ContractLineItem__c', 'url': '/services/data/v67.0/sobjects/ContractLineItem__c/a03RB00001Z9pUtYAJ'}",a03RB00001Z9pUtYAJ,a03RB00001Z9pUt,001RB00001VTrkUYAT,a04RB00000o9UBlYAM,a0BRB000014pB5h2AE,2026/08,2026/08,2026-08-01,2026-08-31,a0CRB0000CcXZ6V2QW,a09RB000014Oqp3YAC,a00RB00002FSlIUYA1,75000,75000,True,False,5,2026-08-20T02:58:15.000+0000,2026-08-20T02:58:15.000+0000,CN-00000256,トヨタコニックプロ株式会社 の取引_2026-08-01,Draft,トヨタコニックプロ株式会社,Rendery Enterpriseプラン
"{'type': 'ContractLineItem__c', 'url': '/services/data/v67.0/sobjects/ContractLineItem__c/a03RB00001Z9pUuYAJ'}",a03RB00001Z9pUuYAJ,a03RB00001Z9pUu,001RB00001VTrkUYAT,a04RB00000o9UBlYAM,a0BRB000014pB5h2AE,2026/08,2026/08,2026-08-01,2026-08-31,a0CRB0000CcXZ6V2QW,a09RB000014OqttYAC,a00RB00002FSlIUYA1,75000,75000,True,False,5,2026-08-20T02:58:15.000+0000,2026-08-20T02:58:15.000+0000,CN-00000256,トヨタコニックプロ株式会社 の取引_2026-08-01,Draft,トヨタコニックプロ株式会社,Rendery Enterpriseプラン
"{'type': 'ContractLineItem__c', 'url': '/services/data/v67.0/sobjects/ContractLineItem__c/a03RB00001Z9pUvYAJ'}",a03RB00001Z9pUvYAJ,a03RB00001Z9pUv,001RB00001VTrkUYAT,a04RB00000o9UBlYAM,a0BRB000014pB5h2AE,2026/08,2026/08,2026-08-01,2026-08-31,a0CRB0000CcXZ6V2QW,a09RB000014Oqx7YAC,a00RB00002FSlIUYA1,75000,75000,True,False,5,2026-08-20T02:58:15.000+0000,2026-08-20T02:58:15.000+0000,CN-00000256,トヨタコニックプロ株式会社 の取引_2026-08-01,Draft,トヨタコニックプロ株式会社,Rendery Enterpriseプラン
"{'type': 'ContractLineItem__c', 'url': '/services/data/v67.0/sobjects/ContractLineItem__c/a03RB00001Z9pUwYAJ'}",a03RB00001Z9pUwYAJ,a03RB00001Z9pUw,001RB00001VTrkUYAT,a04RB00000o9UBlYAM,a0BRB000014pB5h2AE,2026/08,2026/08,2026-08-01,2026-08-31,a0CRB0000CcXZ6V2QW,a09RB000014OqyjYAC,a00RB00002FSlIUYA1,75000,75000,True,False,5,2026-08-20T02:58:15.000+0000,2026-08-20T02:58:15.000+0000,CN-00000256,トヨタコニックプロ株式会社 の取引_2026-08-01,Draft,トヨタコニックプロ株式会社,Rendery Enterpriseプラン
"{'type': 'ContractLineItem__c', 'url': '/services/data/v67.0/sobjects/ContractLineItem__c/a03RB00001Z9pUxYAJ'}",a03RB00001Z9pUxYAJ,a03RB00001Z9pUx,001RB00001VTrkUYAT,a04RB00000o9UBlYAM,a0BRB000014pB5h2AE,2026/08,2026/08,2026-08-01,2026-08-31,a0CRB0000CcXZ6V2QW,a09RB000014NTt1YAG,a00RB00002FSlIUYA1,75000,75000,True,False,5,2026-08-20T02:58:15.000+0000,2026-08-20T02:58:15.000+0000,CN-00000256,トヨタコニックプロ株式会社 の取引_2026-08-01,Draft,トヨタコニックプロ株式会社,Rendery Enterpriseプラン
"{'type': 'ContractLineItem__c', 'url': '/services/data/v67.0/sobjects/ContractLineItem__c/a03RB00001Z9pUyYAJ'}",a03RB00001Z9pUyYAJ,a03RB00001Z9pUy,001RB00001VTrkUYAT,a04RB00000o9UBlYAM,a0BRB000014pB5h2AE,2026/08,2026/08,2026-08-01,2026-08-31,a0CRB0000CcXZ6V2QW,a09RB000014OskPYAS,a00RB00002FSlIUYA1,75000,75000,True,False,5,2026-08-20T02:58:15.000+0000,2026-08-20T02:58:15.000+0000,CN-00000256,トヨタコニックプロ株式会社 の取引_2026-08-01,Draft,トヨタコニックプロ株式会社,Rendery Enterpriseプラン
"{'type': 'ContractLineItem__c', 'url': '/services/data/v67.0/sobjects/ContractLineItem__c/a03RB00001Z9pUzYAJ'}",a03RB00001Z9pUzYAJ,a03RB00001Z9pUz,001RB00001VTrkUYAT,a04RB00000o9UBlYAM,a0BRB000014pB5h2AE,2026/08,2026/08,2026-08-01,2026-08-31,a0CRB0000CcXZ6V2QW,a09RB000014ObBiYAK,a00RB00002FSlIUYA1,75000,75000,True,False,5,2026-08-20T02:58:15.000+0000,2026-08-20T02:58:15.000+0000,CN-00000256,トヨタコニックプロ株式会社 の取引_2026-08-01,Draft,トヨタコニックプロ株式会社,Rendery Enterpriseプラン
"{'type': 'ContractLineItem__c', 'url': '/services/data/v67.0/sobjects/ContractLineItem__c/a03RB00001Z9pV0YAJ'}",a03RB00001Z9pV0YAJ,a03RB00001Z9pV0,001RB00001VTrkUYAT,a04RB00000o9UBlYAM,a0BRB000014pB5h2AE,2026/08,2026/08,2026-08-01,2026-08-31,a0CRB0000CcXZ6a2QG,a09RB000014OtgTYAS,a00RB00002FSlIUYA1,100000,100000,False,True,1,2026-08-20T02:58:15.000+0000,2026-08-20T02:58:15.000+0000,CN-00000256,トヨタコニックプロ株式会社 の取引_2026-08-01,Draft,トヨタコニックプロ株式会社,Rendery セキュリティオプション(SSO)_初期費用
"{'type': 'ContractLineItem__c', 'url': '/services/data/v67.0/sobjects/ContractLineItem__c/a03RB00001Z9pV1YAJ'}",a03RB00001Z9pV1YAJ,a03RB00001Z9pV1,001RB00001VTrkUYAT,a04RB00000o9UBlYAM,a0BRB000014pB5h2AE,2026/08,2026/08,2026-08-01,2026-08-31,a0CRB0000CcXZ6b2QG,a09RB000014OuHZYA0,a00RB00002FSlIUYA1,30000,30000,True,False,1,2026-08-20T02:58:15.000+0000,2026-08-20T02:58:15.000+0000,CN-00000256,トヨタコニックプロ株式会社 の取引_2026-08-01,Draft,トヨタコニックプロ株式会社,Rendery セキュリティオプション(SSO)_運用費用
"{'type': 'ContractLineItem__c', 'url': '/services/data/v67.0/sobjects/ContractLineItem__c/a03RB00001Z9pV2YAJ'}",a03RB00001Z9pV2YAJ,a03RB00001Z9pV2,001RB00001VTrkUYAT,a04RB00000o9UBlYAM,a0BRB000014pB5h2AE,2026/08,2026/08,2026-08-01,2026-08-31,a0CRB0000CcXZ6b2QG,a09RB000014OoieYAC,a00RB00002FSlIUYA1,30000,30000,True,False,1,2026-08-20T02:58:15.000+0000,2026-08-20T02:58:15.000+0000,CN-00000256,トヨタコニックプロ株式会社 の取引_2026-08-01,Draft,トヨタコニックプロ株式会社,Rendery セキュリティオプション(SSO)_運用費用
"{'type': 'ContractLineItem__c', 'url': '/services/data/v67.0/sobjects/ContractLineItem__c/a03RB00001Z9pV3YAJ'}",a03RB00001Z9pV3YAJ,a03RB00001Z9pV3,001RB00001VTrkUYAT,a04RB00000o9UBlYAM,a0BRB000014pB5h2AE,2026/08,2026/08,2026-08-01,2026-08-31,a0CRB0000CcXZ6b2QG,a09RB000014OuPdYAK,a00RB00002FSlIUYA1,30000,30000,True,False,1,2026-08-20T02:58:15.000+0000,2026-08-20T02:58:15.000+0000,CN-00000256,トヨタコニックプロ株式会社 の取引_2026-08-01,Draft,トヨタコニックプロ株式会社,Rendery セキュリティオプション(SSO)_運用費用
"{'type': 'ContractLineItem__c', 'url': '/services/data/v67.0/sobjects/ContractLineItem__c/a03RB00001Z9pV4YAJ'}",a03RB00001Z9pV4YAJ,a03RB00001Z9pV4,001RB00001VTrkUYAT,a04RB00000o9UBlYAM,a0BRB000014pB5h2AE,2026/08,2026/08,2026-08-01,2026-08-31,a0CRB0000CcXZ6b2QG,a09RB000014Oqx8YAC,a00RB00002FSlIUYA1,30000,30000,True,False,1,2026-08-20T02:58:15.000+0000,2026-08-20T02:58:15.000+0000,CN-00000256,トヨタコニックプロ株式会社 の取引_2026-08-01,Draft,トヨタコニックプロ株式会社,Rendery セキュリティオプション(SSO)_運用費用
"{'type': 'ContractLineItem__c', 'url': '/services/data/v67.0/sobjects/ContractLineItem__c/a03RB00001Z9pV5YAJ'}",a03RB00001Z9pV5YAJ,a03RB00001Z9pV5,001RB00001VTrkUYAT,a04RB00000o9UBlYAM,a0BRB000014pB5h2AE,2026/08,2026/08,2026-08-01,2026-08-31,a0CRB0000CcXZ6b2QG,a09RB000014OuXhYAK,a00RB00002FSlIUYA1,30000,30000,True,False,1,2026-08-20T02:58:15.000+0000,2026-08-20T02:58:15.000+0000,CN-00000256,トヨタコニックプロ株式会社 の取引_2026-08-01,Draft,トヨタコニックプロ株式会社,Rendery セキュリティオプション(SSO)_運用費用
"{'type': 'ContractLineItem__c', 'url': '/services/data/v67.0/sobjects/ContractLineItem__c/a03RB00001Z9pV6YAJ'}",a03RB00001Z9pV6YAJ,a03RB00001Z9pV6,001RB00001VTrkUYAT,a04RB00000o9UBlYAM,a0BRB000014pB5h2AE,2026/08,2026/08,2026-08-01,2026-08-31,a0CRB0000CcXZ6b2QG,a09RB000014OuZJYA0,a00RB00002FSlIUYA1,30000,30000,True,False,1,2026-08-20T02:58:15.000+0000,2026-08-20T02:58:15.000+0000,CN-00000256,トヨタコニックプロ株式会社 の取引_2026-08-01,Draft,トヨタコニックプロ株式会社,Rendery セキュリティオプション(SSO)_運用費用
"{'type': 'ContractLineItem__c', 'url': '/services/data/v67.0/sobjects/ContractLineItem__c/a03RB00001Z9pV7YAJ'}",a03RB00001Z9pV7YAJ,a03RB00001Z9pV7,001RB00001VTrkUYAT,a04RB00000o9UBlYAM,a0BRB000014pB5h2AE,2026/08,2026/08,2026-08-01,2026-08-31,a0CRB0000CcXZ6b2QG,a09RB000014Oue9YAC,a00RB00002FSlIUYA1,30000,30000,True,False,1,2026-08-20T02:58:15.000+0000,2026-08-20T02:58:15.000+0000,CN-00000256,トヨタコニックプロ株式会社 の取引_2026-08-01,Draft,トヨタコニックプロ株式会社,Rendery セキュリティオプション(SSO)_運用費用
"{'type': 'ContractLineItem__c', 'url': '/services/data/v67.0/sobjects/ContractLineItem__c/a03RB00001Z9pV8YAJ'}",a03RB00001Z9pV8YAJ,a03RB00001Z9pV8,001RB00001VTrkUYAT,a04RB00000o9UBlYAM,a0BRB000014pB5h2AE,2026/08,2026/08,2026-08-01,2026-08-31,a0CRB0000CcXZ6b2QG,a09RB000014OgXyYAK,a00RB00002FSlIUYA1,30000,30000,True,False,1,2026-08-20T02:58:15.000+0000,2026-08-20T02:58:15.000+0000,CN-00000256,トヨタコニックプロ株式会社 の取引_2026-08-01,Draft,トヨタコニックプロ株式会社,Rendery セキュリティオプション(SSO)_運用費用
"{'type': 'ContractLineItem__c', 'url': '/services/data/v67.0/sobjects/ContractLineItem__c/a03RB00001Z9wkrYAB'}",a03RB00001Z9wkrYAB,a03RB00001Z9wkr,001RB00001c11bZYAQ,a04RB00000o9SmfYAE,a0BRB000014pIuX2AU,2026/09,2026/09,2026-09-01,2026-09-30,a0CRB0000Ck3ReH2QU,a09RB000013R2WXYA0,a00RB00002FT5sHYAT,150000,150000,False,False,10,2026-08-20T02:51:02.000+0000,2026-08-20T02:51:02.000+0000,CN-00000255,近鉄・都ホテルズ株式会社_2026-09-01,Draft,近鉄・都ホテルズ株式会社,Rendery_Enterpriseプラン
"{'type': 'ContractLineItem__c', 'url': '/services/data/v67.0/sobjects/ContractLineItem__c/a03RB00001Z9wksYAB'}",a03RB00001Z9wksYAB,a03RB00001Z9wks,001RB00001c11bZYAQ,a04RB00000o9SmfYAE,a0BRB000014pIuX2AU,2026/09,2026/09,2026-09-01,2026-09-30,a0CRB0000CkDPuP2QW,a09RB000013QfOgYAK,a00RB00002FT5sHYAT,100000,100000,False,False,1,2026-08-20T02:51:02.000+0000,2026-08-20T02:51:02.000+0000,CN-00000255,近鉄・都ホテルズ株式会社_2026-09-01,Draft,近鉄・都ホテルズ株式会社,Rendery_Enterpriseプラン＿セキュリティオプション+（月額）
"{'type': 'ContractLineItem__c', 'url': '/services/data/v67.0/sobjects/ContractLineItem__c/a03RB00001Z9wktYAB'}",a03RB00001Z9wktYAB,a03RB00001Z9wkt,001RB00001c11bZYAQ,a04RB00000o9SmfYAE,a0BRB000014pIuX2AU,2026/09,2026/09,2026-09-01,2026-09-30,a0CRB0000CcXZ6g2QG,a09RB000013R3sPYAS,a00RB00002FT5sHYAT,350000,350000,False,True,1,2026-08-20T02:51:02.000+0000,2026-08-20T02:51:02.000+0000,CN-00000255,近鉄・都ホテルズ株式会社_2026-09-01,Draft,近鉄・都ホテルズ株式会社,Rendery セキュリティオプション+_初期費用
"{'type': 'ContractLineItem__c', 'url': '/services/data/v67.0/sobjects/ContractLineItem__c/a03RB00001ZAPgPYAX'}",a03RB00001ZAPgPYAX,a03RB00001ZAPgP,001RB00001eIu0zYAC,a04RB00000o9YTtYAM,a0BRB000014pEni2AE,2026/08,2026/08,2026-08-01,2026-08-31,a0CRB0000CcXZ6Q2QW,a09RB000014gWLdYAM,a00RB00002FSqlFYAT,8000,8000,True,False,1,2026-08-20T03:22:48.000+0000,2026-08-20T03:22:48.000+0000,CN-00000257,株式会社池田工務店_2026-08-06,Draft,株式会社池田工務店,Rendery Proプラン
"{'type': 'ContractLineItem__c', 'url': '/services/data/v67.0/sobjects/ContractLineItem__c/a03RB00001Zqk0TYAR'}",a03RB00001Zqk0TYAR,a03RB00001Zqk0T,001RB00001VTruMYAT,a04RB00000oLDLeYAO,a0BRB000015FSdJ2AW,2026/08,2026/08,2026-08-01,2026-08-31,a0CRB0000CcXZ6V2QW,a09RB000013v0KPYAY,a00RB00002GCmmkYAD,75000,75000,True,False,5,2026-08-24T13:27:15.000+0000,2026-08-24T13:27:15.000+0000,CN-00000258,大東建託株式会社 設計センター_2026-08-24,Draft,大東建託株式会社,Rendery Enterpriseプラン
"{'type': 'ContractLineItem__c', 'url': '/services/data/v67.0/sobjects/ContractLineItem__c/a03RB00001Zqk0UYAR'}",a03RB00001Zqk0UYAR,a03RB00001Zqk0U,001RB00001VTruMYAT,a04RB00000oLDLeYAO,a0BRB000015FSdJ2AW,2026/08,2026/08,2026-08-01,2026-08-31,a0CRB0000CcXZ6V2QW,a09RB000014AP3xYAG,a00RB00002GCmmkYAD,75000,75000,True,False,5,2026-08-24T13:27:15.000+0000,2026-08-24T13:27:15.000+0000,CN-00000258,大東建託株式会社 設計センター_2026-08-24,Draft,大東建託株式会社,Rendery Enterpriseプラン
"{'type': 'ContractLineItem__c', 'url': '/services/data/v67.0/sobjects/ContractLineItem__c/a03RB00001Zs85ZYAR'}",a03RB00001Zs85ZYAR,a03RB00001Zs85Z,001RB00001VTrFpYAL,a04RB00000oLs73YAC,a0BRB000015HVIX2A4,2026/08,2026/08,2026-08-01,2026-08-31,a0CRB0000CcXZ6Q2QW,,,8000,8000,True,False,1,2026-08-24T21:42:16.000+0000,2026-08-24T21:42:16.000+0000,CN-00000259,株式会社スタジオ・ノア Rendery Proプラン Freee自動請求契約,Activated,株式会社スタジオ・ノア,Rendery Proプラン
"{'type': 'ContractLineItem__c', 'url': '/services/data/v67.0/sobjects/ContractLineItem__c/a03RB00001Zs85aYAB'}",a03RB00001Zs85aYAB,a03RB00001Zs85a,001RB00001eIu0zYAC,a04RB00000oLs74YAC,a0BRB000015HVIY2A4,2026/08,2026/08,2026-08-01,2026-08-31,a0CRB0000CcXZ6Q2QW,,,8000,8000,True,False,1,2026-08-24T21:42:16.000+0000,2026-08-24T21:42:16.000+0000,CN-00000260,株式会社池田工務店 Rendery Proプラン Freee自動請求契約,Activated,株式会社池田工務店,Rendery Proプラン
"{'type': 'ContractLineItem__c', 'url': '/services/data/v67.0/sobjects/ContractLineItem__c/a03RB00001Zs85bYAB'}",a03RB00001Zs85bYAB,a03RB00001Zs85b,001RB00001VTqlfYAD,a04RB00000nRI1RYAW,a0BRB000013Hjco2AC,2026/08,2026/08,2026-08-01,2027-07-31,a0CRB0000CcXZ6Z2QW,,,70000,70000,False,False,5,2026-08-24T21:42:16.000+0000,2026-08-24T21:42:16.000+0000,CN-00000240,矢作建設_契約変更,Activated,矢作建設工業株式会社,[年払] Rendery Enterpriseプラン
"{'type': 'ContractLineItem__c', 'url': '/services/data/v67.0/sobjects/ContractLineItem__c/a03RB00001bCQqYYAW'}",a03RB00001bCQqYYAW,a03RB00001bCQqY,001RB00001cJZIDYA4,a04RB00000onir7YAA,a0BRB000015zDjJ2AU,2026/09,2026/09,2026-09-01,2026-09-30,a0CRB0000Ck3ReH2QU,a09RB000013QDH8YAO,a00RB00002HVBcHYAX,150000,150000,False,False,10,2026-08-31T07:19:31.000+0000,2026-08-31T07:19:31.000+0000,CN-00000262,株式会社石本建築事務所_2026-09-01,Draft,株式会社石本建築事務所,Rendery_Enterpriseプラン
"{'type': 'ContractLineItem__c', 'url': '/services/data/v67.0/sobjects/ContractLineItem__c/a03RB00001bDzizYAC'}",a03RB00001bDzizYAC,a03RB00001bDziz,001RB00001VTqxyYAD,a04RB00000oo8lZYAQ,a0BRB00001609CD2AY,2026/09,2026/09,2026-09-01,2026-09-30,a0CRB0000CcXZ6V2QW,a09RB000017MZPCYA4,a00RB00002HWo6vYAD,120000,120000,True,False,8,2026-08-31T08:32:18.000+0000,2026-08-31T08:32:18.000+0000,CN-00000263,株式会社店研創意(アップセル)_2026-09-01,Draft,株式会社店研創意,Rendery Enterpriseプラン
"{'type': 'ContractLineItem__c', 'url': '/services/data/v67.0/sobjects/ContractLineItem__c/a03RB00001bE6cQYAS'}",a03RB00001bE6cQYAS,a03RB00001bE6cQ,001RB00001VTrS3YAL,a04RB00000ooBl4YAE,a0BRB00001606He2AI,2026/09,2026/09,2026-09-01,2026-09-30,a0CRB0000CcXZ6Q2QW,a09RB0000170EcKYAU,a00RB00002HVil9YAD,16000,16000,True,False,2,2026-08-31T09:12:50.000+0000,2026-08-31T09:12:50.000+0000,CN-00000264,株式会社桂設計_2026-09-01,Draft,株式会社 桂設計,Rendery Proプラン
"{'type': 'ContractLineItem__c', 'url': '/services/data/v67.0/sobjects/ContractLineItem__c/a03RB00001ca68XYAQ'}",a03RB00001ca68XYAQ,a03RB00001ca68X,001RB00001VTrr4YAD,a04RB00000pEVZdYAO,a0BRB000016slpB2AQ,2026/10,2026/10,2026-10-01,2026-10-31,a0CRB0000CcXZ6V2QW,a09RB000014BUeIYAW,a00RB00002J2bM5YAJ,90000,90000,True,False,6,2026-09-08T05:37:52.000+0000,2026-09-08T05:37:52.000+0000,CN-00000265,NTTファシリティーズエンジニアリング株式会社_2026-10-01,Draft,NTTファシリティーズエンジニアリング株式会社,Rendery Enterpriseプラン
"{'type': 'ContractLineItem__c', 'url': '/services/data/v67.0/sobjects/ContractLineItem__c/a03RB00001ca68YYAQ'}",a03RB00001ca68YYAQ,a03RB00001ca68Y,001RB00001VTrr4YAD,a04RB00000pEVZdYAO,a0BRB000016slpB2AQ,2026/10,2026/10,2026-10-01,2026-10-31,a0CRB0000CcXZ6c2QG,a09RB000014BZPRYA4,a00RB00002J2bM5YAJ,100000,100000,False,True,1,2026-09-08T05:37:52.000+0000,2026-09-08T05:37:52.000+0000,CN-00000265,NTTファシリティーズエンジニアリング株式会社_2026-10-01,Draft,NTTファシリティーズエンジニアリング株式会社,Rendery セキュリティオプション(IP制限)_初期費用
"{'type': 'ContractLineItem__c', 'url': '/services/data/v67.0/sobjects/ContractLineItem__c/a03RB00001ca68ZYAQ'}",a03RB00001ca68ZYAQ,a03RB00001ca68Z,001RB00001VTrr4YAD,a04RB00000pEVZdYAO,a0BRB000016slpB2AQ,2026/10,2026/10,2026-10-01,2026-10-31,a0CRB0000CcXZ6d2QG,a09RB000014BZvhYAG,a00RB00002J2bM5YAJ,25000,25000,True,False,1,2026-09-08T05:37:52.000+0000,2026-09-08T05:37:52.000+0000,CN-00000265,NTTファシリティーズエンジニアリング株式会社_2026-10-01,Draft,NTTファシリティーズエンジニアリング株式会社,Rendery セキュリティオプション(IP制限)_運用費用
"{'type': 'ContractLineItem__c', 'url': '/services/data/v67.0/sobjects/ContractLineItem__c/a03RB00001d3VhrYAE'}",a03RB00001d3VhrYAE,a03RB00001d3Vhr,001RB00001VTrHVYA1,a04RB00000pNAm5YAG,a0BRB0000179SlK2AU,2026/10,2026/10,2026-10-01,2026-10-31,a0CRB0000CcXZ6V2QW,a09RB000015kjd4YAA,a00RB00002JZk8uYAD,8750,8750,True,False,7,2026-09-10T13:07:45.000+0000,2026-09-10T13:07:45.000+0000,CN-00000266,JR東日本建築設計（アップセル）_2026-10-01,Draft,株式会社 JR東日本建築設計,Rendery Enterpriseプラン
"{'type': 'ContractLineItem__c', 'url': '/services/data/v67.0/sobjects/ContractLineItem__c/a03RB00001d3VhsYAE'}",a03RB00001d3VhsYAE,a03RB00001d3Vhs,001RB00001VTrHVYA1,a04RB00000pNAm5YAG,a0BRB0000179SlK2AU,2026/10,2026/10,2026-10-01,2026-10-31,a0CRB0000CcXZ6V2QW,a09RB000015klIHYAY,a00RB00002JZk8uYAD,8750,8750,True,False,7,2026-09-10T13:07:45.000+0000,2026-09-10T13:07:45.000+0000,CN-00000266,JR東日本建築設計（アップセル）_2026-10-01,Draft,株式会社 JR東日本建築設計,Rendery Enterpriseプラン
"{'type': 'ContractLineItem__c', 'url': '/services/data/v67.0/sobjects/ContractLineItem__c/a03RB00001d3VhtYAE'}",a03RB00001d3VhtYAE,a03RB00001d3Vht,001RB00001VTrHVYA1,a04RB00000pNAm5YAG,a0BRB0000179SlK2AU,2026/10,2026/10,2026-10-01,2026-10-31,a0CRB0000CcXZ6V2QW,a09RB000015klLVYAY,a00RB00002JZk8uYAD,8750,8750,True,False,7,2026-09-10T13:07:45.000+0000,2026-09-10T13:07:45.000+0000,CN-00000266,JR東日本建築設計（アップセル）_2026-10-01,Draft,株式会社 JR東日本建築設計,Rendery Enterpriseプラン
"{'type': 'ContractLineItem__c', 'url': '/services/data/v67.0/sobjects/ContractLineItem__c/a03RB00001d3VhuYAE'}",a03RB00001d3VhuYAE,a03RB00001d3Vhu,001RB00001VTrHVYA1,a04RB00000pNAm5YAG,a0BRB0000179SlK2AU,2026/10,2026/10,2026-10-01,2026-10-31,a0CRB0000CcXZ6V2QW,a09RB000015klOjYAI,a00RB00002JZk8uYAD,8750,8750,True,False,7,2026-09-10T13:07:45.000+0000,2026-09-10T13:07:45.000+0000,CN-00000266,JR東日本建築設計（アップセル）_2026-10-01,Draft,株式会社 JR東日本建築設計,Rendery Enterpriseプラン
"{'type': 'ContractLineItem__c', 'url': '/services/data/v67.0/sobjects/ContractLineItem__c/a03RB00001d3VhvYAE'}",a03RB00001d3VhvYAE,a03RB00001d3Vhv,001RB00001VTrHVYA1,a04RB00000pNAm5YAG,a0BRB0000179SlK2AU,2026/10,2026/10,2026-10-01,2026-10-31,a0CRB0000CcXZ6V2QW,a09RB000015ke8kYAA,a00RB00002JZk8uYAD,8750,8750,True,False,7,2026-09-10T13:07:45.000+0000,2026-09-10T13:07:45.000+0000,CN-00000266,JR東日本建築設計（アップセル）_2026-10-01,Draft,株式会社 JR東日本建築設計,Rendery Enterpriseプラン
"{'type': 'ContractLineItem__c', 'url': '/services/data/v67.0/sobjects/ContractLineItem__c/a03RB00001d3VhwYAE'}",a03RB00001d3VhwYAE,a03RB00001d3Vhw,001RB00001VTrHVYA1,a04RB00000pNAm5YAG,a0BRB0000179SlK2AU,2026/10,2026/10,2026-10-01,2026-10-31,a0CRB0000CcXZ6V2QW,a09RB000015kTjaYAE,a00RB00002JZk8uYAD,8750,8750,True,False,7,2026-09-10T13:07:45.000+0000,2026-09-10T13:07:45.000+0000,CN-00000266,JR東日本建築設計（アップセル）_2026-10-01,Draft,株式会社 JR東日本建築設計,Rendery Enterpriseプラン
"{'type': 'ContractLineItem__c', 'url': '/services/data/v67.0/sobjects/ContractLineItem__c/a03RB00001d3VhxYAE'}",a03RB00001d3VhxYAE,a03RB00001d3Vhx,001RB00001VTrHVYA1,a04RB00000pNAm5YAG,a0BRB0000179SlK2AU,2026/10,2026/10,2026-10-01,2026-10-31,a0CRB0000CcXZ6h2QG,a09RB000015kmPdYAI,a00RB00002JZk8uYAD,8333.333333333334,8333.333333333334,True,False,1,2026-09-10T13:07:45.000+0000,2026-09-10T13:07:45.000+0000,CN-00000266,JR東日本建築設計（アップセル）_2026-10-01,Draft,株式会社 JR東日本建築設計,Rendery セキュリティオプション+_運用費用
"{'type': 'ContractLineItem__c', 'url': '/services/data/v67.0/sobjects/ContractLineItem__c/a03RB00001d3VhyYAE'}",a03RB00001d3VhyYAE,a03RB00001d3Vhy,001RB00001VTrHVYA1,a04RB00000pNAm5YAG,a0BRB0000179SlK2AU,2026/10,2026/10,2026-10-01,2026-10-31,a0CRB0000CcXZ6h2QG,a09RB000015kiFaYAI,a00RB00002JZk8uYAD,8333.333333333334,8333.333333333334,True,False,1,2026-09-10T13:07:45.000+0000,2026-09-10T13:07:45.000+0000,CN-00000266,JR東日本建築設計（アップセル）_2026-10-01,Draft,株式会社 JR東日本建築設計,Rendery セキュリティオプション+_運用費用
"{'type': 'ContractLineItem__c', 'url': '/services/data/v67.0/sobjects/ContractLineItem__c/a03RB00001d3VhzYAE'}",a03RB00001d3VhzYAE,a03RB00001d3Vhz,001RB00001VTrHVYA1,a04RB00000pNAm5YAG,a0BRB0000179SlK2AU,2026/10,2026/10,2026-10-01,2026-10-31,a0CRB0000CcXZ6h2QG,a09RB000015kmUTYAY,a00RB00002JZk8uYAD,8333.333333333334,8333.333333333334,True,False,1,2026-09-10T13:07:45.000+0000,2026-09-10T13:07:45.000+0000,CN-00000266,JR東日本建築設計（アップセル）_2026-10-01,Draft,株式会社 JR東日本建築設計,Rendery セキュリティオプション+_運用費用
"{'type': 'ContractLineItem__c', 'url': '/services/data/v67.0/sobjects/ContractLineItem__c/a03RB00001d3Vi0YAE'}",a03RB00001d3Vi0YAE,a03RB00001d3Vi0,001RB00001VTrHVYA1,a04RB00000pNAm5YAG,a0BRB0000179SlK2AU,2026/10,2026/10,2026-10-01,2026-10-31,a0CRB0000CcXZ6h2QG,a09RB000015kmflYAA,a00RB00002JZk8uYAD,8333.333333333334,8333.333333333334,True,False,1,2026-09-10T13:07:45.000+0000,2026-09-10T13:07:45.000+0000,CN-00000266,JR東日本建築設計（アップセル）_2026-10-01,Draft,株式会社 JR東日本建築設計,Rendery セキュリティオプション+_運用費用
"{'type': 'ContractLineItem__c', 'url': '/services/data/v67.0/sobjects/ContractLineItem__c/a03RB00001d3Vi1YAE'}",a03RB00001d3Vi1YAE,a03RB00001d3Vi1,001RB00001VTrHVYA1,a04RB00000pNAm5YAG,a0BRB0000179SlK2AU,2026/10,2026/10,2026-10-01,2026-10-31,a0CRB0000CcXZ6h2QG,a09RB000015kmmDYAQ,a00RB00002JZk8uYAD,8333.333333333334,8333.333333333334,True,False,1,2026-09-10T13:07:45.000+0000,2026-09-10T13:07:45.000+0000,CN-00000266,JR東日本建築設計（アップセル）_2026-10-01,Draft,株式会社 JR東日本建築設計,Rendery セキュリティオプション+_運用費用
"{'type': 'ContractLineItem__c', 'url': '/services/data/v67.0/sobjects/ContractLineItem__c/a03RB00001d3Vi2YAE'}",a03RB00001d3Vi2YAE,a03RB00001d3Vi2,001RB00001VTrHVYA1,a04RB00000pNAm5YAG,a0BRB0000179SlK2AU,2026/10,2026/10,2026-10-01,2026-10-31,a0CRB0000CcXZ6h2QG,a09RB000015kn2LYAQ,a00RB00002JZk8uYAD,8333.333333333334,8333.333333333334,True,False,1,2026-09-10T13:07:45.000+0000,2026-09-10T13:07:45.000+0000,CN-00000266,JR東日本建築設計（アップセル）_2026-10-01,Draft,株式会社 JR東日本建築設計,Rendery セキュリティオプション+_運用費用
"{'type': 'ContractLineItem__c', 'url': '/services/data/v67.0/sobjects/ContractLineItem__c/a03RB00001d3Vi3YAE'}",a03RB00001d3Vi3YAE,a03RB00001d3Vi3,001RB00001VTrHVYA1,a04RB00000pNAm5YAG,a0BRB0000179SlK2AU,2026/10,2026/10,2026-10-01,2026-10-31,a0CRB0000CcXZ6g2QG,a09RB000015kosrYAA,a00RB00002JZk8uYAD,350000,350000,False,True,1,2026-09-10T13:07:45.000+0000,2026-09-10T13:07:45.000+0000,CN-00000266,JR東日本建築設計（アップセル）_2026-10-01,Draft,株式会社 JR東日本建築設計,Rendery セキュリティオプション+_初期費用
"{'type': 'ContractLineItem__c', 'url': '/services/data/v67.0/sobjects/ContractLineItem__c/a03RB00001d3Vi4YAE'}",a03RB00001d3Vi4YAE,a03RB00001d3Vi4,001RB00001VTrHVYA1,a04RB00000pNAm5YAG,a0BRB0000179SlK2AU,2026/11,2026/11,2026-11-01,2026-11-30,a0CRB0000CcXZ6V2QW,a09RB000015kjd4YAA,a00RB00002JZk8uYAD,8750,8750,True,False,7,2026-09-10T13:07:45.000+0000,2026-09-10T13:07:45.000+0000,CN-00000266,JR東日本建築設計（アップセル）_2026-10-01,Draft,株式会社 JR東日本建築設計,Rendery Enterpriseプラン
"{'type': 'ContractLineItem__c', 'url': '/services/data/v67.0/sobjects/ContractLineItem__c/a03RB00001d3Vi5YAE'}",a03RB00001d3Vi5YAE,a03RB00001d3Vi5,001RB00001VTrHVYA1,a04RB00000pNAm5YAG,a0BRB0000179SlK2AU,2026/11,2026/11,2026-11-01,2026-11-30,a0CRB0000CcXZ6V2QW,a09RB000015klIHYAY,a00RB00002JZk8uYAD,8750,8750,True,False,7,2026-09-10T13:07:45.000+0000,2026-09-10T13:07:45.000+0000,CN-00000266,JR東日本建築設計（アップセル）_2026-10-01,Draft,株式会社 JR東日本建築設計,Rendery Enterpriseプラン
"{'type': 'ContractLineItem__c', 'url': '/services/data/v67.0/sobjects/ContractLineItem__c/a03RB00001d3Vi6YAE'}",a03RB00001d3Vi6YAE,a03RB00001d3Vi6,001RB00001VTrHVYA1,a04RB00000pNAm5YAG,a0BRB0000179SlK2AU,2026/11,2026/11,2026-11-01,2026-11-30,a0CRB0000CcXZ6V2QW,a09RB000015klLVYAY,a00RB00002JZk8uYAD,8750,8750,True,False,7,2026-09-10T13:07:45.000+0000,2026-09-10T13:07:45.000+0000,CN-00000266,JR東日本建築設計（アップセル）_2026-10-01,Draft,株式会社 JR東日本建築設計,Rendery Enterpriseプラン
"{'type': 'ContractLineItem__c', 'url': '/services/data/v67.0/sobjects/ContractLineItem__c/a03RB00001d3Vi7YAE'}",a03RB00001d3Vi7YAE,a03RB00001d3Vi7,001RB00001VTrHVYA1,a04RB00000pNAm5YAG,a0BRB0000179SlK2AU,2026/11,2026/11,2026-11-01,2026-11-30,a0CRB0000CcXZ6V2QW,a09RB000015klOjYAI,a00RB00002JZk8uYAD,8750,8750,True,False,7,2026-09-10T13:07:45.000+0000,2026-09-10T13:07:45.000+0000,CN-00000266,JR東日本建築設計（アップセル）_2026-10-01,Draft,株式会社 JR東日本建築設計,Rendery Enterpriseプラン
"{'type': 'ContractLineItem__c', 'url': '/services/data/v67.0/sobjects/ContractLineItem__c/a03RB00001d3Vi8YAE'}",a03RB00001d3Vi8YAE,a03RB00001d3Vi8,001RB00001VTrHVYA1,a04RB00000pNAm5YAG,a0BRB0000179SlK2AU,2026/11,2026/11,2026-11-01,2026-11-30,a0CRB0000CcXZ6V2QW,a09RB000015ke8kYAA,a00RB00002JZk8uYAD,8750,8750,True,False,7,2026-09-10T13:07:45.000+0000,2026-09-10T13:07:45.000+0000,CN-00000266,JR東日本建築設計（アップセル）_2026-10-01,Draft,株式会社 JR東日本建築設計,Rendery Enterpriseプラン
"{'type': 'ContractLineItem__c', 'url': '/services/data/v67.0/sobjects/ContractLineItem__c/a03RB00001d3Vi9YAE'}",a03RB00001d3Vi9YAE,a03RB00001d3Vi9,001RB00001VTrHVYA1,a04RB00000pNAm5YAG,a0BRB0000179SlK2AU,2026/11,2026/11,2026-11-01,2026-11-30,a0CRB0000CcXZ6V2QW,a09RB000015kTjaYAE,a00RB00002JZk8uYAD,8750,8750,True,False,7,2026-09-10T13:07:45.000+0000,2026-09-10T13:07:45.000+0000,CN-00000266,JR東日本建築設計（アップセル）_2026-10-01,Draft,株式会社 JR東日本建築設計,Rendery Enterpriseプラン
"{'type': 'ContractLineItem__c', 'url': '/services/data/v67.0/sobjects/ContractLineItem__c/a03RB00001d3ViAYAU'}",a03RB00001d3ViAYAU,a03RB00001d3ViA,001RB00001VTrHVYA1,a04RB00000pNAm5YAG,a0BRB0000179SlK2AU,2026/11,2026/11,2026-11-01,2026-11-30,a0CRB0000CcXZ6h2QG,a09RB000015kmPdYAI,a00RB00002JZk8uYAD,8333.333333333334,8333.333333333334,True,False,1,2026-09-10T13:07:45.000+0000,2026-09-10T13:07:45.000+0000,CN-00000266,JR東日本建築設計（アップセル）_2026-10-01,Draft,株式会社 JR東日本建築設計,Rendery セキュリティオプション+_運用費用
"{'type': 'ContractLineItem__c', 'url': '/services/data/v67.0/sobjects/ContractLineItem__c/a03RB00001d3ViBYAU'}",a03RB00001d3ViBYAU,a03RB00001d3ViB,001RB00001VTrHVYA1,a04RB00000pNAm5YAG,a0BRB0000179SlK2AU,2026/11,2026/11,2026-11-01,2026-11-30,a0CRB0000CcXZ6h2QG,a09RB000015kiFaYAI,a00RB00002JZk8uYAD,8333.333333333334,8333.333333333334,True,False,1,2026-09-10T13:07:45.000+0000,2026-09-10T13:07:45.000+0000,CN-00000266,JR東日本建築設計（アップセル）_2026-10-01,Draft,株式会社 JR東日本建築設計,Rendery セキュリティオプション+_運用費用
"{'type': 'ContractLineItem__c', 'url': '/services/data/v67.0/sobjects/ContractLineItem__c/a03RB00001d3ViCYAU'}",a03RB00001d3ViCYAU,a03RB00001d3ViC,001RB00001VTrHVYA1,a04RB00000pNAm5YAG,a0BRB0000179SlK2AU,2026/11,2026/11,2026-11-01,2026-11-30,a0CRB0000CcXZ6h2QG,a09RB000015kmUTYAY,a00RB00002JZk8uYAD,8333.333333333334,8333.333333333334,True,False,1,2026-09-10T13:07:45.000+0000,2026-09-10T13:07:45.000+0000,CN-00000266,JR東日本建築設計（アップセル）_2026-10-01,Draft,株式会社 JR東日本建築設計,Rendery セキュリティオプション+_運用費用
"{'type': 'ContractLineItem__c', 'url': '/services/data/v67.0/sobjects/ContractLineItem__c/a03RB00001d3ViDYAU'}",a03RB00001d3ViDYAU,a03RB00001d3ViD,001RB00001VTrHVYA1,a04RB00000pNAm5YAG,a0BRB0000179SlK2AU,2026/11,2026/11,2026-11-01,2026-11-30,a0CRB0000CcXZ6h2QG,a09RB000015kmflYAA,a00RB00002JZk8uYAD,8333.333333333334,8333.333333333334,True,False,1,2026-09-10T13:07:45.000+0000,2026-09-10T13:07:45.000+0000,CN-00000266,JR東日本建築設計（アップセル）_2026-10-01,Draft,株式会社 JR東日本建築設計,Rendery セキュリティオプション+_運用費用
"{'type': 'ContractLineItem__c', 'url': '/services/data/v67.0/sobjects/ContractLineItem__c/a03RB00001d3ViEYAU'}",a03RB00001d3ViEYAU,a03RB00001d3ViE,001RB00001VTrHVYA1,a04RB00000pNAm5YAG,a0BRB0000179SlK2AU,2026/11,2026/11,2026-11-01,2026-11-30,a0CRB0000CcXZ6h2QG,a09RB000015kmmDYAQ,a00RB00002JZk8uYAD,8333.333333333334,8333.333333333334,True,False,1,2026-09-10T13:07:45.000+0000,2026-09-10T13:07:45.000+0000,CN-00000266,JR東日本建築設計（アップセル）_2026-10-01,Draft,株式会社 JR東日本建築設計,Rendery セキュリティオプション+_運用費用
"{'type': 'ContractLineItem__c', 'url': '/services/data/v67.0/sobjects/ContractLineItem__c/a03RB00001d3ViFYAU'}",a03RB00001d3ViFYAU,a03RB00001d3ViF,001RB00001VTrHVYA1,a04RB00000pNAm5YAG,a0BRB0000179SlK2AU,2026/11,2026/11,2026-11-01,2026-11-30,a0CRB0000CcXZ6h2QG,a09RB000015kn2LYAQ,a00RB00002JZk8uYAD,8333.333333333334,8333.333333333334,True,False,1,2026-09-10T13:07:45.000+0000,2026-09-10T13:07:45.000+0000,CN-00000266,JR東日本建築設計（アップセル）_2026-10-01,Draft,株式会社 JR東日本建築設計,Rendery セキュリティオプション+_運用費用
"{'type': 'ContractLineItem__c', 'url': '/services/data/v67.0/sobjects/ContractLineItem__c/a03RB00001d3ViGYAU'}",a03RB00001d3ViGYAU,a03RB00001d3ViG,001RB00001VTrHVYA1,a04RB00000pNAm5YAG,a0BRB0000179SlK2AU,2026/12,2026/12,2026-12-01,2026-12-31,a0CRB0000CcXZ6V2QW,a09RB000015kjd4YAA,a00RB00002JZk8uYAD,8750,8750,True,False,7,2026-09-10T13:07:45.000+0000,2026-09-10T13:07:45.000+0000,CN-00000266,JR東日本建築設計（アップセル）_2026-10-01,Draft,株式会社 JR東日本建築設計,Rendery Enterpriseプラン
"{'type': 'ContractLineItem__c', 'url': '/services/data/v67.0/sobjects/ContractLineItem__c/a03RB00001d3ViHYAU'}",a03RB00001d3ViHYAU,a03RB00001d3ViH,001RB00001VTrHVYA1,a04RB00000pNAm5YAG,a0BRB0000179SlK2AU,2026/12,2026/12,2026-12-01,2026-12-31,a0CRB0000CcXZ6V2QW,a09RB000015klIHYAY,a00RB00002JZk8uYAD,8750,8750,True,False,7,2026-09-10T13:07:45.000+0000,2026-09-10T13:07:45.000+0000,CN-00000266,JR東日本建築設計（アップセル）_2026-10-01,Draft,株式会社 JR東日本建築設計,Rendery Enterpriseプラン
"{'type': 'ContractLineItem__c', 'url': '/services/data/v67.0/sobjects/ContractLineItem__c/a03RB00001d3ViIYAU'}",a03RB00001d3ViIYAU,a03RB00001d3ViI,001RB00001VTrHVYA1,a04RB00000pNAm5YAG,a0BRB0000179SlK2AU,2026/12,2026/12,2026-12-01,2026-12-31,a0CRB0000CcXZ6V2QW,a09RB000015klLVYAY,a00RB00002JZk8uYAD,8750,8750,True,False,7,2026-09-10T13:07:45.000+0000,2026-09-10T13:07:45.000+0000,CN-00000266,JR東日本建築設計（アップセル）_2026-10-01,Draft,株式会社 JR東日本建築設計,Rendery Enterpriseプラン
"{'type': 'ContractLineItem__c', 'url': '/services/data/v67.0/sobjects/ContractLineItem__c/a03RB00001d3ViJYAU'}",a03RB00001d3ViJYAU,a03RB00001d3ViJ,001RB00001VTrHVYA1,a04RB00000pNAm5YAG,a0BRB0000179SlK2AU,2026/12,2026/12,2026-12-01,2026-12-31,a0CRB0000CcXZ6V2QW,a09RB000015klOjYAI,a00RB00002JZk8uYAD,8750,8750,True,False,7,2026-09-10T13:07:45.000+0000,2026-09-10T13:07:45.000+0000,CN-00000266,JR東日本建築設計（アップセル）_2026-10-01,Draft,株式会社 JR東日本建築設計,Rendery Enterpriseプラン
"{'type': 'ContractLineItem__c', 'url': '/services/data/v67.0/sobjects/ContractLineItem__c/a03RB00001d3ViKYAU'}",a03RB00001d3ViKYAU,a03RB00001d3ViK,001RB00001VTrHVYA1,a04RB00000pNAm5YAG,a0BRB0000179SlK2AU,2026/12,2026/12,2026-12-01,2026-12-31,a0CRB0000CcXZ6V2QW,a09RB000015ke8kYAA,a00RB00002JZk8uYAD,8750,8750,True,False,7,2026-09-10T13:07:45.000+0000,2026-09-10T13:07:45.000+0000,CN-00000266,JR東日本建築設計（アップセル）_2026-10-01,Draft,株式会社 JR東日本建築設計,Rendery Enterpriseプラン
"{'type': 'ContractLineItem__c', 'url': '/services/data/v67.0/sobjects/ContractLineItem__c/a03RB00001d3ViLYAU'}",a03RB00001d3ViLYAU,a03RB00001d3ViL,001RB00001VTrHVYA1,a04RB00000pNAm5YAG,a0BRB0000179SlK2AU,2026/12,2026/12,2026-12-01,2026-12-31,a0CRB0000CcXZ6V2QW,a09RB000015kTjaYAE,a00RB00002JZk8uYAD,8750,8750,True,False,7,2026-09-10T13:07:45.000+0000,2026-09-10T13:07:45.000+0000,CN-00000266,JR東日本建築設計（アップセル）_2026-10-01,Draft,株式会社 JR東日本建築設計,Rendery Enterpriseプラン
"{'type': 'ContractLineItem__c', 'url': '/services/data/v67.0/sobjects/ContractLineItem__c/a03RB00001d3ViMYAU'}",a03RB00001d3ViMYAU,a03RB00001d3ViM,001RB00001VTrHVYA1,a04RB00000pNAm5YAG,a0BRB0000179SlK2AU,2026/12,2026/12,2026-12-01,2026-12-31,a0CRB0000CcXZ6h2QG,a09RB000015kmPdYAI,a00RB00002JZk8uYAD,8333.333333333334,8333.333333333334,True,False,1,2026-09-10T13:07:45.000+0000,2026-09-10T13:07:45.000+0000,CN-00000266,JR東日本建築設計（アップセル）_2026-10-01,Draft,株式会社 JR東日本建築設計,Rendery セキュリティオプション+_運用費用
"{'type': 'ContractLineItem__c', 'url': '/services/data/v67.0/sobjects/ContractLineItem__c/a03RB00001d3ViNYAU'}",a03RB00001d3ViNYAU,a03RB00001d3ViN,001RB00001VTrHVYA1,a04RB00000pNAm5YAG,a0BRB0000179SlK2AU,2026/12,2026/12,2026-12-01,2026-12-31,a0CRB0000CcXZ6h2QG,a09RB000015kiFaYAI,a00RB00002JZk8uYAD,8333.333333333334,8333.333333333334,True,False,1,2026-09-10T13:07:45.000+0000,2026-09-10T13:07:45.000+0000,CN-00000266,JR東日本建築設計（アップセル）_2026-10-01,Draft,株式会社 JR東日本建築設計,Rendery セキュリティオプション+_運用費用
"{'type': 'ContractLineItem__c', 'url': '/services/data/v67.0/sobjects/ContractLineItem__c/a03RB00001d3ViOYAU'}",a03RB00001d3ViOYAU,a03RB00001d3ViO,001RB00001VTrHVYA1,a04RB00000pNAm5YAG,a0BRB0000179SlK2AU,2026/12,2026/12,2026-12-01,2026-12-31,a0CRB0000CcXZ6h2QG,a09RB000015kmUTYAY,a00RB00002JZk8uYAD,8333.333333333334,8333.333333333334,True,False,1,2026-09-10T13:07:45.000+0000,2026-09-10T13:07:45.000+0000,CN-00000266,JR東日本建築設計（アップセル）_2026-10-01,Draft,株式会社 JR東日本建築設計,Rendery セキュリティオプション+_運用費用
"{'type': 'ContractLineItem__c', 'url': '/services/data/v67.0/sobjects/ContractLineItem__c/a03RB00001d3ViPYAU'}",a03RB00001d3ViPYAU,a03RB00001d3ViP,001RB00001VTrHVYA1,a04RB00000pNAm5YAG,a0BRB0000179SlK2AU,2026/12,2026/12,2026-12-01,2026-12-31,a0CRB0000CcXZ6h2QG,a09RB000015kmflYAA,a00RB00002JZk8uYAD,8333.333333333334,8333.333333333334,True,False,1,2026-09-10T13:07:45.000+0000,2026-09-10T13:07:45.000+0000,CN-00000266,JR東日本建築設計（アップセル）_2026-10-01,Draft,株式会社 JR東日本建築設計,Rendery セキュリティオプション+_運用費用
"{'type': 'ContractLineItem__c', 'url': '/services/data/v67.0/sobjects/ContractLineItem__c/a03RB00001d3ViQYAU'}",a03RB00001d3ViQYAU,a03RB00001d3ViQ,001RB00001VTrHVYA1,a04RB00000pNAm5YAG,a0BRB0000179SlK2AU,2026/12,2026/12,2026-12-01,2026-12-31,a0CRB0000CcXZ6h2QG,a09RB000015kmmDYAQ,a00RB00002JZk8uYAD,8333.333333333334,8333.333333333334,True,False,1,2026-09-10T13:07:45.000+0000,2026-09-10T13:07:45.000+0000,CN-00000266,JR東日本建築設計（アップセル）_2026-10-01,Draft,株式会社 JR東日本建築設計,Rendery セキュリティオプション+_運用費用
"{'type': 'ContractLineItem__c', 'url': '/services/data/v67.0/sobjects/ContractLineItem__c/a03RB00001d3ViRYAU'}",a03RB00001d3ViRYAU,a03RB00001d3ViR,001RB00001VTrHVYA1,a04RB00000pNAm5YAG,a0BRB0000179SlK2AU,2026/12,2026/12,2026-12-01,2026-12-31,a0CRB0000CcXZ6h2QG,a09RB000015kn2LYAQ,a00RB00002JZk8uYAD,8333.333333333334,8333.333333333334,True,False,1,2026-09-10T13:07:45.000+0000,2026-09-10T13:07:45.000+0000,CN-00000266,JR東日本建築設計（アップセル）_2026-10-01,Draft,株式会社 JR東日本建築設計,Rendery セキュリティオプション+_運用費用
"{'type': 'ContractLineItem__c', 'url': '/services/data/v67.0/sobjects/ContractLineItem__c/a03RB00001d3ViSYAU'}",a03RB00001d3ViSYAU,a03RB00001d3ViS,001RB00001VTrHVYA1,a04RB00000pNAm5YAG,a0BRB0000179SlK2AU,2027/01,2027/01,2027-01-01,2027-01-31,a0CRB0000CcXZ6V2QW,a09RB000015kjd4YAA,a00RB00002JZk8uYAD,8750,8750,True,False,7,2026-09-10T13:07:45.000+0000,2026-09-10T13:07:45.000+0000,CN-00000266,JR東日本建築設計（アップセル）_2026-10-01,Draft,株式会社 JR東日本建築設計,Rendery Enterpriseプラン
"{'type': 'ContractLineItem__c', 'url': '/services/data/v67.0/sobjects/ContractLineItem__c/a03RB00001d3ViTYAU'}",a03RB00001d3ViTYAU,a03RB00001d3ViT,001RB00001VTrHVYA1,a04RB00000pNAm5YAG,a0BRB0000179SlK2AU,2027/01,2027/01,2027-01-01,2027-01-31,a0CRB0000CcXZ6V2QW,a09RB000015klIHYAY,a00RB00002JZk8uYAD,8750,8750,True,False,7,2026-09-10T13:07:45.000+0000,2026-09-10T13:07:45.000+0000,CN-00000266,JR東日本建築設計（アップセル）_2026-10-01,Draft,株式会社 JR東日本建築設計,Rendery Enterpriseプラン
"{'type': 'ContractLineItem__c', 'url': '/services/data/v67.0/sobjects/ContractLineItem__c/a03RB00001d3ViUYAU'}",a03RB00001d3ViUYAU,a03RB00001d3ViU,001RB00001VTrHVYA1,a04RB00000pNAm5YAG,a0BRB0000179SlK2AU,2027/01,2027/01,2027-01-01,2027-01-31,a0CRB0000CcXZ6V2QW,a09RB000015klLVYAY,a00RB00002JZk8uYAD,8750,8750,True,False,7,2026-09-10T13:07:45.000+0000,2026-09-10T13:07:45.000+0000,CN-00000266,JR東日本建築設計（アップセル）_2026-10-01,Draft,株式会社 JR東日本建築設計,Rendery Enterpriseプラン
"{'type': 'ContractLineItem__c', 'url': '/services/data/v67.0/sobjects/ContractLineItem__c/a03RB00001d3ViVYAU'}",a03RB00001d3ViVYAU,a03RB00001d3ViV,001RB00001VTrHVYA1,a04RB00000pNAm5YAG,a0BRB0000179SlK2AU,2027/01,2027/01,2027-01-01,2027-01-31,a0CRB0000CcXZ6V2QW,a09RB000015klOjYAI,a00RB00002JZk8uYAD,8750,8750,True,False,7,2026-09-10T13:07:45.000+0000,2026-09-10T13:07:45.000+0000,CN-00000266,JR東日本建築設計（アップセル）_2026-10-01,Draft,株式会社 JR東日本建築設計,Rendery Enterpriseプラン
"{'type': 'ContractLineItem__c', 'url': '/services/data/v67.0/sobjects/ContractLineItem__c/a03RB00001d3ViWYAU'}",a03RB00001d3ViWYAU,a03RB00001d3ViW,001RB00001VTrHVYA1,a04RB00000pNAm5YAG,a0BRB0000179SlK2AU,2027/01,2027/01,2027-01-01,2027-01-31,a0CRB0000CcXZ6V2QW,a09RB000015ke8kYAA,a00RB00002JZk8uYAD,8750,8750,True,False,7,2026-09-10T13:07:45.000+0000,2026-09-10T13:07:45.000+0000,CN-00000266,JR東日本建築設計（アップセル）_2026-10-01,Draft,株式会社 JR東日本建築設計,Rendery Enterpriseプラン
"{'type': 'ContractLineItem__c', 'url': '/services/data/v67.0/sobjects/ContractLineItem__c/a03RB00001d3ViXYAU'}",a03RB00001d3ViXYAU,a03RB00001d3ViX,001RB00001VTrHVYA1,a04RB00000pNAm5YAG,a0BRB0000179SlK2AU,2027/01,2027/01,2027-01-01,2027-01-31,a0CRB0000CcXZ6V2QW,a09RB000015kTjaYAE,a00RB00002JZk8uYAD,8750,8750,True,False,7,2026-09-10T13:07:45.000+0000,2026-09-10T13:07:45.000+0000,CN-00000266,JR東日本建築設計（アップセル）_2026-10-01,Draft,株式会社 JR東日本建築設計,Rendery Enterpriseプラン
"{'type': 'ContractLineItem__c', 'url': '/services/data/v67.0/sobjects/ContractLineItem__c/a03RB00001d3ViYYAU'}",a03RB00001d3ViYYAU,a03RB00001d3ViY,001RB00001VTrHVYA1,a04RB00000pNAm5YAG,a0BRB0000179SlK2AU,2027/01,2027/01,2027-01-01,2027-01-31,a0CRB0000CcXZ6h2QG,a09RB000015kmPdYAI,a00RB00002JZk8uYAD,8333.333333333334,8333.333333333334,True,False,1,2026-09-10T13:07:45.000+0000,2026-09-10T13:07:45.000+0000,CN-00000266,JR東日本建築設計（アップセル）_2026-10-01,Draft,株式会社 JR東日本建築設計,Rendery セキュリティオプション+_運用費用
"{'type': 'ContractLineItem__c', 'url': '/services/data/v67.0/sobjects/ContractLineItem__c/a03RB00001d3ViZYAU'}",a03RB00001d3ViZYAU,a03RB00001d3ViZ,001RB00001VTrHVYA1,a04RB00000pNAm5YAG,a0BRB0000179SlK2AU,2027/01,2027/01,2027-01-01,2027-01-31,a0CRB0000CcXZ6h2QG,a09RB000015kiFaYAI,a00RB00002JZk8uYAD,8333.333333333334,8333.333333333334,True,False,1,2026-09-10T13:07:45.000+0000,2026-09-10T13:07:45.000+0000,CN-00000266,JR東日本建築設計（アップセル）_2026-10-01,Draft,株式会社 JR東日本建築設計,Rendery セキュリティオプション+_運用費用
"{'type': 'ContractLineItem__c', 'url': '/services/data/v67.0/sobjects/ContractLineItem__c/a03RB00001d3ViaYAE'}",a03RB00001d3ViaYAE,a03RB00001d3Via,001RB00001VTrHVYA1,a04RB00000pNAm5YAG,a0BRB0000179SlK2AU,2027/01,2027/01,2027-01-01,2027-01-31,a0CRB0000CcXZ6h2QG,a09RB000015kmUTYAY,a00RB00002JZk8uYAD,8333.333333333334,8333.333333333334,True,False,1,2026-09-10T13:07:45.000+0000,2026-09-10T13:07:45.000+0000,CN-00000266,JR東日本建築設計（アップセル）_2026-10-01,Draft,株式会社 JR東日本建築設計,Rendery セキュリティオプション+_運用費用
"{'type': 'ContractLineItem__c', 'url': '/services/data/v67.0/sobjects/ContractLineItem__c/a03RB00001d3VibYAE'}",a03RB00001d3VibYAE,a03RB00001d3Vib,001RB00001VTrHVYA1,a04RB00000pNAm5YAG,a0BRB0000179SlK2AU,2027/01,2027/01,2027-01-01,2027-01-31,a0CRB0000CcXZ6h2QG,a09RB000015kmflYAA,a00RB00002JZk8uYAD,8333.333333333334,8333.333333333334,True,False,1,2026-09-10T13:07:45.000+0000,2026-09-10T13:07:45.000+0000,CN-00000266,JR東日本建築設計（アップセル）_2026-10-01,Draft,株式会社 JR東日本建築設計,Rendery セキュリティオプション+_運用費用
"{'type': 'ContractLineItem__c', 'url': '/services/data/v67.0/sobjects/ContractLineItem__c/a03RB00001d3VicYAE'}",a03RB00001d3VicYAE,a03RB00001d3Vic,001RB00001VTrHVYA1,a04RB00000pNAm5YAG,a0BRB0000179SlK2AU,2027/01,2027/01,2027-01-01,2027-01-31,a0CRB0000CcXZ6h2QG,a09RB000015kmmDYAQ,a00RB00002JZk8uYAD,8333.333333333334,8333.333333333334,True,False,1,2026-09-10T13:07:45.000+0000,2026-09-10T13:07:45.000+0000,CN-00000266,JR東日本建築設計（アップセル）_2026-10-01,Draft,株式会社 JR東日本建築設計,Rendery セキュリティオプション+_運用費用
"{'type': 'ContractLineItem__c', 'url': '/services/data/v67.0/sobjects/ContractLineItem__c/a03RB00001d3VidYAE'}",a03RB00001d3VidYAE,a03RB00001d3Vid,001RB00001VTrHVYA1,a04RB00000pNAm5YAG,a0BRB0000179SlK2AU,2027/01,2027/01,2027-01-01,2027-01-31,a0CRB0000CcXZ6h2QG,a09RB000015kn2LYAQ,a00RB00002JZk8uYAD,8333.333333333334,8333.333333333334,True,False,1,2026-09-10T13:07:45.000+0000,2026-09-10T13:07:45.000+0000,CN-00000266,JR東日本建築設計（アップセル）_2026-10-01,Draft,株式会社 JR東日本建築設計,Rendery セキュリティオプション+_運用費用
"{'type': 'ContractLineItem__c', 'url': '/services/data/v67.0/sobjects/ContractLineItem__c/a03RB00001d3VieYAE'}",a03RB00001d3VieYAE,a03RB00001d3Vie,001RB00001VTrHVYA1,a04RB00000pNAm5YAG,a0BRB0000179SlK2AU,2027/02,2027/02,2027-02-01,2027-02-28,a0CRB0000CcXZ6V2QW,a09RB000015kjd4YAA,a00RB00002JZk8uYAD,8750,8750,True,False,7,2026-09-10T13:07:45.000+0000,2026-09-10T13:07:45.000+0000,CN-00000266,JR東日本建築設計（アップセル）_2026-10-01,Draft,株式会社 JR東日本建築設計,Rendery Enterpriseプラン
"{'type': 'ContractLineItem__c', 'url': '/services/data/v67.0/sobjects/ContractLineItem__c/a03RB00001d3VifYAE'}",a03RB00001d3VifYAE,a03RB00001d3Vif,001RB00001VTrHVYA1,a04RB00000pNAm5YAG,a0BRB0000179SlK2AU,2027/02,2027/02,2027-02-01,2027-02-28,a0CRB0000CcXZ6V2QW,a09RB000015klIHYAY,a00RB00002JZk8uYAD,8750,8750,True,False,7,2026-09-10T13:07:45.000+0000,2026-09-10T13:07:45.000+0000,CN-00000266,JR東日本建築設計（アップセル）_2026-10-01,Draft,株式会社 JR東日本建築設計,Rendery Enterpriseプラン
"{'type': 'ContractLineItem__c', 'url': '/services/data/v67.0/sobjects/ContractLineItem__c/a03RB00001d3VigYAE'}",a03RB00001d3VigYAE,a03RB00001d3Vig,001RB00001VTrHVYA1,a04RB00000pNAm5YAG,a0BRB0000179SlK2AU,2027/02,2027/02,2027-02-01,2027-02-28,a0CRB0000CcXZ6V2QW,a09RB000015klLVYAY,a00RB00002JZk8uYAD,8750,8750,True,False,7,2026-09-10T13:07:45.000+0000,2026-09-10T13:07:45.000+0000,CN-00000266,JR東日本建築設計（アップセル）_2026-10-01,Draft,株式会社 JR東日本建築設計,Rendery Enterpriseプラン
"{'type': 'ContractLineItem__c', 'url': '/services/data/v67.0/sobjects/ContractLineItem__c/a03RB00001d3VihYAE'}",a03RB00001d3VihYAE,a03RB00001d3Vih,001RB00001VTrHVYA1,a04RB00000pNAm5YAG,a0BRB0000179SlK2AU,2027/02,2027/02,2027-02-01,2027-02-28,a0CRB0000CcXZ6V2QW,a09RB000015klOjYAI,a00RB00002JZk8uYAD,8750,8750,True,False,7,2026-09-10T13:07:45.000+0000,2026-09-10T13:07:45.000+0000,CN-00000266,JR東日本建築設計（アップセル）_2026-10-01,Draft,株式会社 JR東日本建築設計,Rendery Enterpriseプラン
"{'type': 'ContractLineItem__c', 'url': '/services/data/v67.0/sobjects/ContractLineItem__c/a03RB00001d3ViiYAE'}",a03RB00001d3ViiYAE,a03RB00001d3Vii,001RB00001VTrHVYA1,a04RB00000pNAm5YAG,a0BRB0000179SlK2AU,2027/02,2027/02,2027-02-01,2027-02-28,a0CRB0000CcXZ6V2QW,a09RB000015ke8kYAA,a00RB00002JZk8uYAD,8750,8750,True,False,7,2026-09-10T13:07:45.000+0000,2026-09-10T13:07:45.000+0000,CN-00000266,JR東日本建築設計（アップセル）_2026-10-01,Draft,株式会社 JR東日本建築設計,Rendery Enterpriseプラン
"{'type': 'ContractLineItem__c', 'url': '/services/data/v67.0/sobjects/ContractLineItem__c/a03RB00001d3VijYAE'}",a03RB00001d3VijYAE,a03RB00001d3Vij,001RB00001VTrHVYA1,a04RB00000pNAm5YAG,a0BRB0000179SlK2AU,2027/02,2027/02,2027-02-01,2027-02-28,a0CRB0000CcXZ6V2QW,a09RB000015kTjaYAE,a00RB00002JZk8uYAD,8750,8750,True,False,7,2026-09-10T13:07:45.000+0000,2026-09-10T13:07:45.000+0000,CN-00000266,JR東日本建築設計（アップセル）_2026-10-01,Draft,株式会社 JR東日本建築設計,Rendery Enterpriseプラン
"{'type': 'ContractLineItem__c', 'url': '/services/data/v67.0/sobjects/ContractLineItem__c/a03RB00001d3VikYAE'}",a03RB00001d3VikYAE,a03RB00001d3Vik,001RB00001VTrHVYA1,a04RB00000pNAm5YAG,a0BRB0000179SlK2AU,2027/02,2027/02,2027-02-01,2027-02-28,a0CRB0000CcXZ6h2QG,a09RB000015kmPdYAI,a00RB00002JZk8uYAD,8333.333333333334,8333.333333333334,True,False,1,2026-09-10T13:07:45.000+0000,2026-09-10T13:07:45.000+0000,CN-00000266,JR東日本建築設計（アップセル）_2026-10-01,Draft,株式会社 JR東日本建築設計,Rendery セキュリティオプション+_運用費用
"{'type': 'ContractLineItem__c', 'url': '/services/data/v67.0/sobjects/ContractLineItem__c/a03RB00001d3VilYAE'}",a03RB00001d3VilYAE,a03RB00001d3Vil,001RB00001VTrHVYA1,a04RB00000pNAm5YAG,a0BRB0000179SlK2AU,2027/02,2027/02,2027-02-01,2027-02-28,a0CRB0000CcXZ6h2QG,a09RB000015kiFaYAI,a00RB00002JZk8uYAD,8333.333333333334,8333.333333333334,True,False,1,2026-09-10T13:07:45.000+0000,2026-09-10T13:07:45.000+0000,CN-00000266,JR東日本建築設計（アップセル）_2026-10-01,Draft,株式会社 JR東日本建築設計,Rendery セキュリティオプション+_運用費用
"{'type': 'ContractLineItem__c', 'url': '/services/data/v67.0/sobjects/ContractLineItem__c/a03RB00001d3VimYAE'}",a03RB00001d3VimYAE,a03RB00001d3Vim,001RB00001VTrHVYA1,a04RB00000pNAm5YAG,a0BRB0000179SlK2AU,2027/02,2027/02,2027-02-01,2027-02-28,a0CRB0000CcXZ6h2QG,a09RB000015kmUTYAY,a00RB00002JZk8uYAD,8333.333333333334,8333.333333333334,True,False,1,2026-09-10T13:07:45.000+0000,2026-09-10T13:07:45.000+0000,CN-00000266,JR東日本建築設計（アップセル）_2026-10-01,Draft,株式会社 JR東日本建築設計,Rendery セキュリティオプション+_運用費用
"{'type': 'ContractLineItem__c', 'url': '/services/data/v67.0/sobjects/ContractLineItem__c/a03RB00001d3VinYAE'}",a03RB00001d3VinYAE,a03RB00001d3Vin,001RB00001VTrHVYA1,a04RB00000pNAm5YAG,a0BRB0000179SlK2AU,2027/02,2027/02,2027-02-01,2027-02-28,a0CRB0000CcXZ6h2QG,a09RB000015kmflYAA,a00RB00002JZk8uYAD,8333.333333333334,8333.333333333334,True,False,1,2026-09-10T13:07:45.000+0000,2026-09-10T13:07:45.000+0000,CN-00000266,JR東日本建築設計（アップセル）_2026-10-01,Draft,株式会社 JR東日本建築設計,Rendery セキュリティオプション+_運用費用
"{'type': 'ContractLineItem__c', 'url': '/services/data/v67.0/sobjects/ContractLineItem__c/a03RB00001d3VioYAE'}",a03RB00001d3VioYAE,a03RB00001d3Vio,001RB00001VTrHVYA1,a04RB00000pNAm5YAG,a0BRB0000179SlK2AU,2027/02,2027/02,2027-02-01,2027-02-28,a0CRB0000CcXZ6h2QG,a09RB000015kmmDYAQ,a00RB00002JZk8uYAD,8333.333333333334,8333.333333333334,True,False,1,2026-09-10T13:07:45.000+0000,2026-09-10T13:07:45.000+0000,CN-00000266,JR東日本建築設計（アップセル）_2026-10-01,Draft,株式会社 JR東日本建築設計,Rendery セキュリティオプション+_運用費用
"{'type': 'ContractLineItem__c', 'url': '/services/data/v67.0/sobjects/ContractLineItem__c/a03RB00001d3VipYAE'}",a03RB00001d3VipYAE,a03RB00001d3Vip,001RB00001VTrHVYA1,a04RB00000pNAm5YAG,a0BRB0000179SlK2AU,2027/02,2027/02,2027-02-01,2027-02-28,a0CRB0000CcXZ6h2QG,a09RB000015kn2LYAQ,a00RB00002JZk8uYAD,8333.333333333334,8333.333333333334,True,False,1,2026-09-10T13:07:45.000+0000,2026-09-10T13:07:45.000+0000,CN-00000266,JR東日本建築設計（アップセル）_2026-10-01,Draft,株式会社 JR東日本建築設計,Rendery セキュリティオプション+_運用費用
"{'type': 'ContractLineItem__c', 'url': '/services/data/v67.0/sobjects/ContractLineItem__c/a03RB00001d3ViqYAE'}",a03RB00001d3ViqYAE,a03RB00001d3Viq,001RB00001VTrHVYA1,a04RB00000pNAm5YAG,a0BRB0000179SlK2AU,2027/03,2027/03,2027-03-01,2027-03-31,a0CRB0000CcXZ6V2QW,a09RB000015kjd4YAA,a00RB00002JZk8uYAD,8750,8750,True,False,7,2026-09-10T13:07:45.000+0000,2026-09-10T13:07:45.000+0000,CN-00000266,JR東日本建築設計（アップセル）_2026-10-01,Draft,株式会社 JR東日本建築設計,Rendery Enterpriseプラン
"{'type': 'ContractLineItem__c', 'url': '/services/data/v67.0/sobjects/ContractLineItem__c/a03RB00001d3VirYAE'}",a03RB00001d3VirYAE,a03RB00001d3Vir,001RB00001VTrHVYA1,a04RB00000pNAm5YAG,a0BRB0000179SlK2AU,2027/03,2027/03,2027-03-01,2027-03-31,a0CRB0000CcXZ6V2QW,a09RB000015klIHYAY,a00RB00002JZk8uYAD,8750,8750,True,False,7,2026-09-10T13:07:45.000+0000,2026-09-10T13:07:45.000+0000,CN-00000266,JR東日本建築設計（アップセル）_2026-10-01,Draft,株式会社 JR東日本建築設計,Rendery Enterpriseプラン
"{'type': 'ContractLineItem__c', 'url': '/services/data/v67.0/sobjects/ContractLineItem__c/a03RB00001d3VisYAE'}",a03RB00001d3VisYAE,a03RB00001d3Vis,001RB00001VTrHVYA1,a04RB00000pNAm5YAG,a0BRB0000179SlK2AU,2027/03,2027/03,2027-03-01,2027-03-31,a0CRB0000CcXZ6V2QW,a09RB000015klLVYAY,a00RB00002JZk8uYAD,8750,8750,True,False,7,2026-09-10T13:07:45.000+0000,2026-09-10T13:07:45.000+0000,CN-00000266,JR東日本建築設計（アップセル）_2026-10-01,Draft,株式会社 JR東日本建築設計,Rendery Enterpriseプラン
"{'type': 'ContractLineItem__c', 'url': '/services/data/v67.0/sobjects/ContractLineItem__c/a03RB00001d3VitYAE'}",a03RB00001d3VitYAE,a03RB00001d3Vit,001RB00001VTrHVYA1,a04RB00000pNAm5YAG,a0BRB0000179SlK2AU,2027/03,2027/03,2027-03-01,2027-03-31,a0CRB0000CcXZ6V2QW,a09RB000015klOjYAI,a00RB00002JZk8uYAD,8750,8750,True,False,7,2026-09-10T13:07:45.000+0000,2026-09-10T13:07:45.000+0000,CN-00000266,JR東日本建築設計（アップセル）_2026-10-01,Draft,株式会社 JR東日本建築設計,Rendery Enterpriseプラン
"{'type': 'ContractLineItem__c', 'url': '/services/data/v67.0/sobjects/ContractLineItem__c/a03RB00001d3ViuYAE'}",a03RB00001d3ViuYAE,a03RB00001d3Viu,001RB00001VTrHVYA1,a04RB00000pNAm5YAG,a0BRB0000179SlK2AU,2027/03,2027/03,2027-03-01,2027-03-31,a0CRB0000CcXZ6V2QW,a09RB000015ke8kYAA,a00RB00002JZk8uYAD,8750,8750,True,False,7,2026-09-10T13:07:45.000+0000,2026-09-10T13:07:45.000+0000,CN-00000266,JR東日本建築設計（アップセル）_2026-10-01,Draft,株式会社 JR東日本建築設計,Rendery Enterpriseプラン
"{'type': 'ContractLineItem__c', 'url': '/services/data/v67.0/sobjects/ContractLineItem__c/a03RB00001d3VivYAE'}",a03RB00001d3VivYAE,a03RB00001d3Viv,001RB00001VTrHVYA1,a04RB00000pNAm5YAG,a0BRB0000179SlK2AU,2027/03,2027/03,2027-03-01,2027-03-31,a0CRB0000CcXZ6V2QW,a09RB000015kTjaYAE,a00RB00002JZk8uYAD,8750,8750,True,False,7,2026-09-10T13:07:45.000+0000,2026-09-10T13:07:45.000+0000,CN-00000266,JR東日本建築設計（アップセル）_2026-10-01,Draft,株式会社 JR東日本建築設計,Rendery Enterpriseプラン
"{'type': 'ContractLineItem__c', 'url': '/services/data/v67.0/sobjects/ContractLineItem__c/a03RB00001d3ViwYAE'}",a03RB00001d3ViwYAE,a03RB00001d3Viw,001RB00001VTrHVYA1,a04RB00000pNAm5YAG,a0BRB0000179SlK2AU,2027/03,2027/03,2027-03-01,2027-03-31,a0CRB0000CcXZ6h2QG,a09RB000015kmPdYAI,a00RB00002JZk8uYAD,8333.333333333334,8333.333333333334,True,False,1,2026-09-10T13:07:45.000+0000,2026-09-10T13:07:45.000+0000,CN-00000266,JR東日本建築設計（アップセル）_2026-10-01,Draft,株式会社 JR東日本建築設計,Rendery セキュリティオプション+_運用費用
"{'type': 'ContractLineItem__c', 'url': '/services/data/v67.0/sobjects/ContractLineItem__c/a03RB00001d3VixYAE'}",a03RB00001d3VixYAE,a03RB00001d3Vix,001RB00001VTrHVYA1,a04RB00000pNAm5YAG,a0BRB0000179SlK2AU,2027/03,2027/03,2027-03-01,2027-03-31,a0CRB0000CcXZ6h2QG,a09RB000015kiFaYAI,a00RB00002JZk8uYAD,8333.333333333334,8333.333333333334,True,False,1,2026-09-10T13:07:45.000+0000,2026-09-10T13:07:45.000+0000,CN-00000266,JR東日本建築設計（アップセル）_2026-10-01,Draft,株式会社 JR東日本建築設計,Rendery セキュリティオプション+_運用費用
"{'type': 'ContractLineItem__c', 'url': '/services/data/v67.0/sobjects/ContractLineItem__c/a03RB00001d3ViyYAE'}",a03RB00001d3ViyYAE,a03RB00001d3Viy,001RB00001VTrHVYA1,a04RB00000pNAm5YAG,a0BRB0000179SlK2AU,2027/03,2027/03,2027-03-01,2027-03-31,a0CRB0000CcXZ6h2QG,a09RB000015kmUTYAY,a00RB00002JZk8uYAD,8333.333333333334,8333.333333333334,True,False,1,2026-09-10T13:07:45.000+0000,2026-09-10T13:07:45.000+0000,CN-00000266,JR東日本建築設計（アップセル）_2026-10-01,Draft,株式会社 JR東日本建築設計,Rendery セキュリティオプション+_運用費用
"{'type': 'ContractLineItem__c', 'url': '/services/data/v67.0/sobjects/ContractLineItem__c/a03RB00001d3VizYAE'}",a03RB00001d3VizYAE,a03RB00001d3Viz,001RB00001VTrHVYA1,a04RB00000pNAm5YAG,a0BRB0000179SlK2AU,2027/03,2027/03,2027-03-01,2027-03-31,a0CRB0000CcXZ6h2QG,a09RB000015kmflYAA,a00RB00002JZk8uYAD,8333.333333333334,8333.333333333334,True,False,1,2026-09-10T13:07:45.000+0000,2026-09-10T13:07:45.000+0000,CN-00000266,JR東日本建築設計（アップセル）_2026-10-01,Draft,株式会社 JR東日本建築設計,Rendery セキュリティオプション+_運用費用
"{'type': 'ContractLineItem__c', 'url': '/services/data/v67.0/sobjects/ContractLineItem__c/a03RB00001d3Vj0YAE'}",a03RB00001d3Vj0YAE,a03RB00001d3Vj0,001RB00001VTrHVYA1,a04RB00000pNAm5YAG,a0BRB0000179SlK2AU,2027/03,2027/03,2027-03-01,2027-03-31,a0CRB0000CcXZ6h2QG,a09RB000015kmmDYAQ,a00RB00002JZk8uYAD,8333.333333333334,8333.333333333334,True,False,1,2026-09-10T13:07:45.000+0000,2026-09-10T13:07:45.000+0000,CN-00000266,JR東日本建築設計（アップセル）_2026-10-01,Draft,株式会社 JR東日本建築設計,Rendery セキュリティオプション+_運用費用
"{'type': 'ContractLineItem__c', 'url': '/services/data/v67.0/sobjects/ContractLineItem__c/a03RB00001d3Vj1YAE'}",a03RB00001d3Vj1YAE,a03RB00001d3Vj1,001RB00001VTrHVYA1,a04RB00000pNAm5YAG,a0BRB0000179SlK2AU,2027/03,2027/03,2027-03-01,2027-03-31,a0CRB0000CcXZ6h2QG,a09RB000015kn2LYAQ,a00RB00002JZk8uYAD,8333.333333333334,8333.333333333334,True,False,1,2026-09-10T13:07:45.000+0000,2026-09-10T13:07:45.000+0000,CN-00000266,JR東日本建築設計（アップセル）_2026-10-01,Draft,株式会社 JR東日本建築設計,Rendery セキュリティオプション+_運用費用
"{'type': 'ContractLineItem__c', 'url': '/services/data/v67.0/sobjects/ContractLineItem__c/a03RB00001d3Vj2YAE'}",a03RB00001d3Vj2YAE,a03RB00001d3Vj2,001RB00001VTrHVYA1,a04RB00000pNAm5YAG,a0BRB0000179SlK2AU,2027/04,2027/04,2027-04-01,2027-04-30,a0CRB0000CcXZ6V2QW,a09RB000015kjd4YAA,a00RB00002JZk8uYAD,8750,8750,True,False,7,2026-09-10T13:07:45.000+0000,2026-09-10T13:07:45.000+0000,CN-00000266,JR東日本建築設計（アップセル）_2026-10-01,Draft,株式会社 JR東日本建築設計,Rendery Enterpriseプラン
"{'type': 'ContractLineItem__c', 'url': '/services/data/v67.0/sobjects/ContractLineItem__c/a03RB00001d3Vj3YAE'}",a03RB00001d3Vj3YAE,a03RB00001d3Vj3,001RB00001VTrHVYA1,a04RB00000pNAm5YAG,a0BRB0000179SlK2AU,2027/04,2027/04,2027-04-01,2027-04-30,a0CRB0000CcXZ6V2QW,a09RB000015klIHYAY,a00RB00002JZk8uYAD,8750,8750,True,False,7,2026-09-10T13:07:45.000+0000,2026-09-10T13:07:45.000+0000,CN-00000266,JR東日本建築設計（アップセル）_2026-10-01,Draft,株式会社 JR東日本建築設計,Rendery Enterpriseプラン
"{'type': 'ContractLineItem__c', 'url': '/services/data/v67.0/sobjects/ContractLineItem__c/a03RB00001d3Vj4YAE'}",a03RB00001d3Vj4YAE,a03RB00001d3Vj4,001RB00001VTrHVYA1,a04RB00000pNAm5YAG,a0BRB0000179SlK2AU,2027/04,2027/04,2027-04-01,2027-04-30,a0CRB0000CcXZ6V2QW,a09RB000015klLVYAY,a00RB00002JZk8uYAD,8750,8750,True,False,7,2026-09-10T13:07:45.000+0000,2026-09-10T13:07:45.000+0000,CN-00000266,JR東日本建築設計（アップセル）_2026-10-01,Draft,株式会社 JR東日本建築設計,Rendery Enterpriseプラン
"{'type': 'ContractLineItem__c', 'url': '/services/data/v67.0/sobjects/ContractLineItem__c/a03RB00001d3Vj5YAE'}",a03RB00001d3Vj5YAE,a03RB00001d3Vj5,001RB00001VTrHVYA1,a04RB00000pNAm5YAG,a0BRB0000179SlK2AU,2027/04,2027/04,2027-04-01,2027-04-30,a0CRB0000CcXZ6V2QW,a09RB000015klOjYAI,a00RB00002JZk8uYAD,8750,8750,True,False,7,2026-09-10T13:07:45.000+0000,2026-09-10T13:07:45.000+0000,CN-00000266,JR東日本建築設計（アップセル）_2026-10-01,Draft,株式会社 JR東日本建築設計,Rendery Enterpriseプラン
"{'type': 'ContractLineItem__c', 'url': '/services/data/v67.0/sobjects/ContractLineItem__c/a03RB00001d3Vj6YAE'}",a03RB00001d3Vj6YAE,a03RB00001d3Vj6,001RB00001VTrHVYA1,a04RB00000pNAm5YAG,a0BRB0000179SlK2AU,2027/04,2027/04,2027-04-01,2027-04-30,a0CRB0000CcXZ6V2QW,a09RB000015ke8kYAA,a00RB00002JZk8uYAD,8750,8750,True,False,7,2026-09-10T13:07:45.000+0000,2026-09-10T13:07:45.000+0000,CN-00000266,JR東日本建築設計（アップセル）_2026-10-01,Draft,株式会社 JR東日本建築設計,Rendery Enterpriseプラン
"{'type': 'ContractLineItem__c', 'url': '/services/data/v67.0/sobjects/ContractLineItem__c/a03RB00001d3Vj7YAE'}",a03RB00001d3Vj7YAE,a03RB00001d3Vj7,001RB00001VTrHVYA1,a04RB00000pNAm5YAG,a0BRB0000179SlK2AU,2027/04,2027/04,2027-04-01,2027-04-30,a0CRB0000CcXZ6V2QW,a09RB000015kTjaYAE,a00RB00002JZk8uYAD,8750,8750,True,False,7,2026-09-10T13:07:45.000+0000,2026-09-10T13:07:45.000+0000,CN-00000266,JR東日本建築設計（アップセル）_2026-10-01,Draft,株式会社 JR東日本建築設計,Rendery Enterpriseプラン
"{'type': 'ContractLineItem__c', 'url': '/services/data/v67.0/sobjects/ContractLineItem__c/a03RB00001d3Vj8YAE'}",a03RB00001d3Vj8YAE,a03RB00001d3Vj8,001RB00001VTrHVYA1,a04RB00000pNAm5YAG,a0BRB0000179SlK2AU,2027/04,2027/04,2027-04-01,2027-04-30,a0CRB0000CcXZ6h2QG,a09RB000015kmPdYAI,a00RB00002JZk8uYAD,8333.333333333334,8333.333333333334,True,False,1,2026-09-10T13:07:45.000+0000,2026-09-10T13:07:45.000+0000,CN-00000266,JR東日本建築設計（アップセル）_2026-10-01,Draft,株式会社 JR東日本建築設計,Rendery セキュリティオプション+_運用費用
"{'type': 'ContractLineItem__c', 'url': '/services/data/v67.0/sobjects/ContractLineItem__c/a03RB00001d3Vj9YAE'}",a03RB00001d3Vj9YAE,a03RB00001d3Vj9,001RB00001VTrHVYA1,a04RB00000pNAm5YAG,a0BRB0000179SlK2AU,2027/04,2027/04,2027-04-01,2027-04-30,a0CRB0000CcXZ6h2QG,a09RB000015kiFaYAI,a00RB00002JZk8uYAD,8333.333333333334,8333.333333333334,True,False,1,2026-09-10T13:07:45.000+0000,2026-09-10T13:07:45.000+0000,CN-00000266,JR東日本建築設計（アップセル）_2026-10-01,Draft,株式会社 JR東日本建築設計,Rendery セキュリティオプション+_運用費用
"{'type': 'ContractLineItem__c', 'url': '/services/data/v67.0/sobjects/ContractLineItem__c/a03RB00001d3VjAYAU'}",a03RB00001d3VjAYAU,a03RB00001d3VjA,001RB00001VTrHVYA1,a04RB00000pNAm5YAG,a0BRB0000179SlK2AU,2027/04,2027/04,2027-04-01,2027-04-30,a0CRB0000CcXZ6h2QG,a09RB000015kmUTYAY,a00RB00002JZk8uYAD,8333.333333333334,8333.333333333334,True,False,1,2026-09-10T13:07:45.000+0000,2026-09-10T13:07:45.000+0000,CN-00000266,JR東日本建築設計（アップセル）_2026-10-01,Draft,株式会社 JR東日本建築設計,Rendery セキュリティオプション+_運用費用
"{'type': 'ContractLineItem__c', 'url': '/services/data/v67.0/sobjects/ContractLineItem__c/a03RB00001d3VjBYAU'}",a03RB00001d3VjBYAU,a03RB00001d3VjB,001RB00001VTrHVYA1,a04RB00000pNAm5YAG,a0BRB0000179SlK2AU,2027/04,2027/04,2027-04-01,2027-04-30,a0CRB0000CcXZ6h2QG,a09RB000015kmflYAA,a00RB00002JZk8uYAD,8333.333333333334,8333.333333333334,True,False,1,2026-09-10T13:07:45.000+0000,2026-09-10T13:07:45.000+0000,CN-00000266,JR東日本建築設計（アップセル）_2026-10-01,Draft,株式会社 JR東日本建築設計,Rendery セキュリティオプション+_運用費用
"{'type': 'ContractLineItem__c', 'url': '/services/data/v67.0/sobjects/ContractLineItem__c/a03RB00001d3VjCYAU'}",a03RB00001d3VjCYAU,a03RB00001d3VjC,001RB00001VTrHVYA1,a04RB00000pNAm5YAG,a0BRB0000179SlK2AU,2027/04,2027/04,2027-04-01,2027-04-30,a0CRB0000CcXZ6h2QG,a09RB000015kmmDYAQ,a00RB00002JZk8uYAD,8333.333333333334,8333.333333333334,True,False,1,2026-09-10T13:07:45.000+0000,2026-09-10T13:07:45.000+0000,CN-00000266,JR東日本建築設計（アップセル）_2026-10-01,Draft,株式会社 JR東日本建築設計,Rendery セキュリティオプション+_運用費用
"{'type': 'ContractLineItem__c', 'url': '/services/data/v67.0/sobjects/ContractLineItem__c/a03RB00001d3VjDYAU'}",a03RB00001d3VjDYAU,a03RB00001d3VjD,001RB00001VTrHVYA1,a04RB00000pNAm5YAG,a0BRB0000179SlK2AU,2027/04,2027/04,2027-04-01,2027-04-30,a0CRB0000CcXZ6h2QG,a09RB000015kn2LYAQ,a00RB00002JZk8uYAD,8333.333333333334,8333.333333333334,True,False,1,2026-09-10T13:07:45.000+0000,2026-09-10T13:07:45.000+0000,CN-00000266,JR東日本建築設計（アップセル）_2026-10-01,Draft,株式会社 JR東日本建築設計,Rendery セキュリティオプション+_運用費用
"{'type': 'ContractLineItem__c', 'url': '/services/data/v67.0/sobjects/ContractLineItem__c/a03RB00001d3VjEYAU'}",a03RB00001d3VjEYAU,a03RB00001d3VjE,001RB00001VTrHVYA1,a04RB00000pNAm5YAG,a0BRB0000179SlK2AU,2027/05,2027/05,2027-05-01,2027-05-31,a0CRB0000CcXZ6V2QW,a09RB000015kjd4YAA,a00RB00002JZk8uYAD,8750,8750,True,False,7,2026-09-10T13:07:45.000+0000,2026-09-10T13:07:45.000+0000,CN-00000266,JR東日本建築設計（アップセル）_2026-10-01,Draft,株式会社 JR東日本建築設計,Rendery Enterpriseプラン
"{'type': 'ContractLineItem__c', 'url': '/services/data/v67.0/sobjects/ContractLineItem__c/a03RB00001d3VjFYAU'}",a03RB00001d3VjFYAU,a03RB00001d3VjF,001RB00001VTrHVYA1,a04RB00000pNAm5YAG,a0BRB0000179SlK2AU,2027/05,2027/05,2027-05-01,2027-05-31,a0CRB0000CcXZ6V2QW,a09RB000015klIHYAY,a00RB00002JZk8uYAD,8750,8750,True,False,7,2026-09-10T13:07:45.000+0000,2026-09-10T13:07:45.000+0000,CN-00000266,JR東日本建築設計（アップセル）_2026-10-01,Draft,株式会社 JR東日本建築設計,Rendery Enterpriseプラン
"{'type': 'ContractLineItem__c', 'url': '/services/data/v67.0/sobjects/ContractLineItem__c/a03RB00001d3VjGYAU'}",a03RB00001d3VjGYAU,a03RB00001d3VjG,001RB00001VTrHVYA1,a04RB00000pNAm5YAG,a0BRB0000179SlK2AU,2027/05,2027/05,2027-05-01,2027-05-31,a0CRB0000CcXZ6V2QW,a09RB000015klLVYAY,a00RB00002JZk8uYAD,8750,8750,True,False,7,2026-09-10T13:07:45.000+0000,2026-09-10T13:07:45.000+0000,CN-00000266,JR東日本建築設計（アップセル）_2026-10-01,Draft,株式会社 JR東日本建築設計,Rendery Enterpriseプラン
"{'type': 'ContractLineItem__c', 'url': '/services/data/v67.0/sobjects/ContractLineItem__c/a03RB00001d3VjHYAU'}",a03RB00001d3VjHYAU,a03RB00001d3VjH,001RB00001VTrHVYA1,a04RB00000pNAm5YAG,a0BRB0000179SlK2AU,2027/05,2027/05,2027-05-01,2027-05-31,a0CRB0000CcXZ6V2QW,a09RB000015klOjYAI,a00RB00002JZk8uYAD,8750,8750,True,False,7,2026-09-10T13:07:45.000+0000,2026-09-10T13:07:45.000+0000,CN-00000266,JR東日本建築設計（アップセル）_2026-10-01,Draft,株式会社 JR東日本建築設計,Rendery Enterpriseプラン
"{'type': 'ContractLineItem__c', 'url': '/services/data/v67.0/sobjects/ContractLineItem__c/a03RB00001d3VjIYAU'}",a03RB00001d3VjIYAU,a03RB00001d3VjI,001RB00001VTrHVYA1,a04RB00000pNAm5YAG,a0BRB0000179SlK2AU,2027/05,2027/05,2027-05-01,2027-05-31,a0CRB0000CcXZ6V2QW,a09RB000015ke8kYAA,a00RB00002JZk8uYAD,8750,8750,True,False,7,2026-09-10T13:07:45.000+0000,2026-09-10T13:07:45.000+0000,CN-00000266,JR東日本建築設計（アップセル）_2026-10-01,Draft,株式会社 JR東日本建築設計,Rendery Enterpriseプラン
"{'type': 'ContractLineItem__c', 'url': '/services/data/v67.0/sobjects/ContractLineItem__c/a03RB00001d3VjJYAU'}",a03RB00001d3VjJYAU,a03RB00001d3VjJ,001RB00001VTrHVYA1,a04RB00000pNAm5YAG,a0BRB0000179SlK2AU,2027/05,2027/05,2027-05-01,2027-05-31,a0CRB0000CcXZ6V2QW,a09RB000015kTjaYAE,a00RB00002JZk8uYAD,8750,8750,True,False,7,2026-09-10T13:07:45.000+0000,2026-09-10T13:07:45.000+0000,CN-00000266,JR東日本建築設計（アップセル）_2026-10-01,Draft,株式会社 JR東日本建築設計,Rendery Enterpriseプラン
"{'type': 'ContractLineItem__c', 'url': '/services/data/v67.0/sobjects/ContractLineItem__c/a03RB00001d3VjKYAU'}",a03RB00001d3VjKYAU,a03RB00001d3VjK,001RB00001VTrHVYA1,a04RB00000pNAm5YAG,a0BRB0000179SlK2AU,2027/05,2027/05,2027-05-01,2027-05-31,a0CRB0000CcXZ6h2QG,a09RB000015kmPdYAI,a00RB00002JZk8uYAD,8333.333333333334,8333.333333333334,True,False,1,2026-09-10T13:07:45.000+0000,2026-09-10T13:07:45.000+0000,CN-00000266,JR東日本建築設計（アップセル）_2026-10-01,Draft,株式会社 JR東日本建築設計,Rendery セキュリティオプション+_運用費用
"{'type': 'ContractLineItem__c', 'url': '/services/data/v67.0/sobjects/ContractLineItem__c/a03RB00001d3VjLYAU'}",a03RB00001d3VjLYAU,a03RB00001d3VjL,001RB00001VTrHVYA1,a04RB00000pNAm5YAG,a0BRB0000179SlK2AU,2027/05,2027/05,2027-05-01,2027-05-31,a0CRB0000CcXZ6h2QG,a09RB000015kiFaYAI,a00RB00002JZk8uYAD,8333.333333333334,8333.333333333334,True,False,1,2026-09-10T13:07:45.000+0000,2026-09-10T13:07:45.000+0000,CN-00000266,JR東日本建築設計（アップセル）_2026-10-01,Draft,株式会社 JR東日本建築設計,Rendery セキュリティオプション+_運用費用
"{'type': 'ContractLineItem__c', 'url': '/services/data/v67.0/sobjects/ContractLineItem__c/a03RB00001d3VjMYAU'}",a03RB00001d3VjMYAU,a03RB00001d3VjM,001RB00001VTrHVYA1,a04RB00000pNAm5YAG,a0BRB0000179SlK2AU,2027/05,2027/05,2027-05-01,2027-05-31,a0CRB0000CcXZ6h2QG,a09RB000015kmUTYAY,a00RB00002JZk8uYAD,8333.333333333334,8333.333333333334,True,False,1,2026-09-10T13:07:45.000+0000,2026-09-10T13:07:45.000+0000,CN-00000266,JR東日本建築設計（アップセル）_2026-10-01,Draft,株式会社 JR東日本建築設計,Rendery セキュリティオプション+_運用費用
"{'type': 'ContractLineItem__c', 'url': '/services/data/v67.0/sobjects/ContractLineItem__c/a03RB00001d3VjNYAU'}",a03RB00001d3VjNYAU,a03RB00001d3VjN,001RB00001VTrHVYA1,a04RB00000pNAm5YAG,a0BRB0000179SlK2AU,2027/05,2027/05,2027-05-01,2027-05-31,a0CRB0000CcXZ6h2QG,a09RB000015kmflYAA,a00RB00002JZk8uYAD,8333.333333333334,8333.333333333334,True,False,1,2026-09-10T13:07:45.000+0000,2026-09-10T13:07:45.000+0000,CN-00000266,JR東日本建築設計（アップセル）_2026-10-01,Draft,株式会社 JR東日本建築設計,Rendery セキュリティオプション+_運用費用
"{'type': 'ContractLineItem__c', 'url': '/services/data/v67.0/sobjects/ContractLineItem__c/a03RB00001d3VjOYAU'}",a03RB00001d3VjOYAU,a03RB00001d3VjO,001RB00001VTrHVYA1,a04RB00000pNAm5YAG,a0BRB0000179SlK2AU,2027/05,2027/05,2027-05-01,2027-05-31,a0CRB0000CcXZ6h2QG,a09RB000015kmmDYAQ,a00RB00002JZk8uYAD,8333.333333333334,8333.333333333334,True,False,1,2026-09-10T13:07:45.000+0000,2026-09-10T13:07:45.000+0000,CN-00000266,JR東日本建築設計（アップセル）_2026-10-01,Draft,株式会社 JR東日本建築設計,Rendery セキュリティオプション+_運用費用
"{'type': 'ContractLineItem__c', 'url': '/services/data/v67.0/sobjects/ContractLineItem__c/a03RB00001d3VjPYAU'}",a03RB00001d3VjPYAU,a03RB00001d3VjP,001RB00001VTrHVYA1,a04RB00000pNAm5YAG,a0BRB0000179SlK2AU,2027/05,2027/05,2027-05-01,2027-05-31,a0CRB0000CcXZ6h2QG,a09RB000015kn2LYAQ,a00RB00002JZk8uYAD,8333.333333333334,8333.333333333334,True,False,1,2026-09-10T13:07:45.000+0000,2026-09-10T13:07:45.000+0000,CN-00000266,JR東日本建築設計（アップセル）_2026-10-01,Draft,株式会社 JR東日本建築設計,Rendery セキュリティオプション+_運用費用
"{'type': 'ContractLineItem__c', 'url': '/services/data/v67.0/sobjects/ContractLineItem__c/a03RB00001d3VjQYAU'}",a03RB00001d3VjQYAU,a03RB00001d3VjQ,001RB00001VTrHVYA1,a04RB00000pNAm5YAG,a0BRB0000179SlK2AU,2027/06,2027/06,2027-06-01,2027-06-30,a0CRB0000CcXZ6V2QW,a09RB000015kjd4YAA,a00RB00002JZk8uYAD,8750,8750,True,False,7,2026-09-10T13:07:45.000+0000,2026-09-10T13:07:45.000+0000,CN-00000266,JR東日本建築設計（アップセル）_2026-10-01,Draft,株式会社 JR東日本建築設計,Rendery Enterpriseプラン
"{'type': 'ContractLineItem__c', 'url': '/services/data/v67.0/sobjects/ContractLineItem__c/a03RB00001d3gdFYAQ'}",a03RB00001d3gdFYAQ,a03RB00001d3gdF,001RB00001VTrHVYA1,a04RB00000pNAm5YAG,a0BRB0000179SlK2AU,2027/06,2027/06,2027-06-01,2027-06-30,a0CRB0000CcXZ6V2QW,a09RB000015klIHYAY,a00RB00002JZk8uYAD,8750,8750,True,False,7,2026-09-10T13:07:45.000+0000,2026-09-10T13:07:45.000+0000,CN-00000266,JR東日本建築設計（アップセル）_2026-10-01,Draft,株式会社 JR東日本建築設計,Rendery Enterpriseプラン
"{'type': 'ContractLineItem__c', 'url': '/services/data/v67.0/sobjects/ContractLineItem__c/a03RB00001d3gdGYAQ'}",a03RB00001d3gdGYAQ,a03RB00001d3gdG,001RB00001VTrHVYA1,a04RB00000pNAm5YAG,a0BRB0000179SlK2AU,2027/06,2027/06,2027-06-01,2027-06-30,a0CRB0000CcXZ6V2QW,a09RB000015klLVYAY,a00RB00002JZk8uYAD,8750,8750,True,False,7,2026-09-10T13:07:45.000+0000,2026-09-10T13:07:45.000+0000,CN-00000266,JR東日本建築設計（アップセル）_2026-10-01,Draft,株式会社 JR東日本建築設計,Rendery Enterpriseプラン
"{'type': 'ContractLineItem__c', 'url': '/services/data/v67.0/sobjects/ContractLineItem__c/a03RB00001d3gdHYAQ'}",a03RB00001d3gdHYAQ,a03RB00001d3gdH,001RB00001VTrHVYA1,a04RB00000pNAm5YAG,a0BRB0000179SlK2AU,2027/06,2027/06,2027-06-01,2027-06-30,a0CRB0000CcXZ6V2QW,a09RB000015klOjYAI,a00RB00002JZk8uYAD,8750,8750,True,False,7,2026-09-10T13:07:45.000+0000,2026-09-10T13:07:45.000+0000,CN-00000266,JR東日本建築設計（アップセル）_2026-10-01,Draft,株式会社 JR東日本建築設計,Rendery Enterpriseプラン
"{'type': 'ContractLineItem__c', 'url': '/services/data/v67.0/sobjects/ContractLineItem__c/a03RB00001d3gdIYAQ'}",a03RB00001d3gdIYAQ,a03RB00001d3gdI,001RB00001VTrHVYA1,a04RB00000pNAm5YAG,a0BRB0000179SlK2AU,2027/06,2027/06,2027-06-01,2027-06-30,a0CRB0000CcXZ6V2QW,a09RB000015ke8kYAA,a00RB00002JZk8uYAD,8750,8750,True,False,7,2026-09-10T13:07:45.000+0000,2026-09-10T13:07:45.000+0000,CN-00000266,JR東日本建築設計（アップセル）_2026-10-01,Draft,株式会社 JR東日本建築設計,Rendery Enterpriseプラン
"{'type': 'ContractLineItem__c', 'url': '/services/data/v67.0/sobjects/ContractLineItem__c/a03RB00001d3gdJYAQ'}",a03RB00001d3gdJYAQ,a03RB00001d3gdJ,001RB00001VTrHVYA1,a04RB00000pNAm5YAG,a0BRB0000179SlK2AU,2027/06,2027/06,2027-06-01,2027-06-30,a0CRB0000CcXZ6V2QW,a09RB000015kTjaYAE,a00RB00002JZk8uYAD,8750,8750,True,False,7,2026-09-10T13:07:45.000+0000,2026-09-10T13:07:45.000+0000,CN-00000266,JR東日本建築設計（アップセル）_2026-10-01,Draft,株式会社 JR東日本建築設計,Rendery Enterpriseプラン
"{'type': 'ContractLineItem__c', 'url': '/services/data/v67.0/sobjects/ContractLineItem__c/a03RB00001d3gdKYAQ'}",a03RB00001d3gdKYAQ,a03RB00001d3gdK,001RB00001VTrHVYA1,a04RB00000pNAm5YAG,a0BRB0000179SlK2AU,2027/06,2027/06,2027-06-01,2027-06-30,a0CRB0000CcXZ6h2QG,a09RB000015kmPdYAI,a00RB00002JZk8uYAD,8333.333333333334,8333.333333333334,True,False,1,2026-09-10T13:07:45.000+0000,2026-09-10T13:07:45.000+0000,CN-00000266,JR東日本建築設計（アップセル）_2026-10-01,Draft,株式会社 JR東日本建築設計,Rendery セキュリティオプション+_運用費用
"{'type': 'ContractLineItem__c', 'url': '/services/data/v67.0/sobjects/ContractLineItem__c/a03RB00001d3gdLYAQ'}",a03RB00001d3gdLYAQ,a03RB00001d3gdL,001RB00001VTrHVYA1,a04RB00000pNAm5YAG,a0BRB0000179SlK2AU,2027/06,2027/06,2027-06-01,2027-06-30,a0CRB0000CcXZ6h2QG,a09RB000015kiFaYAI,a00RB00002JZk8uYAD,8333.333333333334,8333.333333333334,True,False,1,2026-09-10T13:07:45.000+0000,2026-09-10T13:07:45.000+0000,CN-00000266,JR東日本建築設計（アップセル）_2026-10-01,Draft,株式会社 JR東日本建築設計,Rendery セキュリティオプション+_運用費用
"{'type': 'ContractLineItem__c', 'url': '/services/data/v67.0/sobjects/ContractLineItem__c/a03RB00001d3gdMYAQ'}",a03RB00001d3gdMYAQ,a03RB00001d3gdM,001RB00001VTrHVYA1,a04RB00000pNAm5YAG,a0BRB0000179SlK2AU,2027/06,2027/06,2027-06-01,2027-06-30,a0CRB0000CcXZ6h2QG,a09RB000015kmUTYAY,a00RB00002JZk8uYAD,8333.333333333334,8333.333333333334,True,False,1,2026-09-10T13:07:45.000+0000,2026-09-10T13:07:45.000+0000,CN-00000266,JR東日本建築設計（アップセル）_2026-10-01,Draft,株式会社 JR東日本建築設計,Rendery セキュリティオプション+_運用費用
"{'type': 'ContractLineItem__c', 'url': '/services/data/v67.0/sobjects/ContractLineItem__c/a03RB00001d3gdNYAQ'}",a03RB00001d3gdNYAQ,a03RB00001d3gdN,001RB00001VTrHVYA1,a04RB00000pNAm5YAG,a0BRB0000179SlK2AU,2027/06,2027/06,2027-06-01,2027-06-30,a0CRB0000CcXZ6h2QG,a09RB000015kmflYAA,a00RB00002JZk8uYAD,8333.333333333334,8333.333333333334,True,False,1,2026-09-10T13:07:45.000+0000,2026-09-10T13:07:45.000+0000,CN-00000266,JR東日本建築設計（アップセル）_2026-10-01,Draft,株式会社 JR東日本建築設計,Rendery セキュリティオプション+_運用費用
"{'type': 'ContractLineItem__c', 'url': '/services/data/v67.0/sobjects/ContractLineItem__c/a03RB00001d3gdOYAQ'}",a03RB00001d3gdOYAQ,a03RB00001d3gdO,001RB00001VTrHVYA1,a04RB00000pNAm5YAG,a0BRB0000179SlK2AU,2027/06,2027/06,2027-06-01,2027-06-30,a0CRB0000CcXZ6h2QG,a09RB000015kmmDYAQ,a00RB00002JZk8uYAD,8333.333333333334,8333.333333333334,True,False,1,2026-09-10T13:07:45.000+0000,2026-09-10T13:07:45.000+0000,CN-00000266,JR東日本建築設計（アップセル）_2026-10-01,Draft,株式会社 JR東日本建築設計,Rendery セキュリティオプション+_運用費用
"{'type': 'ContractLineItem__c', 'url': '/services/data/v67.0/sobjects/ContractLineItem__c/a03RB00001d3gdPYAQ'}",a03RB00001d3gdPYAQ,a03RB00001d3gdP,001RB00001VTrHVYA1,a04RB00000pNAm5YAG,a0BRB0000179SlK2AU,2027/06,2027/06,2027-06-01,2027-06-30,a0CRB0000CcXZ6h2QG,a09RB000015kn2LYAQ,a00RB00002JZk8uYAD,8333.333333333334,8333.333333333334,True,False,1,2026-09-10T13:07:45.000+0000,2026-09-10T13:07:45.000+0000,CN-00000266,JR東日本建築設計（アップセル）_2026-10-01,Draft,株式会社 JR東日本建築設計,Rendery セキュリティオプション+_運用費用
"{'type': 'ContractLineItem__c', 'url': '/services/data/v67.0/sobjects/ContractLineItem__c/a03RB00001d3gdQYAQ'}",a03RB00001d3gdQYAQ,a03RB00001d3gdQ,001RB00001VTrHVYA1,a04RB00000pNAm5YAG,a0BRB0000179SlK2AU,2027/07,2027/07,2027-07-01,2027-07-31,a0CRB0000CcXZ6V2QW,a09RB000015kjd4YAA,a00RB00002JZk8uYAD,8750,8750,True,False,7,2026-09-10T13:07:45.000+0000,2026-09-10T13:07:45.000+0000,CN-00000266,JR東日本建築設計（アップセル）_2026-10-01,Draft,株式会社 JR東日本建築設計,Rendery Enterpriseプラン
"{'type': 'ContractLineItem__c', 'url': '/services/data/v67.0/sobjects/ContractLineItem__c/a03RB00001d3gdRYAQ'}",a03RB00001d3gdRYAQ,a03RB00001d3gdR,001RB00001VTrHVYA1,a04RB00000pNAm5YAG,a0BRB0000179SlK2AU,2027/07,2027/07,2027-07-01,2027-07-31,a0CRB0000CcXZ6V2QW,a09RB000015klIHYAY,a00RB00002JZk8uYAD,8750,8750,True,False,7,2026-09-10T13:07:45.000+0000,2026-09-10T13:07:45.000+0000,CN-00000266,JR東日本建築設計（アップセル）_2026-10-01,Draft,株式会社 JR東日本建築設計,Rendery Enterpriseプラン
"{'type': 'ContractLineItem__c', 'url': '/services/data/v67.0/sobjects/ContractLineItem__c/a03RB00001d3gdSYAQ'}",a03RB00001d3gdSYAQ,a03RB00001d3gdS,001RB00001VTrHVYA1,a04RB00000pNAm5YAG,a0BRB0000179SlK2AU,2027/07,2027/07,2027-07-01,2027-07-31,a0CRB0000CcXZ6V2QW,a09RB000015klLVYAY,a00RB00002JZk8uYAD,8750,8750,True,False,7,2026-09-10T13:07:45.000+0000,2026-09-10T13:07:45.000+0000,CN-00000266,JR東日本建築設計（アップセル）_2026-10-01,Draft,株式会社 JR東日本建築設計,Rendery Enterpriseプラン
"{'type': 'ContractLineItem__c', 'url': '/services/data/v67.0/sobjects/ContractLineItem__c/a03RB00001d3gdTYAQ'}",a03RB00001d3gdTYAQ,a03RB00001d3gdT,001RB00001VTrHVYA1,a04RB00000pNAm5YAG,a0BRB0000179SlK2AU,2027/07,2027/07,2027-07-01,2027-07-31,a0CRB0000CcXZ6V2QW,a09RB000015klOjYAI,a00RB00002JZk8uYAD,8750,8750,True,False,7,2026-09-10T13:07:45.000+0000,2026-09-10T13:07:45.000+0000,CN-00000266,JR東日本建築設計（アップセル）_2026-10-01,Draft,株式会社 JR東日本建築設計,Rendery Enterpriseプラン
"{'type': 'ContractLineItem__c', 'url': '/services/data/v67.0/sobjects/ContractLineItem__c/a03RB00001d3gdUYAQ'}",a03RB00001d3gdUYAQ,a03RB00001d3gdU,001RB00001VTrHVYA1,a04RB00000pNAm5YAG,a0BRB0000179SlK2AU,2027/07,2027/07,2027-07-01,2027-07-31,a0CRB0000CcXZ6V2QW,a09RB000015ke8kYAA,a00RB00002JZk8uYAD,8750,8750,True,False,7,2026-09-10T13:07:45.000+0000,2026-09-10T13:07:45.000+0000,CN-00000266,JR東日本建築設計（アップセル）_2026-10-01,Draft,株式会社 JR東日本建築設計,Rendery Enterpriseプラン
"{'type': 'ContractLineItem__c', 'url': '/services/data/v67.0/sobjects/ContractLineItem__c/a03RB00001d3gdVYAQ'}",a03RB00001d3gdVYAQ,a03RB00001d3gdV,001RB00001VTrHVYA1,a04RB00000pNAm5YAG,a0BRB0000179SlK2AU,2027/07,2027/07,2027-07-01,2027-07-31,a0CRB0000CcXZ6V2QW,a09RB000015kTjaYAE,a00RB00002JZk8uYAD,8750,8750,True,False,7,2026-09-10T13:07:45.000+0000,2026-09-10T13:07:45.000+0000,CN-00000266,JR東日本建築設計（アップセル）_2026-10-01,Draft,株式会社 JR東日本建築設計,Rendery Enterpriseプラン
"{'type': 'ContractLineItem__c', 'url': '/services/data/v67.0/sobjects/ContractLineItem__c/a03RB00001d3gdWYAQ'}",a03RB00001d3gdWYAQ,a03RB00001d3gdW,001RB00001VTrHVYA1,a04RB00000pNAm5YAG,a0BRB0000179SlK2AU,2027/07,2027/07,2027-07-01,2027-07-31,a0CRB0000CcXZ6h2QG,a09RB000015kmPdYAI,a00RB00002JZk8uYAD,8333.333333333334,8333.333333333334,True,False,1,2026-09-10T13:07:45.000+0000,2026-09-10T13:07:45.000+0000,CN-00000266,JR東日本建築設計（アップセル）_2026-10-01,Draft,株式会社 JR東日本建築設計,Rendery セキュリティオプション+_運用費用
"{'type': 'ContractLineItem__c', 'url': '/services/data/v67.0/sobjects/ContractLineItem__c/a03RB00001d3gdXYAQ'}",a03RB00001d3gdXYAQ,a03RB00001d3gdX,001RB00001VTrHVYA1,a04RB00000pNAm5YAG,a0BRB0000179SlK2AU,2027/07,2027/07,2027-07-01,2027-07-31,a0CRB0000CcXZ6h2QG,a09RB000015kiFaYAI,a00RB00002JZk8uYAD,8333.333333333334,8333.333333333334,True,False,1,2026-09-10T13:07:45.000+0000,2026-09-10T13:07:45.000+0000,CN-00000266,JR東日本建築設計（アップセル）_2026-10-01,Draft,株式会社 JR東日本建築設計,Rendery セキュリティオプション+_運用費用
"{'type': 'ContractLineItem__c', 'url': '/services/data/v67.0/sobjects/ContractLineItem__c/a03RB00001d3gdYYAQ'}",a03RB00001d3gdYYAQ,a03RB00001d3gdY,001RB00001VTrHVYA1,a04RB00000pNAm5YAG,a0BRB0000179SlK2AU,2027/07,2027/07,2027-07-01,2027-07-31,a0CRB0000CcXZ6h2QG,a09RB000015kmUTYAY,a00RB00002JZk8uYAD,8333.333333333334,8333.333333333334,True,False,1,2026-09-10T13:07:45.000+0000,2026-09-10T13:07:45.000+0000,CN-00000266,JR東日本建築設計（アップセル）_2026-10-01,Draft,株式会社 JR東日本建築設計,Rendery セキュリティオプション+_運用費用
"{'type': 'ContractLineItem__c', 'url': '/services/data/v67.0/sobjects/ContractLineItem__c/a03RB00001d3gdZYAQ'}",a03RB00001d3gdZYAQ,a03RB00001d3gdZ,001RB00001VTrHVYA1,a04RB00000pNAm5YAG,a0BRB0000179SlK2AU,2027/07,2027/07,2027-07-01,2027-07-31,a0CRB0000CcXZ6h2QG,a09RB000015kmflYAA,a00RB00002JZk8uYAD,8333.333333333334,8333.333333333334,True,False,1,2026-09-10T13:07:45.000+0000,2026-09-10T13:07:45.000+0000,CN-00000266,JR東日本建築設計（アップセル）_2026-10-01,Draft,株式会社 JR東日本建築設計,Rendery セキュリティオプション+_運用費用
"{'type': 'ContractLineItem__c', 'url': '/services/data/v67.0/sobjects/ContractLineItem__c/a03RB00001d3gdaYAA'}",a03RB00001d3gdaYAA,a03RB00001d3gda,001RB00001VTrHVYA1,a04RB00000pNAm5YAG,a0BRB0000179SlK2AU,2027/07,2027/07,2027-07-01,2027-07-31,a0CRB0000CcXZ6h2QG,a09RB000015kmmDYAQ,a00RB00002JZk8uYAD,8333.333333333334,8333.333333333334,True,False,1,2026-09-10T13:07:45.000+0000,2026-09-10T13:07:45.000+0000,CN-00000266,JR東日本建築設計（アップセル）_2026-10-01,Draft,株式会社 JR東日本建築設計,Rendery セキュリティオプション+_運用費用
"{'type': 'ContractLineItem__c', 'url': '/services/data/v67.0/sobjects/ContractLineItem__c/a03RB00001d3gdbYAA'}",a03RB00001d3gdbYAA,a03RB00001d3gdb,001RB00001VTrHVYA1,a04RB00000pNAm5YAG,a0BRB0000179SlK2AU,2027/07,2027/07,2027-07-01,2027-07-31,a0CRB0000CcXZ6h2QG,a09RB000015kn2LYAQ,a00RB00002JZk8uYAD,8333.333333333334,8333.333333333334,True,False,1,2026-09-10T13:07:45.000+0000,2026-09-10T13:07:45.000+0000,CN-00000266,JR東日本建築設計（アップセル）_2026-10-01,Draft,株式会社 JR東日本建築設計,Rendery セキュリティオプション+_運用費用
"{'type': 'ContractLineItem__c', 'url': '/services/data/v67.0/sobjects/ContractLineItem__c/a03RB00001d3gdcYAA'}",a03RB00001d3gdcYAA,a03RB00001d3gdc,001RB00001VTrHVYA1,a04RB00000pNAm5YAG,a0BRB0000179SlK2AU,2027/08,2027/08,2027-08-01,2027-08-31,a0CRB0000CcXZ6V2QW,a09RB000015kjd4YAA,a00RB00002JZk8uYAD,8750,8750,True,False,7,2026-09-10T13:07:45.000+0000,2026-09-10T13:07:45.000+0000,CN-00000266,JR東日本建築設計（アップセル）_2026-10-01,Draft,株式会社 JR東日本建築設計,Rendery Enterpriseプラン
"{'type': 'ContractLineItem__c', 'url': '/services/data/v67.0/sobjects/ContractLineItem__c/a03RB00001d3gddYAA'}",a03RB00001d3gddYAA,a03RB00001d3gdd,001RB00001VTrHVYA1,a04RB00000pNAm5YAG,a0BRB0000179SlK2AU,2027/08,2027/08,2027-08-01,2027-08-31,a0CRB0000CcXZ6V2QW,a09RB000015klIHYAY,a00RB00002JZk8uYAD,8750,8750,True,False,7,2026-09-10T13:07:45.000+0000,2026-09-10T13:07:45.000+0000,CN-00000266,JR東日本建築設計（アップセル）_2026-10-01,Draft,株式会社 JR東日本建築設計,Rendery Enterpriseプラン
"{'type': 'ContractLineItem__c', 'url': '/services/data/v67.0/sobjects/ContractLineItem__c/a03RB00001d3gdeYAA'}",a03RB00001d3gdeYAA,a03RB00001d3gde,001RB00001VTrHVYA1,a04RB00000pNAm5YAG,a0BRB0000179SlK2AU,2027/08,2027/08,2027-08-01,2027-08-31,a0CRB0000CcXZ6V2QW,a09RB000015klLVYAY,a00RB00002JZk8uYAD,8750,8750,True,False,7,2026-09-10T13:07:45.000+0000,2026-09-10T13:07:45.000+0000,CN-00000266,JR東日本建築設計（アップセル）_2026-10-01,Draft,株式会社 JR東日本建築設計,Rendery Enterpriseプラン
"{'type': 'ContractLineItem__c', 'url': '/services/data/v67.0/sobjects/ContractLineItem__c/a03RB00001d3gdfYAA'}",a03RB00001d3gdfYAA,a03RB00001d3gdf,001RB00001VTrHVYA1,a04RB00000pNAm5YAG,a0BRB0000179SlK2AU,2027/08,2027/08,2027-08-01,2027-08-31,a0CRB0000CcXZ6V2QW,a09RB000015klOjYAI,a00RB00002JZk8uYAD,8750,8750,True,False,7,2026-09-10T13:07:45.000+0000,2026-09-10T13:07:45.000+0000,CN-00000266,JR東日本建築設計（アップセル）_2026-10-01,Draft,株式会社 JR東日本建築設計,Rendery Enterpriseプラン
"{'type': 'ContractLineItem__c', 'url': '/services/data/v67.0/sobjects/ContractLineItem__c/a03RB00001d3gdgYAA'}",a03RB00001d3gdgYAA,a03RB00001d3gdg,001RB00001VTrHVYA1,a04RB00000pNAm5YAG,a0BRB0000179SlK2AU,2027/08,2027/08,2027-08-01,2027-08-31,a0CRB0000CcXZ6V2QW,a09RB000015ke8kYAA,a00RB00002JZk8uYAD,8750,8750,True,False,7,2026-09-10T13:07:45.000+0000,2026-09-10T13:07:45.000+0000,CN-00000266,JR東日本建築設計（アップセル）_2026-10-01,Draft,株式会社 JR東日本建築設計,Rendery Enterpriseプラン
"{'type': 'ContractLineItem__c', 'url': '/services/data/v67.0/sobjects/ContractLineItem__c/a03RB00001d3gdhYAA'}",a03RB00001d3gdhYAA,a03RB00001d3gdh,001RB00001VTrHVYA1,a04RB00000pNAm5YAG,a0BRB0000179SlK2AU,2027/08,2027/08,2027-08-01,2027-08-31,a0CRB0000CcXZ6V2QW,a09RB000015kTjaYAE,a00RB00002JZk8uYAD,8750,8750,True,False,7,2026-09-10T13:07:45.000+0000,2026-09-10T13:07:45.000+0000,CN-00000266,JR東日本建築設計（アップセル）_2026-10-01,Draft,株式会社 JR東日本建築設計,Rendery Enterpriseプラン
"{'type': 'ContractLineItem__c', 'url': '/services/data/v67.0/sobjects/ContractLineItem__c/a03RB00001d3gdiYAA'}",a03RB00001d3gdiYAA,a03RB00001d3gdi,001RB00001VTrHVYA1,a04RB00000pNAm5YAG,a0BRB0000179SlK2AU,2027/08,2027/08,2027-08-01,2027-08-31,a0CRB0000CcXZ6h2QG,a09RB000015kmPdYAI,a00RB00002JZk8uYAD,8333.333333333334,8333.333333333334,True,False,1,2026-09-10T13:07:45.000+0000,2026-09-10T13:07:45.000+0000,CN-00000266,JR東日本建築設計（アップセル）_2026-10-01,Draft,株式会社 JR東日本建築設計,Rendery セキュリティオプション+_運用費用
"{'type': 'ContractLineItem__c', 'url': '/services/data/v67.0/sobjects/ContractLineItem__c/a03RB00001d3gdjYAA'}",a03RB00001d3gdjYAA,a03RB00001d3gdj,001RB00001VTrHVYA1,a04RB00000pNAm5YAG,a0BRB0000179SlK2AU,2027/08,2027/08,2027-08-01,2027-08-31,a0CRB0000CcXZ6h2QG,a09RB000015kiFaYAI,a00RB00002JZk8uYAD,8333.333333333334,8333.333333333334,True,False,1,2026-09-10T13:07:45.000+0000,2026-09-10T13:07:45.000+0000,CN-00000266,JR東日本建築設計（アップセル）_2026-10-01,Draft,株式会社 JR東日本建築設計,Rendery セキュリティオプション+_運用費用
"{'type': 'ContractLineItem__c', 'url': '/services/data/v67.0/sobjects/ContractLineItem__c/a03RB00001d3gdkYAA'}",a03RB00001d3gdkYAA,a03RB00001d3gdk,001RB00001VTrHVYA1,a04RB00000pNAm5YAG,a0BRB0000179SlK2AU,2027/08,2027/08,2027-08-01,2027-08-31,a0CRB0000CcXZ6h2QG,a09RB000015kmUTYAY,a00RB00002JZk8uYAD,8333.333333333334,8333.333333333334,True,False,1,2026-09-10T13:07:45.000+0000,2026-09-10T13:07:45.000+0000,CN-00000266,JR東日本建築設計（アップセル）_2026-10-01,Draft,株式会社 JR東日本建築設計,Rendery セキュリティオプション+_運用費用
"{'type': 'ContractLineItem__c', 'url': '/services/data/v67.0/sobjects/ContractLineItem__c/a03RB00001d3gdlYAA'}",a03RB00001d3gdlYAA,a03RB00001d3gdl,001RB00001VTrHVYA1,a04RB00000pNAm5YAG,a0BRB0000179SlK2AU,2027/08,2027/08,2027-08-01,2027-08-31,a0CRB0000CcXZ6h2QG,a09RB000015kmflYAA,a00RB00002JZk8uYAD,8333.333333333334,8333.333333333334,True,False,1,2026-09-10T13:07:45.000+0000,2026-09-10T13:07:45.000+0000,CN-00000266,JR東日本建築設計（アップセル）_2026-10-01,Draft,株式会社 JR東日本建築設計,Rendery セキュリティオプション+_運用費用
"{'type': 'ContractLineItem__c', 'url': '/services/data/v67.0/sobjects/ContractLineItem__c/a03RB00001d3gdmYAA'}",a03RB00001d3gdmYAA,a03RB00001d3gdm,001RB00001VTrHVYA1,a04RB00000pNAm5YAG,a0BRB0000179SlK2AU,2027/08,2027/08,2027-08-01,2027-08-31,a0CRB0000CcXZ6h2QG,a09RB000015kmmDYAQ,a00RB00002JZk8uYAD,8333.333333333334,8333.333333333334,True,False,1,2026-09-10T13:07:45.000+0000,2026-09-10T13:07:45.000+0000,CN-00000266,JR東日本建築設計（アップセル）_2026-10-01,Draft,株式会社 JR東日本建築設計,Rendery セキュリティオプション+_運用費用
"{'type': 'ContractLineItem__c', 'url': '/services/data/v67.0/sobjects/ContractLineItem__c/a03RB00001d3gdnYAA'}",a03RB00001d3gdnYAA,a03RB00001d3gdn,001RB00001VTrHVYA1,a04RB00000pNAm5YAG,a0BRB0000179SlK2AU,2027/08,2027/08,2027-08-01,2027-08-31,a0CRB0000CcXZ6h2QG,a09RB000015kn2LYAQ,a00RB00002JZk8uYAD,8333.333333333334,8333.333333333334,True,False,1,2026-09-10T13:07:45.000+0000,2026-09-10T13:07:45.000+0000,CN-00000266,JR東日本建築設計（アップセル）_2026-10-01,Draft,株式会社 JR東日本建築設計,Rendery セキュリティオプション+_運用費用
"{'type': 'ContractLineItem__c', 'url': '/services/data/v67.0/sobjects/ContractLineItem__c/a03RB00001d3gdoYAA'}",a03RB00001d3gdoYAA,a03RB00001d3gdo,001RB00001VTrHVYA1,a04RB00000pNAm5YAG,a0BRB0000179SlK2AU,2027/09,2027/09,2027-09-01,2027-09-30,a0CRB0000CcXZ6V2QW,a09RB000015kjd4YAA,a00RB00002JZk8uYAD,8750,8750,True,False,7,2026-09-10T13:07:45.000+0000,2026-09-10T13:07:45.000+0000,CN-00000266,JR東日本建築設計（アップセル）_2026-10-01,Draft,株式会社 JR東日本建築設計,Rendery Enterpriseプラン
"{'type': 'ContractLineItem__c', 'url': '/services/data/v67.0/sobjects/ContractLineItem__c/a03RB00001d3gdpYAA'}",a03RB00001d3gdpYAA,a03RB00001d3gdp,001RB00001VTrHVYA1,a04RB00000pNAm5YAG,a0BRB0000179SlK2AU,2027/09,2027/09,2027-09-01,2027-09-30,a0CRB0000CcXZ6V2QW,a09RB000015klIHYAY,a00RB00002JZk8uYAD,8750,8750,True,False,7,2026-09-10T13:07:45.000+0000,2026-09-10T13:07:45.000+0000,CN-00000266,JR東日本建築設計（アップセル）_2026-10-01,Draft,株式会社 JR東日本建築設計,Rendery Enterpriseプラン
"{'type': 'ContractLineItem__c', 'url': '/services/data/v67.0/sobjects/ContractLineItem__c/a03RB00001d3gdqYAA'}",a03RB00001d3gdqYAA,a03RB00001d3gdq,001RB00001VTrHVYA1,a04RB00000pNAm5YAG,a0BRB0000179SlK2AU,2027/09,2027/09,2027-09-01,2027-09-30,a0CRB0000CcXZ6V2QW,a09RB000015klLVYAY,a00RB00002JZk8uYAD,8750,8750,True,False,7,2026-09-10T13:07:45.000+0000,2026-09-10T13:07:45.000+0000,CN-00000266,JR東日本建築設計（アップセル）_2026-10-01,Draft,株式会社 JR東日本建築設計,Rendery Enterpriseプラン
"{'type': 'ContractLineItem__c', 'url': '/services/data/v67.0/sobjects/ContractLineItem__c/a03RB00001d3gdrYAA'}",a03RB00001d3gdrYAA,a03RB00001d3gdr,001RB00001VTrHVYA1,a04RB00000pNAm5YAG,a0BRB0000179SlK2AU,2027/09,2027/09,2027-09-01,2027-09-30,a0CRB0000CcXZ6V2QW,a09RB000015klOjYAI,a00RB00002JZk8uYAD,8750,8750,True,False,7,2026-09-10T13:07:45.000+0000,2026-09-10T13:07:45.000+0000,CN-00000266,JR東日本建築設計（アップセル）_2026-10-01,Draft,株式会社 JR東日本建築設計,Rendery Enterpriseプラン
"{'type': 'ContractLineItem__c', 'url': '/services/data/v67.0/sobjects/ContractLineItem__c/a03RB00001d3gdsYAA'}",a03RB00001d3gdsYAA,a03RB00001d3gds,001RB00001VTrHVYA1,a04RB00000pNAm5YAG,a0BRB0000179SlK2AU,2027/09,2027/09,2027-09-01,2027-09-30,a0CRB0000CcXZ6V2QW,a09RB000015ke8kYAA,a00RB00002JZk8uYAD,8750,8750,True,False,7,2026-09-10T13:07:45.000+0000,2026-09-10T13:07:45.000+0000,CN-00000266,JR東日本建築設計（アップセル）_2026-10-01,Draft,株式会社 JR東日本建築設計,Rendery Enterpriseプラン
"{'type': 'ContractLineItem__c', 'url': '/services/data/v67.0/sobjects/ContractLineItem__c/a03RB00001d3gdtYAA'}",a03RB00001d3gdtYAA,a03RB00001d3gdt,001RB00001VTrHVYA1,a04RB00000pNAm5YAG,a0BRB0000179SlK2AU,2027/09,2027/09,2027-09-01,2027-09-30,a0CRB0000CcXZ6V2QW,a09RB000015kTjaYAE,a00RB00002JZk8uYAD,8750,8750,True,False,7,2026-09-10T13:07:45.000+0000,2026-09-10T13:07:45.000+0000,CN-00000266,JR東日本建築設計（アップセル）_2026-10-01,Draft,株式会社 JR東日本建築設計,Rendery Enterpriseプラン
"{'type': 'ContractLineItem__c', 'url': '/services/data/v67.0/sobjects/ContractLineItem__c/a03RB00001d3gduYAA'}",a03RB00001d3gduYAA,a03RB00001d3gdu,001RB00001VTrHVYA1,a04RB00000pNAm5YAG,a0BRB0000179SlK2AU,2027/09,2027/09,2027-09-01,2027-09-30,a0CRB0000CcXZ6h2QG,a09RB000015kmPdYAI,a00RB00002JZk8uYAD,8333.333333333334,8333.333333333334,True,False,1,2026-09-10T13:07:45.000+0000,2026-09-10T13:07:45.000+0000,CN-00000266,JR東日本建築設計（アップセル）_2026-10-01,Draft,株式会社 JR東日本建築設計,Rendery セキュリティオプション+_運用費用
"{'type': 'ContractLineItem__c', 'url': '/services/data/v67.0/sobjects/ContractLineItem__c/a03RB00001d3gdvYAA'}",a03RB00001d3gdvYAA,a03RB00001d3gdv,001RB00001VTrHVYA1,a04RB00000pNAm5YAG,a0BRB0000179SlK2AU,2027/09,2027/09,2027-09-01,2027-09-30,a0CRB0000CcXZ6h2QG,a09RB000015kiFaYAI,a00RB00002JZk8uYAD,8333.333333333334,8333.333333333334,True,False,1,2026-09-10T13:07:45.000+0000,2026-09-10T13:07:45.000+0000,CN-00000266,JR東日本建築設計（アップセル）_2026-10-01,Draft,株式会社 JR東日本建築設計,Rendery セキュリティオプション+_運用費用
"{'type': 'ContractLineItem__c', 'url': '/services/data/v67.0/sobjects/ContractLineItem__c/a03RB00001d3gdwYAA'}",a03RB00001d3gdwYAA,a03RB00001d3gdw,001RB00001VTrHVYA1,a04RB00000pNAm5YAG,a0BRB0000179SlK2AU,2027/09,2027/09,2027-09-01,2027-09-30,a0CRB0000CcXZ6h2QG,a09RB000015kmUTYAY,a00RB00002JZk8uYAD,8333.333333333334,8333.333333333334,True,False,1,2026-09-10T13:07:45.000+0000,2026-09-10T13:07:45.000+0000,CN-00000266,JR東日本建築設計（アップセル）_2026-10-01,Draft,株式会社 JR東日本建築設計,Rendery セキュリティオプション+_運用費用
"{'type': 'ContractLineItem__c', 'url': '/services/data/v67.0/sobjects/ContractLineItem__c/a03RB00001d3gdxYAA'}",a03RB00001d3gdxYAA,a03RB00001d3gdx,001RB00001VTrHVYA1,a04RB00000pNAm5YAG,a0BRB0000179SlK2AU,2027/09,2027/09,2027-09-01,2027-09-30,a0CRB0000CcXZ6h2QG,a09RB000015kmflYAA,a00RB00002JZk8uYAD,8333.333333333334,8333.333333333334,True,False,1,2026-09-10T13:07:45.000+0000,2026-09-10T13:07:45.000+0000,CN-00000266,JR東日本建築設計（アップセル）_2026-10-01,Draft,株式会社 JR東日本建築設計,Rendery セキュリティオプション+_運用費用
"{'type': 'ContractLineItem__c', 'url': '/services/data/v67.0/sobjects/ContractLineItem__c/a03RB00001d3gdyYAA'}",a03RB00001d3gdyYAA,a03RB00001d3gdy,001RB00001VTrHVYA1,a04RB00000pNAm5YAG,a0BRB0000179SlK2AU,2027/09,2027/09,2027-09-01,2027-09-30,a0CRB0000CcXZ6h2QG,a09RB000015kmmDYAQ,a00RB00002JZk8uYAD,8333.333333333334,8333.333333333334,True,False,1,2026-09-10T13:07:45.000+0000,2026-09-10T13:07:45.000+0000,CN-00000266,JR東日本建築設計（アップセル）_2026-10-01,Draft,株式会社 JR東日本建築設計,Rendery セキュリティオプション+_運用費用
"{'type': 'ContractLineItem__c', 'url': '/services/data/v67.0/sobjects/ContractLineItem__c/a03RB00001d3gdzYAA'}",a03RB00001d3gdzYAA,a03RB00001d3gdz,001RB00001VTrHVYA1,a04RB00000pNAm5YAG,a0BRB0000179SlK2AU,2027/09,2027/09,2027-09-01,2027-09-30,a0CRB0000CcXZ6h2QG,a09RB000015kn2LYAQ,a00RB00002JZk8uYAD,8333.333333333334,8333.333333333334,True,False,1,2026-09-10T13:07:45.000+0000,2026-09-10T13:07:45.000+0000,CN-00000266,JR東日本建築設計（アップセル）_2026-10-01,Draft,株式会社 JR東日本建築設計,Rendery セキュリティオプション+_運用費用
