attributes,Id,Name,Account__c,MasterContract__c,ContractPeriod__c,ContractYearMonth__c,Month__c,PeriodStartDate__c,PeriodEndDate__c,ProductMaster__c,QuotationLine__c,RelatedInvoice__c,RevenueAmount__c,Total__c,MRR_Target__c,InitialFee__c,PeopleNumber__c,CreatedDate,LastModifiedDate,ContractNumber,ContractName,ContractStatus,AccountName,ProductName
"{'type': 'ContractLineItem__c', 'url': '/services/data/v67.0/sobjects/ContractLineItem__c/a03RB00001NswUcYAJ'}",a03RB00001NswUcYAJ,サンフロンティア不動産株式会社_2026/03,001RB00001VTqlYYAT,a04RB00000kUANdYAO,a0BRB00000ynb5Y2AQ,2026/03,2026/03,2026-03-01,2026-03-31,a0CRB0000CcXZ6Q2QW,,a00RB000024Ux4KYAS,64000,64000,False,False,8,2026-06-21T16:13:55.000+0000,2026-08-06T00:50:25.000+0000,CN-00000003,サンフロンティア不動産株式会社,Activated,サンフロンティア不動産株式会社,Rendery Proプラン
"{'type': 'ContractLineItem__c', 'url': '/services/data/v67.0/sobjects/ContractLineItem__c/a03RB00001NswUdYAJ'}",a03RB00001NswUdYAJ,サンフロンティア不動産株式会社_2026/04,001RB00001VTqlYYAT,a04RB00000kUANdYAO,a0BRB00000ynb5Y2AQ,2026/04,2026/04,2026-04-01,2026-04-30,a0CRB0000CcXZ6Q2QW,,a00RB00002Am2AeYAJ,64000,64000,False,False,8,2026-06-21T16:13:55.000+0000,2026-08-06T00:50:25.000+0000,CN-00000003,サンフロンティア不動産株式会社,Activated,サンフロンティア不動産株式会社,Rendery Proプラン
"{'type': 'ContractLineItem__c', 'url': '/services/data/v67.0/sobjects/ContractLineItem__c/a03RB00001NswUeYAJ'}",a03RB00001NswUeYAJ,サンフロンティア不動産株式会社_2026/05,001RB00001VTqlYYAT,a04RB00000kUANdYAO,a0BRB00000ynb5Y2AQ,2026/05,2026/05,2026-05-01,2026-05-31,a0CRB0000CcXZ6Q2QW,,a00RB000024Ux5LYAS,64000,64000,False,False,8,2026-06-21T16:13:55.000+0000,2026-08-06T00:50:25.000+0000,CN-00000003,サンフロンティア不動産株式会社,Activated,サンフロンティア不動産株式会社,Rendery Proプラン
"{'type': 'ContractLineItem__c', 'url': '/services/data/v67.0/sobjects/ContractLineItem__c/a03RB00001NswVQYAZ'}",a03RB00001NswVQYAZ,東急株式会社_2026/03,001RB00001VTrs0YAD,a04RB00000kUANgYAO,a0BRB00000ynb5b2AA,2026/03,2026/03,2026-03-01,2026-03-31,a0CRB0000CcXZ6T2QW,,a00RB00002Am2BKYAZ,11000,11000,True,False,1,2026-06-21T16:13:55.000+0000,2026-08-06T00:44:28.000+0000,CN-00000006,東急株式会社,Activated,東急株式会社,[OLD] Rendery Enterpriseプラン(2025年9月まで)
"{'type': 'ContractLineItem__c', 'url': '/services/data/v67.0/sobjects/ContractLineItem__c/a03RB00001NswVRYAZ'}",a03RB00001NswVRYAZ,東急株式会社_2026/04,001RB00001VTrs0YAD,a04RB00000kUANgYAO,a0BRB00000ynb5b2AA,2026/04,2026/04,2026-04-01,2026-04-30,a0CRB0000CcXZ6T2QW,,a00RB00002Am2BKYAZ,11000,11000,True,False,1,2026-06-21T16:13:55.000+0000,2026-08-06T00:44:28.000+0000,CN-00000006,東急株式会社,Activated,東急株式会社,[OLD] Rendery Enterpriseプラン(2025年9月まで)
"{'type': 'ContractLineItem__c', 'url': '/services/data/v67.0/sobjects/ContractLineItem__c/a03RB00001NswVSYAZ'}",a03RB00001NswVSYAZ,東急株式会社_2026/05,001RB00001VTrs0YAD,a04RB00000kUANgYAO,a0BRB00000ynb5b2AA,2026/05,2026/05,2026-05-01,2026-05-31,a0CRB0000CcXZ6T2QW,,a00RB00002Am2B3YAJ,11000,11000,True,False,1,2026-06-21T16:13:55.000+0000,2026-08-06T01:44:32.000+0000,CN-00000006,東急株式会社,Activated,東急株式会社,[OLD] Rendery Enterpriseプラン(2025年9月まで)
"{'type': 'ContractLineItem__c', 'url': '/services/data/v67.0/sobjects/ContractLineItem__c/a03RB00001NswVjYAJ'}",a03RB00001NswVjYAJ,東急建設 ○独特の請求書式あり_2026/03,001RB00001VTrseYAD,a04RB00000kUANhYAO,a0BRB00000ynb5c2AA,2026/03,2026/03,2026-03-01,2026-03-31,,,,,,False,False,1,2026-06-21T16:13:55.000+0000,2026-08-06T01:58:48.000+0000,CN-00000007,東急建設 ○独特の請求書式あり,Activated,東急建設株式会社,
"{'type': 'ContractLineItem__c', 'url': '/services/data/v67.0/sobjects/ContractLineItem__c/a03RB00001NswVkYAJ'}",a03RB00001NswVkYAJ,東急建設 ○独特の請求書式あり_2026/04,001RB00001VTrseYAD,a04RB00000kUANhYAO,a0BRB00000ynb5c2AA,2026/04,2026/04,2026-04-01,2026-04-30,a0CRB0000CcXZ6Q2QW,,a00RB00002B5oL9YAJ,8000,8000,True,False,1,2026-06-21T16:13:55.000+0000,2026-08-06T00:44:28.000+0000,CN-00000007,東急建設 ○独特の請求書式あり,Activated,東急建設株式会社,Rendery Proプラン
"{'type': 'ContractLineItem__c', 'url': '/services/data/v67.0/sobjects/ContractLineItem__c/a03RB00001NswVlYAJ'}",a03RB00001NswVlYAJ,東急建設 ○独特の請求書式あり_2026/05,001RB00001VTrseYAD,a04RB00000kUANhYAO,a0BRB00000ynb5c2AA,2026/05,2026/05,2026-05-01,2026-05-31,a0CRB0000CcXZ6Q2QW,,,8000,8000,True,False,1,2026-06-21T16:13:55.000+0000,2026-08-06T01:58:48.000+0000,CN-00000007,東急建設 ○独特の請求書式あり,Activated,東急建設株式会社,Rendery Proプラン
"{'type': 'ContractLineItem__c', 'url': '/services/data/v67.0/sobjects/ContractLineItem__c/a03RB00001NswVmYAJ'}",a03RB00001NswVmYAJ,東急建設 ○独特の請求書式あり_2026/06,001RB00001VTrseYAD,a04RB00000kUANhYAO,a0BRB00000ynb5c2AA,2026/06,2026/06,2026-06-01,2026-06-30,a0CRB0000CcXZ6Q2QW,,,8000,8000,True,False,1,2026-06-21T16:13:55.000+0000,2026-08-06T02:03:49.000+0000,CN-00000007,東急建設 ○独特の請求書式あり,Activated,東急建設株式会社,Rendery Proプラン
"{'type': 'ContractLineItem__c', 'url': '/services/data/v67.0/sobjects/ContractLineItem__c/a03RB00001NswVnYAJ'}",a03RB00001NswVnYAJ,東急建設 ○独特の請求書式あり_2026/07,001RB00001VTrseYAD,a04RB00000kUANhYAO,a0BRB00000ynb5c2AA,2026/07,2026/07,2026-07-01,2026-07-31,a0CRB0000CcXZ6Q2QW,,,8000,8000,True,False,1,2026-06-21T16:13:55.000+0000,2026-08-06T02:03:49.000+0000,CN-00000007,東急建設 ○独特の請求書式あり,Activated,東急建設株式会社,Rendery Proプラン
"{'type': 'ContractLineItem__c', 'url': '/services/data/v67.0/sobjects/ContractLineItem__c/a03RB00001NswVoYAJ'}",a03RB00001NswVoYAJ,東急建設 ○独特の請求書式あり_2026/08,001RB00001VTrseYAD,a04RB00000kUANhYAO,a0BRB00000ynb5c2AA,2026/08,2026/08,2026-08-01,2026-08-31,a0CRB0000CcXZ6Q2QW,,,8000,8000,True,False,1,2026-06-21T16:13:55.000+0000,2026-08-06T02:03:49.000+0000,CN-00000007,東急建設 ○独特の請求書式あり,Activated,東急建設株式会社,Rendery Proプラン
"{'type': 'ContractLineItem__c', 'url': '/services/data/v67.0/sobjects/ContractLineItem__c/a03RB00001NswVpYAJ'}",a03RB00001NswVpYAJ,東急建設 ○独特の請求書式あり_2026/09,001RB00001VTrseYAD,a04RB00000kUANhYAO,a0BRB00000ynb5c2AA,2026/09,2026/09,2026-09-01,2026-09-30,a0CRB0000CcXZ6Q2QW,,,8000,8000,True,False,1,2026-06-21T16:13:55.000+0000,2026-08-06T02:03:49.000+0000,CN-00000007,東急建設 ○独特の請求書式あり,Activated,東急建設株式会社,Rendery Proプラン
"{'type': 'ContractLineItem__c', 'url': '/services/data/v67.0/sobjects/ContractLineItem__c/a03RB00001NswVqYAJ'}",a03RB00001NswVqYAJ,東急建設 ○独特の請求書式あり_2026/10,001RB00001VTrseYAD,a04RB00000kUANhYAO,a0BRB00000ynb5c2AA,2026/10,2026/10,2026-10-01,2026-10-31,a0CRB0000CcXZ6Q2QW,,,8000,8000,True,False,1,2026-06-21T16:13:55.000+0000,2026-08-06T02:03:49.000+0000,CN-00000007,東急建設 ○独特の請求書式あり,Activated,東急建設株式会社,Rendery Proプラン
"{'type': 'ContractLineItem__c', 'url': '/services/data/v67.0/sobjects/ContractLineItem__c/a03RB00001NswVrYAJ'}",a03RB00001NswVrYAJ,東急建設 ○独特の請求書式あり_2026/11,001RB00001VTrseYAD,a04RB00000kUANhYAO,a0BRB00000ynb5c2AA,2026/11,2026/11,2026-11-01,2026-11-30,a0CRB0000CcXZ6Q2QW,,,8000,8000,True,False,1,2026-06-21T16:13:55.000+0000,2026-08-06T02:03:49.000+0000,CN-00000007,東急建設 ○独特の請求書式あり,Activated,東急建設株式会社,Rendery Proプラン
"{'type': 'ContractLineItem__c', 'url': '/services/data/v67.0/sobjects/ContractLineItem__c/a03RB00001NswVsYAJ'}",a03RB00001NswVsYAJ,東急建設 ○独特の請求書式あり_2026/12,001RB00001VTrseYAD,a04RB00000kUANhYAO,a0BRB00000ynb5c2AA,2026/12,2026/12,2026-12-01,2026-12-31,a0CRB0000CcXZ6Q2QW,,,8000,8000,True,False,1,2026-06-21T16:13:55.000+0000,2026-08-06T02:03:49.000+0000,CN-00000007,東急建設 ○独特の請求書式あり,Activated,東急建設株式会社,Rendery Proプラン
"{'type': 'ContractLineItem__c', 'url': '/services/data/v67.0/sobjects/ContractLineItem__c/a03RB00001NswVtYAJ'}",a03RB00001NswVtYAJ,東急建設 ○独特の請求書式あり_2027/01,001RB00001VTrseYAD,a04RB00000kUANhYAO,a0BRB00000ynb5c2AA,2027/01,2027/01,2027-01-01,2027-01-31,a0CRB0000CcXZ6Q2QW,,,8000,8000,True,False,1,2026-06-21T16:13:55.000+0000,2026-08-06T02:03:49.000+0000,CN-00000007,東急建設 ○独特の請求書式あり,Activated,東急建設株式会社,Rendery Proプラン
"{'type': 'ContractLineItem__c', 'url': '/services/data/v67.0/sobjects/ContractLineItem__c/a03RB00001NswVuYAJ'}",a03RB00001NswVuYAJ,東急建設 ○独特の請求書式あり_2027/02,001RB00001VTrseYAD,a04RB00000kUANhYAO,a0BRB00000ynb5c2AA,2027/02,2027/02,2027-02-01,2027-02-28,a0CRB0000CcXZ6Q2QW,,,8000,8000,True,False,1,2026-06-21T16:13:55.000+0000,2026-08-06T02:03:49.000+0000,CN-00000007,東急建設 ○独特の請求書式あり,Activated,東急建設株式会社,Rendery Proプラン
"{'type': 'ContractLineItem__c', 'url': '/services/data/v67.0/sobjects/ContractLineItem__c/a03RB00001NswWFYAZ'}",a03RB00001NswWFYAZ,株式会社フロンティアコンサルティング_2026/03,001RB00001VTqlHYAT,a04RB00000kUANiYAO,a0BRB00000ynb5d2AA,2026/03,2026/03,2026-03-01,2026-03-31,a0CRB0000CcXZ6T2QW,,a00RB000024Ux4LYAS,462000,462000,False,False,42,2026-06-21T16:13:55.000+0000,2026-08-06T00:50:25.000+0000,CN-00000008,株式会社フロンティアコンサルティング,Activated,株式会社フロンティアコンサルティング,[OLD] Rendery Enterpriseプラン(2025年9月まで)
"{'type': 'ContractLineItem__c', 'url': '/services/data/v67.0/sobjects/ContractLineItem__c/a03RB00001NswWGYAZ'}",a03RB00001NswWGYAZ,株式会社フロンティアコンサルティング_2026/04,001RB00001VTqlHYAT,a04RB00000kUANiYAO,a0BRB00000ynb5d2AA,2026/04,2026/04,2026-04-01,2026-04-30,a0CRB0000CcXZ6T2QW,,a00RB00002Am2AfYAJ,462000,462000,False,False,42,2026-06-21T16:13:55.000+0000,2026-08-06T00:50:25.000+0000,CN-00000008,株式会社フロンティアコンサルティング,Activated,株式会社フロンティアコンサルティング,[OLD] Rendery Enterpriseプラン(2025年9月まで)
"{'type': 'ContractLineItem__c', 'url': '/services/data/v67.0/sobjects/ContractLineItem__c/a03RB00001NswWHYAZ'}",a03RB00001NswWHYAZ,株式会社フロンティアコンサルティング_2026/05,001RB00001VTqlHYAT,a04RB00000kUANiYAO,a0BRB00000ynb5d2AA,2026/05,2026/05,2026-05-01,2026-05-31,a0CRB0000CcXZ6T2QW,,a00RB000024Ux5MYAS,484000,484000,False,False,44,2026-06-21T16:13:55.000+0000,2026-08-06T00:50:25.000+0000,CN-00000008,株式会社フロンティアコンサルティング,Activated,株式会社フロンティアコンサルティング,[OLD] Rendery Enterpriseプラン(2025年9月まで)
"{'type': 'ContractLineItem__c', 'url': '/services/data/v67.0/sobjects/ContractLineItem__c/a03RB00001NswWIYAZ'}",a03RB00001NswWIYAZ,株式会社フロンティアコンサルティング_2026/06,001RB00001VTqlHYAT,a04RB00000kUANiYAO,a0BRB00000ynb5d2AA,2026/06,2026/06,2026-06-01,2026-06-30,a0CRB0000CcXZ6T2QW,,a00RB00002Am2BiYAJ,550000,550000,False,False,50,2026-06-21T16:13:55.000+0000,2026-08-06T00:04:59.000+0000,CN-00000008,株式会社フロンティアコンサルティング,Activated,株式会社フロンティアコンサルティング,[OLD] Rendery Enterpriseプラン(2025年9月まで)
"{'type': 'ContractLineItem__c', 'url': '/services/data/v67.0/sobjects/ContractLineItem__c/a03RB00001NswWaYAJ'}",a03RB00001NswWaYAJ,前田工務店_2026/03,001RB00001VTCYmYAP,a04RB00000kUANjYAO,a0BRB00000ynb5e2AA,2026/03,2026/03,2026-03-01,2026-03-31,,,a00RB00002B5oLIYAZ,,8000,False,False,1,2026-06-21T16:13:55.000+0000,2026-07-28T02:33:19.000+0000,CN-00000009,前田工務店,Activated,株式会社前田工務店,
"{'type': 'ContractLineItem__c', 'url': '/services/data/v67.0/sobjects/ContractLineItem__c/a03RB00001NswWbYAJ'}",a03RB00001NswWbYAJ,前田工務店_2026/04,001RB00001VTCYmYAP,a04RB00000kUANjYAO,a0BRB00000ynb5e2AA,2026/04,2026/04,2026-04-01,2026-04-30,,,a00RB00002B5oLIYAZ,,8000,False,False,1,2026-06-21T16:13:55.000+0000,2026-07-28T02:33:19.000+0000,CN-00000009,前田工務店,Activated,株式会社前田工務店,
"{'type': 'ContractLineItem__c', 'url': '/services/data/v67.0/sobjects/ContractLineItem__c/a03RB00001NswX4YAJ'}",a03RB00001NswX4YAJ,ムゲンエステート_2026/03,001RB00001VTqlOYAT,a04RB00000kUANmYAO,a0BRB00000ynb5h2AA,2026/03,2026/03,2026-03-01,2026-03-31,a0CRB0000CcXZ6Q2QW,,a00RB00002Am2BJYAZ,8000,8000,True,False,1,2026-06-21T16:13:55.000+0000,2026-08-06T01:44:32.000+0000,CN-00000012,ムゲンエステート,Activated,株式会社ムゲンエステート,Rendery Proプラン
"{'type': 'ContractLineItem__c', 'url': '/services/data/v67.0/sobjects/ContractLineItem__c/a03RB00001NswX5YAJ'}",a03RB00001NswX5YAJ,ムゲンエステート_2026/04,001RB00001VTqlOYAT,a04RB00000kUANmYAO,a0BRB00000ynb5h2AA,2026/04,2026/04,2026-04-01,2026-04-30,a0CRB0000CcXZ6Q2QW,,a00RB00002Am2AZYAZ,8000,8000,True,False,1,2026-06-21T16:13:55.000+0000,2026-08-06T01:44:32.000+0000,CN-00000012,ムゲンエステート,Activated,株式会社ムゲンエステート,Rendery Proプラン
"{'type': 'ContractLineItem__c', 'url': '/services/data/v67.0/sobjects/ContractLineItem__c/a03RB00001NswX6YAJ'}",a03RB00001NswX6YAJ,ムゲンエステート_2026/05,001RB00001VTqlOYAT,a04RB00000kUANmYAO,a0BRB00000ynb5h2AA,2026/05,2026/05,2026-05-01,2026-05-31,a0CRB0000CcXZ6Q2QW,,a00RB00002Am2B2YAJ,8000,8000,True,False,1,2026-06-21T16:13:55.000+0000,2026-08-06T01:44:32.000+0000,CN-00000012,ムゲンエステート,Activated,株式会社ムゲンエステート,Rendery Proプラン
"{'type': 'ContractLineItem__c', 'url': '/services/data/v67.0/sobjects/ContractLineItem__c/a03RB00001NswZIYAZ'}",a03RB00001NswZIYAZ,株式会社TRIAD_2026/03,001RB00001VTqUoYAL,a04RB00000kUANwYAO,a0BRB00000ynb5r2AA,2026/03,2026/03,2026-03-01,2026-03-31,a0CRB0000CcXZ6Q2QW,,a00RB00002Am2BIYAZ,8000,8000,True,False,1,2026-06-21T16:13:55.000+0000,2026-08-06T01:44:32.000+0000,CN-00000022,株式会社TRIAD,Activated,株式会社TRIAD,Rendery Proプラン
"{'type': 'ContractLineItem__c', 'url': '/services/data/v67.0/sobjects/ContractLineItem__c/a03RB00001NswZJYAZ'}",a03RB00001NswZJYAZ,株式会社TRIAD_2026/04,001RB00001VTqUoYAL,a04RB00000kUANwYAO,a0BRB00000ynb5r2AA,2026/04,2026/04,2026-04-01,2026-04-30,a0CRB0000CcXZ6Q2QW,,a00RB00002Am2BGYAZ,8000,8000,True,False,1,2026-06-21T16:13:55.000+0000,2026-08-06T01:44:32.000+0000,CN-00000022,株式会社TRIAD,Activated,株式会社TRIAD,Rendery Proプラン
"{'type': 'ContractLineItem__c', 'url': '/services/data/v67.0/sobjects/ContractLineItem__c/a03RB00001NswZKYAZ'}",a03RB00001NswZKYAZ,株式会社TRIAD_2026/05,001RB00001VTqUoYAL,a04RB00000kUANwYAO,a0BRB00000ynb5r2AA,2026/05,2026/05,2026-05-01,2026-05-31,a0CRB0000CcXZ6Q2QW,,a00RB00002Am2B1YAJ,8000,8000,True,False,1,2026-06-21T16:13:55.000+0000,2026-08-06T01:44:32.000+0000,CN-00000022,株式会社TRIAD,Activated,株式会社TRIAD,Rendery Proプラン
"{'type': 'ContractLineItem__c', 'url': '/services/data/v67.0/sobjects/ContractLineItem__c/a03RB00001NswZzYAJ'}",a03RB00001NswZzYAJ,戸田建設(設計部:月額)_2026/03,001RB00001VTrmnYAD,a04RB00000kUAO0YAO,a0BRB00000ynb5v2AA,2026/03,2026/03,2026-03-01,2026-03-31,,,,,55000,False,False,5,2026-06-21T16:13:55.000+0000,2026-08-06T00:50:25.000+0000,CN-00000026,戸田建設(設計部:月額),Activated,戸田建設株式会社,
"{'type': 'ContractLineItem__c', 'url': '/services/data/v67.0/sobjects/ContractLineItem__c/a03RB00001Nswa0YAB'}",a03RB00001Nswa0YAB,戸田建設(設計部:月額)_2026/04,001RB00001VTrmnYAD,a04RB00000kUAO0YAO,a0BRB00000ynb5v2AA,2026/04,2026/04,2026-04-01,2026-04-30,a0CRB0000CcXZ6T2QW,,a00RB00002Am2AbYAJ,55000,55000,True,False,5,2026-06-21T16:13:55.000+0000,2026-08-06T01:44:32.000+0000,CN-00000026,戸田建設(設計部:月額),Activated,戸田建設株式会社,[OLD] Rendery Enterpriseプラン(2025年9月まで)
"{'type': 'ContractLineItem__c', 'url': '/services/data/v67.0/sobjects/ContractLineItem__c/a03RB00001Nswa1YAB'}",a03RB00001Nswa1YAB,戸田建設(設計部:月額)_2026/05,001RB00001VTrmnYAD,a04RB00000kUAO0YAO,a0BRB00000ynb5v2AA,2026/05,2026/05,2026-05-01,2026-05-31,a0CRB0000CcXZ6T2QW,,a00RB00002Am2B4YAJ,55000,55000,True,False,5,2026-06-21T16:13:55.000+0000,2026-08-06T01:44:32.000+0000,CN-00000026,戸田建設(設計部:月額),Activated,戸田建設株式会社,[OLD] Rendery Enterpriseプラン(2025年9月まで)
"{'type': 'ContractLineItem__c', 'url': '/services/data/v67.0/sobjects/ContractLineItem__c/a03RB00001NswaEYAR'}",a03RB00001NswaEYAR,47内装株式会社_2026/03,001RB00001VTCYGYA5,a04RB00000kUAO1YAO,a0BRB00000ynb5w2AA,2026/03,2026/03,2026-03-01,2026-03-31,a0CRB0000CcXZ6T2QW,,a00RB00002Am2BHYAZ,55000,55000,True,False,5,2026-06-21T16:13:55.000+0000,2026-08-06T01:44:32.000+0000,CN-00000027,47内装株式会社,Activated,47内装株式会社,[OLD] Rendery Enterpriseプラン(2025年9月まで)
"{'type': 'ContractLineItem__c', 'url': '/services/data/v67.0/sobjects/ContractLineItem__c/a03RB00001NswaFYAR'}",a03RB00001NswaFYAR,47内装株式会社_2026/04,001RB00001VTCYGYA5,a04RB00000kUAO1YAO,a0BRB00000ynb5w2AA,2026/04,2026/04,2026-04-01,2026-04-30,a0CRB0000CcXZ6T2QW,,a00RB00002Am2BFYAZ,55000,55000,True,False,5,2026-06-21T16:13:55.000+0000,2026-08-06T01:44:32.000+0000,CN-00000027,47内装株式会社,Activated,47内装株式会社,[OLD] Rendery Enterpriseプラン(2025年9月まで)
"{'type': 'ContractLineItem__c', 'url': '/services/data/v67.0/sobjects/ContractLineItem__c/a03RB00001NswaGYAR'}",a03RB00001NswaGYAR,47内装株式会社_2026/05,001RB00001VTCYGYA5,a04RB00000kUAO1YAO,a0BRB00000ynb5w2AA,2026/05,2026/05,2026-05-01,2026-05-31,a0CRB0000CcXZ6T2QW,,a00RB00002Am2B0YAJ,55000,55000,True,False,5,2026-06-21T16:13:55.000+0000,2026-08-06T01:44:32.000+0000,CN-00000027,47内装株式会社,Activated,47内装株式会社,[OLD] Rendery Enterpriseプラン(2025年9月まで)
"{'type': 'ContractLineItem__c', 'url': '/services/data/v67.0/sobjects/ContractLineItem__c/a03RB00001NswaSYAR'}",a03RB00001NswaSYAR,ANAスカイビルサービス株式会社 ※郵送希望_2026/03,001RB00001VTCYFYA5,a04RB00000kUAO2YAO,a0BRB00000ynb5x2AA,2026/03,2026/03,2026-03-01,2026-03-31,a0CRB0000CcXZ6Q2QW,,a00RB00002Am2AYYAZ,16000,16000,True,False,2,2026-06-21T16:13:55.000+0000,2026-08-06T01:44:32.000+0000,CN-00000028,ANAスカイビルサービス株式会社　※郵送希望,Activated,ANAスカイビルサービス株式会社,Rendery Proプラン
"{'type': 'ContractLineItem__c', 'url': '/services/data/v67.0/sobjects/ContractLineItem__c/a03RB00001NswaTYAR'}",a03RB00001NswaTYAR,ANAスカイビルサービス株式会社 ※郵送希望_2026/04,001RB00001VTCYFYA5,a04RB00000kUAO2YAO,a0BRB00000ynb5x2AA,2026/04,2026/04,2026-04-01,2026-04-30,a0CRB0000CcXZ6Q2QW,,a00RB00002Am2BEYAZ,16000,16000,True,False,2,2026-06-21T16:13:55.000+0000,2026-08-06T01:44:32.000+0000,CN-00000028,ANAスカイビルサービス株式会社　※郵送希望,Activated,ANAスカイビルサービス株式会社,Rendery Proプラン
"{'type': 'ContractLineItem__c', 'url': '/services/data/v67.0/sobjects/ContractLineItem__c/a03RB00001NswaUYAR'}",a03RB00001NswaUYAR,ANAスカイビルサービス株式会社 ※郵送希望_2026/05,001RB00001VTCYFYA5,a04RB00000kUAO2YAO,a0BRB00000ynb5x2AA,2026/05,2026/05,2026-05-01,2026-05-31,a0CRB0000CcXZ6Q2QW,,a00RB00002Am2AzYAJ,16000,16000,True,False,2,2026-06-21T16:13:55.000+0000,2026-08-06T01:44:32.000+0000,CN-00000028,ANAスカイビルサービス株式会社　※郵送希望,Activated,ANAスカイビルサービス株式会社,Rendery Proプラン
"{'type': 'ContractLineItem__c', 'url': '/services/data/v67.0/sobjects/ContractLineItem__c/a03RB00001NswbUYAR'}",a03RB00001NswbUYAR,吉村紳 一級建築士事務所_2026/03,001RB00001VTqU3YAL,a04RB00000kUAO7YAO,a0BRB00000ynb622AA,2026/03,2026/03,2026-03-01,2026-03-31,a0CRB0000CcXZ6Q2QW,,a00RB00002Am2AXYAZ,8000,8000,True,False,1,2026-06-21T16:13:55.000+0000,2026-08-06T01:44:32.000+0000,CN-00000033,吉村紳　一級建築士事務所,Activated,吉村紳 一級建築士事務所,Rendery Proプラン
"{'type': 'ContractLineItem__c', 'url': '/services/data/v67.0/sobjects/ContractLineItem__c/a03RB00001NswbVYAR'}",a03RB00001NswbVYAR,吉村紳 一級建築士事務所_2026/04,001RB00001VTqU3YAL,a04RB00000kUAO7YAO,a0BRB00000ynb622AA,2026/04,2026/04,2026-04-01,2026-04-30,a0CRB0000CcXZ6Q2QW,,a00RB00002Am2BDYAZ,8000,8000,True,False,1,2026-06-21T16:13:55.000+0000,2026-08-06T01:44:32.000+0000,CN-00000033,吉村紳　一級建築士事務所,Activated,吉村紳 一級建築士事務所,Rendery Proプラン
"{'type': 'ContractLineItem__c', 'url': '/services/data/v67.0/sobjects/ContractLineItem__c/a03RB00001NswbWYAR'}",a03RB00001NswbWYAR,吉村紳 一級建築士事務所_2026/05,001RB00001VTqU3YAL,a04RB00000kUAO7YAO,a0BRB00000ynb622AA,2026/05,2026/05,2026-05-01,2026-05-31,a0CRB0000CcXZ6Q2QW,,a00RB00002Am2AyYAJ,8000,8000,True,False,1,2026-06-21T16:13:55.000+0000,2026-08-06T01:44:32.000+0000,CN-00000033,吉村紳　一級建築士事務所,Activated,吉村紳 一級建築士事務所,Rendery Proプラン
"{'type': 'ContractLineItem__c', 'url': '/services/data/v67.0/sobjects/ContractLineItem__c/a03RB00001NswbkYAB'}",a03RB00001NswbkYAB,矢作建設工業株式会社_2026/03,001RB00001VTqlfYAD,a04RB00000kUAO9YAO,a0BRB00000ynb642AA,2026/03,2026/03,2026-03-01,2026-03-31,,,,,49584,False,False,5,2026-06-21T16:13:55.000+0000,2026-07-28T02:33:19.000+0000,CN-00000035,矢作建設工業株式会社,Activated,矢作建設工業株式会社,
"{'type': 'ContractLineItem__c', 'url': '/services/data/v67.0/sobjects/ContractLineItem__c/a03RB00001NswblYAB'}",a03RB00001NswblYAB,矢作建設工業株式会社_2026/04,001RB00001VTqlfYAD,a04RB00000kUAO9YAO,a0BRB00000ynb642AA,2026/04,2026/04,2026-04-01,2026-04-30,,,,,49584,False,False,5,2026-06-21T16:13:55.000+0000,2026-07-28T02:33:19.000+0000,CN-00000035,矢作建設工業株式会社,Activated,矢作建設工業株式会社,
"{'type': 'ContractLineItem__c', 'url': '/services/data/v67.0/sobjects/ContractLineItem__c/a03RB00001NswbmYAB'}",a03RB00001NswbmYAB,矢作建設工業株式会社_2026/05,001RB00001VTqlfYAD,a04RB00000kUAO9YAO,a0BRB00000ynb642AA,2026/05,2026/05,2026-05-01,2026-05-31,,,,,49584,False,False,5,2026-06-21T16:13:55.000+0000,2026-07-28T02:33:19.000+0000,CN-00000035,矢作建設工業株式会社,Activated,矢作建設工業株式会社,
"{'type': 'ContractLineItem__c', 'url': '/services/data/v67.0/sobjects/ContractLineItem__c/a03RB00001NswbnYAB'}",a03RB00001NswbnYAB,矢作建設工業株式会社_2026/06,001RB00001VTqlfYAD,a04RB00000kUAO9YAO,a0BRB00000ynb642AA,2026/06,2026/06,2026-06-01,2026-06-30,,,,,49584,False,False,5,2026-06-21T16:13:55.000+0000,2026-07-28T02:33:19.000+0000,CN-00000035,矢作建設工業株式会社,Activated,矢作建設工業株式会社,
"{'type': 'ContractLineItem__c', 'url': '/services/data/v67.0/sobjects/ContractLineItem__c/a03RB00001NswboYAB'}",a03RB00001NswboYAB,矢作建設工業株式会社_2026/07,001RB00001VTqlfYAD,a04RB00000kUAO9YAO,a0BRB00000ynb642AA,2026/07,2026/07,2026-07-01,2026-07-31,,,,,49584,False,False,5,2026-06-21T16:13:55.000+0000,2026-07-28T02:33:19.000+0000,CN-00000035,矢作建設工業株式会社,Activated,矢作建設工業株式会社,
"{'type': 'ContractLineItem__c', 'url': '/services/data/v67.0/sobjects/ContractLineItem__c/a03RB00001NswbzYAB'}",a03RB00001NswbzYAB,株式会社デザインアーク_2026/03,001RB00001VTruAYAT,a04RB00000kUAOAYA4,a0BRB00000ynb652AA,2026/03,2026/03,2026-03-01,2026-03-31,a0CRB0000CcXZ6V2QW,,a00RB000027lnMsYAI,55000,55000,False,False,5,2026-06-21T16:13:55.000+0000,2026-08-06T00:04:59.000+0000,CN-00000036,株式会社デザインアーク,Activated,株式会社デザインアーク,Rendery Enterpriseプラン
"{'type': 'ContractLineItem__c', 'url': '/services/data/v67.0/sobjects/ContractLineItem__c/a03RB00001Nswc0YAB'}",a03RB00001Nswc0YAB,株式会社デザインアーク_2026/04,001RB00001VTruAYAT,a04RB00000kUAOAYA4,a0BRB00000ynb652AA,2026/04,2026/04,2026-04-01,2026-04-30,a0CRB0000CcXZ6V2QW,,a00RB000027lnMsYAI,55000,55000,False,False,5,2026-06-21T16:13:55.000+0000,2026-08-06T00:04:59.000+0000,CN-00000036,株式会社デザインアーク,Activated,株式会社デザインアーク,Rendery Enterpriseプラン
"{'type': 'ContractLineItem__c', 'url': '/services/data/v67.0/sobjects/ContractLineItem__c/a03RB00001Nswc1YAB'}",a03RB00001Nswc1YAB,株式会社デザインアーク_2026/05,001RB00001VTruAYAT,a04RB00000kUAOAYA4,a0BRB00000ynb652AA,2026/05,2026/05,2026-05-01,2026-05-31,a0CRB0000CcXZ6V2QW,,a00RB000027lnMsYAI,55000,55000,False,False,5,2026-06-21T16:13:55.000+0000,2026-08-06T00:04:59.000+0000,CN-00000036,株式会社デザインアーク,Activated,株式会社デザインアーク,Rendery Enterpriseプラン
"{'type': 'ContractLineItem__c', 'url': '/services/data/v67.0/sobjects/ContractLineItem__c/a03RB00001NswcHYAR'}",a03RB00001NswcHYAR,株式会社アーキテクト・ディベロッパー（5月1日より帝国不動産株式会社）_2026/03,001RB00001VTrtrYAD,a04RB00000kUAOEYA4,a0BRB00000ynb692AA,2026/03,2026/03,2026-03-01,2026-03-31,a0CRB0000CcXZ6Q2QW,,a00RB000024Ux4NYAS,48000,48000,False,False,6,2026-06-21T16:13:55.000+0000,2026-08-06T00:04:59.000+0000,CN-00000040,株式会社アーキテクト・ディベロッパー（5月1日より帝国不動産株式会社）,Activated,株式会社アーキテクト・ディベロッパー,Rendery Proプラン
"{'type': 'ContractLineItem__c', 'url': '/services/data/v67.0/sobjects/ContractLineItem__c/a03RB00001NswcIYAR'}",a03RB00001NswcIYAR,株式会社アーキテクト・ディベロッパー（5月1日より帝国不動産株式会社）_2026/04,001RB00001VTrtrYAD,a04RB00000kUAOEYA4,a0BRB00000ynb692AA,2026/04,2026/04,2026-04-01,2026-04-30,a0CRB0000CcXZ6Q2QW,,a00RB000024Ux4NYAS,48000,48000,False,False,6,2026-06-21T16:13:55.000+0000,2026-08-06T00:04:59.000+0000,CN-00000040,株式会社アーキテクト・ディベロッパー（5月1日より帝国不動産株式会社）,Activated,株式会社アーキテクト・ディベロッパー,Rendery Proプラン
"{'type': 'ContractLineItem__c', 'url': '/services/data/v67.0/sobjects/ContractLineItem__c/a03RB00001NswcJYAR'}",a03RB00001NswcJYAR,株式会社アーキテクト・ディベロッパー（5月1日より帝国不動産株式会社）_2026/05,001RB00001VTrtrYAD,a04RB00000kUAOEYA4,a0BRB00000ynb692AA,2026/05,2026/05,2026-05-01,2026-05-31,a0CRB0000CcXZ6Q2QW,,,48000,48000,False,False,6,2026-06-21T16:13:55.000+0000,2026-08-06T00:50:25.000+0000,CN-00000040,株式会社アーキテクト・ディベロッパー（5月1日より帝国不動産株式会社）,Activated,株式会社アーキテクト・ディベロッパー,Rendery Proプラン
"{'type': 'ContractLineItem__c', 'url': '/services/data/v67.0/sobjects/ContractLineItem__c/a03RB00001NswcKYAR'}",a03RB00001NswcKYAR,株式会社アーキテクト・ディベロッパー（5月1日より帝国不動産株式会社）_2026/06,001RB00001VTrtrYAD,a04RB00000kUAOEYA4,a0BRB00000ynb692AA,2026/06,2026/06,2026-06-01,2026-06-30,a0CRB0000CcXZ6Q2QW,,,48000,48000,False,False,6,2026-06-21T16:13:55.000+0000,2026-08-06T00:50:25.000+0000,CN-00000040,株式会社アーキテクト・ディベロッパー（5月1日より帝国不動産株式会社）,Activated,株式会社アーキテクト・ディベロッパー,Rendery Proプラン
"{'type': 'ContractLineItem__c', 'url': '/services/data/v67.0/sobjects/ContractLineItem__c/a03RB00001NswcVYAR'}",a03RB00001NswcVYAR,野原グループ株式会社_2026/03,001RB00001VTqbbYAD,a04RB00000kUAOFYA4,a0BRB00000ynb6A2AQ,2026/03,2026/03,2026-03-01,2026-03-31,a0CRB0000CcXZ6Q2QW,,a00RB00002Am2AWYAZ,8000,8000,True,False,1,2026-06-21T16:13:55.000+0000,2026-08-06T01:44:32.000+0000,CN-00000041,野原グループ株式会社,Activated,野原グループ株式会社,Rendery Proプラン
"{'type': 'ContractLineItem__c', 'url': '/services/data/v67.0/sobjects/ContractLineItem__c/a03RB00001NswcWYAR'}",a03RB00001NswcWYAR,野原グループ株式会社_2026/04,001RB00001VTqbbYAD,a04RB00000kUAOFYA4,a0BRB00000ynb6A2AQ,2026/04,2026/04,2026-04-01,2026-04-30,a0CRB0000CcXZ6Q2QW,,a00RB00002Am2BCYAZ,8000,8000,True,False,1,2026-06-21T16:13:55.000+0000,2026-08-06T01:44:32.000+0000,CN-00000041,野原グループ株式会社,Activated,野原グループ株式会社,Rendery Proプラン
"{'type': 'ContractLineItem__c', 'url': '/services/data/v67.0/sobjects/ContractLineItem__c/a03RB00001NswcXYAR'}",a03RB00001NswcXYAR,野原グループ株式会社_2026/05,001RB00001VTqbbYAD,a04RB00000kUAOFYA4,a0BRB00000ynb6A2AQ,2026/05,2026/05,2026-05-01,2026-05-31,a0CRB0000CcXZ6Q2QW,,a00RB00002Am2AxYAJ,8000,8000,True,False,1,2026-06-21T16:13:55.000+0000,2026-08-06T01:44:32.000+0000,CN-00000041,野原グループ株式会社,Activated,野原グループ株式会社,Rendery Proプラン
"{'type': 'ContractLineItem__c', 'url': '/services/data/v67.0/sobjects/ContractLineItem__c/a03RB00001NsweaYAB'}",a03RB00001NsweaYAB,JOA株式会社_2026/03,001RB00001VTqmBYAT,a04RB00000kUAORYA4,a0BRB00000ynb6M2AQ,2026/03,2026/03,2026-03-01,2026-03-31,a0CRB0000CcXZ6T2QW,,a00RB00002Am2BMYAZ,55000,55000,True,False,5,2026-06-21T16:13:56.000+0000,2026-08-06T01:44:32.000+0000,CN-00000053,JOA株式会社,Activated,JOA株式会社,[OLD] Rendery Enterpriseプラン(2025年9月まで)
"{'type': 'ContractLineItem__c', 'url': '/services/data/v67.0/sobjects/ContractLineItem__c/a03RB00001NswebYAB'}",a03RB00001NswebYAB,JOA株式会社_2026/04,001RB00001VTqmBYAT,a04RB00000kUAORYA4,a0BRB00000ynb6M2AQ,2026/04,2026/04,2026-04-01,2026-04-30,a0CRB0000CcXZ6T2QW,,a00RB00002Am2AcYAJ,55000,55000,True,False,5,2026-06-21T16:13:56.000+0000,2026-08-06T01:44:32.000+0000,CN-00000053,JOA株式会社,Activated,JOA株式会社,[OLD] Rendery Enterpriseプラン(2025年9月まで)
"{'type': 'ContractLineItem__c', 'url': '/services/data/v67.0/sobjects/ContractLineItem__c/a03RB00001NswecYAB'}",a03RB00001NswecYAB,JOA株式会社_2026/05,001RB00001VTqmBYAT,a04RB00000kUAORYA4,a0BRB00000ynb6M2AQ,2026/05,2026/05,2026-05-01,2026-05-31,a0CRB0000CcXZ6T2QW,,a00RB00002Am2B5YAJ,55000,55000,True,False,5,2026-06-21T16:13:56.000+0000,2026-08-06T01:44:32.000+0000,CN-00000053,JOA株式会社,Activated,JOA株式会社,[OLD] Rendery Enterpriseプラン(2025年9月まで)
"{'type': 'ContractLineItem__c', 'url': '/services/data/v67.0/sobjects/ContractLineItem__c/a03RB00001NsweoYAB'}",a03RB00001NsweoYAB,三井不動産レジデンシャルリース株式会社(ソリューション推進部)_2026/03,001RB00001VTqbXYAT,a04RB00000kUAOTYA4,a0BRB00000ynb6O2AQ,2026/03,2026/03,2026-03-01,2026-03-31,a0CRB0000CcXZ6T2QW,,a00RB000024Ux4RYAS,110000,110000,False,False,10,2026-06-21T16:13:56.000+0000,2026-08-06T00:50:25.000+0000,CN-00000055,三井不動産レジデンシャルリース株式会社(ソリューション推進部),Activated,三井不動産レジデンシャルリース株式会社,[OLD] Rendery Enterpriseプラン(2025年9月まで)
"{'type': 'ContractLineItem__c', 'url': '/services/data/v67.0/sobjects/ContractLineItem__c/a03RB00001NswepYAB'}",a03RB00001NswepYAB,三井不動産レジデンシャルリース株式会社(ソリューション推進部)_2026/04,001RB00001VTqbXYAT,a04RB00000kUAOTYA4,a0BRB00000ynb6O2AQ,2026/04,2026/04,2026-04-01,2026-04-30,a0CRB0000CcXZ6T2QW,,,132000,132000,False,False,12,2026-06-21T16:13:56.000+0000,2026-08-06T00:50:25.000+0000,CN-00000055,三井不動産レジデンシャルリース株式会社(ソリューション推進部),Activated,三井不動産レジデンシャルリース株式会社,[OLD] Rendery Enterpriseプラン(2025年9月まで)
"{'type': 'ContractLineItem__c', 'url': '/services/data/v67.0/sobjects/ContractLineItem__c/a03RB00001NsweqYAB'}",a03RB00001NsweqYAB,三井不動産レジデンシャルリース株式会社(ソリューション推進部)_2026/05,001RB00001VTqbXYAT,a04RB00000kUAOTYA4,a0BRB00000ynb6O2AQ,2026/05,2026/05,2026-05-01,2026-05-31,a0CRB0000CcXZ6T2QW,,a00RB000024Vf27YAC,132000,132000,False,False,12,2026-06-21T16:13:56.000+0000,2026-08-06T00:04:59.000+0000,CN-00000055,三井不動産レジデンシャルリース株式会社(ソリューション推進部),Activated,三井不動産レジデンシャルリース株式会社,[OLD] Rendery Enterpriseプラン(2025年9月まで)
"{'type': 'ContractLineItem__c', 'url': '/services/data/v67.0/sobjects/ContractLineItem__c/a03RB00001NswgIYAR'}",a03RB00001NswgIYAR,大塚商会（大和財宅）_2026/03,001RB00001VTqleYAD,a04RB00000kUAObYAO,a0BRB00000ynb6W2AQ,2026/03,2026/03,2026-03-01,2026-03-31,a0CRB0000CcXZ6R2QW,,,88000,88000,False,False,10,2026-06-21T16:13:56.000+0000,2026-08-06T02:00:37.000+0000,CN-00000063,大塚商会（大和財宅）,Activated,株式会社大塚商会,[代理販売20%] Rendery Proプラン
"{'type': 'ContractLineItem__c', 'url': '/services/data/v67.0/sobjects/ContractLineItem__c/a03RB00001NswgJYAR'}",a03RB00001NswgJYAR,大塚商会（大和財宅）_2026/04,001RB00001VTqleYAD,a04RB00000kUAObYAO,a0BRB00000ynb6W2AQ,2026/04,2026/04,2026-04-01,2026-04-30,a0CRB0000CcXZ6R2QW,,,88000,88000,False,False,10,2026-06-21T16:13:56.000+0000,2026-08-06T02:00:37.000+0000,CN-00000063,大塚商会（大和財宅）,Activated,株式会社大塚商会,[代理販売20%] Rendery Proプラン
"{'type': 'ContractLineItem__c', 'url': '/services/data/v67.0/sobjects/ContractLineItem__c/a03RB00001NswgKYAR'}",a03RB00001NswgKYAR,大塚商会（大和財宅）_2026/05,001RB00001VTqleYAD,a04RB00000kUAObYAO,a0BRB00000ynb6W2AQ,2026/05,2026/05,2026-05-01,2026-05-31,a0CRB0000CcXZ6R2QW,,,88000,88000,False,False,10,2026-06-21T16:13:56.000+0000,2026-08-06T02:00:37.000+0000,CN-00000063,大塚商会（大和財宅）,Activated,株式会社大塚商会,[代理販売20%] Rendery Proプラン
"{'type': 'ContractLineItem__c', 'url': '/services/data/v67.0/sobjects/ContractLineItem__c/a03RB00001NswgLYAR'}",a03RB00001NswgLYAR,大塚商会（大和財宅）_2026/06,001RB00001VTqleYAD,a04RB00000kUAObYAO,a0BRB00000ynb6W2AQ,2026/06,2026/06,2026-06-01,2026-06-30,a0CRB0000CcXZ6R2QW,,,88000,88000,False,False,10,2026-06-21T16:13:56.000+0000,2026-08-06T02:00:37.000+0000,CN-00000063,大塚商会（大和財宅）,Activated,株式会社大塚商会,[代理販売20%] Rendery Proプラン
"{'type': 'ContractLineItem__c', 'url': '/services/data/v67.0/sobjects/ContractLineItem__c/a03RB00001NswgMYAR'}",a03RB00001NswgMYAR,大塚商会（大和財宅）_2026/07,001RB00001VTqleYAD,a04RB00000kUAObYAO,a0BRB00000ynb6W2AQ,2026/07,2026/07,2026-07-01,2026-07-31,a0CRB0000CcXZ6R2QW,,,88000,88000,False,False,10,2026-06-21T16:13:56.000+0000,2026-08-06T02:00:37.000+0000,CN-00000063,大塚商会（大和財宅）,Activated,株式会社大塚商会,[代理販売20%] Rendery Proプラン
"{'type': 'ContractLineItem__c', 'url': '/services/data/v67.0/sobjects/ContractLineItem__c/a03RB00001NswgNYAR'}",a03RB00001NswgNYAR,大塚商会（大和財宅）_2026/08,001RB00001VTqleYAD,a04RB00000kUAObYAO,a0BRB00000ynb6W2AQ,2026/08,2026/08,2026-08-01,2026-08-31,a0CRB0000CcXZ6R2QW,,,88000,88000,False,False,10,2026-06-21T16:13:56.000+0000,2026-08-06T02:00:37.000+0000,CN-00000063,大塚商会（大和財宅）,Activated,株式会社大塚商会,[代理販売20%] Rendery Proプラン
"{'type': 'ContractLineItem__c', 'url': '/services/data/v67.0/sobjects/ContractLineItem__c/a03RB00001NswgfYAB'}",a03RB00001NswgfYAB,株式会社三越伊勢丹プロパティデザイン_2026/03,001RB00001VTqxsYAD,a04RB00000kUAOfYAO,a0BRB00000ynb6a2AA,2026/03,2026/03,2026-03-01,2026-03-31,a0CRB0000CcXZ6Q2QW,,a00RB000024Ux4TYAS,40000,40000,False,False,5,2026-06-21T16:13:56.000+0000,2026-08-06T00:50:25.000+0000,CN-00000067,株式会社三越伊勢丹プロパティデザイン,Activated,三越伊勢丹プロパティ・デザイン株式会社,Rendery Proプラン
"{'type': 'ContractLineItem__c', 'url': '/services/data/v67.0/sobjects/ContractLineItem__c/a03RB00001NswggYAB'}",a03RB00001NswggYAB,株式会社三越伊勢丹プロパティデザイン_2026/04,001RB00001VTqxsYAD,a04RB00000kUAOfYAO,a0BRB00000ynb6a2AA,2026/04,2026/04,2026-04-01,2026-04-30,a0CRB0000CcXZ6Q2QW,,a00RB000024Ux4wYAC,40000,40000,False,False,5,2026-06-21T16:13:56.000+0000,2026-08-06T00:50:25.000+0000,CN-00000067,株式会社三越伊勢丹プロパティデザイン,Activated,三越伊勢丹プロパティ・デザイン株式会社,Rendery Proプラン
"{'type': 'ContractLineItem__c', 'url': '/services/data/v67.0/sobjects/ContractLineItem__c/a03RB00001NswghYAB'}",a03RB00001NswghYAB,株式会社三越伊勢丹プロパティデザイン_2026/05,001RB00001VTqxsYAD,a04RB00000kUAOfYAO,a0BRB00000ynb6a2AA,2026/05,2026/05,2026-05-01,2026-05-31,a0CRB0000CcXZ6Q2QW,,a00RB000024Vf29YAC,40000,40000,False,False,5,2026-06-21T16:13:56.000+0000,2026-08-06T00:04:59.000+0000,CN-00000067,株式会社三越伊勢丹プロパティデザイン,Activated,三越伊勢丹プロパティ・デザイン株式会社,Rendery Proプラン
"{'type': 'ContractLineItem__c', 'url': '/services/data/v67.0/sobjects/ContractLineItem__c/a03RB00001NswgiYAB'}",a03RB00001NswgiYAB,株式会社三越伊勢丹プロパティデザイン_2026/06,001RB00001VTqxsYAD,a04RB00000kUAOfYAO,a0BRB00000ynb6a2AA,2026/06,2026/06,2026-06-01,2026-06-30,a0CRB0000CcXZ6Q2QW,,a00RB000024Vf29YAC,48000,48000,False,False,6,2026-06-21T16:13:56.000+0000,2026-08-06T00:04:59.000+0000,CN-00000067,株式会社三越伊勢丹プロパティデザイン,Activated,三越伊勢丹プロパティ・デザイン株式会社,Rendery Proプラン
"{'type': 'ContractLineItem__c', 'url': '/services/data/v67.0/sobjects/ContractLineItem__c/a03RB00001NswglYAB'}",a03RB00001NswglYAB,豊通ファシリティーズ株式会社 建築・設計部_2026/03,001RB00001VTqy1YAD,a04RB00000kUAOgYAO,a0BRB00000ynb6b2AA,2026/03,2026/03,2026-03-01,2026-03-31,a0CRB0000CcXZ6Q2QW,,a00RB000024Ux4WYAS,8000,8000,False,False,1,2026-06-21T16:13:56.000+0000,2026-08-06T00:50:25.000+0000,CN-00000068,豊通ファシリティーズ株式会社　建築・設計部,Activated,豊通ファシリティーズ株式会社,Rendery Proプラン
"{'type': 'ContractLineItem__c', 'url': '/services/data/v67.0/sobjects/ContractLineItem__c/a03RB00001NswgmYAB'}",a03RB00001NswgmYAB,豊通ファシリティーズ株式会社 建築・設計部_2026/04,001RB00001VTqy1YAD,a04RB00000kUAOgYAO,a0BRB00000ynb6b2AA,2026/04,2026/04,2026-04-01,2026-04-30,a0CRB0000CcXZ6Q2QW,,a00RB000024Ux4yYAC,8000,8000,False,False,1,2026-06-21T16:13:56.000+0000,2026-08-06T00:50:25.000+0000,CN-00000068,豊通ファシリティーズ株式会社　建築・設計部,Activated,豊通ファシリティーズ株式会社,Rendery Proプラン
"{'type': 'ContractLineItem__c', 'url': '/services/data/v67.0/sobjects/ContractLineItem__c/a03RB00001NswgnYAB'}",a03RB00001NswgnYAB,豊通ファシリティーズ株式会社 建築・設計部_2026/05,001RB00001VTqy1YAD,a04RB00000kUAOgYAO,a0BRB00000ynb6b2AA,2026/05,2026/05,2026-05-01,2026-05-31,a0CRB0000CcXZ6Q2QW,,a00RB000024Ux5TYAS,8000,8000,False,False,1,2026-06-21T16:13:56.000+0000,2026-08-06T00:50:25.000+0000,CN-00000068,豊通ファシリティーズ株式会社　建築・設計部,Activated,豊通ファシリティーズ株式会社,Rendery Proプラン
"{'type': 'ContractLineItem__c', 'url': '/services/data/v67.0/sobjects/ContractLineItem__c/a03RB00001NswgoYAB'}",a03RB00001NswgoYAB,豊通ファシリティーズ株式会社 建築・設計部_2026/06,001RB00001VTqy1YAD,a04RB00000kUAOgYAO,a0BRB00000ynb6b2AA,2026/06,2026/06,2026-06-01,2026-06-30,a0CRB0000CcXZ6Q2QW,,a00RB00002Am2BPYAZ,16000,16000,False,False,2,2026-06-21T16:13:56.000+0000,2026-08-06T00:04:59.000+0000,CN-00000068,豊通ファシリティーズ株式会社　建築・設計部,Activated,豊通ファシリティーズ株式会社,Rendery Proプラン
"{'type': 'ContractLineItem__c', 'url': '/services/data/v67.0/sobjects/ContractLineItem__c/a03RB00001NswgpYAB'}",a03RB00001NswgpYAB,フロンヴィルホームズ名古屋株式会社_2026/03,001RB00001VTr0hYAD,a04RB00000kUAOhYAO,a0BRB00000ynb6c2AA,2026/03,2026/03,2026-03-01,2026-03-31,a0CRB0000CcXZ6Q2QW,,a00RB000024Ux4ZYAS,8000,8000,False,False,1,2026-06-21T16:13:56.000+0000,2026-08-06T00:50:25.000+0000,CN-00000069,フロンヴィルホームズ名古屋株式会社,Activated,フロンヴィルホームズ名古屋株式会社,Rendery Proプラン
"{'type': 'ContractLineItem__c', 'url': '/services/data/v67.0/sobjects/ContractLineItem__c/a03RB00001NswgqYAB'}",a03RB00001NswgqYAB,フロンヴィルホームズ名古屋株式会社_2026/04,001RB00001VTr0hYAD,a04RB00000kUAOhYAO,a0BRB00000ynb6c2AA,2026/04,2026/04,2026-04-01,2026-04-30,a0CRB0000CcXZ6Q2QW,,a00RB000024Ux51YAC,8000,8000,False,False,1,2026-06-21T16:13:56.000+0000,2026-08-06T00:50:25.000+0000,CN-00000069,フロンヴィルホームズ名古屋株式会社,Activated,フロンヴィルホームズ名古屋株式会社,Rendery Proプラン
"{'type': 'ContractLineItem__c', 'url': '/services/data/v67.0/sobjects/ContractLineItem__c/a03RB00001NswgrYAB'}",a03RB00001NswgrYAB,フロンヴィルホームズ名古屋株式会社_2026/05,001RB00001VTr0hYAD,a04RB00000kUAOhYAO,a0BRB00000ynb6c2AA,2026/05,2026/05,2026-05-01,2026-05-31,a0CRB0000CcXZ6Q2QW,,a00RB000024Ux5WYAS,8000,8000,False,False,1,2026-06-21T16:13:56.000+0000,2026-08-06T00:50:25.000+0000,CN-00000069,フロンヴィルホームズ名古屋株式会社,Activated,フロンヴィルホームズ名古屋株式会社,Rendery Proプラン
"{'type': 'ContractLineItem__c', 'url': '/services/data/v67.0/sobjects/ContractLineItem__c/a03RB00001NswgsYAB'}",a03RB00001NswgsYAB,フロンヴィルホームズ名古屋株式会社_2026/08,001RB00001VTr0hYAD,a04RB00000kUAOhYAO,a0BRB00000ynb6c2AA,2026/08,2026/08,2026-08-01,2026-08-31,a0CRB0000CcXZ6Q2QW,,a00RB00002Am2BRYAZ,20000,20000,False,False,,2026-06-21T16:13:56.000+0000,2026-08-06T00:04:59.000+0000,CN-00000069,フロンヴィルホームズ名古屋株式会社,Activated,フロンヴィルホームズ名古屋株式会社,Rendery Proプラン
"{'type': 'ContractLineItem__c', 'url': '/services/data/v67.0/sobjects/ContractLineItem__c/a03RB00001Nswh7YAB'}",a03RB00001Nswh7YAB,三菱地所レジデンス株式会社_2026/03,001RB00001VTqf7YAD,a04RB00000kUAOjYAO,a0BRB00000ynb6e2AA,2026/03,2026/03,2026-03-01,2026-03-31,a0CRB0000CcXZ6Q2QW,,a00RB00002Am2BOYAZ,16000,16000,True,False,2,2026-06-21T16:13:56.000+0000,2026-08-06T01:44:32.000+0000,CN-00000071,三菱地所レジデンス株式会社,Activated,三菱地所レジデンス株式会社,Rendery Proプラン
"{'type': 'ContractLineItem__c', 'url': '/services/data/v67.0/sobjects/ContractLineItem__c/a03RB00001Nswh8YAB'}",a03RB00001Nswh8YAB,三菱地所レジデンス株式会社_2026/04,001RB00001VTqf7YAD,a04RB00000kUAOjYAO,a0BRB00000ynb6e2AA,2026/04,2026/04,2026-04-01,2026-04-30,,,a00RB00002Am2AgYAJ,,16000,False,False,2,2026-06-21T16:13:56.000+0000,2026-08-06T00:50:25.000+0000,CN-00000071,三菱地所レジデンス株式会社,Activated,三菱地所レジデンス株式会社,
"{'type': 'ContractLineItem__c', 'url': '/services/data/v67.0/sobjects/ContractLineItem__c/a03RB00001Nswh9YAB'}",a03RB00001Nswh9YAB,三菱地所レジデンス株式会社_2026/05,001RB00001VTqf7YAD,a04RB00000kUAOjYAO,a0BRB00000ynb6e2AA,2026/05,2026/05,2026-05-01,2026-05-31,a0CRB0000CcXZ6Q2QW,,a00RB00002Am2B7YAJ,16000,16000,True,False,2,2026-06-21T16:13:56.000+0000,2026-08-06T01:44:32.000+0000,CN-00000071,三菱地所レジデンス株式会社,Activated,三菱地所レジデンス株式会社,Rendery Proプラン
"{'type': 'ContractLineItem__c', 'url': '/services/data/v67.0/sobjects/ContractLineItem__c/a03RB00001NswhAYAR'}",a03RB00001NswhAYAR,三菱地所レジデンス株式会社_2026/06,001RB00001VTqf7YAD,a04RB00000kUAOjYAO,a0BRB00000ynb6e2AA,2026/06,2026/06,2026-06-01,2026-06-30,,,a00RB00002B4i4HYAR,,16000,False,False,2,2026-06-21T16:13:56.000+0000,2026-07-28T02:33:20.000+0000,CN-00000071,三菱地所レジデンス株式会社,Activated,三菱地所レジデンス株式会社,
"{'type': 'ContractLineItem__c', 'url': '/services/data/v67.0/sobjects/ContractLineItem__c/a03RB00001NswhBYAR'}",a03RB00001NswhBYAR,三菱地所レジデンス株式会社_2026/08,001RB00001VTqf7YAD,a04RB00000kUAOjYAO,a0BRB00000ynb6e2AA,2026/08,2026/08,2026-08-01,2026-08-31,,,a00RB00002B4i4HYAR,,140000,False,False,,2026-06-21T16:13:56.000+0000,2026-07-28T02:33:20.000+0000,CN-00000071,三菱地所レジデンス株式会社,Activated,三菱地所レジデンス株式会社,
"{'type': 'ContractLineItem__c', 'url': '/services/data/v67.0/sobjects/ContractLineItem__c/a03RB00001NswhHYAR'}",a03RB00001NswhHYAR,株式会社石勝エクステリア_2026/03,001RB00001VTqnMYAT,a04RB00000kUAOkYAO,a0BRB00000ynb6f2AA,2026/03,2026/03,2026-03-01,2026-03-31,,,,,110000,False,False,10,2026-06-21T16:13:56.000+0000,2026-08-06T00:47:33.000+0000,CN-00000072,株式会社石勝エクステリア,Activated,株式会社石勝エクステリア,
"{'type': 'ContractLineItem__c', 'url': '/services/data/v67.0/sobjects/ContractLineItem__c/a03RB00001NswhIYAR'}",a03RB00001NswhIYAR,株式会社石勝エクステリア_2026/04,001RB00001VTqnMYAT,a04RB00000kUAOkYAO,a0BRB00000ynb6f2AA,2026/04,2026/04,2026-04-01,2026-04-30,,,,,100000,False,False,10,2026-06-21T16:13:56.000+0000,2026-07-28T02:33:20.000+0000,CN-00000072,株式会社石勝エクステリア,Activated,株式会社石勝エクステリア,
"{'type': 'ContractLineItem__c', 'url': '/services/data/v67.0/sobjects/ContractLineItem__c/a03RB00001NswhJYAR'}",a03RB00001NswhJYAR,株式会社石勝エクステリア_2026/05,001RB00001VTqnMYAT,a04RB00000kUAOkYAO,a0BRB00000ynb6f2AA,2026/05,2026/05,2026-05-01,2026-05-31,,,,,100000,False,False,10,2026-06-21T16:13:56.000+0000,2026-07-28T02:33:20.000+0000,CN-00000072,株式会社石勝エクステリア,Activated,株式会社石勝エクステリア,
"{'type': 'ContractLineItem__c', 'url': '/services/data/v67.0/sobjects/ContractLineItem__c/a03RB00001NswhKYAR'}",a03RB00001NswhKYAR,株式会社石勝エクステリア_2026/06,001RB00001VTqnMYAT,a04RB00000kUAOkYAO,a0BRB00000ynb6f2AA,2026/06,2026/06,2026-06-01,2026-06-30,,,,,100000,False,False,10,2026-06-21T16:13:56.000+0000,2026-07-28T02:33:20.000+0000,CN-00000072,株式会社石勝エクステリア,Activated,株式会社石勝エクステリア,
"{'type': 'ContractLineItem__c', 'url': '/services/data/v67.0/sobjects/ContractLineItem__c/a03RB00001NswhLYAR'}",a03RB00001NswhLYAR,株式会社石勝エクステリア_2026/07,001RB00001VTqnMYAT,a04RB00000kUAOkYAO,a0BRB00000ynb6f2AA,2026/07,2026/07,2026-07-01,2026-07-31,,,,,100000,False,False,10,2026-06-21T16:13:56.000+0000,2026-07-28T02:33:20.000+0000,CN-00000072,株式会社石勝エクステリア,Activated,株式会社石勝エクステリア,
"{'type': 'ContractLineItem__c', 'url': '/services/data/v67.0/sobjects/ContractLineItem__c/a03RB00001NswhMYAR'}",a03RB00001NswhMYAR,株式会社石勝エクステリア_2026/08,001RB00001VTqnMYAT,a04RB00000kUAOkYAO,a0BRB00000ynb6f2AA,2026/08,2026/08,2026-08-01,2026-08-31,,,,,100000,False,False,10,2026-06-21T16:13:56.000+0000,2026-07-28T02:33:20.000+0000,CN-00000072,株式会社石勝エクステリア,Activated,株式会社石勝エクステリア,
"{'type': 'ContractLineItem__c', 'url': '/services/data/v67.0/sobjects/ContractLineItem__c/a03RB00001NswhNYAR'}",a03RB00001NswhNYAR,株式会社石勝エクステリア_2026/09,001RB00001VTqnMYAT,a04RB00000kUAOkYAO,a0BRB00000ynb6f2AA,2026/09,2026/09,2026-09-01,2026-09-30,,,,,100000,False,False,10,2026-06-21T16:13:56.000+0000,2026-07-28T02:33:20.000+0000,CN-00000072,株式会社石勝エクステリア,Activated,株式会社石勝エクステリア,
"{'type': 'ContractLineItem__c', 'url': '/services/data/v67.0/sobjects/ContractLineItem__c/a03RB00001NswhOYAR'}",a03RB00001NswhOYAR,株式会社石勝エクステリア_2026/10,001RB00001VTqnMYAT,a04RB00000kUAOkYAO,a0BRB00000ynb6f2AA,2026/10,2026/10,2026-10-01,2026-10-31,,,,,100000,False,False,10,2026-06-21T16:13:56.000+0000,2026-07-28T02:33:20.000+0000,CN-00000072,株式会社石勝エクステリア,Activated,株式会社石勝エクステリア,
"{'type': 'ContractLineItem__c', 'url': '/services/data/v67.0/sobjects/ContractLineItem__c/a03RB00001NswhPYAR'}",a03RB00001NswhPYAR,株式会社石勝エクステリア_2026/11,001RB00001VTqnMYAT,a04RB00000kUAOkYAO,a0BRB00000ynb6f2AA,2026/11,2026/11,2026-11-01,2026-11-30,,,,,100000,False,False,10,2026-06-21T16:13:56.000+0000,2026-07-28T02:33:20.000+0000,CN-00000072,株式会社石勝エクステリア,Activated,株式会社石勝エクステリア,
"{'type': 'ContractLineItem__c', 'url': '/services/data/v67.0/sobjects/ContractLineItem__c/a03RB00001NswhQYAR'}",a03RB00001NswhQYAR,株式会社石勝エクステリア_2026/12,001RB00001VTqnMYAT,a04RB00000kUAOkYAO,a0BRB00000ynb6f2AA,2026/12,2026/12,2026-12-01,2026-12-31,,,,,100000,False,False,10,2026-06-21T16:13:56.000+0000,2026-07-28T02:33:20.000+0000,CN-00000072,株式会社石勝エクステリア,Activated,株式会社石勝エクステリア,
"{'type': 'ContractLineItem__c', 'url': '/services/data/v67.0/sobjects/ContractLineItem__c/a03RB00001NswhRYAR'}",a03RB00001NswhRYAR,株式会社石勝エクステリア_2027/01,001RB00001VTqnMYAT,a04RB00000kUAOkYAO,a0BRB00000ynb6f2AA,2027/01,2027/01,2027-01-01,2027-01-31,,,,,100000,False,False,10,2026-06-21T16:13:56.000+0000,2026-07-28T02:33:20.000+0000,CN-00000072,株式会社石勝エクステリア,Activated,株式会社石勝エクステリア,
"{'type': 'ContractLineItem__c', 'url': '/services/data/v67.0/sobjects/ContractLineItem__c/a03RB00001NswhSYAR'}",a03RB00001NswhSYAR,株式会社石勝エクステリア_2027/02,001RB00001VTqnMYAT,a04RB00000kUAOkYAO,a0BRB00000ynb6f2AA,2027/02,2027/02,2027-02-01,2027-02-28,,,,,100000,False,False,10,2026-06-21T16:13:56.000+0000,2026-07-28T02:33:20.000+0000,CN-00000072,株式会社石勝エクステリア,Activated,株式会社石勝エクステリア,
"{'type': 'ContractLineItem__c', 'url': '/services/data/v67.0/sobjects/ContractLineItem__c/a03RB00001NswhmYAB'}",a03RB00001NswhmYAB,ジーク株式会社_2026/03,001RB00001VTqsxYAD,a04RB00000kUAOnYAO,a0BRB00000ynb6i2AA,2026/03,2026/03,2026-03-01,2026-03-31,a0CRB0000CcXZ6Z2QW,,,,70000,False,False,5,2026-06-21T16:13:56.000+0000,2026-08-06T01:58:48.000+0000,CN-00000075,ジーク株式会社,Activated,ジーク株式会社,[年払] Rendery Enterpriseプラン
"{'type': 'ContractLineItem__c', 'url': '/services/data/v67.0/sobjects/ContractLineItem__c/a03RB00001NswhnYAB'}",a03RB00001NswhnYAB,ジーク株式会社_2026/04,001RB00001VTqsxYAD,a04RB00000kUAOnYAO,a0BRB00000ynb6i2AA,2026/04,2026/04,2026-04-01,2026-04-30,a0CRB0000CcXZ6Z2QW,,,,70000,False,False,5,2026-06-21T16:13:56.000+0000,2026-08-06T01:58:48.000+0000,CN-00000075,ジーク株式会社,Activated,ジーク株式会社,[年払] Rendery Enterpriseプラン
"{'type': 'ContractLineItem__c', 'url': '/services/data/v67.0/sobjects/ContractLineItem__c/a03RB00001NswhoYAB'}",a03RB00001NswhoYAB,ジーク株式会社_2026/05,001RB00001VTqsxYAD,a04RB00000kUAOnYAO,a0BRB00000ynb6i2AA,2026/05,2026/05,2026-05-01,2026-05-31,a0CRB0000CcXZ6Z2QW,,,,70000,False,False,5,2026-06-21T16:13:56.000+0000,2026-08-06T01:58:48.000+0000,CN-00000075,ジーク株式会社,Activated,ジーク株式会社,[年払] Rendery Enterpriseプラン
"{'type': 'ContractLineItem__c', 'url': '/services/data/v67.0/sobjects/ContractLineItem__c/a03RB00001NswhpYAB'}",a03RB00001NswhpYAB,ジーク株式会社_2026/06,001RB00001VTqsxYAD,a04RB00000kUAOnYAO,a0BRB00000ynb6i2AA,2026/06,2026/06,2026-06-01,2026-06-30,a0CRB0000CcXZ6Z2QW,,,,70000,False,False,5,2026-06-21T16:13:56.000+0000,2026-08-06T01:58:48.000+0000,CN-00000075,ジーク株式会社,Activated,ジーク株式会社,[年払] Rendery Enterpriseプラン
"{'type': 'ContractLineItem__c', 'url': '/services/data/v67.0/sobjects/ContractLineItem__c/a03RB00001NswhqYAB'}",a03RB00001NswhqYAB,ジーク株式会社_2026/07,001RB00001VTqsxYAD,a04RB00000kUAOnYAO,a0BRB00000ynb6i2AA,2026/07,2026/07,2026-07-01,2026-07-31,a0CRB0000CcXZ6Z2QW,,,,70000,False,False,5,2026-06-21T16:13:56.000+0000,2026-08-06T01:58:48.000+0000,CN-00000075,ジーク株式会社,Activated,ジーク株式会社,[年払] Rendery Enterpriseプラン
"{'type': 'ContractLineItem__c', 'url': '/services/data/v67.0/sobjects/ContractLineItem__c/a03RB00001NswhrYAB'}",a03RB00001NswhrYAB,ジーク株式会社_2026/08,001RB00001VTqsxYAD,a04RB00000kUAOnYAO,a0BRB00000ynb6i2AA,2026/08,2026/08,2026-08-01,2026-08-31,a0CRB0000CcXZ6Z2QW,,,,70000,False,False,5,2026-06-21T16:13:56.000+0000,2026-08-06T01:58:48.000+0000,CN-00000075,ジーク株式会社,Activated,ジーク株式会社,[年払] Rendery Enterpriseプラン
"{'type': 'ContractLineItem__c', 'url': '/services/data/v67.0/sobjects/ContractLineItem__c/a03RB00001NswhsYAB'}",a03RB00001NswhsYAB,ジーク株式会社_2026/09,001RB00001VTqsxYAD,a04RB00000kUAOnYAO,a0BRB00000ynb6i2AA,2026/09,2026/09,2026-09-01,2026-09-30,a0CRB0000CcXZ6Z2QW,,,,70000,False,False,5,2026-06-21T16:13:56.000+0000,2026-08-06T01:58:48.000+0000,CN-00000075,ジーク株式会社,Activated,ジーク株式会社,[年払] Rendery Enterpriseプラン
"{'type': 'ContractLineItem__c', 'url': '/services/data/v67.0/sobjects/ContractLineItem__c/a03RB00001NswhtYAB'}",a03RB00001NswhtYAB,ジーク株式会社_2026/10,001RB00001VTqsxYAD,a04RB00000kUAOnYAO,a0BRB00000ynb6i2AA,2026/10,2026/10,2026-10-01,2026-10-31,a0CRB0000CcXZ6Z2QW,,,,70000,False,False,5,2026-06-21T16:13:56.000+0000,2026-08-06T01:58:48.000+0000,CN-00000075,ジーク株式会社,Activated,ジーク株式会社,[年払] Rendery Enterpriseプラン
"{'type': 'ContractLineItem__c', 'url': '/services/data/v67.0/sobjects/ContractLineItem__c/a03RB00001NswhuYAB'}",a03RB00001NswhuYAB,ジーク株式会社_2026/11,001RB00001VTqsxYAD,a04RB00000kUAOnYAO,a0BRB00000ynb6i2AA,2026/11,2026/11,2026-11-01,2026-11-30,a0CRB0000CcXZ6Z2QW,,,,70000,False,False,5,2026-06-21T16:13:56.000+0000,2026-08-06T01:58:48.000+0000,CN-00000075,ジーク株式会社,Activated,ジーク株式会社,[年払] Rendery Enterpriseプラン
"{'type': 'ContractLineItem__c', 'url': '/services/data/v67.0/sobjects/ContractLineItem__c/a03RB00001NswhvYAB'}",a03RB00001NswhvYAB,ジーク株式会社_2026/12,001RB00001VTqsxYAD,a04RB00000kUAOnYAO,a0BRB00000ynb6i2AA,2026/12,2026/12,2026-12-01,2026-12-31,a0CRB0000CcXZ6Z2QW,,,,70000,False,False,5,2026-06-21T16:13:56.000+0000,2026-08-06T01:58:48.000+0000,CN-00000075,ジーク株式会社,Activated,ジーク株式会社,[年払] Rendery Enterpriseプラン
"{'type': 'ContractLineItem__c', 'url': '/services/data/v67.0/sobjects/ContractLineItem__c/a03RB00001NswhwYAB'}",a03RB00001NswhwYAB,ジーク株式会社_2027/01,001RB00001VTqsxYAD,a04RB00000kUAOnYAO,a0BRB00000ynb6i2AA,2027/01,2027/01,2027-01-01,2027-01-31,a0CRB0000CcXZ6Z2QW,,,,70000,False,False,5,2026-06-21T16:13:56.000+0000,2026-08-06T01:58:48.000+0000,CN-00000075,ジーク株式会社,Activated,ジーク株式会社,[年払] Rendery Enterpriseプラン
"{'type': 'ContractLineItem__c', 'url': '/services/data/v67.0/sobjects/ContractLineItem__c/a03RB00001NswhzYAB'}",a03RB00001NswhzYAB,株式会社アールシーコア_2026/04,001RB00001VTqxQYAT,a04RB00000kUAOoYAO,a0BRB00000ynb6j2AA,2026/04,2026/04,2026-04-01,2026-04-30,,,,,150000,False,False,10,2026-06-21T16:13:56.000+0000,2026-08-06T00:47:33.000+0000,CN-00000076,株式会社アールシーコア,Activated,株式会社アールシーコア,
"{'type': 'ContractLineItem__c', 'url': '/services/data/v67.0/sobjects/ContractLineItem__c/a03RB00001Nswi0YAB'}",a03RB00001Nswi0YAB,株式会社アールシーコア_2026/05,001RB00001VTqxQYAT,a04RB00000kUAOoYAO,a0BRB00000ynb6j2AA,2026/05,2026/05,2026-05-01,2026-05-31,,,,,150000,False,False,10,2026-06-21T16:13:56.000+0000,2026-08-06T00:47:33.000+0000,CN-00000076,株式会社アールシーコア,Activated,株式会社アールシーコア,
"{'type': 'ContractLineItem__c', 'url': '/services/data/v67.0/sobjects/ContractLineItem__c/a03RB00001Nswi2YAB'}",a03RB00001Nswi2YAB,株式会社錢高組_2026/03,001RB00001VTqW8YAL,a04RB00000kUAOpYAO,a0BRB00000ynb6k2AA,2026/03,2026/03,2026-03-01,2026-03-31,a0CRB0000CcXZ6Q2QW,,a00RB000024Ux4YYAS,24000,24000,False,False,3,2026-06-21T16:13:56.000+0000,2026-08-06T00:50:25.000+0000,CN-00000077,株式会社錢高組,Activated,株式会社 錢高組,Rendery Proプラン
"{'type': 'ContractLineItem__c', 'url': '/services/data/v67.0/sobjects/ContractLineItem__c/a03RB00001Nswi3YAB'}",a03RB00001Nswi3YAB,株式会社錢高組_2026/04,001RB00001VTqW8YAL,a04RB00000kUAOpYAO,a0BRB00000ynb6k2AA,2026/04,2026/04,2026-04-01,2026-04-30,a0CRB0000CcXZ6Q2QW,,a00RB000024Ux50YAC,24000,24000,False,False,3,2026-06-21T16:13:56.000+0000,2026-08-06T00:50:25.000+0000,CN-00000077,株式会社錢高組,Activated,株式会社 錢高組,Rendery Proプラン
"{'type': 'ContractLineItem__c', 'url': '/services/data/v67.0/sobjects/ContractLineItem__c/a03RB00001Nswi4YAB'}",a03RB00001Nswi4YAB,株式会社錢高組_2026/05,001RB00001VTqW8YAL,a04RB00000kUAOpYAO,a0BRB00000ynb6k2AA,2026/05,2026/05,2026-05-01,2026-05-31,a0CRB0000CcXZ6Q2QW,,a00RB000024Vf2DYAS,24000,24000,False,False,3,2026-06-21T16:13:56.000+0000,2026-08-06T00:04:59.000+0000,CN-00000077,株式会社錢高組,Activated,株式会社 錢高組,Rendery Proプラン
"{'type': 'ContractLineItem__c', 'url': '/services/data/v67.0/sobjects/ContractLineItem__c/a03RB00001Nswi6YAB'}",a03RB00001Nswi6YAB,日鉄興和不動産株式会社_2026/03,001RB00001VTrnKYAT,a04RB00000kUAOqYAO,a0BRB00000ynb6l2AA,2026/03,2026/03,2026-03-01,2026-03-31,,,,,195000,False,False,13,2026-06-21T16:13:56.000+0000,2026-08-06T01:58:48.000+0000,CN-00000078,日鉄興和不動産株式会社,Activated,日鉄興和不動産株式会社,
"{'type': 'ContractLineItem__c', 'url': '/services/data/v67.0/sobjects/ContractLineItem__c/a03RB00001Nswi7YAB'}",a03RB00001Nswi7YAB,日鉄興和不動産株式会社_2026/05,001RB00001VTrnKYAT,a04RB00000kUAOqYAO,a0BRB00000ynb6l2AA,2026/05,2026/05,2026-05-01,2026-05-31,,,a00RB00002B5oLFYAZ,,140000,False,False,10,2026-06-21T16:13:56.000+0000,2026-07-28T02:33:20.000+0000,CN-00000078,日鉄興和不動産株式会社,Activated,日鉄興和不動産株式会社,
"{'type': 'ContractLineItem__c', 'url': '/services/data/v67.0/sobjects/ContractLineItem__c/a03RB00001Nswi8YAB'}",a03RB00001Nswi8YAB,日鉄興和不動産株式会社_2026/06,001RB00001VTrnKYAT,a04RB00000kUAOqYAO,a0BRB00000ynb6l2AA,2026/06,2026/06,2026-06-01,2026-06-30,,,a00RB00002B5oLFYAZ,,140000,False,False,10,2026-06-21T16:13:56.000+0000,2026-07-28T02:33:20.000+0000,CN-00000078,日鉄興和不動産株式会社,Activated,日鉄興和不動産株式会社,
"{'type': 'ContractLineItem__c', 'url': '/services/data/v67.0/sobjects/ContractLineItem__c/a03RB00001Nswi9YAB'}",a03RB00001Nswi9YAB,日鉄興和不動産株式会社_2026/07,001RB00001VTrnKYAT,a04RB00000kUAOqYAO,a0BRB00000ynb6l2AA,2026/07,2026/07,2026-07-01,2026-07-31,,,a00RB00002B5oLFYAZ,,140000,False,False,10,2026-06-21T16:13:56.000+0000,2026-07-28T02:33:20.000+0000,CN-00000078,日鉄興和不動産株式会社,Activated,日鉄興和不動産株式会社,
"{'type': 'ContractLineItem__c', 'url': '/services/data/v67.0/sobjects/ContractLineItem__c/a03RB00001NswiAYAR'}",a03RB00001NswiAYAR,日鉄興和不動産株式会社_2026/08,001RB00001VTrnKYAT,a04RB00000kUAOqYAO,a0BRB00000ynb6l2AA,2026/08,2026/08,2026-08-01,2026-08-31,,,a00RB00002B5oLFYAZ,,140000,False,False,10,2026-06-21T16:13:56.000+0000,2026-07-28T02:33:20.000+0000,CN-00000078,日鉄興和不動産株式会社,Activated,日鉄興和不動産株式会社,
"{'type': 'ContractLineItem__c', 'url': '/services/data/v67.0/sobjects/ContractLineItem__c/a03RB00001NswiBYAR'}",a03RB00001NswiBYAR,日鉄興和不動産株式会社_2026/09,001RB00001VTrnKYAT,a04RB00000kUAOqYAO,a0BRB00000ynb6l2AA,2026/09,2026/09,2026-09-01,2026-09-30,,,a00RB00002B5oLFYAZ,,140000,False,False,10,2026-06-21T16:13:56.000+0000,2026-07-28T02:33:20.000+0000,CN-00000078,日鉄興和不動産株式会社,Activated,日鉄興和不動産株式会社,
"{'type': 'ContractLineItem__c', 'url': '/services/data/v67.0/sobjects/ContractLineItem__c/a03RB00001NswiCYAR'}",a03RB00001NswiCYAR,日鉄興和不動産株式会社_2026/10,001RB00001VTrnKYAT,a04RB00000kUAOqYAO,a0BRB00000ynb6l2AA,2026/10,2026/10,2026-10-01,2026-10-31,,,a00RB00002B5oLFYAZ,,140000,False,False,10,2026-06-21T16:13:56.000+0000,2026-07-28T02:33:20.000+0000,CN-00000078,日鉄興和不動産株式会社,Activated,日鉄興和不動産株式会社,
"{'type': 'ContractLineItem__c', 'url': '/services/data/v67.0/sobjects/ContractLineItem__c/a03RB00001NswiDYAR'}",a03RB00001NswiDYAR,日鉄興和不動産株式会社_2026/11,001RB00001VTrnKYAT,a04RB00000kUAOqYAO,a0BRB00000ynb6l2AA,2026/11,2026/11,2026-11-01,2026-11-30,,,a00RB00002B5oLFYAZ,,140000,False,False,10,2026-06-21T16:13:56.000+0000,2026-07-28T02:33:20.000+0000,CN-00000078,日鉄興和不動産株式会社,Activated,日鉄興和不動産株式会社,
"{'type': 'ContractLineItem__c', 'url': '/services/data/v67.0/sobjects/ContractLineItem__c/a03RB00001NswiEYAR'}",a03RB00001NswiEYAR,日鉄興和不動産株式会社_2026/12,001RB00001VTrnKYAT,a04RB00000kUAOqYAO,a0BRB00000ynb6l2AA,2026/12,2026/12,2026-12-01,2026-12-31,,,a00RB00002B5oLFYAZ,,140000,False,False,10,2026-06-21T16:13:56.000+0000,2026-07-28T02:33:20.000+0000,CN-00000078,日鉄興和不動産株式会社,Activated,日鉄興和不動産株式会社,
"{'type': 'ContractLineItem__c', 'url': '/services/data/v67.0/sobjects/ContractLineItem__c/a03RB00001NswiFYAR'}",a03RB00001NswiFYAR,日鉄興和不動産株式会社_2027/01,001RB00001VTrnKYAT,a04RB00000kUAOqYAO,a0BRB00000ynb6l2AA,2027/01,2027/01,2027-01-01,2027-01-31,,,a00RB00002B5oLFYAZ,,140000,False,False,10,2026-06-21T16:13:56.000+0000,2026-07-28T02:33:20.000+0000,CN-00000078,日鉄興和不動産株式会社,Activated,日鉄興和不動産株式会社,
"{'type': 'ContractLineItem__c', 'url': '/services/data/v67.0/sobjects/ContractLineItem__c/a03RB00001NswiGYAR'}",a03RB00001NswiGYAR,日鉄興和不動産株式会社_2027/02,001RB00001VTrnKYAT,a04RB00000kUAOqYAO,a0BRB00000ynb6l2AA,2027/02,2027/02,2027-02-01,2027-02-28,,,a00RB00002B5oLFYAZ,,140000,False,False,10,2026-06-21T16:13:56.000+0000,2026-07-28T02:33:20.000+0000,CN-00000078,日鉄興和不動産株式会社,Activated,日鉄興和不動産株式会社,
"{'type': 'ContractLineItem__c', 'url': '/services/data/v67.0/sobjects/ContractLineItem__c/a03RB00001NswiOYAR'}",a03RB00001NswiOYAR,株式会社石勝エクステリア(シングルサインオン分）_2026/03,001RB00001VTqnMYAT,a04RB00000kUAOrYAO,a0BRB00000ynb6m2AA,2026/03,2026/03,2026-03-01,2026-03-31,,,,,30000,False,False,1,2026-06-21T16:13:56.000+0000,2026-08-06T00:47:33.000+0000,CN-00000079,株式会社石勝エクステリア(シングルサインオン分）,Activated,株式会社石勝エクステリア,
"{'type': 'ContractLineItem__c', 'url': '/services/data/v67.0/sobjects/ContractLineItem__c/a03RB00001NswiPYAR'}",a03RB00001NswiPYAR,株式会社石勝エクステリア(シングルサインオン分）_2026/04,001RB00001VTqnMYAT,a04RB00000kUAOrYAO,a0BRB00000ynb6m2AA,2026/04,2026/04,2026-04-01,2026-04-30,,,,,30000,False,False,1,2026-06-21T16:13:56.000+0000,2026-07-28T02:33:20.000+0000,CN-00000079,株式会社石勝エクステリア(シングルサインオン分）,Activated,株式会社石勝エクステリア,
"{'type': 'ContractLineItem__c', 'url': '/services/data/v67.0/sobjects/ContractLineItem__c/a03RB00001NswiQYAR'}",a03RB00001NswiQYAR,株式会社石勝エクステリア(シングルサインオン分）_2026/05,001RB00001VTqnMYAT,a04RB00000kUAOrYAO,a0BRB00000ynb6m2AA,2026/05,2026/05,2026-05-01,2026-05-31,,,,,30000,False,False,1,2026-06-21T16:13:56.000+0000,2026-07-28T02:33:20.000+0000,CN-00000079,株式会社石勝エクステリア(シングルサインオン分）,Activated,株式会社石勝エクステリア,
"{'type': 'ContractLineItem__c', 'url': '/services/data/v67.0/sobjects/ContractLineItem__c/a03RB00001NswiRYAR'}",a03RB00001NswiRYAR,株式会社石勝エクステリア(シングルサインオン分）_2026/06,001RB00001VTqnMYAT,a04RB00000kUAOrYAO,a0BRB00000ynb6m2AA,2026/06,2026/06,2026-06-01,2026-06-30,,,,,30000,False,False,1,2026-06-21T16:13:56.000+0000,2026-07-28T02:33:20.000+0000,CN-00000079,株式会社石勝エクステリア(シングルサインオン分）,Activated,株式会社石勝エクステリア,
"{'type': 'ContractLineItem__c', 'url': '/services/data/v67.0/sobjects/ContractLineItem__c/a03RB00001NswiSYAR'}",a03RB00001NswiSYAR,株式会社石勝エクステリア(シングルサインオン分）_2026/07,001RB00001VTqnMYAT,a04RB00000kUAOrYAO,a0BRB00000ynb6m2AA,2026/07,2026/07,2026-07-01,2026-07-31,,,,,30000,False,False,1,2026-06-21T16:13:56.000+0000,2026-07-28T02:33:20.000+0000,CN-00000079,株式会社石勝エクステリア(シングルサインオン分）,Activated,株式会社石勝エクステリア,
"{'type': 'ContractLineItem__c', 'url': '/services/data/v67.0/sobjects/ContractLineItem__c/a03RB00001NswiTYAR'}",a03RB00001NswiTYAR,株式会社石勝エクステリア(シングルサインオン分）_2026/08,001RB00001VTqnMYAT,a04RB00000kUAOrYAO,a0BRB00000ynb6m2AA,2026/08,2026/08,2026-08-01,2026-08-31,,,,,30000,False,False,1,2026-06-21T16:13:56.000+0000,2026-07-28T02:33:20.000+0000,CN-00000079,株式会社石勝エクステリア(シングルサインオン分）,Activated,株式会社石勝エクステリア,
"{'type': 'ContractLineItem__c', 'url': '/services/data/v67.0/sobjects/ContractLineItem__c/a03RB00001NswiUYAR'}",a03RB00001NswiUYAR,株式会社石勝エクステリア(シングルサインオン分）_2026/09,001RB00001VTqnMYAT,a04RB00000kUAOrYAO,a0BRB00000ynb6m2AA,2026/09,2026/09,2026-09-01,2026-09-30,,,,,30000,False,False,1,2026-06-21T16:13:56.000+0000,2026-07-28T02:33:20.000+0000,CN-00000079,株式会社石勝エクステリア(シングルサインオン分）,Activated,株式会社石勝エクステリア,
"{'type': 'ContractLineItem__c', 'url': '/services/data/v67.0/sobjects/ContractLineItem__c/a03RB00001NswiVYAR'}",a03RB00001NswiVYAR,株式会社石勝エクステリア(シングルサインオン分）_2026/10,001RB00001VTqnMYAT,a04RB00000kUAOrYAO,a0BRB00000ynb6m2AA,2026/10,2026/10,2026-10-01,2026-10-31,,,,,30000,False,False,1,2026-06-21T16:13:56.000+0000,2026-07-28T02:33:20.000+0000,CN-00000079,株式会社石勝エクステリア(シングルサインオン分）,Activated,株式会社石勝エクステリア,
"{'type': 'ContractLineItem__c', 'url': '/services/data/v67.0/sobjects/ContractLineItem__c/a03RB00001NswiWYAR'}",a03RB00001NswiWYAR,株式会社石勝エクステリア(シングルサインオン分）_2026/11,001RB00001VTqnMYAT,a04RB00000kUAOrYAO,a0BRB00000ynb6m2AA,2026/11,2026/11,2026-11-01,2026-11-30,,,,,30000,False,False,1,2026-06-21T16:13:56.000+0000,2026-07-28T02:33:20.000+0000,CN-00000079,株式会社石勝エクステリア(シングルサインオン分）,Activated,株式会社石勝エクステリア,
"{'type': 'ContractLineItem__c', 'url': '/services/data/v67.0/sobjects/ContractLineItem__c/a03RB00001NswiXYAR'}",a03RB00001NswiXYAR,株式会社石勝エクステリア(シングルサインオン分）_2026/12,001RB00001VTqnMYAT,a04RB00000kUAOrYAO,a0BRB00000ynb6m2AA,2026/12,2026/12,2026-12-01,2026-12-31,,,,,30000,False,False,1,2026-06-21T16:13:56.000+0000,2026-07-28T02:33:20.000+0000,CN-00000079,株式会社石勝エクステリア(シングルサインオン分）,Activated,株式会社石勝エクステリア,
"{'type': 'ContractLineItem__c', 'url': '/services/data/v67.0/sobjects/ContractLineItem__c/a03RB00001NswiYYAR'}",a03RB00001NswiYYAR,株式会社石勝エクステリア(シングルサインオン分）_2027/01,001RB00001VTqnMYAT,a04RB00000kUAOrYAO,a0BRB00000ynb6m2AA,2027/01,2027/01,2027-01-01,2027-01-31,,,,,30000,False,False,1,2026-06-21T16:13:56.000+0000,2026-07-28T02:33:20.000+0000,CN-00000079,株式会社石勝エクステリア(シングルサインオン分）,Activated,株式会社石勝エクステリア,
"{'type': 'ContractLineItem__c', 'url': '/services/data/v67.0/sobjects/ContractLineItem__c/a03RB00001NswiZYAR'}",a03RB00001NswiZYAR,株式会社石勝エクステリア(シングルサインオン分）_2027/02,001RB00001VTqnMYAT,a04RB00000kUAOrYAO,a0BRB00000ynb6m2AA,2027/02,2027/02,2027-02-01,2027-02-28,,,,,30000,False,False,1,2026-06-21T16:13:56.000+0000,2026-07-28T02:33:20.000+0000,CN-00000079,株式会社石勝エクステリア(シングルサインオン分）,Activated,株式会社石勝エクステリア,
"{'type': 'ContractLineItem__c', 'url': '/services/data/v67.0/sobjects/ContractLineItem__c/a03RB00001NswidYAB'}",a03RB00001NswidYAB,株式会社アールシーコア(セキュリティオプション月額）_2026/03,001RB00001VTqxQYAT,a04RB00000kUAOsYAO,a0BRB00000ynb6n2AA,2026/03,2026/03,2026-03-01,2026-03-31,,,,,100000,False,False,1,2026-06-21T16:13:56.000+0000,2026-07-28T02:33:20.000+0000,CN-00000080,株式会社アールシーコア(セキュリティオプション月額）,Activated,株式会社アールシーコア,
"{'type': 'ContractLineItem__c', 'url': '/services/data/v67.0/sobjects/ContractLineItem__c/a03RB00001NswieYAB'}",a03RB00001NswieYAB,株式会社アールシーコア(セキュリティオプション月額）_2026/04,001RB00001VTqxQYAT,a04RB00000kUAOsYAO,a0BRB00000ynb6n2AA,2026/04,2026/04,2026-04-01,2026-04-30,,,,,100000,False,False,1,2026-06-21T16:13:56.000+0000,2026-08-06T00:47:33.000+0000,CN-00000080,株式会社アールシーコア(セキュリティオプション月額）,Activated,株式会社アールシーコア,
"{'type': 'ContractLineItem__c', 'url': '/services/data/v67.0/sobjects/ContractLineItem__c/a03RB00001NswifYAB'}",a03RB00001NswifYAB,株式会社アールシーコア(セキュリティオプション月額）_2026/05,001RB00001VTqxQYAT,a04RB00000kUAOsYAO,a0BRB00000ynb6n2AA,2026/05,2026/05,2026-05-01,2026-05-31,,,,,100000,False,False,1,2026-06-21T16:13:56.000+0000,2026-08-06T00:47:33.000+0000,CN-00000080,株式会社アールシーコア(セキュリティオプション月額）,Activated,株式会社アールシーコア,
"{'type': 'ContractLineItem__c', 'url': '/services/data/v67.0/sobjects/ContractLineItem__c/a03RB00001NswihYAB'}",a03RB00001NswihYAB,Phantom株式会社_2026/03,001RB00001VTrkRYAT,a04RB00000kUAOtYAO,a0BRB00000ynb6o2AA,2026/03,2026/03,2026-03-01,2026-03-31,a0CRB0000CcXZ6Q2QW,,a00RB000024Ux4cYAC,16000,16000,False,False,2,2026-06-21T16:13:56.000+0000,2026-08-06T00:50:25.000+0000,CN-00000081,Phantom株式会社,Activated,Phantom株式会社,Rendery Proプラン
"{'type': 'ContractLineItem__c', 'url': '/services/data/v67.0/sobjects/ContractLineItem__c/a03RB00001NswiiYAB'}",a03RB00001NswiiYAB,Phantom株式会社_2026/04,001RB00001VTrkRYAT,a04RB00000kUAOtYAO,a0BRB00000ynb6o2AA,2026/04,2026/04,2026-04-01,2026-04-30,a0CRB0000CcXZ6Q2QW,,a00RB000024Ux54YAC,16000,16000,False,False,2,2026-06-21T16:13:56.000+0000,2026-08-06T00:50:25.000+0000,CN-00000081,Phantom株式会社,Activated,Phantom株式会社,Rendery Proプラン
"{'type': 'ContractLineItem__c', 'url': '/services/data/v67.0/sobjects/ContractLineItem__c/a03RB00001NswijYAB'}",a03RB00001NswijYAB,Phantom株式会社_2026/05,001RB00001VTrkRYAT,a04RB00000kUAOtYAO,a0BRB00000ynb6o2AA,2026/05,2026/05,2026-05-01,2026-05-31,a0CRB0000CcXZ6Q2QW,,a00RB000024Ux5ZYAS,16000,16000,False,False,2,2026-06-21T16:13:56.000+0000,2026-08-06T00:50:25.000+0000,CN-00000081,Phantom株式会社,Activated,Phantom株式会社,Rendery Proプラン
"{'type': 'ContractLineItem__c', 'url': '/services/data/v67.0/sobjects/ContractLineItem__c/a03RB00001NswirYAB'}",a03RB00001NswirYAB,株式会社トーケン_2026/03,001RB00001VTrHrYAL,a04RB00000kUAOxYAO,a0BRB00000ynb6s2AA,2026/03,2026/03,2026-03-01,2026-03-31,,,,,80000,False,False,10,2026-06-21T16:13:56.000+0000,2026-08-06T00:47:33.000+0000,CN-00000085,株式会社トーケン,Activated,株式会社 トーケン,
"{'type': 'ContractLineItem__c', 'url': '/services/data/v67.0/sobjects/ContractLineItem__c/a03RB00001NswisYAB'}",a03RB00001NswisYAB,株式会社トーケン_2026/04,001RB00001VTrHrYAL,a04RB00000kUAOxYAO,a0BRB00000ynb6s2AA,2026/04,2026/04,2026-04-01,2026-04-30,,,,,80000,False,False,10,2026-06-21T16:13:56.000+0000,2026-08-06T00:47:33.000+0000,CN-00000085,株式会社トーケン,Activated,株式会社 トーケン,
"{'type': 'ContractLineItem__c', 'url': '/services/data/v67.0/sobjects/ContractLineItem__c/a03RB00001NswitYAB'}",a03RB00001NswitYAB,株式会社トーケン_2026/05,001RB00001VTrHrYAL,a04RB00000kUAOxYAO,a0BRB00000ynb6s2AA,2026/05,2026/05,2026-05-01,2026-05-31,,,,,80000,False,False,10,2026-06-21T16:13:56.000+0000,2026-08-06T00:47:33.000+0000,CN-00000085,株式会社トーケン,Activated,株式会社 トーケン,
"{'type': 'ContractLineItem__c', 'url': '/services/data/v67.0/sobjects/ContractLineItem__c/a03RB00001NswiuYAB'}",a03RB00001NswiuYAB,株式会社トーケン_2026/06,001RB00001VTrHrYAL,a04RB00000kUAOxYAO,a0BRB00000ynb6s2AA,2026/06,2026/06,2026-06-01,2026-06-30,,,,,80000,False,False,10,2026-06-21T16:13:56.000+0000,2026-08-06T00:47:33.000+0000,CN-00000085,株式会社トーケン,Activated,株式会社 トーケン,
"{'type': 'ContractLineItem__c', 'url': '/services/data/v67.0/sobjects/ContractLineItem__c/a03RB00001NswivYAB'}",a03RB00001NswivYAB,株式会社トーケン_2026/07,001RB00001VTrHrYAL,a04RB00000kUAOxYAO,a0BRB00000ynb6s2AA,2026/07,2026/07,2026-07-01,2026-07-31,,,,,80000,False,False,10,2026-06-21T16:13:56.000+0000,2026-08-06T00:47:33.000+0000,CN-00000085,株式会社トーケン,Activated,株式会社 トーケン,
"{'type': 'ContractLineItem__c', 'url': '/services/data/v67.0/sobjects/ContractLineItem__c/a03RB00001NswiwYAB'}",a03RB00001NswiwYAB,株式会社トーケン_2026/08,001RB00001VTrHrYAL,a04RB00000kUAOxYAO,a0BRB00000ynb6s2AA,2026/08,2026/08,2026-08-01,2026-08-31,,,,,80000,False,False,10,2026-06-21T16:13:56.000+0000,2026-08-06T00:47:33.000+0000,CN-00000085,株式会社トーケン,Activated,株式会社 トーケン,
"{'type': 'ContractLineItem__c', 'url': '/services/data/v67.0/sobjects/ContractLineItem__c/a03RB00001NswixYAB'}",a03RB00001NswixYAB,株式会社トーケン_2026/09,001RB00001VTrHrYAL,a04RB00000kUAOxYAO,a0BRB00000ynb6s2AA,2026/09,2026/09,2026-09-01,2026-09-30,,,,,80000,False,False,10,2026-06-21T16:13:56.000+0000,2026-08-06T00:47:33.000+0000,CN-00000085,株式会社トーケン,Activated,株式会社 トーケン,
"{'type': 'ContractLineItem__c', 'url': '/services/data/v67.0/sobjects/ContractLineItem__c/a03RB00001NswiyYAB'}",a03RB00001NswiyYAB,株式会社トーケン_2026/10,001RB00001VTrHrYAL,a04RB00000kUAOxYAO,a0BRB00000ynb6s2AA,2026/10,2026/10,2026-10-01,2026-10-31,,,,,80000,False,False,10,2026-06-21T16:13:56.000+0000,2026-08-06T00:47:33.000+0000,CN-00000085,株式会社トーケン,Activated,株式会社 トーケン,
"{'type': 'ContractLineItem__c', 'url': '/services/data/v67.0/sobjects/ContractLineItem__c/a03RB00001NswizYAB'}",a03RB00001NswizYAB,株式会社トーケン_2026/11,001RB00001VTrHrYAL,a04RB00000kUAOxYAO,a0BRB00000ynb6s2AA,2026/11,2026/11,2026-11-01,2026-11-30,,,,,80000,False,False,10,2026-06-21T16:13:56.000+0000,2026-08-06T00:47:33.000+0000,CN-00000085,株式会社トーケン,Activated,株式会社 トーケン,
"{'type': 'ContractLineItem__c', 'url': '/services/data/v67.0/sobjects/ContractLineItem__c/a03RB00001Nswj0YAB'}",a03RB00001Nswj0YAB,株式会社トーケン_2026/12,001RB00001VTrHrYAL,a04RB00000kUAOxYAO,a0BRB00000ynb6s2AA,2026/12,2026/12,2026-12-01,2026-12-31,,,,,80000,False,False,10,2026-06-21T16:13:56.000+0000,2026-08-06T00:47:33.000+0000,CN-00000085,株式会社トーケン,Activated,株式会社 トーケン,
"{'type': 'ContractLineItem__c', 'url': '/services/data/v67.0/sobjects/ContractLineItem__c/a03RB00001Nswj1YAB'}",a03RB00001Nswj1YAB,株式会社トーケン_2027/01,001RB00001VTrHrYAL,a04RB00000kUAOxYAO,a0BRB00000ynb6s2AA,2027/01,2027/01,2027-01-01,2027-01-31,,,,,80000,False,False,10,2026-06-21T16:13:56.000+0000,2026-08-06T00:47:33.000+0000,CN-00000085,株式会社トーケン,Activated,株式会社 トーケン,
"{'type': 'ContractLineItem__c', 'url': '/services/data/v67.0/sobjects/ContractLineItem__c/a03RB00001Nswj2YAB'}",a03RB00001Nswj2YAB,株式会社トーケン_2027/02,001RB00001VTrHrYAL,a04RB00000kUAOxYAO,a0BRB00000ynb6s2AA,2027/02,2027/02,2027-02-01,2027-02-28,,,,,80000,False,False,10,2026-06-21T16:13:56.000+0000,2026-08-06T00:47:33.000+0000,CN-00000085,株式会社トーケン,Activated,株式会社 トーケン,
"{'type': 'ContractLineItem__c', 'url': '/services/data/v67.0/sobjects/ContractLineItem__c/a03RB00001Nswj3YAB'}",a03RB00001Nswj3YAB,花菱不動産株式会社_2026/04,001RB00001VTrlBYAT,a04RB00000kUAOyYAO,a0BRB00000ynb6t2AA,2026/04,2026/04,2026-04-01,2026-04-30,a0CRB0000CcXZ6Q2QW,,a00RB00002Am2AhYAJ,16000,16000,False,False,2,2026-06-21T16:13:56.000+0000,2026-08-06T00:50:25.000+0000,CN-00000086,花菱不動産株式会社,Activated,花菱不動産株式会社,Rendery Proプラン
"{'type': 'ContractLineItem__c', 'url': '/services/data/v67.0/sobjects/ContractLineItem__c/a03RB00001Nswj4YAB'}",a03RB00001Nswj4YAB,花菱不動産株式会社_2026/05,001RB00001VTrlBYAT,a04RB00000kUAOyYAO,a0BRB00000ynb6t2AA,2026/05,2026/05,2026-05-01,2026-05-31,a0CRB0000CcXZ6Q2QW,,a00RB000024Ux5bYAC,16000,16000,False,False,2,2026-06-21T16:13:56.000+0000,2026-08-06T00:50:25.000+0000,CN-00000086,花菱不動産株式会社,Activated,花菱不動産株式会社,Rendery Proプラン
"{'type': 'ContractLineItem__c', 'url': '/services/data/v67.0/sobjects/ContractLineItem__c/a03RB00001Nswj7YAB'}",a03RB00001Nswj7YAB,柏井建設株式会社_2026/03,001RB00001VTrI5YAL,a04RB00000kUAP0YAO,a0BRB00000ynb6v2AA,2026/03,2026/03,2026-03-01,2026-03-31,a0CRB0000CcXZ6V2QW,,,75000,75000,False,False,5,2026-06-21T16:13:56.000+0000,2026-08-06T00:50:25.000+0000,CN-00000088,柏井建設株式会社,Activated,柏井建設 株式会社,Rendery Enterpriseプラン
"{'type': 'ContractLineItem__c', 'url': '/services/data/v67.0/sobjects/ContractLineItem__c/a03RB00001Nswj8YAB'}",a03RB00001Nswj8YAB,柏井建設株式会社_2026/04,001RB00001VTrI5YAL,a04RB00000kUAP0YAO,a0BRB00000ynb6v2AA,2026/04,2026/04,2026-04-01,2026-04-30,a0CRB0000CcXZ6V2QW,,a00RB000024Ux55YAC,75000,75000,False,False,5,2026-06-21T16:13:56.000+0000,2026-08-06T00:50:25.000+0000,CN-00000088,柏井建設株式会社,Activated,柏井建設 株式会社,Rendery Enterpriseプラン
"{'type': 'ContractLineItem__c', 'url': '/services/data/v67.0/sobjects/ContractLineItem__c/a03RB00001Nswj9YAB'}",a03RB00001Nswj9YAB,柏井建設株式会社_2026/05,001RB00001VTrI5YAL,a04RB00000kUAP0YAO,a0BRB00000ynb6v2AA,2026/05,2026/05,2026-05-01,2026-05-31,a0CRB0000CcXZ6V2QW,,a00RB000024Vf2IYAS,75000,75000,False,False,5,2026-06-21T16:13:56.000+0000,2026-08-06T00:04:59.000+0000,CN-00000088,柏井建設株式会社,Activated,柏井建設 株式会社,Rendery Enterpriseプラン
"{'type': 'ContractLineItem__c', 'url': '/services/data/v67.0/sobjects/ContractLineItem__c/a03RB00001NswjAYAR'}",a03RB00001NswjAYAR,株式会社紀伊國屋書店_2026/04,001RB00001VTrUSYA1,a04RB00000kUAP1YAO,a0BRB00000ynb6w2AA,2026/04,2026/04,2026-04-01,2026-04-30,a0CRB0000CcXZ6Q2QW,,a00RB00002Am2ApYAJ,40000,40000,True,False,5,2026-06-21T16:13:56.000+0000,2026-08-06T01:44:32.000+0000,CN-00000089,株式会社紀伊國屋書店,Activated,株式会社紀伊國屋書店,Rendery Proプラン
"{'type': 'ContractLineItem__c', 'url': '/services/data/v67.0/sobjects/ContractLineItem__c/a03RB00001NswjBYAR'}",a03RB00001NswjBYAR,株式会社紀伊國屋書店_2026/05,001RB00001VTrUSYA1,a04RB00000kUAP1YAO,a0BRB00000ynb6w2AA,2026/05,2026/05,2026-05-01,2026-05-31,a0CRB0000CcXZ6Q2QW,,a00RB00002Am2AsYAJ,40000,40000,True,False,5,2026-06-21T16:13:56.000+0000,2026-08-06T01:44:32.000+0000,CN-00000089,株式会社紀伊國屋書店,Activated,株式会社紀伊國屋書店,Rendery Proプラン
"{'type': 'ContractLineItem__c', 'url': '/services/data/v67.0/sobjects/ContractLineItem__c/a03RB00001NswjCYAR'}",a03RB00001NswjCYAR,株式会社サンケイビル_2026/04,001RB00001VTrvXYAT,a04RB00000kUAP2YAO,a0BRB00000ynb6x2AA,2026/04,2026/04,2026-04-01,2026-04-30,,,,,70000,False,False,5,2026-06-21T16:13:56.000+0000,2026-08-06T00:47:33.000+0000,CN-00000090,株式会社サンケイビル,Activated,株式会社サンケイビル,
"{'type': 'ContractLineItem__c', 'url': '/services/data/v67.0/sobjects/ContractLineItem__c/a03RB00001NswjDYAR'}",a03RB00001NswjDYAR,株式会社サンケイビル_2026/05,001RB00001VTrvXYAT,a04RB00000kUAP2YAO,a0BRB00000ynb6x2AA,2026/05,2026/05,2026-05-01,2026-05-31,,,,,70000,False,False,5,2026-06-21T16:13:56.000+0000,2026-08-06T00:47:33.000+0000,CN-00000090,株式会社サンケイビル,Activated,株式会社サンケイビル,
"{'type': 'ContractLineItem__c', 'url': '/services/data/v67.0/sobjects/ContractLineItem__c/a03RB00001NswjEYAR'}",a03RB00001NswjEYAR,株式会社サンケイビル_2026/06,001RB00001VTrvXYAT,a04RB00000kUAP2YAO,a0BRB00000ynb6x2AA,2026/06,2026/06,2026-06-01,2026-06-30,,,,,70000,False,False,5,2026-06-21T16:13:56.000+0000,2026-08-06T00:47:33.000+0000,CN-00000090,株式会社サンケイビル,Activated,株式会社サンケイビル,
"{'type': 'ContractLineItem__c', 'url': '/services/data/v67.0/sobjects/ContractLineItem__c/a03RB00001NswjFYAR'}",a03RB00001NswjFYAR,株式会社サンケイビル_2026/07,001RB00001VTrvXYAT,a04RB00000kUAP2YAO,a0BRB00000ynb6x2AA,2026/07,2026/07,2026-07-01,2026-07-31,,,,,70000,False,False,5,2026-06-21T16:13:56.000+0000,2026-08-06T00:47:33.000+0000,CN-00000090,株式会社サンケイビル,Activated,株式会社サンケイビル,
"{'type': 'ContractLineItem__c', 'url': '/services/data/v67.0/sobjects/ContractLineItem__c/a03RB00001NswjGYAR'}",a03RB00001NswjGYAR,株式会社サンケイビル_2026/08,001RB00001VTrvXYAT,a04RB00000kUAP2YAO,a0BRB00000ynb6x2AA,2026/08,2026/08,2026-08-01,2026-08-31,,,,,70000,False,False,5,2026-06-21T16:13:56.000+0000,2026-08-06T00:47:33.000+0000,CN-00000090,株式会社サンケイビル,Activated,株式会社サンケイビル,
"{'type': 'ContractLineItem__c', 'url': '/services/data/v67.0/sobjects/ContractLineItem__c/a03RB00001NswjHYAR'}",a03RB00001NswjHYAR,株式会社サンケイビル_2026/09,001RB00001VTrvXYAT,a04RB00000kUAP2YAO,a0BRB00000ynb6x2AA,2026/09,2026/09,2026-09-01,2026-09-30,,,,,70000,False,False,5,2026-06-21T16:13:56.000+0000,2026-08-06T00:47:33.000+0000,CN-00000090,株式会社サンケイビル,Activated,株式会社サンケイビル,
"{'type': 'ContractLineItem__c', 'url': '/services/data/v67.0/sobjects/ContractLineItem__c/a03RB00001NswjIYAR'}",a03RB00001NswjIYAR,株式会社サンケイビル_2026/10,001RB00001VTrvXYAT,a04RB00000kUAP2YAO,a0BRB00000ynb6x2AA,2026/10,2026/10,2026-10-01,2026-10-31,,,,,70000,False,False,5,2026-06-21T16:13:56.000+0000,2026-08-06T00:47:33.000+0000,CN-00000090,株式会社サンケイビル,Activated,株式会社サンケイビル,
"{'type': 'ContractLineItem__c', 'url': '/services/data/v67.0/sobjects/ContractLineItem__c/a03RB00001NswjJYAR'}",a03RB00001NswjJYAR,株式会社サンケイビル_2026/11,001RB00001VTrvXYAT,a04RB00000kUAP2YAO,a0BRB00000ynb6x2AA,2026/11,2026/11,2026-11-01,2026-11-30,,,,,70000,False,False,5,2026-06-21T16:13:56.000+0000,2026-08-06T00:47:33.000+0000,CN-00000090,株式会社サンケイビル,Activated,株式会社サンケイビル,
"{'type': 'ContractLineItem__c', 'url': '/services/data/v67.0/sobjects/ContractLineItem__c/a03RB00001NswjKYAR'}",a03RB00001NswjKYAR,株式会社サンケイビル_2026/12,001RB00001VTrvXYAT,a04RB00000kUAP2YAO,a0BRB00000ynb6x2AA,2026/12,2026/12,2026-12-01,2026-12-31,,,,,70000,False,False,5,2026-06-21T16:13:56.000+0000,2026-08-06T00:47:33.000+0000,CN-00000090,株式会社サンケイビル,Activated,株式会社サンケイビル,
"{'type': 'ContractLineItem__c', 'url': '/services/data/v67.0/sobjects/ContractLineItem__c/a03RB00001NswjLYAR'}",a03RB00001NswjLYAR,株式会社サンケイビル_2027/01,001RB00001VTrvXYAT,a04RB00000kUAP2YAO,a0BRB00000ynb6x2AA,2027/01,2027/01,2027-01-01,2027-01-31,,,,,70000,False,False,5,2026-06-21T16:13:56.000+0000,2026-08-06T00:47:33.000+0000,CN-00000090,株式会社サンケイビル,Activated,株式会社サンケイビル,
"{'type': 'ContractLineItem__c', 'url': '/services/data/v67.0/sobjects/ContractLineItem__c/a03RB00001NswjMYAR'}",a03RB00001NswjMYAR,株式会社サンケイビル_2027/02,001RB00001VTrvXYAT,a04RB00000kUAP2YAO,a0BRB00000ynb6x2AA,2027/02,2027/02,2027-02-01,2027-02-28,,,,,70000,False,False,5,2026-06-21T16:13:56.000+0000,2026-08-06T00:47:33.000+0000,CN-00000090,株式会社サンケイビル,Activated,株式会社サンケイビル,
"{'type': 'ContractLineItem__c', 'url': '/services/data/v67.0/sobjects/ContractLineItem__c/a03RB00001NswjOYAR'}",a03RB00001NswjOYAR,三井住友建設株式会社_2026/03,001RB00001VTqeXYAT,a04RB00000kUAP3YAO,a0BRB00000ynb6y2AA,2026/03,2026/03,2026-03-01,2026-03-31,a0CRB0000CcXZ6Q2QW,,a00RB000024Ux4kYAC,8000,8000,False,False,1,2026-06-21T16:13:56.000+0000,2026-08-06T00:50:25.000+0000,CN-00000091,三井住友建設株式会社,Activated,三井住友建設株式会社,Rendery Proプラン
"{'type': 'ContractLineItem__c', 'url': '/services/data/v67.0/sobjects/ContractLineItem__c/a03RB00001NswjPYAR'}",a03RB00001NswjPYAR,三井住友建設株式会社_2026/04,001RB00001VTqeXYAT,a04RB00000kUAP3YAO,a0BRB00000ynb6y2AA,2026/04,2026/04,2026-04-01,2026-04-30,a0CRB0000CcXZ6Q2QW,,,8000,8000,False,False,1,2026-06-21T16:13:56.000+0000,2026-08-06T00:50:25.000+0000,CN-00000091,三井住友建設株式会社,Activated,三井住友建設株式会社,Rendery Proプラン
"{'type': 'ContractLineItem__c', 'url': '/services/data/v67.0/sobjects/ContractLineItem__c/a03RB00001NswjQYAR'}",a03RB00001NswjQYAR,三井住友建設株式会社_2026/05,001RB00001VTqeXYAT,a04RB00000kUAP3YAO,a0BRB00000ynb6y2AA,2026/05,2026/05,2026-05-01,2026-05-31,a0CRB0000CcXZ6Q2QW,,a00RB000024Ux5dYAC,8000,8000,False,False,1,2026-06-21T16:13:56.000+0000,2026-08-06T00:50:25.000+0000,CN-00000091,三井住友建設株式会社,Activated,三井住友建設株式会社,Rendery Proプラン
"{'type': 'ContractLineItem__c', 'url': '/services/data/v67.0/sobjects/ContractLineItem__c/a03RB00001NswjRYAR'}",a03RB00001NswjRYAR,Asplead株式会社_2026/04,001RB00001VTqnvYAD,a04RB00000kUAP4YAO,a0BRB00000ynb6z2AA,2026/04,2026/04,2026-04-01,2026-04-30,a0CRB0000CcXZ6Q2QW,,a00RB00002Am2AnYAJ,16000,16000,False,False,2,2026-06-21T16:13:56.000+0000,2026-08-06T00:50:25.000+0000,CN-00000092,Asplead株式会社,Activated,Asplead株式会社,Rendery Proプラン
"{'type': 'ContractLineItem__c', 'url': '/services/data/v67.0/sobjects/ContractLineItem__c/a03RB00001NswjSYAR'}",a03RB00001NswjSYAR,Asplead株式会社_2026/05,001RB00001VTqnvYAD,a04RB00000kUAP4YAO,a0BRB00000ynb6z2AA,2026/05,2026/05,2026-05-01,2026-05-31,a0CRB0000CcXZ6Q2QW,,a00RB000024Ux5gYAC,16000,16000,False,False,2,2026-06-21T16:13:56.000+0000,2026-08-06T00:50:25.000+0000,CN-00000092,Asplead株式会社,Activated,Asplead株式会社,Rendery Proプラン
"{'type': 'ContractLineItem__c', 'url': '/services/data/v67.0/sobjects/ContractLineItem__c/a03RB00001NswjTYAR'}",a03RB00001NswjTYAR,スタイルテック総合計画_2026/04,001RB00001VTrkbYAD,a04RB00000kUAP5YAO,a0BRB00000ynb702AA,2026/04,2026/04,2026-04-01,2026-04-30,a0CRB0000CcXZ6V2QW,,a00RB00002Am2AkYAJ,75000,75000,False,False,5,2026-06-21T16:13:56.000+0000,2026-08-06T00:50:25.000+0000,CN-00000093,スタイルテック総合計画,Activated,株式会社スタイルテック総合計画,Rendery Enterpriseプラン
"{'type': 'ContractLineItem__c', 'url': '/services/data/v67.0/sobjects/ContractLineItem__c/a03RB00001NswjUYAR'}",a03RB00001NswjUYAR,スタイルテック総合計画_2026/05,001RB00001VTrkbYAD,a04RB00000kUAP5YAO,a0BRB00000ynb702AA,2026/05,2026/05,2026-05-01,2026-05-31,a0CRB0000CcXZ6V2QW,,a00RB000024Ux5eYAC,75000,75000,False,False,5,2026-06-21T16:13:56.000+0000,2026-08-06T00:50:25.000+0000,CN-00000093,スタイルテック総合計画,Activated,株式会社スタイルテック総合計画,Rendery Enterpriseプラン
"{'type': 'ContractLineItem__c', 'url': '/services/data/v67.0/sobjects/ContractLineItem__c/a03RB00001NswjVYAR'}",a03RB00001NswjVYAR,株式会社ecoaハウス_2026/04,001RB00001VTrlqYAD,a04RB00000kUAP6YAO,a0BRB00000ynb712AA,2026/04,2026/04,2026-04-01,2026-04-30,a0CRB0000CcXZ6V2QW,,a00RB00002Am2AlYAJ,75000,75000,False,False,5,2026-06-21T16:13:56.000+0000,2026-08-06T00:50:25.000+0000,CN-00000094,株式会社ecoaハウス,Activated,株式会社ecoaハウス,Rendery Enterpriseプラン
"{'type': 'ContractLineItem__c', 'url': '/services/data/v67.0/sobjects/ContractLineItem__c/a03RB00001NswjWYAR'}",a03RB00001NswjWYAR,株式会社ecoaハウス_2026/05,001RB00001VTrlqYAD,a04RB00000kUAP6YAO,a0BRB00000ynb712AA,2026/05,2026/05,2026-05-01,2026-05-31,a0CRB0000CcXZ6V2QW,,a00RB000024Ux5fYAC,75000,75000,False,False,5,2026-06-21T16:13:56.000+0000,2026-08-06T00:50:25.000+0000,CN-00000094,株式会社ecoaハウス,Activated,株式会社ecoaハウス,Rendery Enterpriseプラン
"{'type': 'ContractLineItem__c', 'url': '/services/data/v67.0/sobjects/ContractLineItem__c/a03RB00001NswjXYAR'}",a03RB00001NswjXYAR,株式会社ドムコス_2026/04,001RB00001VTrqdYAD,a04RB00000kUAP7YAO,a0BRB00000ynb722AA,2026/04,2026/04,2026-04-01,2026-04-30,a0CRB0000CcXZ6Q2QW,,a00RB00002Am2AmYAJ,8000,8000,False,False,1,2026-06-21T16:13:56.000+0000,2026-08-06T00:50:25.000+0000,CN-00000095,株式会社ドムコス,Activated,株式会社ドムコス,Rendery Proプラン
"{'type': 'ContractLineItem__c', 'url': '/services/data/v67.0/sobjects/ContractLineItem__c/a03RB00001NswjYYAR'}",a03RB00001NswjYYAR,株式会社ドムコス_2026/05,001RB00001VTrqdYAD,a04RB00000kUAP7YAO,a0BRB00000ynb722AA,2026/05,2026/05,2026-05-01,2026-05-31,a0CRB0000CcXZ6Q2QW,,a00RB00002Am2B8YAJ,8000,8000,False,False,1,2026-06-21T16:13:56.000+0000,2026-08-06T00:50:25.000+0000,CN-00000095,株式会社ドムコス,Activated,株式会社ドムコス,Rendery Proプラン
"{'type': 'ContractLineItem__c', 'url': '/services/data/v67.0/sobjects/ContractLineItem__c/a03RB00001NswjeYAB'}",a03RB00001NswjeYAB,フィールド・デザイン・アーキテクツ一級建築士事務所_2026/04,001RB00001VTrqeYAD,a04RB00000kUAPAYA4,a0BRB00000ynb752AA,2026/04,2026/04,2026-04-01,2026-04-30,a0CRB0000CcXZ6Q2QW,,a00RB00002Am2AoYAJ,8000,8000,False,False,1,2026-06-21T16:13:56.000+0000,2026-08-06T00:50:25.000+0000,CN-00000098,フィールド・デザイン・アーキテクツ一級建築士事務所,Activated,株式会社フィールド・デザイン・アーキテクツ一級建築士事務所,Rendery Proプラン
"{'type': 'ContractLineItem__c', 'url': '/services/data/v67.0/sobjects/ContractLineItem__c/a03RB00001NswjfYAB'}",a03RB00001NswjfYAB,フィールド・デザイン・アーキテクツ一級建築士事務所_2026/05,001RB00001VTrqeYAD,a04RB00000kUAPAYA4,a0BRB00000ynb752AA,2026/05,2026/05,2026-05-01,2026-05-31,a0CRB0000CcXZ6Q2QW,,a00RB000024Ux5hYAC,8000,8000,False,False,1,2026-06-21T16:13:56.000+0000,2026-08-06T00:50:25.000+0000,CN-00000098,フィールド・デザイン・アーキテクツ一級建築士事務所,Activated,株式会社フィールド・デザイン・アーキテクツ一級建築士事務所,Rendery Proプラン
"{'type': 'ContractLineItem__c', 'url': '/services/data/v67.0/sobjects/ContractLineItem__c/a03RB00001NswjgYAB'}",a03RB00001NswjgYAB,株式会社ルミネ_2026/04,001RB00001VTrYEYA1,a04RB00000kUAPBYA4,a0BRB00000ynb762AA,2026/04,2026/04,2026-04-01,2026-04-30,a0CRB0000CcXZ6Q2QW,,a00RB00002Am2AqYAJ,8000,8000,True,False,1,2026-06-21T16:13:56.000+0000,2026-08-06T01:44:32.000+0000,CN-00000099,株式会社ルミネ,Activated,株式会社ルミネ,Rendery Proプラン
"{'type': 'ContractLineItem__c', 'url': '/services/data/v67.0/sobjects/ContractLineItem__c/a03RB00001NswjhYAB'}",a03RB00001NswjhYAB,株式会社ルミネ_2026/05,001RB00001VTrYEYA1,a04RB00000kUAPBYA4,a0BRB00000ynb762AA,2026/05,2026/05,2026-05-01,2026-05-31,a0CRB0000CcXZ6Q2QW,,a00RB00002Am2AuYAJ,8000,8000,True,False,1,2026-06-21T16:13:56.000+0000,2026-08-06T01:44:32.000+0000,CN-00000099,株式会社ルミネ,Activated,株式会社ルミネ,Rendery Proプラン
"{'type': 'ContractLineItem__c', 'url': '/services/data/v67.0/sobjects/ContractLineItem__c/a03RB00001Nswk6YAB'}",a03RB00001Nswk6YAB,株式会社安井建築設計事務所_2026/04,001RB00001VTqU8YAL,a04RB00000kUAPEYA4,a0BRB00000ynn552AA,2026/04,2026/04,2026-04-01,2026-04-30,a0CRB0000CcXZ6Q2QW,,a00RB000024Ux5HYAS,8000,8000,False,False,1,2026-06-21T16:13:56.000+0000,2026-08-06T00:50:25.000+0000,CN-00000102,株式会社安井建築設計事務所,Activated,株式会社安井建築設計事務所,Rendery Proプラン
"{'type': 'ContractLineItem__c', 'url': '/services/data/v67.0/sobjects/ContractLineItem__c/a03RB00001Nswk7YAB'}",a03RB00001Nswk7YAB,株式会社安井建築設計事務所_2026/05,001RB00001VTqU8YAL,a04RB00000kUAPEYA4,a0BRB00000ynn552AA,2026/05,2026/05,2026-05-01,2026-05-31,a0CRB0000CcXZ6Q2QW,,a00RB00002Am2AtYAJ,8000,8000,False,False,1,2026-06-21T16:13:56.000+0000,2026-08-06T00:50:25.000+0000,CN-00000102,株式会社安井建築設計事務所,Activated,株式会社安井建築設計事務所,Rendery Proプラン
"{'type': 'ContractLineItem__c', 'url': '/services/data/v67.0/sobjects/ContractLineItem__c/a03RB00001Nswk8YAB'}",a03RB00001Nswk8YAB,株式会社ジョイフル本田（Pro１アカウント）_2026/06,001RB00001VTqkQYAT,a04RB00000kUAPFYA4,a0BRB00000ynn562AA,2026/06,2026/06,2026-06-01,2026-06-30,a0CRB0000CcXZ6Q2QW,,a00RB00002Am2BfYAJ,8000,8000,True,False,1,2026-06-21T16:13:56.000+0000,2026-08-06T00:44:28.000+0000,CN-00000103,株式会社ジョイフル本田（Pro１アカウント）,Activated,株式会社ジョイフル本田,Rendery Proプラン
"{'type': 'ContractLineItem__c', 'url': '/services/data/v67.0/sobjects/ContractLineItem__c/a03RB00001Nswk9YAB'}",a03RB00001Nswk9YAB,若築建設株式会社_2026/05,001RB00001VTrmvYAD,a04RB00000kUAPGYA4,a0BRB00000ynn572AA,2026/05,2026/05,2026-05-01,2026-05-31,,,a00RB00002B5oLGYAZ,,8000,False,False,1,2026-06-21T16:13:56.000+0000,2026-07-28T02:33:20.000+0000,CN-00000104,若築建設株式会社,Activated,若築建設株式会社,
"{'type': 'ContractLineItem__c', 'url': '/services/data/v67.0/sobjects/ContractLineItem__c/a03RB00001NswkAYAR'}",a03RB00001NswkAYAR,若築建設株式会社_2026/06,001RB00001VTrmvYAD,a04RB00000kUAPGYA4,a0BRB00000ynn572AA,2026/06,2026/06,2026-06-01,2026-06-30,,,a00RB00002B5oLGYAZ,,8000,False,False,1,2026-06-21T16:13:56.000+0000,2026-07-28T02:33:20.000+0000,CN-00000104,若築建設株式会社,Activated,若築建設株式会社,
"{'type': 'ContractLineItem__c', 'url': '/services/data/v67.0/sobjects/ContractLineItem__c/a03RB00001NswkBYAR'}",a03RB00001NswkBYAR,若築建設株式会社_2026/07,001RB00001VTrmvYAD,a04RB00000kUAPGYA4,a0BRB00000ynn572AA,2026/07,2026/07,2026-07-01,2026-07-31,,,a00RB00002B5oLGYAZ,,8000,False,False,1,2026-06-21T16:13:56.000+0000,2026-07-28T02:33:20.000+0000,CN-00000104,若築建設株式会社,Activated,若築建設株式会社,
"{'type': 'ContractLineItem__c', 'url': '/services/data/v67.0/sobjects/ContractLineItem__c/a03RB00001NswkCYAR'}",a03RB00001NswkCYAR,若築建設株式会社_2026/08,001RB00001VTrmvYAD,a04RB00000kUAPGYA4,a0BRB00000ynn572AA,2026/08,2026/08,2026-08-01,2026-08-31,,,a00RB00002B5oLGYAZ,,8000,False,False,1,2026-06-21T16:13:56.000+0000,2026-07-28T02:33:20.000+0000,CN-00000104,若築建設株式会社,Activated,若築建設株式会社,
"{'type': 'ContractLineItem__c', 'url': '/services/data/v67.0/sobjects/ContractLineItem__c/a03RB00001NswkDYAR'}",a03RB00001NswkDYAR,若築建設株式会社_2026/09,001RB00001VTrmvYAD,a04RB00000kUAPGYA4,a0BRB00000ynn572AA,2026/09,2026/09,2026-09-01,2026-09-30,,,a00RB00002B5oLGYAZ,,8000,False,False,1,2026-06-21T16:13:56.000+0000,2026-07-28T02:33:20.000+0000,CN-00000104,若築建設株式会社,Activated,若築建設株式会社,
"{'type': 'ContractLineItem__c', 'url': '/services/data/v67.0/sobjects/ContractLineItem__c/a03RB00001NswkEYAR'}",a03RB00001NswkEYAR,若築建設株式会社_2026/10,001RB00001VTrmvYAD,a04RB00000kUAPGYA4,a0BRB00000ynn572AA,2026/10,2026/10,2026-10-01,2026-10-31,,,a00RB00002B5oLGYAZ,,8000,False,False,1,2026-06-21T16:13:56.000+0000,2026-07-28T02:33:20.000+0000,CN-00000104,若築建設株式会社,Activated,若築建設株式会社,
"{'type': 'ContractLineItem__c', 'url': '/services/data/v67.0/sobjects/ContractLineItem__c/a03RB00001NswkFYAR'}",a03RB00001NswkFYAR,若築建設株式会社_2026/11,001RB00001VTrmvYAD,a04RB00000kUAPGYA4,a0BRB00000ynn572AA,2026/11,2026/11,2026-11-01,2026-11-30,,,a00RB00002B5oLGYAZ,,8000,False,False,1,2026-06-21T16:13:56.000+0000,2026-07-28T02:33:20.000+0000,CN-00000104,若築建設株式会社,Activated,若築建設株式会社,
"{'type': 'ContractLineItem__c', 'url': '/services/data/v67.0/sobjects/ContractLineItem__c/a03RB00001NswkGYAR'}",a03RB00001NswkGYAR,若築建設株式会社_2026/12,001RB00001VTrmvYAD,a04RB00000kUAPGYA4,a0BRB00000ynn572AA,2026/12,2026/12,2026-12-01,2026-12-31,,,a00RB00002B5oLGYAZ,,8000,False,False,1,2026-06-21T16:13:56.000+0000,2026-07-28T02:33:20.000+0000,CN-00000104,若築建設株式会社,Activated,若築建設株式会社,
"{'type': 'ContractLineItem__c', 'url': '/services/data/v67.0/sobjects/ContractLineItem__c/a03RB00001NswkHYAR'}",a03RB00001NswkHYAR,若築建設株式会社_2027/01,001RB00001VTrmvYAD,a04RB00000kUAPGYA4,a0BRB00000ynn572AA,2027/01,2027/01,2027-01-01,2027-01-31,,,a00RB00002B5oLGYAZ,,8000,False,False,1,2026-06-21T16:13:56.000+0000,2026-07-28T02:33:20.000+0000,CN-00000104,若築建設株式会社,Activated,若築建設株式会社,
"{'type': 'ContractLineItem__c', 'url': '/services/data/v67.0/sobjects/ContractLineItem__c/a03RB00001NswkIYAR'}",a03RB00001NswkIYAR,若築建設株式会社_2027/02,001RB00001VTrmvYAD,a04RB00000kUAPGYA4,a0BRB00000ynn572AA,2027/02,2027/02,2027-02-01,2027-02-28,,,a00RB00002B5oLGYAZ,,8000,False,False,1,2026-06-21T16:13:56.000+0000,2026-07-28T02:33:20.000+0000,CN-00000104,若築建設株式会社,Activated,若築建設株式会社,
"{'type': 'ContractLineItem__c', 'url': '/services/data/v67.0/sobjects/ContractLineItem__c/a03RB00001NswkLYAR'}",a03RB00001NswkLYAR,西日本旅客鉄道株式会社 ビジネスデザイン部 JCLaaS事業部_2026/05,001RB00001VTro2YAD,a04RB00000kUAPHYA4,a0BRB00000ynn582AA,2026/05,2026/05,2026-05-01,2026-05-31,a0CRB0000CcXZ6Q2QW,,a00RB00002Am2B9YAJ,8000,8000,True,False,1,2026-06-21T16:13:56.000+0000,2026-08-06T01:44:32.000+0000,CN-00000105,西日本旅客鉄道株式会社 ビジネスデザイン部　JCLaaS事業部,Activated,西日本旅客鉄道株式会社,Rendery Proプラン
"{'type': 'ContractLineItem__c', 'url': '/services/data/v67.0/sobjects/ContractLineItem__c/a03RB00001NswkMYAR'}",a03RB00001NswkMYAR,株式会社乃村工藝社 カルチャー・コミュニケーション推進本部_2026/05,001RB00001VTCZZYA5,a04RB00000kUAPIYA4,a0BRB00000ynn592AA,2026/05,2026/05,2026-05-01,2026-05-31,a0CRB0000CcXZ6Q2QW,,a00RB00002Am2BAYAZ,32000,32000,True,False,4,2026-06-21T16:13:56.000+0000,2026-08-06T00:44:28.000+0000,CN-00000106,株式会社乃村工藝社  カルチャー・コミュニケーション推進本部,Activated,株式会社乃村工藝社,Rendery Proプラン
"{'type': 'ContractLineItem__c', 'url': '/services/data/v67.0/sobjects/ContractLineItem__c/a03RB00001NswkNYAR'}",a03RB00001NswkNYAR,株式会社乃村工藝社 カルチャー・コミュニケーション推進本部_2026/06,001RB00001VTCZZYA5,a04RB00000kUAPIYA4,a0BRB00000ynn592AA,2026/06,2026/06,2026-06-01,2026-06-30,a0CRB0000CcXZ6Q2QW,,a00RB00002Am2BAYAZ,32000,32000,True,False,4,2026-06-21T16:13:56.000+0000,2026-08-06T00:44:28.000+0000,CN-00000106,株式会社乃村工藝社  カルチャー・コミュニケーション推進本部,Activated,株式会社乃村工藝社,Rendery Proプラン
"{'type': 'ContractLineItem__c', 'url': '/services/data/v67.0/sobjects/ContractLineItem__c/a03RB00001NswkOYAR'}",a03RB00001NswkOYAR,梅林建設株式会社_2026/06,001RB00001VTrkSYAT,a04RB00000kUAPJYA4,a0BRB00000ynn5A2AQ,2026/06,2026/06,2026-06-01,2026-06-30,a0CRB0000Ck3ReH2QU,,a00RB00002B5oL3YAJ,,70000,False,False,5,2026-06-21T16:13:56.000+0000,2026-07-28T02:33:20.000+0000,CN-00000107,梅林建設株式会社,Activated,梅林建設株式会社,Rendery_Enterpriseプラン
"{'type': 'ContractLineItem__c', 'url': '/services/data/v67.0/sobjects/ContractLineItem__c/a03RB00001NswkPYAR'}",a03RB00001NswkPYAR,梅林建設株式会社_2026/07,001RB00001VTrkSYAT,a04RB00000kUAPJYA4,a0BRB00000ynn5A2AQ,2026/07,2026/07,2026-07-01,2026-07-31,,,a00RB00002B5oL3YAJ,,70000,False,False,5,2026-06-21T16:13:56.000+0000,2026-07-28T02:33:21.000+0000,CN-00000107,梅林建設株式会社,Activated,梅林建設株式会社,
"{'type': 'ContractLineItem__c', 'url': '/services/data/v67.0/sobjects/ContractLineItem__c/a03RB00001NswkQYAR'}",a03RB00001NswkQYAR,梅林建設株式会社_2026/08,001RB00001VTrkSYAT,a04RB00000kUAPJYA4,a0BRB00000ynn5A2AQ,2026/08,2026/08,2026-08-01,2026-08-31,,,a00RB00002B5oL3YAJ,,70000,False,False,5,2026-06-21T16:13:56.000+0000,2026-07-28T02:33:21.000+0000,CN-00000107,梅林建設株式会社,Activated,梅林建設株式会社,
"{'type': 'ContractLineItem__c', 'url': '/services/data/v67.0/sobjects/ContractLineItem__c/a03RB00001NswkRYAR'}",a03RB00001NswkRYAR,梅林建設株式会社_2026/09,001RB00001VTrkSYAT,a04RB00000kUAPJYA4,a0BRB00000ynn5A2AQ,2026/09,2026/09,2026-09-01,2026-09-30,,,a00RB00002B5oL3YAJ,,70000,False,False,5,2026-06-21T16:13:56.000+0000,2026-07-28T02:33:21.000+0000,CN-00000107,梅林建設株式会社,Activated,梅林建設株式会社,
"{'type': 'ContractLineItem__c', 'url': '/services/data/v67.0/sobjects/ContractLineItem__c/a03RB00001NswkSYAR'}",a03RB00001NswkSYAR,梅林建設株式会社_2026/10,001RB00001VTrkSYAT,a04RB00000kUAPJYA4,a0BRB00000ynn5A2AQ,2026/10,2026/10,2026-10-01,2026-10-31,,,a00RB00002B5oL3YAJ,,70000,False,False,5,2026-06-21T16:13:56.000+0000,2026-07-28T02:33:21.000+0000,CN-00000107,梅林建設株式会社,Activated,梅林建設株式会社,
"{'type': 'ContractLineItem__c', 'url': '/services/data/v67.0/sobjects/ContractLineItem__c/a03RB00001NswkTYAR'}",a03RB00001NswkTYAR,梅林建設株式会社_2026/11,001RB00001VTrkSYAT,a04RB00000kUAPJYA4,a0BRB00000ynn5A2AQ,2026/11,2026/11,2026-11-01,2026-11-30,,,a00RB00002B5oL3YAJ,,70000,False,False,5,2026-06-21T16:13:56.000+0000,2026-07-28T02:33:21.000+0000,CN-00000107,梅林建設株式会社,Activated,梅林建設株式会社,
"{'type': 'ContractLineItem__c', 'url': '/services/data/v67.0/sobjects/ContractLineItem__c/a03RB00001NswkUYAR'}",a03RB00001NswkUYAR,梅林建設株式会社_2026/12,001RB00001VTrkSYAT,a04RB00000kUAPJYA4,a0BRB00000ynn5A2AQ,2026/12,2026/12,2026-12-01,2026-12-31,,,a00RB00002B5oL3YAJ,,70000,False,False,5,2026-06-21T16:13:56.000+0000,2026-07-28T02:33:21.000+0000,CN-00000107,梅林建設株式会社,Activated,梅林建設株式会社,
"{'type': 'ContractLineItem__c', 'url': '/services/data/v67.0/sobjects/ContractLineItem__c/a03RB00001NswkVYAR'}",a03RB00001NswkVYAR,梅林建設株式会社_2027/01,001RB00001VTrkSYAT,a04RB00000kUAPJYA4,a0BRB00000ynn5A2AQ,2027/01,2027/01,2027-01-01,2027-01-31,,,a00RB00002B5oL3YAJ,,70000,False,False,5,2026-06-21T16:13:56.000+0000,2026-07-28T02:33:21.000+0000,CN-00000107,梅林建設株式会社,Activated,梅林建設株式会社,
"{'type': 'ContractLineItem__c', 'url': '/services/data/v67.0/sobjects/ContractLineItem__c/a03RB00001NswkWYAR'}",a03RB00001NswkWYAR,梅林建設株式会社_2027/02,001RB00001VTrkSYAT,a04RB00000kUAPJYA4,a0BRB00000ynn5A2AQ,2027/02,2027/02,2027-02-01,2027-02-28,,,a00RB00002B5oL3YAJ,,70000,False,False,5,2026-06-21T16:13:56.000+0000,2026-07-28T02:33:21.000+0000,CN-00000107,梅林建設株式会社,Activated,梅林建設株式会社,
"{'type': 'ContractLineItem__c', 'url': '/services/data/v67.0/sobjects/ContractLineItem__c/a03RB00001NswkaYAB'}",a03RB00001NswkaYAB,株式会社デザインアーク 東京本店 東京スペースソリューション第１営業所_2026/06,001RB00001VTruAYAT,a04RB00000kUAPKYA4,a0BRB00000ynn5B2AQ,2026/06,2026/06,2026-06-01,2026-06-30,,,,,30000,False,False,2,2026-06-21T16:13:56.000+0000,2026-07-28T02:33:21.000+0000,CN-00000108,株式会社デザインアーク　東京本店　東京スペースソリューション第１営業所,Activated,株式会社デザインアーク,
"{'type': 'ContractLineItem__c', 'url': '/services/data/v67.0/sobjects/ContractLineItem__c/a03RB00001NswkdYAB'}",a03RB00001NswkdYAB,株式会社エリオクリエイト_2026/06,001RB00001VTrxYYAT,a04RB00000kUAPNYA4,a0BRB00000ynn5E2AQ,2026/06,2026/06,2026-06-01,2026-06-30,a0CRB0000CcXZ6Q2QW,,a00RB000027fzNvYAI,96000,96000,True,False,1,2026-06-21T16:13:56.000+0000,2026-08-06T00:44:28.000+0000,CN-00000111,株式会社エリオクリエイト,Activated,株式会社エリオクリエイト,Rendery Proプラン
"{'type': 'ContractLineItem__c', 'url': '/services/data/v67.0/sobjects/ContractLineItem__c/a03RB00001NswkeYAB'}",a03RB00001NswkeYAB,株式会社創建ホーム_2026/06,001RB00001VTrm3YAD,a04RB00000kUAPOYA4,a0BRB00000ynn5F2AQ,2026/06,2026/06,2026-06-01,2026-06-30,a0CRB0000CcXZ6Z2QW,,a00RB00002B5oL4YAJ,,1008000,False,False,6,2026-06-21T16:13:56.000+0000,2026-08-06T00:08:33.000+0000,CN-00000112,株式会社創建ホーム,Activated,創建ホーム株式会社,[年払] Rendery Enterpriseプラン
"{'type': 'ContractLineItem__c', 'url': '/services/data/v67.0/sobjects/ContractLineItem__c/a03RB00001RIREcYAP'}",a03RB00001RIREcYAP,サンフロンティア不動産株式会社_2026/06,001RB00001VTqlYYAT,a04RB00000kUANdYAO,a0BRB00000ynb5Y2AQ,2026/06,2026/06,2026-06-01,2026-06-30,a0CRB0000CcXZ6Q2QW,,a00RB00002Am2BhYAJ,64000,64000,False,False,8,2026-07-04T23:31:09.000+0000,2026-07-23T07:04:32.000+0000,CN-00000003,サンフロンティア不動産株式会社,Activated,サンフロンティア不動産株式会社,Rendery Proプラン
"{'type': 'ContractLineItem__c', 'url': '/services/data/v67.0/sobjects/ContractLineItem__c/a03RB00001RIREeYAP'}",a03RB00001RIREeYAP,東急株式会社_2026/06,001RB00001VTrs0YAD,a04RB00000kUANgYAO,a0BRB00000ynb5b2AA,2026/06,2026/06,2026-06-01,2026-06-30,,,a00RB000027fzNXYAY,11000,11000,False,False,1,2026-07-04T23:31:09.000+0000,2026-08-06T00:50:25.000+0000,CN-00000006,東急株式会社,Activated,東急株式会社,
"{'type': 'ContractLineItem__c', 'url': '/services/data/v67.0/sobjects/ContractLineItem__c/a03RB00001RIREfYAP'}",a03RB00001RIREfYAP,前田工務店_2026/06,001RB00001VTCYmYAP,a04RB00000kUANjYAO,a0BRB00000ynb5e2AA,2026/06,2026/06,2026-06-01,2026-06-30,,,,8000,8000,False,False,1,2026-07-04T23:31:09.000+0000,2026-08-06T00:50:25.000+0000,CN-00000009,前田工務店,Activated,株式会社前田工務店,
"{'type': 'ContractLineItem__c', 'url': '/services/data/v67.0/sobjects/ContractLineItem__c/a03RB00001RIREgYAP'}",a03RB00001RIREgYAP,ムゲンエステート_2026/06,001RB00001VTqlOYAT,a04RB00000kUANmYAO,a0BRB00000ynb5h2AA,2026/06,2026/06,2026-06-01,2026-06-30,a0CRB0000CcXZ6Q2QW,,a00RB00002Am2BpYAJ,8000,8000,True,False,1,2026-07-04T23:31:09.000+0000,2026-08-06T00:08:33.000+0000,CN-00000012,ムゲンエステート,Activated,株式会社ムゲンエステート,Rendery Proプラン
"{'type': 'ContractLineItem__c', 'url': '/services/data/v67.0/sobjects/ContractLineItem__c/a03RB00001RIRElYAP'}",a03RB00001RIRElYAP,株式会社TRIAD_2026/06,001RB00001VTqUoYAL,a04RB00000kUANwYAO,a0BRB00000ynb5r2AA,2026/06,2026/06,2026-06-01,2026-06-30,a0CRB0000CcXZ6Q2QW,,a00RB00002Am2BoYAJ,8000,8000,True,False,1,2026-07-04T23:31:09.000+0000,2026-08-06T00:08:33.000+0000,CN-00000022,株式会社TRIAD,Activated,株式会社TRIAD,Rendery Proプラン
"{'type': 'ContractLineItem__c', 'url': '/services/data/v67.0/sobjects/ContractLineItem__c/a03RB00001RIREnYAP'}",a03RB00001RIREnYAP,戸田建設(設計部:月額)_2026/06,001RB00001VTrmnYAD,a04RB00000kUAO0YAO,a0BRB00000ynb5v2AA,2026/06,2026/06,2026-06-01,2026-06-30,a0CRB0000CcXZ6T2QW,,a00RB00002Am2BqYAJ,55000,55000,True,False,5,2026-07-04T23:31:09.000+0000,2026-08-06T00:08:33.000+0000,CN-00000026,戸田建設(設計部:月額),Activated,戸田建設株式会社,[OLD] Rendery Enterpriseプラン(2025年9月まで)
"{'type': 'ContractLineItem__c', 'url': '/services/data/v67.0/sobjects/ContractLineItem__c/a03RB00001RIRErYAP'}",a03RB00001RIRErYAP,47内装株式会社_2026/06,001RB00001VTCYGYA5,a04RB00000kUAO1YAO,a0BRB00000ynb5w2AA,2026/06,2026/06,2026-06-01,2026-06-30,a0CRB0000CcXZ6T2QW,,a00RB00002Am2BmYAJ,55000,55000,True,False,5,2026-07-04T23:31:09.000+0000,2026-08-06T00:08:33.000+0000,CN-00000027,47内装株式会社,Activated,47内装株式会社,[OLD] Rendery Enterpriseプラン(2025年9月まで)
"{'type': 'ContractLineItem__c', 'url': '/services/data/v67.0/sobjects/ContractLineItem__c/a03RB00001RIREtYAP'}",a03RB00001RIREtYAP,ANAスカイビルサービス株式会社　※郵送希望_2026/06,001RB00001VTCYFYA5,a04RB00000kUAO2YAO,a0BRB00000ynb5x2AA,2026/06,2026/06,2026-06-01,2026-06-30,a0CRB0000CcXZ6Q2QW,,a00RB00002Am2BlYAJ,16000,16000,True,False,2,2026-07-04T23:31:09.000+0000,2026-08-06T00:08:33.000+0000,CN-00000028,ANAスカイビルサービス株式会社　※郵送希望,Activated,ANAスカイビルサービス株式会社,Rendery Proプラン
"{'type': 'ContractLineItem__c', 'url': '/services/data/v67.0/sobjects/ContractLineItem__c/a03RB00001RIREuYAP'}",a03RB00001RIREuYAP,吉村紳　一級建築士事務所_2026/06,001RB00001VTqU3YAL,a04RB00000kUAO7YAO,a0BRB00000ynb622AA,2026/06,2026/06,2026-06-01,2026-06-30,a0CRB0000CcXZ6Q2QW,,a00RB00002Am2BkYAJ,8000,8000,True,False,1,2026-07-04T23:31:09.000+0000,2026-08-06T00:08:33.000+0000,CN-00000033,吉村紳　一級建築士事務所,Activated,吉村紳 一級建築士事務所,Rendery Proプラン
"{'type': 'ContractLineItem__c', 'url': '/services/data/v67.0/sobjects/ContractLineItem__c/a03RB00001RIREvYAP'}",a03RB00001RIREvYAP,株式会社デザインアーク_2026/06,001RB00001VTruAYAT,a04RB00000kUAOAYA4,a0BRB00000ynb652AA,2026/06,2026/06,2026-06-01,2026-06-30,a0CRB0000CcXZ6V2QW,,a00RB00002BahLdYAJ,55000,55000,False,False,5,2026-07-04T23:31:09.000+0000,2026-08-06T00:50:25.000+0000,CN-00000036,株式会社デザインアーク,Activated,株式会社デザインアーク,Rendery Enterpriseプラン
"{'type': 'ContractLineItem__c', 'url': '/services/data/v67.0/sobjects/ContractLineItem__c/a03RB00001RIREwYAP'}",a03RB00001RIREwYAP,野原グループ株式会社_2026/06,001RB00001VTqbbYAD,a04RB00000kUAOFYA4,a0BRB00000ynb6A2AQ,2026/06,2026/06,2026-06-01,2026-06-30,a0CRB0000CcXZ6Q2QW,,a00RB00002Am2BjYAJ,8000,8000,True,False,1,2026-07-04T23:31:09.000+0000,2026-08-06T00:08:33.000+0000,CN-00000041,野原グループ株式会社,Activated,野原グループ株式会社,Rendery Proプラン
"{'type': 'ContractLineItem__c', 'url': '/services/data/v67.0/sobjects/ContractLineItem__c/a03RB00001RIRF6YAP'}",a03RB00001RIRF6YAP,JOA株式会社_2026/06,001RB00001VTqmBYAT,a04RB00000kUAORYA4,a0BRB00000ynb6M2AQ,2026/06,2026/06,2026-06-01,2026-06-30,a0CRB0000CcXZ6T2QW,,a00RB00002Am2BrYAJ,55000,55000,True,False,5,2026-07-04T23:31:09.000+0000,2026-08-06T00:08:33.000+0000,CN-00000053,JOA株式会社,Activated,JOA株式会社,[OLD] Rendery Enterpriseプラン(2025年9月まで)
"{'type': 'ContractLineItem__c', 'url': '/services/data/v67.0/sobjects/ContractLineItem__c/a03RB00001RIRFAYA5'}",a03RB00001RIRFAYA5,株式会社アールシーコア_2026/06,001RB00001VTqxQYAT,a04RB00000kUAOoYAO,a0BRB00000ynb6j2AA,2026/06,2026/06,2026-06-01,2026-06-30,,,,150000,150000,False,False,10,2026-07-04T23:31:09.000+0000,2026-07-04T23:31:09.000+0000,CN-00000076,株式会社アールシーコア,Activated,株式会社アールシーコア,
"{'type': 'ContractLineItem__c', 'url': '/services/data/v67.0/sobjects/ContractLineItem__c/a03RB00001RIRFBYA5'}",a03RB00001RIRFBYA5,株式会社アールシーコア(セキュリティオプション月額）_2026/06,001RB00001VTqxQYAT,a04RB00000kUAOsYAO,a0BRB00000ynb6n2AA,2026/06,2026/06,2026-06-01,2026-06-30,,,,100000,100000,False,False,1,2026-07-04T23:31:09.000+0000,2026-07-04T23:31:09.000+0000,CN-00000080,株式会社アールシーコア(セキュリティオプション月額）,Activated,株式会社アールシーコア,
"{'type': 'ContractLineItem__c', 'url': '/services/data/v67.0/sobjects/ContractLineItem__c/a03RB00001RIRFCYA5'}",a03RB00001RIRFCYA5,株式会社紀伊國屋書店_2026/06,001RB00001VTrUSYA1,a04RB00000kUAP1YAO,a0BRB00000ynb6w2AA,2026/06,2026/06,2026-06-01,2026-06-30,a0CRB0000CcXZ6Q2QW,,a00RB00002Am2BbYAJ,40000,40000,True,False,5,2026-07-04T23:31:09.000+0000,2026-08-06T00:08:33.000+0000,CN-00000089,株式会社紀伊國屋書店,Activated,株式会社紀伊國屋書店,Rendery Proプラン
"{'type': 'ContractLineItem__c', 'url': '/services/data/v67.0/sobjects/ContractLineItem__c/a03RB00001RIRFEYA5'}",a03RB00001RIRFEYA5,フィールド・デザイン・アーキテクツ一級建築士事務所_2026/06,001RB00001VTrqeYAD,a04RB00000kUAPAYA4,a0BRB00000ynb752AA,2026/06,2026/06,2026-06-01,2026-06-30,a0CRB0000CcXZ6Q2QW,,a00RB00002Am2BaYAJ,8000,8000,False,False,1,2026-07-04T23:31:09.000+0000,2026-07-23T07:04:32.000+0000,CN-00000098,フィールド・デザイン・アーキテクツ一級建築士事務所,Activated,株式会社フィールド・デザイン・アーキテクツ一級建築士事務所,Rendery Proプラン
"{'type': 'ContractLineItem__c', 'url': '/services/data/v67.0/sobjects/ContractLineItem__c/a03RB00001RIRFFYA5'}",a03RB00001RIRFFYA5,株式会社ルミネ_2026/06,001RB00001VTrYEYA1,a04RB00000kUAPBYA4,a0BRB00000ynb762AA,2026/06,2026/06,2026-06-01,2026-06-30,a0CRB0000CcXZ6Q2QW,,a00RB00002Am2BdYAJ,8000,8000,True,False,1,2026-07-04T23:31:09.000+0000,2026-08-06T00:08:33.000+0000,CN-00000099,株式会社ルミネ,Activated,株式会社ルミネ,Rendery Proプラン
"{'type': 'ContractLineItem__c', 'url': '/services/data/v67.0/sobjects/ContractLineItem__c/a03RB00001RIRFGYA5'}",a03RB00001RIRFGYA5,株式会社安井建築設計事務所_2026/06,001RB00001VTqU8YAL,a04RB00000kUAPEYA4,a0BRB00000ynn552AA,2026/06,2026/06,2026-06-01,2026-06-30,a0CRB0000CcXZ6Q2QW,,a00RB00002Am2BcYAJ,8000,8000,False,False,1,2026-07-04T23:31:09.000+0000,2026-07-23T07:04:32.000+0000,CN-00000102,株式会社安井建築設計事務所,Activated,株式会社安井建築設計事務所,Rendery Proプラン
"{'type': 'ContractLineItem__c', 'url': '/services/data/v67.0/sobjects/ContractLineItem__c/a03RB00001RIRFHYA5'}",a03RB00001RIRFHYA5,西日本旅客鉄道株式会社 ビジネスデザイン部　JCLaaS事業部_2026/06,001RB00001VTro2YAD,a04RB00000kUAPHYA4,a0BRB00000ynn582AA,2026/06,2026/06,2026-06-01,2026-06-30,a0CRB0000CcXZ6Q2QW,,a00RB00002Am2BeYAJ,8000,8000,True,False,1,2026-07-04T23:31:09.000+0000,2026-08-06T00:08:33.000+0000,CN-00000105,西日本旅客鉄道株式会社 ビジネスデザイン部　JCLaaS事業部,Activated,西日本旅客鉄道株式会社,Rendery Proプラン
"{'type': 'ContractLineItem__c', 'url': '/services/data/v67.0/sobjects/ContractLineItem__c/a03RB00001RISiYYAX'}",a03RB00001RISiYYAX,Mig_freee請求移行_三井不動産レジデンシャルリース株式会社(ソリューション推進部)_2026/06_INV-0000000112,001RB00001VTqbXYAT,a04RB00000kUAOTYA4,a0BRB00000ynb6O2AQ,2026/06,2026/06,2026-06-01,2026-06-30,a0CRB0000CcXZ6T2QW,,a00RB000024Vf27YAC,132000,132000,False,False,12,2026-07-04T23:27:30.000+0000,2026-07-23T07:04:32.000+0000,CN-00000055,三井不動産レジデンシャルリース株式会社(ソリューション推進部),Activated,三井不動産レジデンシャルリース株式会社,[OLD] Rendery Enterpriseプラン(2025年9月まで)
"{'type': 'ContractLineItem__c', 'url': '/services/data/v67.0/sobjects/ContractLineItem__c/a03RB00001RISibYAH'}",a03RB00001RISibYAH,Mig_freee請求移行_株式会社錢高組_2026/06_INV-0000000118,001RB00001VTqW8YAL,a04RB00000kUAOpYAO,a0BRB00000ynb6k2AA,2026/06,2026/06,2026-06-01,2026-06-30,a0CRB0000CcXZ6Q2QW,,a00RB000024Vf2DYAS,24000,24000,False,False,3,2026-07-04T23:27:30.000+0000,2026-07-23T07:04:32.000+0000,CN-00000077,株式会社錢高組,Activated,株式会社 錢高組,Rendery Proプラン
"{'type': 'ContractLineItem__c', 'url': '/services/data/v67.0/sobjects/ContractLineItem__c/a03RB00001RISicYAH'}",a03RB00001RISicYAH,Mig_freee請求移行_フロンヴィルホームズ名古屋株式会社_2026/06_INV-0000000119,001RB00001VTr0hYAD,a04RB00000kUAOhYAO,a0BRB00000ynb6c2AA,2026/06,2026/06,2026-06-01,2026-06-30,a0CRB0000CcXZ6Q2QW,,a00RB00002Am2BRYAZ,8000,8000,False,False,1,2026-07-04T23:27:30.000+0000,2026-07-23T07:04:32.000+0000,CN-00000069,フロンヴィルホームズ名古屋株式会社,Activated,フロンヴィルホームズ名古屋株式会社,Rendery Proプラン
"{'type': 'ContractLineItem__c', 'url': '/services/data/v67.0/sobjects/ContractLineItem__c/a03RB00001RISifYAH'}",a03RB00001RISifYAH,Mig_freee請求移行_Phantom株式会社_2026/06_INV-0000000122,001RB00001VTrkRYAT,a04RB00000kUAOtYAO,a0BRB00000ynb6o2AA,2026/06,2026/06,2026-06-01,2026-06-30,a0CRB0000CcXZ6Q2QW,,a00RB00002Am2BTYAZ,16000,16000,False,False,2,2026-07-04T23:27:30.000+0000,2026-07-23T07:04:32.000+0000,CN-00000081,Phantom株式会社,Activated,Phantom株式会社,Rendery Proプラン
"{'type': 'ContractLineItem__c', 'url': '/services/data/v67.0/sobjects/ContractLineItem__c/a03RB00001RISigYAH'}",a03RB00001RISigYAH,Mig_freee請求移行_柏井建設株式会社_2026/06_INV-0000000123,001RB00001VTrI5YAL,a04RB00000kUAP0YAO,a0BRB00000ynb6v2AA,2026/06,2026/06,2026-06-01,2026-06-30,a0CRB0000CcXZ6V2QW,,a00RB000024Vf2IYAS,75000,75000,False,False,5,2026-07-04T23:27:30.000+0000,2026-07-23T07:04:32.000+0000,CN-00000088,柏井建設株式会社,Activated,柏井建設 株式会社,Rendery Enterpriseプラン
"{'type': 'ContractLineItem__c', 'url': '/services/data/v67.0/sobjects/ContractLineItem__c/a03RB00001RISihYAH'}",a03RB00001RISihYAH,Mig_freee請求移行_花菱不動産株式会社_2026/06_INV-0000000124,001RB00001VTrlBYAT,a04RB00000kUAOyYAO,a0BRB00000ynb6t2AA,2026/06,2026/06,2026-06-01,2026-06-30,a0CRB0000CcXZ6Q2QW,,a00RB00002Am2BUYAZ,16000,16000,False,False,2,2026-07-04T23:27:30.000+0000,2026-07-23T07:04:32.000+0000,CN-00000086,花菱不動産株式会社,Activated,花菱不動産株式会社,Rendery Proプラン
"{'type': 'ContractLineItem__c', 'url': '/services/data/v67.0/sobjects/ContractLineItem__c/a03RB00001RISijYAH'}",a03RB00001RISijYAH,Mig_freee請求移行_三井住友建設株式会社_2026/06_INV-0000000126,001RB00001VTqeXYAT,a04RB00000kUAP3YAO,a0BRB00000ynb6y2AA,2026/06,2026/06,2026-06-01,2026-06-30,a0CRB0000CcXZ6Q2QW,,a00RB00002Am2BVYAZ,8000,8000,False,False,1,2026-07-04T23:27:30.000+0000,2026-07-23T07:04:32.000+0000,CN-00000091,三井住友建設株式会社,Activated,三井住友建設株式会社,Rendery Proプラン
"{'type': 'ContractLineItem__c', 'url': '/services/data/v67.0/sobjects/ContractLineItem__c/a03RB00001RISikYAH'}",a03RB00001RISikYAH,Mig_freee請求移行_スタイルテック総合計画_2026/06_INV-0000000127,001RB00001VTrkbYAD,a04RB00000kUAP5YAO,a0BRB00000ynb702AA,2026/06,2026/06,2026-06-01,2026-06-30,a0CRB0000CcXZ6V2QW,,a00RB00002Am2BWYAZ,75000,75000,False,False,5,2026-07-04T23:27:30.000+0000,2026-07-23T07:04:32.000+0000,CN-00000093,スタイルテック総合計画,Activated,株式会社スタイルテック総合計画,Rendery Enterpriseプラン
"{'type': 'ContractLineItem__c', 'url': '/services/data/v67.0/sobjects/ContractLineItem__c/a03RB00001RISilYAH'}",a03RB00001RISilYAH,Mig_freee請求移行_株式会社ecoaハウス_2026/06_INV-0000000128,001RB00001VTrlqYAD,a04RB00000kUAP6YAO,a0BRB00000ynb712AA,2026/06,2026/06,2026-06-01,2026-06-30,a0CRB0000CcXZ6V2QW,,a00RB00002Am2BXYAZ,75000,75000,False,False,5,2026-07-04T23:27:30.000+0000,2026-07-23T07:04:32.000+0000,CN-00000094,株式会社ecoaハウス,Activated,株式会社ecoaハウス,Rendery Enterpriseプラン
"{'type': 'ContractLineItem__c', 'url': '/services/data/v67.0/sobjects/ContractLineItem__c/a03RB00001RISimYAH'}",a03RB00001RISimYAH,Mig_freee請求移行_株式会社ドムコス_2026/06_INV-0000000129,001RB00001VTrqdYAD,a04RB00000kUAP7YAO,a0BRB00000ynb722AA,2026/06,2026/06,2026-06-01,2026-06-30,a0CRB0000CcXZ6Q2QW,,a00RB00002Am2BYYAZ,8000,8000,False,False,1,2026-07-04T23:27:30.000+0000,2026-07-23T07:04:32.000+0000,CN-00000095,株式会社ドムコス,Activated,株式会社ドムコス,Rendery Proプラン
"{'type': 'ContractLineItem__c', 'url': '/services/data/v67.0/sobjects/ContractLineItem__c/a03RB00001RISinYAH'}",a03RB00001RISinYAH,Mig_freee請求移行_Asplead株式会社_2026/06_INV-0000000130,001RB00001VTqnvYAD,a04RB00000kUAP4YAO,a0BRB00000ynb6z2AA,2026/06,2026/06,2026-06-01,2026-06-30,a0CRB0000CcXZ6Q2QW,,a00RB00002Am2BZYAZ,16000,16000,False,False,2,2026-07-04T23:27:30.000+0000,2026-07-23T07:04:32.000+0000,CN-00000092,Asplead株式会社,Activated,Asplead株式会社,Rendery Proプラン
"{'type': 'ContractLineItem__c', 'url': '/services/data/v67.0/sobjects/ContractLineItem__c/a03RB00001RcABBYA3'}",a03RB00001RcABBYA3,サンフロンティア不動産株式会社_2026/07,001RB00001VTqlYYAT,a04RB00000kUANdYAO,a0BRB00000ynb5Y2AQ,2026/07,2026/07,2026-07-01,2026-07-31,a0CRB0000CcXZ6Q2QW,,a00RB00002Am2BhYAJ,64000,64000,False,False,8,2026-07-06T21:50:01.000+0000,2026-07-23T07:04:32.000+0000,CN-00000003,サンフロンティア不動産株式会社,Activated,サンフロンティア不動産株式会社,Rendery Proプラン
"{'type': 'ContractLineItem__c', 'url': '/services/data/v67.0/sobjects/ContractLineItem__c/a03RB00001RcABCYA3'}",a03RB00001RcABCYA3,株式会社フロンティアコンサルティング_2026/07,001RB00001VTqlHYAT,a04RB00000kUANiYAO,a0BRB00000ynb5d2AA,2026/07,2026/07,2026-07-01,2026-07-31,a0CRB0000CcXZ6T2QW,,a00RB00002Am2BiYAJ,550000,550000,False,False,50,2026-07-06T21:50:01.000+0000,2026-07-23T07:04:32.000+0000,CN-00000008,株式会社フロンティアコンサルティング,Activated,株式会社フロンティアコンサルティング,[OLD] Rendery Enterpriseプラン(2025年9月まで)
"{'type': 'ContractLineItem__c', 'url': '/services/data/v67.0/sobjects/ContractLineItem__c/a03RB00001RcABEYA3'}",a03RB00001RcABEYA3,東急株式会社_2026/07,001RB00001VTrs0YAD,a04RB00000kUANgYAO,a0BRB00000ynb5b2AA,2026/07,2026/07,2026-07-01,2026-07-31,a0CRB0000CcXZ6T2QW,,,11000,11000,True,False,1,2026-07-06T21:50:01.000+0000,2026-08-06T02:03:49.000+0000,CN-00000006,東急株式会社,Activated,東急株式会社,[OLD] Rendery Enterpriseプラン(2025年9月まで)
"{'type': 'ContractLineItem__c', 'url': '/services/data/v67.0/sobjects/ContractLineItem__c/a03RB00001RcABFYA3'}",a03RB00001RcABFYA3,前田工務店_2026/07,001RB00001VTCYmYAP,a04RB00000kUANjYAO,a0BRB00000ynb5e2AA,2026/07,2026/07,2026-07-01,2026-07-31,,,,8000,8000,False,False,1,2026-07-06T21:50:01.000+0000,2026-08-06T00:50:25.000+0000,CN-00000009,前田工務店,Activated,株式会社前田工務店,
"{'type': 'ContractLineItem__c', 'url': '/services/data/v67.0/sobjects/ContractLineItem__c/a03RB00001RcABGYA3'}",a03RB00001RcABGYA3,ムゲンエステート_2026/07,001RB00001VTqlOYAT,a04RB00000kUANmYAO,a0BRB00000ynb5h2AA,2026/07,2026/07,2026-07-01,2026-07-31,a0CRB0000CcXZ6Q2QW,,a00RB00002Am2BpYAJ,8000,8000,True,False,1,2026-07-06T21:50:01.000+0000,2026-08-06T00:08:33.000+0000,CN-00000012,ムゲンエステート,Activated,株式会社ムゲンエステート,Rendery Proプラン
"{'type': 'ContractLineItem__c', 'url': '/services/data/v67.0/sobjects/ContractLineItem__c/a03RB00001RcABMYA3'}",a03RB00001RcABMYA3,株式会社TRIAD_2026/07,001RB00001VTqUoYAL,a04RB00000kUANwYAO,a0BRB00000ynb5r2AA,2026/07,2026/07,2026-07-01,2026-07-31,a0CRB0000CcXZ6Q2QW,,a00RB00002Am2BoYAJ,8000,8000,True,False,1,2026-07-06T21:50:01.000+0000,2026-08-06T00:08:33.000+0000,CN-00000022,株式会社TRIAD,Activated,株式会社TRIAD,Rendery Proプラン
"{'type': 'ContractLineItem__c', 'url': '/services/data/v67.0/sobjects/ContractLineItem__c/a03RB00001RcABOYA3'}",a03RB00001RcABOYA3,戸田建設(設計部:月額)_2026/07,001RB00001VTrmnYAD,a04RB00000kUAO0YAO,a0BRB00000ynb5v2AA,2026/07,2026/07,2026-07-01,2026-07-31,a0CRB0000CcXZ6T2QW,,a00RB00002Am2BqYAJ,55000,55000,True,False,5,2026-07-06T21:50:01.000+0000,2026-08-06T00:08:33.000+0000,CN-00000026,戸田建設(設計部:月額),Activated,戸田建設株式会社,[OLD] Rendery Enterpriseプラン(2025年9月まで)
"{'type': 'ContractLineItem__c', 'url': '/services/data/v67.0/sobjects/ContractLineItem__c/a03RB00001RcABSYA3'}",a03RB00001RcABSYA3,47内装株式会社_2026/07,001RB00001VTCYGYA5,a04RB00000kUAO1YAO,a0BRB00000ynb5w2AA,2026/07,2026/07,2026-07-01,2026-07-31,a0CRB0000CcXZ6T2QW,,a00RB00002Am2BmYAJ,55000,55000,True,False,5,2026-07-06T21:50:01.000+0000,2026-08-06T00:08:33.000+0000,CN-00000027,47内装株式会社,Activated,47内装株式会社,[OLD] Rendery Enterpriseプラン(2025年9月まで)
"{'type': 'ContractLineItem__c', 'url': '/services/data/v67.0/sobjects/ContractLineItem__c/a03RB00001RcABUYA3'}",a03RB00001RcABUYA3,ANAスカイビルサービス株式会社　※郵送希望_2026/07,001RB00001VTCYFYA5,a04RB00000kUAO2YAO,a0BRB00000ynb5x2AA,2026/07,2026/07,2026-07-01,2026-07-31,a0CRB0000CcXZ6Q2QW,,a00RB00002Am2BlYAJ,16000,16000,True,False,2,2026-07-06T21:50:01.000+0000,2026-08-06T00:08:33.000+0000,CN-00000028,ANAスカイビルサービス株式会社　※郵送希望,Activated,ANAスカイビルサービス株式会社,Rendery Proプラン
"{'type': 'ContractLineItem__c', 'url': '/services/data/v67.0/sobjects/ContractLineItem__c/a03RB00001RcABVYA3'}",a03RB00001RcABVYA3,吉村紳　一級建築士事務所_2026/07,001RB00001VTqU3YAL,a04RB00000kUAO7YAO,a0BRB00000ynb622AA,2026/07,2026/07,2026-07-01,2026-07-31,a0CRB0000CcXZ6Q2QW,,a00RB00002Am2BkYAJ,8000,8000,True,False,1,2026-07-06T21:50:01.000+0000,2026-08-06T00:08:33.000+0000,CN-00000033,吉村紳　一級建築士事務所,Activated,吉村紳 一級建築士事務所,Rendery Proプラン
"{'type': 'ContractLineItem__c', 'url': '/services/data/v67.0/sobjects/ContractLineItem__c/a03RB00001RcABWYA3'}",a03RB00001RcABWYA3,株式会社デザインアーク_2026/07,001RB00001VTruAYAT,a04RB00000kUAOAYA4,a0BRB00000ynb652AA,2026/07,2026/07,2026-07-01,2026-07-31,a0CRB0000CcXZ6V2QW,,,55000,55000,False,False,5,2026-07-06T21:50:01.000+0000,2026-08-06T00:50:25.000+0000,CN-00000036,株式会社デザインアーク,Activated,株式会社デザインアーク,Rendery Enterpriseプラン
"{'type': 'ContractLineItem__c', 'url': '/services/data/v67.0/sobjects/ContractLineItem__c/a03RB00001RcABXYA3'}",a03RB00001RcABXYA3,株式会社アーキテクト・ディベロッパー（5月1日より帝国不動産株式会社）_2026/07,001RB00001VTrtrYAD,a04RB00000kUAOEYA4,a0BRB00000ynb692AA,2026/07,2026/07,2026-07-01,2026-07-31,a0CRB0000CcXZ6Q2QW,,,48000,48000,False,False,6,2026-07-06T21:50:01.000+0000,2026-08-06T00:50:25.000+0000,CN-00000040,株式会社アーキテクト・ディベロッパー（5月1日より帝国不動産株式会社）,Activated,株式会社アーキテクト・ディベロッパー,Rendery Proプラン
"{'type': 'ContractLineItem__c', 'url': '/services/data/v67.0/sobjects/ContractLineItem__c/a03RB00001RcABYYA3'}",a03RB00001RcABYYA3,野原グループ株式会社_2026/07,001RB00001VTqbbYAD,a04RB00000kUAOFYA4,a0BRB00000ynb6A2AQ,2026/07,2026/07,2026-07-01,2026-07-31,a0CRB0000CcXZ6Q2QW,,a00RB00002Am2BjYAJ,8000,8000,True,False,1,2026-07-06T21:50:01.000+0000,2026-08-06T00:08:33.000+0000,CN-00000041,野原グループ株式会社,Activated,野原グループ株式会社,Rendery Proプラン
"{'type': 'ContractLineItem__c', 'url': '/services/data/v67.0/sobjects/ContractLineItem__c/a03RB00001RcABiYAN'}",a03RB00001RcABiYAN,JOA株式会社_2026/07,001RB00001VTqmBYAT,a04RB00000kUAORYA4,a0BRB00000ynb6M2AQ,2026/07,2026/07,2026-07-01,2026-07-31,a0CRB0000CcXZ6T2QW,,a00RB00002Am2BrYAJ,55000,55000,True,False,5,2026-07-06T21:50:01.000+0000,2026-08-06T00:08:33.000+0000,CN-00000053,JOA株式会社,Activated,JOA株式会社,[OLD] Rendery Enterpriseプラン(2025年9月まで)
"{'type': 'ContractLineItem__c', 'url': '/services/data/v67.0/sobjects/ContractLineItem__c/a03RB00001RcABjYAN'}",a03RB00001RcABjYAN,三井不動産レジデンシャルリース株式会社(ソリューション推進部)_2026/07,001RB00001VTqbXYAT,a04RB00000kUAOTYA4,a0BRB00000ynb6O2AQ,2026/07,2026/07,2026-07-01,2026-07-31,a0CRB0000CcXZ6T2QW,,a00RB000024Vf27YAC,132000,132000,False,False,12,2026-07-06T21:50:01.000+0000,2026-07-23T07:04:32.000+0000,CN-00000055,三井不動産レジデンシャルリース株式会社(ソリューション推進部),Activated,三井不動産レジデンシャルリース株式会社,[OLD] Rendery Enterpriseプラン(2025年9月まで)
"{'type': 'ContractLineItem__c', 'url': '/services/data/v67.0/sobjects/ContractLineItem__c/a03RB00001RcABrYAN'}",a03RB00001RcABrYAN,株式会社三越伊勢丹プロパティデザイン_2026/07,001RB00001VTqxsYAD,a04RB00000kUAOfYAO,a0BRB00000ynb6a2AA,2026/07,2026/07,2026-07-01,2026-07-31,a0CRB0000CcXZ6Q2QW,,a00RB000024Vf29YAC,48000,48000,False,False,6,2026-07-06T21:50:01.000+0000,2026-07-23T07:04:32.000+0000,CN-00000067,株式会社三越伊勢丹プロパティデザイン,Activated,三越伊勢丹プロパティ・デザイン株式会社,Rendery Proプラン
"{'type': 'ContractLineItem__c', 'url': '/services/data/v67.0/sobjects/ContractLineItem__c/a03RB00001RcABsYAN'}",a03RB00001RcABsYAN,豊通ファシリティーズ株式会社　建築・設計部_2026/07,001RB00001VTqy1YAD,a04RB00000kUAOgYAO,a0BRB00000ynb6b2AA,2026/07,2026/07,2026-07-01,2026-07-31,a0CRB0000CcXZ6Q2QW,,a00RB00002Am2BPYAZ,16000,16000,False,False,2,2026-07-06T21:50:01.000+0000,2026-07-23T07:04:32.000+0000,CN-00000068,豊通ファシリティーズ株式会社　建築・設計部,Activated,豊通ファシリティーズ株式会社,Rendery Proプラン
"{'type': 'ContractLineItem__c', 'url': '/services/data/v67.0/sobjects/ContractLineItem__c/a03RB00001RcABtYAN'}",a03RB00001RcABtYAN,三菱地所レジデンス株式会社_2026/07,001RB00001VTqf7YAD,a04RB00000kUAOjYAO,a0BRB00000ynb6e2AA,2026/07,2026/07,2026-07-01,2026-07-31,,,a00RB00002B4i4HYAR,140000,140000,False,False,,2026-07-06T21:50:01.000+0000,2026-07-24T10:37:59.000+0000,CN-00000071,三菱地所レジデンス株式会社,Activated,三菱地所レジデンス株式会社,
"{'type': 'ContractLineItem__c', 'url': '/services/data/v67.0/sobjects/ContractLineItem__c/a03RB00001RcABuYAN'}",a03RB00001RcABuYAN,株式会社アールシーコア_2026/07,001RB00001VTqxQYAT,a04RB00000kUAOoYAO,a0BRB00000ynb6j2AA,2026/07,2026/07,2026-07-01,2026-07-31,,,,150000,150000,False,False,10,2026-07-06T21:50:01.000+0000,2026-07-06T21:50:01.000+0000,CN-00000076,株式会社アールシーコア,Activated,株式会社アールシーコア,
"{'type': 'ContractLineItem__c', 'url': '/services/data/v67.0/sobjects/ContractLineItem__c/a03RB00001RcABvYAN'}",a03RB00001RcABvYAN,株式会社アールシーコア(セキュリティオプション月額）_2026/07,001RB00001VTqxQYAT,a04RB00000kUAOsYAO,a0BRB00000ynb6n2AA,2026/07,2026/07,2026-07-01,2026-07-31,,,,100000,100000,False,False,1,2026-07-06T21:50:01.000+0000,2026-07-06T21:50:01.000+0000,CN-00000080,株式会社アールシーコア(セキュリティオプション月額）,Activated,株式会社アールシーコア,
"{'type': 'ContractLineItem__c', 'url': '/services/data/v67.0/sobjects/ContractLineItem__c/a03RB00001RcABwYAN'}",a03RB00001RcABwYAN,株式会社錢高組_2026/07,001RB00001VTqW8YAL,a04RB00000kUAOpYAO,a0BRB00000ynb6k2AA,2026/07,2026/07,2026-07-01,2026-07-31,a0CRB0000CcXZ6Q2QW,,a00RB000024Vf2DYAS,24000,24000,False,False,3,2026-07-06T21:50:01.000+0000,2026-07-23T07:04:32.000+0000,CN-00000077,株式会社錢高組,Activated,株式会社 錢高組,Rendery Proプラン
"{'type': 'ContractLineItem__c', 'url': '/services/data/v67.0/sobjects/ContractLineItem__c/a03RB00001RcABxYAN'}",a03RB00001RcABxYAN,Phantom株式会社_2026/07,001RB00001VTrkRYAT,a04RB00000kUAOtYAO,a0BRB00000ynb6o2AA,2026/07,2026/07,2026-07-01,2026-07-31,a0CRB0000CcXZ6Q2QW,,a00RB00002Am2BTYAZ,16000,16000,False,False,2,2026-07-06T21:50:01.000+0000,2026-07-23T07:04:32.000+0000,CN-00000081,Phantom株式会社,Activated,Phantom株式会社,Rendery Proプラン
"{'type': 'ContractLineItem__c', 'url': '/services/data/v67.0/sobjects/ContractLineItem__c/a03RB00001RcAC0YAN'}",a03RB00001RcAC0YAN,フロンヴィルホームズ名古屋株式会社_2026/07,001RB00001VTr0hYAD,a04RB00000kUAOhYAO,a0BRB00000ynb6c2AA,2026/07,2026/07,2026-07-01,2026-07-31,a0CRB0000CcXZ6Q2QW,,a00RB00002Am2BRYAZ,20000,20000,False,False,,2026-07-06T21:50:01.000+0000,2026-07-23T07:04:32.000+0000,CN-00000069,フロンヴィルホームズ名古屋株式会社,Activated,フロンヴィルホームズ名古屋株式会社,Rendery Proプラン
"{'type': 'ContractLineItem__c', 'url': '/services/data/v67.0/sobjects/ContractLineItem__c/a03RB00001RcAC1YAN'}",a03RB00001RcAC1YAN,柏井建設株式会社_2026/07,001RB00001VTrI5YAL,a04RB00000kUAP0YAO,a0BRB00000ynb6v2AA,2026/07,2026/07,2026-07-01,2026-07-31,a0CRB0000CcXZ6V2QW,,a00RB000024Vf2IYAS,75000,75000,False,False,5,2026-07-06T21:50:01.000+0000,2026-07-23T07:04:32.000+0000,CN-00000088,柏井建設株式会社,Activated,柏井建設 株式会社,Rendery Enterpriseプラン
"{'type': 'ContractLineItem__c', 'url': '/services/data/v67.0/sobjects/ContractLineItem__c/a03RB00001RcAC2YAN'}",a03RB00001RcAC2YAN,三井住友建設株式会社_2026/07,001RB00001VTqeXYAT,a04RB00000kUAP3YAO,a0BRB00000ynb6y2AA,2026/07,2026/07,2026-07-01,2026-07-31,a0CRB0000CcXZ6Q2QW,,a00RB00002Am2BVYAZ,8000,8000,False,False,1,2026-07-06T21:50:01.000+0000,2026-07-23T07:04:32.000+0000,CN-00000091,三井住友建設株式会社,Activated,三井住友建設株式会社,Rendery Proプラン
"{'type': 'ContractLineItem__c', 'url': '/services/data/v67.0/sobjects/ContractLineItem__c/a03RB00001RcAC5YAN'}",a03RB00001RcAC5YAN,花菱不動産株式会社_2026/07,001RB00001VTrlBYAT,a04RB00000kUAOyYAO,a0BRB00000ynb6t2AA,2026/07,2026/07,2026-07-01,2026-07-31,a0CRB0000CcXZ6Q2QW,,a00RB00002Am2BUYAZ,16000,16000,False,False,2,2026-07-06T21:50:01.000+0000,2026-07-23T07:04:32.000+0000,CN-00000086,花菱不動産株式会社,Activated,花菱不動産株式会社,Rendery Proプラン
"{'type': 'ContractLineItem__c', 'url': '/services/data/v67.0/sobjects/ContractLineItem__c/a03RB00001RcAC7YAN'}",a03RB00001RcAC7YAN,株式会社紀伊國屋書店_2026/07,001RB00001VTrUSYA1,a04RB00000kUAP1YAO,a0BRB00000ynb6w2AA,2026/07,2026/07,2026-07-01,2026-07-31,a0CRB0000CcXZ6Q2QW,,a00RB00002Am2BbYAJ,40000,40000,True,False,5,2026-07-06T21:50:01.000+0000,2026-08-06T00:08:33.000+0000,CN-00000089,株式会社紀伊國屋書店,Activated,株式会社紀伊國屋書店,Rendery Proプラン
"{'type': 'ContractLineItem__c', 'url': '/services/data/v67.0/sobjects/ContractLineItem__c/a03RB00001RcAC8YAN'}",a03RB00001RcAC8YAN,Asplead株式会社_2026/07,001RB00001VTqnvYAD,a04RB00000kUAP4YAO,a0BRB00000ynb6z2AA,2026/07,2026/07,2026-07-01,2026-07-31,a0CRB0000CcXZ6Q2QW,,a00RB00002Am2BZYAZ,16000,16000,False,False,2,2026-07-06T21:50:01.000+0000,2026-07-23T07:04:32.000+0000,CN-00000092,Asplead株式会社,Activated,Asplead株式会社,Rendery Proプラン
"{'type': 'ContractLineItem__c', 'url': '/services/data/v67.0/sobjects/ContractLineItem__c/a03RB00001RcAC9YAN'}",a03RB00001RcAC9YAN,スタイルテック総合計画_2026/07,001RB00001VTrkbYAD,a04RB00000kUAP5YAO,a0BRB00000ynb702AA,2026/07,2026/07,2026-07-01,2026-07-31,a0CRB0000CcXZ6V2QW,,a00RB00002Am2BWYAZ,75000,75000,False,False,5,2026-07-06T21:50:01.000+0000,2026-07-23T07:04:32.000+0000,CN-00000093,スタイルテック総合計画,Activated,株式会社スタイルテック総合計画,Rendery Enterpriseプラン
"{'type': 'ContractLineItem__c', 'url': '/services/data/v67.0/sobjects/ContractLineItem__c/a03RB00001RcACAYA3'}",a03RB00001RcACAYA3,株式会社ecoaハウス_2026/07,001RB00001VTrlqYAD,a04RB00000kUAP6YAO,a0BRB00000ynb712AA,2026/07,2026/07,2026-07-01,2026-07-31,a0CRB0000CcXZ6V2QW,,a00RB00002Am2BXYAZ,75000,75000,False,False,5,2026-07-06T21:50:01.000+0000,2026-07-23T07:04:32.000+0000,CN-00000094,株式会社ecoaハウス,Activated,株式会社ecoaハウス,Rendery Enterpriseプラン
"{'type': 'ContractLineItem__c', 'url': '/services/data/v67.0/sobjects/ContractLineItem__c/a03RB00001RcACBYA3'}",a03RB00001RcACBYA3,株式会社ドムコス_2026/07,001RB00001VTrqdYAD,a04RB00000kUAP7YAO,a0BRB00000ynb722AA,2026/07,2026/07,2026-07-01,2026-07-31,a0CRB0000CcXZ6Q2QW,,a00RB00002Am2BYYAZ,8000,8000,False,False,1,2026-07-06T21:50:01.000+0000,2026-07-23T07:04:32.000+0000,CN-00000095,株式会社ドムコス,Activated,株式会社ドムコス,Rendery Proプラン
"{'type': 'ContractLineItem__c', 'url': '/services/data/v67.0/sobjects/ContractLineItem__c/a03RB00001RcACEYA3'}",a03RB00001RcACEYA3,フィールド・デザイン・アーキテクツ一級建築士事務所_2026/07,001RB00001VTrqeYAD,a04RB00000kUAPAYA4,a0BRB00000ynb752AA,2026/07,2026/07,2026-07-01,2026-07-31,a0CRB0000CcXZ6Q2QW,,a00RB00002Am2BaYAJ,8000,8000,False,False,1,2026-07-06T21:50:01.000+0000,2026-07-23T07:04:32.000+0000,CN-00000098,フィールド・デザイン・アーキテクツ一級建築士事務所,Activated,株式会社フィールド・デザイン・アーキテクツ一級建築士事務所,Rendery Proプラン
"{'type': 'ContractLineItem__c', 'url': '/services/data/v67.0/sobjects/ContractLineItem__c/a03RB00001RcACFYA3'}",a03RB00001RcACFYA3,株式会社ルミネ_2026/07,001RB00001VTrYEYA1,a04RB00000kUAPBYA4,a0BRB00000ynb762AA,2026/07,2026/07,2026-07-01,2026-07-31,a0CRB0000CcXZ6Q2QW,,a00RB00002Am2BdYAJ,8000,8000,True,False,1,2026-07-06T21:50:01.000+0000,2026-08-06T00:08:33.000+0000,CN-00000099,株式会社ルミネ,Activated,株式会社ルミネ,Rendery Proプラン
"{'type': 'ContractLineItem__c', 'url': '/services/data/v67.0/sobjects/ContractLineItem__c/a03RB00001RcACGYA3'}",a03RB00001RcACGYA3,株式会社安井建築設計事務所_2026/07,001RB00001VTqU8YAL,a04RB00000kUAPEYA4,a0BRB00000ynn552AA,2026/07,2026/07,2026-07-01,2026-07-31,a0CRB0000CcXZ6Q2QW,,a00RB00002Am2BcYAJ,8000,8000,False,False,1,2026-07-06T21:50:01.000+0000,2026-07-23T07:04:32.000+0000,CN-00000102,株式会社安井建築設計事務所,Activated,株式会社安井建築設計事務所,Rendery Proプラン
"{'type': 'ContractLineItem__c', 'url': '/services/data/v67.0/sobjects/ContractLineItem__c/a03RB00001RcACHYA3'}",a03RB00001RcACHYA3,西日本旅客鉄道株式会社 ビジネスデザイン部　JCLaaS事業部_2026/07,001RB00001VTro2YAD,a04RB00000kUAPHYA4,a0BRB00000ynn582AA,2026/07,2026/07,2026-07-01,2026-07-31,a0CRB0000CcXZ6Q2QW,,a00RB00002Am2BeYAJ,8000,8000,True,False,1,2026-07-06T21:50:01.000+0000,2026-08-06T00:08:33.000+0000,CN-00000105,西日本旅客鉄道株式会社 ビジネスデザイン部　JCLaaS事業部,Activated,西日本旅客鉄道株式会社,Rendery Proプラン
"{'type': 'ContractLineItem__c', 'url': '/services/data/v67.0/sobjects/ContractLineItem__c/a03RB00001RcACIYA3'}",a03RB00001RcACIYA3,株式会社乃村工藝社  カルチャー・コミュニケーション推進本部_2026/07,001RB00001VTCZZYA5,a04RB00000kUAPIYA4,a0BRB00000ynn592AA,2026/07,2026/07,2026-07-01,2026-07-31,a0CRB0000CcXZ6Q2QW,,,32000,32000,True,False,4,2026-07-06T21:50:01.000+0000,2026-08-06T02:03:49.000+0000,CN-00000106,株式会社乃村工藝社  カルチャー・コミュニケーション推進本部,Activated,株式会社乃村工藝社,Rendery Proプラン
"{'type': 'ContractLineItem__c', 'url': '/services/data/v67.0/sobjects/ContractLineItem__c/a03RB00001RcACJYA3'}",a03RB00001RcACJYA3,株式会社ジョイフル本田（Pro１アカウント）_2026/07,001RB00001VTqkQYAT,a04RB00000kUAPFYA4,a0BRB00000ynn562AA,2026/07,2026/07,2026-07-01,2026-07-31,a0CRB0000CcXZ6Q2QW,,a00RB00002Am2BfYAJ,8000,8000,True,False,1,2026-07-06T21:50:01.000+0000,2026-08-06T00:08:33.000+0000,CN-00000103,株式会社ジョイフル本田（Pro１アカウント）,Activated,株式会社ジョイフル本田,Rendery Proプラン
"{'type': 'ContractLineItem__c', 'url': '/services/data/v67.0/sobjects/ContractLineItem__c/a03RB00001RcACKYA3'}",a03RB00001RcACKYA3,株式会社デザインアーク　東京本店　東京スペースソリューション第１営業所_2026/07,001RB00001VTruAYAT,a04RB00000kUAPKYA4,a0BRB00000ynn5B2AQ,2026/07,2026/07,2026-07-01,2026-07-31,,,,30000,30000,False,False,2,2026-07-06T21:50:01.000+0000,2026-07-06T21:50:01.000+0000,CN-00000108,株式会社デザインアーク　東京本店　東京スペースソリューション第１営業所,Activated,株式会社デザインアーク,
"{'type': 'ContractLineItem__c', 'url': '/services/data/v67.0/sobjects/ContractLineItem__c/a03RB00001RcACNYA3'}",a03RB00001RcACNYA3,株式会社エリオクリエイト_2026/07,001RB00001VTrxYYAT,a04RB00000kUAPNYA4,a0BRB00000ynn5E2AQ,2026/07,2026/07,2026-07-01,2026-07-31,a0CRB0000CcXZ6Q2QW,,a00RB000027fzNvYAI,96000,96000,True,False,1,2026-07-06T21:50:01.000+0000,2026-08-06T00:08:33.000+0000,CN-00000111,株式会社エリオクリエイト,Activated,株式会社エリオクリエイト,Rendery Proプラン
"{'type': 'ContractLineItem__c', 'url': '/services/data/v67.0/sobjects/ContractLineItem__c/a03RB00001RcACOYA3'}",a03RB00001RcACOYA3,株式会社創建ホーム_2026/07,001RB00001VTrm3YAD,a04RB00000kUAPOYA4,a0BRB00000ynn5F2AQ,2026/07,2026/07,2026-07-01,2026-07-31,a0CRB0000CcXZ6Z2QW,,a00RB00002B5oL4YAJ,1008000,1008000,False,False,6,2026-07-06T21:50:01.000+0000,2026-08-06T00:08:33.000+0000,CN-00000112,株式会社創建ホーム,Activated,創建ホーム株式会社,[年払] Rendery Enterpriseプラン
"{'type': 'ContractLineItem__c', 'url': '/services/data/v67.0/sobjects/ContractLineItem__c/a03RB00001RcAfpYAF'}",a03RB00001RcAfpYAF,野村不動産株式会社　商業事業本部_2026/07,001RB00001VTCYEYA5,a04RB00000lZ54zYAC,a0BRB0000100Bsb2AE,2026/07,2026/07,2026-07-01,2026-07-31,a0CRB0000CcXZ6X2QW,a09RB000010S68bYAC,,140000,140000,True,False,120,2026-07-06T21:53:46.000+0000,2026-07-06T21:53:46.000+0000,CN-00000191,野村不動産株式会社　商業事業本部,Activated,野村不動産株式会社,[年払] Rendery Enterpriseプラン　※MRR計上用
"{'type': 'ContractLineItem__c', 'url': '/services/data/v67.0/sobjects/ContractLineItem__c/a03RB00001RcAfqYAF'}",a03RB00001RcAfqYAF,野村不動産株式会社　商業事業本部_2026/07,001RB00001VTCYEYA5,a04RB00000lZ54zYAC,a0BRB0000100Bsb2AE,2026/07,2026/07,2026-07-01,2026-07-31,a0CRB0000CcXZ6b2QG,a09RB000010Ty8LYAS,,30000,30000,True,False,12,2026-07-06T21:53:46.000+0000,2026-07-06T21:53:46.000+0000,CN-00000191,野村不動産株式会社　商業事業本部,Activated,野村不動産株式会社,Rendery セキュリティオプション(SSO)_運用費用
"{'type': 'ContractLineItem__c', 'url': '/services/data/v67.0/sobjects/ContractLineItem__c/a03RB00001STmGpYAL'}",a03RB00001STmGpYAL,サンフロンティア不動産株式会社_2026/08,001RB00001VTqlYYAT,a04RB00000kUANdYAO,a0BRB000010uujm2AA,2026/08,2026/08,2026-08-01,2026-08-31,a0CRB0000CcXZ6Q2QW,,,64000,64000,False,False,8,2026-07-10T16:30:03.000+0000,2026-07-10T16:30:03.000+0000,CN-00000003,サンフロンティア不動産株式会社,Activated,サンフロンティア不動産株式会社,Rendery Proプラン
"{'type': 'ContractLineItem__c', 'url': '/services/data/v67.0/sobjects/ContractLineItem__c/a03RB00001STmGqYAL'}",a03RB00001STmGqYAL,東急株式会社_2026/08,001RB00001VTrs0YAD,a04RB00000kUANgYAO,a0BRB000010uujn2AA,2026/08,2026/08,2026-08-01,2026-08-31,a0CRB0000CcXZ6T2QW,,,11000,11000,True,False,1,2026-07-10T16:30:03.000+0000,2026-08-06T02:03:49.000+0000,CN-00000006,東急株式会社,Activated,東急株式会社,[OLD] Rendery Enterpriseプラン(2025年9月まで)
"{'type': 'ContractLineItem__c', 'url': '/services/data/v67.0/sobjects/ContractLineItem__c/a03RB00001STmGrYAL'}",a03RB00001STmGrYAL,株式会社フロンティアコンサルティング_2026/08,001RB00001VTqlHYAT,a04RB00000kUANiYAO,a0BRB000010uujo2AA,2026/08,2026/08,2026-08-01,2026-08-31,a0CRB0000CcXZ6T2QW,,,550000,550000,False,False,50,2026-07-10T16:30:03.000+0000,2026-07-10T16:30:03.000+0000,CN-00000008,株式会社フロンティアコンサルティング,Activated,株式会社フロンティアコンサルティング,[OLD] Rendery Enterpriseプラン(2025年9月まで)
"{'type': 'ContractLineItem__c', 'url': '/services/data/v67.0/sobjects/ContractLineItem__c/a03RB00001STmGsYAL'}",a03RB00001STmGsYAL,前田工務店_2026/08,001RB00001VTCYmYAP,a04RB00000kUANjYAO,a0BRB000010uujp2AA,2026/08,2026/08,2026-08-01,2026-08-31,,,,8000,8000,False,False,1,2026-07-10T16:30:03.000+0000,2026-07-10T16:30:03.000+0000,CN-00000009,前田工務店,Activated,株式会社前田工務店,
"{'type': 'ContractLineItem__c', 'url': '/services/data/v67.0/sobjects/ContractLineItem__c/a03RB00001STmGtYAL'}",a03RB00001STmGtYAL,ムゲンエステート_2026/08,001RB00001VTqlOYAT,a04RB00000kUANmYAO,a0BRB000010uujq2AA,2026/08,2026/08,2026-08-01,2026-08-31,a0CRB0000CcXZ6Q2QW,,a00RB00002FLyB6YAL,8000,8000,True,False,1,2026-07-10T16:30:03.000+0000,2026-08-19T10:26:08.000+0000,CN-00000012,ムゲンエステート,Activated,株式会社ムゲンエステート,Rendery Proプラン
"{'type': 'ContractLineItem__c', 'url': '/services/data/v67.0/sobjects/ContractLineItem__c/a03RB00001STmGwYAL'}",a03RB00001STmGwYAL,株式会社TRIAD_2026/08,001RB00001VTqUoYAL,a04RB00000kUANwYAO,a0BRB000010uujv2AA,2026/08,2026/08,2026-08-01,2026-08-31,a0CRB0000CcXZ6Q2QW,,a00RB00002FLyB4YAL,8000,8000,True,False,1,2026-07-10T16:30:03.000+0000,2026-08-19T10:26:08.000+0000,CN-00000022,株式会社TRIAD,Activated,株式会社TRIAD,Rendery Proプラン
"{'type': 'ContractLineItem__c', 'url': '/services/data/v67.0/sobjects/ContractLineItem__c/a03RB00001STmGyYAL'}",a03RB00001STmGyYAL,戸田建設(設計部:月額)_2026/08,001RB00001VTrmnYAD,a04RB00000kUAO0YAO,a0BRB000010uujx2AA,2026/08,2026/08,2026-08-01,2026-08-31,,,,55000,55000,False,False,5,2026-07-10T16:30:03.000+0000,2026-07-10T16:30:03.000+0000,CN-00000026,戸田建設(設計部:月額),Activated,戸田建設株式会社,
"{'type': 'ContractLineItem__c', 'url': '/services/data/v67.0/sobjects/ContractLineItem__c/a03RB00001STmGzYAL'}",a03RB00001STmGzYAL,47内装株式会社_2026/08,001RB00001VTCYGYA5,a04RB00000kUAO1YAO,a0BRB000010uujy2AA,2026/08,2026/08,2026-08-01,2026-08-31,a0CRB0000CcXZ6T2QW,,,55000,55000,True,False,5,2026-07-10T16:30:03.000+0000,2026-08-06T02:03:49.000+0000,CN-00000027,47内装株式会社,Activated,47内装株式会社,[OLD] Rendery Enterpriseプラン(2025年9月まで)
"{'type': 'ContractLineItem__c', 'url': '/services/data/v67.0/sobjects/ContractLineItem__c/a03RB00001STmH0YAL'}",a03RB00001STmH0YAL,ANAスカイビルサービス株式会社　※郵送希望_2026/08,001RB00001VTCYFYA5,a04RB00000kUAO2YAO,a0BRB000010uujz2AA,2026/08,2026/08,2026-08-01,2026-08-31,a0CRB0000CcXZ6Q2QW,,a00RB00002FLyB2YAL,16000,16000,True,False,2,2026-07-10T16:30:03.000+0000,2026-08-19T10:26:08.000+0000,CN-00000028,ANAスカイビルサービス株式会社　※郵送希望,Activated,ANAスカイビルサービス株式会社,Rendery Proプラン
"{'type': 'ContractLineItem__c', 'url': '/services/data/v67.0/sobjects/ContractLineItem__c/a03RB00001STmH1YAL'}",a03RB00001STmH1YAL,吉村紳　一級建築士事務所_2026/08,001RB00001VTqU3YAL,a04RB00000kUAO7YAO,a0BRB000010uuk02AA,2026/08,2026/08,2026-08-01,2026-08-31,a0CRB0000CcXZ6Q2QW,,a00RB00002FLyB1YAL,8000,8000,True,False,1,2026-07-10T16:30:03.000+0000,2026-08-19T10:26:08.000+0000,CN-00000033,吉村紳　一級建築士事務所,Activated,吉村紳 一級建築士事務所,Rendery Proプラン
"{'type': 'ContractLineItem__c', 'url': '/services/data/v67.0/sobjects/ContractLineItem__c/a03RB00001STmH2YAL'}",a03RB00001STmH2YAL,株式会社デザインアーク_2026/08,001RB00001VTruAYAT,a04RB00000kUAOAYA4,a0BRB000010uuk12AA,2026/08,2026/08,2026-08-01,2026-08-31,a0CRB0000CcXZ6V2QW,,,55000,55000,False,False,5,2026-07-10T16:30:03.000+0000,2026-07-10T16:30:03.000+0000,CN-00000036,株式会社デザインアーク,Activated,株式会社デザインアーク,Rendery Enterpriseプラン
"{'type': 'ContractLineItem__c', 'url': '/services/data/v67.0/sobjects/ContractLineItem__c/a03RB00001STmH3YAL'}",a03RB00001STmH3YAL,株式会社アーキテクト・ディベロッパー（5月1日より帝国不動産株式会社）_2026/08,001RB00001VTrtrYAD,a04RB00000kUAOEYA4,a0BRB000010uuk22AA,2026/08,2026/08,2026-08-01,2026-08-31,a0CRB0000CcXZ6Q2QW,,,48000,48000,False,False,6,2026-07-10T16:30:03.000+0000,2026-07-10T16:30:03.000+0000,CN-00000040,株式会社アーキテクト・ディベロッパー（5月1日より帝国不動産株式会社）,Activated,株式会社アーキテクト・ディベロッパー,Rendery Proプラン
"{'type': 'ContractLineItem__c', 'url': '/services/data/v67.0/sobjects/ContractLineItem__c/a03RB00001STmH4YAL'}",a03RB00001STmH4YAL,野原グループ株式会社_2026/08,001RB00001VTqbbYAD,a04RB00000kUAOFYA4,a0BRB000010uuk32AA,2026/08,2026/08,2026-08-01,2026-08-31,a0CRB0000CcXZ6Q2QW,,a00RB00002FLyAzYAL,8000,8000,True,False,1,2026-07-10T16:30:03.000+0000,2026-08-19T10:26:08.000+0000,CN-00000041,野原グループ株式会社,Activated,野原グループ株式会社,Rendery Proプラン
"{'type': 'ContractLineItem__c', 'url': '/services/data/v67.0/sobjects/ContractLineItem__c/a03RB00001STmH9YAL'}",a03RB00001STmH9YAL,JOA株式会社_2026/08,001RB00001VTqmBYAT,a04RB00000kUAORYA4,a0BRB000010uuk92AA,2026/08,2026/08,2026-08-01,2026-08-31,a0CRB0000CcXZ6T2QW,,a00RB00002FLyBCYA1,55000,55000,True,False,5,2026-07-10T16:30:03.000+0000,2026-08-19T10:26:08.000+0000,CN-00000053,JOA株式会社,Activated,JOA株式会社,[OLD] Rendery Enterpriseプラン(2025年9月まで)
"{'type': 'ContractLineItem__c', 'url': '/services/data/v67.0/sobjects/ContractLineItem__c/a03RB00001STmHAYA1'}",a03RB00001STmHAYA1,三井不動産レジデンシャルリース株式会社(ソリューション推進部)_2026/08,001RB00001VTqbXYAT,a04RB00000kUAOTYA4,a0BRB000010uukA2AQ,2026/08,2026/08,2026-08-01,2026-08-31,a0CRB0000CcXZ6T2QW,,,132000,132000,False,False,12,2026-07-10T16:30:03.000+0000,2026-07-10T16:30:03.000+0000,CN-00000055,三井不動産レジデンシャルリース株式会社(ソリューション推進部),Activated,三井不動産レジデンシャルリース株式会社,[OLD] Rendery Enterpriseプラン(2025年9月まで)
"{'type': 'ContractLineItem__c', 'url': '/services/data/v67.0/sobjects/ContractLineItem__c/a03RB00001STmHFYA1'}",a03RB00001STmHFYA1,株式会社三越伊勢丹プロパティデザイン_2026/08,001RB00001VTqxsYAD,a04RB00000kUAOfYAO,a0BRB000010uukF2AQ,2026/08,2026/08,2026-08-01,2026-08-31,a0CRB0000CcXZ6Q2QW,,,48000,48000,False,False,6,2026-07-10T16:30:03.000+0000,2026-07-10T16:30:03.000+0000,CN-00000067,株式会社三越伊勢丹プロパティデザイン,Activated,三越伊勢丹プロパティ・デザイン株式会社,Rendery Proプラン
"{'type': 'ContractLineItem__c', 'url': '/services/data/v67.0/sobjects/ContractLineItem__c/a03RB00001STmHGYA1'}",a03RB00001STmHGYA1,豊通ファシリティーズ株式会社　建築・設計部_2026/08,001RB00001VTqy1YAD,a04RB00000kUAOgYAO,a0BRB000010uukG2AQ,2026/08,2026/08,2026-08-01,2026-08-31,a0CRB0000CcXZ6Q2QW,,a00RB00002FL0DIYA1,16000,16000,False,False,2,2026-07-10T16:30:03.000+0000,2026-08-19T10:25:53.000+0000,CN-00000068,豊通ファシリティーズ株式会社　建築・設計部,Activated,豊通ファシリティーズ株式会社,Rendery Proプラン
"{'type': 'ContractLineItem__c', 'url': '/services/data/v67.0/sobjects/ContractLineItem__c/a03RB00001STmHHYA1'}",a03RB00001STmHHYA1,株式会社アールシーコア_2026/08,001RB00001VTqxQYAT,a04RB00000kUAOoYAO,a0BRB000010uukJ2AQ,2026/08,2026/08,2026-08-01,2026-08-31,,,,150000,150000,False,False,10,2026-07-10T16:30:03.000+0000,2026-07-10T16:30:03.000+0000,CN-00000076,株式会社アールシーコア,Activated,株式会社アールシーコア,
"{'type': 'ContractLineItem__c', 'url': '/services/data/v67.0/sobjects/ContractLineItem__c/a03RB00001STmHIYA1'}",a03RB00001STmHIYA1,株式会社錢高組_2026/08,001RB00001VTqW8YAL,a04RB00000kUAOpYAO,a0BRB000010uukK2AQ,2026/08,2026/08,2026-08-01,2026-08-31,a0CRB0000CcXZ6Q2QW,,,24000,24000,False,False,3,2026-07-10T16:30:03.000+0000,2026-07-10T16:30:03.000+0000,CN-00000077,株式会社錢高組,Activated,株式会社 錢高組,Rendery Proプラン
"{'type': 'ContractLineItem__c', 'url': '/services/data/v67.0/sobjects/ContractLineItem__c/a03RB00001STmHJYA1'}",a03RB00001STmHJYA1,株式会社アールシーコア(セキュリティオプション月額）_2026/08,001RB00001VTqxQYAT,a04RB00000kUAOsYAO,a0BRB000010uukL2AQ,2026/08,2026/08,2026-08-01,2026-08-31,,,,100000,100000,False,False,1,2026-07-10T16:30:03.000+0000,2026-07-10T16:30:03.000+0000,CN-00000080,株式会社アールシーコア(セキュリティオプション月額）,Activated,株式会社アールシーコア,
"{'type': 'ContractLineItem__c', 'url': '/services/data/v67.0/sobjects/ContractLineItem__c/a03RB00001STmHKYA1'}",a03RB00001STmHKYA1,Phantom株式会社_2026/08,001RB00001VTrkRYAT,a04RB00000kUAOtYAO,a0BRB000010uukM2AQ,2026/08,2026/08,2026-08-01,2026-08-31,a0CRB0000CcXZ6Q2QW,,a00RB00002FL0DOYA1,16000,16000,False,False,2,2026-07-10T16:30:03.000+0000,2026-08-19T10:25:53.000+0000,CN-00000081,Phantom株式会社,Activated,Phantom株式会社,Rendery Proプラン
"{'type': 'ContractLineItem__c', 'url': '/services/data/v67.0/sobjects/ContractLineItem__c/a03RB00001STmHNYA1'}",a03RB00001STmHNYA1,花菱不動産株式会社_2026/08,001RB00001VTrlBYAT,a04RB00000kUAOyYAO,a0BRB000010uukP2AQ,2026/08,2026/08,2026-08-01,2026-08-31,a0CRB0000CcXZ6Q2QW,,a00RB00002FL0DQYA1,16000,16000,False,False,2,2026-07-10T16:30:03.000+0000,2026-08-19T10:25:53.000+0000,CN-00000086,花菱不動産株式会社,Activated,花菱不動産株式会社,Rendery Proプラン
"{'type': 'ContractLineItem__c', 'url': '/services/data/v67.0/sobjects/ContractLineItem__c/a03RB00001STmHPYA1'}",a03RB00001STmHPYA1,柏井建設株式会社_2026/08,001RB00001VTrI5YAL,a04RB00000kUAP0YAO,a0BRB000010uukR2AQ,2026/08,2026/08,2026-08-01,2026-08-31,a0CRB0000CcXZ6V2QW,,,75000,75000,False,False,5,2026-07-10T16:30:03.000+0000,2026-07-10T16:30:03.000+0000,CN-00000088,柏井建設株式会社,Activated,柏井建設 株式会社,Rendery Enterpriseプラン
"{'type': 'ContractLineItem__c', 'url': '/services/data/v67.0/sobjects/ContractLineItem__c/a03RB00001STmHQYA1'}",a03RB00001STmHQYA1,株式会社紀伊國屋書店_2026/08,001RB00001VTrUSYA1,a04RB00000kUAP1YAO,a0BRB000010uukS2AQ,2026/08,2026/08,2026-08-01,2026-08-31,a0CRB0000CcXZ6Q2QW,,a00RB00002FL0DYYA1,40000,40000,True,False,5,2026-07-10T16:30:03.000+0000,2026-08-19T10:25:53.000+0000,CN-00000089,株式会社紀伊國屋書店,Activated,株式会社紀伊國屋書店,Rendery Proプラン
"{'type': 'ContractLineItem__c', 'url': '/services/data/v67.0/sobjects/ContractLineItem__c/a03RB00001STmHRYA1'}",a03RB00001STmHRYA1,三井住友建設株式会社_2026/08,001RB00001VTqeXYAT,a04RB00000kUAP3YAO,a0BRB000010uukT2AQ,2026/08,2026/08,2026-08-01,2026-08-31,a0CRB0000CcXZ6Q2QW,,a00RB00002FL0DSYA1,8000,8000,False,False,1,2026-07-10T16:30:03.000+0000,2026-08-19T10:25:53.000+0000,CN-00000091,三井住友建設株式会社,Activated,三井住友建設株式会社,Rendery Proプラン
"{'type': 'ContractLineItem__c', 'url': '/services/data/v67.0/sobjects/ContractLineItem__c/a03RB00001STmHSYA1'}",a03RB00001STmHSYA1,Asplead株式会社_2026/08,001RB00001VTqnvYAD,a04RB00000kUAP4YAO,a0BRB000010uukU2AQ,2026/08,2026/08,2026-08-01,2026-08-31,a0CRB0000CcXZ6Q2QW,,a00RB00002FL0DWYA1,16000,16000,False,False,2,2026-07-10T16:30:03.000+0000,2026-08-19T10:25:53.000+0000,CN-00000092,Asplead株式会社,Activated,Asplead株式会社,Rendery Proプラン
"{'type': 'ContractLineItem__c', 'url': '/services/data/v67.0/sobjects/ContractLineItem__c/a03RB00001STmHTYA1'}",a03RB00001STmHTYA1,スタイルテック総合計画_2026/08,001RB00001VTrkbYAD,a04RB00000kUAP5YAO,a0BRB000010uukV2AQ,2026/08,2026/08,2026-08-01,2026-08-31,a0CRB0000CcXZ6V2QW,,a00RB00002FL0DTYA1,75000,75000,False,False,5,2026-07-10T16:30:03.000+0000,2026-08-19T10:25:53.000+0000,CN-00000093,スタイルテック総合計画,Activated,株式会社スタイルテック総合計画,Rendery Enterpriseプラン
"{'type': 'ContractLineItem__c', 'url': '/services/data/v67.0/sobjects/ContractLineItem__c/a03RB00001STmHUYA1'}",a03RB00001STmHUYA1,株式会社ecoaハウス_2026/08,001RB00001VTrlqYAD,a04RB00000kUAP6YAO,a0BRB000010uukW2AQ,2026/08,2026/08,2026-08-01,2026-08-31,a0CRB0000CcXZ6V2QW,,a00RB00002FL0DUYA1,75000,75000,False,False,5,2026-07-10T16:30:03.000+0000,2026-08-19T10:25:53.000+0000,CN-00000094,株式会社ecoaハウス,Activated,株式会社ecoaハウス,Rendery Enterpriseプラン
"{'type': 'ContractLineItem__c', 'url': '/services/data/v67.0/sobjects/ContractLineItem__c/a03RB00001STmHVYA1'}",a03RB00001STmHVYA1,株式会社ドムコス_2026/08,001RB00001VTrqdYAD,a04RB00000kUAP7YAO,a0BRB000010uukX2AQ,2026/08,2026/08,2026-08-01,2026-08-31,a0CRB0000CcXZ6Q2QW,,a00RB00002FL0DVYA1,8000,8000,False,False,1,2026-07-10T16:30:03.000+0000,2026-08-19T10:25:53.000+0000,CN-00000095,株式会社ドムコス,Activated,株式会社ドムコス,Rendery Proプラン
"{'type': 'ContractLineItem__c', 'url': '/services/data/v67.0/sobjects/ContractLineItem__c/a03RB00001STmHYYA1'}",a03RB00001STmHYYA1,フィールド・デザイン・アーキテクツ一級建築士事務所_2026/08,001RB00001VTrqeYAD,a04RB00000kUAPAYA4,a0BRB000010uuka2AA,2026/08,2026/08,2026-08-01,2026-08-31,a0CRB0000CcXZ6Q2QW,,a00RB00002FL0DXYA1,8000,8000,False,False,1,2026-07-10T16:30:03.000+0000,2026-08-19T10:25:53.000+0000,CN-00000098,フィールド・デザイン・アーキテクツ一級建築士事務所,Activated,株式会社フィールド・デザイン・アーキテクツ一級建築士事務所,Rendery Proプラン
"{'type': 'ContractLineItem__c', 'url': '/services/data/v67.0/sobjects/ContractLineItem__c/a03RB00001STmHZYA1'}",a03RB00001STmHZYA1,株式会社ルミネ_2026/08,001RB00001VTrYEYA1,a04RB00000kUAPBYA4,a0BRB000010uukb2AA,2026/08,2026/08,2026-08-01,2026-08-31,a0CRB0000CcXZ6Q2QW,,a00RB00002FL0DaYAL,8000,8000,True,False,1,2026-07-10T16:30:03.000+0000,2026-08-19T10:25:53.000+0000,CN-00000099,株式会社ルミネ,Activated,株式会社ルミネ,Rendery Proプラン
"{'type': 'ContractLineItem__c', 'url': '/services/data/v67.0/sobjects/ContractLineItem__c/a03RB00001STmHaYAL'}",a03RB00001STmHaYAL,株式会社安井建築設計事務所_2026/08,001RB00001VTqU8YAL,a04RB00000kUAPEYA4,a0BRB000010uukc2AA,2026/08,2026/08,2026-08-01,2026-08-31,a0CRB0000CcXZ6Q2QW,,a00RB00002FL0DZYA1,8000,8000,False,False,1,2026-07-10T16:30:03.000+0000,2026-08-19T10:25:53.000+0000,CN-00000102,株式会社安井建築設計事務所,Activated,株式会社安井建築設計事務所,Rendery Proプラン
"{'type': 'ContractLineItem__c', 'url': '/services/data/v67.0/sobjects/ContractLineItem__c/a03RB00001STmHbYAL'}",a03RB00001STmHbYAL,株式会社ジョイフル本田（Pro１アカウント）_2026/08,001RB00001VTqkQYAT,a04RB00000kUAPFYA4,a0BRB000010uukd2AA,2026/08,2026/08,2026-08-01,2026-08-31,a0CRB0000CcXZ6Q2QW,,a00RB00002FL0DcYAL,8000,8000,True,False,1,2026-07-10T16:30:03.000+0000,2026-08-19T10:25:53.000+0000,CN-00000103,株式会社ジョイフル本田（Pro１アカウント）,Activated,株式会社ジョイフル本田,Rendery Proプラン
"{'type': 'ContractLineItem__c', 'url': '/services/data/v67.0/sobjects/ContractLineItem__c/a03RB00001STmHcYAL'}",a03RB00001STmHcYAL,西日本旅客鉄道株式会社 ビジネスデザイン部　JCLaaS事業部_2026/08,001RB00001VTro2YAD,a04RB00000kUAPHYA4,a0BRB000010uuke2AA,2026/08,2026/08,2026-08-01,2026-08-31,a0CRB0000CcXZ6Q2QW,,a00RB00002FL0DbYAL,8000,8000,True,False,1,2026-07-10T16:30:03.000+0000,2026-08-19T10:25:53.000+0000,CN-00000105,西日本旅客鉄道株式会社 ビジネスデザイン部　JCLaaS事業部,Activated,西日本旅客鉄道株式会社,Rendery Proプラン
"{'type': 'ContractLineItem__c', 'url': '/services/data/v67.0/sobjects/ContractLineItem__c/a03RB00001STmHdYAL'}",a03RB00001STmHdYAL,株式会社乃村工藝社  カルチャー・コミュニケーション推進本部_2026/08,001RB00001VTCZZYA5,a04RB00000kUAPIYA4,a0BRB000010uukf2AA,2026/08,2026/08,2026-08-01,2026-08-31,a0CRB0000CcXZ6Q2QW,,,32000,32000,True,False,4,2026-07-10T16:30:03.000+0000,2026-08-06T02:03:49.000+0000,CN-00000106,株式会社乃村工藝社  カルチャー・コミュニケーション推進本部,Activated,株式会社乃村工藝社,Rendery Proプラン
"{'type': 'ContractLineItem__c', 'url': '/services/data/v67.0/sobjects/ContractLineItem__c/a03RB00001STmHeYAL'}",a03RB00001STmHeYAL,株式会社デザインアーク　東京本店　東京スペースソリューション第１営業所_2026/08,001RB00001VTruAYAT,a04RB00000kUAPKYA4,a0BRB000010uukg2AA,2026/08,2026/08,2026-08-01,2026-08-31,,,,30000,30000,False,False,2,2026-07-10T16:30:03.000+0000,2026-07-10T16:30:03.000+0000,CN-00000108,株式会社デザインアーク　東京本店　東京スペースソリューション第１営業所,Activated,株式会社デザインアーク,
"{'type': 'ContractLineItem__c', 'url': '/services/data/v67.0/sobjects/ContractLineItem__c/a03RB00001TWvoMYAT'}",a03RB00001TWvoMYAT,a03RB00001TWvoM,001RB00001VTqgHYAT,a04RB00000miHmIYAU,a0BRB000011R30j2AC,2026/07,2026/07,2026-07-01,2026-07-31,a0CRB0000CcXZ6Q2QW,a09RB000012YDkLYAW,a00RB00002B5oLJYAZ,40000,40000,True,False,5,2026-07-16T05:42:45.000+0000,2026-07-24T11:59:32.000+0000,CN-00000196,コンチネンタルホーム株式会社_2026-07-01,Activated,コンチネンタルホーム株式会社,Rendery Proプラン
"{'type': 'ContractLineItem__c', 'url': '/services/data/v67.0/sobjects/ContractLineItem__c/a03RB00001Uj0rjYAB'}",a03RB00001Uj0rjYAB,a03RB00001Uj0rj,001RB00001VTrmnYAD,a04RB00000kUAO0YAO,a0BRB00000ynb5v2AA,2026/03,2026/03,2026-03-01,2026-03-31,a0CRB0000CcXZ6b2QG,,a00RB000024Ux4eYAC,90000,90000,True,False,3,2026-07-23T06:44:37.000+0000,2026-08-19T10:25:53.000+0000,CN-00000026,戸田建設(設計部:月額),Activated,戸田建設株式会社,Rendery セキュリティオプション(SSO)_運用費用
"{'type': 'ContractLineItem__c', 'url': '/services/data/v67.0/sobjects/ContractLineItem__c/a03RB00001Uj0rkYAB'}",a03RB00001Uj0rkYAB,a03RB00001Uj0rk,001RB00001VTrmnYAD,a04RB00000kUAO0YAO,a0BRB00000ynb5v2AA,2026/03,2026/03,2026-03-01,2026-03-31,a0CRB0000CcXZ6d2QG,,a00RB000024Ux4eYAC,50000,50000,True,False,2,2026-07-23T06:44:37.000+0000,2026-08-19T10:25:53.000+0000,CN-00000026,戸田建設(設計部:月額),Activated,戸田建設株式会社,Rendery セキュリティオプション(IP制限)_運用費用
"{'type': 'ContractLineItem__c', 'url': '/services/data/v67.0/sobjects/ContractLineItem__c/a03RB00001Uj0rlYAB'}",a03RB00001Uj0rlYAB,a03RB00001Uj0rl,001RB00001VTrmnYAD,a04RB00000kUAO0YAO,a0BRB00000ynb5v2AA,2026/03,2026/03,2026-03-01,2026-03-31,a0CRB0000CcXZ6k2QG,,a00RB000024Ux4eYAC,255000,255000,True,False,3,2026-07-23T06:44:37.000+0000,2026-08-19T10:25:53.000+0000,CN-00000026,戸田建設(設計部:月額),Activated,戸田建設株式会社,[月払] knock knock AI Enterpriseプラン 500クレジット
"{'type': 'ContractLineItem__c', 'url': '/services/data/v67.0/sobjects/ContractLineItem__c/a03RB00001Uj0rrYAB'}",a03RB00001Uj0rrYAB,a03RB00001Uj0rr,001RB00001VTqbbYAD,a04RB00000kUAOFYA4,a0BRB00000ynb6A2AQ,2026/06,2026/06,2026-06-01,2026-06-30,a0CRB0000CcXZ6Q2QW,,a00RB00002Am2BjYAJ,8000,8000,True,False,1,2026-07-23T06:44:37.000+0000,2026-07-28T02:33:22.000+0000,CN-00000041,野原グループ株式会社,Activated,野原グループ株式会社,Rendery Proプラン
"{'type': 'ContractLineItem__c', 'url': '/services/data/v67.0/sobjects/ContractLineItem__c/a03RB00001Uj0rsYAB'}",a03RB00001Uj0rsYAB,a03RB00001Uj0rs,001RB00001VTqU3YAL,a04RB00000kUAO7YAO,a0BRB00000ynb622AA,2026/06,2026/06,2026-06-01,2026-06-30,a0CRB0000CcXZ6Q2QW,,a00RB00002Am2BkYAJ,8000,8000,True,False,1,2026-07-23T06:44:37.000+0000,2026-07-28T02:33:22.000+0000,CN-00000033,吉村紳　一級建築士事務所,Activated,吉村紳 一級建築士事務所,Rendery Proプラン
"{'type': 'ContractLineItem__c', 'url': '/services/data/v67.0/sobjects/ContractLineItem__c/a03RB00001Uj0rtYAB'}",a03RB00001Uj0rtYAB,a03RB00001Uj0rt,001RB00001VTCYFYA5,a04RB00000kUAO2YAO,a0BRB00000ynb5x2AA,2026/06,2026/06,2026-06-01,2026-06-30,a0CRB0000CcXZ6Q2QW,,a00RB00002Am2BlYAJ,16000,16000,True,False,2,2026-07-23T06:44:37.000+0000,2026-07-28T02:33:22.000+0000,CN-00000028,ANAスカイビルサービス株式会社　※郵送希望,Activated,ANAスカイビルサービス株式会社,Rendery Proプラン
"{'type': 'ContractLineItem__c', 'url': '/services/data/v67.0/sobjects/ContractLineItem__c/a03RB00001Uj0ruYAB'}",a03RB00001Uj0ruYAB,a03RB00001Uj0ru,001RB00001VTCYGYA5,a04RB00000kUAO1YAO,a0BRB00000ynb5w2AA,2026/06,2026/06,2026-06-01,2026-06-30,a0CRB0000CcXZ6T2QW,,a00RB00002Am2BmYAJ,55000,55000,True,False,5,2026-07-23T06:44:37.000+0000,2026-07-28T02:33:22.000+0000,CN-00000027,47内装株式会社,Activated,47内装株式会社,[OLD] Rendery Enterpriseプラン(2025年9月まで)
"{'type': 'ContractLineItem__c', 'url': '/services/data/v67.0/sobjects/ContractLineItem__c/a03RB00001Uj0rvYAB'}",a03RB00001Uj0rvYAB,a03RB00001Uj0rv,001RB00001VTqUoYAL,a04RB00000kUANwYAO,a0BRB00000ynb5r2AA,2026/06,2026/06,2026-06-01,2026-06-30,a0CRB0000CcXZ6Q2QW,,a00RB00002Am2BoYAJ,8000,8000,True,False,1,2026-07-23T06:44:37.000+0000,2026-07-28T02:33:22.000+0000,CN-00000022,株式会社TRIAD,Activated,株式会社TRIAD,Rendery Proプラン
"{'type': 'ContractLineItem__c', 'url': '/services/data/v67.0/sobjects/ContractLineItem__c/a03RB00001Uj0rwYAB'}",a03RB00001Uj0rwYAB,a03RB00001Uj0rw,001RB00001VTqlOYAT,a04RB00000kUANmYAO,a0BRB00000ynb5h2AA,2026/06,2026/06,2026-06-01,2026-06-30,a0CRB0000CcXZ6Q2QW,,a00RB00002Am2BpYAJ,8000,8000,True,False,1,2026-07-23T06:44:37.000+0000,2026-07-28T02:33:22.000+0000,CN-00000012,ムゲンエステート,Activated,株式会社ムゲンエステート,Rendery Proプラン
"{'type': 'ContractLineItem__c', 'url': '/services/data/v67.0/sobjects/ContractLineItem__c/a03RB00001Uj0rxYAB'}",a03RB00001Uj0rxYAB,a03RB00001Uj0rx,001RB00001VTrs0YAD,a04RB00000kUANgYAO,a0BRB00000ynb5b2AA,2026/06,2026/06,2026-06-01,2026-06-30,a0CRB0000CcXZ6T2QW,,a00RB000027fzNXYAY,11000,11000,True,False,1,2026-07-23T06:44:37.000+0000,2026-08-06T00:50:25.000+0000,CN-00000006,東急株式会社,Activated,東急株式会社,[OLD] Rendery Enterpriseプラン(2025年9月まで)
"{'type': 'ContractLineItem__c', 'url': '/services/data/v67.0/sobjects/ContractLineItem__c/a03RB00001Uj0ryYAB'}",a03RB00001Uj0ryYAB,a03RB00001Uj0ry,001RB00001VTrmnYAD,a04RB00000kUAO0YAO,a0BRB00000ynb5v2AA,2026/06,2026/06,2026-06-01,2026-06-30,a0CRB0000CcXZ6T2QW,,a00RB00002Am2BqYAJ,55000,55000,True,False,5,2026-07-23T06:44:37.000+0000,2026-07-28T02:33:22.000+0000,CN-00000026,戸田建設(設計部:月額),Activated,戸田建設株式会社,[OLD] Rendery Enterpriseプラン(2025年9月まで)
"{'type': 'ContractLineItem__c', 'url': '/services/data/v67.0/sobjects/ContractLineItem__c/a03RB00001Uj0s2YAB'}",a03RB00001Uj0s2YAB,a03RB00001Uj0s2,001RB00001VTqmBYAT,a04RB00000kUAORYA4,a0BRB00000ynb6M2AQ,2026/06,2026/06,2026-06-01,2026-06-30,a0CRB0000CcXZ6T2QW,,a00RB00002Am2BrYAJ,55000,55000,True,False,5,2026-07-23T06:44:37.000+0000,2026-07-28T02:33:22.000+0000,CN-00000053,JOA株式会社,Activated,JOA株式会社,[OLD] Rendery Enterpriseプラン(2025年9月まで)
"{'type': 'ContractLineItem__c', 'url': '/services/data/v67.0/sobjects/ContractLineItem__c/a03RB00001Uj0s3YAB'}",a03RB00001Uj0s3YAB,a03RB00001Uj0s3,001RB00001VTCZZYA5,a04RB00000kUAPIYA4,a0BRB00000ynn592AA,2026/06,2026/06,2026-06-01,2026-06-30,a0CRB0000CcXZ6Q2QW,,a00RB00002Am2BAYAZ,32000,32000,True,False,4,2026-07-23T06:44:37.000+0000,2026-07-28T02:33:22.000+0000,CN-00000106,株式会社乃村工藝社  カルチャー・コミュニケーション推進本部,Activated,株式会社乃村工藝社,Rendery Proプラン
"{'type': 'ContractLineItem__c', 'url': '/services/data/v67.0/sobjects/ContractLineItem__c/a03RB00001Uj0s4YAB'}",a03RB00001Uj0s4YAB,a03RB00001Uj0s4,001RB00001VTrUSYA1,a04RB00000kUAP1YAO,a0BRB00000ynb6w2AA,2026/06,2026/06,2026-06-01,2026-06-30,a0CRB0000CcXZ6Q2QW,,a00RB00002Am2BbYAJ,40000,40000,True,False,5,2026-07-23T06:44:37.000+0000,2026-07-28T02:33:22.000+0000,CN-00000089,株式会社紀伊國屋書店,Activated,株式会社紀伊國屋書店,Rendery Proプラン
"{'type': 'ContractLineItem__c', 'url': '/services/data/v67.0/sobjects/ContractLineItem__c/a03RB00001Uj0s5YAB'}",a03RB00001Uj0s5YAB,a03RB00001Uj0s5,001RB00001VTrYEYA1,a04RB00000kUAPBYA4,a0BRB00000ynb762AA,2026/06,2026/06,2026-06-01,2026-06-30,a0CRB0000CcXZ6Q2QW,,a00RB00002Am2BdYAJ,8000,8000,True,False,1,2026-07-23T06:44:37.000+0000,2026-07-28T02:33:22.000+0000,CN-00000099,株式会社ルミネ,Activated,株式会社ルミネ,Rendery Proプラン
"{'type': 'ContractLineItem__c', 'url': '/services/data/v67.0/sobjects/ContractLineItem__c/a03RB00001Uj0s6YAB'}",a03RB00001Uj0s6YAB,a03RB00001Uj0s6,001RB00001VTro2YAD,a04RB00000kUAPHYA4,a0BRB00000ynn582AA,2026/06,2026/06,2026-06-01,2026-06-30,a0CRB0000CcXZ6Q2QW,,a00RB00002Am2BeYAJ,8000,8000,True,False,1,2026-07-23T06:44:37.000+0000,2026-07-28T02:33:22.000+0000,CN-00000105,西日本旅客鉄道株式会社 ビジネスデザイン部　JCLaaS事業部,Activated,西日本旅客鉄道株式会社,Rendery Proプラン
"{'type': 'ContractLineItem__c', 'url': '/services/data/v67.0/sobjects/ContractLineItem__c/a03RB00001Uj0sHYAR'}",a03RB00001Uj0sHYAR,a03RB00001Uj0sH,001RB00001VTqkQYAT,a04RB00000kUAPFYA4,a0BRB00000ynn562AA,2026/06,2026/06,2026-06-01,2026-06-30,a0CRB0000CcXZ6Q2QW,,a00RB00002Am2BfYAJ,8000,8000,True,False,1,2026-07-23T06:44:37.000+0000,2026-07-28T02:33:22.000+0000,CN-00000103,株式会社ジョイフル本田（Pro１アカウント）,Activated,株式会社ジョイフル本田,Rendery Proプラン
"{'type': 'ContractLineItem__c', 'url': '/services/data/v67.0/sobjects/ContractLineItem__c/a03RB00001Uj0sJYAR'}",a03RB00001Uj0sJYAR,a03RB00001Uj0sJ,001RB00001VTqf7YAD,a04RB00000kUAOjYAO,a0BRB00000ynb6e2AA,2026/04,2026/04,2026-04-01,2026-04-30,a0CRB0000CcXZ6Q2QW,,a00RB00002Am2AgYAJ,16000,16000,True,False,2,2026-07-23T06:44:37.000+0000,2026-08-06T00:50:25.000+0000,CN-00000071,三菱地所レジデンス株式会社,Activated,三菱地所レジデンス株式会社,Rendery Proプラン
"{'type': 'ContractLineItem__c', 'url': '/services/data/v67.0/sobjects/ContractLineItem__c/a03RB00001UyXx3YAF'}",a03RB00001UyXx3YAF,a03RB00001UyXx3,001RB00001VTqf7YAD,a04RB00000kUAOjYAO,a0BRB00000ynb6e2AA,2026/06,2026/06,2026-06-01,2026-06-30,a0CRB0000Ck3ReH2QU,,a00RB00002B4i4HYAR,48000,48000,False,False,3,2026-07-24T08:27:43.000+0000,2026-07-28T02:33:22.000+0000,CN-00000071,三菱地所レジデンス株式会社,Activated,三菱地所レジデンス株式会社,Rendery_Enterpriseプラン
"{'type': 'ContractLineItem__c', 'url': '/services/data/v67.0/sobjects/ContractLineItem__c/a03RB00001UyZVsYAN'}",a03RB00001UyZVsYAN,a03RB00001UyZVs,001RB00001br9KgYAI,a04RB00000n5JdiYAE,a0BRB000012EChC2AW,2026/06,2026/06,2026-06-01,2026-06-30,a0CRB0000CcXZ6T2QW,,a00RB00002B4i3EYAR,11000,11000,True,False,1,2026-07-24T08:35:05.000+0000,2026-07-28T02:33:22.000+0000,CN-00000200,アイリスオーヤマ株式会社(空間デザイン部) [OLD] Rendery Enterpriseプラン(2025年9月まで) Freee自動請求契約,Activated,アイリスオーヤマ株式会社(空間デザイン部),[OLD] Rendery Enterpriseプラン(2025年9月まで)
"{'type': 'ContractLineItem__c', 'url': '/services/data/v67.0/sobjects/ContractLineItem__c/a03RB00001UyZVtYAN'}",a03RB00001UyZVtYAN,a03RB00001UyZVt,001RB00001br9KfYAI,a04RB00000n5JdjYAE,a0BRB000012EChD2AW,2026/06,2026/06,2026-06-01,2026-06-30,a0CRB0000CcXZ6T2QW,,a00RB00002B4i3FYAR,44000,44000,True,False,4,2026-07-24T08:35:05.000+0000,2026-07-28T02:33:22.000+0000,CN-00000201,アイリスオーヤマ株式会社(ストアソリューション営業部ストアデザインチーム) [OLD] Rendery Enterpriseプラン(2025年9月まで) Freee自動請求契約,Activated,アイリスオーヤマ株式会社(ストアソリューション営業部ストアデザインチーム),[OLD] Rendery Enterpriseプラン(2025年9月まで)
"{'type': 'ContractLineItem__c', 'url': '/services/data/v67.0/sobjects/ContractLineItem__c/a03RB00001UyZVuYAN'}",a03RB00001UyZVuYAN,a03RB00001UyZVu,001RB00001br9KNYAY,a04RB00000n5JdkYAE,a0BRB000012EChE2AW,2026/06,2026/06,2026-06-01,2026-06-30,a0CRB0000CcXZ6Q2QW,,a00RB00002B4i3GYAR,8000,8000,True,False,1,2026-07-24T08:35:05.000+0000,2026-07-28T02:33:22.000+0000,CN-00000202,九州旅客鉄道株式会社(博多設備区) Rendery Proプラン Freee自動請求契約,Activated,九州旅客鉄道株式会社(博多設備区),Rendery Proプラン
"{'type': 'ContractLineItem__c', 'url': '/services/data/v67.0/sobjects/ContractLineItem__c/a03RB00001UyZVvYAN'}",a03RB00001UyZVvYAN,a03RB00001UyZVv,001RB00001br9KLYAY,a04RB00000n5JdlYAE,a0BRB000012EChF2AW,2026/06,2026/06,2026-06-01,2026-06-30,a0CRB0000CcXZ6Q2QW,,a00RB00002B4i3HYAR,8000,8000,True,False,1,2026-07-24T08:35:05.000+0000,2026-07-28T02:33:22.000+0000,CN-00000203,九州旅客鉄道株式会社(建設工事部施設課) Rendery Proプラン Freee自動請求契約,Activated,九州旅客鉄道株式会社(建設工事部施設課),Rendery Proプラン
"{'type': 'ContractLineItem__c', 'url': '/services/data/v67.0/sobjects/ContractLineItem__c/a03RB00001UyZVwYAN'}",a03RB00001UyZVwYAN,a03RB00001UyZVw,001RB00001br9KMYAY,a04RB00000n5JdmYAE,a0BRB000012EChG2AW,2026/06,2026/06,2026-06-01,2026-06-30,a0CRB0000CcXZ6T2QW,,a00RB00002B2ejcYAB,44000,44000,True,False,4,2026-07-24T08:35:05.000+0000,2026-07-28T02:33:22.000+0000,CN-00000204,東急リゾーツ＆ステイ株式会社 [OLD] Rendery Enterpriseプラン(2025年9月まで) Freee自動請求契約,Activated,東急リゾーツ＆ステイ株式会社,[OLD] Rendery Enterpriseプラン(2025年9月まで)
"{'type': 'ContractLineItem__c', 'url': '/services/data/v67.0/sobjects/ContractLineItem__c/a03RB00001UyZVxYAN'}",a03RB00001UyZVxYAN,a03RB00001UyZVx,001RB00001br9KQYAY,a04RB00000n5JdnYAE,a0BRB000012EChH2AW,2026/06,2026/06,2026-06-01,2026-06-30,a0CRB0000CcXZ6Q2QW,,a00RB00002B4i3IYAR,8000,8000,True,False,1,2026-07-24T08:35:05.000+0000,2026-07-28T02:33:22.000+0000,CN-00000205,九州旅客鉄道株式会社(開発工事部) Rendery Proプラン Freee自動請求契約,Activated,九州旅客鉄道株式会社(開発工事部),Rendery Proプラン
"{'type': 'ContractLineItem__c', 'url': '/services/data/v67.0/sobjects/ContractLineItem__c/a03RB00001UyZVyYAN'}",a03RB00001UyZVyYAN,a03RB00001UyZVy,001RB00001br9KOYAY,a04RB00000n5JdoYAE,a0BRB000012EChI2AW,2026/06,2026/06,2026-06-01,2026-06-30,a0CRB0000CcXZ6Q2QW,,a00RB00002B4i3JYAR,8000,8000,True,False,1,2026-07-24T08:35:05.000+0000,2026-07-28T02:33:22.000+0000,CN-00000206,株式会社ＬＩＸＩＬ住宅研究所 Rendery Proプラン Freee自動請求契約,Activated,株式会社ＬＩＸＩＬ住宅研究所,Rendery Proプラン
"{'type': 'ContractLineItem__c', 'url': '/services/data/v67.0/sobjects/ContractLineItem__c/a03RB00001UyZVzYAN'}",a03RB00001UyZVzYAN,a03RB00001UyZVz,001RB00001VTrvcYAD,a04RB00000n5JdpYAE,a0BRB000012EChJ2AW,2026/06,2026/06,2026-06-01,2026-06-30,a0CRB0000CcXZ6a2QG,,a00RB00002B4i3KYAR,100000,100000,False,False,1,2026-07-24T08:35:05.000+0000,2026-07-28T02:33:22.000+0000,CN-00000207,近鉄不動産株式会社 Rendery Enterpriseプラン Freee自動請求契約,Activated,近鉄不動産株式会社,Rendery セキュリティオプション(SSO)_初期費用
"{'type': 'ContractLineItem__c', 'url': '/services/data/v67.0/sobjects/ContractLineItem__c/a03RB00001UyZW0YAN'}",a03RB00001UyZW0YAN,a03RB00001UyZW0,001RB00001VTrvcYAD,a04RB00000n5JdpYAE,a0BRB000012EChJ2AW,2026/06,2026/06,2026-06-01,2026-06-30,a0CRB0000CcXZ6V2QW,,a00RB00002B4i3KYAR,195000,195000,True,False,13,2026-07-24T08:35:05.000+0000,2026-07-28T02:33:22.000+0000,CN-00000207,近鉄不動産株式会社 Rendery Enterpriseプラン Freee自動請求契約,Activated,近鉄不動産株式会社,Rendery Enterpriseプラン
"{'type': 'ContractLineItem__c', 'url': '/services/data/v67.0/sobjects/ContractLineItem__c/a03RB00001UyZW4YAN'}",a03RB00001UyZW4YAN,a03RB00001UyZW4,001RB00001br9KSYAY,a04RB00000n5JdtYAE,a0BRB000012EChN2AW,2026/06,2026/06,2026-06-01,2026-06-30,a0CRB0000CcXZ6Q2QW,,a00RB00002B4i3NYAR,8000,8000,True,False,1,2026-07-24T08:35:05.000+0000,2026-07-28T02:33:22.000+0000,CN-00000211,株式会社JR東日本建築設計 Rendery Proプラン Freee自動請求契約,Activated,株式会社JR東日本建築設計,Rendery Proプラン
"{'type': 'ContractLineItem__c', 'url': '/services/data/v67.0/sobjects/ContractLineItem__c/a03RB00001UyZW5YAN'}",a03RB00001UyZW5YAN,a03RB00001UyZW5,001RB00001br9KdYAI,a04RB00000n5JduYAE,a0BRB000012EChO2AW,2026/06,2026/06,2026-06-01,2026-06-30,a0CRB0000CcXZ6Q2QW,,a00RB00002B4i3OYAR,16000,16000,True,False,2,2026-07-24T08:35:05.000+0000,2026-07-28T02:33:22.000+0000,CN-00000212,三菱地所株式会社(DX推進部) Rendery Proプラン Freee自動請求契約,Activated,三菱地所株式会社(DX推進部),Rendery Proプラン
"{'type': 'ContractLineItem__c', 'url': '/services/data/v67.0/sobjects/ContractLineItem__c/a03RB00001UyZW6YAN'}",a03RB00001UyZW6YAN,a03RB00001UyZW6,001RB00001VTCYEYA5,a04RB00000n5JdvYAE,a0BRB000012EChP2AW,2026/06,2026/06,2026-06-01,2026-06-30,a0CRB0000CcXZ6b2QG,,a00RB00002B4i3PYAR,30000,30000,True,False,1,2026-07-24T08:35:05.000+0000,2026-07-28T02:33:22.000+0000,CN-00000213,野村不動産株式会社 Rendery Enterpriseプラン Freee自動請求契約,Activated,野村不動産株式会社,Rendery セキュリティオプション(SSO)_運用費用
"{'type': 'ContractLineItem__c', 'url': '/services/data/v67.0/sobjects/ContractLineItem__c/a03RB00001UyZW7YAN'}",a03RB00001UyZW7YAN,a03RB00001UyZW7,001RB00001VTCYEYA5,a04RB00000n5JdvYAE,a0BRB000012EChP2AW,2026/06,2026/06,2026-06-01,2026-06-30,a0CRB0000CcXZ6V2QW,,a00RB00002B4i3PYAR,150000,150000,True,False,10,2026-07-24T08:35:05.000+0000,2026-07-28T02:33:22.000+0000,CN-00000213,野村不動産株式会社 Rendery Enterpriseプラン Freee自動請求契約,Activated,野村不動産株式会社,Rendery Enterpriseプラン
"{'type': 'ContractLineItem__c', 'url': '/services/data/v67.0/sobjects/ContractLineItem__c/a03RB00001UyZW8YAN'}",a03RB00001UyZW8YAN,a03RB00001UyZW8,001RB00001br9KYYAY,a04RB00000n5JdwYAE,a0BRB000012EChQ2AW,2026/06,2026/06,2026-06-01,2026-06-30,a0CRB0000CcXZ6V2QW,,a00RB00002B4i3QYAR,30000,30000,True,False,2,2026-07-24T08:35:05.000+0000,2026-07-28T02:33:22.000+0000,CN-00000214,株式会社デザインアーク（東京スペースソリューション第１営業所） Rendery Enterpriseプラン Freee自動請求契約,Activated,株式会社デザインアーク（東京スペースソリューション第１営業所）,Rendery Enterpriseプラン
"{'type': 'ContractLineItem__c', 'url': '/services/data/v67.0/sobjects/ContractLineItem__c/a03RB00001UyZW9YAN'}",a03RB00001UyZW9YAN,a03RB00001UyZW9,001RB00001br9KIYAY,a04RB00000n5JdxYAE,a0BRB000012EChR2AW,2026/06,2026/06,2026-06-01,2026-06-30,a0CRB0000CcXZ6Q2QW,,a00RB00002B4i3RYAR,8000,8000,True,False,1,2026-07-24T08:35:05.000+0000,2026-07-28T02:33:22.000+0000,CN-00000215,合同会社小島屋 Rendery Proプラン Freee自動請求契約,Activated,合同会社小島屋,Rendery Proプラン
"{'type': 'ContractLineItem__c', 'url': '/services/data/v67.0/sobjects/ContractLineItem__c/a03RB00001UyZWAYA3'}",a03RB00001UyZWAYA3,a03RB00001UyZWA,001RB00001br9KcYAI,a04RB00000n5JdyYAE,a0BRB000012EChS2AW,2026/06,2026/06,2026-06-01,2026-06-30,a0CRB0000CcXZ6V2QW,,a00RB00002B4i3SYAR,150000,150000,True,False,10,2026-07-24T08:35:05.000+0000,2026-07-28T02:33:22.000+0000,CN-00000216,株式会社コスモスイニシア（流通事業部） Rendery Enterpriseプラン Freee自動請求契約,Activated,株式会社コスモスイニシア（流通事業部）,Rendery Enterpriseプラン
"{'type': 'ContractLineItem__c', 'url': '/services/data/v67.0/sobjects/ContractLineItem__c/a03RB00001UyZWBYA3'}",a03RB00001UyZWBYA3,a03RB00001UyZWB,001RB00001br9KeYAI,a04RB00000n5JdzYAE,a0BRB000012EChT2AW,2026/03,2026/03,2026-03-01,2026-03-31,a0CRB0000CcXZ6V2QW,,a00RB00002B4i3UYAR,75000,75000,True,False,5,2026-07-24T08:35:05.000+0000,2026-07-28T02:33:22.000+0000,CN-00000217,柏井建設株式会社 Rendery Enterpriseプラン Freee自動請求契約,Activated,柏井建設株式会社,Rendery Enterpriseプラン
"{'type': 'ContractLineItem__c', 'url': '/services/data/v67.0/sobjects/ContractLineItem__c/a03RB00001UyZWEYA3'}",a03RB00001UyZWEYA3,a03RB00001UyZWE,001RB00001br9KSYAY,a04RB00000n5JdtYAE,a0BRB000012EChW2AW,2026/03,2026/03,2026-03-01,2026-03-31,a0CRB0000CcXZ6Q2QW,,a00RB00002B4i3XYAR,8000,8000,True,False,1,2026-07-24T08:35:05.000+0000,2026-07-28T02:33:22.000+0000,CN-00000211,株式会社JR東日本建築設計 Rendery Proプラン Freee自動請求契約,Activated,株式会社JR東日本建築設計,Rendery Proプラン
"{'type': 'ContractLineItem__c', 'url': '/services/data/v67.0/sobjects/ContractLineItem__c/a03RB00001UyZWFYA3'}",a03RB00001UyZWFYA3,a03RB00001UyZWF,001RB00001br9KgYAI,a04RB00000n5JdiYAE,a0BRB000012EChX2AW,2026/03,2026/03,2026-03-01,2026-03-31,a0CRB0000CcXZ6T2QW,,a00RB00002B4i3YYAR,11000,11000,True,False,1,2026-07-24T08:35:05.000+0000,2026-07-28T02:33:22.000+0000,CN-00000200,アイリスオーヤマ株式会社(空間デザイン部) [OLD] Rendery Enterpriseプラン(2025年9月まで) Freee自動請求契約,Activated,アイリスオーヤマ株式会社(空間デザイン部),[OLD] Rendery Enterpriseプラン(2025年9月まで)
"{'type': 'ContractLineItem__c', 'url': '/services/data/v67.0/sobjects/ContractLineItem__c/a03RB00001UyZWGYA3'}",a03RB00001UyZWGYA3,a03RB00001UyZWG,001RB00001br9KfYAI,a04RB00000n5JdjYAE,a0BRB000012EChY2AW,2026/03,2026/03,2026-03-01,2026-03-31,a0CRB0000CcXZ6T2QW,,a00RB00002B4i3ZYAR,44000,44000,True,False,4,2026-07-24T08:35:05.000+0000,2026-07-28T02:33:22.000+0000,CN-00000201,アイリスオーヤマ株式会社(ストアソリューション営業部ストアデザインチーム) [OLD] Rendery Enterpriseプラン(2025年9月まで) Freee自動請求契約,Activated,アイリスオーヤマ株式会社(ストアソリューション営業部ストアデザインチーム),[OLD] Rendery Enterpriseプラン(2025年9月まで)
"{'type': 'ContractLineItem__c', 'url': '/services/data/v67.0/sobjects/ContractLineItem__c/a03RB00001UyZWHYA3'}",a03RB00001UyZWHYA3,a03RB00001UyZWH,001RB00001br9KNYAY,a04RB00000n5JdkYAE,a0BRB000012EChZ2AW,2026/03,2026/03,2026-03-01,2026-03-31,a0CRB0000CcXZ6Q2QW,,a00RB00002B4i3aYAB,8000,8000,True,False,1,2026-07-24T08:35:05.000+0000,2026-07-28T02:33:22.000+0000,CN-00000202,九州旅客鉄道株式会社(博多設備区) Rendery Proプラン Freee自動請求契約,Activated,九州旅客鉄道株式会社(博多設備区),Rendery Proプラン
"{'type': 'ContractLineItem__c', 'url': '/services/data/v67.0/sobjects/ContractLineItem__c/a03RB00001UyZWIYA3'}",a03RB00001UyZWIYA3,a03RB00001UyZWI,001RB00001VTqkQYAT,a04RB00000n5Je1YAE,a0BRB000012ECha2AG,2026/03,2026/03,2026-03-01,2026-03-31,a0CRB0000CcXZ6T2QW,,a00RB00002B4i3bYAB,55000,55000,True,False,5,2026-07-24T08:35:05.000+0000,2026-07-28T02:33:22.000+0000,CN-00000219,株式会社ジョイフル本田 [OLD] Rendery Enterpriseプラン(2025年9月まで) Freee自動請求契約,Activated,株式会社ジョイフル本田,[OLD] Rendery Enterpriseプラン(2025年9月まで)
"{'type': 'ContractLineItem__c', 'url': '/services/data/v67.0/sobjects/ContractLineItem__c/a03RB00001UyZWJYA3'}",a03RB00001UyZWJYA3,a03RB00001UyZWJ,001RB00001VTCYwYAP,a04RB00000n5Je2YAE,a0BRB000012EChb2AG,2026/04,2026/04,2026-04-01,2026-04-30,a0CRB0000CcXZ6Q2QW,,a00RB00002B4i3cYAB,8000,8000,True,False,1,2026-07-24T08:35:05.000+0000,2026-07-28T02:33:22.000+0000,CN-00000220,インフィニティ株式会社 Rendery Proプラン Freee自動請求契約,Activated,インフィニティ株式会社,Rendery Proプラン
"{'type': 'ContractLineItem__c', 'url': '/services/data/v67.0/sobjects/ContractLineItem__c/a03RB00001UyZWKYA3'}",a03RB00001UyZWKYA3,a03RB00001UyZWK,001RB00001br9KQYAY,a04RB00000n5JdnYAE,a0BRB000012EChc2AG,2026/04,2026/04,2026-04-01,2026-04-30,a0CRB0000CcXZ6Q2QW,,a00RB00002B4i3dYAB,8000,8000,True,False,1,2026-07-24T08:35:05.000+0000,2026-07-28T02:33:22.000+0000,CN-00000205,九州旅客鉄道株式会社(開発工事部) Rendery Proプラン Freee自動請求契約,Activated,九州旅客鉄道株式会社(開発工事部),Rendery Proプラン
"{'type': 'ContractLineItem__c', 'url': '/services/data/v67.0/sobjects/ContractLineItem__c/a03RB00001UyZWLYA3'}",a03RB00001UyZWLYA3,a03RB00001UyZWL,001RB00001br9KOYAY,a04RB00000n5JdoYAE,a0BRB000012EChd2AG,2026/04,2026/04,2026-04-01,2026-04-30,a0CRB0000CcXZ6Q2QW,,a00RB00002B4i3eYAB,8000,8000,True,False,1,2026-07-24T08:35:05.000+0000,2026-07-28T02:33:22.000+0000,CN-00000206,株式会社ＬＩＸＩＬ住宅研究所 Rendery Proプラン Freee自動請求契約,Activated,株式会社ＬＩＸＩＬ住宅研究所,Rendery Proプラン
"{'type': 'ContractLineItem__c', 'url': '/services/data/v67.0/sobjects/ContractLineItem__c/a03RB00001UyZWMYA3'}",a03RB00001UyZWMYA3,a03RB00001UyZWM,001RB00001VcyFPYAZ,a04RB00000n5Je3YAE,a0BRB000012EChe2AG,2026/04,2026/04,2026-04-01,2026-04-30,a0CRB0000CcXZ6Q2QW,,a00RB00002B4i3fYAB,48000,48000,True,False,6,2026-07-24T08:35:05.000+0000,2026-07-28T02:33:22.000+0000,CN-00000221,帝国不動産株式会社 Rendery Proプラン Freee自動請求契約,Activated,帝国不動産株式会社,Rendery Proプラン
"{'type': 'ContractLineItem__c', 'url': '/services/data/v67.0/sobjects/ContractLineItem__c/a03RB00001UyZWNYA3'}",a03RB00001UyZWNYA3,a03RB00001UyZWN,001RB00001br9KdYAI,a04RB00000n5JduYAE,a0BRB000012EChf2AG,2026/04,2026/04,2026-04-01,2026-04-30,a0CRB0000CcXZ6Q2QW,,a00RB00002B4i3gYAB,16000,16000,True,False,2,2026-07-24T08:35:05.000+0000,2026-07-28T02:33:22.000+0000,CN-00000212,三菱地所株式会社(DX推進部) Rendery Proプラン Freee自動請求契約,Activated,三菱地所株式会社(DX推進部),Rendery Proプラン
"{'type': 'ContractLineItem__c', 'url': '/services/data/v67.0/sobjects/ContractLineItem__c/a03RB00001UyZWOYA3'}",a03RB00001UyZWOYA3,a03RB00001UyZWO,001RB00001VTCYEYA5,a04RB00000n5JdvYAE,a0BRB000012EChg2AG,2026/04,2026/04,2026-04-01,2026-04-30,a0CRB0000CcXZ6b2QG,,a00RB00002B4i3hYAB,30000,30000,True,False,1,2026-07-24T08:35:05.000+0000,2026-07-28T02:33:22.000+0000,CN-00000213,野村不動産株式会社 Rendery Enterpriseプラン Freee自動請求契約,Activated,野村不動産株式会社,Rendery セキュリティオプション(SSO)_運用費用
"{'type': 'ContractLineItem__c', 'url': '/services/data/v67.0/sobjects/ContractLineItem__c/a03RB00001UyZWPYA3'}",a03RB00001UyZWPYA3,a03RB00001UyZWP,001RB00001VTCYEYA5,a04RB00000n5JdvYAE,a0BRB000012EChg2AG,2026/04,2026/04,2026-04-01,2026-04-30,a0CRB0000CcXZ6V2QW,,a00RB00002B4i3hYAB,150000,150000,True,False,10,2026-07-24T08:35:05.000+0000,2026-07-28T02:33:22.000+0000,CN-00000213,野村不動産株式会社 Rendery Enterpriseプラン Freee自動請求契約,Activated,野村不動産株式会社,Rendery Enterpriseプラン
"{'type': 'ContractLineItem__c', 'url': '/services/data/v67.0/sobjects/ContractLineItem__c/a03RB00001UyZWQYA3'}",a03RB00001UyZWQYA3,a03RB00001UyZWQ,001RB00001VTqlZYAT,a04RB00000n5Je4YAE,a0BRB000012EChh2AG,2026/04,2026/04,2026-04-01,2026-04-30,a0CRB0000CcXZ6T2QW,,a00RB00002B4i3iYAB,77000,77000,True,False,7,2026-07-24T08:35:05.000+0000,2026-07-28T02:33:22.000+0000,CN-00000222,アイリスチトセ株式会社 [OLD] Rendery Enterpriseプラン(2025年9月まで) Freee自動請求契約,Activated,アイリスチトセ株式会社,[OLD] Rendery Enterpriseプラン(2025年9月まで)
"{'type': 'ContractLineItem__c', 'url': '/services/data/v67.0/sobjects/ContractLineItem__c/a03RB00001UyZWVYA3'}",a03RB00001UyZWVYA3,a03RB00001UyZWV,001RB00001br9KSYAY,a04RB00000n5JdtYAE,a0BRB000012EChm2AG,2026/05,2026/05,2026-05-01,2026-05-31,a0CRB0000CcXZ6Q2QW,,a00RB00002B4i3nYAB,8000,8000,True,False,1,2026-07-24T08:35:05.000+0000,2026-07-28T02:33:22.000+0000,CN-00000211,株式会社JR東日本建築設計 Rendery Proプラン Freee自動請求契約,Activated,株式会社JR東日本建築設計,Rendery Proプラン
"{'type': 'ContractLineItem__c', 'url': '/services/data/v67.0/sobjects/ContractLineItem__c/a03RB00001UyZWWYA3'}",a03RB00001UyZWWYA3,a03RB00001UyZWW,001RB00001br9KgYAI,a04RB00000n5JdiYAE,a0BRB000012EChn2AG,2026/05,2026/05,2026-05-01,2026-05-31,a0CRB0000CcXZ6T2QW,,a00RB00002B4i3oYAB,11000,11000,True,False,1,2026-07-24T08:35:05.000+0000,2026-07-28T02:33:22.000+0000,CN-00000200,アイリスオーヤマ株式会社(空間デザイン部) [OLD] Rendery Enterpriseプラン(2025年9月まで) Freee自動請求契約,Activated,アイリスオーヤマ株式会社(空間デザイン部),[OLD] Rendery Enterpriseプラン(2025年9月まで)
"{'type': 'ContractLineItem__c', 'url': '/services/data/v67.0/sobjects/ContractLineItem__c/a03RB00001UyZWXYA3'}",a03RB00001UyZWXYA3,a03RB00001UyZWX,001RB00001br9KfYAI,a04RB00000n5JdjYAE,a0BRB000012ECho2AG,2026/05,2026/05,2026-05-01,2026-05-31,a0CRB0000CcXZ6T2QW,,a00RB00002B4i3pYAB,44000,44000,True,False,4,2026-07-24T08:35:05.000+0000,2026-07-28T02:33:22.000+0000,CN-00000201,アイリスオーヤマ株式会社(ストアソリューション営業部ストアデザインチーム) [OLD] Rendery Enterpriseプラン(2025年9月まで) Freee自動請求契約,Activated,アイリスオーヤマ株式会社(ストアソリューション営業部ストアデザインチーム),[OLD] Rendery Enterpriseプラン(2025年9月まで)
"{'type': 'ContractLineItem__c', 'url': '/services/data/v67.0/sobjects/ContractLineItem__c/a03RB00001UyZWYYA3'}",a03RB00001UyZWYYA3,a03RB00001UyZWY,001RB00001br9KNYAY,a04RB00000n5JdkYAE,a0BRB000012EChp2AG,2026/05,2026/05,2026-05-01,2026-05-31,a0CRB0000CcXZ6Q2QW,,a00RB00002B4i3qYAB,8000,8000,True,False,1,2026-07-24T08:35:05.000+0000,2026-07-28T02:33:22.000+0000,CN-00000202,九州旅客鉄道株式会社(博多設備区) Rendery Proプラン Freee自動請求契約,Activated,九州旅客鉄道株式会社(博多設備区),Rendery Proプラン
"{'type': 'ContractLineItem__c', 'url': '/services/data/v67.0/sobjects/ContractLineItem__c/a03RB00001UyZWZYA3'}",a03RB00001UyZWZYA3,a03RB00001UyZWZ,001RB00001VTqkQYAT,a04RB00000n5Je1YAE,a0BRB000012EChq2AG,2026/05,2026/05,2026-05-01,2026-05-31,a0CRB0000CcXZ6T2QW,,a00RB00002B4i3rYAB,55000,55000,True,False,5,2026-07-24T08:35:05.000+0000,2026-07-28T02:33:22.000+0000,CN-00000219,株式会社ジョイフル本田 [OLD] Rendery Enterpriseプラン(2025年9月まで) Freee自動請求契約,Activated,株式会社ジョイフル本田,[OLD] Rendery Enterpriseプラン(2025年9月まで)
"{'type': 'ContractLineItem__c', 'url': '/services/data/v67.0/sobjects/ContractLineItem__c/a03RB00001UyZWaYAN'}",a03RB00001UyZWaYAN,a03RB00001UyZWa,001RB00001br9KLYAY,a04RB00000n5JdlYAE,a0BRB000012EChr2AG,2026/05,2026/05,2026-05-01,2026-05-31,a0CRB0000CcXZ6Q2QW,,a00RB00002B4i3sYAB,8000,8000,True,False,1,2026-07-24T08:35:05.000+0000,2026-07-28T02:33:22.000+0000,CN-00000203,九州旅客鉄道株式会社(建設工事部施設課) Rendery Proプラン Freee自動請求契約,Activated,九州旅客鉄道株式会社(建設工事部施設課),Rendery Proプラン
"{'type': 'ContractLineItem__c', 'url': '/services/data/v67.0/sobjects/ContractLineItem__c/a03RB00001UyZWbYAN'}",a03RB00001UyZWbYAN,a03RB00001UyZWb,001RB00001VTCYwYAP,a04RB00000n5Je2YAE,a0BRB000012EChs2AG,2026/05,2026/05,2026-05-01,2026-05-31,a0CRB0000CcXZ6Q2QW,,a00RB00002B4i3tYAB,8000,8000,True,False,1,2026-07-24T08:35:05.000+0000,2026-07-28T02:33:22.000+0000,CN-00000220,インフィニティ株式会社 Rendery Proプラン Freee自動請求契約,Activated,インフィニティ株式会社,Rendery Proプラン
"{'type': 'ContractLineItem__c', 'url': '/services/data/v67.0/sobjects/ContractLineItem__c/a03RB00001UyZWcYAN'}",a03RB00001UyZWcYAN,a03RB00001UyZWc,001RB00001br9KQYAY,a04RB00000n5JdnYAE,a0BRB000012ECht2AG,2026/05,2026/05,2026-05-01,2026-05-31,a0CRB0000CcXZ6Q2QW,,a00RB00002B4i3uYAB,8000,8000,True,False,1,2026-07-24T08:35:05.000+0000,2026-07-28T02:33:22.000+0000,CN-00000205,九州旅客鉄道株式会社(開発工事部) Rendery Proプラン Freee自動請求契約,Activated,九州旅客鉄道株式会社(開発工事部),Rendery Proプラン
"{'type': 'ContractLineItem__c', 'url': '/services/data/v67.0/sobjects/ContractLineItem__c/a03RB00001UyZWdYAN'}",a03RB00001UyZWdYAN,a03RB00001UyZWd,001RB00001br9KOYAY,a04RB00000n5JdoYAE,a0BRB000012EChu2AG,2026/05,2026/05,2026-05-01,2026-05-31,a0CRB0000CcXZ6Q2QW,,a00RB00002B4i3vYAB,8000,8000,True,False,1,2026-07-24T08:35:05.000+0000,2026-07-28T02:33:22.000+0000,CN-00000206,株式会社ＬＩＸＩＬ住宅研究所 Rendery Proプラン Freee自動請求契約,Activated,株式会社ＬＩＸＩＬ住宅研究所,Rendery Proプラン
"{'type': 'ContractLineItem__c', 'url': '/services/data/v67.0/sobjects/ContractLineItem__c/a03RB00001UyZWeYAN'}",a03RB00001UyZWeYAN,a03RB00001UyZWe,001RB00001VcyFPYAZ,a04RB00000n5Je3YAE,a0BRB000012EChv2AG,2026/05,2026/05,2026-05-01,2026-05-31,a0CRB0000CcXZ6Q2QW,,a00RB00002B4i3wYAB,48000,48000,True,False,6,2026-07-24T08:35:05.000+0000,2026-07-28T02:33:22.000+0000,CN-00000221,帝国不動産株式会社 Rendery Proプラン Freee自動請求契約,Activated,帝国不動産株式会社,Rendery Proプラン
"{'type': 'ContractLineItem__c', 'url': '/services/data/v67.0/sobjects/ContractLineItem__c/a03RB00001UyZWfYAN'}",a03RB00001UyZWfYAN,a03RB00001UyZWf,001RB00001br9KdYAI,a04RB00000n5JduYAE,a0BRB000012EChw2AG,2026/05,2026/05,2026-05-01,2026-05-31,a0CRB0000CcXZ6Q2QW,,a00RB00002B4i3xYAB,16000,16000,True,False,2,2026-07-24T08:35:05.000+0000,2026-07-28T02:33:22.000+0000,CN-00000212,三菱地所株式会社(DX推進部) Rendery Proプラン Freee自動請求契約,Activated,三菱地所株式会社(DX推進部),Rendery Proプラン
"{'type': 'ContractLineItem__c', 'url': '/services/data/v67.0/sobjects/ContractLineItem__c/a03RB00001UyZWgYAN'}",a03RB00001UyZWgYAN,a03RB00001UyZWg,001RB00001VTCYEYA5,a04RB00000n5JdvYAE,a0BRB000012EChx2AG,2026/05,2026/05,2026-05-01,2026-05-31,a0CRB0000CcXZ6b2QG,,a00RB00002B4i3yYAB,30000,30000,True,False,1,2026-07-24T08:35:05.000+0000,2026-07-28T02:33:22.000+0000,CN-00000213,野村不動産株式会社 Rendery Enterpriseプラン Freee自動請求契約,Activated,野村不動産株式会社,Rendery セキュリティオプション(SSO)_運用費用
"{'type': 'ContractLineItem__c', 'url': '/services/data/v67.0/sobjects/ContractLineItem__c/a03RB00001UyZWhYAN'}",a03RB00001UyZWhYAN,a03RB00001UyZWh,001RB00001VTCYEYA5,a04RB00000n5JdvYAE,a0BRB000012EChx2AG,2026/05,2026/05,2026-05-01,2026-05-31,a0CRB0000CcXZ6V2QW,,a00RB00002B4i3yYAB,150000,150000,True,False,10,2026-07-24T08:35:05.000+0000,2026-07-28T02:33:22.000+0000,CN-00000213,野村不動産株式会社 Rendery Enterpriseプラン Freee自動請求契約,Activated,野村不動産株式会社,Rendery Enterpriseプラン
"{'type': 'ContractLineItem__c', 'url': '/services/data/v67.0/sobjects/ContractLineItem__c/a03RB00001UyZWiYAN'}",a03RB00001UyZWiYAN,a03RB00001UyZWi,001RB00001br9KSYAY,a04RB00000n5JdtYAE,a0BRB000012EChy2AG,2026/04,2026/04,2026-04-01,2026-04-30,a0CRB0000CcXZ6Q2QW,,a00RB00002B4i3zYAB,8000,8000,True,False,1,2026-07-24T08:35:05.000+0000,2026-07-28T02:33:22.000+0000,CN-00000211,株式会社JR東日本建築設計 Rendery Proプラン Freee自動請求契約,Activated,株式会社JR東日本建築設計,Rendery Proプラン
"{'type': 'ContractLineItem__c', 'url': '/services/data/v67.0/sobjects/ContractLineItem__c/a03RB00001UyZWjYAN'}",a03RB00001UyZWjYAN,a03RB00001UyZWj,001RB00001br9KgYAI,a04RB00000n5JdiYAE,a0BRB000012EChz2AG,2026/04,2026/04,2026-04-01,2026-04-30,a0CRB0000CcXZ6T2QW,,a00RB00002B4i40YAB,11000,11000,True,False,1,2026-07-24T08:35:05.000+0000,2026-07-28T02:33:22.000+0000,CN-00000200,アイリスオーヤマ株式会社(空間デザイン部) [OLD] Rendery Enterpriseプラン(2025年9月まで) Freee自動請求契約,Activated,アイリスオーヤマ株式会社(空間デザイン部),[OLD] Rendery Enterpriseプラン(2025年9月まで)
"{'type': 'ContractLineItem__c', 'url': '/services/data/v67.0/sobjects/ContractLineItem__c/a03RB00001UyZWkYAN'}",a03RB00001UyZWkYAN,a03RB00001UyZWk,001RB00001br9KfYAI,a04RB00000n5JdjYAE,a0BRB000012ECi02AG,2026/04,2026/04,2026-04-01,2026-04-30,a0CRB0000CcXZ6T2QW,,a00RB00002B4i41YAB,44000,44000,True,False,4,2026-07-24T08:35:05.000+0000,2026-07-28T02:33:22.000+0000,CN-00000201,アイリスオーヤマ株式会社(ストアソリューション営業部ストアデザインチーム) [OLD] Rendery Enterpriseプラン(2025年9月まで) Freee自動請求契約,Activated,アイリスオーヤマ株式会社(ストアソリューション営業部ストアデザインチーム),[OLD] Rendery Enterpriseプラン(2025年9月まで)
"{'type': 'ContractLineItem__c', 'url': '/services/data/v67.0/sobjects/ContractLineItem__c/a03RB00001UyZWlYAN'}",a03RB00001UyZWlYAN,a03RB00001UyZWl,001RB00001br9KNYAY,a04RB00000n5JdkYAE,a0BRB000012ECi12AG,2026/04,2026/04,2026-04-01,2026-04-30,a0CRB0000CcXZ6Q2QW,,a00RB00002B4i42YAB,8000,8000,True,False,1,2026-07-24T08:35:05.000+0000,2026-07-28T02:33:22.000+0000,CN-00000202,九州旅客鉄道株式会社(博多設備区) Rendery Proプラン Freee自動請求契約,Activated,九州旅客鉄道株式会社(博多設備区),Rendery Proプラン
"{'type': 'ContractLineItem__c', 'url': '/services/data/v67.0/sobjects/ContractLineItem__c/a03RB00001UyZWmYAN'}",a03RB00001UyZWmYAN,a03RB00001UyZWm,001RB00001VTqkQYAT,a04RB00000n5Je1YAE,a0BRB000012ECi22AG,2026/04,2026/04,2026-04-01,2026-04-30,a0CRB0000CcXZ6T2QW,,a00RB00002B4i43YAB,55000,55000,True,False,5,2026-07-24T08:35:05.000+0000,2026-07-28T02:33:22.000+0000,CN-00000219,株式会社ジョイフル本田 [OLD] Rendery Enterpriseプラン(2025年9月まで) Freee自動請求契約,Activated,株式会社ジョイフル本田,[OLD] Rendery Enterpriseプラン(2025年9月まで)
"{'type': 'ContractLineItem__c', 'url': '/services/data/v67.0/sobjects/ContractLineItem__c/a03RB00001UyZWnYAN'}",a03RB00001UyZWnYAN,a03RB00001UyZWn,001RB00001br9KLYAY,a04RB00000n5JdlYAE,a0BRB000012ECi32AG,2026/04,2026/04,2026-04-01,2026-04-30,a0CRB0000CcXZ6Q2QW,,a00RB00002B4i44YAB,8000,8000,True,False,1,2026-07-24T08:35:05.000+0000,2026-07-28T02:33:22.000+0000,CN-00000203,九州旅客鉄道株式会社(建設工事部施設課) Rendery Proプラン Freee自動請求契約,Activated,九州旅客鉄道株式会社(建設工事部施設課),Rendery Proプラン
"{'type': 'ContractLineItem__c', 'url': '/services/data/v67.0/sobjects/ContractLineItem__c/a03RB00001UyZWoYAN'}",a03RB00001UyZWoYAN,a03RB00001UyZWo,001RB00001br9KLYAY,a04RB00000n5JdlYAE,a0BRB000012ECi42AG,2026/03,2026/03,2026-03-01,2026-03-31,a0CRB0000CcXZ6Q2QW,,a00RB00002B4i45YAB,8000,8000,True,False,1,2026-07-24T08:35:05.000+0000,2026-07-28T02:33:22.000+0000,CN-00000203,九州旅客鉄道株式会社(建設工事部施設課) Rendery Proプラン Freee自動請求契約,Activated,九州旅客鉄道株式会社(建設工事部施設課),Rendery Proプラン
"{'type': 'ContractLineItem__c', 'url': '/services/data/v67.0/sobjects/ContractLineItem__c/a03RB00001UyZWpYAN'}",a03RB00001UyZWpYAN,a03RB00001UyZWp,001RB00001VTCYwYAP,a04RB00000n5Je2YAE,a0BRB000012ECi52AG,2026/03,2026/03,2026-03-01,2026-03-31,a0CRB0000CcXZ6Q2QW,,a00RB00002B4i46YAB,8000,8000,True,False,1,2026-07-24T08:35:05.000+0000,2026-07-28T02:33:22.000+0000,CN-00000220,インフィニティ株式会社 Rendery Proプラン Freee自動請求契約,Activated,インフィニティ株式会社,Rendery Proプラン
"{'type': 'ContractLineItem__c', 'url': '/services/data/v67.0/sobjects/ContractLineItem__c/a03RB00001UyZWqYAN'}",a03RB00001UyZWqYAN,a03RB00001UyZWq,001RB00001br9KQYAY,a04RB00000n5JdnYAE,a0BRB000012ECi62AG,2026/03,2026/03,2026-03-01,2026-03-31,a0CRB0000CcXZ6Q2QW,,a00RB00002B4i47YAB,8000,8000,True,False,1,2026-07-24T08:35:05.000+0000,2026-07-28T02:33:22.000+0000,CN-00000205,九州旅客鉄道株式会社(開発工事部) Rendery Proプラン Freee自動請求契約,Activated,九州旅客鉄道株式会社(開発工事部),Rendery Proプラン
"{'type': 'ContractLineItem__c', 'url': '/services/data/v67.0/sobjects/ContractLineItem__c/a03RB00001UyZWrYAN'}",a03RB00001UyZWrYAN,a03RB00001UyZWr,001RB00001br9KOYAY,a04RB00000n5JdoYAE,a0BRB000012ECi72AG,2026/03,2026/03,2026-03-01,2026-03-31,a0CRB0000CcXZ6Q2QW,,a00RB00002B4i48YAB,8000,8000,True,False,1,2026-07-24T08:35:05.000+0000,2026-07-28T02:33:22.000+0000,CN-00000206,株式会社ＬＩＸＩＬ住宅研究所 Rendery Proプラン Freee自動請求契約,Activated,株式会社ＬＩＸＩＬ住宅研究所,Rendery Proプラン
"{'type': 'ContractLineItem__c', 'url': '/services/data/v67.0/sobjects/ContractLineItem__c/a03RB00001UyZWsYAN'}",a03RB00001UyZWsYAN,a03RB00001UyZWs,001RB00001VTqlZYAT,a04RB00000n5Je4YAE,a0BRB000012ECi82AG,2026/03,2026/03,2026-03-01,2026-03-31,a0CRB0000CcXZ6T2QW,,a00RB00002B4i49YAB,77000,77000,True,False,7,2026-07-24T08:35:05.000+0000,2026-07-28T02:33:22.000+0000,CN-00000222,アイリスチトセ株式会社 [OLD] Rendery Enterpriseプラン(2025年9月まで) Freee自動請求契約,Activated,アイリスチトセ株式会社,[OLD] Rendery Enterpriseプラン(2025年9月まで)
"{'type': 'ContractLineItem__c', 'url': '/services/data/v67.0/sobjects/ContractLineItem__c/a03RB00001UyZWtYAN'}",a03RB00001UyZWtYAN,a03RB00001UyZWt,001RB00001br9KdYAI,a04RB00000n5JduYAE,a0BRB000012ECi92AG,2026/03,2026/03,2026-03-01,2026-03-31,a0CRB0000CcXZ6Q2QW,,a00RB00002B4i4AYAR,16000,16000,True,False,2,2026-07-24T08:35:05.000+0000,2026-07-28T02:33:22.000+0000,CN-00000212,三菱地所株式会社(DX推進部) Rendery Proプラン Freee自動請求契約,Activated,三菱地所株式会社(DX推進部),Rendery Proプラン
"{'type': 'ContractLineItem__c', 'url': '/services/data/v67.0/sobjects/ContractLineItem__c/a03RB00001UyZWuYAN'}",a03RB00001UyZWuYAN,a03RB00001UyZWu,001RB00001br9KbYAI,a04RB00000n5Je7YAE,a0BRB000012ECiA2AW,2026/07,2026/07,2026-07-01,2026-07-31,a0CRB0000CcXZ6T2QW,,a00RB00002B4i4BYAR,132000,132000,True,False,12,2026-07-24T08:35:05.000+0000,2026-07-28T02:33:22.000+0000,CN-00000225,三井不動産レジデンシャルリース株式会社(ソリューション推進部) [OLD] Rendery Enterpriseプラン(2025年9月まで) Freee自動請求契約,Activated,三井不動産レジデンシャルリース株式会社(ソリューション推進部),[OLD] Rendery Enterpriseプラン(2025年9月まで)
"{'type': 'ContractLineItem__c', 'url': '/services/data/v67.0/sobjects/ContractLineItem__c/a03RB00001UyZWvYAN'}",a03RB00001UyZWvYAN,a03RB00001UyZWv,001RB00001br9KWYAY,a04RB00000n5Je8YAE,a0BRB000012ECiB2AW,2026/07,2026/07,2026-07-01,2026-07-31,a0CRB0000CcXZ6Q2QW,,a00RB00002B4i4CYAR,48000,48000,True,False,6,2026-07-24T08:35:05.000+0000,2026-07-28T02:33:22.000+0000,CN-00000226,株式会社三越伊勢丹プロパティ・デザイン Rendery Proプラン Freee自動請求契約,Activated,株式会社三越伊勢丹プロパティ・デザイン,Rendery Proプラン
"{'type': 'ContractLineItem__c', 'url': '/services/data/v67.0/sobjects/ContractLineItem__c/a03RB00001UyZWwYAN'}",a03RB00001UyZWwYAN,a03RB00001UyZWw,001RB00001br9KaYAI,a04RB00000n5Je9YAE,a0BRB000012ECiC2AW,2026/07,2026/07,2026-07-01,2026-07-31,a0CRB0000CcXZ6Q2QW,,a00RB00002B4i4DYAR,24000,24000,True,False,3,2026-07-24T08:35:05.000+0000,2026-07-28T02:33:22.000+0000,CN-00000227,株式会社錢高組 Rendery Proプラン Freee自動請求契約,Activated,株式会社錢高組,Rendery Proプラン
"{'type': 'ContractLineItem__c', 'url': '/services/data/v67.0/sobjects/ContractLineItem__c/a03RB00001UyZWxYAN'}",a03RB00001UyZWxYAN,a03RB00001UyZWx,001RB00001br9KeYAI,a04RB00000n5JdzYAE,a0BRB000012ECiD2AW,2026/07,2026/07,2026-07-01,2026-07-31,a0CRB0000CcXZ6V2QW,,a00RB00002B4i4EYAR,75000,75000,True,False,5,2026-07-24T08:35:05.000+0000,2026-07-28T02:33:22.000+0000,CN-00000217,柏井建設株式会社 Rendery Enterpriseプラン Freee自動請求契約,Activated,柏井建設株式会社,Rendery Enterpriseプラン
"{'type': 'ContractLineItem__c', 'url': '/services/data/v67.0/sobjects/ContractLineItem__c/a03RB00001UyZWyYAN'}",a03RB00001UyZWyYAN,a03RB00001UyZWy,001RB00001br9KYYAY,a04RB00000n5JdwYAE,a0BRB000012ECiE2AW,2026/07,2026/07,2026-07-01,2026-07-31,a0CRB0000CcXZ6V2QW,,a00RB00002B4i4FYAR,30000,30000,True,False,2,2026-07-24T08:35:05.000+0000,2026-07-28T02:33:22.000+0000,CN-00000214,株式会社デザインアーク（東京スペースソリューション第１営業所） Rendery Enterpriseプラン Freee自動請求契約,Activated,株式会社デザインアーク（東京スペースソリューション第１営業所）,Rendery Enterpriseプラン
"{'type': 'ContractLineItem__c', 'url': '/services/data/v67.0/sobjects/ContractLineItem__c/a03RB00001UyZWzYAN'}",a03RB00001UyZWzYAN,a03RB00001UyZWz,001RB00001br9KIYAY,a04RB00000n5JdxYAE,a0BRB000012ECiF2AW,2026/07,2026/07,2026-07-01,2026-07-31,a0CRB0000CcXZ6Q2QW,,a00RB00002B4i4GYAR,8000,8000,True,False,1,2026-07-24T08:35:05.000+0000,2026-07-28T02:33:22.000+0000,CN-00000215,合同会社小島屋 Rendery Proプラン Freee自動請求契約,Activated,合同会社小島屋,Rendery Proプラン
"{'type': 'ContractLineItem__c', 'url': '/services/data/v67.0/sobjects/ContractLineItem__c/a03RB00001UyZX0YAN'}",a03RB00001UyZX0YAN,a03RB00001UyZX0,001RB00001VcyFPYAZ,a04RB00000n5Je3YAE,a0BRB000012ECiG2AW,2026/07,2026/07,2026-07-01,2026-07-31,a0CRB0000CcXZ6Q2QW,,a00RB00002B4i4IYAR,48000,48000,True,False,6,2026-07-24T08:35:05.000+0000,2026-07-28T02:33:22.000+0000,CN-00000221,帝国不動産株式会社 Rendery Proプラン Freee自動請求契約,Activated,帝国不動産株式会社,Rendery Proプラン
"{'type': 'ContractLineItem__c', 'url': '/services/data/v67.0/sobjects/ContractLineItem__c/a03RB00001UyZX1YAN'}",a03RB00001UyZX1YAN,a03RB00001UyZX1,001RB00001br9KdYAI,a04RB00000n5JduYAE,a0BRB000012ECiH2AW,2026/07,2026/07,2026-07-01,2026-07-31,a0CRB0000CcXZ6Q2QW,,a00RB00002B4i4JYAR,16000,16000,True,False,2,2026-07-24T08:35:05.000+0000,2026-07-28T02:33:22.000+0000,CN-00000212,三菱地所株式会社(DX推進部) Rendery Proプラン Freee自動請求契約,Activated,三菱地所株式会社(DX推進部),Rendery Proプラン
"{'type': 'ContractLineItem__c', 'url': '/services/data/v67.0/sobjects/ContractLineItem__c/a03RB00001UyZX2YAN'}",a03RB00001UyZX2YAN,a03RB00001UyZX2,001RB00001br9KSYAY,a04RB00000n5JdtYAE,a0BRB000012ECiI2AW,2026/07,2026/07,2026-07-01,2026-07-31,a0CRB0000CcXZ6Q2QW,,a00RB00002B4i4KYAR,8000,8000,True,False,1,2026-07-24T08:35:05.000+0000,2026-07-28T02:33:22.000+0000,CN-00000211,株式会社JR東日本建築設計 Rendery Proプラン Freee自動請求契約,Activated,株式会社JR東日本建築設計,Rendery Proプラン
"{'type': 'ContractLineItem__c', 'url': '/services/data/v67.0/sobjects/ContractLineItem__c/a03RB00001UyZX3YAN'}",a03RB00001UyZX3YAN,a03RB00001UyZX3,001RB00001br9KgYAI,a04RB00000n5JdiYAE,a0BRB000012ECiJ2AW,2026/07,2026/07,2026-07-01,2026-07-31,a0CRB0000CcXZ6T2QW,,a00RB00002B4i4LYAR,11000,11000,True,False,1,2026-07-24T08:35:05.000+0000,2026-07-28T02:33:22.000+0000,CN-00000200,アイリスオーヤマ株式会社(空間デザイン部) [OLD] Rendery Enterpriseプラン(2025年9月まで) Freee自動請求契約,Activated,アイリスオーヤマ株式会社(空間デザイン部),[OLD] Rendery Enterpriseプラン(2025年9月まで)
"{'type': 'ContractLineItem__c', 'url': '/services/data/v67.0/sobjects/ContractLineItem__c/a03RB00001UyZX4YAN'}",a03RB00001UyZX4YAN,a03RB00001UyZX4,001RB00001br9KfYAI,a04RB00000n5JdjYAE,a0BRB000012ECiK2AW,2026/07,2026/07,2026-07-01,2026-07-31,a0CRB0000CcXZ6T2QW,,a00RB00002B4i4MYAR,44000,44000,True,False,4,2026-07-24T08:35:05.000+0000,2026-07-28T02:33:22.000+0000,CN-00000201,アイリスオーヤマ株式会社(ストアソリューション営業部ストアデザインチーム) [OLD] Rendery Enterpriseプラン(2025年9月まで) Freee自動請求契約,Activated,アイリスオーヤマ株式会社(ストアソリューション営業部ストアデザインチーム),[OLD] Rendery Enterpriseプラン(2025年9月まで)
"{'type': 'ContractLineItem__c', 'url': '/services/data/v67.0/sobjects/ContractLineItem__c/a03RB00001UyZX5YAN'}",a03RB00001UyZX5YAN,a03RB00001UyZX5,001RB00001br9KNYAY,a04RB00000n5JdkYAE,a0BRB000012ECiL2AW,2026/07,2026/07,2026-07-01,2026-07-31,a0CRB0000CcXZ6Q2QW,,a00RB00002B4i4NYAR,8000,8000,True,False,1,2026-07-24T08:35:05.000+0000,2026-07-28T02:33:22.000+0000,CN-00000202,九州旅客鉄道株式会社(博多設備区) Rendery Proプラン Freee自動請求契約,Activated,九州旅客鉄道株式会社(博多設備区),Rendery Proプラン
"{'type': 'ContractLineItem__c', 'url': '/services/data/v67.0/sobjects/ContractLineItem__c/a03RB00001UyZX6YAN'}",a03RB00001UyZX6YAN,a03RB00001UyZX6,001RB00001VTrrHYAT,a04RB00000n5JeAYAU,a0BRB000012ECiM2AW,2026/07,2026/07,2026-07-01,2026-07-31,a0CRB0000CcXZ6V2QW,,a00RB00002DFRNjYAP,75000,75000,True,False,5,2026-07-24T08:35:05.000+0000,2026-08-06T01:28:02.000+0000,CN-00000228,株式会社ワンズ・レーニア Rendery Enterpriseプラン Freee自動請求契約,Activated,株式会社ワンズ・レーニア,Rendery Enterpriseプラン
"{'type': 'ContractLineItem__c', 'url': '/services/data/v67.0/sobjects/ContractLineItem__c/a03RB00001UyZX7YAN'}",a03RB00001UyZX7YAN,a03RB00001UyZX7,001RB00001br9KLYAY,a04RB00000n5JdlYAE,a0BRB000012ECiN2AW,2026/07,2026/07,2026-07-01,2026-07-31,a0CRB0000CcXZ6Q2QW,,a00RB00002B4i4OYAR,8000,8000,True,False,1,2026-07-24T08:35:05.000+0000,2026-07-28T02:33:22.000+0000,CN-00000203,九州旅客鉄道株式会社(建設工事部施設課) Rendery Proプラン Freee自動請求契約,Activated,九州旅客鉄道株式会社(建設工事部施設課),Rendery Proプラン
"{'type': 'ContractLineItem__c', 'url': '/services/data/v67.0/sobjects/ContractLineItem__c/a03RB00001UyZX8YAN'}",a03RB00001UyZX8YAN,a03RB00001UyZX8,001RB00001br9KMYAY,a04RB00000n5JdmYAE,a0BRB000012ECiO2AW,2026/07,2026/07,2026-07-01,2026-07-31,a0CRB0000CcXZ6T2QW,,a00RB00002B4i4PYAR,44000,44000,True,False,4,2026-07-24T08:35:05.000+0000,2026-07-28T02:33:22.000+0000,CN-00000204,東急リゾーツ＆ステイ株式会社 [OLD] Rendery Enterpriseプラン(2025年9月まで) Freee自動請求契約,Activated,東急リゾーツ＆ステイ株式会社,[OLD] Rendery Enterpriseプラン(2025年9月まで)
"{'type': 'ContractLineItem__c', 'url': '/services/data/v67.0/sobjects/ContractLineItem__c/a03RB00001UyZX9YAN'}",a03RB00001UyZX9YAN,a03RB00001UyZX9,001RB00001br9KQYAY,a04RB00000n5JdnYAE,a0BRB000012ECiP2AW,2026/07,2026/07,2026-07-01,2026-07-31,a0CRB0000CcXZ6Q2QW,,a00RB00002B4i4QYAR,8000,8000,True,False,1,2026-07-24T08:35:05.000+0000,2026-07-28T02:33:22.000+0000,CN-00000205,九州旅客鉄道株式会社(開発工事部) Rendery Proプラン Freee自動請求契約,Activated,九州旅客鉄道株式会社(開発工事部),Rendery Proプラン
"{'type': 'ContractLineItem__c', 'url': '/services/data/v67.0/sobjects/ContractLineItem__c/a03RB00001UyZXAYA3'}",a03RB00001UyZXAYA3,a03RB00001UyZXA,001RB00001br9KOYAY,a04RB00000n5JdoYAE,a0BRB000012ECiQ2AW,2026/07,2026/07,2026-07-01,2026-07-31,a0CRB0000CcXZ6Q2QW,,a00RB00002B4i4RYAR,8000,8000,True,False,1,2026-07-24T08:35:05.000+0000,2026-07-28T02:33:22.000+0000,CN-00000206,株式会社ＬＩＸＩＬ住宅研究所 Rendery Proプラン Freee自動請求契約,Activated,株式会社ＬＩＸＩＬ住宅研究所,Rendery Proプラン
"{'type': 'ContractLineItem__c', 'url': '/services/data/v67.0/sobjects/ContractLineItem__c/a03RB00001VH5KKYA1'}",a03RB00001VH5KKYA1,a03RB00001VH5KK,001RB00001VTrmnYAD,a04RB00000kUAO0YAO,a0BRB00000ynb5v2AA,2026/03,2026/03,2026-03-01,2026-03-31,a0CRB0000DeNntf2QC,,,90000,90000,False,False,3,2026-07-27T04:00:43.000+0000,2026-07-28T02:33:22.000+0000,CN-00000026,戸田建設(設計部:月額),Activated,戸田建設株式会社,追加修正
"{'type': 'ContractLineItem__c', 'url': '/services/data/v67.0/sobjects/ContractLineItem__c/a03RB00001VH5KLYA1'}",a03RB00001VH5KLYA1,a03RB00001VH5KL,001RB00001VTrmnYAD,a04RB00000kUAO0YAO,a0BRB00000ynb5v2AA,2026/03,2026/03,2026-03-01,2026-03-31,a0CRB0000DeLaE72QK,,,30000,30000,False,False,1,2026-07-27T04:00:43.000+0000,2026-07-28T02:33:22.000+0000,CN-00000026,戸田建設(設計部:月額),Activated,戸田建設株式会社,確認タイミング追加
"{'type': 'ContractLineItem__c', 'url': '/services/data/v67.0/sobjects/ContractLineItem__c/a03RB00001VH5KMYA1'}",a03RB00001VH5KMYA1,a03RB00001VH5KM,001RB00001VTrmnYAD,a04RB00000kUAO0YAO,a0BRB00000ynb5v2AA,2026/03,2026/03,2026-03-01,2026-03-31,a0CRB0000DeOKkf2QG,,,50000,50000,False,False,2,2026-07-27T04:00:43.000+0000,2026-07-28T02:33:22.000+0000,CN-00000026,戸田建設(設計部:月額),Activated,戸田建設株式会社,詳細整合（インテリア）
"{'type': 'ContractLineItem__c', 'url': '/services/data/v67.0/sobjects/ContractLineItem__c/a03RB00001VH5KNYA1'}",a03RB00001VH5KNYA1,a03RB00001VH5KN,001RB00001VTrmnYAD,a04RB00000kUAO0YAO,a0BRB00000ynb5v2AA,2026/03,2026/03,2026-03-01,2026-03-31,a0CRB0000DeNxPu2QK,,,30000,30000,False,False,1,2026-07-27T04:00:43.000+0000,2026-07-28T02:33:22.000+0000,CN-00000026,戸田建設(設計部:月額),Activated,戸田建設株式会社,既存写真との整合（敷地）
"{'type': 'ContractLineItem__c', 'url': '/services/data/v67.0/sobjects/ContractLineItem__c/a03RB00001VH5KOYA1'}",a03RB00001VH5KOYA1,a03RB00001VH5KO,001RB00001VTrmnYAD,a04RB00000kUAO0YAO,a0BRB00000ynb5v2AA,2026/03,2026/03,2026-03-01,2026-03-31,a0CRB0000DeL3CL2Q0,,,255000,255000,False,False,3,2026-07-27T04:00:43.000+0000,2026-07-28T02:33:22.000+0000,CN-00000026,戸田建設(設計部:月額),Activated,戸田建設株式会社,VISIOAL_Basicプラン
"{'type': 'ContractLineItem__c', 'url': '/services/data/v67.0/sobjects/ContractLineItem__c/a03RB00001VH5KPYA1'}",a03RB00001VH5KPYA1,a03RB00001VH5KP,001RB00001VTruAYAT,a04RB00000kUAOAYA4,a0BRB000012R4gz2AC,2026/06,2026/06,2026-06-01,2026-06-30,a0CRB0000CcXZ6V2QW,,a00RB00002BahLdYAJ,198000,198000,True,False,18,2026-07-27T04:00:43.000+0000,2026-07-28T05:08:12.000+0000,CN-00000036,株式会社デザインアーク,Activated,株式会社デザインアーク,Rendery Enterpriseプラン
"{'type': 'ContractLineItem__c', 'url': '/services/data/v67.0/sobjects/ContractLineItem__c/a03RB00001VUaoUYAT'}",a03RB00001VUaoUYAT,a03RB00001VUaoU,001RB00001VTrkSYAT,a04RB00000kUAPJYA4,a0BRB00000ynn5A2AQ,2026/07,2026/07,2026-07-01,2026-07-31,a0CRB0000DeVodR2QS,,a00RB00002FL0D6YAL,6052.5,6052.5,False,False,1,2026-07-28T04:58:43.000+0000,2026-08-19T10:25:53.000+0000,CN-00000107,梅林建設株式会社,Activated,梅林建設株式会社,イレギュラー費用
"{'type': 'ContractLineItem__c', 'url': '/services/data/v67.0/sobjects/ContractLineItem__c/a03RB00001VUaoVYAT'}",a03RB00001VUaoVYAT,a03RB00001VUaoV,001RB00001VTrkSYAT,a04RB00000kUAPJYA4,a0BRB00000ynn5A2AQ,2026/06,2026/06,2026-06-01,2026-06-30,a0CRB0000CcXZ6x2QG,,,-5000,-5000,False,False,1,2026-07-28T04:58:43.000+0000,2026-08-06T01:58:48.000+0000,CN-00000107,梅林建設株式会社,Activated,梅林建設株式会社,受託開発
"{'type': 'ContractLineItem__c', 'url': '/services/data/v67.0/sobjects/ContractLineItem__c/a03RB00001VUaoWYAT'}",a03RB00001VUaoWYAT,a03RB00001VUaoW,001RB00001VTrkSYAT,a04RB00000kUAPJYA4,a0BRB00000ynn5A2AQ,2026/06,2026/06,2026-06-01,2026-06-30,a0CRB0000CcXZ6Z2QW,,,75000,75000,False,False,5,2026-07-28T04:58:43.000+0000,2026-08-06T01:58:48.000+0000,CN-00000107,梅林建設株式会社,Activated,梅林建設株式会社,[年払] Rendery Enterpriseプラン
"{'type': 'ContractLineItem__c', 'url': '/services/data/v67.0/sobjects/ContractLineItem__c/a03RB00001VUaoXYAT'}",a03RB00001VUaoXYAT,a03RB00001VUaoX,001RB00001VTrxYYAT,a04RB00000kUAPNYA4,a0BRB00000ynn5E2AQ,2026/06,2026/06,2026-06-01,2026-06-30,a0CRB0000CcXZ6Q2QW,,a00RB000027fzNvYAI,8000,8000,True,False,12,2026-07-28T04:58:43.000+0000,2026-08-06T00:04:59.000+0000,CN-00000111,株式会社エリオクリエイト,Activated,株式会社エリオクリエイト,Rendery Proプラン
"{'type': 'ContractLineItem__c', 'url': '/services/data/v67.0/sobjects/ContractLineItem__c/a03RB00001VUaoYYAT'}",a03RB00001VUaoYYAT,a03RB00001VUaoY,001RB00001VTrm3YAD,a04RB00000kUAPOYA4,a0BRB00000ynn5F2AQ,2026/06,2026/06,2026-06-01,2026-06-30,a0CRB0000CcXZ6Z2QW,,a00RB00002B5oL4YAJ,84000,84000,False,False,6,2026-07-28T04:58:43.000+0000,2026-08-06T00:04:59.000+0000,CN-00000112,株式会社創建ホーム,Activated,創建ホーム株式会社,[年払] Rendery Enterpriseプラン
"{'type': 'ContractLineItem__c', 'url': '/services/data/v67.0/sobjects/ContractLineItem__c/a03RB00001VUaoZYAT'}",a03RB00001VUaoZYAT,a03RB00001VUaoZ,001RB00001VTqleYAD,a04RB00000kUAObYAO,a0BRB00000ynb6W2AQ,2026/06,2026/06,2026-06-01,2026-06-30,a0CRB0000CcXZ6S2QW,,a00RB00002DAbgvYAD,6400,6400,False,False,12,2026-07-28T04:58:43.000+0000,2026-08-19T10:25:53.000+0000,CN-00000063,大塚商会（大和財宅）,Activated,株式会社大塚商会,[年払_代理販売20%] Rendery Proプランネンバライ
"{'type': 'ContractLineItem__c', 'url': '/services/data/v67.0/sobjects/ContractLineItem__c/a03RB00001VUaoaYAD'}",a03RB00001VUaoaYAD,a03RB00001VUaoa,001RB00001VTqsxYAD,a04RB00000kUAOnYAO,a0BRB00000ynb6i2AA,2026/06,2026/06,2026-06-01,2026-06-30,a0CRB0000CcXZ6V2QW,,a00RB000027fzNxYAI,12500,12500,True,False,5,2026-07-28T04:58:43.000+0000,2026-08-06T00:04:59.000+0000,CN-00000075,ジーク株式会社,Activated,ジーク株式会社,Rendery Enterpriseプラン
"{'type': 'ContractLineItem__c', 'url': '/services/data/v67.0/sobjects/ContractLineItem__c/a03RB00001VUaobYAD'}",a03RB00001VUaobYAD,a03RB00001VUaob,001RB00001VTCYEYA5,a04RB00000lZ54zYAC,a0BRB0000100Bsb2AE,2026/07,2026/07,2026-07-01,2026-07-31,a0CRB0000CcXZ6Z2QW,,a00RB00002DHAs5YAH,140000,140000,False,False,120,2026-07-28T04:58:43.000+0000,2026-08-06T01:32:41.000+0000,CN-00000191,野村不動産株式会社　商業事業本部,Activated,野村不動産株式会社,[年払] Rendery Enterpriseプラン
"{'type': 'ContractLineItem__c', 'url': '/services/data/v67.0/sobjects/ContractLineItem__c/a03RB00001VUaocYAD'}",a03RB00001VUaocYAD,a03RB00001VUaoc,001RB00001VTqleYAD,a04RB00000kUAObYAO,a0BRB00000ynb6W2AQ,2026/07,2026/07,2026-07-01,2026-07-31,a0CRB0000CcXZ6W2QW,,a00RB00002B5oLLYAZ,120000,120000,True,False,10,2026-07-28T04:58:43.000+0000,2026-08-06T00:04:59.000+0000,CN-00000063,大塚商会（大和財宅）,Activated,株式会社大塚商会,[代理販売20%] Rendery Enterpriseプラン
"{'type': 'ContractLineItem__c', 'url': '/services/data/v67.0/sobjects/ContractLineItem__c/a03RB00001VWEohYAH'}",a03RB00001VWEohYAH,a03RB00001VWEoh,001RB00001b3qNeYAI,a04RB00000nCmpSYAS,a0BRB000012acmg2AA,2026/07,2026/07,2026-07-01,2026-07-31,a0CRB0000CcXZ6Q2QW,,,8000,8000,True,False,1,2026-07-28T08:30:20.000+0000,2026-08-06T01:38:52.000+0000,CN-00000234,株式会社パインウェル Rendery Proプラン Freee自動請求契約,Activated,株式会社パインウェル,Rendery Proプラン
"{'type': 'ContractLineItem__c', 'url': '/services/data/v67.0/sobjects/ContractLineItem__c/a03RB00001VXL05YAH'}",a03RB00001VXL05YAH,a03RB00001VXL05,001RB00001VTruAYAT,a04RB00000kUAOAYA4,a0BRB000012R4gz2AC,2026/06,2026/06,2026-06-01,2026-06-30,a0CRB0000Ck3ReH2QU,,a00RB00002FL0D5YAL,165000,165000,False,False,15,2026-07-28T07:43:16.000+0000,2026-08-19T10:25:53.000+0000,CN-00000036,株式会社デザインアーク,Activated,株式会社デザインアーク,Rendery_Enterpriseプラン
"{'type': 'ContractLineItem__c', 'url': '/services/data/v67.0/sobjects/ContractLineItem__c/a03RB00001VXL06YAH'}",a03RB00001VXL06YAH,a03RB00001VXL06,001RB00001VTruAYAT,a04RB00000kUAOAYA4,a0BRB000012aLDx2AM,2026/07,2026/07,2026-07-01,2026-07-31,a0CRB0000Ck3ReH2QU,,a00RB00002FL0D7YAL,165000,165000,False,False,15,2026-07-28T07:43:16.000+0000,2026-08-19T10:25:53.000+0000,CN-00000036,株式会社デザインアーク,Activated,株式会社デザインアーク,Rendery_Enterpriseプラン
"{'type': 'ContractLineItem__c', 'url': '/services/data/v67.0/sobjects/ContractLineItem__c/a03RB00001WZCQ2YAP'}",a03RB00001WZCQ2YAP,a03RB00001WZCQ2,001RB00001VTrqOYAT,a04RB00000nS9IfYAK,a0BRB000013KK4t2AG,2026/07,2026/07,2026-07-01,2026-07-31,a0CRB0000CcXZ6Q2QW,,a00RB00002DFRNiYAP,8000,8000,True,False,1,2026-08-03T13:38:10.000+0000,2026-08-06T01:28:02.000+0000,CN-00000242,株式会社フォーデック Rendery Proプラン Freee自動請求契約,Activated,株式会社フォーデック,Rendery Proプラン
"{'type': 'ContractLineItem__c', 'url': '/services/data/v67.0/sobjects/ContractLineItem__c/a03RB00001X5x2NYAR'}",a03RB00001X5x2NYAR,株式会社エリオクリエイト_2026/08,001RB00001VTrxYYAT,a04RB00000kUAPNYA4,a0BRB00000ynn5E2AQ,2026/08,2026/08,2026-08-01,2026-08-31,a0CRB0000CcXZ6Q2QW,,,96000,96000,True,False,1,2026-08-06T01:24:20.000+0000,2026-08-06T01:24:20.000+0000,CN-00000111,株式会社エリオクリエイト,Activated,株式会社エリオクリエイト,Rendery Proプラン
"{'type': 'ContractLineItem__c', 'url': '/services/data/v67.0/sobjects/ContractLineItem__c/a03RB00001X5x2OYAR'}",a03RB00001X5x2OYAR,株式会社創建ホーム_2026/08,001RB00001VTrm3YAD,a04RB00000kUAPOYA4,a0BRB00000ynn5F2AQ,2026/08,2026/08,2026-08-01,2026-08-31,a0CRB0000CcXZ6Z2QW,,,1008000,1008000,False,False,6,2026-08-06T01:24:20.000+0000,2026-08-06T01:24:20.000+0000,CN-00000112,株式会社創建ホーム,Activated,創建ホーム株式会社,[年払] Rendery Enterpriseプラン
"{'type': 'ContractLineItem__c', 'url': '/services/data/v67.0/sobjects/ContractLineItem__c/a03RB00001X5x2QYAR'}",a03RB00001X5x2QYAR,野村不動産株式会社　商業事業本部_2026/08,001RB00001VTCYEYA5,a04RB00000lZ54zYAC,a0BRB0000100Bsb2AE,2026/08,2026/08,2026-08-01,2026-08-31,a0CRB0000CcXZ6X2QW,a09RB000010S68bYAC,,140000,140000,True,False,120,2026-08-06T01:24:20.000+0000,2026-08-06T01:24:20.000+0000,CN-00000191,野村不動産株式会社　商業事業本部,Activated,野村不動産株式会社,[年払] Rendery Enterpriseプラン　※MRR計上用
"{'type': 'ContractLineItem__c', 'url': '/services/data/v67.0/sobjects/ContractLineItem__c/a03RB00001X5x2RYAR'}",a03RB00001X5x2RYAR,野村不動産株式会社　商業事業本部_2026/08,001RB00001VTCYEYA5,a04RB00000lZ54zYAC,a0BRB0000100Bsb2AE,2026/08,2026/08,2026-08-01,2026-08-31,a0CRB0000CcXZ6b2QG,a09RB000010Ty8LYAS,,30000,30000,True,False,12,2026-08-06T01:24:20.000+0000,2026-08-06T01:24:20.000+0000,CN-00000191,野村不動産株式会社　商業事業本部,Activated,野村不動産株式会社,Rendery セキュリティオプション(SSO)_運用費用
"{'type': 'ContractLineItem__c', 'url': '/services/data/v67.0/sobjects/ContractLineItem__c/a03RB00001X5x2SYAR'}",a03RB00001X5x2SYAR,野村不動産株式会社　商業事業本部_2026/08,001RB00001VTCYEYA5,a04RB00000lZ54zYAC,a0BRB0000100Bsb2AE,2026/08,2026/08,2026-08-01,2026-08-31,a0CRB0000CcXZ6Z2QW,,,140000,140000,False,False,120,2026-08-06T01:24:20.000+0000,2026-08-06T01:24:20.000+0000,CN-00000191,野村不動産株式会社　商業事業本部,Activated,野村不動産株式会社,[年払] Rendery Enterpriseプラン
"{'type': 'ContractLineItem__c', 'url': '/services/data/v67.0/sobjects/ContractLineItem__c/a03RB00001X5x2TYAR'}",a03RB00001X5x2TYAR,コンチネンタルホーム株式会社_2026-07-01_2026/08,001RB00001VTqgHYAT,a04RB00000miHmIYAU,a0BRB000013eexP2AQ,2026/08,2026/08,2026-08-01,2026-08-31,a0CRB0000CcXZ6Q2QW,a09RB000012YDkLYAW,a00RB00002FL0DRYA1,40000,40000,True,False,5,2026-08-06T01:24:20.000+0000,2026-08-19T10:25:53.000+0000,CN-00000196,コンチネンタルホーム株式会社_2026-07-01,Activated,コンチネンタルホーム株式会社,Rendery Proプラン
"{'type': 'ContractLineItem__c', 'url': '/services/data/v67.0/sobjects/ContractLineItem__c/a03RB00001X5x2UYAR'}",a03RB00001X5x2UYAR,アイリスオーヤマ株式会社(空間デザイン部) [OLD] Rendery Enterpriseプラン(2025年9月まで) Freee自動請求契約_2026/08,001RB00001br9KgYAI,a04RB00000n5JdiYAE,a0BRB000013eexQ2AQ,2026/08,2026/08,2026-08-01,2026-08-31,a0CRB0000CcXZ6T2QW,,a00RB00002FLyAwYAL,11000,11000,True,False,1,2026-08-06T01:24:20.000+0000,2026-08-19T10:26:08.000+0000,CN-00000200,アイリスオーヤマ株式会社(空間デザイン部) [OLD] Rendery Enterpriseプラン(2025年9月まで) Freee自動請求契約,Activated,アイリスオーヤマ株式会社(空間デザイン部),[OLD] Rendery Enterpriseプラン(2025年9月まで)
"{'type': 'ContractLineItem__c', 'url': '/services/data/v67.0/sobjects/ContractLineItem__c/a03RB00001X5x2VYAR'}",a03RB00001X5x2VYAR,アイリスオーヤマ株式会社(ストアソリューション営業部ストアデザインチーム) [OLD] Rendery Enterpriseプラン(2025年9月まで) Fre,001RB00001br9KfYAI,a04RB00000n5JdjYAE,a0BRB000013eexR2AQ,2026/08,2026/08,2026-08-01,2026-08-31,a0CRB0000CcXZ6T2QW,,a00RB00002FLyAxYAL,44000,44000,True,False,4,2026-08-06T01:24:20.000+0000,2026-08-19T10:26:08.000+0000,CN-00000201,アイリスオーヤマ株式会社(ストアソリューション営業部ストアデザインチーム) [OLD] Rendery Enterpriseプラン(2025年9月まで) Freee自動請求契約,Activated,アイリスオーヤマ株式会社(ストアソリューション営業部ストアデザインチーム),[OLD] Rendery Enterpriseプラン(2025年9月まで)
"{'type': 'ContractLineItem__c', 'url': '/services/data/v67.0/sobjects/ContractLineItem__c/a03RB00001X5x2WYAR'}",a03RB00001X5x2WYAR,九州旅客鉄道株式会社(博多設備区) Rendery Proプラン Freee自動請求契約_2026/08,001RB00001br9KNYAY,a04RB00000n5JdkYAE,a0BRB000013eexS2AQ,2026/08,2026/08,2026-08-01,2026-08-31,a0CRB0000CcXZ6Q2QW,,a00RB00002FLyAyYAL,8000,8000,True,False,1,2026-08-06T01:24:20.000+0000,2026-08-19T10:26:08.000+0000,CN-00000202,九州旅客鉄道株式会社(博多設備区) Rendery Proプラン Freee自動請求契約,Activated,九州旅客鉄道株式会社(博多設備区),Rendery Proプラン
"{'type': 'ContractLineItem__c', 'url': '/services/data/v67.0/sobjects/ContractLineItem__c/a03RB00001X5x2XYAR'}",a03RB00001X5x2XYAR,九州旅客鉄道株式会社(建設工事部施設課) Rendery Proプラン Freee自動請求契約_2026/08,001RB00001br9KLYAY,a04RB00000n5JdlYAE,a0BRB000013eexT2AQ,2026/08,2026/08,2026-08-01,2026-08-31,a0CRB0000CcXZ6Q2QW,,a00RB00002FLyB3YAL,8000,8000,True,False,1,2026-08-06T01:24:20.000+0000,2026-08-19T10:26:08.000+0000,CN-00000203,九州旅客鉄道株式会社(建設工事部施設課) Rendery Proプラン Freee自動請求契約,Activated,九州旅客鉄道株式会社(建設工事部施設課),Rendery Proプラン
"{'type': 'ContractLineItem__c', 'url': '/services/data/v67.0/sobjects/ContractLineItem__c/a03RB00001X5x2YYAR'}",a03RB00001X5x2YYAR,東急リゾーツ＆ステイ株式会社 [OLD] Rendery Enterpriseプラン(2025年9月まで) Freee自動請求契約_2026/08,001RB00001br9KMYAY,a04RB00000n5JdmYAE,a0BRB000013eexU2AQ,2026/08,2026/08,2026-08-01,2026-08-31,a0CRB0000CcXZ6T2QW,,a00RB00002FLyB5YAL,44000,44000,True,False,4,2026-08-06T01:24:20.000+0000,2026-08-19T10:26:08.000+0000,CN-00000204,東急リゾーツ＆ステイ株式会社 [OLD] Rendery Enterpriseプラン(2025年9月まで) Freee自動請求契約,Activated,東急リゾーツ＆ステイ株式会社,[OLD] Rendery Enterpriseプラン(2025年9月まで)
"{'type': 'ContractLineItem__c', 'url': '/services/data/v67.0/sobjects/ContractLineItem__c/a03RB00001X5x2ZYAR'}",a03RB00001X5x2ZYAR,九州旅客鉄道株式会社(開発工事部) Rendery Proプラン Freee自動請求契約_2026/08,001RB00001br9KQYAY,a04RB00000n5JdnYAE,a0BRB000013eexV2AQ,2026/08,2026/08,2026-08-01,2026-08-31,a0CRB0000CcXZ6Q2QW,,a00RB00002FLyBBYA1,8000,8000,True,False,1,2026-08-06T01:24:20.000+0000,2026-08-19T10:26:08.000+0000,CN-00000205,九州旅客鉄道株式会社(開発工事部) Rendery Proプラン Freee自動請求契約,Activated,九州旅客鉄道株式会社(開発工事部),Rendery Proプラン
"{'type': 'ContractLineItem__c', 'url': '/services/data/v67.0/sobjects/ContractLineItem__c/a03RB00001X5x2aYAB'}",a03RB00001X5x2aYAB,株式会社ＬＩＸＩＬ住宅研究所 Rendery Proプラン Freee自動請求契約_2026/08,001RB00001br9KOYAY,a04RB00000n5JdoYAE,a0BRB000013eexW2AQ,2026/08,2026/08,2026-08-01,2026-08-31,a0CRB0000CcXZ6Q2QW,,a00RB00002FLyAsYAL,8000,8000,True,False,1,2026-08-06T01:24:20.000+0000,2026-08-19T10:26:08.000+0000,CN-00000206,株式会社ＬＩＸＩＬ住宅研究所 Rendery Proプラン Freee自動請求契約,Activated,株式会社ＬＩＸＩＬ住宅研究所,Rendery Proプラン
"{'type': 'ContractLineItem__c', 'url': '/services/data/v67.0/sobjects/ContractLineItem__c/a03RB00001X5x2bYAB'}",a03RB00001X5x2bYAB,近鉄不動産株式会社 Rendery Enterpriseプラン Freee自動請求契約_2026/08,001RB00001VTrvcYAD,a04RB00000n5JdpYAE,a0BRB000013eexX2AQ,2026/08,2026/08,2026-08-01,2026-08-31,a0CRB0000CcXZ6a2QG,,,100000,100000,False,False,1,2026-08-06T01:24:20.000+0000,2026-08-06T01:24:20.000+0000,CN-00000207,近鉄不動産株式会社 Rendery Enterpriseプラン Freee自動請求契約,Activated,近鉄不動産株式会社,Rendery セキュリティオプション(SSO)_初期費用
"{'type': 'ContractLineItem__c', 'url': '/services/data/v67.0/sobjects/ContractLineItem__c/a03RB00001X5x2cYAB'}",a03RB00001X5x2cYAB,近鉄不動産株式会社 Rendery Enterpriseプラン Freee自動請求契約_2026/08,001RB00001VTrvcYAD,a04RB00000n5JdpYAE,a0BRB000013eexX2AQ,2026/08,2026/08,2026-08-01,2026-08-31,a0CRB0000CcXZ6V2QW,,,195000,195000,True,False,13,2026-08-06T01:24:20.000+0000,2026-08-06T01:24:20.000+0000,CN-00000207,近鉄不動産株式会社 Rendery Enterpriseプラン Freee自動請求契約,Activated,近鉄不動産株式会社,Rendery Enterpriseプラン
"{'type': 'ContractLineItem__c', 'url': '/services/data/v67.0/sobjects/ContractLineItem__c/a03RB00001X5x2hYAB'}",a03RB00001X5x2hYAB,株式会社JR東日本建築設計 Rendery Proプラン Freee自動請求契約_2026/08,001RB00001br9KSYAY,a04RB00000n5JdtYAE,a0BRB000013eexb2AA,2026/08,2026/08,2026-08-01,2026-08-31,a0CRB0000CcXZ6Q2QW,,a00RB00002FLyAvYAL,8000,8000,True,False,1,2026-08-06T01:24:20.000+0000,2026-08-19T10:26:08.000+0000,CN-00000211,株式会社JR東日本建築設計 Rendery Proプラン Freee自動請求契約,Activated,株式会社JR東日本建築設計,Rendery Proプラン
"{'type': 'ContractLineItem__c', 'url': '/services/data/v67.0/sobjects/ContractLineItem__c/a03RB00001X5x2iYAB'}",a03RB00001X5x2iYAB,三菱地所株式会社(DX推進部) Rendery Proプラン Freee自動請求契約_2026/08,001RB00001br9KdYAI,a04RB00000n5JduYAE,a0BRB000013eexc2AA,2026/08,2026/08,2026-08-01,2026-08-31,a0CRB0000CcXZ6Q2QW,,,16000,16000,True,False,2,2026-08-06T01:24:20.000+0000,2026-08-06T01:24:20.000+0000,CN-00000212,三菱地所株式会社(DX推進部) Rendery Proプラン Freee自動請求契約,Activated,三菱地所株式会社(DX推進部),Rendery Proプラン
"{'type': 'ContractLineItem__c', 'url': '/services/data/v67.0/sobjects/ContractLineItem__c/a03RB00001X5x2jYAB'}",a03RB00001X5x2jYAB,野村不動産株式会社 Rendery Enterpriseプラン Freee自動請求契約_2026/08,001RB00001VTCYEYA5,a04RB00000n5JdvYAE,a0BRB000013eexd2AA,2026/08,2026/08,2026-08-01,2026-08-31,a0CRB0000CcXZ6b2QG,,,30000,30000,True,False,1,2026-08-06T01:24:20.000+0000,2026-08-06T01:24:20.000+0000,CN-00000213,野村不動産株式会社 Rendery Enterpriseプラン Freee自動請求契約,Activated,野村不動産株式会社,Rendery セキュリティオプション(SSO)_運用費用
"{'type': 'ContractLineItem__c', 'url': '/services/data/v67.0/sobjects/ContractLineItem__c/a03RB00001X5x2kYAB'}",a03RB00001X5x2kYAB,野村不動産株式会社 Rendery Enterpriseプラン Freee自動請求契約_2026/08,001RB00001VTCYEYA5,a04RB00000n5JdvYAE,a0BRB000013eexd2AA,2026/08,2026/08,2026-08-01,2026-08-31,a0CRB0000CcXZ6V2QW,,,150000,150000,True,False,10,2026-08-06T01:24:20.000+0000,2026-08-06T01:24:20.000+0000,CN-00000213,野村不動産株式会社 Rendery Enterpriseプラン Freee自動請求契約,Activated,野村不動産株式会社,Rendery Enterpriseプラン
"{'type': 'ContractLineItem__c', 'url': '/services/data/v67.0/sobjects/ContractLineItem__c/a03RB00001X5x2lYAB'}",a03RB00001X5x2lYAB,株式会社デザインアーク（東京スペースソリューション第１営業所） Rendery Enterpriseプラン Freee自動請求契約_2026/08,001RB00001br9KYYAY,a04RB00000n5JdwYAE,a0BRB000013eexe2AA,2026/08,2026/08,2026-08-01,2026-08-31,a0CRB0000CcXZ6V2QW,,a00RB00002FL0DdYAL,30000,30000,True,False,2,2026-08-06T01:24:20.000+0000,2026-08-19T10:25:53.000+0000,CN-00000214,株式会社デザインアーク（東京スペースソリューション第１営業所） Rendery Enterpriseプラン Freee自動請求契約,Activated,株式会社デザインアーク（東京スペースソリューション第１営業所）,Rendery Enterpriseプラン
"{'type': 'ContractLineItem__c', 'url': '/services/data/v67.0/sobjects/ContractLineItem__c/a03RB00001X5x2mYAB'}",a03RB00001X5x2mYAB,合同会社小島屋 Rendery Proプラン Freee自動請求契約_2026/08,001RB00001br9KIYAY,a04RB00000n5JdxYAE,a0BRB000013eexf2AA,2026/08,2026/08,2026-08-01,2026-08-31,a0CRB0000CcXZ6Q2QW,,a00RB00002FL0DfYAL,8000,8000,True,False,1,2026-08-06T01:24:20.000+0000,2026-08-19T10:25:53.000+0000,CN-00000215,合同会社小島屋 Rendery Proプラン Freee自動請求契約,Activated,合同会社小島屋,Rendery Proプラン
"{'type': 'ContractLineItem__c', 'url': '/services/data/v67.0/sobjects/ContractLineItem__c/a03RB00001X5x2nYAB'}",a03RB00001X5x2nYAB,株式会社コスモスイニシア（流通事業部） Rendery Enterpriseプラン Freee自動請求契約_2026/08,001RB00001br9KcYAI,a04RB00000n5JdyYAE,a0BRB000013eexg2AA,2026/08,2026/08,2026-08-01,2026-08-31,a0CRB0000CcXZ6V2QW,,,150000,150000,True,False,10,2026-08-06T01:24:20.000+0000,2026-08-06T01:24:20.000+0000,CN-00000216,株式会社コスモスイニシア（流通事業部） Rendery Enterpriseプラン Freee自動請求契約,Activated,株式会社コスモスイニシア（流通事業部）,Rendery Enterpriseプラン
"{'type': 'ContractLineItem__c', 'url': '/services/data/v67.0/sobjects/ContractLineItem__c/a03RB00001X5x2oYAB'}",a03RB00001X5x2oYAB,柏井建設株式会社 Rendery Enterpriseプラン Freee自動請求契約_2026/08,001RB00001br9KeYAI,a04RB00000n5JdzYAE,a0BRB000013eexh2AA,2026/08,2026/08,2026-08-01,2026-08-31,a0CRB0000CcXZ6V2QW,,a00RB00002FL0DPYA1,75000,75000,True,False,5,2026-08-06T01:24:20.000+0000,2026-08-19T10:25:53.000+0000,CN-00000217,柏井建設株式会社 Rendery Enterpriseプラン Freee自動請求契約,Activated,柏井建設株式会社,Rendery Enterpriseプラン
"{'type': 'ContractLineItem__c', 'url': '/services/data/v67.0/sobjects/ContractLineItem__c/a03RB00001X5x2qYAB'}",a03RB00001X5x2qYAB,株式会社ジョイフル本田 [OLD] Rendery Enterpriseプラン(2025年9月まで) Freee自動請求契約_2026/08,001RB00001VTqkQYAT,a04RB00000n5Je1YAE,a0BRB000013eexj2AA,2026/08,2026/08,2026-08-01,2026-08-31,a0CRB0000CcXZ6T2QW,,,55000,55000,True,False,5,2026-08-06T01:24:20.000+0000,2026-08-06T01:24:20.000+0000,CN-00000219,株式会社ジョイフル本田 [OLD] Rendery Enterpriseプラン(2025年9月まで) Freee自動請求契約,Activated,株式会社ジョイフル本田,[OLD] Rendery Enterpriseプラン(2025年9月まで)
"{'type': 'ContractLineItem__c', 'url': '/services/data/v67.0/sobjects/ContractLineItem__c/a03RB00001X5x2rYAB'}",a03RB00001X5x2rYAB,インフィニティ株式会社 Rendery Proプラン Freee自動請求契約_2026/08,001RB00001VTCYwYAP,a04RB00000n5Je2YAE,a0BRB000013eexk2AA,2026/08,2026/08,2026-08-01,2026-08-31,a0CRB0000CcXZ6Q2QW,,,8000,8000,True,False,1,2026-08-06T01:24:20.000+0000,2026-08-06T01:24:20.000+0000,CN-00000220,インフィニティ株式会社 Rendery Proプラン Freee自動請求契約,Activated,インフィニティ株式会社,Rendery Proプラン
"{'type': 'ContractLineItem__c', 'url': '/services/data/v67.0/sobjects/ContractLineItem__c/a03RB00001X5x2sYAB'}",a03RB00001X5x2sYAB,帝国不動産株式会社 Rendery Proプラン Freee自動請求契約_2026/08,001RB00001VcyFPYAZ,a04RB00000n5Je3YAE,a0BRB000013eexl2AA,2026/08,2026/08,2026-08-01,2026-08-31,a0CRB0000CcXZ6Q2QW,,,48000,48000,True,False,6,2026-08-06T01:24:20.000+0000,2026-08-06T01:24:20.000+0000,CN-00000221,帝国不動産株式会社 Rendery Proプラン Freee自動請求契約,Activated,帝国不動産株式会社,Rendery Proプラン
"{'type': 'ContractLineItem__c', 'url': '/services/data/v67.0/sobjects/ContractLineItem__c/a03RB00001X5x2tYAB'}",a03RB00001X5x2tYAB,アイリスチトセ株式会社 [OLD] Rendery Enterpriseプラン(2025年9月まで) Freee自動請求契約_2026/08,001RB00001VTqlZYAT,a04RB00000n5Je4YAE,a0BRB000013eexm2AA,2026/08,2026/08,2026-08-01,2026-08-31,a0CRB0000CcXZ6T2QW,,,77000,77000,True,False,7,2026-08-06T01:24:20.000+0000,2026-08-06T01:24:20.000+0000,CN-00000222,アイリスチトセ株式会社 [OLD] Rendery Enterpriseプラン(2025年9月まで) Freee自動請求契約,Activated,アイリスチトセ株式会社,[OLD] Rendery Enterpriseプラン(2025年9月まで)
"{'type': 'ContractLineItem__c', 'url': '/services/data/v67.0/sobjects/ContractLineItem__c/a03RB00001X5x2wYAB'}",a03RB00001X5x2wYAB,三井不動産レジデンシャルリース株式会社(ソリューション推進部) [OLD] Rendery Enterpriseプラン(2025年9月まで) Freee自動請求,001RB00001br9KbYAI,a04RB00000n5Je7YAE,a0BRB000013eexp2AA,2026/08,2026/08,2026-08-01,2026-08-31,a0CRB0000CcXZ6T2QW,,a00RB00002FL0DEYA1,132000,132000,True,False,12,2026-08-06T01:24:20.000+0000,2026-08-19T10:25:53.000+0000,CN-00000225,三井不動産レジデンシャルリース株式会社(ソリューション推進部) [OLD] Rendery Enterpriseプラン(2025年9月まで) Freee自動請求契約,Activated,三井不動産レジデンシャルリース株式会社(ソリューション推進部),[OLD] Rendery Enterpriseプラン(2025年9月まで)
"{'type': 'ContractLineItem__c', 'url': '/services/data/v67.0/sobjects/ContractLineItem__c/a03RB00001X5x2xYAB'}",a03RB00001X5x2xYAB,株式会社三越伊勢丹プロパティ・デザイン Rendery Proプラン Freee自動請求契約_2026/08,001RB00001br9KWYAY,a04RB00000n5Je8YAE,a0BRB000013eexq2AA,2026/08,2026/08,2026-08-01,2026-08-31,a0CRB0000CcXZ6Q2QW,,a00RB00002FL0DGYA1,48000,48000,True,False,6,2026-08-06T01:24:20.000+0000,2026-08-19T10:25:53.000+0000,CN-00000226,株式会社三越伊勢丹プロパティ・デザイン Rendery Proプラン Freee自動請求契約,Activated,株式会社三越伊勢丹プロパティ・デザイン,Rendery Proプラン
"{'type': 'ContractLineItem__c', 'url': '/services/data/v67.0/sobjects/ContractLineItem__c/a03RB00001X5x2yYAB'}",a03RB00001X5x2yYAB,株式会社錢高組 Rendery Proプラン Freee自動請求契約_2026/08,001RB00001br9KaYAI,a04RB00000n5Je9YAE,a0BRB000013eexr2AA,2026/08,2026/08,2026-08-01,2026-08-31,a0CRB0000CcXZ6Q2QW,,a00RB00002FL0DKYA1,24000,24000,True,False,3,2026-08-06T01:24:20.000+0000,2026-08-19T10:25:53.000+0000,CN-00000227,株式会社錢高組 Rendery Proプラン Freee自動請求契約,Activated,株式会社錢高組,Rendery Proプラン
"{'type': 'ContractLineItem__c', 'url': '/services/data/v67.0/sobjects/ContractLineItem__c/a03RB00001X5x2zYAB'}",a03RB00001X5x2zYAB,株式会社ワンズ・レーニア Rendery Enterpriseプラン Freee自動請求契約_2026/08,001RB00001VTrrHYAT,a04RB00000n5JeAYAU,a0BRB000013eexs2AA,2026/08,2026/08,2026-08-01,2026-08-31,a0CRB0000CcXZ6V2QW,,a00RB00002FL0DiYAL,75000,75000,True,False,5,2026-08-06T01:24:20.000+0000,2026-08-19T10:25:53.000+0000,CN-00000228,株式会社ワンズ・レーニア Rendery Enterpriseプラン Freee自動請求契約,Activated,株式会社ワンズ・レーニア,Rendery Enterpriseプラン
"{'type': 'ContractLineItem__c', 'url': '/services/data/v67.0/sobjects/ContractLineItem__c/a03RB00001X5x31YAB'}",a03RB00001X5x31YAB,株式会社パインウェル Rendery Proプラン Freee自動請求契約_2026/08,001RB00001b3qNeYAI,a04RB00000nCmpSYAS,a0BRB000013eexu2AA,2026/08,2026/08,2026-08-01,2026-08-31,a0CRB0000CcXZ6Q2QW,,a00RB00002FL0DhYAL,8000,8000,True,False,1,2026-08-06T01:24:20.000+0000,2026-08-19T10:25:53.000+0000,CN-00000234,株式会社パインウェル Rendery Proプラン Freee自動請求契約,Activated,株式会社パインウェル,Rendery Proプラン
"{'type': 'ContractLineItem__c', 'url': '/services/data/v67.0/sobjects/ContractLineItem__c/a03RB00001X5x32YAB'}",a03RB00001X5x32YAB,大東建託株式会社 [OLD] Rendery Enterpriseプラン(2025年9月まで) Freee自動請求契約_2026/08,001RB00001VTruMYAT,a04RB00000nCmpTYAS,a0BRB000013eexv2AA,2026/08,2026/08,2026-08-01,2026-08-31,a0CRB0000CcXZ6T2QW,,,132000,132000,True,False,12,2026-08-06T01:24:20.000+0000,2026-08-06T01:24:20.000+0000,CN-00000235,大東建託株式会社 [OLD] Rendery Enterpriseプラン(2025年9月まで) Freee自動請求契約,Activated,大東建託株式会社,[OLD] Rendery Enterpriseプラン(2025年9月まで)
"{'type': 'ContractLineItem__c', 'url': '/services/data/v67.0/sobjects/ContractLineItem__c/a03RB00001X5x33YAB'}",a03RB00001X5x33YAB,株式会社フォーデック Rendery Proプラン Freee自動請求契約_2026/08,001RB00001VTrqOYAT,a04RB00000nS9IfYAK,a0BRB000013eexw2AA,2026/08,2026/08,2026-08-01,2026-08-31,a0CRB0000CcXZ6Q2QW,,a00RB00002FL0DjYAL,8000,8000,True,False,1,2026-08-06T01:24:20.000+0000,2026-08-19T10:25:53.000+0000,CN-00000242,株式会社フォーデック Rendery Proプラン Freee自動請求契約,Activated,株式会社フォーデック,Rendery Proプラン
"{'type': 'ContractLineItem__c', 'url': '/services/data/v67.0/sobjects/ContractLineItem__c/a03RB00001YgjeeYAB'}",a03RB00001YgjeeYAB,a03RB00001Ygjee,001RB00001VTqxQYAT,a04RB00000narj9YAA,a0BRB000014Yf172AC,2026/08,2026/08,2026-08-01,2026-08-31,a0CRB0000CcXZ6h2QG,,a00RB00002FL0DHYA1,100000,100000,True,False,1,2026-08-17T20:40:22.000+0000,2026-08-19T10:25:53.000+0000,CN-00000248,株式会社アールシーコア Rendery Enterpriseプラン Freee自動請求契約,Activated,株式会社アールシーコア,Rendery セキュリティオプション+_運用費用
"{'type': 'ContractLineItem__c', 'url': '/services/data/v67.0/sobjects/ContractLineItem__c/a03RB00001YgjefYAB'}",a03RB00001YgjefYAB,a03RB00001Ygjef,001RB00001VTqxQYAT,a04RB00000narj9YAA,a0BRB000014Yf172AC,2026/08,2026/08,2026-08-01,2026-08-31,a0CRB0000CcXZ6V2QW,,a00RB00002FL0DHYA1,150000,150000,True,False,10,2026-08-17T20:40:22.000+0000,2026-08-19T10:25:53.000+0000,CN-00000248,株式会社アールシーコア Rendery Enterpriseプラン Freee自動請求契約,Activated,株式会社アールシーコア,Rendery Enterpriseプラン
"{'type': 'ContractLineItem__c', 'url': '/services/data/v67.0/sobjects/ContractLineItem__c/a03RB00001YgjegYAB'}",a03RB00001YgjegYAB,a03RB00001Ygjeg,001RB00001VTr0hYAD,a04RB00000kUAOhYAO,a0BRB000010uukH2AQ,2026/08,2026/08,2026-08-01,2026-08-31,a0CRB0000CcXZ6Q2QW,,a00RB00002FL0DLYA1,8000,8000,True,False,1,2026-08-17T20:40:22.000+0000,2026-08-19T10:25:53.000+0000,CN-00000069,フロンヴィルホームズ名古屋株式会社,Activated,フロンヴィルホームズ名古屋株式会社,Rendery Proプラン
"{'type': 'ContractLineItem__c', 'url': '/services/data/v67.0/sobjects/ContractLineItem__c/a03RB00001YgjehYAB'}",a03RB00001YgjehYAB,a03RB00001Ygjeh,001RB00001VTqf7YAD,a04RB00000kUAOjYAO,a0BRB000010uukI2AQ,2026/08,2026/08,2026-08-01,2026-08-31,a0CRB0000Ck3ReH2QU,,a00RB00002FL0DgYAL,48000,48000,False,False,3,2026-08-17T20:40:22.000+0000,2026-08-19T10:25:53.000+0000,CN-00000071,三菱地所レジデンス株式会社,Activated,三菱地所レジデンス株式会社,Rendery_Enterpriseプラン
"{'type': 'ContractLineItem__c', 'url': '/services/data/v67.0/sobjects/ContractLineItem__c/a03RB00001YgjemYAB'}",a03RB00001YgjemYAB,a03RB00001Ygjem,001RB00001VTruAYAT,a04RB00000kUAPKYA4,a0BRB000010uukg2AA,2026/08,2026/08,2026-08-01,2026-08-31,a0CRB0000Ck3ReH2QU,,a00RB00002FLyB0YAL,165000,165000,False,False,15,2026-08-17T20:40:22.000+0000,2026-08-19T10:26:08.000+0000,CN-00000108,株式会社デザインアーク　東京本店　東京スペースソリューション第１営業所,Activated,株式会社デザインアーク,Rendery_Enterpriseプラン
"{'type': 'ContractLineItem__c', 'url': '/services/data/v67.0/sobjects/ContractLineItem__c/a03RB00001YgjenYAB'}",a03RB00001YgjenYAB,a03RB00001Ygjen,001RB00001VTrmnYAD,a04RB00000kUAO0YAO,a0BRB000010uujx2AA,2026/08,2026/08,2026-08-01,2026-08-31,a0CRB0000CcXZ6T2QW,,a00RB00002FLyB7YAL,55000,55000,True,False,5,2026-08-17T20:40:22.000+0000,2026-08-19T10:26:08.000+0000,CN-00000026,戸田建設(設計部:月額),Activated,戸田建設株式会社,[OLD] Rendery Enterpriseプラン(2025年9月まで)
"{'type': 'ContractLineItem__c', 'url': '/services/data/v67.0/sobjects/ContractLineItem__c/a03RB00001Zs85bYAB'}",a03RB00001Zs85bYAB,a03RB00001Zs85b,001RB00001VTqlfYAD,a04RB00000nRI1RYAW,a0BRB000013Hjco2AC,2026/08,2026/08,2026-08-01,2027-07-31,a0CRB0000CcXZ6Z2QW,,,70000,70000,False,False,5,2026-08-24T21:42:16.000+0000,2026-08-24T21:42:16.000+0000,CN-00000240,矢作建設_契約変更,Activated,矢作建設工業株式会社,[年払] Rendery Enterpriseプラン
