"Severity","Category","Object","RecordId","RecordName","Issue","Evidence","RecommendedAction"
"High","MRR","Contract__c","a04RB00000kUANnYAO","CN-00000013","有効契約のMRRが空","Status=Activated","請求明細または契約内容を根拠にMRRを設定する"
"High","MRR","Contract__c","a04RB00000n5JeAYAU","CN-00000228","有効契約のMRRが空","Status=Activated","請求明細または契約内容を根拠にMRRを設定する"
"High","MRR","Contract__c","a04RB00000nA94DYAS","CN-00000230","有効契約のMRRが空","Status=Activated","請求明細または契約内容を根拠にMRRを設定する"
"High","MRR","Contract__c","a04RB00000nCmpRYAS","CN-00000233","有効契約のMRRが空","Status=Activated","請求明細または契約内容を根拠にMRRを設定する"
"High","MRR","Contract__c","a04RB00000nCmpSYAS","CN-00000234","有効契約のMRRが空","Status=Activated","請求明細または契約内容を根拠にMRRを設定する"
"High","MRR","Contract__c","a04RB00000nRI1RYAW","CN-00000240","有効契約のMRRが空","Status=Activated","請求明細または契約内容を根拠にMRRを設定する"
"High","MRR","Contract__c","a04RB00000nS9IfYAK","CN-00000242","有効契約のMRRが空","Status=Activated","請求明細または契約内容を根拠にMRRを設定する"
"High","MRR","Contract__c","a04RB00000nS9IgYAK","CN-00000243","有効契約のMRRが空","Status=Activated","請求明細または契約内容を根拠にMRRを設定する"
"High","MRR","ContractLineItem__c","a03RB00001NswjRYAR","Asplead株式会社_2026/04","MRR対象だが売上予定額が空","Month=2026/04, Total=16000","商品単価または請求明細から売上予定額を補完する"
"High","MRR","ContractLineItem__c","a03RB00001NswjSYAR","Asplead株式会社_2026/05","MRR対象だが売上予定額が空","Month=2026/05, Total=16000","商品単価または請求明細から売上予定額を補完する"
"High","MRR","ContractLineItem__c","a03RB00001NswqqYAB","ONETEAM不動産_2025/06","MRR対象だが売上予定額が空","Month=2025/06, Total=55000","商品単価または請求明細から売上予定額を補完する"
"High","MRR","ContractLineItem__c","a03RB00001NswqrYAB","ONETEAM不動産_2025/07","MRR対象だが売上予定額が空","Month=2025/07, Total=11000","商品単価または請求明細から売上予定額を補完する"
"High","MRR","ContractLineItem__c","a03RB00001NswqsYAB","ONETEAM不動産_2025/08","MRR対象だが売上予定額が空","Month=2025/08, Total=11000","商品単価または請求明細から売上予定額を補完する"
"High","MRR","ContractLineItem__c","a03RB00001NswqtYAB","ONETEAM不動産_2025/09","MRR対象だが売上予定額が空","Month=2025/09, Total=11000","商品単価または請求明細から売上予定額を補完する"
"High","MRR","ContractLineItem__c","a03RB00001NswquYAB","ONETEAM不動産_2025/10","MRR対象だが売上予定額が空","Month=2025/10, Total=11000","商品単価または請求明細から売上予定額を補完する"
"High","MRR","ContractLineItem__c","a03RB00001NswqvYAB","ONETEAM不動産_2025/11","MRR対象だが売上予定額が空","Month=2025/11, Total=11000","商品単価または請求明細から売上予定額を補完する"
"High","MRR","ContractLineItem__c","a03RB00001NswqwYAB","ONETEAM不動産_2025/12","MRR対象だが売上予定額が空","Month=2025/12, Total=11000","商品単価または請求明細から売上予定額を補完する"
"High","MRR","ContractLineItem__c","a03RB00001NswqxYAB","ONETEAM不動産_2026/01","MRR対象だが売上予定額が空","Month=2026/01, Total=11000","商品単価または請求明細から売上予定額を補完する"
"High","MRR","ContractLineItem__c","a03RB00001NswqyYAB","ONETEAM不動産_2026/02","MRR対象だが売上予定額が空","Month=2026/02, Total=11000","商品単価または請求明細から売上予定額を補完する"
"High","MRR","ContractLineItem__c","a03RB00001NswqzYAB","ONETEAM不動産_2026/03","MRR対象だが売上予定額が空","Month=2026/03, Total=11000","商品単価または請求明細から売上予定額を補完する"
"High","MRR","ContractLineItem__c","a03RB00001Nswr0YAB","ONETEAM不動産_2026/04","MRR対象だが売上予定額が空","Month=2026/04, Total=11000","商品単価または請求明細から売上予定額を補完する"
"High","MRR","ContractLineItem__c","a03RB00001Nswr1YAB","ONETEAM不動産_2026/05","MRR対象だが売上予定額が空","Month=2026/05, Total=11000","商品単価または請求明細から売上予定額を補完する"
"High","MRR","ContractLineItem__c","a03RB00001NswigYAB","Phantom株式会社_2026/02","MRR対象だが売上予定額が空","Month=2026/02, Total=16000","商品単価または請求明細から売上予定額を補完する"
"High","MRR","ContractLineItem__c","a03RB00001NswihYAB","Phantom株式会社_2026/03","MRR対象だが売上予定額が空","Month=2026/03, Total=16000","商品単価または請求明細から売上予定額を補完する"
"High","MRR","ContractLineItem__c","a03RB00001NswiiYAB","Phantom株式会社_2026/04","MRR対象だが売上予定額が空","Month=2026/04, Total=16000","商品単価または請求明細から売上予定額を補完する"
"High","MRR","ContractLineItem__c","a03RB00001NswijYAB","Phantom株式会社_2026/05","MRR対象だが売上予定額が空","Month=2026/05, Total=16000","商品単価または請求明細から売上予定額を補完する"
"High","MRR","ContractLineItem__c","a03RB00001NswrEYAR","TC神鋼不動産株式会社_2025/07","MRR対象だが売上予定額が空","Month=2025/07, Total=11000","商品単価または請求明細から売上予定額を補完する"
"High","MRR","ContractLineItem__c","a03RB00001NswrFYAR","TC神鋼不動産株式会社_2025/08","MRR対象だが売上予定額が空","Month=2025/08, Total=11000","商品単価または請求明細から売上予定額を補完する"
"High","MRR","ContractLineItem__c","a03RB00001NswrGYAR","TC神鋼不動産株式会社_2025/09","MRR対象だが売上予定額が空","Month=2025/09, Total=11000","商品単価または請求明細から売上予定額を補完する"
"High","MRR","ContractLineItem__c","a03RB00001NswrHYAR","TC神鋼不動産株式会社_2025/10","MRR対象だが売上予定額が空","Month=2025/10, Total=11000","商品単価または請求明細から売上予定額を補完する"
"High","MRR","ContractLineItem__c","a03RB00001NswrIYAR","TC神鋼不動産株式会社_2025/11","MRR対象だが売上予定額が空","Month=2025/11, Total=11000","商品単価または請求明細から売上予定額を補完する"
"High","MRR","ContractLineItem__c","a03RB00001NswrJYAR","TC神鋼不動産株式会社_2025/12","MRR対象だが売上予定額が空","Month=2025/12, Total=11000","商品単価または請求明細から売上予定額を補完する"
"High","MRR","ContractLineItem__c","a03RB00001NswrKYAR","TC神鋼不動産株式会社_2026/01","MRR対象だが売上予定額が空","Month=2026/01, Total=11000","商品単価または請求明細から売上予定額を補完する"
"High","MRR","ContractLineItem__c","a03RB00001NswrLYAR","TC神鋼不動産株式会社_2026/02","MRR対象だが売上予定額が空","Month=2026/02, Total=11000","商品単価または請求明細から売上予定額を補完する"
"High","MRR","ContractLineItem__c","a03RB00001NswrMYAR","TC神鋼不動産株式会社_2026/03","MRR対象だが売上予定額が空","Month=2026/03, Total=11000","商品単価または請求明細から売上予定額を補完する"
"High","MRR","ContractLineItem__c","a03RB00001NswrNYAR","TC神鋼不動産株式会社_2026/04","MRR対象だが売上予定額が空","Month=2026/04, Total=11000","商品単価または請求明細から売上予定額を補完する"
"High","MRR","ContractLineItem__c","a03RB00001NswrOYAR","TC神鋼不動産株式会社_2026/05","MRR対象だが売上予定額が空","Month=2026/05, Total=11000","商品単価または請求明細から売上予定額を補完する"
"High","MRR","ContractLineItem__c","a03RB00001Nswj5YAB","コンチネンタルホーム株式会社_2026/04","MRR対象だが売上予定額が空","Month=2026/04, Total=24000","商品単価または請求明細から売上予定額を補完する"
"High","MRR","ContractLineItem__c","a03RB00001Nswj6YAB","コンチネンタルホーム株式会社_2026/05","MRR対象だが売上予定額が空","Month=2026/05, Total=24000","商品単価または請求明細から売上予定額を補完する"
"High","MRR","ContractLineItem__c","a03RB00001NswUHYAZ","サンフロンティア不動産株式会社_2024/06","MRR対象だが売上予定額が空","Month=2024/06, Total=64000","商品単価または請求明細から売上予定額を補完する"
"High","MRR","ContractLineItem__c","a03RB00001NswUIYAZ","サンフロンティア不動産株式会社_2024/07","MRR対象だが売上予定額が空","Month=2024/07, Total=64000","商品単価または請求明細から売上予定額を補完する"
"High","MRR","ContractLineItem__c","a03RB00001NswUJYAZ","サンフロンティア不動産株式会社_2024/08","MRR対象だが売上予定額が空","Month=2024/08, Total=64000","商品単価または請求明細から売上予定額を補完する"
"High","MRR","ContractLineItem__c","a03RB00001NswUKYAZ","サンフロンティア不動産株式会社_2024/09","MRR対象だが売上予定額が空","Month=2024/09, Total=64000","商品単価または請求明細から売上予定額を補完する"
"High","MRR","ContractLineItem__c","a03RB00001NswULYAZ","サンフロンティア不動産株式会社_2024/10","MRR対象だが売上予定額が空","Month=2024/10, Total=64000","商品単価または請求明細から売上予定額を補完する"
"High","MRR","ContractLineItem__c","a03RB00001NswUMYAZ","サンフロンティア不動産株式会社_2024/11","MRR対象だが売上予定額が空","Month=2024/11, Total=64000","商品単価または請求明細から売上予定額を補完する"
"High","MRR","ContractLineItem__c","a03RB00001NswUNYAZ","サンフロンティア不動産株式会社_2024/12","MRR対象だが売上予定額が空","Month=2024/12, Total=64000","商品単価または請求明細から売上予定額を補完する"
"High","MRR","ContractLineItem__c","a03RB00001NswUOYAZ","サンフロンティア不動産株式会社_2025/01","MRR対象だが売上予定額が空","Month=2025/01, Total=64000","商品単価または請求明細から売上予定額を補完する"
"High","MRR","ContractLineItem__c","a03RB00001NswUPYAZ","サンフロンティア不動産株式会社_2025/02","MRR対象だが売上予定額が空","Month=2025/02, Total=64000","商品単価または請求明細から売上予定額を補完する"
"High","MRR","ContractLineItem__c","a03RB00001NswUQYAZ","サンフロンティア不動産株式会社_2025/03","MRR対象だが売上予定額が空","Month=2025/03, Total=64000","商品単価または請求明細から売上予定額を補完する"
"High","MRR","ContractLineItem__c","a03RB00001NswURYAZ","サンフロンティア不動産株式会社_2025/04","MRR対象だが売上予定額が空","Month=2025/04, Total=64000","商品単価または請求明細から売上予定額を補完する"
"High","MRR","ContractLineItem__c","a03RB00001NswUSYAZ","サンフロンティア不動産株式会社_2025/05","MRR対象だが売上予定額が空","Month=2025/05, Total=64000","商品単価または請求明細から売上予定額を補完する"
"High","MRR","ContractLineItem__c","a03RB00001NswUTYAZ","サンフロンティア不動産株式会社_2025/06","MRR対象だが売上予定額が空","Month=2025/06, Total=64000","商品単価または請求明細から売上予定額を補完する"
"High","MRR","ContractLineItem__c","a03RB00001NswUUYAZ","サンフロンティア不動産株式会社_2025/07","MRR対象だが売上予定額が空","Month=2025/07, Total=64000","商品単価または請求明細から売上予定額を補完する"
"High","MRR","ContractLineItem__c","a03RB00001NswUVYAZ","サンフロンティア不動産株式会社_2025/08","MRR対象だが売上予定額が空","Month=2025/08, Total=64000","商品単価または請求明細から売上予定額を補完する"
"High","MRR","ContractLineItem__c","a03RB00001NswUWYAZ","サンフロンティア不動産株式会社_2025/09","MRR対象だが売上予定額が空","Month=2025/09, Total=64000","商品単価または請求明細から売上予定額を補完する"
"High","MRR","ContractLineItem__c","a03RB00001NswUXYAZ","サンフロンティア不動産株式会社_2025/10","MRR対象だが売上予定額が空","Month=2025/10, Total=64000","商品単価または請求明細から売上予定額を補完する"
"High","MRR","ContractLineItem__c","a03RB00001NswUYYAZ","サンフロンティア不動産株式会社_2025/11","MRR対象だが売上予定額が空","Month=2025/11, Total=64000","商品単価または請求明細から売上予定額を補完する"
"High","MRR","ContractLineItem__c","a03RB00001NswUZYAZ","サンフロンティア不動産株式会社_2025/12","MRR対象だが売上予定額が空","Month=2025/12, Total=64000","商品単価または請求明細から売上予定額を補完する"
"High","MRR","ContractLineItem__c","a03RB00001NswUaYAJ","サンフロンティア不動産株式会社_2026/01","MRR対象だが売上予定額が空","Month=2026/01, Total=64000","商品単価または請求明細から売上予定額を補完する"
"High","MRR","ContractLineItem__c","a03RB00001NswUbYAJ","サンフロンティア不動産株式会社_2026/02","MRR対象だが売上予定額が空","Month=2026/02, Total=64000","商品単価または請求明細から売上予定額を補完する"
"High","MRR","ContractLineItem__c","a03RB00001NswUcYAJ","サンフロンティア不動産株式会社_2026/03","MRR対象だが売上予定額が空","Month=2026/03, Total=64000","商品単価または請求明細から売上予定額を補完する"
"High","MRR","ContractLineItem__c","a03RB00001NswUdYAJ","サンフロンティア不動産株式会社_2026/04","MRR対象だが売上予定額が空","Month=2026/04, Total=64000","商品単価または請求明細から売上予定額を補完する"
"High","MRR","ContractLineItem__c","a03RB00001NswUeYAJ","サンフロンティア不動産株式会社_2026/05","MRR対象だが売上予定額が空","Month=2026/05, Total=64000","商品単価または請求明細から売上予定額を補完する"
"High","MRR","ContractLineItem__c","a03RB00001NswjTYAR","スタイルテック総合計画_2026/04","MRR対象だが売上予定額が空","Month=2026/04, Total=75000","商品単価または請求明細から売上予定額を補完する"
"High","MRR","ContractLineItem__c","a03RB00001NswjUYAR","スタイルテック総合計画_2026/05","MRR対象だが売上予定額が空","Month=2026/05, Total=75000","商品単価または請求明細から売上予定額を補完する"
"High","MRR","ContractLineItem__c","a03RB00001NswjeYAB","フィールド・デザイン・アーキテクツ一級建築士事務所_2026/04","MRR対象だが売上予定額が空","Month=2026/04, Total=8000","商品単価または請求明細から売上予定額を補完する"
"High","MRR","ContractLineItem__c","a03RB00001NswjfYAB","フィールド・デザイン・アーキテクツ一級建築士事務所_2026/05","MRR対象だが売上予定額が空","Month=2026/05, Total=8000","商品単価または請求明細から売上予定額を補完する"
"High","MRR","ContractLineItem__c","a03RB00001NswgpYAB","フロンヴィルホームズ名古屋株式会社_2026/03","MRR対象だが売上予定額が空","Month=2026/03, Total=8000","商品単価または請求明細から売上予定額を補完する"
"High","MRR","ContractLineItem__c","a03RB00001NswgqYAB","フロンヴィルホームズ名古屋株式会社_2026/04","MRR対象だが売上予定額が空","Month=2026/04, Total=8000","商品単価または請求明細から売上予定額を補完する"
"High","MRR","ContractLineItem__c","a03RB00001NswgrYAB","フロンヴィルホームズ名古屋株式会社_2026/05","MRR対象だが売上予定額が空","Month=2026/05, Total=8000","商品単価または請求明細から売上予定額を補完する"
"High","MRR","ContractLineItem__c","a03RB00001NswgsYAB","フロンヴィルホームズ名古屋株式会社_2026/08","MRR対象だが売上予定額が空","Month=2026/08, Total=20000","商品単価または請求明細から売上予定額を補完する"
"High","MRR","ContractLineItem__c","a03RB00001Nswj3YAB","花菱不動産株式会社_2026/04","MRR対象だが売上予定額が空","Month=2026/04, Total=16000","商品単価または請求明細から売上予定額を補完する"
"High","MRR","ContractLineItem__c","a03RB00001Nswj4YAB","花菱不動産株式会社_2026/05","MRR対象だが売上予定額が空","Month=2026/05, Total=16000","商品単価または請求明細から売上予定額を補完する"
"High","MRR","ContractLineItem__c","a03RB00001NswsMYAR","株式会社 三福管理センター_2025/11","MRR対象だが売上予定額が空","Month=2025/11, Total=55000","商品単価または請求明細から売上予定額を補完する"
"High","MRR","ContractLineItem__c","a03RB00001NswsNYAR","株式会社 三福管理センター_2025/12","MRR対象だが売上予定額が空","Month=2025/12, Total=55000","商品単価または請求明細から売上予定額を補完する"
"High","MRR","ContractLineItem__c","a03RB00001NswsOYAR","株式会社 三福管理センター_2026/01","MRR対象だが売上予定額が空","Month=2026/01, Total=55000","商品単価または請求明細から売上予定額を補完する"
"High","MRR","ContractLineItem__c","a03RB00001NswsPYAR","株式会社 三福管理センター_2026/02","MRR対象だが売上予定額が空","Month=2026/02, Total=55000","商品単価または請求明細から売上予定額を補完する"
"High","MRR","ContractLineItem__c","a03RB00001NswsQYAR","株式会社 三福管理センター_2026/03","MRR対象だが売上予定額が空","Month=2026/03, Total=55000","商品単価または請求明細から売上予定額を補完する"
"High","MRR","ContractLineItem__c","a03RB00001NswsRYAR","株式会社 三福管理センター_2026/04","MRR対象だが売上予定額が空","Month=2026/04, Total=55000","商品単価または請求明細から売上予定額を補完する"
"High","MRR","ContractLineItem__c","a03RB00001NswjVYAR","株式会社ecoaハウス_2026/04","MRR対象だが売上予定額が空","Month=2026/04, Total=75000","商品単価または請求明細から売上予定額を補完する"
"High","MRR","ContractLineItem__c","a03RB00001NswjWYAR","株式会社ecoaハウス_2026/05","MRR対象だが売上予定額が空","Month=2026/05, Total=75000","商品単価または請求明細から売上予定額を補完する"
"High","MRR","ContractLineItem__c","a03RB00001NswerYAB","株式会社LIXIL住宅研究所 リノベーション推進室_2025/09","MRR対象だが売上予定額が空","Month=2025/09, Total=16000","商品単価または請求明細から売上予定額を補完する"
"High","MRR","ContractLineItem__c","a03RB00001NswesYAB","株式会社LIXIL住宅研究所 リノベーション推進室_2025/10","MRR対象だが売上予定額が空","Month=2025/10, Total=16000","商品単価または請求明細から売上予定額を補完する"
"High","MRR","ContractLineItem__c","a03RB00001NswetYAB","株式会社LIXIL住宅研究所 リノベーション推進室_2025/11","MRR対象だが売上予定額が空","Month=2025/11, Total=16000","商品単価または請求明細から売上予定額を補完する"
"High","MRR","ContractLineItem__c","a03RB00001NsweuYAB","株式会社LIXIL住宅研究所 リノベーション推進室_2025/12","MRR対象だが売上予定額が空","Month=2025/12, Total=16000","商品単価または請求明細から売上予定額を補完する"
"High","MRR","ContractLineItem__c","a03RB00001NswevYAB","株式会社LIXIL住宅研究所 リノベーション推進室_2026/01","MRR対象だが売上予定額が空","Month=2026/01, Total=16000","商品単価または請求明細から売上予定額を補完する"
"High","MRR","ContractLineItem__c","a03RB00001NswewYAB","株式会社LIXIL住宅研究所 リノベーション推進室_2026/02","MRR対象だが売上予定額が空","Month=2026/02, Total=16000","商品単価または請求明細から売上予定額を補完する"
"High","MRR","ContractLineItem__c","a03RB00001NswexYAB","株式会社LIXIL住宅研究所 リノベーション推進室_2026/03","MRR対象だが売上予定額が空","Month=2026/03, Total=8000","商品単価または請求明細から売上予定額を補完する"
"High","MRR","ContractLineItem__c","a03RB00001NsweyYAB","株式会社LIXIL住宅研究所 リノベーション推進室_2026/04","MRR対象だが売上予定額が空","Month=2026/04, Total=8000","商品単価または請求明細から売上予定額を補完する"
"High","MRR","ContractLineItem__c","a03RB00001NswezYAB","株式会社LIXIL住宅研究所 リノベーション推進室_2026/05","MRR対象だが売上予定額が空","Month=2026/05, Total=8000","商品単価または請求明細から売上予定額を補完する"
"High","MRR","ContractLineItem__c","a03RB00001NswrPYAR","株式会社TAKUTO_2025/07","MRR対象だが売上予定額が空","Month=2025/07, Total=11000","商品単価または請求明細から売上予定額を補完する"
"High","MRR","ContractLineItem__c","a03RB00001NswrQYAR","株式会社TAKUTO_2025/08","MRR対象だが売上予定額が空","Month=2025/08, Total=11000","商品単価または請求明細から売上予定額を補完する"
"High","MRR","ContractLineItem__c","a03RB00001NswrRYAR","株式会社TAKUTO_2025/09","MRR対象だが売上予定額が空","Month=2025/09, Total=11000","商品単価または請求明細から売上予定額を補完する"
"High","MRR","ContractLineItem__c","a03RB00001NswrSYAR","株式会社TAKUTO_2025/10","MRR対象だが売上予定額が空","Month=2025/10, Total=11000","商品単価または請求明細から売上予定額を補完する"
"High","MRR","ContractLineItem__c","a03RB00001NswrTYAR","株式会社TAKUTO_2025/11","MRR対象だが売上予定額が空","Month=2025/11, Total=11000","商品単価または請求明細から売上予定額を補完する"
"High","MRR","ContractLineItem__c","a03RB00001NswrUYAR","株式会社TAKUTO_2025/12","MRR対象だが売上予定額が空","Month=2025/12, Total=11000","商品単価または請求明細から売上予定額を補完する"
"High","MRR","ContractLineItem__c","a03RB00001NswrVYAR","株式会社TAKUTO_2026/01","MRR対象だが売上予定額が空","Month=2026/01, Total=11000","商品単価または請求明細から売上予定額を補完する"
"High","MRR","ContractLineItem__c","a03RB00001NswrWYAR","株式会社TAKUTO_2026/02","MRR対象だが売上予定額が空","Month=2026/02, Total=11000","商品単価または請求明細から売上予定額を補完する"
"High","MRR","ContractLineItem__c","a03RB00001NswrXYAR","株式会社TAKUTO_2026/03","MRR対象だが売上予定額が空","Month=2026/03, Total=11000","商品単価または請求明細から売上予定額を補完する"
"High","MRR","ContractLineItem__c","a03RB00001NswrYYAR","株式会社TAKUTO_2026/04","MRR対象だが売上予定額が空","Month=2026/04, Total=11000","商品単価または請求明細から売上予定額を補完する"
"High","MRR","ContractLineItem__c","a03RB00001NswrZYAR","株式会社TAKUTO_2026/05","MRR対象だが売上予定額が空","Month=2026/05, Total=11000","商品単価または請求明細から売上予定額を補完する"
"High","MRR","ContractLineItem__c","a03RB00001Nswc7YAB","株式会社アーキテクト・ディベロッパー（5月1日より帝国不動産株式会社）_2025/05","MRR対象だが売上予定額が空","Month=2025/05, Total=40000","商品単価または請求明細から売上予定額を補完する"
"High","MRR","ContractLineItem__c","a03RB00001Nswc8YAB","株式会社アーキテクト・ディベロッパー（5月1日より帝国不動産株式会社）_2025/06","MRR対象だが売上予定額が空","Month=2025/06, Total=40000","商品単価または請求明細から売上予定額を補完する"
"High","MRR","ContractLineItem__c","a03RB00001Nswc9YAB","株式会社アーキテクト・ディベロッパー（5月1日より帝国不動産株式会社）_2025/07","MRR対象だが売上予定額が空","Month=2025/07, Total=40000","商品単価または請求明細から売上予定額を補完する"
"High","MRR","ContractLineItem__c","a03RB00001NswcAYAR","株式会社アーキテクト・ディベロッパー（5月1日より帝国不動産株式会社）_2025/08","MRR対象だが売上予定額が空","Month=2025/08, Total=40000","商品単価または請求明細から売上予定額を補完する"
"High","MRR","ContractLineItem__c","a03RB00001NswcBYAR","株式会社アーキテクト・ディベロッパー（5月1日より帝国不動産株式会社）_2025/09","MRR対象だが売上予定額が空","Month=2025/09, Total=40000","商品単価または請求明細から売上予定額を補完する"
"High","MRR","ContractLineItem__c","a03RB00001NswcCYAR","株式会社アーキテクト・ディベロッパー（5月1日より帝国不動産株式会社）_2025/10","MRR対象だが売上予定額が空","Month=2025/10, Total=48000","商品単価または請求明細から売上予定額を補完する"
"High","MRR","ContractLineItem__c","a03RB00001NswcDYAR","株式会社アーキテクト・ディベロッパー（5月1日より帝国不動産株式会社）_2025/11","MRR対象だが売上予定額が空","Month=2025/11, Total=48000","商品単価または請求明細から売上予定額を補完する"
"High","MRR","ContractLineItem__c","a03RB00001NswcEYAR","株式会社アーキテクト・ディベロッパー（5月1日より帝国不動産株式会社）_2025/12","MRR対象だが売上予定額が空","Month=2025/12, Total=48000","商品単価または請求明細から売上予定額を補完する"
"High","MRR","ContractLineItem__c","a03RB00001NswcFYAR","株式会社アーキテクト・ディベロッパー（5月1日より帝国不動産株式会社）_2026/01","MRR対象だが売上予定額が空","Month=2026/01, Total=48000","商品単価または請求明細から売上予定額を補完する"
"High","MRR","ContractLineItem__c","a03RB00001NswcGYAR","株式会社アーキテクト・ディベロッパー（5月1日より帝国不動産株式会社）_2026/02","MRR対象だが売上予定額が空","Month=2026/02, Total=48000","商品単価または請求明細から売上予定額を補完する"
"High","MRR","ContractLineItem__c","a03RB00001NswcHYAR","株式会社アーキテクト・ディベロッパー（5月1日より帝国不動産株式会社）_2026/03","MRR対象だが売上予定額が空","Month=2026/03, Total=48000","商品単価または請求明細から売上予定額を補完する"
"High","MRR","ContractLineItem__c","a03RB00001NswcIYAR","株式会社アーキテクト・ディベロッパー（5月1日より帝国不動産株式会社）_2026/04","MRR対象だが売上予定額が空","Month=2026/04, Total=48000","商品単価または請求明細から売上予定額を補完する"
"High","MRR","ContractLineItem__c","a03RB00001NswcJYAR","株式会社アーキテクト・ディベロッパー（5月1日より帝国不動産株式会社）_2026/05","MRR対象だが売上予定額が空","Month=2026/05, Total=48000","商品単価または請求明細から売上予定額を補完する"
"High","MRR","ContractLineItem__c","a03RB00001NswcKYAR","株式会社アーキテクト・ディベロッパー（5月1日より帝国不動産株式会社）_2026/06","MRR対象だが売上予定額が空","Month=2026/06, Total=48000","商品単価または請求明細から売上予定額を補完する"
"High","MRR","ContractLineItem__c","a03RB00001NswsSYAR","株式会社ケン・プロパティマネジメント_2025/12","MRR対象だが売上予定額が空","Month=2025/12, Total=55000","商品単価または請求明細から売上予定額を補完する"
"High","MRR","ContractLineItem__c","a03RB00001NswsTYAR","株式会社ケン・プロパティマネジメント_2026/01","MRR対象だが売上予定額が空","Month=2026/01, Total=55000","商品単価または請求明細から売上予定額を補完する"
"High","MRR","ContractLineItem__c","a03RB00001NswsUYAR","株式会社ケン・プロパティマネジメント_2026/02","MRR対象だが売上予定額が空","Month=2026/02, Total=55000","商品単価または請求明細から売上予定額を補完する"
"High","MRR","ContractLineItem__c","a03RB00001NswsVYAR","株式会社ケン・プロパティマネジメント_2026/03","MRR対象だが売上予定額が空","Month=2026/03, Total=55000","商品単価または請求明細から売上予定額を補完する"
"High","MRR","ContractLineItem__c","a03RB00001NswsWYAR","株式会社ケン・プロパティマネジメント_2026/04","MRR対象だが売上予定額が空","Month=2026/04, Total=55000","商品単価または請求明細から売上予定額を補完する"
"High","MRR","ContractLineItem__c","a03RB00001NswsXYAR","株式会社ケン・プロパティマネジメント_2026/05","MRR対象だが売上予定額が空","Month=2026/05, Total=55000","商品単価または請求明細から売上予定額を補完する"
"High","MRR","ContractLineItem__c","a03RB00001NswbpYAB","株式会社デザインアーク_2025/05","MRR対象だが売上予定額が空","Month=2025/05, Total=132000","商品単価または請求明細から売上予定額を補完する"
"High","MRR","ContractLineItem__c","a03RB00001NswbqYAB","株式会社デザインアーク_2025/06","MRR対象だが売上予定額が空","Month=2025/06, Total=66000","商品単価または請求明細から売上予定額を補完する"
"High","MRR","ContractLineItem__c","a03RB00001NswbrYAB","株式会社デザインアーク_2025/07","MRR対象だが売上予定額が空","Month=2025/07, Total=66000","商品単価または請求明細から売上予定額を補完する"
"High","MRR","ContractLineItem__c","a03RB00001NswbsYAB","株式会社デザインアーク_2025/08","MRR対象だが売上予定額が空","Month=2025/08, Total=66000","商品単価または請求明細から売上予定額を補完する"
"High","MRR","ContractLineItem__c","a03RB00001NswbtYAB","株式会社デザインアーク_2025/09","MRR対象だが売上予定額が空","Month=2025/09, Total=66000","商品単価または請求明細から売上予定額を補完する"
"High","MRR","ContractLineItem__c","a03RB00001NswbuYAB","株式会社デザインアーク_2025/10","MRR対象だが売上予定額が空","Month=2025/10, Total=66000","商品単価または請求明細から売上予定額を補完する"
"High","MRR","ContractLineItem__c","a03RB00001NswbvYAB","株式会社デザインアーク_2025/11","MRR対象だが売上予定額が空","Month=2025/11, Total=66000","商品単価または請求明細から売上予定額を補完する"
"High","MRR","ContractLineItem__c","a03RB00001NswbwYAB","株式会社デザインアーク_2025/12","MRR対象だが売上予定額が空","Month=2025/12, Total=66000","商品単価または請求明細から売上予定額を補完する"
"High","MRR","ContractLineItem__c","a03RB00001NswbxYAB","株式会社デザインアーク_2026/01","MRR対象だが売上予定額が空","Month=2026/01, Total=66000","商品単価または請求明細から売上予定額を補完する"
"High","MRR","ContractLineItem__c","a03RB00001NswbyYAB","株式会社デザインアーク_2026/02","MRR対象だが売上予定額が空","Month=2026/02, Total=55000","商品単価または請求明細から売上予定額を補完する"
"High","MRR","ContractLineItem__c","a03RB00001NswbzYAB","株式会社デザインアーク_2026/03","MRR対象だが売上予定額が空","Month=2026/03, Total=55000","商品単価または請求明細から売上予定額を補完する"
"High","MRR","ContractLineItem__c","a03RB00001Nswc0YAB","株式会社デザインアーク_2026/04","MRR対象だが売上予定額が空","Month=2026/04, Total=55000","商品単価または請求明細から売上予定額を補完する"
"High","MRR","ContractLineItem__c","a03RB00001Nswc1YAB","株式会社デザインアーク_2026/05","MRR対象だが売上予定額が空","Month=2026/05, Total=55000","商品単価または請求明細から売上予定額を補完する"
"High","MRR","ContractLineItem__c","a03RB00001NswjXYAR","株式会社ドムコス_2026/04","MRR対象だが売上予定額が空","Month=2026/04, Total=8000","商品単価または請求明細から売上予定額を補完する"
"High","MRR","ContractLineItem__c","a03RB00001NswjYYAR","株式会社ドムコス_2026/05","MRR対象だが売上予定額が空","Month=2026/05, Total=8000","商品単価または請求明細から売上予定額を補完する"
"High","MRR","ContractLineItem__c","a03RB00001NswVwYAJ","株式会社フロンティアコンサルティング_2024/08","MRR対象だが売上予定額が空","Month=2024/08, Total=27500","商品単価または請求明細から売上予定額を補完する"
"High","MRR","ContractLineItem__c","a03RB00001NswVxYAJ","株式会社フロンティアコンサルティング_2024/09","MRR対象だが売上予定額が空","Month=2024/09, Total=27500","商品単価または請求明細から売上予定額を補完する"
"High","MRR","ContractLineItem__c","a03RB00001NswVyYAJ","株式会社フロンティアコンサルティング_2024/10","MRR対象だが売上予定額が空","Month=2024/10, Total=27500","商品単価または請求明細から売上予定額を補完する"
"High","MRR","ContractLineItem__c","a03RB00001NswVzYAJ","株式会社フロンティアコンサルティング_2024/11","MRR対象だが売上予定額が空","Month=2024/11, Total=27500","商品単価または請求明細から売上予定額を補完する"
"High","MRR","ContractLineItem__c","a03RB00001NswW0YAJ","株式会社フロンティアコンサルティング_2024/12","MRR対象だが売上予定額が空","Month=2024/12, Total=27500","商品単価または請求明細から売上予定額を補完する"
"High","MRR","ContractLineItem__c","a03RB00001NswW1YAJ","株式会社フロンティアコンサルティング_2025/01","MRR対象だが売上予定額が空","Month=2025/01, Total=27500","商品単価または請求明細から売上予定額を補完する"
"High","MRR","ContractLineItem__c","a03RB00001NswW2YAJ","株式会社フロンティアコンサルティング_2025/02","MRR対象だが売上予定額が空","Month=2025/02, Total=396000","商品単価または請求明細から売上予定額を補完する"
"High","MRR","ContractLineItem__c","a03RB00001NswW3YAJ","株式会社フロンティアコンサルティング_2025/03","MRR対象だが売上予定額が空","Month=2025/03, Total=396000","商品単価または請求明細から売上予定額を補完する"
"High","MRR","ContractLineItem__c","a03RB00001NswW4YAJ","株式会社フロンティアコンサルティング_2025/04","MRR対象だが売上予定額が空","Month=2025/04, Total=396000","商品単価または請求明細から売上予定額を補完する"
"High","MRR","ContractLineItem__c","a03RB00001NswW5YAJ","株式会社フロンティアコンサルティング_2025/05","MRR対象だが売上予定額が空","Month=2025/05, Total=396000","商品単価または請求明細から売上予定額を補完する"
"High","MRR","ContractLineItem__c","a03RB00001NswW6YAJ","株式会社フロンティアコンサルティング_2025/06","MRR対象だが売上予定額が空","Month=2025/06, Total=418000","商品単価または請求明細から売上予定額を補完する"
"High","MRR","ContractLineItem__c","a03RB00001NswW7YAJ","株式会社フロンティアコンサルティング_2025/07","MRR対象だが売上予定額が空","Month=2025/07, Total=418000","商品単価または請求明細から売上予定額を補完する"
"High","MRR","ContractLineItem__c","a03RB00001NswW8YAJ","株式会社フロンティアコンサルティング_2025/08","MRR対象だが売上予定額が空","Month=2025/08, Total=418000","商品単価または請求明細から売上予定額を補完する"
"High","MRR","ContractLineItem__c","a03RB00001NswW9YAJ","株式会社フロンティアコンサルティング_2025/09","MRR対象だが売上予定額が空","Month=2025/09, Total=418000","商品単価または請求明細から売上予定額を補完する"
"High","MRR","ContractLineItem__c","a03RB00001NswWAYAZ","株式会社フロンティアコンサルティング_2025/10","MRR対象だが売上予定額が空","Month=2025/10, Total=462000","商品単価または請求明細から売上予定額を補完する"
"High","MRR","ContractLineItem__c","a03RB00001NswWBYAZ","株式会社フロンティアコンサルティング_2025/11","MRR対象だが売上予定額が空","Month=2025/11, Total=462000","商品単価または請求明細から売上予定額を補完する"
"High","MRR","ContractLineItem__c","a03RB00001NswWCYAZ","株式会社フロンティアコンサルティング_2025/12","MRR対象だが売上予定額が空","Month=2025/12, Total=462000","商品単価または請求明細から売上予定額を補完する"
"High","MRR","ContractLineItem__c","a03RB00001NswWDYAZ","株式会社フロンティアコンサルティング_2026/01","MRR対象だが売上予定額が空","Month=2026/01, Total=462000","商品単価または請求明細から売上予定額を補完する"
"High","MRR","ContractLineItem__c","a03RB00001NswWEYAZ","株式会社フロンティアコンサルティング_2026/02","MRR対象だが売上予定額が空","Month=2026/02, Total=462000","商品単価または請求明細から売上予定額を補完する"
"High","MRR","ContractLineItem__c","a03RB00001NswWFYAZ","株式会社フロンティアコンサルティング_2026/03","MRR対象だが売上予定額が空","Month=2026/03, Total=462000","商品単価または請求明細から売上予定額を補完する"
"High","MRR","ContractLineItem__c","a03RB00001NswWGYAZ","株式会社フロンティアコンサルティング_2026/04","MRR対象だが売上予定額が空","Month=2026/04, Total=462000","商品単価または請求明細から売上予定額を補完する"
"High","MRR","ContractLineItem__c","a03RB00001NswWHYAZ","株式会社フロンティアコンサルティング_2026/05","MRR対象だが売上予定額が空","Month=2026/05, Total=484000","商品単価または請求明細から売上予定額を補完する"
"High","MRR","ContractLineItem__c","a03RB00001NswWIYAZ","株式会社フロンティアコンサルティング_2026/06","MRR対象だが売上予定額が空","Month=2026/06, Total=550000","商品単価または請求明細から売上予定額を補完する"
"High","MRR","ContractLineItem__c","a03RB00001Nswk6YAB","株式会社安井建築設計事務所_2026/04","MRR対象だが売上予定額が空","Month=2026/04, Total=8000","商品単価または請求明細から売上予定額を補完する"
"High","MRR","ContractLineItem__c","a03RB00001Nswk7YAB","株式会社安井建築設計事務所_2026/05","MRR対象だが売上予定額が空","Month=2026/05, Total=8000","商品単価または請求明細から売上予定額を補完する"
"High","MRR","ContractLineItem__c","a03RB00001NswsYYAR","株式会社建新_2026/02","MRR対象だが売上予定額が空","Month=2026/02, Total=11000","商品単価または請求明細から売上予定額を補完する"
"High","MRR","ContractLineItem__c","a03RB00001NswsZYAR","株式会社建新_2026/03","MRR対象だが売上予定額が空","Month=2026/03, Total=11000","商品単価または請求明細から売上予定額を補完する"
"High","MRR","ContractLineItem__c","a03RB00001NswsaYAB","株式会社建新_2026/04","MRR対象だが売上予定額が空","Month=2026/04, Total=11000","商品単価または請求明細から売上予定額を補完する"
"High","MRR","ContractLineItem__c","a03RB00001NswsbYAB","株式会社建新_2026/05","MRR対象だが売上予定額が空","Month=2026/05, Total=11000","商品単価または請求明細から売上予定額を補完する"
"High","MRR","ContractLineItem__c","a03RB00001NswpTYAR","株式会社香川不動産買取センター_2025/03","MRR対象だが売上予定額が空","Month=2025/03, Total=11000","商品単価または請求明細から売上予定額を補完する"
"High","MRR","ContractLineItem__c","a03RB00001NswpUYAR","株式会社香川不動産買取センター_2025/04","MRR対象だが売上予定額が空","Month=2025/04, Total=11000","商品単価または請求明細から売上予定額を補完する"
"High","MRR","ContractLineItem__c","a03RB00001NswpVYAR","株式会社香川不動産買取センター_2025/05","MRR対象だが売上予定額が空","Month=2025/05, Total=11000","商品単価または請求明細から売上予定額を補完する"
"High","MRR","ContractLineItem__c","a03RB00001NswpWYAR","株式会社香川不動産買取センター_2025/06","MRR対象だが売上予定額が空","Month=2025/06, Total=11000","商品単価または請求明細から売上予定額を補完する"
"High","MRR","ContractLineItem__c","a03RB00001NswpXYAR","株式会社香川不動産買取センター_2025/07","MRR対象だが売上予定額が空","Month=2025/07, Total=11000","商品単価または請求明細から売上予定額を補完する"
"High","MRR","ContractLineItem__c","a03RB00001NswpYYAR","株式会社香川不動産買取センター_2025/08","MRR対象だが売上予定額が空","Month=2025/08, Total=11000","商品単価または請求明細から売上予定額を補完する"
"High","MRR","ContractLineItem__c","a03RB00001NswpZYAR","株式会社香川不動産買取センター_2025/09","MRR対象だが売上予定額が空","Month=2025/09, Total=11000","商品単価または請求明細から売上予定額を補完する"
"High","MRR","ContractLineItem__c","a03RB00001NswpaYAB","株式会社香川不動産買取センター_2025/10","MRR対象だが売上予定額が空","Month=2025/10, Total=11000","商品単価または請求明細から売上予定額を補完する"
"High","MRR","ContractLineItem__c","a03RB00001NswpbYAB","株式会社香川不動産買取センター_2025/11","MRR対象だが売上予定額が空","Month=2025/11, Total=11000","商品単価または請求明細から売上予定額を補完する"
"High","MRR","ContractLineItem__c","a03RB00001NswpcYAB","株式会社香川不動産買取センター_2025/12","MRR対象だが売上予定額が空","Month=2025/12, Total=11000","商品単価または請求明細から売上予定額を補完する"
"High","MRR","ContractLineItem__c","a03RB00001NswpdYAB","株式会社香川不動産買取センター_2026/01","MRR対象だが売上予定額が空","Month=2026/01, Total=11000","商品単価または請求明細から売上予定額を補完する"
"High","MRR","ContractLineItem__c","a03RB00001NswpeYAB","株式会社香川不動産買取センター_2026/02","MRR対象だが売上予定額が空","Month=2026/02, Total=11000","商品単価または請求明細から売上予定額を補完する"
"High","MRR","ContractLineItem__c","a03RB00001NswpfYAB","株式会社香川不動産買取センター_2026/03","MRR対象だが売上予定額が空","Month=2026/03, Total=11000","商品単価または請求明細から売上予定額を補完する"
"High","MRR","ContractLineItem__c","a03RB00001NswpgYAB","株式会社香川不動産買取センター_2026/04","MRR対象だが売上予定額が空","Month=2026/04, Total=11000","商品単価または請求明細から売上予定額を補完する"
"High","MRR","ContractLineItem__c","a03RB00001NswphYAB","株式会社香川不動産買取センター_2026/05","MRR対象だが売上予定額が空","Month=2026/05, Total=11000","商品単価または請求明細から売上予定額を補完する"
"High","MRR","ContractLineItem__c","a03RB00001NswgdYAB","株式会社三越伊勢丹プロパティデザイン_2026/01","MRR対象だが売上予定額が空","Month=2026/01, Total=40000","商品単価または請求明細から売上予定額を補完する"
"High","MRR","ContractLineItem__c","a03RB00001NswgeYAB","株式会社三越伊勢丹プロパティデザイン_2026/02","MRR対象だが売上予定額が空","Month=2026/02, Total=40000","商品単価または請求明細から売上予定額を補完する"
"High","MRR","ContractLineItem__c","a03RB00001NswgfYAB","株式会社三越伊勢丹プロパティデザイン_2026/03","MRR対象だが売上予定額が空","Month=2026/03, Total=40000","商品単価または請求明細から売上予定額を補完する"
"High","MRR","ContractLineItem__c","a03RB00001NswggYAB","株式会社三越伊勢丹プロパティデザイン_2026/04","MRR対象だが売上予定額が空","Month=2026/04, Total=40000","商品単価または請求明細から売上予定額を補完する"
"High","MRR","ContractLineItem__c","a03RB00001NswghYAB","株式会社三越伊勢丹プロパティデザイン_2026/05","MRR対象だが売上予定額が空","Month=2026/05, Total=40000","商品単価または請求明細から売上予定額を補完する"
"High","MRR","ContractLineItem__c","a03RB00001NswgiYAB","株式会社三越伊勢丹プロパティデザイン_2026/06","MRR対象だが売上予定額が空","Month=2026/06, Total=48000","商品単価または請求明細から売上予定額を補完する"
"High","MRR","ContractLineItem__c","a03RB00001NswscYAB","株式会社夢のおてつだい_2026/02","MRR対象だが売上予定額が空","Month=2026/02, Total=55000","商品単価または請求明細から売上予定額を補完する"
"High","MRR","ContractLineItem__c","a03RB00001NswsdYAB","株式会社夢のおてつだい_2026/03","MRR対象だが売上予定額が空","Month=2026/03, Total=55000","商品単価または請求明細から売上予定額を補完する"
"High","MRR","ContractLineItem__c","a03RB00001NswseYAB","株式会社夢のおてつだい_2026/04","MRR対象だが売上予定額が空","Month=2026/04, Total=55000","商品単価または請求明細から売上予定額を補完する"
"High","MRR","ContractLineItem__c","a03RB00001NswsfYAB","株式会社夢のおてつだい_2026/05","MRR対象だが売上予定額が空","Month=2026/05, Total=55000","商品単価または請求明細から売上予定額を補完する"
"High","MRR","ContractLineItem__c","a03RB00001Nswi1YAB","株式会社錢高組_2026/02","MRR対象だが売上予定額が空","Month=2026/02, Total=24000","商品単価または請求明細から売上予定額を補完する"
"High","MRR","ContractLineItem__c","a03RB00001Nswi2YAB","株式会社錢高組_2026/03","MRR対象だが売上予定額が空","Month=2026/03, Total=24000","商品単価または請求明細から売上予定額を補完する"
"High","MRR","ContractLineItem__c","a03RB00001Nswi3YAB","株式会社錢高組_2026/04","MRR対象だが売上予定額が空","Month=2026/04, Total=24000","商品単価または請求明細から売上予定額を補完する"
"High","MRR","ContractLineItem__c","a03RB00001Nswi4YAB","株式会社錢高組_2026/05","MRR対象だが売上予定額が空","Month=2026/05, Total=24000","商品単価または請求明細から売上予定額を補完する"
"High","MRR","ContractLineItem__c","a03RB00001NswjOYAR","三井住友建設株式会社_2026/03","MRR対象だが売上予定額が空","Month=2026/03, Total=8000","商品単価または請求明細から売上予定額を補完する"
"High","MRR","ContractLineItem__c","a03RB00001NswjPYAR","三井住友建設株式会社_2026/04","MRR対象だが売上予定額が空","Month=2026/04, Total=8000","商品単価または請求明細から売上予定額を補完する"
"High","MRR","ContractLineItem__c","a03RB00001NswjQYAR","三井住友建設株式会社_2026/05","MRR対象だが売上予定額が空","Month=2026/05, Total=8000","商品単価または請求明細から売上予定額を補完する"
"High","MRR","ContractLineItem__c","a03RB00001NsweiYAB","三井不動産レジデンシャルリース株式会社(ソリューション推進部)_2025/09","MRR対象だが売上予定額が空","Month=2025/09, Total=110000","商品単価または請求明細から売上予定額を補完する"
"High","MRR","ContractLineItem__c","a03RB00001NswejYAB","三井不動産レジデンシャルリース株式会社(ソリューション推進部)_2025/10","MRR対象だが売上予定額が空","Month=2025/10, Total=110000","商品単価または請求明細から売上予定額を補完する"
"High","MRR","ContractLineItem__c","a03RB00001NswekYAB","三井不動産レジデンシャルリース株式会社(ソリューション推進部)_2025/11","MRR対象だが売上予定額が空","Month=2025/11, Total=110000","商品単価または請求明細から売上予定額を補完する"
"High","MRR","ContractLineItem__c","a03RB00001NswelYAB","三井不動産レジデンシャルリース株式会社(ソリューション推進部)_2025/12","MRR対象だが売上予定額が空","Month=2025/12, Total=110000","商品単価または請求明細から売上予定額を補完する"
"High","MRR","ContractLineItem__c","a03RB00001NswemYAB","三井不動産レジデンシャルリース株式会社(ソリューション推進部)_2026/01","MRR対象だが売上予定額が空","Month=2026/01, Total=110000","商品単価または請求明細から売上予定額を補完する"
"High","MRR","ContractLineItem__c","a03RB00001NswenYAB","三井不動産レジデンシャルリース株式会社(ソリューション推進部)_2026/02","MRR対象だが売上予定額が空","Month=2026/02, Total=110000","商品単価または請求明細から売上予定額を補完する"
"High","MRR","ContractLineItem__c","a03RB00001NsweoYAB","三井不動産レジデンシャルリース株式会社(ソリューション推進部)_2026/03","MRR対象だが売上予定額が空","Month=2026/03, Total=110000","商品単価または請求明細から売上予定額を補完する"
"High","MRR","ContractLineItem__c","a03RB00001NswepYAB","三井不動産レジデンシャルリース株式会社(ソリューション推進部)_2026/04","MRR対象だが売上予定額が空","Month=2026/04, Total=132000","商品単価または請求明細から売上予定額を補完する"
"High","MRR","ContractLineItem__c","a03RB00001NsweqYAB","三井不動産レジデンシャルリース株式会社(ソリューション推進部)_2026/05","MRR対象だが売上予定額が空","Month=2026/05, Total=132000","商品単価または請求明細から売上予定額を補完する"
"High","MRR","ContractLineItem__c","a03RB00001NswgCYAR","大塚商会（大和財宅）_2025/09","MRR対象だが売上予定額が空","Month=2025/09, Total=88000","商品単価または請求明細から売上予定額を補完する"
"High","MRR","ContractLineItem__c","a03RB00001NswgDYAR","大塚商会（大和財宅）_2025/10","MRR対象だが売上予定額が空","Month=2025/10, Total=88000","商品単価または請求明細から売上予定額を補完する"
"High","MRR","ContractLineItem__c","a03RB00001NswgEYAR","大塚商会（大和財宅）_2025/11","MRR対象だが売上予定額が空","Month=2025/11, Total=88000","商品単価または請求明細から売上予定額を補完する"
"High","MRR","ContractLineItem__c","a03RB00001NswgFYAR","大塚商会（大和財宅）_2025/12","MRR対象だが売上予定額が空","Month=2025/12, Total=88000","商品単価または請求明細から売上予定額を補完する"
"High","MRR","ContractLineItem__c","a03RB00001NswgGYAR","大塚商会（大和財宅）_2026/01","MRR対象だが売上予定額が空","Month=2026/01, Total=88000","商品単価または請求明細から売上予定額を補完する"
"High","MRR","ContractLineItem__c","a03RB00001NswgHYAR","大塚商会（大和財宅）_2026/02","MRR対象だが売上予定額が空","Month=2026/02, Total=88000","商品単価または請求明細から売上予定額を補完する"
"High","MRR","ContractLineItem__c","a03RB00001NswgIYAR","大塚商会（大和財宅）_2026/03","MRR対象だが売上予定額が空","Month=2026/03, Total=88000","商品単価または請求明細から売上予定額を補完する"
"High","MRR","ContractLineItem__c","a03RB00001NswgJYAR","大塚商会（大和財宅）_2026/04","MRR対象だが売上予定額が空","Month=2026/04, Total=88000","商品単価または請求明細から売上予定額を補完する"
"High","MRR","ContractLineItem__c","a03RB00001NswgKYAR","大塚商会（大和財宅）_2026/05","MRR対象だが売上予定額が空","Month=2026/05, Total=88000","商品単価または請求明細から売上予定額を補完する"
"High","MRR","ContractLineItem__c","a03RB00001NswgLYAR","大塚商会（大和財宅）_2026/06","MRR対象だが売上予定額が空","Month=2026/06, Total=88000","商品単価または請求明細から売上予定額を補完する"
"High","MRR","ContractLineItem__c","a03RB00001NswgMYAR","大塚商会（大和財宅）_2026/07","MRR対象だが売上予定額が空","Month=2026/07, Total=88000","商品単価または請求明細から売上予定額を補完する"
"High","MRR","ContractLineItem__c","a03RB00001NswgNYAR","大塚商会（大和財宅）_2026/08","MRR対象だが売上予定額が空","Month=2026/08, Total=88000","商品単価または請求明細から売上予定額を補完する"
"High","MRR","ContractLineItem__c","a03RB00001Nswj7YAB","柏井建設株式会社_2026/03","MRR対象だが売上予定額が空","Month=2026/03, Total=75000","商品単価または請求明細から売上予定額を補完する"
"High","MRR","ContractLineItem__c","a03RB00001Nswj8YAB","柏井建設株式会社_2026/04","MRR対象だが売上予定額が空","Month=2026/04, Total=75000","商品単価または請求明細から売上予定額を補完する"
"High","MRR","ContractLineItem__c","a03RB00001Nswj9YAB","柏井建設株式会社_2026/05","MRR対象だが売上予定額が空","Month=2026/05, Total=75000","商品単価または請求明細から売上予定額を補完する"
"High","MRR","ContractLineItem__c","a03RB00001NswgjYAB","豊通ファシリティーズ株式会社 建築・設計部_2026/01","MRR対象だが売上予定額が空","Month=2026/01, Total=8000","商品単価または請求明細から売上予定額を補完する"
"High","MRR","ContractLineItem__c","a03RB00001NswgkYAB","豊通ファシリティーズ株式会社 建築・設計部_2026/02","MRR対象だが売上予定額が空","Month=2026/02, Total=8000","商品単価または請求明細から売上予定額を補完する"
"High","MRR","ContractLineItem__c","a03RB00001NswglYAB","豊通ファシリティーズ株式会社 建築・設計部_2026/03","MRR対象だが売上予定額が空","Month=2026/03, Total=8000","商品単価または請求明細から売上予定額を補完する"
"High","MRR","ContractLineItem__c","a03RB00001NswgmYAB","豊通ファシリティーズ株式会社 建築・設計部_2026/04","MRR対象だが売上予定額が空","Month=2026/04, Total=8000","商品単価または請求明細から売上予定額を補完する"
"High","MRR","ContractLineItem__c","a03RB00001NswgnYAB","豊通ファシリティーズ株式会社 建築・設計部_2026/05","MRR対象だが売上予定額が空","Month=2026/05, Total=8000","商品単価または請求明細から売上予定額を補完する"
"High","MRR","ContractLineItem__c","a03RB00001NswgoYAB","豊通ファシリティーズ株式会社 建築・設計部_2026/06","MRR対象だが売上予定額が空","Month=2026/06, Total=16000","商品単価または請求明細から売上予定額を補完する"
"High","関連不足","Contract__c","a04RB00000kUANnYAO","CN-00000013","有効契約に請求がない","Invoice count=0","freee請求の未取込または契約紐付けを確認する"
"High","関連不足","Contract__c","a04RB00000kUANqYAO","CN-00000016","有効契約に請求がない","Invoice count=0","freee請求の未取込または契約紐付けを確認する"
"High","関連不足","Contract__c","a04RB00000kUANtYAO","CN-00000019","有効契約に請求がない","Invoice count=0","freee請求の未取込または契約紐付けを確認する"
"High","関連不足","Contract__c","a04RB00000kUANuYAO","CN-00000020","有効契約に請求がない","Invoice count=0","freee請求の未取込または契約紐付けを確認する"
"High","関連不足","Contract__c","a04RB00000kUANxYAO","CN-00000023","有効契約に請求がない","Invoice count=0","freee請求の未取込または契約紐付けを確認する"
"High","関連不足","Contract__c","a04RB00000kUAO6YAO","CN-00000032","有効契約に請求がない","Invoice count=0","freee請求の未取込または契約紐付けを確認する"
"High","関連不足","Contract__c","a04RB00000kUAO9YAO","CN-00000035","有効契約に請求がない","Invoice count=0","freee請求の未取込または契約紐付けを確認する"
"High","関連不足","Contract__c","a04RB00000kUAOIYA4","CN-00000044","有効契約に請求がない","Invoice count=0","freee請求の未取込または契約紐付けを確認する"
"High","関連不足","Contract__c","a04RB00000kUAOKYA4","CN-00000046","有効契約に請求がない","Invoice count=0","freee請求の未取込または契約紐付けを確認する"
"High","関連不足","Contract__c","a04RB00000kUAOLYA4","CN-00000047","有効契約に請求がない","Invoice count=0","freee請求の未取込または契約紐付けを確認する"
"High","関連不足","Contract__c","a04RB00000kUAONYA4","CN-00000049","有効契約に請求がない","Invoice count=0","freee請求の未取込または契約紐付けを確認する"
"High","関連不足","Contract__c","a04RB00000kUAOOYA4","CN-00000050","有効契約に請求がない","Invoice count=0","freee請求の未取込または契約紐付けを確認する"
"High","関連不足","Contract__c","a04RB00000kUAOVYA4","CN-00000057","有効契約に請求がない","Invoice count=0","freee請求の未取込または契約紐付けを確認する"
"High","関連不足","Contract__c","a04RB00000kUAOXYA4","CN-00000059","有効契約に請求がない","Invoice count=0","freee請求の未取込または契約紐付けを確認する"
"High","関連不足","Contract__c","a04RB00000kUAOYYA4","CN-00000060","有効契約に請求がない","Invoice count=0","freee請求の未取込または契約紐付けを確認する"
"High","関連不足","Contract__c","a04RB00000kUAOZYA4","CN-00000061","有効契約に請求がない","Invoice count=0","freee請求の未取込または契約紐付けを確認する"
"High","関連不足","Contract__c","a04RB00000kUAOaYAO","CN-00000062","有効契約に請求がない","Invoice count=0","freee請求の未取込または契約紐付けを確認する"
"High","関連不足","Contract__c","a04RB00000kUAOkYAO","CN-00000072","有効契約に請求がない","Invoice count=0","freee請求の未取込または契約紐付けを確認する"
"High","関連不足","Contract__c","a04RB00000kUAOoYAO","CN-00000076","有効契約に請求がない","Invoice count=0","freee請求の未取込または契約紐付けを確認する"
"High","関連不足","Contract__c","a04RB00000kUAOrYAO","CN-00000079","有効契約に請求がない","Invoice count=0","freee請求の未取込または契約紐付けを確認する"
"High","関連不足","Contract__c","a04RB00000kUAOsYAO","CN-00000080","有効契約に請求がない","Invoice count=0","freee請求の未取込または契約紐付けを確認する"
"High","関連不足","Contract__c","a04RB00000kUAOvYAO","CN-00000083","有効契約に請求がない","Invoice count=0","freee請求の未取込または契約紐付けを確認する"
"High","関連不足","Contract__c","a04RB00000kUAOwYAO","CN-00000084","有効契約に請求がない","Invoice count=0","freee請求の未取込または契約紐付けを確認する"
"High","関連不足","Contract__c","a04RB00000kUAP2YAO","CN-00000090","有効契約に請求がない","Invoice count=0","freee請求の未取込または契約紐付けを確認する"
"High","関連不足","Contract__c","a04RB00000kUAP8YAO","CN-00000096","有効契約に請求がない","Invoice count=0","freee請求の未取込または契約紐付けを確認する"
"High","関連不足","Contract__c","a04RB00000kUAP9YAO","CN-00000097","有効契約に請求がない","Invoice count=0","freee請求の未取込または契約紐付けを確認する"
"High","関連不足","Contract__c","a04RB00000kUAPCYA4","CN-00000100","有効契約に請求がない","Invoice count=0","freee請求の未取込または契約紐付けを確認する"
"High","関連不足","Contract__c","a04RB00000kUAPDYA4","CN-00000101","有効契約に請求がない","Invoice count=0","freee請求の未取込または契約紐付けを確認する"
"High","関連不足","Contract__c","a04RB00000kUAPKYA4","CN-00000108","有効契約に請求がない","Invoice count=0","freee請求の未取込または契約紐付けを確認する"
"High","関連不足","Contract__c","a04RB00000kUAPLYA4","CN-00000109","有効契約に請求がない","Invoice count=0","freee請求の未取込または契約紐付けを確認する"
"High","関連不足","Contract__c","a04RB00000kUAPMYA4","CN-00000110","有効契約に請求がない","Invoice count=0","freee請求の未取込または契約紐付けを確認する"
"High","関連不足","Contract__c","a04RB00000kUAPZYA4","CN-00000123","有効契約に請求がない","Invoice count=0","freee請求の未取込または契約紐付けを確認する"
"High","関連不足","Contract__c","a04RB00000kUAPgYAO","CN-00000130","有効契約に請求がない","Invoice count=0","freee請求の未取込または契約紐付けを確認する"
"High","関連不足","Contract__c","a04RB00000lZ54zYAC","CN-00000191","有効契約に請求がない","Invoice count=0","freee請求の未取込または契約紐付けを確認する"
"High","関連不足","Contract__c","a04RB00000n5JeAYAU","CN-00000228","有効契約に請求がない","Invoice count=0","freee請求の未取込または契約紐付けを確認する"
"High","関連不足","Contract__c","a04RB00000nA94DYAS","CN-00000230","有効契約に契約月次明細が1件もない","Monthly count=0","契約期間と商品を確認して月次明細を生成する"
"High","関連不足","Contract__c","a04RB00000nA94DYAS","CN-00000230","有効契約に契約期間がない","Period count=0","契約開始日・終了日から契約期間を作成する"
"High","関連不足","Contract__c","a04RB00000nCmpRYAS","CN-00000233","有効契約に請求がない","Invoice count=0","freee請求の未取込または契約紐付けを確認する"
"High","関連不足","Contract__c","a04RB00000nCmpSYAS","CN-00000234","有効契約に請求がない","Invoice count=0","freee請求の未取込または契約紐付けを確認する"
"High","関連不足","Contract__c","a04RB00000nCmpTYAS","CN-00000235","有効契約に請求がない","Invoice count=0","freee請求の未取込または契約紐付けを確認する"
"High","関連不足","Contract__c","a04RB00000nRI1RYAW","CN-00000240","有効契約に請求がない","Invoice count=0","freee請求の未取込または契約紐付けを確認する"
"High","関連不足","Contract__c","a04RB00000nRI1RYAW","CN-00000240","有効契約に契約月次明細が1件もない","Monthly count=0","契約期間と商品を確認して月次明細を生成する"
"High","関連不足","Contract__c","a04RB00000nS9IfYAK","CN-00000242","有効契約に請求がない","Invoice count=0","freee請求の未取込または契約紐付けを確認する"
"High","関連不足","Contract__c","a04RB00000nS9IgYAK","CN-00000243","有効契約に請求がない","Invoice count=0","freee請求の未取込または契約紐付けを確認する"
"High","期間重複","ContractPeriod__c","a0BRB000010uujt2AA","CP-00000212","同一契約の契約期間が重複","Previous=CP-00000017, previous end=2026-10-30, current start=2026-08-01","更新期間の境界を修正または重複期間を統合する"
"High","期間重複","ContractPeriod__c","a0BRB000010uuju2AA","CP-00000213","同一契約の契約期間が重複","Previous=CP-00000018, previous end=2026-10-30, current start=2026-08-01","更新期間の境界を修正または重複期間を統合する"
"High","期間重複","ContractPeriod__c","a0BRB000010uuk72AA","CP-00000226","同一契約の契約期間が重複","Previous=CP-00000047, previous end=2027-03-31, current start=2026-08-01","更新期間の境界を修正または重複期間を統合する"
"High","期間重複","ContractPeriod__c","a0BRB000010uukD2AQ","CP-00000232","同一契約の契約期間が重複","Previous=CP-00000057, previous end=2027-03-31, current start=2026-08-01","更新期間の境界を修正または重複期間を統合する"
"High","期間重複","ContractPeriod__c","a0BRB000010uukh2AA","CP-00000262","同一契約の契約期間が重複","Previous=CP-00000107, previous end=2027-03-31, current start=2026-08-01","更新期間の境界を修正または重複期間を統合する"
"High","契約期間必須情報","ContractPeriod__c","a0BRB00000ynb5Y2AQ","CP-00000001","契約期間の開始日または終了日がない","Start=2024-06-01, End=","親契約の日付と更新回数から補完する"
"High","契約期間必須情報","ContractPeriod__c","a0BRB00000ynb5d2AA","CP-00000006","契約期間の開始日または終了日がない","Start=2024-08-01, End=","親契約の日付と更新回数から補完する"
"High","契約期間必須情報","ContractPeriod__c","a0BRB00000ynb5e2AA","CP-00000007","契約期間の開始日または終了日がない","Start=2024-10-01, End=","親契約の日付と更新回数から補完する"
"High","契約期間必須情報","ContractPeriod__c","a0BRB00000ynb5h2AA","CP-00000010","契約期間の開始日または終了日がない","Start=2024-10-01, End=","親契約の日付と更新回数から補完する"
"High","契約期間必須情報","ContractPeriod__c","a0BRB00000ynb5i2AA","CP-00000011","契約期間の開始日または終了日がない","Start=2024-09-01, End=","親契約の日付と更新回数から補完する"
"High","契約期間必須情報","ContractPeriod__c","a0BRB00000ynb5l2AA","CP-00000014","契約期間の開始日または終了日がない","Start=2024-11-01, End=","親契約の日付と更新回数から補完する"
"High","契約期間必須情報","ContractPeriod__c","a0BRB00000ynb5r2AA","CP-00000020","契約期間の開始日または終了日がない","Start=2025-01-01, End=","親契約の日付と更新回数から補完する"
"High","契約期間必須情報","ContractPeriod__c","a0BRB00000ynb5s2AA","CP-00000021","契約期間の開始日または終了日がない","Start=2024-12-01, End=","親契約の日付と更新回数から補完する"
"High","契約期間必須情報","ContractPeriod__c","a0BRB00000ynb5v2AA","CP-00000024","契約期間の開始日または終了日がない","Start=2025-02-01, End=","親契約の日付と更新回数から補完する"
"High","契約期間必須情報","ContractPeriod__c","a0BRB00000ynb5w2AA","CP-00000025","契約期間の開始日または終了日がない","Start=2025-03-01, End=","親契約の日付と更新回数から補完する"
"High","契約期間必須情報","ContractPeriod__c","a0BRB00000ynb5x2AA","CP-00000026","契約期間の開始日または終了日がない","Start=2025-04-01, End=","親契約の日付と更新回数から補完する"
"High","契約期間必須情報","ContractPeriod__c","a0BRB00000ynb622AA","CP-00000031","契約期間の開始日または終了日がない","Start=2025-04-01, End=","親契約の日付と更新回数から補完する"
"High","契約期間必須情報","ContractPeriod__c","a0BRB00000ynb692AA","CP-00000038","契約期間の開始日または終了日がない","Start=2025-05-01, End=","親契約の日付と更新回数から補完する"
"High","契約期間必須情報","ContractPeriod__c","a0BRB00000ynb6A2AQ","CP-00000039","契約期間の開始日または終了日がない","Start=2025-05-01, End=","親契約の日付と更新回数から補完する"
"High","契約期間必須情報","ContractPeriod__c","a0BRB00000ynb6D2AQ","CP-00000042","契約期間の開始日または終了日がない","Start=2025-05-01, End=","親契約の日付と更新回数から補完する"
"High","契約期間必須情報","ContractPeriod__c","a0BRB00000ynb6F2AQ","CP-00000044","契約期間の開始日または終了日がない","Start=2025-06-01, End=","親契約の日付と更新回数から補完する"
"High","契約期間必須情報","ContractPeriod__c","a0BRB00000ynb6G2AQ","CP-00000045","契約期間の開始日または終了日がない","Start=2025-06-01, End=","親契約の日付と更新回数から補完する"
"High","契約期間必須情報","ContractPeriod__c","a0BRB00000ynb6J2AQ","CP-00000048","契約期間の開始日または終了日がない","Start=2025-07-01, End=","親契約の日付と更新回数から補完する"
"High","契約期間必須情報","ContractPeriod__c","a0BRB00000ynb6M2AQ","CP-00000051","契約期間の開始日または終了日がない","Start=2025-09-01, End=","親契約の日付と更新回数から補完する"
"High","契約期間必須情報","ContractPeriod__c","a0BRB00000ynb6O2AQ","CP-00000053","契約期間の開始日または終了日がない","Start=2025-09-01, End=","親契約の日付と更新回数から補完する"
"High","契約期間必須情報","ContractPeriod__c","a0BRB00000ynb6P2AQ","CP-00000054","契約期間の開始日または終了日がない","Start=2025-09-01, End=","親契約の日付と更新回数から補完する"
"High","契約期間必須情報","ContractPeriod__c","a0BRB00000ynb6Q2AQ","CP-00000055","契約期間の開始日または終了日がない","Start=2025-10-01, End=","親契約の日付と更新回数から補完する"
"High","契約期間必須情報","ContractPeriod__c","a0BRB00000ynb6Y2AQ","CP-00000063","契約期間の開始日または終了日がない","Start=2025-11-01, End=","親契約の日付と更新回数から補完する"
"High","契約期間必須情報","ContractPeriod__c","a0BRB00000ynb6a2AA","CP-00000065","契約期間の開始日または終了日がない","Start=2026-01-01, End=","親契約の日付と更新回数から補完する"
"High","契約期間必須情報","ContractPeriod__c","a0BRB00000ynb6b2AA","CP-00000066","契約期間の開始日または終了日がない","Start=2026-01-01, End=","親契約の日付と更新回数から補完する"
"High","契約期間必須情報","ContractPeriod__c","a0BRB00000ynb6c2AA","CP-00000067","契約期間の開始日または終了日がない","Start=2026-03-01, End=","親契約の日付と更新回数から補完する"
"High","契約期間必須情報","ContractPeriod__c","a0BRB00000ynb6e2AA","CP-00000069","契約期間の開始日または終了日がない","Start=2026-01-01, End=","親契約の日付と更新回数から補完する"
"High","契約期間必須情報","ContractPeriod__c","a0BRB00000ynb6i2AA","CP-00000073","契約期間の開始日または終了日がない","Start=2026-02-01, End=","親契約の日付と更新回数から補完する"
"High","契約期間必須情報","ContractPeriod__c","a0BRB00000ynb6j2AA","CP-00000074","契約期間の開始日または終了日がない","Start=2026-01-01, End=","親契約の日付と更新回数から補完する"
"High","契約期間必須情報","ContractPeriod__c","a0BRB00000ynb6k2AA","CP-00000075","契約期間の開始日または終了日がない","Start=2026-02-01, End=","親契約の日付と更新回数から補完する"
"High","契約期間必須情報","ContractPeriod__c","a0BRB00000ynb6n2AA","CP-00000078","契約期間の開始日または終了日がない","Start=2026-01-01, End=","親契約の日付と更新回数から補完する"
"High","契約期間必須情報","ContractPeriod__c","a0BRB00000ynb6o2AA","CP-00000079","契約期間の開始日または終了日がない","Start=2026-02-01, End=","親契約の日付と更新回数から補完する"
"High","契約期間必須情報","ContractPeriod__c","a0BRB00000ynb6q2AA","CP-00000081","契約期間の開始日または終了日がない","Start=2026-04-01, End=","親契約の日付と更新回数から補完する"
"High","契約期間必須情報","ContractPeriod__c","a0BRB00000ynb6r2AA","CP-00000082","契約期間の開始日または終了日がない","Start=2026-04-01, End=","親契約の日付と更新回数から補完する"
"High","契約期間必須情報","ContractPeriod__c","a0BRB00000ynb6t2AA","CP-00000084","契約期間の開始日または終了日がない","Start=2026-04-01, End=","親契約の日付と更新回数から補完する"
"High","契約期間必須情報","ContractPeriod__c","a0BRB00000ynb6v2AA","CP-00000086","契約期間の開始日または終了日がない","Start=2026-03-01, End=","親契約の日付と更新回数から補完する"
"High","契約期間必須情報","ContractPeriod__c","a0BRB00000ynb6w2AA","CP-00000087","契約期間の開始日または終了日がない","Start=2026-04-01, End=","親契約の日付と更新回数から補完する"
"High","契約期間必須情報","ContractPeriod__c","a0BRB00000ynb6y2AA","CP-00000089","契約期間の開始日または終了日がない","Start=2026-03-01, End=","親契約の日付と更新回数から補完する"
"High","契約期間必須情報","ContractPeriod__c","a0BRB00000ynb6z2AA","CP-00000090","契約期間の開始日または終了日がない","Start=2026-04-01, End=","親契約の日付と更新回数から補完する"
"High","契約期間必須情報","ContractPeriod__c","a0BRB00000ynb702AA","CP-00000091","契約期間の開始日または終了日がない","Start=2026-04-01, End=","親契約の日付と更新回数から補完する"
"High","契約期間必須情報","ContractPeriod__c","a0BRB00000ynb712AA","CP-00000092","契約期間の開始日または終了日がない","Start=2026-04-01, End=","親契約の日付と更新回数から補完する"
"High","契約期間必須情報","ContractPeriod__c","a0BRB00000ynb722AA","CP-00000093","契約期間の開始日または終了日がない","Start=2026-04-01, End=","親契約の日付と更新回数から補完する"
"High","契約期間必須情報","ContractPeriod__c","a0BRB00000ynb732AA","CP-00000094","契約期間の開始日または終了日がない","Start=2026-04-01, End=","親契約の日付と更新回数から補完する"
"High","契約期間必須情報","ContractPeriod__c","a0BRB00000ynb742AA","CP-00000095","契約期間の開始日または終了日がない","Start=2026-04-01, End=","親契約の日付と更新回数から補完する"
"High","契約期間必須情報","ContractPeriod__c","a0BRB00000ynb752AA","CP-00000096","契約期間の開始日または終了日がない","Start=2026-04-01, End=","親契約の日付と更新回数から補完する"
"High","契約期間必須情報","ContractPeriod__c","a0BRB00000ynb762AA","CP-00000097","契約期間の開始日または終了日がない","Start=2026-04-01, End=","親契約の日付と更新回数から補完する"
"High","契約期間必須情報","ContractPeriod__c","a0BRB00000ynn552AA","CP-00000100","契約期間の開始日または終了日がない","Start=2026-04-01, End=","親契約の日付と更新回数から補完する"
"High","契約期間必須情報","ContractPeriod__c","a0BRB00000ynn562AA","CP-00000101","契約期間の開始日または終了日がない","Start=2026-06-01, End=","親契約の日付と更新回数から補完する"
"High","契約期間必須情報","ContractPeriod__c","a0BRB00000ynn582AA","CP-00000103","契約期間の開始日または終了日がない","Start=2026-05-01, End=","親契約の日付と更新回数から補完する"
"High","契約期間必須情報","ContractPeriod__c","a0BRB00000ynn592AA","CP-00000104","契約期間の開始日または終了日がない","Start=2026-05-01, End=","親契約の日付と更新回数から補完する"
"High","契約期間必須情報","ContractPeriod__c","a0BRB00000ynn5B2AQ","CP-00000106","契約期間の開始日または終了日がない","Start=2026-06-01, End=","親契約の日付と更新回数から補完する"
"High","契約期間必須情報","ContractPeriod__c","a0BRB00000ynn5D2AQ","CP-00000108","契約期間の開始日または終了日がない","Start=2026-06-01, End=","親契約の日付と更新回数から補完する"
"High","契約期間必須情報","ContractPeriod__c","a0BRB00000ynn5K2AQ","CP-00000115","契約期間の開始日または終了日がない","Start=2024-09-01, End=","親契約の日付と更新回数から補完する"
"High","契約期間必須情報","ContractPeriod__c","a0BRB00000ynn5N2AQ","CP-00000118","契約期間の開始日または終了日がない","Start=2024-10-01, End=","親契約の日付と更新回数から補完する"
"High","契約期間必須情報","ContractPeriod__c","a0BRB00000ynn5P2AQ","CP-00000120","契約期間の開始日または終了日がない","Start=2024-11-01, End=","親契約の日付と更新回数から補完する"
"High","契約期間必須情報","ContractPeriod__c","a0BRB00000ynn5T2AQ","CP-00000124","契約期間の開始日または終了日がない","Start=2024-12-01, End=","親契約の日付と更新回数から補完する"
"High","契約期間必須情報","ContractPeriod__c","a0BRB00000ynn5V2AQ","CP-00000126","契約期間の開始日または終了日がない","Start=2025-01-01, End=","親契約の日付と更新回数から補完する"
"High","契約期間必須情報","ContractPeriod__c","a0BRB00000ynn5Y2AQ","CP-00000129","契約期間の開始日または終了日がない","Start=2025-02-01, End=","親契約の日付と更新回数から補完する"
"High","契約期間必須情報","ContractPeriod__c","a0BRB00000ynn5a2AA","CP-00000131","契約期間の開始日または終了日がない","Start=2025-01-01, End=","親契約の日付と更新回数から補完する"
"High","契約期間必須情報","ContractPeriod__c","a0BRB00000ynn5b2AA","CP-00000132","契約期間の開始日または終了日がない","Start=2025-02-01, End=","親契約の日付と更新回数から補完する"
"High","契約期間必須情報","ContractPeriod__c","a0BRB00000ynn5d2AA","CP-00000134","契約期間の開始日または終了日がない","Start=2025-02-01, End=","親契約の日付と更新回数から補完する"
"High","契約期間必須情報","ContractPeriod__c","a0BRB00000ynn5f2AA","CP-00000136","契約期間の開始日または終了日がない","Start=2025-03-01, End=","親契約の日付と更新回数から補完する"
"High","契約期間必須情報","ContractPeriod__c","a0BRB00000ynn5p2AA","CP-00000146","契約期間の開始日または終了日がない","Start=2025-06-01, End=","親契約の日付と更新回数から補完する"
"High","契約期間必須情報","ContractPeriod__c","a0BRB00000ynn5s2AA","CP-00000149","契約期間の開始日または終了日がない","Start=2025-07-01, End=","親契約の日付と更新回数から補完する"
"High","契約期間必須情報","ContractPeriod__c","a0BRB00000ynn5u2AA","CP-00000151","契約期間の開始日または終了日がない","Start=2025-08-01, End=","親契約の日付と更新回数から補完する"
"High","契約期間必須情報","ContractPeriod__c","a0BRB00000ynn5v2AA","CP-00000152","契約期間の開始日または終了日がない","Start=2025-08-01, End=","親契約の日付と更新回数から補完する"
"High","契約期間必須情報","ContractPeriod__c","a0BRB00000ynn5y2AA","CP-00000155","契約期間の開始日または終了日がない","Start=2025-09-01, End=","親契約の日付と更新回数から補完する"
"High","契約期間必須情報","ContractPeriod__c","a0BRB00000ynn612AA","CP-00000158","契約期間の開始日または終了日がない","Start=2025-11-01, End=","親契約の日付と更新回数から補完する"
"High","契約期間必須情報","ContractPeriod__c","a0BRB00000ynn622AA","CP-00000159","契約期間の開始日または終了日がない","Start=2025-12-01, End=","親契約の日付と更新回数から補完する"
"High","契約期間必須情報","ContractPeriod__c","a0BRB00000ynn632AA","CP-00000160","契約期間の開始日または終了日がない","Start=2026-02-01, End=","親契約の日付と更新回数から補完する"
"High","契約期間必須情報","ContractPeriod__c","a0BRB00000ynn642AA","CP-00000161","契約期間の開始日または終了日がない","Start=2026-02-01, End=","親契約の日付と更新回数から補完する"
"High","契約期間必須情報","ContractPeriod__c","a0BRB000010uuk12AA","CP-00000220","契約期間の開始日または終了日がない","Start=2026-06-01, End=","親契約の日付と更新回数から補完する"
"High","契約期間必須情報","ContractPeriod__c","a0BRB000011R30j2AC","CP-00000285","契約期間の開始日または終了日がない","Start=2026-07-01, End=","親契約の日付と更新回数から補完する"
"High","契約期間必須情報","ContractPeriod__c","a0BRB000012EChM2AW","CP-00000306","契約期間の開始日または終了日がない","Start=2026-02-01, End=","親契約の日付と更新回数から補完する"
"High","契約期間必須情報","ContractPeriod__c","a0BRB000012RmbZ2AS","CP-00000374","契約期間の開始日または終了日がない","Start=2026-06-29, End=","親契約の日付と更新回数から補完する"
"High","契約期間必須情報","ContractPeriod__c","a0BRB000013Hjco2AC","CP-00000388","契約期間の開始日または終了日がない","Start=2026-08-01, End=","親契約の日付と更新回数から補完する"
"High","契約必須情報","Contract__c","a04RB00000kUANdYAO","CN-00000003","有効契約の開始日または終了日がない","Start=2024-06-01, End=","契約期間を確認して日付を補完する"
"High","契約必須情報","Contract__c","a04RB00000kUANgYAO","CN-00000006","有効契約の開始日または終了日がない","Start=2024-10-01, End=","契約期間を確認して日付を補完する"
"High","契約必須情報","Contract__c","a04RB00000kUANhYAO","CN-00000007","有効契約の開始日または終了日がない","Start=2024-09-01, End=","契約期間を確認して日付を補完する"
"High","契約必須情報","Contract__c","a04RB00000kUANiYAO","CN-00000008","有効契約の開始日または終了日がない","Start=2024-08-01, End=","契約期間を確認して日付を補完する"
"High","契約必須情報","Contract__c","a04RB00000kUANjYAO","CN-00000009","有効契約の開始日または終了日がない","Start=2024-10-01, End=","契約期間を確認して日付を補完する"
"High","契約必須情報","Contract__c","a04RB00000kUANmYAO","CN-00000012","有効契約の開始日または終了日がない","Start=2024-10-01, End=","契約期間を確認して日付を補完する"
"High","契約必須情報","Contract__c","a04RB00000kUANnYAO","CN-00000013","有効契約の開始日または終了日がない","Start=2024-09-01, End=","契約期間を確認して日付を補完する"
"High","契約必須情報","Contract__c","a04RB00000kUANqYAO","CN-00000016","有効契約の開始日または終了日がない","Start=2024-11-01, End=","契約期間を確認して日付を補完する"
"High","契約必須情報","Contract__c","a04RB00000kUANtYAO","CN-00000019","有効契約の開始日または終了日がない","Start=2024-12-01, End=","契約期間を確認して日付を補完する"
"High","契約必須情報","Contract__c","a04RB00000kUANuYAO","CN-00000020","有効契約の開始日または終了日がない","Start=2024-11-01, End=","契約期間を確認して日付を補完する"
"High","契約必須情報","Contract__c","a04RB00000kUANwYAO","CN-00000022","有効契約の開始日または終了日がない","Start=2025-01-01, End=","契約期間を確認して日付を補完する"
"High","契約必須情報","Contract__c","a04RB00000kUANxYAO","CN-00000023","有効契約の開始日または終了日がない","Start=2024-12-01, End=","契約期間を確認して日付を補完する"
"High","契約必須情報","Contract__c","a04RB00000kUAO0YAO","CN-00000026","有効契約の開始日または終了日がない","Start=2025-02-01, End=","契約期間を確認して日付を補完する"
"High","契約必須情報","Contract__c","a04RB00000kUAO1YAO","CN-00000027","有効契約の開始日または終了日がない","Start=2025-03-01, End=","契約期間を確認して日付を補完する"
"High","契約必須情報","Contract__c","a04RB00000kUAO2YAO","CN-00000028","有効契約の開始日または終了日がない","Start=2025-04-01, End=","契約期間を確認して日付を補完する"
"High","契約必須情報","Contract__c","a04RB00000kUAO6YAO","CN-00000032","有効契約の開始日または終了日がない","Start=2025-02-01, End=","契約期間を確認して日付を補完する"
"High","契約必須情報","Contract__c","a04RB00000kUAO7YAO","CN-00000033","有効契約の開始日または終了日がない","Start=2025-04-01, End=","契約期間を確認して日付を補完する"
"High","契約必須情報","Contract__c","a04RB00000kUAO9YAO","CN-00000035","有効契約の開始日または終了日がない","Start=2025-04-01, End=","契約期間を確認して日付を補完する"
"High","契約必須情報","Contract__c","a04RB00000kUAOAYA4","CN-00000036","有効契約の開始日または終了日がない","Start=2025-05-01, End=","契約期間を確認して日付を補完する"
"High","契約必須情報","Contract__c","a04RB00000kUAOEYA4","CN-00000040","有効契約の開始日または終了日がない","Start=2025-05-01, End=","契約期間を確認して日付を補完する"
"High","契約必須情報","Contract__c","a04RB00000kUAOFYA4","CN-00000041","有効契約の開始日または終了日がない","Start=2025-05-01, End=","契約期間を確認して日付を補完する"
"High","契約必須情報","Contract__c","a04RB00000kUAOIYA4","CN-00000044","有効契約の開始日または終了日がない","Start=2025-05-01, End=","契約期間を確認して日付を補完する"
"High","契約必須情報","Contract__c","a04RB00000kUAOKYA4","CN-00000046","有効契約の開始日または終了日がない","Start=2025-06-01, End=","契約期間を確認して日付を補完する"
"High","契約必須情報","Contract__c","a04RB00000kUAOLYA4","CN-00000047","有効契約の開始日または終了日がない","Start=2025-06-01, End=","契約期間を確認して日付を補完する"
"High","契約必須情報","Contract__c","a04RB00000kUAONYA4","CN-00000049","有効契約の開始日または終了日がない","Start=2025-06-01, End=","契約期間を確認して日付を補完する"
"High","契約必須情報","Contract__c","a04RB00000kUAOOYA4","CN-00000050","有効契約の開始日または終了日がない","Start=2025-07-01, End=","契約期間を確認して日付を補完する"
"High","契約必須情報","Contract__c","a04RB00000kUAORYA4","CN-00000053","有効契約の開始日または終了日がない","Start=2025-09-01, End=","契約期間を確認して日付を補完する"
"High","契約必須情報","Contract__c","a04RB00000kUAOTYA4","CN-00000055","有効契約の開始日または終了日がない","Start=2025-09-01, End=","契約期間を確認して日付を補完する"
"High","契約必須情報","Contract__c","a04RB00000kUAOUYA4","CN-00000056","有効契約の開始日または終了日がない","Start=2025-09-01, End=","契約期間を確認して日付を補完する"
"High","契約必須情報","Contract__c","a04RB00000kUAOVYA4","CN-00000057","有効契約の開始日または終了日がない","Start=2025-10-01, End=","契約期間を確認して日付を補完する"
"High","契約必須情報","Contract__c","a04RB00000kUAOXYA4","CN-00000059","有効契約の開始日または終了日がない","Start=2025-10-01, End=","契約期間を確認して日付を補完する"
"High","契約必須情報","Contract__c","a04RB00000kUAOYYA4","CN-00000060","有効契約の開始日または終了日がない","Start=2026-04-01, End=","契約期間を確認して日付を補完する"
"High","契約必須情報","Contract__c","a04RB00000kUAOZYA4","CN-00000061","有効契約の開始日または終了日がない","Start=2025-10-01, End=","契約期間を確認して日付を補完する"
"High","契約必須情報","Contract__c","a04RB00000kUAOaYAO","CN-00000062","有効契約の開始日または終了日がない","Start=2026-04-01, End=","契約期間を確認して日付を補完する"
"High","契約必須情報","Contract__c","a04RB00000kUAObYAO","CN-00000063","有効契約の開始日または終了日がない","Start=2025-09-01, End=","契約期間を確認して日付を補完する"
"High","契約必須情報","Contract__c","a04RB00000kUAOdYAO","CN-00000065","有効契約の開始日または終了日がない","Start=2025-11-01, End=","契約期間を確認して日付を補完する"
"High","契約必須情報","Contract__c","a04RB00000kUAOfYAO","CN-00000067","有効契約の開始日または終了日がない","Start=2026-01-01, End=","契約期間を確認して日付を補完する"
"High","契約必須情報","Contract__c","a04RB00000kUAOgYAO","CN-00000068","有効契約の開始日または終了日がない","Start=2026-01-01, End=","契約期間を確認して日付を補完する"
"High","契約必須情報","Contract__c","a04RB00000kUAOhYAO","CN-00000069","有効契約の開始日または終了日がない","Start=2026-03-01, End=","契約期間を確認して日付を補完する"
"High","契約必須情報","Contract__c","a04RB00000kUAOiYAO","CN-00000070","有効契約の開始日または終了日がない","Start=2026-01-01, End=","契約期間を確認して日付を補完する"
"High","契約必須情報","Contract__c","a04RB00000kUAOjYAO","CN-00000071","有効契約の開始日または終了日がない","Start=2026-01-01, End=","契約期間を確認して日付を補完する"
"High","契約必須情報","Contract__c","a04RB00000kUAOkYAO","CN-00000072","有効契約の開始日または終了日がない","Start=2025-10-01, End=","契約期間を確認して日付を補完する"
"High","契約必須情報","Contract__c","a04RB00000kUAOlYAO","CN-00000073","有効契約の開始日または終了日がない","Start=2026-02-01, End=","契約期間を確認して日付を補完する"
"High","契約必須情報","Contract__c","a04RB00000kUAOnYAO","CN-00000075","有効契約の開始日または終了日がない","Start=2026-02-01, End=","契約期間を確認して日付を補完する"
"High","契約必須情報","Contract__c","a04RB00000kUAOoYAO","CN-00000076","有効契約の開始日または終了日がない","Start=2026-01-01, End=","契約期間を確認して日付を補完する"
"High","契約必須情報","Contract__c","a04RB00000kUAOpYAO","CN-00000077","有効契約の開始日または終了日がない","Start=2026-02-01, End=","契約期間を確認して日付を補完する"
"High","契約必須情報","Contract__c","a04RB00000kUAOqYAO","CN-00000078","有効契約の開始日または終了日がない","Start=2026-02-01, End=","契約期間を確認して日付を補完する"
"High","契約必須情報","Contract__c","a04RB00000kUAOrYAO","CN-00000079","有効契約の開始日または終了日がない","Start=2025-10-01, End=","契約期間を確認して日付を補完する"
"High","契約必須情報","Contract__c","a04RB00000kUAOsYAO","CN-00000080","有効契約の開始日または終了日がない","Start=2026-01-01, End=","契約期間を確認して日付を補完する"
"High","契約必須情報","Contract__c","a04RB00000kUAOtYAO","CN-00000081","有効契約の開始日または終了日がない","Start=2026-02-01, End=","契約期間を確認して日付を補完する"
"High","契約必須情報","Contract__c","a04RB00000kUAOvYAO","CN-00000083","有効契約の開始日または終了日がない","Start=2026-04-01, End=","契約期間を確認して日付を補完する"
"High","契約必須情報","Contract__c","a04RB00000kUAOwYAO","CN-00000084","有効契約の開始日または終了日がない","Start=2026-04-01, End=","契約期間を確認して日付を補完する"
"High","契約必須情報","Contract__c","a04RB00000kUAOxYAO","CN-00000085","有効契約の開始日または終了日がない","Start=2026-03-01, End=","契約期間を確認して日付を補完する"
"High","契約必須情報","Contract__c","a04RB00000kUAOyYAO","CN-00000086","有効契約の開始日または終了日がない","Start=2026-04-01, End=","契約期間を確認して日付を補完する"
"High","契約必須情報","Contract__c","a04RB00000kUAP0YAO","CN-00000088","有効契約の開始日または終了日がない","Start=2026-03-01, End=","契約期間を確認して日付を補完する"
"High","契約必須情報","Contract__c","a04RB00000kUAP1YAO","CN-00000089","有効契約の開始日または終了日がない","Start=2026-04-01, End=","契約期間を確認して日付を補完する"
"High","契約必須情報","Contract__c","a04RB00000kUAP2YAO","CN-00000090","有効契約の開始日または終了日がない","Start=2026-04-01, End=","契約期間を確認して日付を補完する"
"High","契約必須情報","Contract__c","a04RB00000kUAP3YAO","CN-00000091","有効契約の開始日または終了日がない","Start=2026-03-01, End=","契約期間を確認して日付を補完する"
"High","契約必須情報","Contract__c","a04RB00000kUAP4YAO","CN-00000092","有効契約の開始日または終了日がない","Start=2026-04-01, End=","契約期間を確認して日付を補完する"
"High","契約必須情報","Contract__c","a04RB00000kUAP5YAO","CN-00000093","有効契約の開始日または終了日がない","Start=2026-04-01, End=","契約期間を確認して日付を補完する"
"High","契約必須情報","Contract__c","a04RB00000kUAP6YAO","CN-00000094","有効契約の開始日または終了日がない","Start=2026-04-01, End=","契約期間を確認して日付を補完する"
"High","契約必須情報","Contract__c","a04RB00000kUAP7YAO","CN-00000095","有効契約の開始日または終了日がない","Start=2026-04-01, End=","契約期間を確認して日付を補完する"
"High","契約必須情報","Contract__c","a04RB00000kUAP8YAO","CN-00000096","有効契約の開始日または終了日がない","Start=2026-04-01, End=","契約期間を確認して日付を補完する"
"High","契約必須情報","Contract__c","a04RB00000kUAP9YAO","CN-00000097","有効契約の開始日または終了日がない","Start=2026-04-01, End=","契約期間を確認して日付を補完する"
"High","契約必須情報","Contract__c","a04RB00000kUAPAYA4","CN-00000098","有効契約の開始日または終了日がない","Start=2026-04-01, End=","契約期間を確認して日付を補完する"
"High","契約必須情報","Contract__c","a04RB00000kUAPBYA4","CN-00000099","有効契約の開始日または終了日がない","Start=2026-04-01, End=","契約期間を確認して日付を補完する"
"High","契約必須情報","Contract__c","a04RB00000kUAPCYA4","CN-00000100","有効契約の開始日または終了日がない","Start=2026-04-01, End=","契約期間を確認して日付を補完する"
"High","契約必須情報","Contract__c","a04RB00000kUAPDYA4","CN-00000101","有効契約の開始日または終了日がない","Start=2026-04-01, End=","契約期間を確認して日付を補完する"
"High","契約必須情報","Contract__c","a04RB00000kUAPEYA4","CN-00000102","有効契約の開始日または終了日がない","Start=2026-04-01, End=","契約期間を確認して日付を補完する"
"High","契約必須情報","Contract__c","a04RB00000kUAPFYA4","CN-00000103","有効契約の開始日または終了日がない","Start=2026-06-01, End=","契約期間を確認して日付を補完する"
"High","契約必須情報","Contract__c","a04RB00000kUAPGYA4","CN-00000104","有効契約の開始日または終了日がない","Start=2026-05-01, End=","契約期間を確認して日付を補完する"
"High","契約必須情報","Contract__c","a04RB00000kUAPHYA4","CN-00000105","有効契約の開始日または終了日がない","Start=2026-05-01, End=","契約期間を確認して日付を補完する"
"High","契約必須情報","Contract__c","a04RB00000kUAPIYA4","CN-00000106","有効契約の開始日または終了日がない","Start=2026-05-01, End=","契約期間を確認して日付を補完する"
"High","契約必須情報","Contract__c","a04RB00000kUAPJYA4","CN-00000107","有効契約の開始日または終了日がない","Start=2026-06-01, End=","契約期間を確認して日付を補完する"
"High","契約必須情報","Contract__c","a04RB00000kUAPKYA4","CN-00000108","有効契約の開始日または終了日がない","Start=2026-06-01, End=","契約期間を確認して日付を補完する"
"High","契約必須情報","Contract__c","a04RB00000kUAPLYA4","CN-00000109","有効契約の開始日または終了日がない","Start=2026-06-01, End=","契約期間を確認して日付を補完する"
"High","契約必須情報","Contract__c","a04RB00000kUAPMYA4","CN-00000110","有効契約の開始日または終了日がない","Start=2026-06-01, End=","契約期間を確認して日付を補完する"
"High","契約必須情報","Contract__c","a04RB00000kUAPNYA4","CN-00000111","有効契約の開始日または終了日がない","Start=2026-06-01, End=","契約期間を確認して日付を補完する"
"High","契約必須情報","Contract__c","a04RB00000kUAPOYA4","CN-00000112","有効契約の開始日または終了日がない","Start=2026-06-01, End=","契約期間を確認して日付を補完する"
"High","契約必須情報","Contract__c","a04RB00000kUAPVYA4","CN-00000119","有効契約の開始日または終了日がない","Start=2024-10-01, End=","契約期間を確認して日付を補完する"
"High","契約必須情報","Contract__c","a04RB00000kUAPXYA4","CN-00000121","有効契約の開始日または終了日がない","Start=2024-11-01, End=","契約期間を確認して日付を補完する"
"High","契約必須情報","Contract__c","a04RB00000kUAPZYA4","CN-00000123","有効契約の開始日または終了日がない","Start=2024-12-01, End=","契約期間を確認して日付を補完する"
"High","契約必須情報","Contract__c","a04RB00000kUAPbYAO","CN-00000125","有効契約の開始日または終了日がない","Start=2024-12-01, End=","契約期間を確認して日付を補完する"
"High","契約必須情報","Contract__c","a04RB00000kUAPgYAO","CN-00000130","有効契約の開始日または終了日がない","Start=2025-02-01, End=","契約期間を確認して日付を補完する"
"High","契約必須情報","Contract__c","a04RB00000kUAPiYAO","CN-00000132","有効契約の開始日または終了日がない","Start=2025-01-01, End=","契約期間を確認して日付を補完する"
"High","契約必須情報","Contract__c","a04RB00000kUAPjYAO","CN-00000133","有効契約の開始日または終了日がない","Start=2025-02-01, End=","契約期間を確認して日付を補完する"
"High","契約必須情報","Contract__c","a04RB00000kUAPlYAO","CN-00000135","有効契約の開始日または終了日がない","Start=2025-02-01, End=","契約期間を確認して日付を補完する"
"High","契約必須情報","Contract__c","a04RB00000kUAPnYAO","CN-00000137","有効契約の開始日または終了日がない","Start=2025-03-01, End=","契約期間を確認して日付を補完する"
"High","契約必須情報","Contract__c","a04RB00000kUAPxYAO","CN-00000147","有効契約の開始日または終了日がない","Start=2025-06-01, End=","契約期間を確認して日付を補完する"
"High","契約必須情報","Contract__c","a04RB00000kUAQ0YAO","CN-00000150","有効契約の開始日または終了日がない","Start=2025-07-01, End=","契約期間を確認して日付を補完する"
"High","契約必須情報","Contract__c","a04RB00000kUAQ2YAO","CN-00000152","有効契約の開始日または終了日がない","Start=2025-08-01, End=","契約期間を確認して日付を補完する"
"High","契約必須情報","Contract__c","a04RB00000kUAQ3YAO","CN-00000153","有効契約の開始日または終了日がない","Start=2025-08-01, End=","契約期間を確認して日付を補完する"
"High","契約必須情報","Contract__c","a04RB00000kUAQ6YAO","CN-00000156","有効契約の開始日または終了日がない","Start=2025-09-01, End=","契約期間を確認して日付を補完する"
"High","契約必須情報","Contract__c","a04RB00000kUAQ9YAO","CN-00000159","有効契約の開始日または終了日がない","Start=2025-11-01, End=","契約期間を確認して日付を補完する"
"High","契約必須情報","Contract__c","a04RB00000kUAQAYA4","CN-00000160","有効契約の開始日または終了日がない","Start=2025-12-01, End=","契約期間を確認して日付を補完する"
"High","契約必須情報","Contract__c","a04RB00000kUAQBYA4","CN-00000161","有効契約の開始日または終了日がない","Start=2026-02-01, End=","契約期間を確認して日付を補完する"
"High","契約必須情報","Contract__c","a04RB00000kUAQCYA4","CN-00000162","有効契約の開始日または終了日がない","Start=2026-02-01, End=","契約期間を確認して日付を補完する"
"High","契約必須情報","Contract__c","a04RB00000miHmIYAU","CN-00000196","有効契約の開始日または終了日がない","Start=2026-07-01, End=","契約期間を確認して日付を補完する"
"High","契約必須情報","Contract__c","a04RB00000n5JdiYAE","CN-00000200","有効契約の開始日または終了日がない","Start=2026-03-01, End=","契約期間を確認して日付を補完する"
"High","契約必須情報","Contract__c","a04RB00000n5JdjYAE","CN-00000201","有効契約の開始日または終了日がない","Start=2026-03-01, End=","契約期間を確認して日付を補完する"
"High","契約必須情報","Contract__c","a04RB00000n5JdkYAE","CN-00000202","有効契約の開始日または終了日がない","Start=2026-03-01, End=","契約期間を確認して日付を補完する"
"High","契約必須情報","Contract__c","a04RB00000n5JdlYAE","CN-00000203","有効契約の開始日または終了日がない","Start=2026-03-01, End=","契約期間を確認して日付を補完する"
"High","契約必須情報","Contract__c","a04RB00000n5JdmYAE","CN-00000204","有効契約の開始日または終了日がない","Start=2026-06-01, End=","契約期間を確認して日付を補完する"
"High","契約必須情報","Contract__c","a04RB00000n5JdnYAE","CN-00000205","有効契約の開始日または終了日がない","Start=2026-03-01, End=","契約期間を確認して日付を補完する"
"High","契約必須情報","Contract__c","a04RB00000n5JdoYAE","CN-00000206","有効契約の開始日または終了日がない","Start=2026-03-01, End=","契約期間を確認して日付を補完する"
"High","契約必須情報","Contract__c","a04RB00000n5JdpYAE","CN-00000207","有効契約の開始日または終了日がない","Start=2026-06-01, End=","契約期間を確認して日付を補完する"
"High","契約必須情報","Contract__c","a04RB00000n5JdqYAE","CN-00000208","有効契約の開始日または終了日がない","Start=2026-05-01, End=","契約期間を確認して日付を補完する"
"High","契約必須情報","Contract__c","a04RB00000n5JdrYAE","CN-00000209","有効契約の開始日または終了日がない","Start=2026-03-01, End=","契約期間を確認して日付を補完する"
"High","契約必須情報","Contract__c","a04RB00000n5JdsYAE","CN-00000210","有効契約の開始日または終了日がない","Start=2026-02-01, End=","契約期間を確認して日付を補完する"
"High","契約必須情報","Contract__c","a04RB00000n5JdtYAE","CN-00000211","有効契約の開始日または終了日がない","Start=2026-03-01, End=","契約期間を確認して日付を補完する"
"High","契約必須情報","Contract__c","a04RB00000n5JduYAE","CN-00000212","有効契約の開始日または終了日がない","Start=2026-03-01, End=","契約期間を確認して日付を補完する"
"High","契約必須情報","Contract__c","a04RB00000n5JdvYAE","CN-00000213","有効契約の開始日または終了日がない","Start=2026-04-01, End=","契約期間を確認して日付を補完する"
"High","契約必須情報","Contract__c","a04RB00000n5JdwYAE","CN-00000214","有効契約の開始日または終了日がない","Start=2026-06-01, End=","契約期間を確認して日付を補完する"
"High","契約必須情報","Contract__c","a04RB00000n5JdxYAE","CN-00000215","有効契約の開始日または終了日がない","Start=2026-06-01, End=","契約期間を確認して日付を補完する"
"High","契約必須情報","Contract__c","a04RB00000n5JdyYAE","CN-00000216","有効契約の開始日または終了日がない","Start=2026-06-01, End=","契約期間を確認して日付を補完する"
"High","契約必須情報","Contract__c","a04RB00000n5JdzYAE","CN-00000217","有効契約の開始日または終了日がない","Start=2026-03-01, End=","契約期間を確認して日付を補完する"
"High","契約必須情報","Contract__c","a04RB00000n5Je0YAE","CN-00000218","有効契約の開始日または終了日がない","Start=2026-03-01, End=","契約期間を確認して日付を補完する"
"High","契約必須情報","Contract__c","a04RB00000n5Je1YAE","CN-00000219","有効契約の開始日または終了日がない","Start=2026-03-01, End=","契約期間を確認して日付を補完する"
"High","契約必須情報","Contract__c","a04RB00000n5Je2YAE","CN-00000220","有効契約の開始日または終了日がない","Start=2026-03-01, End=","契約期間を確認して日付を補完する"
"High","契約必須情報","Contract__c","a04RB00000n5Je3YAE","CN-00000221","有効契約の開始日または終了日がない","Start=2026-04-01, End=","契約期間を確認して日付を補完する"
"High","契約必須情報","Contract__c","a04RB00000n5Je4YAE","CN-00000222","有効契約の開始日または終了日がない","Start=2026-03-01, End=","契約期間を確認して日付を補完する"
"High","契約必須情報","Contract__c","a04RB00000n5Je5YAE","CN-00000223","有効契約の開始日または終了日がない","Start=2026-04-01, End=","契約期間を確認して日付を補完する"
"High","契約必須情報","Contract__c","a04RB00000n5Je6YAE","CN-00000224","有効契約の開始日または終了日がない","Start=2026-05-01, End=","契約期間を確認して日付を補完する"
"High","契約必須情報","Contract__c","a04RB00000n5Je7YAE","CN-00000225","有効契約の開始日または終了日がない","Start=2026-07-01, End=","契約期間を確認して日付を補完する"
"High","契約必須情報","Contract__c","a04RB00000n5Je8YAE","CN-00000226","有効契約の開始日または終了日がない","Start=2026-07-01, End=","契約期間を確認して日付を補完する"
"High","契約必須情報","Contract__c","a04RB00000n5Je9YAE","CN-00000227","有効契約の開始日または終了日がない","Start=2026-07-01, End=","契約期間を確認して日付を補完する"
"High","契約必須情報","Contract__c","a04RB00000n5JeAYAU","CN-00000228","有効契約の開始日または終了日がない","Start=2026-07-01, End=","契約期間を確認して日付を補完する"
"High","契約必須情報","Contract__c","a04RB00000nA94DYAS","CN-00000230","有効契約の開始日または終了日がない","Start=2026-06-29, End=","契約期間を確認して日付を補完する"
"High","契約必須情報","Contract__c","a04RB00000nCmpRYAS","CN-00000233","有効契約の開始日または終了日がない","Start=2026-07-01, End=","契約期間を確認して日付を補完する"
"High","契約必須情報","Contract__c","a04RB00000nCmpSYAS","CN-00000234","有効契約の開始日または終了日がない","Start=2026-07-01, End=","契約期間を確認して日付を補完する"
"High","契約必須情報","Contract__c","a04RB00000nCmpTYAS","CN-00000235","有効契約の開始日または終了日がない","Start=2025-09-01, End=","契約期間を確認して日付を補完する"
"High","契約必須情報","Contract__c","a04RB00000nRI1RYAW","CN-00000240","有効契約の開始日または終了日がない","Start=2026-08-01, End=","契約期間を確認して日付を補完する"
"High","契約必須情報","Contract__c","a04RB00000nS9IfYAK","CN-00000242","有効契約の開始日または終了日がない","Start=2026-07-01, End=","契約期間を確認して日付を補完する"
"High","契約必須情報","Contract__c","a04RB00000nS9IgYAK","CN-00000243","有効契約の開始日または終了日がない","Start=2026-08-01, End=","契約期間を確認して日付を補完する"
"High","決済ステータス矛盾","Invoice__c","a00RB000024Ux4IYAS","INV-0000000011","決済済みだが金額が完済状態ではない","Paid=1837000, Unpaid=0, Invoice=1670000","freeeから決済ステータスと金額を再同期する"
"High","決済ステータス矛盾","Invoice__c","a00RB000024Ux4qYAC","INV-0000000045","決済済みだが金額が完済状態ではない","Paid=2057000, Unpaid=0, Invoice=1870000","freeeから決済ステータスと金額を再同期する"
"High","月次不足","Contract__c","a04RB00000kUAO9YAO","CN-00000035","有効契約に当月の契約月次明細がない","Expected month=2026/08","当月の契約対象を確認し月次明細を生成する"
"High","月次不足","Contract__c","a04RB00000kUAPNYA4","CN-00000111","有効契約に当月の契約月次明細がない","Expected month=2026/08","当月の契約対象を確認し月次明細を生成する"
"High","月次不足","Contract__c","a04RB00000kUAPOYA4","CN-00000112","有効契約に当月の契約月次明細がない","Expected month=2026/08","当月の契約対象を確認し月次明細を生成する"
"High","月次不足","Contract__c","a04RB00000kUAPZYA4","CN-00000123","有効契約に当月の契約月次明細がない","Expected month=2026/08","当月の契約対象を確認し月次明細を生成する"
"High","月次不足","Contract__c","a04RB00000kUAPiYAO","CN-00000132","有効契約に当月の契約月次明細がない","Expected month=2026/08","当月の契約対象を確認し月次明細を生成する"
"High","月次不足","Contract__c","a04RB00000lZ54zYAC","CN-00000191","有効契約に当月の契約月次明細がない","Expected month=2026/08","当月の契約対象を確認し月次明細を生成する"
"High","月次不足","Contract__c","a04RB00000miHmIYAU","CN-00000196","有効契約に当月の契約月次明細がない","Expected month=2026/08","当月の契約対象を確認し月次明細を生成する"
"High","月次不足","Contract__c","a04RB00000n5JdiYAE","CN-00000200","有効契約に当月の契約月次明細がない","Expected month=2026/08","当月の契約対象を確認し月次明細を生成する"
"High","月次不足","Contract__c","a04RB00000n5JdjYAE","CN-00000201","有効契約に当月の契約月次明細がない","Expected month=2026/08","当月の契約対象を確認し月次明細を生成する"
"High","月次不足","Contract__c","a04RB00000n5JdkYAE","CN-00000202","有効契約に当月の契約月次明細がない","Expected month=2026/08","当月の契約対象を確認し月次明細を生成する"
"High","月次不足","Contract__c","a04RB00000n5JdlYAE","CN-00000203","有効契約に当月の契約月次明細がない","Expected month=2026/08","当月の契約対象を確認し月次明細を生成する"
"High","月次不足","Contract__c","a04RB00000n5JdmYAE","CN-00000204","有効契約に当月の契約月次明細がない","Expected month=2026/08","当月の契約対象を確認し月次明細を生成する"
"High","月次不足","Contract__c","a04RB00000n5JdnYAE","CN-00000205","有効契約に当月の契約月次明細がない","Expected month=2026/08","当月の契約対象を確認し月次明細を生成する"
"High","月次不足","Contract__c","a04RB00000n5JdoYAE","CN-00000206","有効契約に当月の契約月次明細がない","Expected month=2026/08","当月の契約対象を確認し月次明細を生成する"
"High","月次不足","Contract__c","a04RB00000n5JdpYAE","CN-00000207","有効契約に当月の契約月次明細がない","Expected month=2026/08","当月の契約対象を確認し月次明細を生成する"
"High","月次不足","Contract__c","a04RB00000n5JdqYAE","CN-00000208","有効契約に当月の契約月次明細がない","Expected month=2026/08","当月の契約対象を確認し月次明細を生成する"
"High","月次不足","Contract__c","a04RB00000n5JdrYAE","CN-00000209","有効契約に当月の契約月次明細がない","Expected month=2026/08","当月の契約対象を確認し月次明細を生成する"
"High","月次不足","Contract__c","a04RB00000n5JdsYAE","CN-00000210","有効契約に当月の契約月次明細がない","Expected month=2026/08","当月の契約対象を確認し月次明細を生成する"
"High","月次不足","Contract__c","a04RB00000n5JdtYAE","CN-00000211","有効契約に当月の契約月次明細がない","Expected month=2026/08","当月の契約対象を確認し月次明細を生成する"
"High","月次不足","Contract__c","a04RB00000n5JduYAE","CN-00000212","有効契約に当月の契約月次明細がない","Expected month=2026/08","当月の契約対象を確認し月次明細を生成する"
"High","月次不足","Contract__c","a04RB00000n5JdvYAE","CN-00000213","有効契約に当月の契約月次明細がない","Expected month=2026/08","当月の契約対象を確認し月次明細を生成する"
"High","月次不足","Contract__c","a04RB00000n5JdwYAE","CN-00000214","有効契約に当月の契約月次明細がない","Expected month=2026/08","当月の契約対象を確認し月次明細を生成する"
"High","月次不足","Contract__c","a04RB00000n5JdxYAE","CN-00000215","有効契約に当月の契約月次明細がない","Expected month=2026/08","当月の契約対象を確認し月次明細を生成する"
"High","月次不足","Contract__c","a04RB00000n5JdyYAE","CN-00000216","有効契約に当月の契約月次明細がない","Expected month=2026/08","当月の契約対象を確認し月次明細を生成する"
"High","月次不足","Contract__c","a04RB00000n5JdzYAE","CN-00000217","有効契約に当月の契約月次明細がない","Expected month=2026/08","当月の契約対象を確認し月次明細を生成する"
"High","月次不足","Contract__c","a04RB00000n5Je0YAE","CN-00000218","有効契約に当月の契約月次明細がない","Expected month=2026/08","当月の契約対象を確認し月次明細を生成する"
"High","月次不足","Contract__c","a04RB00000n5Je1YAE","CN-00000219","有効契約に当月の契約月次明細がない","Expected month=2026/08","当月の契約対象を確認し月次明細を生成する"
"High","月次不足","Contract__c","a04RB00000n5Je2YAE","CN-00000220","有効契約に当月の契約月次明細がない","Expected month=2026/08","当月の契約対象を確認し月次明細を生成する"
"High","月次不足","Contract__c","a04RB00000n5Je3YAE","CN-00000221","有効契約に当月の契約月次明細がない","Expected month=2026/08","当月の契約対象を確認し月次明細を生成する"
"High","月次不足","Contract__c","a04RB00000n5Je4YAE","CN-00000222","有効契約に当月の契約月次明細がない","Expected month=2026/08","当月の契約対象を確認し月次明細を生成する"
"High","月次不足","Contract__c","a04RB00000n5Je5YAE","CN-00000223","有効契約に当月の契約月次明細がない","Expected month=2026/08","当月の契約対象を確認し月次明細を生成する"
"High","月次不足","Contract__c","a04RB00000n5Je6YAE","CN-00000224","有効契約に当月の契約月次明細がない","Expected month=2026/08","当月の契約対象を確認し月次明細を生成する"
"High","月次不足","Contract__c","a04RB00000n5Je7YAE","CN-00000225","有効契約に当月の契約月次明細がない","Expected month=2026/08","当月の契約対象を確認し月次明細を生成する"
"High","月次不足","Contract__c","a04RB00000n5Je8YAE","CN-00000226","有効契約に当月の契約月次明細がない","Expected month=2026/08","当月の契約対象を確認し月次明細を生成する"
"High","月次不足","Contract__c","a04RB00000n5Je9YAE","CN-00000227","有効契約に当月の契約月次明細がない","Expected month=2026/08","当月の契約対象を確認し月次明細を生成する"
"High","月次不足","Contract__c","a04RB00000n5JeAYAU","CN-00000228","有効契約に当月の契約月次明細がない","Expected month=2026/08","当月の契約対象を確認し月次明細を生成する"
"High","月次不足","Contract__c","a04RB00000nCmpRYAS","CN-00000233","有効契約に当月の契約月次明細がない","Expected month=2026/08","当月の契約対象を確認し月次明細を生成する"
"High","月次不足","Contract__c","a04RB00000nCmpSYAS","CN-00000234","有効契約に当月の契約月次明細がない","Expected month=2026/08","当月の契約対象を確認し月次明細を生成する"
"High","月次不足","Contract__c","a04RB00000nCmpTYAS","CN-00000235","有効契約に当月の契約月次明細がない","Expected month=2026/08","当月の契約対象を確認し月次明細を生成する"
"High","月次不足","Contract__c","a04RB00000nS9IfYAK","CN-00000242","有効契約に当月の契約月次明細がない","Expected month=2026/08","当月の契約対象を確認し月次明細を生成する"
"High","参照不一致","ContractLineItem__c","a03RB00001VLhyrYAD","a03RB00001VLhyr","契約期間の親契約と契約管理が異なる","PeriodContract=a04RB00000kUAPEYA4, Master=a04RB00000kVL7KYAW","正しい契約期間へ付け替える"
"High","参照不一致","Invoice__c","a00RB00002BahLfYAJ","INV-0000000410","契約期間の親契約と請求の親契約が異なる","PeriodContract=a04RB00000kUAPEYA4, InvoiceContract=a04RB00000kVL7KYAW","正しい契約期間へ付け替える"
"High","参照不足","ContractLineItem__c","a03RB00001NswrEYAR","TC神鋼不動産株式会社_2025/07","契約期間が未設定","MasterContract=a04RB00000kUAPzYAO","対象年月を含む契約期間を設定する"
"High","参照不足","ContractLineItem__c","a03RB00001NswrFYAR","TC神鋼不動産株式会社_2025/08","契約期間が未設定","MasterContract=a04RB00000kUAPzYAO","対象年月を含む契約期間を設定する"
"High","参照不足","ContractLineItem__c","a03RB00001NswrGYAR","TC神鋼不動産株式会社_2025/09","契約期間が未設定","MasterContract=a04RB00000kUAPzYAO","対象年月を含む契約期間を設定する"
"High","参照不足","ContractLineItem__c","a03RB00001NswrHYAR","TC神鋼不動産株式会社_2025/10","契約期間が未設定","MasterContract=a04RB00000kUAPzYAO","対象年月を含む契約期間を設定する"
"High","参照不足","ContractLineItem__c","a03RB00001NswrIYAR","TC神鋼不動産株式会社_2025/11","契約期間が未設定","MasterContract=a04RB00000kUAPzYAO","対象年月を含む契約期間を設定する"
"High","参照不足","ContractLineItem__c","a03RB00001NswrJYAR","TC神鋼不動産株式会社_2025/12","契約期間が未設定","MasterContract=a04RB00000kUAPzYAO","対象年月を含む契約期間を設定する"
"High","参照不足","ContractLineItem__c","a03RB00001NswrKYAR","TC神鋼不動産株式会社_2026/01","契約期間が未設定","MasterContract=a04RB00000kUAPzYAO","対象年月を含む契約期間を設定する"
"High","参照不足","ContractLineItem__c","a03RB00001NswrLYAR","TC神鋼不動産株式会社_2026/02","契約期間が未設定","MasterContract=a04RB00000kUAPzYAO","対象年月を含む契約期間を設定する"
"High","参照不足","ContractLineItem__c","a03RB00001NswrMYAR","TC神鋼不動産株式会社_2026/03","契約期間が未設定","MasterContract=a04RB00000kUAPzYAO","対象年月を含む契約期間を設定する"
"High","参照不足","ContractLineItem__c","a03RB00001NswrNYAR","TC神鋼不動産株式会社_2026/04","契約期間が未設定","MasterContract=a04RB00000kUAPzYAO","対象年月を含む契約期間を設定する"
"High","参照不足","ContractLineItem__c","a03RB00001NswrOYAR","TC神鋼不動産株式会社_2026/05","契約期間が未設定","MasterContract=a04RB00000kUAPzYAO","対象年月を含む契約期間を設定する"
"High","参照不足","ContractLineItem__c","a03RB00001RIRF2YAP","TC神鋼不動産株式会社_2026/06","契約期間が未設定","MasterContract=a04RB00000kUAPzYAO","対象年月を含む契約期間を設定する"
"High","参照不足","ContractLineItem__c","a03RB00001RcABeYAN","TC神鋼不動産株式会社_2026/07","契約期間が未設定","MasterContract=a04RB00000kUAPzYAO","対象年月を含む契約期間を設定する"
"High","参照不足","ContractLineItem__c","a03RB00001STmHqYAL","TC神鋼不動産株式会社_2026/08","契約期間が未設定","MasterContract=a04RB00000kUAPzYAO","対象年月を含む契約期間を設定する"
"High","参照不足","Invoice__c","a00RB000023liu7YAA","INV-0000000003","親契約が未設定","Account=001RB00001UvdpFYAR, Billing=2026-06-19","取引先・請求明細・請求月から契約を特定する"
"High","取引先不一致","Invoice__c","a00RB00002B5oL5YAJ","INV-0000000383","請求と契約管理の取引先が異なる","Invoice=001RB00001br9KPYAY, Contract=001RB00001VTrHrYAL","正しい契約または取引先へ付け替える"
"High","重複","ContractLineItem__c","a03RB00001T6sPaYAJ","a03RB00001T6sPa","同一契約・対象月・商品で月次明細が重複","Key=a04RB00000mYhriYAC|2026/07|a0CRB0000CcXZ6W2QW, Count=12","請求・作成元を確認し重複を統合する"
"High","重複","ContractLineItem__c","a03RB00001T6sPbYAJ","a03RB00001T6sPb","同一契約・対象月・商品で月次明細が重複","Key=a04RB00000mYhriYAC|2026/07|a0CRB0000CcXZ6W2QW, Count=12","請求・作成元を確認し重複を統合する"
"High","重複","ContractLineItem__c","a03RB00001T6sPcYAJ","a03RB00001T6sPc","同一契約・対象月・商品で月次明細が重複","Key=a04RB00000mYhriYAC|2026/07|a0CRB0000CcXZ6W2QW, Count=12","請求・作成元を確認し重複を統合する"
"High","重複","ContractLineItem__c","a03RB00001T6sPdYAJ","a03RB00001T6sPd","同一契約・対象月・商品で月次明細が重複","Key=a04RB00000mYhriYAC|2026/07|a0CRB0000CcXZ6W2QW, Count=12","請求・作成元を確認し重複を統合する"
"High","重複","ContractLineItem__c","a03RB00001T6sPeYAJ","a03RB00001T6sPe","同一契約・対象月・商品で月次明細が重複","Key=a04RB00000mYhriYAC|2026/07|a0CRB0000CcXZ6W2QW, Count=12","請求・作成元を確認し重複を統合する"
"High","重複","ContractLineItem__c","a03RB00001T6sPfYAJ","a03RB00001T6sPf","同一契約・対象月・商品で月次明細が重複","Key=a04RB00000mYhriYAC|2026/07|a0CRB0000CcXZ6W2QW, Count=12","請求・作成元を確認し重複を統合する"
"High","重複","ContractLineItem__c","a03RB00001T6sPgYAJ","a03RB00001T6sPg","同一契約・対象月・商品で月次明細が重複","Key=a04RB00000mYhriYAC|2026/07|a0CRB0000CcXZ6W2QW, Count=12","請求・作成元を確認し重複を統合する"
"High","重複","ContractLineItem__c","a03RB00001T6sPhYAJ","a03RB00001T6sPh","同一契約・対象月・商品で月次明細が重複","Key=a04RB00000mYhriYAC|2026/07|a0CRB0000CcXZ6W2QW, Count=12","請求・作成元を確認し重複を統合する"
"High","重複","ContractLineItem__c","a03RB00001T6sPWYAZ","a03RB00001T6sPW","同一契約・対象月・商品で月次明細が重複","Key=a04RB00000mYhriYAC|2026/07|a0CRB0000CcXZ6W2QW, Count=12","請求・作成元を確認し重複を統合する"
"High","重複","ContractLineItem__c","a03RB00001T6sPXYAZ","a03RB00001T6sPX","同一契約・対象月・商品で月次明細が重複","Key=a04RB00000mYhriYAC|2026/07|a0CRB0000CcXZ6W2QW, Count=12","請求・作成元を確認し重複を統合する"
"High","重複","ContractLineItem__c","a03RB00001T6sPYYAZ","a03RB00001T6sPY","同一契約・対象月・商品で月次明細が重複","Key=a04RB00000mYhriYAC|2026/07|a0CRB0000CcXZ6W2QW, Count=12","請求・作成元を確認し重複を統合する"
"High","重複","ContractLineItem__c","a03RB00001T6sPZYAZ","a03RB00001T6sPZ","同一契約・対象月・商品で月次明細が重複","Key=a04RB00000mYhriYAC|2026/07|a0CRB0000CcXZ6W2QW, Count=12","請求・作成元を確認し重複を統合する"
"High","重複","ContractLineItem__c","a03RB00001Uj0sFYAR","a03RB00001Uj0sF","同一契約・対象月・商品で月次明細が重複","Key=a04RB00000kUAPzYAO|2026/06|a0CRB0000CcXZ6i2QG, Count=2","請求・作成元を確認し重複を統合する"
"High","重複","ContractLineItem__c","a03RB00001Uj0sKYAR","a03RB00001Uj0sK","同一契約・対象月・商品で月次明細が重複","Key=a04RB00000kUAPzYAO|2026/05|a0CRB0000CcXZ6i2QG, Count=2","請求・作成元を確認し重複を統合する"
"High","重複","ContractLineItem__c","a03RB00001VH5KPYA1","a03RB00001VH5KP","同一契約・対象月・商品で月次明細が重複","Key=a04RB00000kUAOAYA4|2026/06|a0CRB0000CcXZ6V2QW, Count=2","請求・作成元を確認し重複を統合する"
"High","重複","ContractLineItem__c","a03RB00001WSLkwYAH","a03RB00001WSLkw","同一契約・対象月・商品で月次明細が重複","Key=a04RB00000nQDdJYAW|2026/08|a0CRB0000CcXZ6Q2QW, Count=6","請求・作成元を確認し重複を統合する"
"High","重複","ContractLineItem__c","a03RB00001WSLkxYAH","a03RB00001WSLkx","同一契約・対象月・商品で月次明細が重複","Key=a04RB00000nQDdJYAW|2026/08|a0CRB0000CcXZ6Q2QW, Count=6","請求・作成元を確認し重複を統合する"
"High","重複","ContractLineItem__c","a03RB00001WSLkyYAH","a03RB00001WSLky","同一契約・対象月・商品で月次明細が重複","Key=a04RB00000nQDdJYAW|2026/08|a0CRB0000CcXZ6Q2QW, Count=6","請求・作成元を確認し重複を統合する"
"High","重複","ContractLineItem__c","a03RB00001WSLkzYAH","a03RB00001WSLkz","同一契約・対象月・商品で月次明細が重複","Key=a04RB00000nQDdJYAW|2026/08|a0CRB0000CcXZ6Q2QW, Count=6","請求・作成元を確認し重複を統合する"
"High","重複","ContractLineItem__c","a03RB00001WSLl0YAH","a03RB00001WSLl0","同一契約・対象月・商品で月次明細が重複","Key=a04RB00000nQDdJYAW|2026/08|a0CRB0000CcXZ6Q2QW, Count=6","請求・作成元を確認し重複を統合する"
"High","重複","ContractLineItem__c","a03RB00001WSLl1YAH","a03RB00001WSLl1","同一契約・対象月・商品で月次明細が重複","Key=a04RB00000nQDdJYAW|2026/08|a0CRB0000CcXZ6Q2QW, Count=6","請求・作成元を確認し重複を統合する"
"High","重複","ContractLineItem__c","a03RB00001WYiuvYAD","a03RB00001WYiuv","同一契約・対象月・商品で月次明細が重複","Key=a04RB00000nRlg9YAC|2026/08|a0CRB0000CcXZ6V2QW, Count=8","請求・作成元を確認し重複を統合する"
"High","重複","ContractLineItem__c","a03RB00001WYiuwYAD","a03RB00001WYiuw","同一契約・対象月・商品で月次明細が重複","Key=a04RB00000nRlg9YAC|2026/08|a0CRB0000CcXZ6V2QW, Count=8","請求・作成元を確認し重複を統合する"
"High","重複","ContractLineItem__c","a03RB00001WYiuxYAD","a03RB00001WYiux","同一契約・対象月・商品で月次明細が重複","Key=a04RB00000nRlg9YAC|2026/08|a0CRB0000CcXZ6V2QW, Count=8","請求・作成元を確認し重複を統合する"
"High","重複","ContractLineItem__c","a03RB00001WYiuyYAD","a03RB00001WYiuy","同一契約・対象月・商品で月次明細が重複","Key=a04RB00000nRlg9YAC|2026/08|a0CRB0000CcXZ6V2QW, Count=8","請求・作成元を確認し重複を統合する"
"High","重複","ContractLineItem__c","a03RB00001WYiuzYAD","a03RB00001WYiuz","同一契約・対象月・商品で月次明細が重複","Key=a04RB00000nRlg9YAC|2026/08|a0CRB0000CcXZ6V2QW, Count=8","請求・作成元を確認し重複を統合する"
"High","重複","ContractLineItem__c","a03RB00001WYiv0YAD","a03RB00001WYiv0","同一契約・対象月・商品で月次明細が重複","Key=a04RB00000nRlg9YAC|2026/08|a0CRB0000CcXZ6V2QW, Count=8","請求・作成元を確認し重複を統合する"
"High","重複","ContractLineItem__c","a03RB00001WYiv1YAD","a03RB00001WYiv1","同一契約・対象月・商品で月次明細が重複","Key=a04RB00000nRlg9YAC|2026/08|a0CRB0000CcXZ6V2QW, Count=8","請求・作成元を確認し重複を統合する"
"High","重複","ContractLineItem__c","a03RB00001WYiv2YAD","a03RB00001WYiv2","同一契約・対象月・商品で月次明細が重複","Key=a04RB00000nRlg9YAC|2026/08|a0CRB0000CcXZ6V2QW, Count=8","請求・作成元を確認し重複を統合する"
"High","重複","ContractLineItem__c","a03RB00001WYiv3YAD","a03RB00001WYiv3","同一契約・対象月・商品で月次明細が重複","Key=a04RB00000nRlg9YAC|2026/09|a0CRB0000CcXZ6V2QW, Count=8","請求・作成元を確認し重複を統合する"
"High","重複","ContractLineItem__c","a03RB00001WYiv4YAD","a03RB00001WYiv4","同一契約・対象月・商品で月次明細が重複","Key=a04RB00000nRlg9YAC|2026/09|a0CRB0000CcXZ6V2QW, Count=8","請求・作成元を確認し重複を統合する"
"High","重複","ContractLineItem__c","a03RB00001WYiv5YAD","a03RB00001WYiv5","同一契約・対象月・商品で月次明細が重複","Key=a04RB00000nRlg9YAC|2026/09|a0CRB0000CcXZ6V2QW, Count=8","請求・作成元を確認し重複を統合する"
"High","重複","ContractLineItem__c","a03RB00001WYiv6YAD","a03RB00001WYiv6","同一契約・対象月・商品で月次明細が重複","Key=a04RB00000nRlg9YAC|2026/09|a0CRB0000CcXZ6V2QW, Count=8","請求・作成元を確認し重複を統合する"
"High","重複","ContractLineItem__c","a03RB00001WYiv7YAD","a03RB00001WYiv7","同一契約・対象月・商品で月次明細が重複","Key=a04RB00000nRlg9YAC|2026/09|a0CRB0000CcXZ6V2QW, Count=8","請求・作成元を確認し重複を統合する"
"High","重複","ContractLineItem__c","a03RB00001WYiv8YAD","a03RB00001WYiv8","同一契約・対象月・商品で月次明細が重複","Key=a04RB00000nRlg9YAC|2026/09|a0CRB0000CcXZ6V2QW, Count=8","請求・作成元を確認し重複を統合する"
"High","重複","ContractLineItem__c","a03RB00001WYiv9YAD","a03RB00001WYiv9","同一契約・対象月・商品で月次明細が重複","Key=a04RB00000nRlg9YAC|2026/09|a0CRB0000CcXZ6V2QW, Count=8","請求・作成元を確認し重複を統合する"
"High","重複","ContractLineItem__c","a03RB00001WYivaYAD","a03RB00001WYiva","同一契約・対象月・商品で月次明細が重複","Key=a04RB00000nRlg9YAC|2027/01|a0CRB0000CcXZ6V2QW, Count=8","請求・作成元を確認し重複を統合する"
"High","重複","ContractLineItem__c","a03RB00001WYivAYAT","a03RB00001WYivA","同一契約・対象月・商品で月次明細が重複","Key=a04RB00000nRlg9YAC|2026/09|a0CRB0000CcXZ6V2QW, Count=8","請求・作成元を確認し重複を統合する"
"High","重複","ContractLineItem__c","a03RB00001WYivbYAD","a03RB00001WYivb","同一契約・対象月・商品で月次明細が重複","Key=a04RB00000nRlg9YAC|2027/01|a0CRB0000CcXZ6V2QW, Count=8","請求・作成元を確認し重複を統合する"
"High","重複","ContractLineItem__c","a03RB00001WYivBYAT","a03RB00001WYivB","同一契約・対象月・商品で月次明細が重複","Key=a04RB00000nRlg9YAC|2026/10|a0CRB0000CcXZ6V2QW, Count=8","請求・作成元を確認し重複を統合する"
"High","重複","ContractLineItem__c","a03RB00001WYivcYAD","a03RB00001WYivc","同一契約・対象月・商品で月次明細が重複","Key=a04RB00000nRlg9YAC|2027/01|a0CRB0000CcXZ6V2QW, Count=8","請求・作成元を確認し重複を統合する"
"High","重複","ContractLineItem__c","a03RB00001WYivCYAT","a03RB00001WYivC","同一契約・対象月・商品で月次明細が重複","Key=a04RB00000nRlg9YAC|2026/10|a0CRB0000CcXZ6V2QW, Count=8","請求・作成元を確認し重複を統合する"
"High","重複","ContractLineItem__c","a03RB00001WYivdYAD","a03RB00001WYivd","同一契約・対象月・商品で月次明細が重複","Key=a04RB00000nRlg9YAC|2027/01|a0CRB0000CcXZ6V2QW, Count=8","請求・作成元を確認し重複を統合する"
"High","重複","ContractLineItem__c","a03RB00001WYivDYAT","a03RB00001WYivD","同一契約・対象月・商品で月次明細が重複","Key=a04RB00000nRlg9YAC|2026/10|a0CRB0000CcXZ6V2QW, Count=8","請求・作成元を確認し重複を統合する"
"High","重複","ContractLineItem__c","a03RB00001WYiveYAD","a03RB00001WYive","同一契約・対象月・商品で月次明細が重複","Key=a04RB00000nRlg9YAC|2027/01|a0CRB0000CcXZ6V2QW, Count=8","請求・作成元を確認し重複を統合する"
"High","重複","ContractLineItem__c","a03RB00001WYivEYAT","a03RB00001WYivE","同一契約・対象月・商品で月次明細が重複","Key=a04RB00000nRlg9YAC|2026/10|a0CRB0000CcXZ6V2QW, Count=8","請求・作成元を確認し重複を統合する"
"High","重複","ContractLineItem__c","a03RB00001WYivfYAD","a03RB00001WYivf","同一契約・対象月・商品で月次明細が重複","Key=a04RB00000nRlg9YAC|2027/01|a0CRB0000CcXZ6V2QW, Count=8","請求・作成元を確認し重複を統合する"
"High","重複","ContractLineItem__c","a03RB00001WYivFYAT","a03RB00001WYivF","同一契約・対象月・商品で月次明細が重複","Key=a04RB00000nRlg9YAC|2026/10|a0CRB0000CcXZ6V2QW, Count=8","請求・作成元を確認し重複を統合する"
"High","重複","ContractLineItem__c","a03RB00001WYivgYAD","a03RB00001WYivg","同一契約・対象月・商品で月次明細が重複","Key=a04RB00000nRlg9YAC|2027/01|a0CRB0000CcXZ6V2QW, Count=8","請求・作成元を確認し重複を統合する"
"High","重複","ContractLineItem__c","a03RB00001WYivGYAT","a03RB00001WYivG","同一契約・対象月・商品で月次明細が重複","Key=a04RB00000nRlg9YAC|2026/10|a0CRB0000CcXZ6V2QW, Count=8","請求・作成元を確認し重複を統合する"
"High","重複","ContractLineItem__c","a03RB00001WYivHYAT","a03RB00001WYivH","同一契約・対象月・商品で月次明細が重複","Key=a04RB00000nRlg9YAC|2026/10|a0CRB0000CcXZ6V2QW, Count=8","請求・作成元を確認し重複を統合する"
"High","重複","ContractLineItem__c","a03RB00001WYivhYAD","a03RB00001WYivh","同一契約・対象月・商品で月次明細が重複","Key=a04RB00000nRlg9YAC|2027/02|a0CRB0000CcXZ6V2QW, Count=8","請求・作成元を確認し重複を統合する"
"High","重複","ContractLineItem__c","a03RB00001WYiviYAD","a03RB00001WYivi","同一契約・対象月・商品で月次明細が重複","Key=a04RB00000nRlg9YAC|2027/02|a0CRB0000CcXZ6V2QW, Count=8","請求・作成元を確認し重複を統合する"
"High","重複","ContractLineItem__c","a03RB00001WYivIYAT","a03RB00001WYivI","同一契約・対象月・商品で月次明細が重複","Key=a04RB00000nRlg9YAC|2026/10|a0CRB0000CcXZ6V2QW, Count=8","請求・作成元を確認し重複を統合する"
"High","重複","ContractLineItem__c","a03RB00001WYivjYAD","a03RB00001WYivj","同一契約・対象月・商品で月次明細が重複","Key=a04RB00000nRlg9YAC|2027/02|a0CRB0000CcXZ6V2QW, Count=8","請求・作成元を確認し重複を統合する"
"High","重複","ContractLineItem__c","a03RB00001WYivJYAT","a03RB00001WYivJ","同一契約・対象月・商品で月次明細が重複","Key=a04RB00000nRlg9YAC|2026/11|a0CRB0000CcXZ6V2QW, Count=8","請求・作成元を確認し重複を統合する"
"High","重複","ContractLineItem__c","a03RB00001WYivkYAD","a03RB00001WYivk","同一契約・対象月・商品で月次明細が重複","Key=a04RB00000nRlg9YAC|2027/02|a0CRB0000CcXZ6V2QW, Count=8","請求・作成元を確認し重複を統合する"
"High","重複","ContractLineItem__c","a03RB00001WYivKYAT","a03RB00001WYivK","同一契約・対象月・商品で月次明細が重複","Key=a04RB00000nRlg9YAC|2026/11|a0CRB0000CcXZ6V2QW, Count=8","請求・作成元を確認し重複を統合する"
"High","重複","ContractLineItem__c","a03RB00001WYivlYAD","a03RB00001WYivl","同一契約・対象月・商品で月次明細が重複","Key=a04RB00000nRlg9YAC|2027/02|a0CRB0000CcXZ6V2QW, Count=8","請求・作成元を確認し重複を統合する"
"High","重複","ContractLineItem__c","a03RB00001WYivLYAT","a03RB00001WYivL","同一契約・対象月・商品で月次明細が重複","Key=a04RB00000nRlg9YAC|2026/11|a0CRB0000CcXZ6V2QW, Count=8","請求・作成元を確認し重複を統合する"
"High","重複","ContractLineItem__c","a03RB00001WYivmYAD","a03RB00001WYivm","同一契約・対象月・商品で月次明細が重複","Key=a04RB00000nRlg9YAC|2027/02|a0CRB0000CcXZ6V2QW, Count=8","請求・作成元を確認し重複を統合する"
"High","重複","ContractLineItem__c","a03RB00001WYivMYAT","a03RB00001WYivM","同一契約・対象月・商品で月次明細が重複","Key=a04RB00000nRlg9YAC|2026/11|a0CRB0000CcXZ6V2QW, Count=8","請求・作成元を確認し重複を統合する"
"High","重複","ContractLineItem__c","a03RB00001WYivNYAT","a03RB00001WYivN","同一契約・対象月・商品で月次明細が重複","Key=a04RB00000nRlg9YAC|2026/11|a0CRB0000CcXZ6V2QW, Count=8","請求・作成元を確認し重複を統合する"
"High","重複","ContractLineItem__c","a03RB00001WYivnYAD","a03RB00001WYivn","同一契約・対象月・商品で月次明細が重複","Key=a04RB00000nRlg9YAC|2027/02|a0CRB0000CcXZ6V2QW, Count=8","請求・作成元を確認し重複を統合する"
"High","重複","ContractLineItem__c","a03RB00001WYivOYAT","a03RB00001WYivO","同一契約・対象月・商品で月次明細が重複","Key=a04RB00000nRlg9YAC|2026/11|a0CRB0000CcXZ6V2QW, Count=8","請求・作成元を確認し重複を統合する"
"High","重複","ContractLineItem__c","a03RB00001WYivoYAD","a03RB00001WYivo","同一契約・対象月・商品で月次明細が重複","Key=a04RB00000nRlg9YAC|2027/02|a0CRB0000CcXZ6V2QW, Count=8","請求・作成元を確認し重複を統合する"
"High","重複","ContractLineItem__c","a03RB00001WYivPYAT","a03RB00001WYivP","同一契約・対象月・商品で月次明細が重複","Key=a04RB00000nRlg9YAC|2026/11|a0CRB0000CcXZ6V2QW, Count=8","請求・作成元を確認し重複を統合する"
"High","重複","ContractLineItem__c","a03RB00001WYivpYAD","a03RB00001WYivp","同一契約・対象月・商品で月次明細が重複","Key=a04RB00000nRlg9YAC|2027/03|a0CRB0000CcXZ6V2QW, Count=8","請求・作成元を確認し重複を統合する"
"High","重複","ContractLineItem__c","a03RB00001WYivQYAT","a03RB00001WYivQ","同一契約・対象月・商品で月次明細が重複","Key=a04RB00000nRlg9YAC|2026/11|a0CRB0000CcXZ6V2QW, Count=8","請求・作成元を確認し重複を統合する"
"High","重複","ContractLineItem__c","a03RB00001WYivqYAD","a03RB00001WYivq","同一契約・対象月・商品で月次明細が重複","Key=a04RB00000nRlg9YAC|2027/03|a0CRB0000CcXZ6V2QW, Count=8","請求・作成元を確認し重複を統合する"
"High","重複","ContractLineItem__c","a03RB00001WYivRYAT","a03RB00001WYivR","同一契約・対象月・商品で月次明細が重複","Key=a04RB00000nRlg9YAC|2026/12|a0CRB0000CcXZ6V2QW, Count=8","請求・作成元を確認し重複を統合する"
"High","重複","ContractLineItem__c","a03RB00001WYivrYAD","a03RB00001WYivr","同一契約・対象月・商品で月次明細が重複","Key=a04RB00000nRlg9YAC|2027/03|a0CRB0000CcXZ6V2QW, Count=8","請求・作成元を確認し重複を統合する"
"High","重複","ContractLineItem__c","a03RB00001WYivSYAT","a03RB00001WYivS","同一契約・対象月・商品で月次明細が重複","Key=a04RB00000nRlg9YAC|2026/12|a0CRB0000CcXZ6V2QW, Count=8","請求・作成元を確認し重複を統合する"
"High","重複","ContractLineItem__c","a03RB00001WYivsYAD","a03RB00001WYivs","同一契約・対象月・商品で月次明細が重複","Key=a04RB00000nRlg9YAC|2027/03|a0CRB0000CcXZ6V2QW, Count=8","請求・作成元を確認し重複を統合する"
"High","重複","ContractLineItem__c","a03RB00001WYivtYAD","a03RB00001WYivt","同一契約・対象月・商品で月次明細が重複","Key=a04RB00000nRlg9YAC|2027/03|a0CRB0000CcXZ6V2QW, Count=8","請求・作成元を確認し重複を統合する"
"High","重複","ContractLineItem__c","a03RB00001WYivTYAT","a03RB00001WYivT","同一契約・対象月・商品で月次明細が重複","Key=a04RB00000nRlg9YAC|2026/12|a0CRB0000CcXZ6V2QW, Count=8","請求・作成元を確認し重複を統合する"
"High","重複","ContractLineItem__c","a03RB00001WYivuYAD","a03RB00001WYivu","同一契約・対象月・商品で月次明細が重複","Key=a04RB00000nRlg9YAC|2027/03|a0CRB0000CcXZ6V2QW, Count=8","請求・作成元を確認し重複を統合する"
"High","重複","ContractLineItem__c","a03RB00001WYivUYAT","a03RB00001WYivU","同一契約・対象月・商品で月次明細が重複","Key=a04RB00000nRlg9YAC|2026/12|a0CRB0000CcXZ6V2QW, Count=8","請求・作成元を確認し重複を統合する"
"High","重複","ContractLineItem__c","a03RB00001WYivvYAD","a03RB00001WYivv","同一契約・対象月・商品で月次明細が重複","Key=a04RB00000nRlg9YAC|2027/03|a0CRB0000CcXZ6V2QW, Count=8","請求・作成元を確認し重複を統合する"
"High","重複","ContractLineItem__c","a03RB00001WYivVYAT","a03RB00001WYivV","同一契約・対象月・商品で月次明細が重複","Key=a04RB00000nRlg9YAC|2026/12|a0CRB0000CcXZ6V2QW, Count=8","請求・作成元を確認し重複を統合する"
"High","重複","ContractLineItem__c","a03RB00001WYivwYAD","a03RB00001WYivw","同一契約・対象月・商品で月次明細が重複","Key=a04RB00000nRlg9YAC|2027/03|a0CRB0000CcXZ6V2QW, Count=8","請求・作成元を確認し重複を統合する"
"High","重複","ContractLineItem__c","a03RB00001WYivWYAT","a03RB00001WYivW","同一契約・対象月・商品で月次明細が重複","Key=a04RB00000nRlg9YAC|2026/12|a0CRB0000CcXZ6V2QW, Count=8","請求・作成元を確認し重複を統合する"
"High","重複","ContractLineItem__c","a03RB00001WYivxYAD","a03RB00001WYivx","同一契約・対象月・商品で月次明細が重複","Key=a04RB00000nRlg9YAC|2027/04|a0CRB0000CcXZ6V2QW, Count=8","請求・作成元を確認し重複を統合する"
"High","重複","ContractLineItem__c","a03RB00001WYivXYAT","a03RB00001WYivX","同一契約・対象月・商品で月次明細が重複","Key=a04RB00000nRlg9YAC|2026/12|a0CRB0000CcXZ6V2QW, Count=8","請求・作成元を確認し重複を統合する"
"High","重複","ContractLineItem__c","a03RB00001WYivYYAT","a03RB00001WYivY","同一契約・対象月・商品で月次明細が重複","Key=a04RB00000nRlg9YAC|2026/12|a0CRB0000CcXZ6V2QW, Count=8","請求・作成元を確認し重複を統合する"
"High","重複","ContractLineItem__c","a03RB00001WYivyYAD","a03RB00001WYivy","同一契約・対象月・商品で月次明細が重複","Key=a04RB00000nRlg9YAC|2027/04|a0CRB0000CcXZ6V2QW, Count=8","請求・作成元を確認し重複を統合する"
"High","重複","ContractLineItem__c","a03RB00001WYivZYAT","a03RB00001WYivZ","同一契約・対象月・商品で月次明細が重複","Key=a04RB00000nRlg9YAC|2027/01|a0CRB0000CcXZ6V2QW, Count=8","請求・作成元を確認し重複を統合する"
"High","重複","ContractLineItem__c","a03RB00001WYivzYAD","a03RB00001WYivz","同一契約・対象月・商品で月次明細が重複","Key=a04RB00000nRlg9YAC|2027/04|a0CRB0000CcXZ6V2QW, Count=8","請求・作成元を確認し重複を統合する"
"High","重複","ContractLineItem__c","a03RB00001WYiw0YAD","a03RB00001WYiw0","同一契約・対象月・商品で月次明細が重複","Key=a04RB00000nRlg9YAC|2027/04|a0CRB0000CcXZ6V2QW, Count=8","請求・作成元を確認し重複を統合する"
"High","重複","ContractLineItem__c","a03RB00001WYiw1YAD","a03RB00001WYiw1","同一契約・対象月・商品で月次明細が重複","Key=a04RB00000nRlg9YAC|2027/04|a0CRB0000CcXZ6V2QW, Count=8","請求・作成元を確認し重複を統合する"
"High","重複","ContractLineItem__c","a03RB00001WYiw2YAD","a03RB00001WYiw2","同一契約・対象月・商品で月次明細が重複","Key=a04RB00000nRlg9YAC|2027/04|a0CRB0000CcXZ6V2QW, Count=8","請求・作成元を確認し重複を統合する"
"High","重複","ContractLineItem__c","a03RB00001WYiw3YAD","a03RB00001WYiw3","同一契約・対象月・商品で月次明細が重複","Key=a04RB00000nRlg9YAC|2027/04|a0CRB0000CcXZ6V2QW, Count=8","請求・作成元を確認し重複を統合する"
"High","重複","ContractLineItem__c","a03RB00001WYiw4YAD","a03RB00001WYiw4","同一契約・対象月・商品で月次明細が重複","Key=a04RB00000nRlg9YAC|2027/04|a0CRB0000CcXZ6V2QW, Count=8","請求・作成元を確認し重複を統合する"
"High","重複","ContractLineItem__c","a03RB00001WYiw5YAD","a03RB00001WYiw5","同一契約・対象月・商品で月次明細が重複","Key=a04RB00000nRlg9YAC|2027/05|a0CRB0000CcXZ6V2QW, Count=8","請求・作成元を確認し重複を統合する"
"High","重複","ContractLineItem__c","a03RB00001WYiw6YAD","a03RB00001WYiw6","同一契約・対象月・商品で月次明細が重複","Key=a04RB00000nRlg9YAC|2027/05|a0CRB0000CcXZ6V2QW, Count=8","請求・作成元を確認し重複を統合する"
"High","重複","ContractLineItem__c","a03RB00001WYiw7YAD","a03RB00001WYiw7","同一契約・対象月・商品で月次明細が重複","Key=a04RB00000nRlg9YAC|2027/05|a0CRB0000CcXZ6V2QW, Count=8","請求・作成元を確認し重複を統合する"
"High","重複","ContractLineItem__c","a03RB00001WYiw8YAD","a03RB00001WYiw8","同一契約・対象月・商品で月次明細が重複","Key=a04RB00000nRlg9YAC|2027/05|a0CRB0000CcXZ6V2QW, Count=8","請求・作成元を確認し重複を統合する"
"High","重複","ContractLineItem__c","a03RB00001WYiw9YAD","a03RB00001WYiw9","同一契約・対象月・商品で月次明細が重複","Key=a04RB00000nRlg9YAC|2027/05|a0CRB0000CcXZ6V2QW, Count=8","請求・作成元を確認し重複を統合する"
"High","重複","ContractLineItem__c","a03RB00001WYiwAYAT","a03RB00001WYiwA","同一契約・対象月・商品で月次明細が重複","Key=a04RB00000nRlg9YAC|2027/05|a0CRB0000CcXZ6V2QW, Count=8","請求・作成元を確認し重複を統合する"
"High","重複","ContractLineItem__c","a03RB00001WYiwBYAT","a03RB00001WYiwB","同一契約・対象月・商品で月次明細が重複","Key=a04RB00000nRlg9YAC|2027/05|a0CRB0000CcXZ6V2QW, Count=8","請求・作成元を確認し重複を統合する"
"High","重複","ContractLineItem__c","a03RB00001WYiwCYAT","a03RB00001WYiwC","同一契約・対象月・商品で月次明細が重複","Key=a04RB00000nRlg9YAC|2027/05|a0CRB0000CcXZ6V2QW, Count=8","請求・作成元を確認し重複を統合する"
"High","重複","ContractLineItem__c","a03RB00001WYiwDYAT","a03RB00001WYiwD","同一契約・対象月・商品で月次明細が重複","Key=a04RB00000nRlg9YAC|2027/06|a0CRB0000CcXZ6V2QW, Count=8","請求・作成元を確認し重複を統合する"
"High","重複","ContractLineItem__c","a03RB00001WYiwEYAT","a03RB00001WYiwE","同一契約・対象月・商品で月次明細が重複","Key=a04RB00000nRlg9YAC|2027/06|a0CRB0000CcXZ6V2QW, Count=8","請求・作成元を確認し重複を統合する"
"High","重複","ContractLineItem__c","a03RB00001WYiwFYAT","a03RB00001WYiwF","同一契約・対象月・商品で月次明細が重複","Key=a04RB00000nRlg9YAC|2027/06|a0CRB0000CcXZ6V2QW, Count=8","請求・作成元を確認し重複を統合する"
"High","重複","ContractLineItem__c","a03RB00001WYiwGYAT","a03RB00001WYiwG","同一契約・対象月・商品で月次明細が重複","Key=a04RB00000nRlg9YAC|2027/06|a0CRB0000CcXZ6V2QW, Count=8","請求・作成元を確認し重複を統合する"
"High","重複","ContractLineItem__c","a03RB00001WYiwHYAT","a03RB00001WYiwH","同一契約・対象月・商品で月次明細が重複","Key=a04RB00000nRlg9YAC|2027/06|a0CRB0000CcXZ6V2QW, Count=8","請求・作成元を確認し重複を統合する"
"High","重複","ContractLineItem__c","a03RB00001WYiwIYAT","a03RB00001WYiwI","同一契約・対象月・商品で月次明細が重複","Key=a04RB00000nRlg9YAC|2027/06|a0CRB0000CcXZ6V2QW, Count=8","請求・作成元を確認し重複を統合する"
"High","重複","ContractLineItem__c","a03RB00001WYiwJYAT","a03RB00001WYiwJ","同一契約・対象月・商品で月次明細が重複","Key=a04RB00000nRlg9YAC|2027/06|a0CRB0000CcXZ6V2QW, Count=8","請求・作成元を確認し重複を統合する"
"High","重複","ContractLineItem__c","a03RB00001WYiwKYAT","a03RB00001WYiwK","同一契約・対象月・商品で月次明細が重複","Key=a04RB00000nRlg9YAC|2027/06|a0CRB0000CcXZ6V2QW, Count=8","請求・作成元を確認し重複を統合する"
"High","重複","ContractLineItem__c","a03RB00001WYiwLYAT","a03RB00001WYiwL","同一契約・対象月・商品で月次明細が重複","Key=a04RB00000nRlg9YAC|2027/07|a0CRB0000CcXZ6V2QW, Count=8","請求・作成元を確認し重複を統合する"
"High","重複","ContractLineItem__c","a03RB00001WYiwMYAT","a03RB00001WYiwM","同一契約・対象月・商品で月次明細が重複","Key=a04RB00000nRlg9YAC|2027/07|a0CRB0000CcXZ6V2QW, Count=8","請求・作成元を確認し重複を統合する"
"High","重複","ContractLineItem__c","a03RB00001WYiwNYAT","a03RB00001WYiwN","同一契約・対象月・商品で月次明細が重複","Key=a04RB00000nRlg9YAC|2027/07|a0CRB0000CcXZ6V2QW, Count=8","請求・作成元を確認し重複を統合する"
"High","重複","ContractLineItem__c","a03RB00001WYiwOYAT","a03RB00001WYiwO","同一契約・対象月・商品で月次明細が重複","Key=a04RB00000nRlg9YAC|2027/07|a0CRB0000CcXZ6V2QW, Count=8","請求・作成元を確認し重複を統合する"
"High","重複","ContractLineItem__c","a03RB00001WYiwPYAT","a03RB00001WYiwP","同一契約・対象月・商品で月次明細が重複","Key=a04RB00000nRlg9YAC|2027/07|a0CRB0000CcXZ6V2QW, Count=8","請求・作成元を確認し重複を統合する"
"High","重複","ContractLineItem__c","a03RB00001WYiwQYAT","a03RB00001WYiwQ","同一契約・対象月・商品で月次明細が重複","Key=a04RB00000nRlg9YAC|2027/07|a0CRB0000CcXZ6V2QW, Count=8","請求・作成元を確認し重複を統合する"
"High","重複","ContractLineItem__c","a03RB00001WYiwRYAT","a03RB00001WYiwR","同一契約・対象月・商品で月次明細が重複","Key=a04RB00000nRlg9YAC|2027/07|a0CRB0000CcXZ6V2QW, Count=8","請求・作成元を確認し重複を統合する"
"High","重複","ContractLineItem__c","a03RB00001WYiwSYAT","a03RB00001WYiwS","同一契約・対象月・商品で月次明細が重複","Key=a04RB00000nRlg9YAC|2027/07|a0CRB0000CcXZ6V2QW, Count=8","請求・作成元を確認し重複を統合する"
"High","重複","ContractLineItem__c","a03RB00001QugoZYAR","Mig_freee請求移行_株式会社コスモスイニシア_2026/04_INV-0000000069","同一契約・対象月・商品で月次明細が重複","Key=a04RB00000kVL7VYAW|2026/04|a0CRB0000CcXZ6h2QG, Count=2","請求・作成元を確認し重複を統合する"
"High","重複","ContractLineItem__c","a03RB00001QugoaYAB","Mig_freee請求移行_株式会社コスモスイニシア_2026/04_INV-0000000070","同一契約・対象月・商品で月次明細が重複","Key=a04RB00000kVL7VYAW|2026/04|a0CRB0000CcXZ6h2QG, Count=2","請求・作成元を確認し重複を統合する"
"High","重複","ContractLineItem__c","a03RB00001QugoxYAB","Mig_freee請求移行_野村不動産株式会社_2026/04_INV-0000000068","同一契約・対象月・商品で月次明細が重複","Key=a04RB00000kVL7jYAG|2026/04|a0CRB0000CcXZ6V2QW, Count=2","請求・作成元を確認し重複を統合する"
"High","重複","ContractLineItem__c","a03RB00001QugoyYAB","Mig_freee請求移行_野村不動産株式会社_2026/04_INV-0000000071","同一契約・対象月・商品で月次明細が重複","Key=a04RB00000kVL7jYAG|2026/04|a0CRB0000CcXZ6V2QW, Count=2","請求・作成元を確認し重複を統合する"
"High","重複","ContractLineItem__c","a03RB00001NswrOYAR","TC神鋼不動産株式会社_2026/05","同一契約・対象月・商品で月次明細が重複","Key=a04RB00000kUAPzYAO|2026/05|a0CRB0000CcXZ6i2QG, Count=2","請求・作成元を確認し重複を統合する"
"High","重複","ContractLineItem__c","a03RB00001RIRF2YAP","TC神鋼不動産株式会社_2026/06","同一契約・対象月・商品で月次明細が重複","Key=a04RB00000kUAPzYAO|2026/06|a0CRB0000CcXZ6i2QG, Count=2","請求・作成元を確認し重複を統合する"
"High","重複","ContractLineItem__c","a03RB00001RIREvYAP","株式会社デザインアーク_2026/06","同一契約・対象月・商品で月次明細が重複","Key=a04RB00000kUAOAYA4|2026/06|a0CRB0000CcXZ6V2QW, Count=2","請求・作成元を確認し重複を統合する"
"High","請求月不一致","ContractLineItem__c","a03RB00001Nswa2YAB","47内装株式会社_2025/03","関連請求の請求月が月次明細から2か月以上離れている","Monthly=2025/03, Billing=2026-07-20, Invoice=a00RB00002Am2BmYAJ","一括付替え等の誤紐付けを確認する"
"High","請求月不一致","ContractLineItem__c","a03RB00001Nswa3YAB","47内装株式会社_2025/04","関連請求の請求月が月次明細から2か月以上離れている","Monthly=2025/04, Billing=2026-07-20, Invoice=a00RB00002Am2BmYAJ","一括付替え等の誤紐付けを確認する"
"High","請求月不一致","ContractLineItem__c","a03RB00001Nswa4YAB","47内装株式会社_2025/05","関連請求の請求月が月次明細から2か月以上離れている","Monthly=2025/05, Billing=2026-07-20, Invoice=a00RB00002Am2BmYAJ","一括付替え等の誤紐付けを確認する"
"High","請求月不一致","ContractLineItem__c","a03RB00001Nswa5YAB","47内装株式会社_2025/06","関連請求の請求月が月次明細から2か月以上離れている","Monthly=2025/06, Billing=2026-07-20, Invoice=a00RB00002Am2BmYAJ","一括付替え等の誤紐付けを確認する"
"High","請求月不一致","ContractLineItem__c","a03RB00001Nswa6YAB","47内装株式会社_2025/07","関連請求の請求月が月次明細から2か月以上離れている","Monthly=2025/07, Billing=2026-07-20, Invoice=a00RB00002Am2BmYAJ","一括付替え等の誤紐付けを確認する"
"High","請求月不一致","ContractLineItem__c","a03RB00001Nswa7YAB","47内装株式会社_2025/08","関連請求の請求月が月次明細から2か月以上離れている","Monthly=2025/08, Billing=2026-07-20, Invoice=a00RB00002Am2BmYAJ","一括付替え等の誤紐付けを確認する"
"High","請求月不一致","ContractLineItem__c","a03RB00001Nswa8YAB","47内装株式会社_2025/09","関連請求の請求月が月次明細から2か月以上離れている","Monthly=2025/09, Billing=2026-07-20, Invoice=a00RB00002Am2BmYAJ","一括付替え等の誤紐付けを確認する"
"High","請求月不一致","ContractLineItem__c","a03RB00001Nswa9YAB","47内装株式会社_2025/10","関連請求の請求月が月次明細から2か月以上離れている","Monthly=2025/10, Billing=2026-07-20, Invoice=a00RB00002Am2BmYAJ","一括付替え等の誤紐付けを確認する"
"High","請求月不一致","ContractLineItem__c","a03RB00001NswaAYAR","47内装株式会社_2025/11","関連請求の請求月が月次明細から2か月以上離れている","Monthly=2025/11, Billing=2026-07-20, Invoice=a00RB00002Am2BmYAJ","一括付替え等の誤紐付けを確認する"
"High","請求月不一致","ContractLineItem__c","a03RB00001NswaBYAR","47内装株式会社_2025/12","関連請求の請求月が月次明細から2か月以上離れている","Monthly=2025/12, Billing=2026-07-20, Invoice=a00RB00002Am2BmYAJ","一括付替え等の誤紐付けを確認する"
"High","請求月不一致","ContractLineItem__c","a03RB00001NswaCYAR","47内装株式会社_2026/01","関連請求の請求月が月次明細から2か月以上離れている","Monthly=2026/01, Billing=2026-07-20, Invoice=a00RB00002Am2BmYAJ","一括付替え等の誤紐付けを確認する"
"High","請求月不一致","ContractLineItem__c","a03RB00001NswaDYAR","47内装株式会社_2026/02","関連請求の請求月が月次明細から2か月以上離れている","Monthly=2026/02, Billing=2026-07-20, Invoice=a00RB00002Am2BmYAJ","一括付替え等の誤紐付けを確認する"
"High","請求月不一致","ContractLineItem__c","a03RB00001NswaEYAR","47内装株式会社_2026/03","関連請求の請求月が月次明細から2か月以上離れている","Monthly=2026/03, Billing=2026-07-20, Invoice=a00RB00002Am2BmYAJ","一括付替え等の誤紐付けを確認する"
"High","請求月不一致","ContractLineItem__c","a03RB00001NswaFYAR","47内装株式会社_2026/04","関連請求の請求月が月次明細から2か月以上離れている","Monthly=2026/04, Billing=2026-07-20, Invoice=a00RB00002Am2BmYAJ","一括付替え等の誤紐付けを確認する"
"High","請求月不一致","ContractLineItem__c","a03RB00001NswaGYAR","47内装株式会社_2026/05","関連請求の請求月が月次明細から2か月以上離れている","Monthly=2026/05, Billing=2026-07-20, Invoice=a00RB00002Am2BmYAJ","一括付替え等の誤紐付けを確認する"
"High","請求月不一致","ContractLineItem__c","a03RB00001Uj0rjYAB","a03RB00001Uj0rj","関連請求の請求月が月次明細から2か月以上離れている","Monthly=2026/03, Billing=2026-07-20, Invoice=a00RB00002Am2BqYAJ","一括付替え等の誤紐付けを確認する"
"High","請求月不一致","ContractLineItem__c","a03RB00001Uj0rkYAB","a03RB00001Uj0rk","関連請求の請求月が月次明細から2か月以上離れている","Monthly=2026/03, Billing=2026-07-20, Invoice=a00RB00002Am2BqYAJ","一括付替え等の誤紐付けを確認する"
"High","請求月不一致","ContractLineItem__c","a03RB00001Uj0rlYAB","a03RB00001Uj0rl","関連請求の請求月が月次明細から2か月以上離れている","Monthly=2026/03, Billing=2026-07-20, Invoice=a00RB00002Am2BqYAJ","一括付替え等の誤紐付けを確認する"
"High","請求月不一致","ContractLineItem__c","a03RB00001Uj0rxYAB","a03RB00001Uj0rx","関連請求の請求月が月次明細から2か月以上離れている","Monthly=2026/06, Billing=2026-03-20, Invoice=a00RB00002Am2BKYAZ","一括付替え等の誤紐付けを確認する"
"High","請求月不一致","ContractLineItem__c","a03RB00001Uj0sJYAR","a03RB00001Uj0sJ","関連請求の請求月が月次明細から2か月以上離れている","Monthly=2026/04, Billing=2026-07-20, Invoice=a00RB00002B4i4HYAR","一括付替え等の誤紐付けを確認する"
"High","請求月不一致","ContractLineItem__c","a03RB00001UyZW3YAN","a03RB00001UyZW3","関連請求の請求月が月次明細から2か月以上離れている","Monthly=2026/06, Billing=2026-03-20, Invoice=a00RB00002B5oL6YAJ","一括付替え等の誤紐付けを確認する"
"High","請求月不一致","ContractLineItem__c","a03RB00001WYivaYAD","a03RB00001WYiva","関連請求の請求月が月次明細から2か月以上離れている","Monthly=2027/01, Billing=2026-08-20, Invoice=a00RB00002CgDsDYAV","一括付替え等の誤紐付けを確認する"
"High","請求月不一致","ContractLineItem__c","a03RB00001WYivBYAT","a03RB00001WYivB","関連請求の請求月が月次明細から2か月以上離れている","Monthly=2026/10, Billing=2026-08-20, Invoice=a00RB00002CgDsDYAV","一括付替え等の誤紐付けを確認する"
"High","請求月不一致","ContractLineItem__c","a03RB00001WYivbYAD","a03RB00001WYivb","関連請求の請求月が月次明細から2か月以上離れている","Monthly=2027/01, Billing=2026-08-20, Invoice=a00RB00002CgDsDYAV","一括付替え等の誤紐付けを確認する"
"High","請求月不一致","ContractLineItem__c","a03RB00001WYivcYAD","a03RB00001WYivc","関連請求の請求月が月次明細から2か月以上離れている","Monthly=2027/01, Billing=2026-08-20, Invoice=a00RB00002CgDsDYAV","一括付替え等の誤紐付けを確認する"
"High","請求月不一致","ContractLineItem__c","a03RB00001WYivCYAT","a03RB00001WYivC","関連請求の請求月が月次明細から2か月以上離れている","Monthly=2026/10, Billing=2026-08-20, Invoice=a00RB00002CgDsDYAV","一括付替え等の誤紐付けを確認する"
"High","請求月不一致","ContractLineItem__c","a03RB00001WYivDYAT","a03RB00001WYivD","関連請求の請求月が月次明細から2か月以上離れている","Monthly=2026/10, Billing=2026-08-20, Invoice=a00RB00002CgDsDYAV","一括付替え等の誤紐付けを確認する"
"High","請求月不一致","ContractLineItem__c","a03RB00001WYivdYAD","a03RB00001WYivd","関連請求の請求月が月次明細から2か月以上離れている","Monthly=2027/01, Billing=2026-08-20, Invoice=a00RB00002CgDsDYAV","一括付替え等の誤紐付けを確認する"
"High","請求月不一致","ContractLineItem__c","a03RB00001WYiveYAD","a03RB00001WYive","関連請求の請求月が月次明細から2か月以上離れている","Monthly=2027/01, Billing=2026-08-20, Invoice=a00RB00002CgDsDYAV","一括付替え等の誤紐付けを確認する"
"High","請求月不一致","ContractLineItem__c","a03RB00001WYivEYAT","a03RB00001WYivE","関連請求の請求月が月次明細から2か月以上離れている","Monthly=2026/10, Billing=2026-08-20, Invoice=a00RB00002CgDsDYAV","一括付替え等の誤紐付けを確認する"
"High","請求月不一致","ContractLineItem__c","a03RB00001WYivfYAD","a03RB00001WYivf","関連請求の請求月が月次明細から2か月以上離れている","Monthly=2027/01, Billing=2026-08-20, Invoice=a00RB00002CgDsDYAV","一括付替え等の誤紐付けを確認する"
"High","請求月不一致","ContractLineItem__c","a03RB00001WYivFYAT","a03RB00001WYivF","関連請求の請求月が月次明細から2か月以上離れている","Monthly=2026/10, Billing=2026-08-20, Invoice=a00RB00002CgDsDYAV","一括付替え等の誤紐付けを確認する"
"High","請求月不一致","ContractLineItem__c","a03RB00001WYivgYAD","a03RB00001WYivg","関連請求の請求月が月次明細から2か月以上離れている","Monthly=2027/01, Billing=2026-08-20, Invoice=a00RB00002CgDsDYAV","一括付替え等の誤紐付けを確認する"
"High","請求月不一致","ContractLineItem__c","a03RB00001WYivGYAT","a03RB00001WYivG","関連請求の請求月が月次明細から2か月以上離れている","Monthly=2026/10, Billing=2026-08-20, Invoice=a00RB00002CgDsDYAV","一括付替え等の誤紐付けを確認する"
"High","請求月不一致","ContractLineItem__c","a03RB00001WYivHYAT","a03RB00001WYivH","関連請求の請求月が月次明細から2か月以上離れている","Monthly=2026/10, Billing=2026-08-20, Invoice=a00RB00002CgDsDYAV","一括付替え等の誤紐付けを確認する"
"High","請求月不一致","ContractLineItem__c","a03RB00001WYivhYAD","a03RB00001WYivh","関連請求の請求月が月次明細から2か月以上離れている","Monthly=2027/02, Billing=2026-08-20, Invoice=a00RB00002CgDsDYAV","一括付替え等の誤紐付けを確認する"
"High","請求月不一致","ContractLineItem__c","a03RB00001WYiviYAD","a03RB00001WYivi","関連請求の請求月が月次明細から2か月以上離れている","Monthly=2027/02, Billing=2026-08-20, Invoice=a00RB00002CgDsDYAV","一括付替え等の誤紐付けを確認する"
"High","請求月不一致","ContractLineItem__c","a03RB00001WYivIYAT","a03RB00001WYivI","関連請求の請求月が月次明細から2か月以上離れている","Monthly=2026/10, Billing=2026-08-20, Invoice=a00RB00002CgDsDYAV","一括付替え等の誤紐付けを確認する"
"High","請求月不一致","ContractLineItem__c","a03RB00001WYivJYAT","a03RB00001WYivJ","関連請求の請求月が月次明細から2か月以上離れている","Monthly=2026/11, Billing=2026-08-20, Invoice=a00RB00002CgDsDYAV","一括付替え等の誤紐付けを確認する"
"High","請求月不一致","ContractLineItem__c","a03RB00001WYivjYAD","a03RB00001WYivj","関連請求の請求月が月次明細から2か月以上離れている","Monthly=2027/02, Billing=2026-08-20, Invoice=a00RB00002CgDsDYAV","一括付替え等の誤紐付けを確認する"
"High","請求月不一致","ContractLineItem__c","a03RB00001WYivKYAT","a03RB00001WYivK","関連請求の請求月が月次明細から2か月以上離れている","Monthly=2026/11, Billing=2026-08-20, Invoice=a00RB00002CgDsDYAV","一括付替え等の誤紐付けを確認する"
"High","請求月不一致","ContractLineItem__c","a03RB00001WYivkYAD","a03RB00001WYivk","関連請求の請求月が月次明細から2か月以上離れている","Monthly=2027/02, Billing=2026-08-20, Invoice=a00RB00002CgDsDYAV","一括付替え等の誤紐付けを確認する"
"High","請求月不一致","ContractLineItem__c","a03RB00001WYivlYAD","a03RB00001WYivl","関連請求の請求月が月次明細から2か月以上離れている","Monthly=2027/02, Billing=2026-08-20, Invoice=a00RB00002CgDsDYAV","一括付替え等の誤紐付けを確認する"
"High","請求月不一致","ContractLineItem__c","a03RB00001WYivLYAT","a03RB00001WYivL","関連請求の請求月が月次明細から2か月以上離れている","Monthly=2026/11, Billing=2026-08-20, Invoice=a00RB00002CgDsDYAV","一括付替え等の誤紐付けを確認する"
"High","請求月不一致","ContractLineItem__c","a03RB00001WYivmYAD","a03RB00001WYivm","関連請求の請求月が月次明細から2か月以上離れている","Monthly=2027/02, Billing=2026-08-20, Invoice=a00RB00002CgDsDYAV","一括付替え等の誤紐付けを確認する"
"High","請求月不一致","ContractLineItem__c","a03RB00001WYivMYAT","a03RB00001WYivM","関連請求の請求月が月次明細から2か月以上離れている","Monthly=2026/11, Billing=2026-08-20, Invoice=a00RB00002CgDsDYAV","一括付替え等の誤紐付けを確認する"
"High","請求月不一致","ContractLineItem__c","a03RB00001WYivnYAD","a03RB00001WYivn","関連請求の請求月が月次明細から2か月以上離れている","Monthly=2027/02, Billing=2026-08-20, Invoice=a00RB00002CgDsDYAV","一括付替え等の誤紐付けを確認する"
"High","請求月不一致","ContractLineItem__c","a03RB00001WYivNYAT","a03RB00001WYivN","関連請求の請求月が月次明細から2か月以上離れている","Monthly=2026/11, Billing=2026-08-20, Invoice=a00RB00002CgDsDYAV","一括付替え等の誤紐付けを確認する"
"High","請求月不一致","ContractLineItem__c","a03RB00001WYivOYAT","a03RB00001WYivO","関連請求の請求月が月次明細から2か月以上離れている","Monthly=2026/11, Billing=2026-08-20, Invoice=a00RB00002CgDsDYAV","一括付替え等の誤紐付けを確認する"
"High","請求月不一致","ContractLineItem__c","a03RB00001WYivoYAD","a03RB00001WYivo","関連請求の請求月が月次明細から2か月以上離れている","Monthly=2027/02, Billing=2026-08-20, Invoice=a00RB00002CgDsDYAV","一括付替え等の誤紐付けを確認する"
"High","請求月不一致","ContractLineItem__c","a03RB00001WYivPYAT","a03RB00001WYivP","関連請求の請求月が月次明細から2か月以上離れている","Monthly=2026/11, Billing=2026-08-20, Invoice=a00RB00002CgDsDYAV","一括付替え等の誤紐付けを確認する"
"High","請求月不一致","ContractLineItem__c","a03RB00001WYivpYAD","a03RB00001WYivp","関連請求の請求月が月次明細から2か月以上離れている","Monthly=2027/03, Billing=2026-08-20, Invoice=a00RB00002CgDsDYAV","一括付替え等の誤紐付けを確認する"
"High","請求月不一致","ContractLineItem__c","a03RB00001WYivQYAT","a03RB00001WYivQ","関連請求の請求月が月次明細から2か月以上離れている","Monthly=2026/11, Billing=2026-08-20, Invoice=a00RB00002CgDsDYAV","一括付替え等の誤紐付けを確認する"
"High","請求月不一致","ContractLineItem__c","a03RB00001WYivqYAD","a03RB00001WYivq","関連請求の請求月が月次明細から2か月以上離れている","Monthly=2027/03, Billing=2026-08-20, Invoice=a00RB00002CgDsDYAV","一括付替え等の誤紐付けを確認する"
"High","請求月不一致","ContractLineItem__c","a03RB00001WYivrYAD","a03RB00001WYivr","関連請求の請求月が月次明細から2か月以上離れている","Monthly=2027/03, Billing=2026-08-20, Invoice=a00RB00002CgDsDYAV","一括付替え等の誤紐付けを確認する"
"High","請求月不一致","ContractLineItem__c","a03RB00001WYivRYAT","a03RB00001WYivR","関連請求の請求月が月次明細から2か月以上離れている","Monthly=2026/12, Billing=2026-08-20, Invoice=a00RB00002CgDsDYAV","一括付替え等の誤紐付けを確認する"
"High","請求月不一致","ContractLineItem__c","a03RB00001WYivSYAT","a03RB00001WYivS","関連請求の請求月が月次明細から2か月以上離れている","Monthly=2026/12, Billing=2026-08-20, Invoice=a00RB00002CgDsDYAV","一括付替え等の誤紐付けを確認する"
"High","請求月不一致","ContractLineItem__c","a03RB00001WYivsYAD","a03RB00001WYivs","関連請求の請求月が月次明細から2か月以上離れている","Monthly=2027/03, Billing=2026-08-20, Invoice=a00RB00002CgDsDYAV","一括付替え等の誤紐付けを確認する"
"High","請求月不一致","ContractLineItem__c","a03RB00001WYivtYAD","a03RB00001WYivt","関連請求の請求月が月次明細から2か月以上離れている","Monthly=2027/03, Billing=2026-08-20, Invoice=a00RB00002CgDsDYAV","一括付替え等の誤紐付けを確認する"
"High","請求月不一致","ContractLineItem__c","a03RB00001WYivTYAT","a03RB00001WYivT","関連請求の請求月が月次明細から2か月以上離れている","Monthly=2026/12, Billing=2026-08-20, Invoice=a00RB00002CgDsDYAV","一括付替え等の誤紐付けを確認する"
"High","請求月不一致","ContractLineItem__c","a03RB00001WYivuYAD","a03RB00001WYivu","関連請求の請求月が月次明細から2か月以上離れている","Monthly=2027/03, Billing=2026-08-20, Invoice=a00RB00002CgDsDYAV","一括付替え等の誤紐付けを確認する"
"High","請求月不一致","ContractLineItem__c","a03RB00001WYivUYAT","a03RB00001WYivU","関連請求の請求月が月次明細から2か月以上離れている","Monthly=2026/12, Billing=2026-08-20, Invoice=a00RB00002CgDsDYAV","一括付替え等の誤紐付けを確認する"
"High","請求月不一致","ContractLineItem__c","a03RB00001WYivvYAD","a03RB00001WYivv","関連請求の請求月が月次明細から2か月以上離れている","Monthly=2027/03, Billing=2026-08-20, Invoice=a00RB00002CgDsDYAV","一括付替え等の誤紐付けを確認する"
"High","請求月不一致","ContractLineItem__c","a03RB00001WYivVYAT","a03RB00001WYivV","関連請求の請求月が月次明細から2か月以上離れている","Monthly=2026/12, Billing=2026-08-20, Invoice=a00RB00002CgDsDYAV","一括付替え等の誤紐付けを確認する"
"High","請求月不一致","ContractLineItem__c","a03RB00001WYivwYAD","a03RB00001WYivw","関連請求の請求月が月次明細から2か月以上離れている","Monthly=2027/03, Billing=2026-08-20, Invoice=a00RB00002CgDsDYAV","一括付替え等の誤紐付けを確認する"
"High","請求月不一致","ContractLineItem__c","a03RB00001WYivWYAT","a03RB00001WYivW","関連請求の請求月が月次明細から2か月以上離れている","Monthly=2026/12, Billing=2026-08-20, Invoice=a00RB00002CgDsDYAV","一括付替え等の誤紐付けを確認する"
"High","請求月不一致","ContractLineItem__c","a03RB00001WYivxYAD","a03RB00001WYivx","関連請求の請求月が月次明細から2か月以上離れている","Monthly=2027/04, Billing=2026-08-20, Invoice=a00RB00002CgDsDYAV","一括付替え等の誤紐付けを確認する"
"High","請求月不一致","ContractLineItem__c","a03RB00001WYivXYAT","a03RB00001WYivX","関連請求の請求月が月次明細から2か月以上離れている","Monthly=2026/12, Billing=2026-08-20, Invoice=a00RB00002CgDsDYAV","一括付替え等の誤紐付けを確認する"
"High","請求月不一致","ContractLineItem__c","a03RB00001WYivyYAD","a03RB00001WYivy","関連請求の請求月が月次明細から2か月以上離れている","Monthly=2027/04, Billing=2026-08-20, Invoice=a00RB00002CgDsDYAV","一括付替え等の誤紐付けを確認する"
"High","請求月不一致","ContractLineItem__c","a03RB00001WYivYYAT","a03RB00001WYivY","関連請求の請求月が月次明細から2か月以上離れている","Monthly=2026/12, Billing=2026-08-20, Invoice=a00RB00002CgDsDYAV","一括付替え等の誤紐付けを確認する"
"High","請求月不一致","ContractLineItem__c","a03RB00001WYivZYAT","a03RB00001WYivZ","関連請求の請求月が月次明細から2か月以上離れている","Monthly=2027/01, Billing=2026-08-20, Invoice=a00RB00002CgDsDYAV","一括付替え等の誤紐付けを確認する"
"High","請求月不一致","ContractLineItem__c","a03RB00001WYivzYAD","a03RB00001WYivz","関連請求の請求月が月次明細から2か月以上離れている","Monthly=2027/04, Billing=2026-08-20, Invoice=a00RB00002CgDsDYAV","一括付替え等の誤紐付けを確認する"
"High","請求月不一致","ContractLineItem__c","a03RB00001WYiw0YAD","a03RB00001WYiw0","関連請求の請求月が月次明細から2か月以上離れている","Monthly=2027/04, Billing=2026-08-20, Invoice=a00RB00002CgDsDYAV","一括付替え等の誤紐付けを確認する"
"High","請求月不一致","ContractLineItem__c","a03RB00001WYiw1YAD","a03RB00001WYiw1","関連請求の請求月が月次明細から2か月以上離れている","Monthly=2027/04, Billing=2026-08-20, Invoice=a00RB00002CgDsDYAV","一括付替え等の誤紐付けを確認する"
"High","請求月不一致","ContractLineItem__c","a03RB00001WYiw2YAD","a03RB00001WYiw2","関連請求の請求月が月次明細から2か月以上離れている","Monthly=2027/04, Billing=2026-08-20, Invoice=a00RB00002CgDsDYAV","一括付替え等の誤紐付けを確認する"
"High","請求月不一致","ContractLineItem__c","a03RB00001WYiw3YAD","a03RB00001WYiw3","関連請求の請求月が月次明細から2か月以上離れている","Monthly=2027/04, Billing=2026-08-20, Invoice=a00RB00002CgDsDYAV","一括付替え等の誤紐付けを確認する"
"High","請求月不一致","ContractLineItem__c","a03RB00001WYiw4YAD","a03RB00001WYiw4","関連請求の請求月が月次明細から2か月以上離れている","Monthly=2027/04, Billing=2026-08-20, Invoice=a00RB00002CgDsDYAV","一括付替え等の誤紐付けを確認する"
"High","請求月不一致","ContractLineItem__c","a03RB00001WYiw5YAD","a03RB00001WYiw5","関連請求の請求月が月次明細から2か月以上離れている","Monthly=2027/05, Billing=2026-08-20, Invoice=a00RB00002CgDsDYAV","一括付替え等の誤紐付けを確認する"
"High","請求月不一致","ContractLineItem__c","a03RB00001WYiw6YAD","a03RB00001WYiw6","関連請求の請求月が月次明細から2か月以上離れている","Monthly=2027/05, Billing=2026-08-20, Invoice=a00RB00002CgDsDYAV","一括付替え等の誤紐付けを確認する"
"High","請求月不一致","ContractLineItem__c","a03RB00001WYiw7YAD","a03RB00001WYiw7","関連請求の請求月が月次明細から2か月以上離れている","Monthly=2027/05, Billing=2026-08-20, Invoice=a00RB00002CgDsDYAV","一括付替え等の誤紐付けを確認する"
"High","請求月不一致","ContractLineItem__c","a03RB00001WYiw8YAD","a03RB00001WYiw8","関連請求の請求月が月次明細から2か月以上離れている","Monthly=2027/05, Billing=2026-08-20, Invoice=a00RB00002CgDsDYAV","一括付替え等の誤紐付けを確認する"
"High","請求月不一致","ContractLineItem__c","a03RB00001WYiw9YAD","a03RB00001WYiw9","関連請求の請求月が月次明細から2か月以上離れている","Monthly=2027/05, Billing=2026-08-20, Invoice=a00RB00002CgDsDYAV","一括付替え等の誤紐付けを確認する"
"High","請求月不一致","ContractLineItem__c","a03RB00001WYiwAYAT","a03RB00001WYiwA","関連請求の請求月が月次明細から2か月以上離れている","Monthly=2027/05, Billing=2026-08-20, Invoice=a00RB00002CgDsDYAV","一括付替え等の誤紐付けを確認する"
"High","請求月不一致","ContractLineItem__c","a03RB00001WYiwBYAT","a03RB00001WYiwB","関連請求の請求月が月次明細から2か月以上離れている","Monthly=2027/05, Billing=2026-08-20, Invoice=a00RB00002CgDsDYAV","一括付替え等の誤紐付けを確認する"
"High","請求月不一致","ContractLineItem__c","a03RB00001WYiwCYAT","a03RB00001WYiwC","関連請求の請求月が月次明細から2か月以上離れている","Monthly=2027/05, Billing=2026-08-20, Invoice=a00RB00002CgDsDYAV","一括付替え等の誤紐付けを確認する"
"High","請求月不一致","ContractLineItem__c","a03RB00001WYiwDYAT","a03RB00001WYiwD","関連請求の請求月が月次明細から2か月以上離れている","Monthly=2027/06, Billing=2026-08-20, Invoice=a00RB00002CgDsDYAV","一括付替え等の誤紐付けを確認する"
"High","請求月不一致","ContractLineItem__c","a03RB00001WYiwEYAT","a03RB00001WYiwE","関連請求の請求月が月次明細から2か月以上離れている","Monthly=2027/06, Billing=2026-08-20, Invoice=a00RB00002CgDsDYAV","一括付替え等の誤紐付けを確認する"
"High","請求月不一致","ContractLineItem__c","a03RB00001WYiwFYAT","a03RB00001WYiwF","関連請求の請求月が月次明細から2か月以上離れている","Monthly=2027/06, Billing=2026-08-20, Invoice=a00RB00002CgDsDYAV","一括付替え等の誤紐付けを確認する"
"High","請求月不一致","ContractLineItem__c","a03RB00001WYiwGYAT","a03RB00001WYiwG","関連請求の請求月が月次明細から2か月以上離れている","Monthly=2027/06, Billing=2026-08-20, Invoice=a00RB00002CgDsDYAV","一括付替え等の誤紐付けを確認する"
"High","請求月不一致","ContractLineItem__c","a03RB00001WYiwHYAT","a03RB00001WYiwH","関連請求の請求月が月次明細から2か月以上離れている","Monthly=2027/06, Billing=2026-08-20, Invoice=a00RB00002CgDsDYAV","一括付替え等の誤紐付けを確認する"
"High","請求月不一致","ContractLineItem__c","a03RB00001WYiwIYAT","a03RB00001WYiwI","関連請求の請求月が月次明細から2か月以上離れている","Monthly=2027/06, Billing=2026-08-20, Invoice=a00RB00002CgDsDYAV","一括付替え等の誤紐付けを確認する"
"High","請求月不一致","ContractLineItem__c","a03RB00001WYiwJYAT","a03RB00001WYiwJ","関連請求の請求月が月次明細から2か月以上離れている","Monthly=2027/06, Billing=2026-08-20, Invoice=a00RB00002CgDsDYAV","一括付替え等の誤紐付けを確認する"
"High","請求月不一致","ContractLineItem__c","a03RB00001WYiwKYAT","a03RB00001WYiwK","関連請求の請求月が月次明細から2か月以上離れている","Monthly=2027/06, Billing=2026-08-20, Invoice=a00RB00002CgDsDYAV","一括付替え等の誤紐付けを確認する"
"High","請求月不一致","ContractLineItem__c","a03RB00001WYiwLYAT","a03RB00001WYiwL","関連請求の請求月が月次明細から2か月以上離れている","Monthly=2027/07, Billing=2026-08-20, Invoice=a00RB00002CgDsDYAV","一括付替え等の誤紐付けを確認する"
"High","請求月不一致","ContractLineItem__c","a03RB00001WYiwMYAT","a03RB00001WYiwM","関連請求の請求月が月次明細から2か月以上離れている","Monthly=2027/07, Billing=2026-08-20, Invoice=a00RB00002CgDsDYAV","一括付替え等の誤紐付けを確認する"
"High","請求月不一致","ContractLineItem__c","a03RB00001WYiwNYAT","a03RB00001WYiwN","関連請求の請求月が月次明細から2か月以上離れている","Monthly=2027/07, Billing=2026-08-20, Invoice=a00RB00002CgDsDYAV","一括付替え等の誤紐付けを確認する"
"High","請求月不一致","ContractLineItem__c","a03RB00001WYiwOYAT","a03RB00001WYiwO","関連請求の請求月が月次明細から2か月以上離れている","Monthly=2027/07, Billing=2026-08-20, Invoice=a00RB00002CgDsDYAV","一括付替え等の誤紐付けを確認する"
"High","請求月不一致","ContractLineItem__c","a03RB00001WYiwPYAT","a03RB00001WYiwP","関連請求の請求月が月次明細から2か月以上離れている","Monthly=2027/07, Billing=2026-08-20, Invoice=a00RB00002CgDsDYAV","一括付替え等の誤紐付けを確認する"
"High","請求月不一致","ContractLineItem__c","a03RB00001WYiwQYAT","a03RB00001WYiwQ","関連請求の請求月が月次明細から2か月以上離れている","Monthly=2027/07, Billing=2026-08-20, Invoice=a00RB00002CgDsDYAV","一括付替え等の誤紐付けを確認する"
"High","請求月不一致","ContractLineItem__c","a03RB00001WYiwRYAT","a03RB00001WYiwR","関連請求の請求月が月次明細から2か月以上離れている","Monthly=2027/07, Billing=2026-08-20, Invoice=a00RB00002CgDsDYAV","一括付替え等の誤紐付けを確認する"
"High","請求月不一致","ContractLineItem__c","a03RB00001WYiwSYAT","a03RB00001WYiwS","関連請求の請求月が月次明細から2か月以上離れている","Monthly=2027/07, Billing=2026-08-20, Invoice=a00RB00002CgDsDYAV","一括付替え等の誤紐付けを確認する"
"High","請求月不一致","ContractLineItem__c","a03RB00001NswaHYAR","ANAスカイビルサービス株式会社 ※郵送希望_2025/04","関連請求の請求月が月次明細から2か月以上離れている","Monthly=2025/04, Billing=2026-07-20, Invoice=a00RB00002Am2BlYAJ","一括付替え等の誤紐付けを確認する"
"High","請求月不一致","ContractLineItem__c","a03RB00001NswaIYAR","ANAスカイビルサービス株式会社 ※郵送希望_2025/05","関連請求の請求月が月次明細から2か月以上離れている","Monthly=2025/05, Billing=2026-07-20, Invoice=a00RB00002Am2BlYAJ","一括付替え等の誤紐付けを確認する"
"High","請求月不一致","ContractLineItem__c","a03RB00001NswaJYAR","ANAスカイビルサービス株式会社 ※郵送希望_2025/06","関連請求の請求月が月次明細から2か月以上離れている","Monthly=2025/06, Billing=2026-07-20, Invoice=a00RB00002Am2BlYAJ","一括付替え等の誤紐付けを確認する"
"High","請求月不一致","ContractLineItem__c","a03RB00001NswaKYAR","ANAスカイビルサービス株式会社 ※郵送希望_2025/07","関連請求の請求月が月次明細から2か月以上離れている","Monthly=2025/07, Billing=2026-07-20, Invoice=a00RB00002Am2BlYAJ","一括付替え等の誤紐付けを確認する"
"High","請求月不一致","ContractLineItem__c","a03RB00001NswaLYAR","ANAスカイビルサービス株式会社 ※郵送希望_2025/08","関連請求の請求月が月次明細から2か月以上離れている","Monthly=2025/08, Billing=2026-07-20, Invoice=a00RB00002Am2BlYAJ","一括付替え等の誤紐付けを確認する"
"High","請求月不一致","ContractLineItem__c","a03RB00001NswaMYAR","ANAスカイビルサービス株式会社 ※郵送希望_2025/09","関連請求の請求月が月次明細から2か月以上離れている","Monthly=2025/09, Billing=2026-07-20, Invoice=a00RB00002Am2BlYAJ","一括付替え等の誤紐付けを確認する"
"High","請求月不一致","ContractLineItem__c","a03RB00001NswaNYAR","ANAスカイビルサービス株式会社 ※郵送希望_2025/10","関連請求の請求月が月次明細から2か月以上離れている","Monthly=2025/10, Billing=2026-07-20, Invoice=a00RB00002Am2BlYAJ","一括付替え等の誤紐付けを確認する"
"High","請求月不一致","ContractLineItem__c","a03RB00001NswaOYAR","ANAスカイビルサービス株式会社 ※郵送希望_2025/11","関連請求の請求月が月次明細から2か月以上離れている","Monthly=2025/11, Billing=2026-07-20, Invoice=a00RB00002Am2BlYAJ","一括付替え等の誤紐付けを確認する"
"High","請求月不一致","ContractLineItem__c","a03RB00001NswaPYAR","ANAスカイビルサービス株式会社 ※郵送希望_2025/12","関連請求の請求月が月次明細から2か月以上離れている","Monthly=2025/12, Billing=2026-07-20, Invoice=a00RB00002Am2BlYAJ","一括付替え等の誤紐付けを確認する"
"High","請求月不一致","ContractLineItem__c","a03RB00001NswaQYAR","ANAスカイビルサービス株式会社 ※郵送希望_2026/01","関連請求の請求月が月次明細から2か月以上離れている","Monthly=2026/01, Billing=2026-07-20, Invoice=a00RB00002Am2BlYAJ","一括付替え等の誤紐付けを確認する"
"High","請求月不一致","ContractLineItem__c","a03RB00001NswaRYAR","ANAスカイビルサービス株式会社 ※郵送希望_2026/02","関連請求の請求月が月次明細から2か月以上離れている","Monthly=2026/02, Billing=2026-07-20, Invoice=a00RB00002Am2BlYAJ","一括付替え等の誤紐付けを確認する"
"High","請求月不一致","ContractLineItem__c","a03RB00001NswaSYAR","ANAスカイビルサービス株式会社 ※郵送希望_2026/03","関連請求の請求月が月次明細から2か月以上離れている","Monthly=2026/03, Billing=2026-07-20, Invoice=a00RB00002Am2BlYAJ","一括付替え等の誤紐付けを確認する"
"High","請求月不一致","ContractLineItem__c","a03RB00001NswaTYAR","ANAスカイビルサービス株式会社 ※郵送希望_2026/04","関連請求の請求月が月次明細から2か月以上離れている","Monthly=2026/04, Billing=2026-07-20, Invoice=a00RB00002Am2BlYAJ","一括付替え等の誤紐付けを確認する"
"High","請求月不一致","ContractLineItem__c","a03RB00001NswaUYAR","ANAスカイビルサービス株式会社 ※郵送希望_2026/05","関連請求の請求月が月次明細から2か月以上離れている","Monthly=2026/05, Billing=2026-07-20, Invoice=a00RB00002Am2BlYAJ","一括付替え等の誤紐付けを確認する"
"High","請求月不一致","ContractLineItem__c","a03RB00001NswjRYAR","Asplead株式会社_2026/04","関連請求の請求月が月次明細から2か月以上離れている","Monthly=2026/04, Billing=2026-07-20, Invoice=a00RB00002Am2BZYAZ","一括付替え等の誤紐付けを確認する"
"High","請求月不一致","ContractLineItem__c","a03RB00001NswjSYAR","Asplead株式会社_2026/05","関連請求の請求月が月次明細から2か月以上離れている","Monthly=2026/05, Billing=2026-07-20, Invoice=a00RB00002Am2BZYAZ","一括付替え等の誤紐付けを確認する"
"High","請求月不一致","ContractLineItem__c","a03RB00001NsweUYAR","JOA株式会社_2025/09","関連請求の請求月が月次明細から2か月以上離れている","Monthly=2025/09, Billing=2026-07-20, Invoice=a00RB00002Am2BrYAJ","一括付替え等の誤紐付けを確認する"
"High","請求月不一致","ContractLineItem__c","a03RB00001NsweVYAR","JOA株式会社_2025/10","関連請求の請求月が月次明細から2か月以上離れている","Monthly=2025/10, Billing=2026-07-20, Invoice=a00RB00002Am2BrYAJ","一括付替え等の誤紐付けを確認する"
"High","請求月不一致","ContractLineItem__c","a03RB00001NsweWYAR","JOA株式会社_2025/11","関連請求の請求月が月次明細から2か月以上離れている","Monthly=2025/11, Billing=2026-07-20, Invoice=a00RB00002Am2BrYAJ","一括付替え等の誤紐付けを確認する"
"High","請求月不一致","ContractLineItem__c","a03RB00001NsweXYAR","JOA株式会社_2025/12","関連請求の請求月が月次明細から2か月以上離れている","Monthly=2025/12, Billing=2026-07-20, Invoice=a00RB00002Am2BrYAJ","一括付替え等の誤紐付けを確認する"
"High","請求月不一致","ContractLineItem__c","a03RB00001NsweYYAR","JOA株式会社_2026/01","関連請求の請求月が月次明細から2か月以上離れている","Monthly=2026/01, Billing=2026-07-20, Invoice=a00RB00002Am2BrYAJ","一括付替え等の誤紐付けを確認する"
"High","請求月不一致","ContractLineItem__c","a03RB00001NsweZYAR","JOA株式会社_2026/02","関連請求の請求月が月次明細から2か月以上離れている","Monthly=2026/02, Billing=2026-07-20, Invoice=a00RB00002Am2BrYAJ","一括付替え等の誤紐付けを確認する"
"High","請求月不一致","ContractLineItem__c","a03RB00001NsweaYAB","JOA株式会社_2026/03","関連請求の請求月が月次明細から2か月以上離れている","Monthly=2026/03, Billing=2026-07-20, Invoice=a00RB00002Am2BrYAJ","一括付替え等の誤紐付けを確認する"
"High","請求月不一致","ContractLineItem__c","a03RB00001NswebYAB","JOA株式会社_2026/04","関連請求の請求月が月次明細から2か月以上離れている","Monthly=2026/04, Billing=2026-07-20, Invoice=a00RB00002Am2BrYAJ","一括付替え等の誤紐付けを確認する"
"High","請求月不一致","ContractLineItem__c","a03RB00001NswecYAB","JOA株式会社_2026/05","関連請求の請求月が月次明細から2か月以上離れている","Monthly=2026/05, Billing=2026-07-20, Invoice=a00RB00002Am2BrYAJ","一括付替え等の誤紐付けを確認する"
"High","請求月不一致","ContractLineItem__c","a03RB00001RISiiYAH","Mig_freee請求移行_コンチネンタルホーム株式会社_2026/06_INV-0000000125","関連請求の請求月が月次明細から2か月以上離れている","Monthly=2026/06, Billing=2026-04-20, Invoice=a00RB00002Am2AiYAJ","一括付替え等の誤紐付けを確認する"
"High","請求月不一致","ContractLineItem__c","a03RB00001RISiXYAX","Mig_freee請求移行_株式会社LIXIL住宅研究所 リノベーション推進室_2026/06_INV-0000000106","関連請求の請求月が月次明細から2か月以上離れている","Monthly=2026/06, Billing=2026-03-27, Invoice=a00RB000024Ux4oYAC","一括付替え等の誤紐付けを確認する"
"High","請求月不一致","ContractLineItem__c","a03RB00001NswqqYAB","ONETEAM不動産_2025/06","関連請求の請求月が月次明細から2か月以上離れている","Monthly=2025/06, Billing=2026-07-20, Invoice=a00RB00002AyetjYAB","一括付替え等の誤紐付けを確認する"
"High","請求月不一致","ContractLineItem__c","a03RB00001NswqrYAB","ONETEAM不動産_2025/07","関連請求の請求月が月次明細から2か月以上離れている","Monthly=2025/07, Billing=2026-07-20, Invoice=a00RB00002AyetjYAB","一括付替え等の誤紐付けを確認する"
"High","請求月不一致","ContractLineItem__c","a03RB00001NswqsYAB","ONETEAM不動産_2025/08","関連請求の請求月が月次明細から2か月以上離れている","Monthly=2025/08, Billing=2026-07-20, Invoice=a00RB00002AyetjYAB","一括付替え等の誤紐付けを確認する"
"High","請求月不一致","ContractLineItem__c","a03RB00001NswqtYAB","ONETEAM不動産_2025/09","関連請求の請求月が月次明細から2か月以上離れている","Monthly=2025/09, Billing=2026-07-20, Invoice=a00RB00002AyetjYAB","一括付替え等の誤紐付けを確認する"
"High","請求月不一致","ContractLineItem__c","a03RB00001NswquYAB","ONETEAM不動産_2025/10","関連請求の請求月が月次明細から2か月以上離れている","Monthly=2025/10, Billing=2026-07-20, Invoice=a00RB00002AyetjYAB","一括付替え等の誤紐付けを確認する"
"High","請求月不一致","ContractLineItem__c","a03RB00001NswqvYAB","ONETEAM不動産_2025/11","関連請求の請求月が月次明細から2か月以上離れている","Monthly=2025/11, Billing=2026-07-20, Invoice=a00RB00002AyetjYAB","一括付替え等の誤紐付けを確認する"
"High","請求月不一致","ContractLineItem__c","a03RB00001NswqwYAB","ONETEAM不動産_2025/12","関連請求の請求月が月次明細から2か月以上離れている","Monthly=2025/12, Billing=2026-07-20, Invoice=a00RB00002AyetjYAB","一括付替え等の誤紐付けを確認する"
"High","請求月不一致","ContractLineItem__c","a03RB00001NswqxYAB","ONETEAM不動産_2026/01","関連請求の請求月が月次明細から2か月以上離れている","Monthly=2026/01, Billing=2026-07-20, Invoice=a00RB00002AyetjYAB","一括付替え等の誤紐付けを確認する"
"High","請求月不一致","ContractLineItem__c","a03RB00001NswqyYAB","ONETEAM不動産_2026/02","関連請求の請求月が月次明細から2か月以上離れている","Monthly=2026/02, Billing=2026-07-20, Invoice=a00RB00002AyetjYAB","一括付替え等の誤紐付けを確認する"
"High","請求月不一致","ContractLineItem__c","a03RB00001NswqzYAB","ONETEAM不動産_2026/03","関連請求の請求月が月次明細から2か月以上離れている","Monthly=2026/03, Billing=2026-07-20, Invoice=a00RB00002AyetjYAB","一括付替え等の誤紐付けを確認する"
"High","請求月不一致","ContractLineItem__c","a03RB00001Nswr0YAB","ONETEAM不動産_2026/04","関連請求の請求月が月次明細から2か月以上離れている","Monthly=2026/04, Billing=2026-07-20, Invoice=a00RB00002AyetjYAB","一括付替え等の誤紐付けを確認する"
"High","請求月不一致","ContractLineItem__c","a03RB00001Nswr1YAB","ONETEAM不動産_2026/05","関連請求の請求月が月次明細から2か月以上離れている","Monthly=2026/05, Billing=2026-07-20, Invoice=a00RB00002AyetjYAB","一括付替え等の誤紐付けを確認する"
"High","請求月不一致","ContractLineItem__c","a03RB00001NswigYAB","Phantom株式会社_2026/02","関連請求の請求月が月次明細から2か月以上離れている","Monthly=2026/02, Billing=2026-07-20, Invoice=a00RB00002Am2BTYAZ","一括付替え等の誤紐付けを確認する"
"High","請求月不一致","ContractLineItem__c","a03RB00001NswihYAB","Phantom株式会社_2026/03","関連請求の請求月が月次明細から2か月以上離れている","Monthly=2026/03, Billing=2026-07-20, Invoice=a00RB00002Am2BTYAZ","一括付替え等の誤紐付けを確認する"
"High","請求月不一致","ContractLineItem__c","a03RB00001NswiiYAB","Phantom株式会社_2026/04","関連請求の請求月が月次明細から2か月以上離れている","Monthly=2026/04, Billing=2026-07-20, Invoice=a00RB00002Am2BTYAZ","一括付替え等の誤紐付けを確認する"
"High","請求月不一致","ContractLineItem__c","a03RB00001NswijYAB","Phantom株式会社_2026/05","関連請求の請求月が月次明細から2か月以上離れている","Monthly=2026/05, Billing=2026-07-20, Invoice=a00RB00002Am2BTYAZ","一括付替え等の誤紐付けを確認する"
"High","請求月不一致","ContractLineItem__c","a03RB00001NswrEYAR","TC神鋼不動産株式会社_2025/07","関連請求の請求月が月次明細から2か月以上離れている","Monthly=2025/07, Billing=2026-06-20, Invoice=a00RB000027flsLYAQ","一括付替え等の誤紐付けを確認する"
"High","請求月不一致","ContractLineItem__c","a03RB00001NswrFYAR","TC神鋼不動産株式会社_2025/08","関連請求の請求月が月次明細から2か月以上離れている","Monthly=2025/08, Billing=2026-06-20, Invoice=a00RB000027flsLYAQ","一括付替え等の誤紐付けを確認する"
"High","請求月不一致","ContractLineItem__c","a03RB00001NswrGYAR","TC神鋼不動産株式会社_2025/09","関連請求の請求月が月次明細から2か月以上離れている","Monthly=2025/09, Billing=2026-06-20, Invoice=a00RB000027flsLYAQ","一括付替え等の誤紐付けを確認する"
"High","請求月不一致","ContractLineItem__c","a03RB00001NswrHYAR","TC神鋼不動産株式会社_2025/10","関連請求の請求月が月次明細から2か月以上離れている","Monthly=2025/10, Billing=2026-06-20, Invoice=a00RB000027flsLYAQ","一括付替え等の誤紐付けを確認する"
"High","請求月不一致","ContractLineItem__c","a03RB00001NswrIYAR","TC神鋼不動産株式会社_2025/11","関連請求の請求月が月次明細から2か月以上離れている","Monthly=2025/11, Billing=2026-06-20, Invoice=a00RB000027flsLYAQ","一括付替え等の誤紐付けを確認する"
"High","請求月不一致","ContractLineItem__c","a03RB00001NswrJYAR","TC神鋼不動産株式会社_2025/12","関連請求の請求月が月次明細から2か月以上離れている","Monthly=2025/12, Billing=2026-06-20, Invoice=a00RB000027flsLYAQ","一括付替え等の誤紐付けを確認する"
"High","請求月不一致","ContractLineItem__c","a03RB00001NswrKYAR","TC神鋼不動産株式会社_2026/01","関連請求の請求月が月次明細から2か月以上離れている","Monthly=2026/01, Billing=2026-06-20, Invoice=a00RB000027flsLYAQ","一括付替え等の誤紐付けを確認する"
"High","請求月不一致","ContractLineItem__c","a03RB00001NswrLYAR","TC神鋼不動産株式会社_2026/02","関連請求の請求月が月次明細から2か月以上離れている","Monthly=2026/02, Billing=2026-06-20, Invoice=a00RB000027flsLYAQ","一括付替え等の誤紐付けを確認する"
"High","請求月不一致","ContractLineItem__c","a03RB00001NswrMYAR","TC神鋼不動産株式会社_2026/03","関連請求の請求月が月次明細から2か月以上離れている","Monthly=2026/03, Billing=2026-06-20, Invoice=a00RB000027flsLYAQ","一括付替え等の誤紐付けを確認する"
"High","請求月不一致","ContractLineItem__c","a03RB00001NswrNYAR","TC神鋼不動産株式会社_2026/04","関連請求の請求月が月次明細から2か月以上離れている","Monthly=2026/04, Billing=2026-06-20, Invoice=a00RB000027flsLYAQ","一括付替え等の誤紐付けを確認する"
"High","請求月不一致","ContractLineItem__c","a03RB00001NswljYAB","アグレ都市デザイン株式会社_2024/09","関連請求の請求月が月次明細から2か月以上離れている","Monthly=2024/09, Billing=2026-04-20, Invoice=a00RB00002B5xxnYAB","一括付替え等の誤紐付けを確認する"
"High","請求月不一致","ContractLineItem__c","a03RB00001NswlkYAB","アグレ都市デザイン株式会社_2024/10","関連請求の請求月が月次明細から2か月以上離れている","Monthly=2024/10, Billing=2026-04-20, Invoice=a00RB00002B5xxnYAB","一括付替え等の誤紐付けを確認する"
"High","請求月不一致","ContractLineItem__c","a03RB00001NswllYAB","アグレ都市デザイン株式会社_2024/11","関連請求の請求月が月次明細から2か月以上離れている","Monthly=2024/11, Billing=2026-04-20, Invoice=a00RB00002B5xxnYAB","一括付替え等の誤紐付けを確認する"
"High","請求月不一致","ContractLineItem__c","a03RB00001NswlmYAB","アグレ都市デザイン株式会社_2024/12","関連請求の請求月が月次明細から2か月以上離れている","Monthly=2024/12, Billing=2026-04-20, Invoice=a00RB00002B5xxnYAB","一括付替え等の誤紐付けを確認する"
"High","請求月不一致","ContractLineItem__c","a03RB00001NswlnYAB","アグレ都市デザイン株式会社_2025/01","関連請求の請求月が月次明細から2か月以上離れている","Monthly=2025/01, Billing=2026-04-20, Invoice=a00RB00002B5xxnYAB","一括付替え等の誤紐付けを確認する"
"High","請求月不一致","ContractLineItem__c","a03RB00001NswloYAB","アグレ都市デザイン株式会社_2025/02","関連請求の請求月が月次明細から2か月以上離れている","Monthly=2025/02, Billing=2026-04-20, Invoice=a00RB00002B5xxnYAB","一括付替え等の誤紐付けを確認する"
"High","請求月不一致","ContractLineItem__c","a03RB00001NswlpYAB","アグレ都市デザイン株式会社_2025/03","関連請求の請求月が月次明細から2か月以上離れている","Monthly=2025/03, Billing=2026-04-20, Invoice=a00RB00002B5xxnYAB","一括付替え等の誤紐付けを確認する"
"High","請求月不一致","ContractLineItem__c","a03RB00001NswlqYAB","アグレ都市デザイン株式会社_2025/04","関連請求の請求月が月次明細から2か月以上離れている","Monthly=2025/04, Billing=2026-04-20, Invoice=a00RB00002B5xxnYAB","一括付替え等の誤紐付けを確認する"
"High","請求月不一致","ContractLineItem__c","a03RB00001NswlrYAB","アグレ都市デザイン株式会社_2025/05","関連請求の請求月が月次明細から2か月以上離れている","Monthly=2025/05, Billing=2026-04-20, Invoice=a00RB00002B5xxnYAB","一括付替え等の誤紐付けを確認する"
"High","請求月不一致","ContractLineItem__c","a03RB00001NswlsYAB","アグレ都市デザイン株式会社_2025/06","関連請求の請求月が月次明細から2か月以上離れている","Monthly=2025/06, Billing=2026-04-20, Invoice=a00RB00002B5xxnYAB","一括付替え等の誤紐付けを確認する"
"High","請求月不一致","ContractLineItem__c","a03RB00001NswltYAB","アグレ都市デザイン株式会社_2025/07","関連請求の請求月が月次明細から2か月以上離れている","Monthly=2025/07, Billing=2026-04-20, Invoice=a00RB00002B5xxnYAB","一括付替え等の誤紐付けを確認する"
"High","請求月不一致","ContractLineItem__c","a03RB00001NswluYAB","アグレ都市デザイン株式会社_2025/08","関連請求の請求月が月次明細から2か月以上離れている","Monthly=2025/08, Billing=2026-04-20, Invoice=a00RB00002B5xxnYAB","一括付替え等の誤紐付けを確認する"
"High","請求月不一致","ContractLineItem__c","a03RB00001NswlvYAB","アグレ都市デザイン株式会社_2025/09","関連請求の請求月が月次明細から2か月以上離れている","Monthly=2025/09, Billing=2026-04-20, Invoice=a00RB00002B5xxnYAB","一括付替え等の誤紐付けを確認する"
"High","請求月不一致","ContractLineItem__c","a03RB00001NswlwYAB","アグレ都市デザイン株式会社_2025/10","関連請求の請求月が月次明細から2か月以上離れている","Monthly=2025/10, Billing=2026-04-20, Invoice=a00RB00002B5xxnYAB","一括付替え等の誤紐付けを確認する"
"High","請求月不一致","ContractLineItem__c","a03RB00001NswlxYAB","アグレ都市デザイン株式会社_2025/11","関連請求の請求月が月次明細から2か月以上離れている","Monthly=2025/11, Billing=2026-04-20, Invoice=a00RB00002B5xxnYAB","一括付替え等の誤紐付けを確認する"
"High","請求月不一致","ContractLineItem__c","a03RB00001NswlyYAB","アグレ都市デザイン株式会社_2025/12","関連請求の請求月が月次明細から2か月以上離れている","Monthly=2025/12, Billing=2026-04-20, Invoice=a00RB00002B5xxnYAB","一括付替え等の誤紐付けを確認する"
"High","請求月不一致","ContractLineItem__c","a03RB00001NswlzYAB","アグレ都市デザイン株式会社_2026/01","関連請求の請求月が月次明細から2か月以上離れている","Monthly=2026/01, Billing=2026-04-20, Invoice=a00RB00002B5xxnYAB","一括付替え等の誤紐付けを確認する"
"High","請求月不一致","ContractLineItem__c","a03RB00001Nswm0YAB","アグレ都市デザイン株式会社_2026/02","関連請求の請求月が月次明細から2か月以上離れている","Monthly=2026/02, Billing=2026-04-20, Invoice=a00RB00002B5xxnYAB","一括付替え等の誤紐付けを確認する"
"High","請求月不一致","ContractLineItem__c","a03RB00001RcAC6YAN","コンチネンタルホーム株式会社_2026/07","関連請求の請求月が月次明細から2か月以上離れている","Monthly=2026/07, Billing=2026-04-20, Invoice=a00RB00002Am2AiYAJ","一括付替え等の誤紐付けを確認する"
"High","請求月不一致","ContractLineItem__c","a03RB00001NswUHYAZ","サンフロンティア不動産株式会社_2024/06","関連請求の請求月が月次明細から2か月以上離れている","Monthly=2024/06, Billing=2026-07-20, Invoice=a00RB00002Am2BhYAJ","一括付替え等の誤紐付けを確認する"
"High","請求月不一致","ContractLineItem__c","a03RB00001NswUIYAZ","サンフロンティア不動産株式会社_2024/07","関連請求の請求月が月次明細から2か月以上離れている","Monthly=2024/07, Billing=2026-07-20, Invoice=a00RB00002Am2BhYAJ","一括付替え等の誤紐付けを確認する"
"High","請求月不一致","ContractLineItem__c","a03RB00001NswUJYAZ","サンフロンティア不動産株式会社_2024/08","関連請求の請求月が月次明細から2か月以上離れている","Monthly=2024/08, Billing=2026-07-20, Invoice=a00RB00002Am2BhYAJ","一括付替え等の誤紐付けを確認する"
"High","請求月不一致","ContractLineItem__c","a03RB00001NswUKYAZ","サンフロンティア不動産株式会社_2024/09","関連請求の請求月が月次明細から2か月以上離れている","Monthly=2024/09, Billing=2026-07-20, Invoice=a00RB00002Am2BhYAJ","一括付替え等の誤紐付けを確認する"
"High","請求月不一致","ContractLineItem__c","a03RB00001NswULYAZ","サンフロンティア不動産株式会社_2024/10","関連請求の請求月が月次明細から2か月以上離れている","Monthly=2024/10, Billing=2026-07-20, Invoice=a00RB00002Am2BhYAJ","一括付替え等の誤紐付けを確認する"
"High","請求月不一致","ContractLineItem__c","a03RB00001NswUMYAZ","サンフロンティア不動産株式会社_2024/11","関連請求の請求月が月次明細から2か月以上離れている","Monthly=2024/11, Billing=2026-07-20, Invoice=a00RB00002Am2BhYAJ","一括付替え等の誤紐付けを確認する"
"High","請求月不一致","ContractLineItem__c","a03RB00001NswUNYAZ","サンフロンティア不動産株式会社_2024/12","関連請求の請求月が月次明細から2か月以上離れている","Monthly=2024/12, Billing=2026-07-20, Invoice=a00RB00002Am2BhYAJ","一括付替え等の誤紐付けを確認する"
"High","請求月不一致","ContractLineItem__c","a03RB00001NswUOYAZ","サンフロンティア不動産株式会社_2025/01","関連請求の請求月が月次明細から2か月以上離れている","Monthly=2025/01, Billing=2026-07-20, Invoice=a00RB00002Am2BhYAJ","一括付替え等の誤紐付けを確認する"
"High","請求月不一致","ContractLineItem__c","a03RB00001NswUPYAZ","サンフロンティア不動産株式会社_2025/02","関連請求の請求月が月次明細から2か月以上離れている","Monthly=2025/02, Billing=2026-07-20, Invoice=a00RB00002Am2BhYAJ","一括付替え等の誤紐付けを確認する"
"High","請求月不一致","ContractLineItem__c","a03RB00001NswUQYAZ","サンフロンティア不動産株式会社_2025/03","関連請求の請求月が月次明細から2か月以上離れている","Monthly=2025/03, Billing=2026-07-20, Invoice=a00RB00002Am2BhYAJ","一括付替え等の誤紐付けを確認する"
"High","請求月不一致","ContractLineItem__c","a03RB00001NswURYAZ","サンフロンティア不動産株式会社_2025/04","関連請求の請求月が月次明細から2か月以上離れている","Monthly=2025/04, Billing=2026-07-20, Invoice=a00RB00002Am2BhYAJ","一括付替え等の誤紐付けを確認する"
"High","請求月不一致","ContractLineItem__c","a03RB00001NswUSYAZ","サンフロンティア不動産株式会社_2025/05","関連請求の請求月が月次明細から2か月以上離れている","Monthly=2025/05, Billing=2026-07-20, Invoice=a00RB00002Am2BhYAJ","一括付替え等の誤紐付けを確認する"
"High","請求月不一致","ContractLineItem__c","a03RB00001NswUTYAZ","サンフロンティア不動産株式会社_2025/06","関連請求の請求月が月次明細から2か月以上離れている","Monthly=2025/06, Billing=2026-07-20, Invoice=a00RB00002Am2BhYAJ","一括付替え等の誤紐付けを確認する"
"High","請求月不一致","ContractLineItem__c","a03RB00001NswUUYAZ","サンフロンティア不動産株式会社_2025/07","関連請求の請求月が月次明細から2か月以上離れている","Monthly=2025/07, Billing=2026-07-20, Invoice=a00RB00002Am2BhYAJ","一括付替え等の誤紐付けを確認する"
"High","請求月不一致","ContractLineItem__c","a03RB00001NswUVYAZ","サンフロンティア不動産株式会社_2025/08","関連請求の請求月が月次明細から2か月以上離れている","Monthly=2025/08, Billing=2026-07-20, Invoice=a00RB00002Am2BhYAJ","一括付替え等の誤紐付けを確認する"
"High","請求月不一致","ContractLineItem__c","a03RB00001NswUWYAZ","サンフロンティア不動産株式会社_2025/09","関連請求の請求月が月次明細から2か月以上離れている","Monthly=2025/09, Billing=2026-07-20, Invoice=a00RB00002Am2BhYAJ","一括付替え等の誤紐付けを確認する"
"High","請求月不一致","ContractLineItem__c","a03RB00001NswUXYAZ","サンフロンティア不動産株式会社_2025/10","関連請求の請求月が月次明細から2か月以上離れている","Monthly=2025/10, Billing=2026-07-20, Invoice=a00RB00002Am2BhYAJ","一括付替え等の誤紐付けを確認する"
"High","請求月不一致","ContractLineItem__c","a03RB00001NswUYYAZ","サンフロンティア不動産株式会社_2025/11","関連請求の請求月が月次明細から2か月以上離れている","Monthly=2025/11, Billing=2026-07-20, Invoice=a00RB00002Am2BhYAJ","一括付替え等の誤紐付けを確認する"
"High","請求月不一致","ContractLineItem__c","a03RB00001NswUZYAZ","サンフロンティア不動産株式会社_2025/12","関連請求の請求月が月次明細から2か月以上離れている","Monthly=2025/12, Billing=2026-07-20, Invoice=a00RB00002Am2BhYAJ","一括付替え等の誤紐付けを確認する"
"High","請求月不一致","ContractLineItem__c","a03RB00001NswUaYAJ","サンフロンティア不動産株式会社_2026/01","関連請求の請求月が月次明細から2か月以上離れている","Monthly=2026/01, Billing=2026-07-20, Invoice=a00RB00002Am2BhYAJ","一括付替え等の誤紐付けを確認する"
"High","請求月不一致","ContractLineItem__c","a03RB00001NswUbYAJ","サンフロンティア不動産株式会社_2026/02","関連請求の請求月が月次明細から2か月以上離れている","Monthly=2026/02, Billing=2026-07-20, Invoice=a00RB00002Am2BhYAJ","一括付替え等の誤紐付けを確認する"
"High","請求月不一致","ContractLineItem__c","a03RB00001NswUcYAJ","サンフロンティア不動産株式会社_2026/03","関連請求の請求月が月次明細から2か月以上離れている","Monthly=2026/03, Billing=2026-07-20, Invoice=a00RB00002Am2BhYAJ","一括付替え等の誤紐付けを確認する"
"High","請求月不一致","ContractLineItem__c","a03RB00001NswUdYAJ","サンフロンティア不動産株式会社_2026/04","関連請求の請求月が月次明細から2か月以上離れている","Monthly=2026/04, Billing=2026-07-20, Invoice=a00RB00002Am2BhYAJ","一括付替え等の誤紐付けを確認する"
"High","請求月不一致","ContractLineItem__c","a03RB00001NswUeYAJ","サンフロンティア不動産株式会社_2026/05","関連請求の請求月が月次明細から2か月以上離れている","Monthly=2026/05, Billing=2026-07-20, Invoice=a00RB00002Am2BhYAJ","一括付替え等の誤紐付けを確認する"
"High","請求月不一致","ContractLineItem__c","a03RB00001NswhlYAB","ジーク株式会社_2026/02","関連請求の請求月が月次明細から2か月以上離れている","Monthly=2026/02, Billing=2026-07-20, Invoice=a00RB00002Am2BgYAJ","一括付替え等の誤紐付けを確認する"
"High","請求月不一致","ContractLineItem__c","a03RB00001NswhmYAB","ジーク株式会社_2026/03","関連請求の請求月が月次明細から2か月以上離れている","Monthly=2026/03, Billing=2026-07-20, Invoice=a00RB00002Am2BgYAJ","一括付替え等の誤紐付けを確認する"
"High","請求月不一致","ContractLineItem__c","a03RB00001NswhnYAB","ジーク株式会社_2026/04","関連請求の請求月が月次明細から2か月以上離れている","Monthly=2026/04, Billing=2026-07-20, Invoice=a00RB00002Am2BgYAJ","一括付替え等の誤紐付けを確認する"
"High","請求月不一致","ContractLineItem__c","a03RB00001NswhoYAB","ジーク株式会社_2026/05","関連請求の請求月が月次明細から2か月以上離れている","Monthly=2026/05, Billing=2026-07-20, Invoice=a00RB00002Am2BgYAJ","一括付替え等の誤紐付けを確認する"
"High","請求月不一致","ContractLineItem__c","a03RB00001NswhsYAB","ジーク株式会社_2026/09","関連請求の請求月が月次明細から2か月以上離れている","Monthly=2026/09, Billing=2026-07-20, Invoice=a00RB00002Am2BgYAJ","一括付替え等の誤紐付けを確認する"
"High","請求月不一致","ContractLineItem__c","a03RB00001NswhtYAB","ジーク株式会社_2026/10","関連請求の請求月が月次明細から2か月以上離れている","Monthly=2026/10, Billing=2026-07-20, Invoice=a00RB00002Am2BgYAJ","一括付替え等の誤紐付けを確認する"
"High","請求月不一致","ContractLineItem__c","a03RB00001NswhuYAB","ジーク株式会社_2026/11","関連請求の請求月が月次明細から2か月以上離れている","Monthly=2026/11, Billing=2026-07-20, Invoice=a00RB00002Am2BgYAJ","一括付替え等の誤紐付けを確認する"
"High","請求月不一致","ContractLineItem__c","a03RB00001NswhvYAB","ジーク株式会社_2026/12","関連請求の請求月が月次明細から2か月以上離れている","Monthly=2026/12, Billing=2026-07-20, Invoice=a00RB00002Am2BgYAJ","一括付替え等の誤紐付けを確認する"
"High","請求月不一致","ContractLineItem__c","a03RB00001NswhwYAB","ジーク株式会社_2027/01","関連請求の請求月が月次明細から2か月以上離れている","Monthly=2027/01, Billing=2026-07-20, Invoice=a00RB00002Am2BgYAJ","一括付替え等の誤紐付けを確認する"
"High","請求月不一致","ContractLineItem__c","a03RB00001NswjTYAR","スタイルテック総合計画_2026/04","関連請求の請求月が月次明細から2か月以上離れている","Monthly=2026/04, Billing=2026-07-20, Invoice=a00RB00002Am2BWYAZ","一括付替え等の誤紐付けを確認する"
"High","請求月不一致","ContractLineItem__c","a03RB00001NswjUYAR","スタイルテック総合計画_2026/05","関連請求の請求月が月次明細から2か月以上離れている","Monthly=2026/05, Billing=2026-07-20, Invoice=a00RB00002Am2BWYAZ","一括付替え等の誤紐付けを確認する"
"High","請求月不一致","ContractLineItem__c","a03RB00001NswlPYAR","ハウスプラザ_2024/10","関連請求の請求月が月次明細から2か月以上離れている","Monthly=2024/10, Billing=2026-07-20, Invoice=a00RB00002AyetiYAB","一括付替え等の誤紐付けを確認する"
"High","請求月不一致","ContractLineItem__c","a03RB00001NswlQYAR","ハウスプラザ_2024/11","関連請求の請求月が月次明細から2か月以上離れている","Monthly=2024/11, Billing=2026-07-20, Invoice=a00RB00002AyetiYAB","一括付替え等の誤紐付けを確認する"
"High","請求月不一致","ContractLineItem__c","a03RB00001NswlRYAR","ハウスプラザ_2024/12","関連請求の請求月が月次明細から2か月以上離れている","Monthly=2024/12, Billing=2026-07-20, Invoice=a00RB00002AyetiYAB","一括付替え等の誤紐付けを確認する"
"High","請求月不一致","ContractLineItem__c","a03RB00001NswlSYAR","ハウスプラザ_2025/01","関連請求の請求月が月次明細から2か月以上離れている","Monthly=2025/01, Billing=2026-07-20, Invoice=a00RB00002AyetiYAB","一括付替え等の誤紐付けを確認する"
"High","請求月不一致","ContractLineItem__c","a03RB00001NswlTYAR","ハウスプラザ_2025/02","関連請求の請求月が月次明細から2か月以上離れている","Monthly=2025/02, Billing=2026-07-20, Invoice=a00RB00002AyetiYAB","一括付替え等の誤紐付けを確認する"
"High","請求月不一致","ContractLineItem__c","a03RB00001NswlUYAR","ハウスプラザ_2025/03","関連請求の請求月が月次明細から2か月以上離れている","Monthly=2025/03, Billing=2026-07-20, Invoice=a00RB00002AyetiYAB","一括付替え等の誤紐付けを確認する"
"High","請求月不一致","ContractLineItem__c","a03RB00001NswlVYAR","ハウスプラザ_2025/04","関連請求の請求月が月次明細から2か月以上離れている","Monthly=2025/04, Billing=2026-07-20, Invoice=a00RB00002AyetiYAB","一括付替え等の誤紐付けを確認する"
"High","請求月不一致","ContractLineItem__c","a03RB00001NswlWYAR","ハウスプラザ_2025/05","関連請求の請求月が月次明細から2か月以上離れている","Monthly=2025/05, Billing=2026-07-20, Invoice=a00RB00002AyetiYAB","一括付替え等の誤紐付けを確認する"
"High","請求月不一致","ContractLineItem__c","a03RB00001NswlXYAR","ハウスプラザ_2025/06","関連請求の請求月が月次明細から2か月以上離れている","Monthly=2025/06, Billing=2026-07-20, Invoice=a00RB00002AyetiYAB","一括付替え等の誤紐付けを確認する"
"High","請求月不一致","ContractLineItem__c","a03RB00001NswlYYAR","ハウスプラザ_2025/07","関連請求の請求月が月次明細から2か月以上離れている","Monthly=2025/07, Billing=2026-07-20, Invoice=a00RB00002AyetiYAB","一括付替え等の誤紐付けを確認する"
"High","請求月不一致","ContractLineItem__c","a03RB00001NswlZYAR","ハウスプラザ_2025/08","関連請求の請求月が月次明細から2か月以上離れている","Monthly=2025/08, Billing=2026-07-20, Invoice=a00RB00002AyetiYAB","一括付替え等の誤紐付けを確認する"
"High","請求月不一致","ContractLineItem__c","a03RB00001NswlaYAB","ハウスプラザ_2025/09","関連請求の請求月が月次明細から2か月以上離れている","Monthly=2025/09, Billing=2026-07-20, Invoice=a00RB00002AyetiYAB","一括付替え等の誤紐付けを確認する"
"High","請求月不一致","ContractLineItem__c","a03RB00001NswlbYAB","ハウスプラザ_2025/10","関連請求の請求月が月次明細から2か月以上離れている","Monthly=2025/10, Billing=2026-07-20, Invoice=a00RB00002AyetiYAB","一括付替え等の誤紐付けを確認する"
"High","請求月不一致","ContractLineItem__c","a03RB00001NswlcYAB","ハウスプラザ_2025/11","関連請求の請求月が月次明細から2か月以上離れている","Monthly=2025/11, Billing=2026-07-20, Invoice=a00RB00002AyetiYAB","一括付替え等の誤紐付けを確認する"
"High","請求月不一致","ContractLineItem__c","a03RB00001NswldYAB","ハウスプラザ_2025/12","関連請求の請求月が月次明細から2か月以上離れている","Monthly=2025/12, Billing=2026-07-20, Invoice=a00RB00002AyetiYAB","一括付替え等の誤紐付けを確認する"
"High","請求月不一致","ContractLineItem__c","a03RB00001NswleYAB","ハウスプラザ_2026/01","関連請求の請求月が月次明細から2か月以上離れている","Monthly=2026/01, Billing=2026-07-20, Invoice=a00RB00002AyetiYAB","一括付替え等の誤紐付けを確認する"
"High","請求月不一致","ContractLineItem__c","a03RB00001NswlfYAB","ハウスプラザ_2026/02","関連請求の請求月が月次明細から2か月以上離れている","Monthly=2026/02, Billing=2026-07-20, Invoice=a00RB00002AyetiYAB","一括付替え等の誤紐付けを確認する"
"High","請求月不一致","ContractLineItem__c","a03RB00001NswlgYAB","ハウスプラザ_2026/03","関連請求の請求月が月次明細から2か月以上離れている","Monthly=2026/03, Billing=2026-07-20, Invoice=a00RB00002AyetiYAB","一括付替え等の誤紐付けを確認する"
"High","請求月不一致","ContractLineItem__c","a03RB00001NswlhYAB","ハウスプラザ_2026/04","関連請求の請求月が月次明細から2か月以上離れている","Monthly=2026/04, Billing=2026-07-20, Invoice=a00RB00002AyetiYAB","一括付替え等の誤紐付けを確認する"
"High","請求月不一致","ContractLineItem__c","a03RB00001NswliYAB","ハウスプラザ_2026/05","関連請求の請求月が月次明細から2か月以上離れている","Monthly=2026/05, Billing=2026-07-20, Invoice=a00RB00002AyetiYAB","一括付替え等の誤紐付けを確認する"
"High","請求月不一致","ContractLineItem__c","a03RB00001NswjeYAB","フィールド・デザイン・アーキテクツ一級建築士事務所_2026/04","関連請求の請求月が月次明細から2か月以上離れている","Monthly=2026/04, Billing=2026-07-20, Invoice=a00RB00002Am2BaYAJ","一括付替え等の誤紐付けを確認する"
"High","請求月不一致","ContractLineItem__c","a03RB00001NswjfYAB","フィールド・デザイン・アーキテクツ一級建築士事務所_2026/05","関連請求の請求月が月次明細から2か月以上離れている","Monthly=2026/05, Billing=2026-07-20, Invoice=a00RB00002Am2BaYAJ","一括付替え等の誤紐付けを確認する"
"High","請求月不一致","ContractLineItem__c","a03RB00001NswgpYAB","フロンヴィルホームズ名古屋株式会社_2026/03","関連請求の請求月が月次明細から2か月以上離れている","Monthly=2026/03, Billing=2026-07-20, Invoice=a00RB00002Am2BRYAZ","一括付替え等の誤紐付けを確認する"
"High","請求月不一致","ContractLineItem__c","a03RB00001NswgqYAB","フロンヴィルホームズ名古屋株式会社_2026/04","関連請求の請求月が月次明細から2か月以上離れている","Monthly=2026/04, Billing=2026-07-20, Invoice=a00RB00002Am2BRYAZ","一括付替え等の誤紐付けを確認する"
"High","請求月不一致","ContractLineItem__c","a03RB00001NswgrYAB","フロンヴィルホームズ名古屋株式会社_2026/05","関連請求の請求月が月次明細から2か月以上離れている","Monthly=2026/05, Billing=2026-07-20, Invoice=a00RB00002Am2BRYAZ","一括付替え等の誤紐付けを確認する"
"High","請求月不一致","ContractLineItem__c","a03RB00001NswrdYAB","ホームトレードセンター株式会社_2025/08","関連請求の請求月が月次明細から2か月以上離れている","Monthly=2025/08, Billing=2026-06-20, Invoice=a00RB000027fzNaYAI","一括付替え等の誤紐付けを確認する"
"High","請求月不一致","ContractLineItem__c","a03RB00001NswreYAB","ホームトレードセンター株式会社_2025/09","関連請求の請求月が月次明細から2か月以上離れている","Monthly=2025/09, Billing=2026-06-20, Invoice=a00RB000027fzNaYAI","一括付替え等の誤紐付けを確認する"
"High","請求月不一致","ContractLineItem__c","a03RB00001NswrfYAB","ホームトレードセンター株式会社_2025/10","関連請求の請求月が月次明細から2か月以上離れている","Monthly=2025/10, Billing=2026-06-20, Invoice=a00RB000027fzNaYAI","一括付替え等の誤紐付けを確認する"
"High","請求月不一致","ContractLineItem__c","a03RB00001NswrgYAB","ホームトレードセンター株式会社_2025/11","関連請求の請求月が月次明細から2か月以上離れている","Monthly=2025/11, Billing=2026-06-20, Invoice=a00RB000027fzNaYAI","一括付替え等の誤紐付けを確認する"
"High","請求月不一致","ContractLineItem__c","a03RB00001NswrhYAB","ホームトレードセンター株式会社_2025/12","関連請求の請求月が月次明細から2か月以上離れている","Monthly=2025/12, Billing=2026-06-20, Invoice=a00RB000027fzNaYAI","一括付替え等の誤紐付けを確認する"
"High","請求月不一致","ContractLineItem__c","a03RB00001NswriYAB","ホームトレードセンター株式会社_2026/01","関連請求の請求月が月次明細から2か月以上離れている","Monthly=2026/01, Billing=2026-06-20, Invoice=a00RB000027fzNaYAI","一括付替え等の誤紐付けを確認する"
"High","請求月不一致","ContractLineItem__c","a03RB00001NswrjYAB","ホームトレードセンター株式会社_2026/02","関連請求の請求月が月次明細から2か月以上離れている","Monthly=2026/02, Billing=2026-06-20, Invoice=a00RB000027fzNaYAI","一括付替え等の誤紐付けを確認する"
"High","請求月不一致","ContractLineItem__c","a03RB00001NswrkYAB","ホームトレードセンター株式会社_2026/03","関連請求の請求月が月次明細から2か月以上離れている","Monthly=2026/03, Billing=2026-06-20, Invoice=a00RB000027fzNaYAI","一括付替え等の誤紐付けを確認する"
"High","請求月不一致","ContractLineItem__c","a03RB00001NswrlYAB","ホームトレードセンター株式会社_2026/04","関連請求の請求月が月次明細から2か月以上離れている","Monthly=2026/04, Billing=2026-06-20, Invoice=a00RB000027fzNaYAI","一括付替え等の誤紐付けを確認する"
"High","請求月不一致","ContractLineItem__c","a03RB00001NswX4YAJ","ムゲンエステート_2026/03","関連請求の請求月が月次明細から2か月以上離れている","Monthly=2026/03, Billing=2026-07-20, Invoice=a00RB00002Am2BpYAJ","一括付替え等の誤紐付けを確認する"
"High","請求月不一致","ContractLineItem__c","a03RB00001NswX5YAJ","ムゲンエステート_2026/04","関連請求の請求月が月次明細から2か月以上離れている","Monthly=2026/04, Billing=2026-07-20, Invoice=a00RB00002Am2BpYAJ","一括付替え等の誤紐付けを確認する"
"High","請求月不一致","ContractLineItem__c","a03RB00001NswX6YAJ","ムゲンエステート_2026/05","関連請求の請求月が月次明細から2か月以上離れている","Monthly=2026/05, Billing=2026-07-20, Invoice=a00RB00002Am2BpYAJ","一括付替え等の誤紐付けを確認する"
"High","請求月不一致","ContractLineItem__c","a03RB00001NswnNYAR","リアルティホールディングス株式会社_2025/01","関連請求の請求月が月次明細から2か月以上離れている","Monthly=2025/01, Billing=2026-07-20, Invoice=a00RB00002B5oLMYAZ","一括付替え等の誤紐付けを確認する"
"High","請求月不一致","ContractLineItem__c","a03RB00001NswnOYAR","リアルティホールディングス株式会社_2025/02","関連請求の請求月が月次明細から2か月以上離れている","Monthly=2025/02, Billing=2026-07-20, Invoice=a00RB00002B5oLMYAZ","一括付替え等の誤紐付けを確認する"
"High","請求月不一致","ContractLineItem__c","a03RB00001NswnPYAR","リアルティホールディングス株式会社_2025/03","関連請求の請求月が月次明細から2か月以上離れている","Monthly=2025/03, Billing=2026-07-20, Invoice=a00RB00002B5oLMYAZ","一括付替え等の誤紐付けを確認する"
"High","請求月不一致","ContractLineItem__c","a03RB00001NswnQYAR","リアルティホールディングス株式会社_2025/04","関連請求の請求月が月次明細から2か月以上離れている","Monthly=2025/04, Billing=2026-07-20, Invoice=a00RB00002B5oLMYAZ","一括付替え等の誤紐付けを確認する"
"High","請求月不一致","ContractLineItem__c","a03RB00001NswnRYAR","リアルティホールディングス株式会社_2025/05","関連請求の請求月が月次明細から2か月以上離れている","Monthly=2025/05, Billing=2026-07-20, Invoice=a00RB00002B5oLMYAZ","一括付替え等の誤紐付けを確認する"
"High","請求月不一致","ContractLineItem__c","a03RB00001NswnSYAR","リアルティホールディングス株式会社_2025/06","関連請求の請求月が月次明細から2か月以上離れている","Monthly=2025/06, Billing=2026-07-20, Invoice=a00RB00002B5oLMYAZ","一括付替え等の誤紐付けを確認する"
"High","請求月不一致","ContractLineItem__c","a03RB00001NswnTYAR","リアルティホールディングス株式会社_2025/07","関連請求の請求月が月次明細から2か月以上離れている","Monthly=2025/07, Billing=2026-07-20, Invoice=a00RB00002B5oLMYAZ","一括付替え等の誤紐付けを確認する"
"High","請求月不一致","ContractLineItem__c","a03RB00001NswnUYAR","リアルティホールディングス株式会社_2025/08","関連請求の請求月が月次明細から2か月以上離れている","Monthly=2025/08, Billing=2026-07-20, Invoice=a00RB00002B5oLMYAZ","一括付替え等の誤紐付けを確認する"
"High","請求月不一致","ContractLineItem__c","a03RB00001NswnVYAR","リアルティホールディングス株式会社_2025/09","関連請求の請求月が月次明細から2か月以上離れている","Monthly=2025/09, Billing=2026-07-20, Invoice=a00RB00002B5oLMYAZ","一括付替え等の誤紐付けを確認する"
"High","請求月不一致","ContractLineItem__c","a03RB00001NswnWYAR","リアルティホールディングス株式会社_2025/10","関連請求の請求月が月次明細から2か月以上離れている","Monthly=2025/10, Billing=2026-07-20, Invoice=a00RB00002B5oLMYAZ","一括付替え等の誤紐付けを確認する"
"High","請求月不一致","ContractLineItem__c","a03RB00001NswnXYAR","リアルティホールディングス株式会社_2025/11","関連請求の請求月が月次明細から2か月以上離れている","Monthly=2025/11, Billing=2026-07-20, Invoice=a00RB00002B5oLMYAZ","一括付替え等の誤紐付けを確認する"
"High","請求月不一致","ContractLineItem__c","a03RB00001NswnYYAR","リアルティホールディングス株式会社_2025/12","関連請求の請求月が月次明細から2か月以上離れている","Monthly=2025/12, Billing=2026-07-20, Invoice=a00RB00002B5oLMYAZ","一括付替え等の誤紐付けを確認する"
"High","請求月不一致","ContractLineItem__c","a03RB00001NswnZYAR","リアルティホールディングス株式会社_2026/01","関連請求の請求月が月次明細から2か月以上離れている","Monthly=2026/01, Billing=2026-07-20, Invoice=a00RB00002B5oLMYAZ","一括付替え等の誤紐付けを確認する"
"High","請求月不一致","ContractLineItem__c","a03RB00001NswnaYAB","リアルティホールディングス株式会社_2026/02","関連請求の請求月が月次明細から2か月以上離れている","Monthly=2026/02, Billing=2026-07-20, Invoice=a00RB00002B5oLMYAZ","一括付替え等の誤紐付けを確認する"
"High","請求月不一致","ContractLineItem__c","a03RB00001NswnbYAB","リアルティホールディングス株式会社_2026/03","関連請求の請求月が月次明細から2か月以上離れている","Monthly=2026/03, Billing=2026-07-20, Invoice=a00RB00002B5oLMYAZ","一括付替え等の誤紐付けを確認する"
"High","請求月不一致","ContractLineItem__c","a03RB00001NswncYAB","リアルティホールディングス株式会社_2026/04","関連請求の請求月が月次明細から2か月以上離れている","Monthly=2026/04, Billing=2026-07-20, Invoice=a00RB00002B5oLMYAZ","一括付替え等の誤紐付けを確認する"
"High","請求月不一致","ContractLineItem__c","a03RB00001NswndYAB","リアルティホールディングス株式会社_2026/05","関連請求の請求月が月次明細から2か月以上離れている","Monthly=2026/05, Billing=2026-07-20, Invoice=a00RB00002B5oLMYAZ","一括付替え等の誤紐付けを確認する"
"High","請求月不一致","ContractLineItem__c","a03RB00001Nswj3YAB","花菱不動産株式会社_2026/04","関連請求の請求月が月次明細から2か月以上離れている","Monthly=2026/04, Billing=2026-07-20, Invoice=a00RB00002Am2BUYAZ","一括付替え等の誤紐付けを確認する"
"High","請求月不一致","ContractLineItem__c","a03RB00001Nswj4YAB","花菱不動産株式会社_2026/05","関連請求の請求月が月次明細から2か月以上離れている","Monthly=2026/05, Billing=2026-07-20, Invoice=a00RB00002Am2BUYAZ","一括付替え等の誤紐付けを確認する"
"High","請求月不一致","ContractLineItem__c","a03RB00001NswsMYAR","株式会社 三福管理センター_2025/11","関連請求の請求月が月次明細から2か月以上離れている","Monthly=2025/11, Billing=2026-07-20, Invoice=a00RB00002Am2BQYAZ","一括付替え等の誤紐付けを確認する"
"High","請求月不一致","ContractLineItem__c","a03RB00001NswsNYAR","株式会社 三福管理センター_2025/12","関連請求の請求月が月次明細から2か月以上離れている","Monthly=2025/12, Billing=2026-07-20, Invoice=a00RB00002Am2BQYAZ","一括付替え等の誤紐付けを確認する"
"High","請求月不一致","ContractLineItem__c","a03RB00001NswsOYAR","株式会社 三福管理センター_2026/01","関連請求の請求月が月次明細から2か月以上離れている","Monthly=2026/01, Billing=2026-07-20, Invoice=a00RB00002Am2BQYAZ","一括付替え等の誤紐付けを確認する"
"High","請求月不一致","ContractLineItem__c","a03RB00001NswsPYAR","株式会社 三福管理センター_2026/02","関連請求の請求月が月次明細から2か月以上離れている","Monthly=2026/02, Billing=2026-07-20, Invoice=a00RB00002Am2BQYAZ","一括付替え等の誤紐付けを確認する"
"High","請求月不一致","ContractLineItem__c","a03RB00001NswsQYAR","株式会社 三福管理センター_2026/03","関連請求の請求月が月次明細から2か月以上離れている","Monthly=2026/03, Billing=2026-07-20, Invoice=a00RB00002Am2BQYAZ","一括付替え等の誤紐付けを確認する"
"High","請求月不一致","ContractLineItem__c","a03RB00001NswsRYAR","株式会社 三福管理センター_2026/04","関連請求の請求月が月次明細から2か月以上離れている","Monthly=2026/04, Billing=2026-07-20, Invoice=a00RB00002Am2BQYAZ","一括付替え等の誤紐付けを確認する"
"High","請求月不一致","ContractLineItem__c","a03RB00001NswjVYAR","株式会社ecoaハウス_2026/04","関連請求の請求月が月次明細から2か月以上離れている","Monthly=2026/04, Billing=2026-07-20, Invoice=a00RB00002Am2BXYAZ","一括付替え等の誤紐付けを確認する"
"High","請求月不一致","ContractLineItem__c","a03RB00001NswjWYAR","株式会社ecoaハウス_2026/05","関連請求の請求月が月次明細から2か月以上離れている","Monthly=2026/05, Billing=2026-07-20, Invoice=a00RB00002Am2BXYAZ","一括付替え等の誤紐付けを確認する"
"High","請求月不一致","ContractLineItem__c","a03RB00001NswerYAB","株式会社LIXIL住宅研究所 リノベーション推進室_2025/09","関連請求の請求月が月次明細から2か月以上離れている","Monthly=2025/09, Billing=2026-03-27, Invoice=a00RB000024Ux4oYAC","一括付替え等の誤紐付けを確認する"
"High","請求月不一致","ContractLineItem__c","a03RB00001NswesYAB","株式会社LIXIL住宅研究所 リノベーション推進室_2025/10","関連請求の請求月が月次明細から2か月以上離れている","Monthly=2025/10, Billing=2026-03-27, Invoice=a00RB000024Ux4oYAC","一括付替え等の誤紐付けを確認する"
"High","請求月不一致","ContractLineItem__c","a03RB00001NswetYAB","株式会社LIXIL住宅研究所 リノベーション推進室_2025/11","関連請求の請求月が月次明細から2か月以上離れている","Monthly=2025/11, Billing=2026-03-27, Invoice=a00RB000024Ux4oYAC","一括付替え等の誤紐付けを確認する"
"High","請求月不一致","ContractLineItem__c","a03RB00001NsweuYAB","株式会社LIXIL住宅研究所 リノベーション推進室_2025/12","関連請求の請求月が月次明細から2か月以上離れている","Monthly=2025/12, Billing=2026-03-27, Invoice=a00RB000024Ux4oYAC","一括付替え等の誤紐付けを確認する"
"High","請求月不一致","ContractLineItem__c","a03RB00001NswevYAB","株式会社LIXIL住宅研究所 リノベーション推進室_2026/01","関連請求の請求月が月次明細から2か月以上離れている","Monthly=2026/01, Billing=2026-03-27, Invoice=a00RB000024Ux4oYAC","一括付替え等の誤紐付けを確認する"
"High","請求月不一致","ContractLineItem__c","a03RB00001NswezYAB","株式会社LIXIL住宅研究所 リノベーション推進室_2026/05","関連請求の請求月が月次明細から2か月以上離れている","Monthly=2026/05, Billing=2026-03-27, Invoice=a00RB000024Ux4oYAC","一括付替え等の誤紐付けを確認する"
"High","請求月不一致","ContractLineItem__c","a03RB00001RcABlYAN","株式会社LIXIL住宅研究所 リノベーション推進室_2026/07","関連請求の請求月が月次明細から2か月以上離れている","Monthly=2026/07, Billing=2026-03-27, Invoice=a00RB000024Ux4oYAC","一括付替え等の誤紐付けを確認する"
"High","請求月不一致","ContractLineItem__c","a03RB00001RcABkYAN","株式会社LIXIL住宅研究所 リノベーション推進室_2026/07","関連請求の請求月が月次明細から2か月以上離れている","Monthly=2026/07, Billing=2026-03-27, Invoice=a00RB000024Ux4oYAC","一括付替え等の誤紐付けを確認する"
"High","請求月不一致","ContractLineItem__c","a03RB00001NswrPYAR","株式会社TAKUTO_2025/07","関連請求の請求月が月次明細から2か月以上離れている","Monthly=2025/07, Billing=2026-06-20, Invoice=a00RB000027fzNjYAI","一括付替え等の誤紐付けを確認する"
"High","請求月不一致","ContractLineItem__c","a03RB00001NswrQYAR","株式会社TAKUTO_2025/08","関連請求の請求月が月次明細から2か月以上離れている","Monthly=2025/08, Billing=2026-06-20, Invoice=a00RB000027fzNjYAI","一括付替え等の誤紐付けを確認する"
"High","請求月不一致","ContractLineItem__c","a03RB00001NswrRYAR","株式会社TAKUTO_2025/09","関連請求の請求月が月次明細から2か月以上離れている","Monthly=2025/09, Billing=2026-06-20, Invoice=a00RB000027fzNjYAI","一括付替え等の誤紐付けを確認する"
"High","請求月不一致","ContractLineItem__c","a03RB00001NswrSYAR","株式会社TAKUTO_2025/10","関連請求の請求月が月次明細から2か月以上離れている","Monthly=2025/10, Billing=2026-06-20, Invoice=a00RB000027fzNjYAI","一括付替え等の誤紐付けを確認する"
"High","請求月不一致","ContractLineItem__c","a03RB00001NswrTYAR","株式会社TAKUTO_2025/11","関連請求の請求月が月次明細から2か月以上離れている","Monthly=2025/11, Billing=2026-06-20, Invoice=a00RB000027fzNjYAI","一括付替え等の誤紐付けを確認する"
"High","請求月不一致","ContractLineItem__c","a03RB00001NswrUYAR","株式会社TAKUTO_2025/12","関連請求の請求月が月次明細から2か月以上離れている","Monthly=2025/12, Billing=2026-06-20, Invoice=a00RB000027fzNjYAI","一括付替え等の誤紐付けを確認する"
"High","請求月不一致","ContractLineItem__c","a03RB00001NswrVYAR","株式会社TAKUTO_2026/01","関連請求の請求月が月次明細から2か月以上離れている","Monthly=2026/01, Billing=2026-06-20, Invoice=a00RB000027fzNjYAI","一括付替え等の誤紐付けを確認する"
"High","請求月不一致","ContractLineItem__c","a03RB00001NswrWYAR","株式会社TAKUTO_2026/02","関連請求の請求月が月次明細から2か月以上離れている","Monthly=2026/02, Billing=2026-06-20, Invoice=a00RB000027fzNjYAI","一括付替え等の誤紐付けを確認する"
"High","請求月不一致","ContractLineItem__c","a03RB00001NswrXYAR","株式会社TAKUTO_2026/03","関連請求の請求月が月次明細から2か月以上離れている","Monthly=2026/03, Billing=2026-06-20, Invoice=a00RB000027fzNjYAI","一括付替え等の誤紐付けを確認する"
"High","請求月不一致","ContractLineItem__c","a03RB00001NswrYYAR","株式会社TAKUTO_2026/04","関連請求の請求月が月次明細から2か月以上離れている","Monthly=2026/04, Billing=2026-06-20, Invoice=a00RB000027fzNjYAI","一括付替え等の誤紐付けを確認する"
"High","請求月不一致","ContractLineItem__c","a03RB00001NswZ4YAJ","株式会社TRIAD_2025/01","関連請求の請求月が月次明細から2か月以上離れている","Monthly=2025/01, Billing=2026-07-20, Invoice=a00RB00002Am2BoYAJ","一括付替え等の誤紐付けを確認する"
"High","請求月不一致","ContractLineItem__c","a03RB00001NswZ5YAJ","株式会社TRIAD_2025/02","関連請求の請求月が月次明細から2か月以上離れている","Monthly=2025/02, Billing=2026-07-20, Invoice=a00RB00002Am2BoYAJ","一括付替え等の誤紐付けを確認する"
"High","請求月不一致","ContractLineItem__c","a03RB00001NswZ6YAJ","株式会社TRIAD_2025/03","関連請求の請求月が月次明細から2か月以上離れている","Monthly=2025/03, Billing=2026-07-20, Invoice=a00RB00002Am2BoYAJ","一括付替え等の誤紐付けを確認する"
"High","請求月不一致","ContractLineItem__c","a03RB00001NswZ7YAJ","株式会社TRIAD_2025/04","関連請求の請求月が月次明細から2か月以上離れている","Monthly=2025/04, Billing=2026-07-20, Invoice=a00RB00002Am2BoYAJ","一括付替え等の誤紐付けを確認する"
"High","請求月不一致","ContractLineItem__c","a03RB00001NswZ8YAJ","株式会社TRIAD_2025/05","関連請求の請求月が月次明細から2か月以上離れている","Monthly=2025/05, Billing=2026-07-20, Invoice=a00RB00002Am2BoYAJ","一括付替え等の誤紐付けを確認する"
"High","請求月不一致","ContractLineItem__c","a03RB00001NswZ9YAJ","株式会社TRIAD_2025/06","関連請求の請求月が月次明細から2か月以上離れている","Monthly=2025/06, Billing=2026-07-20, Invoice=a00RB00002Am2BoYAJ","一括付替え等の誤紐付けを確認する"
"High","請求月不一致","ContractLineItem__c","a03RB00001NswZAYAZ","株式会社TRIAD_2025/07","関連請求の請求月が月次明細から2か月以上離れている","Monthly=2025/07, Billing=2026-07-20, Invoice=a00RB00002Am2BoYAJ","一括付替え等の誤紐付けを確認する"
"High","請求月不一致","ContractLineItem__c","a03RB00001NswZBYAZ","株式会社TRIAD_2025/08","関連請求の請求月が月次明細から2か月以上離れている","Monthly=2025/08, Billing=2026-07-20, Invoice=a00RB00002Am2BoYAJ","一括付替え等の誤紐付けを確認する"
"High","請求月不一致","ContractLineItem__c","a03RB00001NswZCYAZ","株式会社TRIAD_2025/09","関連請求の請求月が月次明細から2か月以上離れている","Monthly=2025/09, Billing=2026-07-20, Invoice=a00RB00002Am2BoYAJ","一括付替え等の誤紐付けを確認する"
"High","請求月不一致","ContractLineItem__c","a03RB00001NswZDYAZ","株式会社TRIAD_2025/10","関連請求の請求月が月次明細から2か月以上離れている","Monthly=2025/10, Billing=2026-07-20, Invoice=a00RB00002Am2BoYAJ","一括付替え等の誤紐付けを確認する"
"High","請求月不一致","ContractLineItem__c","a03RB00001NswZEYAZ","株式会社TRIAD_2025/11","関連請求の請求月が月次明細から2か月以上離れている","Monthly=2025/11, Billing=2026-07-20, Invoice=a00RB00002Am2BoYAJ","一括付替え等の誤紐付けを確認する"
"High","請求月不一致","ContractLineItem__c","a03RB00001NswZFYAZ","株式会社TRIAD_2025/12","関連請求の請求月が月次明細から2か月以上離れている","Monthly=2025/12, Billing=2026-07-20, Invoice=a00RB00002Am2BoYAJ","一括付替え等の誤紐付けを確認する"
"High","請求月不一致","ContractLineItem__c","a03RB00001NswZGYAZ","株式会社TRIAD_2026/01","関連請求の請求月が月次明細から2か月以上離れている","Monthly=2026/01, Billing=2026-07-20, Invoice=a00RB00002Am2BoYAJ","一括付替え等の誤紐付けを確認する"
"High","請求月不一致","ContractLineItem__c","a03RB00001NswZHYAZ","株式会社TRIAD_2026/02","関連請求の請求月が月次明細から2か月以上離れている","Monthly=2026/02, Billing=2026-07-20, Invoice=a00RB00002Am2BoYAJ","一括付替え等の誤紐付けを確認する"
"High","請求月不一致","ContractLineItem__c","a03RB00001NswZIYAZ","株式会社TRIAD_2026/03","関連請求の請求月が月次明細から2か月以上離れている","Monthly=2026/03, Billing=2026-07-20, Invoice=a00RB00002Am2BoYAJ","一括付替え等の誤紐付けを確認する"
"High","請求月不一致","ContractLineItem__c","a03RB00001NswZJYAZ","株式会社TRIAD_2026/04","関連請求の請求月が月次明細から2か月以上離れている","Monthly=2026/04, Billing=2026-07-20, Invoice=a00RB00002Am2BoYAJ","一括付替え等の誤紐付けを確認する"
"High","請求月不一致","ContractLineItem__c","a03RB00001NswZKYAZ","株式会社TRIAD_2026/05","関連請求の請求月が月次明細から2か月以上離れている","Monthly=2026/05, Billing=2026-07-20, Invoice=a00RB00002Am2BoYAJ","一括付替え等の誤紐付けを確認する"
"High","請求月不一致","ContractLineItem__c","a03RB00001Nswc7YAB","株式会社アーキテクト・ディベロッパー（5月1日より帝国不動産株式会社）_2025/05","関連請求の請求月が月次明細から2か月以上離れている","Monthly=2025/05, Billing=2026-03-18, Invoice=a00RB000024Ux4NYAS","一括付替え等の誤紐付けを確認する"
"High","請求月不一致","ContractLineItem__c","a03RB00001Nswc8YAB","株式会社アーキテクト・ディベロッパー（5月1日より帝国不動産株式会社）_2025/06","関連請求の請求月が月次明細から2か月以上離れている","Monthly=2025/06, Billing=2026-03-18, Invoice=a00RB000024Ux4NYAS","一括付替え等の誤紐付けを確認する"
"High","請求月不一致","ContractLineItem__c","a03RB00001Nswc9YAB","株式会社アーキテクト・ディベロッパー（5月1日より帝国不動産株式会社）_2025/07","関連請求の請求月が月次明細から2か月以上離れている","Monthly=2025/07, Billing=2026-03-18, Invoice=a00RB000024Ux4NYAS","一括付替え等の誤紐付けを確認する"
"High","請求月不一致","ContractLineItem__c","a03RB00001NswcAYAR","株式会社アーキテクト・ディベロッパー（5月1日より帝国不動産株式会社）_2025/08","関連請求の請求月が月次明細から2か月以上離れている","Monthly=2025/08, Billing=2026-03-18, Invoice=a00RB000024Ux4NYAS","一括付替え等の誤紐付けを確認する"
"High","請求月不一致","ContractLineItem__c","a03RB00001NswcBYAR","株式会社アーキテクト・ディベロッパー（5月1日より帝国不動産株式会社）_2025/09","関連請求の請求月が月次明細から2か月以上離れている","Monthly=2025/09, Billing=2026-03-18, Invoice=a00RB000024Ux4NYAS","一括付替え等の誤紐付けを確認する"
"High","請求月不一致","ContractLineItem__c","a03RB00001NswcCYAR","株式会社アーキテクト・ディベロッパー（5月1日より帝国不動産株式会社）_2025/10","関連請求の請求月が月次明細から2か月以上離れている","Monthly=2025/10, Billing=2026-03-18, Invoice=a00RB000024Ux4NYAS","一括付替え等の誤紐付けを確認する"
"High","請求月不一致","ContractLineItem__c","a03RB00001NswcDYAR","株式会社アーキテクト・ディベロッパー（5月1日より帝国不動産株式会社）_2025/11","関連請求の請求月が月次明細から2か月以上離れている","Monthly=2025/11, Billing=2026-03-18, Invoice=a00RB000024Ux4NYAS","一括付替え等の誤紐付けを確認する"
"High","請求月不一致","ContractLineItem__c","a03RB00001NswcEYAR","株式会社アーキテクト・ディベロッパー（5月1日より帝国不動産株式会社）_2025/12","関連請求の請求月が月次明細から2か月以上離れている","Monthly=2025/12, Billing=2026-03-18, Invoice=a00RB000024Ux4NYAS","一括付替え等の誤紐付けを確認する"
"High","請求月不一致","ContractLineItem__c","a03RB00001NswcFYAR","株式会社アーキテクト・ディベロッパー（5月1日より帝国不動産株式会社）_2026/01","関連請求の請求月が月次明細から2か月以上離れている","Monthly=2026/01, Billing=2026-03-18, Invoice=a00RB000024Ux4NYAS","一括付替え等の誤紐付けを確認する"
"High","請求月不一致","ContractLineItem__c","a03RB00001NswcJYAR","株式会社アーキテクト・ディベロッパー（5月1日より帝国不動産株式会社）_2026/05","関連請求の請求月が月次明細から2か月以上離れている","Monthly=2026/05, Billing=2026-03-18, Invoice=a00RB000024Ux4NYAS","一括付替え等の誤紐付けを確認する"
"High","請求月不一致","ContractLineItem__c","a03RB00001NswcKYAR","株式会社アーキテクト・ディベロッパー（5月1日より帝国不動産株式会社）_2026/06","関連請求の請求月が月次明細から2か月以上離れている","Monthly=2026/06, Billing=2026-03-18, Invoice=a00RB000024Ux4NYAS","一括付替え等の誤紐付けを確認する"
"High","請求月不一致","ContractLineItem__c","a03RB00001RcABXYA3","株式会社アーキテクト・ディベロッパー（5月1日より帝国不動産株式会社）_2026/07","関連請求の請求月が月次明細から2か月以上離れている","Monthly=2026/07, Billing=2026-03-18, Invoice=a00RB000024Ux4NYAS","一括付替え等の誤紐付けを確認する"
"High","請求月不一致","ContractLineItem__c","a03RB00001NswrnYAB","株式会社アズスタット_2025/08","関連請求の請求月が月次明細から2か月以上離れている","Monthly=2025/08, Billing=2026-06-20, Invoice=a00RB000027fzNbYAI","一括付替え等の誤紐付けを確認する"
"High","請求月不一致","ContractLineItem__c","a03RB00001NswroYAB","株式会社アズスタット_2025/09","関連請求の請求月が月次明細から2か月以上離れている","Monthly=2025/09, Billing=2026-06-20, Invoice=a00RB000027fzNbYAI","一括付替え等の誤紐付けを確認する"
"High","請求月不一致","ContractLineItem__c","a03RB00001NswrpYAB","株式会社アズスタット_2025/10","関連請求の請求月が月次明細から2か月以上離れている","Monthly=2025/10, Billing=2026-06-20, Invoice=a00RB000027fzNbYAI","一括付替え等の誤紐付けを確認する"
"High","請求月不一致","ContractLineItem__c","a03RB00001NswrqYAB","株式会社アズスタット_2025/11","関連請求の請求月が月次明細から2か月以上離れている","Monthly=2025/11, Billing=2026-06-20, Invoice=a00RB000027fzNbYAI","一括付替え等の誤紐付けを確認する"
"High","請求月不一致","ContractLineItem__c","a03RB00001NswrrYAB","株式会社アズスタット_2025/12","関連請求の請求月が月次明細から2か月以上離れている","Monthly=2025/12, Billing=2026-06-20, Invoice=a00RB000027fzNbYAI","一括付替え等の誤紐付けを確認する"
"High","請求月不一致","ContractLineItem__c","a03RB00001NswrsYAB","株式会社アズスタット_2026/01","関連請求の請求月が月次明細から2か月以上離れている","Monthly=2026/01, Billing=2026-06-20, Invoice=a00RB000027fzNbYAI","一括付替え等の誤紐付けを確認する"
"High","請求月不一致","ContractLineItem__c","a03RB00001NswrtYAB","株式会社アズスタット_2026/02","関連請求の請求月が月次明細から2か月以上離れている","Monthly=2026/02, Billing=2026-06-20, Invoice=a00RB000027fzNbYAI","一括付替え等の誤紐付けを確認する"
"High","請求月不一致","ContractLineItem__c","a03RB00001NswruYAB","株式会社アズスタット_2026/03","関連請求の請求月が月次明細から2か月以上離れている","Monthly=2026/03, Billing=2026-06-20, Invoice=a00RB000027fzNbYAI","一括付替え等の誤紐付けを確認する"
"High","請求月不一致","ContractLineItem__c","a03RB00001NswrvYAB","株式会社アズスタット_2026/04","関連請求の請求月が月次明細から2か月以上離れている","Monthly=2026/04, Billing=2026-06-20, Invoice=a00RB000027fzNbYAI","一括付替え等の誤紐付けを確認する"
"High","請求月不一致","ContractLineItem__c","a03RB00001Nswm4YAB","株式会社イーグランド_2024/11","関連請求の請求月が月次明細から2か月以上離れている","Monthly=2024/11, Billing=2026-07-20, Invoice=a00RB00002AyetlYAB","一括付替え等の誤紐付けを確認する"
"High","請求月不一致","ContractLineItem__c","a03RB00001Nswm5YAB","株式会社イーグランド_2024/12","関連請求の請求月が月次明細から2か月以上離れている","Monthly=2024/12, Billing=2026-07-20, Invoice=a00RB00002AyetlYAB","一括付替え等の誤紐付けを確認する"
"High","請求月不一致","ContractLineItem__c","a03RB00001Nswm6YAB","株式会社イーグランド_2025/01","関連請求の請求月が月次明細から2か月以上離れている","Monthly=2025/01, Billing=2026-07-20, Invoice=a00RB00002AyetlYAB","一括付替え等の誤紐付けを確認する"
"High","請求月不一致","ContractLineItem__c","a03RB00001Nswm7YAB","株式会社イーグランド_2025/02","関連請求の請求月が月次明細から2か月以上離れている","Monthly=2025/02, Billing=2026-07-20, Invoice=a00RB00002AyetlYAB","一括付替え等の誤紐付けを確認する"
"High","請求月不一致","ContractLineItem__c","a03RB00001Nswm8YAB","株式会社イーグランド_2025/03","関連請求の請求月が月次明細から2か月以上離れている","Monthly=2025/03, Billing=2026-07-20, Invoice=a00RB00002AyetlYAB","一括付替え等の誤紐付けを確認する"
"High","請求月不一致","ContractLineItem__c","a03RB00001Nswm9YAB","株式会社イーグランド_2025/04","関連請求の請求月が月次明細から2か月以上離れている","Monthly=2025/04, Billing=2026-07-20, Invoice=a00RB00002AyetlYAB","一括付替え等の誤紐付けを確認する"
"High","請求月不一致","ContractLineItem__c","a03RB00001NswmAYAR","株式会社イーグランド_2025/05","関連請求の請求月が月次明細から2か月以上離れている","Monthly=2025/05, Billing=2026-07-20, Invoice=a00RB00002AyetlYAB","一括付替え等の誤紐付けを確認する"
"High","請求月不一致","ContractLineItem__c","a03RB00001NswmBYAR","株式会社イーグランド_2025/06","関連請求の請求月が月次明細から2か月以上離れている","Monthly=2025/06, Billing=2026-07-20, Invoice=a00RB00002AyetlYAB","一括付替え等の誤紐付けを確認する"
"High","請求月不一致","ContractLineItem__c","a03RB00001NswmCYAR","株式会社イーグランド_2025/07","関連請求の請求月が月次明細から2か月以上離れている","Monthly=2025/07, Billing=2026-07-20, Invoice=a00RB00002AyetlYAB","一括付替え等の誤紐付けを確認する"
"High","請求月不一致","ContractLineItem__c","a03RB00001NswmDYAR","株式会社イーグランド_2025/08","関連請求の請求月が月次明細から2か月以上離れている","Monthly=2025/08, Billing=2026-07-20, Invoice=a00RB00002AyetlYAB","一括付替え等の誤紐付けを確認する"
"High","請求月不一致","ContractLineItem__c","a03RB00001NswmEYAR","株式会社イーグランド_2025/09","関連請求の請求月が月次明細から2か月以上離れている","Monthly=2025/09, Billing=2026-07-20, Invoice=a00RB00002AyetlYAB","一括付替え等の誤紐付けを確認する"
"High","請求月不一致","ContractLineItem__c","a03RB00001NswmFYAR","株式会社イーグランド_2025/10","関連請求の請求月が月次明細から2か月以上離れている","Monthly=2025/10, Billing=2026-07-20, Invoice=a00RB00002AyetlYAB","一括付替え等の誤紐付けを確認する"
"High","請求月不一致","ContractLineItem__c","a03RB00001NswmGYAR","株式会社イーグランド_2025/11","関連請求の請求月が月次明細から2か月以上離れている","Monthly=2025/11, Billing=2026-07-20, Invoice=a00RB00002AyetlYAB","一括付替え等の誤紐付けを確認する"
"High","請求月不一致","ContractLineItem__c","a03RB00001NswmHYAR","株式会社イーグランド_2025/12","関連請求の請求月が月次明細から2か月以上離れている","Monthly=2025/12, Billing=2026-07-20, Invoice=a00RB00002AyetlYAB","一括付替え等の誤紐付けを確認する"
"High","請求月不一致","ContractLineItem__c","a03RB00001NswmIYAR","株式会社イーグランド_2026/01","関連請求の請求月が月次明細から2か月以上離れている","Monthly=2026/01, Billing=2026-07-20, Invoice=a00RB00002AyetlYAB","一括付替え等の誤紐付けを確認する"
"High","請求月不一致","ContractLineItem__c","a03RB00001NswmJYAR","株式会社イーグランド_2026/02","関連請求の請求月が月次明細から2か月以上離れている","Monthly=2026/02, Billing=2026-07-20, Invoice=a00RB00002AyetlYAB","一括付替え等の誤紐付けを確認する"
"High","請求月不一致","ContractLineItem__c","a03RB00001NswmKYAR","株式会社イーグランド_2026/03","関連請求の請求月が月次明細から2か月以上離れている","Monthly=2026/03, Billing=2026-07-20, Invoice=a00RB00002AyetlYAB","一括付替え等の誤紐付けを確認する"
"High","請求月不一致","ContractLineItem__c","a03RB00001NswmLYAR","株式会社イーグランド_2026/04","関連請求の請求月が月次明細から2か月以上離れている","Monthly=2026/04, Billing=2026-07-20, Invoice=a00RB00002AyetlYAB","一括付替え等の誤紐付けを確認する"
"High","請求月不一致","ContractLineItem__c","a03RB00001NswmMYAR","株式会社イーグランド_2026/05","関連請求の請求月が月次明細から2か月以上離れている","Monthly=2026/05, Billing=2026-07-20, Invoice=a00RB00002AyetlYAB","一括付替え等の誤紐付けを確認する"
"High","請求月不一致","ContractLineItem__c","a03RB00001NswoZYAR","株式会社エージェント_2025/02","関連請求の請求月が月次明細から2か月以上離れている","Monthly=2025/02, Billing=2026-07-20, Invoice=a00RB00002B0dy8YAB","一括付替え等の誤紐付けを確認する"
"High","請求月不一致","ContractLineItem__c","a03RB00001NswoaYAB","株式会社エージェント_2025/03","関連請求の請求月が月次明細から2か月以上離れている","Monthly=2025/03, Billing=2026-07-20, Invoice=a00RB00002B0dy8YAB","一括付替え等の誤紐付けを確認する"
"High","請求月不一致","ContractLineItem__c","a03RB00001NswobYAB","株式会社エージェント_2025/04","関連請求の請求月が月次明細から2か月以上離れている","Monthly=2025/04, Billing=2026-07-20, Invoice=a00RB00002B0dy8YAB","一括付替え等の誤紐付けを確認する"
"High","請求月不一致","ContractLineItem__c","a03RB00001NswocYAB","株式会社エージェント_2025/05","関連請求の請求月が月次明細から2か月以上離れている","Monthly=2025/05, Billing=2026-07-20, Invoice=a00RB00002B0dy8YAB","一括付替え等の誤紐付けを確認する"
"High","請求月不一致","ContractLineItem__c","a03RB00001NswodYAB","株式会社エージェント_2025/06","関連請求の請求月が月次明細から2か月以上離れている","Monthly=2025/06, Billing=2026-07-20, Invoice=a00RB00002B0dy8YAB","一括付替え等の誤紐付けを確認する"
"High","請求月不一致","ContractLineItem__c","a03RB00001NswoeYAB","株式会社エージェント_2025/07","関連請求の請求月が月次明細から2か月以上離れている","Monthly=2025/07, Billing=2026-07-20, Invoice=a00RB00002B0dy8YAB","一括付替え等の誤紐付けを確認する"
"High","請求月不一致","ContractLineItem__c","a03RB00001NswofYAB","株式会社エージェント_2025/08","関連請求の請求月が月次明細から2か月以上離れている","Monthly=2025/08, Billing=2026-07-20, Invoice=a00RB00002B0dy8YAB","一括付替え等の誤紐付けを確認する"
"High","請求月不一致","ContractLineItem__c","a03RB00001NswogYAB","株式会社エージェント_2025/09","関連請求の請求月が月次明細から2か月以上離れている","Monthly=2025/09, Billing=2026-07-20, Invoice=a00RB00002B0dy8YAB","一括付替え等の誤紐付けを確認する"
"High","請求月不一致","ContractLineItem__c","a03RB00001NswohYAB","株式会社エージェント_2025/10","関連請求の請求月が月次明細から2か月以上離れている","Monthly=2025/10, Billing=2026-07-20, Invoice=a00RB00002B0dy8YAB","一括付替え等の誤紐付けを確認する"
"High","請求月不一致","ContractLineItem__c","a03RB00001NswoiYAB","株式会社エージェント_2025/11","関連請求の請求月が月次明細から2か月以上離れている","Monthly=2025/11, Billing=2026-07-20, Invoice=a00RB00002B0dy8YAB","一括付替え等の誤紐付けを確認する"
"High","請求月不一致","ContractLineItem__c","a03RB00001NswojYAB","株式会社エージェント_2025/12","関連請求の請求月が月次明細から2か月以上離れている","Monthly=2025/12, Billing=2026-07-20, Invoice=a00RB00002B0dy8YAB","一括付替え等の誤紐付けを確認する"
"High","請求月不一致","ContractLineItem__c","a03RB00001NswokYAB","株式会社エージェント_2026/01","関連請求の請求月が月次明細から2か月以上離れている","Monthly=2026/01, Billing=2026-07-20, Invoice=a00RB00002B0dy8YAB","一括付替え等の誤紐付けを確認する"
"High","請求月不一致","ContractLineItem__c","a03RB00001NswolYAB","株式会社エージェント_2026/02","関連請求の請求月が月次明細から2か月以上離れている","Monthly=2026/02, Billing=2026-07-20, Invoice=a00RB00002B0dy8YAB","一括付替え等の誤紐付けを確認する"
"High","請求月不一致","ContractLineItem__c","a03RB00001NswomYAB","株式会社エージェント_2026/03","関連請求の請求月が月次明細から2か月以上離れている","Monthly=2026/03, Billing=2026-07-20, Invoice=a00RB00002B0dy8YAB","一括付替え等の誤紐付けを確認する"
"High","請求月不一致","ContractLineItem__c","a03RB00001NswonYAB","株式会社エージェント_2026/04","関連請求の請求月が月次明細から2か月以上離れている","Monthly=2026/04, Billing=2026-07-20, Invoice=a00RB00002B0dy8YAB","一括付替え等の誤紐付けを確認する"
"High","請求月不一致","ContractLineItem__c","a03RB00001NswooYAB","株式会社エージェント_2026/05","関連請求の請求月が月次明細から2か月以上離れている","Monthly=2026/05, Billing=2026-07-20, Invoice=a00RB00002B0dy8YAB","一括付替え等の誤紐付けを確認する"
"High","請求月不一致","ContractLineItem__c","a03RB00001NswsSYAR","株式会社ケン・プロパティマネジメント_2025/12","関連請求の請求月が月次明細から2か月以上離れている","Monthly=2025/12, Billing=2026-07-20, Invoice=a00RB00002AyE6JYAV","一括付替え等の誤紐付けを確認する"
"High","請求月不一致","ContractLineItem__c","a03RB00001NswsTYAR","株式会社ケン・プロパティマネジメント_2026/01","関連請求の請求月が月次明細から2か月以上離れている","Monthly=2026/01, Billing=2026-07-20, Invoice=a00RB00002AyE6JYAV","一括付替え等の誤紐付けを確認する"
"High","請求月不一致","ContractLineItem__c","a03RB00001NswsUYAR","株式会社ケン・プロパティマネジメント_2026/02","関連請求の請求月が月次明細から2か月以上離れている","Monthly=2026/02, Billing=2026-07-20, Invoice=a00RB00002AyE6JYAV","一括付替え等の誤紐付けを確認する"
"High","請求月不一致","ContractLineItem__c","a03RB00001NswsVYAR","株式会社ケン・プロパティマネジメント_2026/03","関連請求の請求月が月次明細から2か月以上離れている","Monthly=2026/03, Billing=2026-07-20, Invoice=a00RB00002AyE6JYAV","一括付替え等の誤紐付けを確認する"
"High","請求月不一致","ContractLineItem__c","a03RB00001NswsWYAR","株式会社ケン・プロパティマネジメント_2026/04","関連請求の請求月が月次明細から2か月以上離れている","Monthly=2026/04, Billing=2026-07-20, Invoice=a00RB00002AyE6JYAV","一括付替え等の誤紐付けを確認する"
"High","請求月不一致","ContractLineItem__c","a03RB00001NswsXYAR","株式会社ケン・プロパティマネジメント_2026/05","関連請求の請求月が月次明細から2か月以上離れている","Monthly=2026/05, Billing=2026-07-20, Invoice=a00RB00002AyE6JYAV","一括付替え等の誤紐付けを確認する"
"High","請求月不一致","ContractLineItem__c","a03RB00001NswjDYAR","株式会社サンケイビル_2026/05","関連請求の請求月が月次明細から2か月以上離れている","Monthly=2026/05, Billing=2026-03-23, Invoice=a00RB000024Ux4BYAS","一括付替え等の誤紐付けを確認する"
"High","請求月不一致","ContractLineItem__c","a03RB00001NswjEYAR","株式会社サンケイビル_2026/06","関連請求の請求月が月次明細から2か月以上離れている","Monthly=2026/06, Billing=2026-03-23, Invoice=a00RB000024Ux4BYAS","一括付替え等の誤紐付けを確認する"
"High","請求月不一致","ContractLineItem__c","a03RB00001NswjFYAR","株式会社サンケイビル_2026/07","関連請求の請求月が月次明細から2か月以上離れている","Monthly=2026/07, Billing=2026-03-23, Invoice=a00RB000024Ux4BYAS","一括付替え等の誤紐付けを確認する"
"High","請求月不一致","ContractLineItem__c","a03RB00001NswjGYAR","株式会社サンケイビル_2026/08","関連請求の請求月が月次明細から2か月以上離れている","Monthly=2026/08, Billing=2026-03-23, Invoice=a00RB000024Ux4BYAS","一括付替え等の誤紐付けを確認する"
"High","請求月不一致","ContractLineItem__c","a03RB00001NswjHYAR","株式会社サンケイビル_2026/09","関連請求の請求月が月次明細から2か月以上離れている","Monthly=2026/09, Billing=2026-03-23, Invoice=a00RB000024Ux4BYAS","一括付替え等の誤紐付けを確認する"
"High","請求月不一致","ContractLineItem__c","a03RB00001NswjIYAR","株式会社サンケイビル_2026/10","関連請求の請求月が月次明細から2か月以上離れている","Monthly=2026/10, Billing=2026-03-23, Invoice=a00RB000024Ux4BYAS","一括付替え等の誤紐付けを確認する"
"High","請求月不一致","ContractLineItem__c","a03RB00001NswjJYAR","株式会社サンケイビル_2026/11","関連請求の請求月が月次明細から2か月以上離れている","Monthly=2026/11, Billing=2026-03-23, Invoice=a00RB000024Ux4BYAS","一括付替え等の誤紐付けを確認する"
"High","請求月不一致","ContractLineItem__c","a03RB00001NswjKYAR","株式会社サンケイビル_2026/12","関連請求の請求月が月次明細から2か月以上離れている","Monthly=2026/12, Billing=2026-03-23, Invoice=a00RB000024Ux4BYAS","一括付替え等の誤紐付けを確認する"
"High","請求月不一致","ContractLineItem__c","a03RB00001NswjLYAR","株式会社サンケイビル_2027/01","関連請求の請求月が月次明細から2か月以上離れている","Monthly=2027/01, Billing=2026-03-23, Invoice=a00RB000024Ux4BYAS","一括付替え等の誤紐付けを確認する"
"High","請求月不一致","ContractLineItem__c","a03RB00001NswjMYAR","株式会社サンケイビル_2027/02","関連請求の請求月が月次明細から2か月以上離れている","Monthly=2027/02, Billing=2026-03-23, Invoice=a00RB000024Ux4BYAS","一括付替え等の誤紐付けを確認する"
"High","請求月不一致","ContractLineItem__c","a03RB00001NswjNYAR","株式会社サンケイビル_2027/03","関連請求の請求月が月次明細から2か月以上離れている","Monthly=2027/03, Billing=2026-03-23, Invoice=a00RB000024Ux4BYAS","一括付替え等の誤紐付けを確認する"
"High","請求月不一致","ContractLineItem__c","a03RB00001NswbpYAB","株式会社デザインアーク_2025/05","関連請求の請求月が月次明細から2か月以上離れている","Monthly=2025/05, Billing=2026-04-20, Invoice=a00RB000027lnMsYAI","一括付替え等の誤紐付けを確認する"
"High","請求月不一致","ContractLineItem__c","a03RB00001NswbqYAB","株式会社デザインアーク_2025/06","関連請求の請求月が月次明細から2か月以上離れている","Monthly=2025/06, Billing=2026-04-20, Invoice=a00RB000027lnMsYAI","一括付替え等の誤紐付けを確認する"
"High","請求月不一致","ContractLineItem__c","a03RB00001NswbrYAB","株式会社デザインアーク_2025/07","関連請求の請求月が月次明細から2か月以上離れている","Monthly=2025/07, Billing=2026-04-20, Invoice=a00RB000027lnMsYAI","一括付替え等の誤紐付けを確認する"
"High","請求月不一致","ContractLineItem__c","a03RB00001NswbsYAB","株式会社デザインアーク_2025/08","関連請求の請求月が月次明細から2か月以上離れている","Monthly=2025/08, Billing=2026-04-20, Invoice=a00RB000027lnMsYAI","一括付替え等の誤紐付けを確認する"
"High","請求月不一致","ContractLineItem__c","a03RB00001NswbtYAB","株式会社デザインアーク_2025/09","関連請求の請求月が月次明細から2か月以上離れている","Monthly=2025/09, Billing=2026-04-20, Invoice=a00RB000027lnMsYAI","一括付替え等の誤紐付けを確認する"
"High","請求月不一致","ContractLineItem__c","a03RB00001NswbuYAB","株式会社デザインアーク_2025/10","関連請求の請求月が月次明細から2か月以上離れている","Monthly=2025/10, Billing=2026-04-20, Invoice=a00RB000027lnMsYAI","一括付替え等の誤紐付けを確認する"
"High","請求月不一致","ContractLineItem__c","a03RB00001NswbvYAB","株式会社デザインアーク_2025/11","関連請求の請求月が月次明細から2か月以上離れている","Monthly=2025/11, Billing=2026-04-20, Invoice=a00RB000027lnMsYAI","一括付替え等の誤紐付けを確認する"
"High","請求月不一致","ContractLineItem__c","a03RB00001NswbwYAB","株式会社デザインアーク_2025/12","関連請求の請求月が月次明細から2か月以上離れている","Monthly=2025/12, Billing=2026-04-20, Invoice=a00RB000027lnMsYAI","一括付替え等の誤紐付けを確認する"
"High","請求月不一致","ContractLineItem__c","a03RB00001NswbxYAB","株式会社デザインアーク_2026/01","関連請求の請求月が月次明細から2か月以上離れている","Monthly=2026/01, Billing=2026-04-20, Invoice=a00RB000027lnMsYAI","一括付替え等の誤紐付けを確認する"
"High","請求月不一致","ContractLineItem__c","a03RB00001NswbyYAB","株式会社デザインアーク_2026/02","関連請求の請求月が月次明細から2か月以上離れている","Monthly=2026/02, Billing=2026-04-20, Invoice=a00RB000027lnMsYAI","一括付替え等の誤紐付けを確認する"
"High","請求月不一致","ContractLineItem__c","a03RB00001RIREvYAP","株式会社デザインアーク_2026/06","関連請求の請求月が月次明細から2か月以上離れている","Monthly=2026/06, Billing=2026-04-20, Invoice=a00RB000027lnMsYAI","一括付替え等の誤紐付けを確認する"
"High","請求月不一致","ContractLineItem__c","a03RB00001RcABWYA3","株式会社デザインアーク_2026/07","関連請求の請求月が月次明細から2か月以上離れている","Monthly=2026/07, Billing=2026-04-20, Invoice=a00RB000027lnMsYAI","一括付替え等の誤紐付けを確認する"
"High","請求月不一致","ContractLineItem__c","a03RB00001NswitYAB","株式会社トーケン_2026/05","関連請求の請求月が月次明細から2か月以上離れている","Monthly=2026/05, Billing=2026-03-20, Invoice=a00RB00002B5oL5YAJ","一括付替え等の誤紐付けを確認する"
"High","請求月不一致","ContractLineItem__c","a03RB00001NswiuYAB","株式会社トーケン_2026/06","関連請求の請求月が月次明細から2か月以上離れている","Monthly=2026/06, Billing=2026-03-20, Invoice=a00RB00002B5oL5YAJ","一括付替え等の誤紐付けを確認する"
"High","請求月不一致","ContractLineItem__c","a03RB00001NswivYAB","株式会社トーケン_2026/07","関連請求の請求月が月次明細から2か月以上離れている","Monthly=2026/07, Billing=2026-03-20, Invoice=a00RB00002B5oL5YAJ","一括付替え等の誤紐付けを確認する"
"High","請求月不一致","ContractLineItem__c","a03RB00001NswiwYAB","株式会社トーケン_2026/08","関連請求の請求月が月次明細から2か月以上離れている","Monthly=2026/08, Billing=2026-03-20, Invoice=a00RB00002B5oL5YAJ","一括付替え等の誤紐付けを確認する"
"High","請求月不一致","ContractLineItem__c","a03RB00001NswixYAB","株式会社トーケン_2026/09","関連請求の請求月が月次明細から2か月以上離れている","Monthly=2026/09, Billing=2026-03-20, Invoice=a00RB00002B5oL5YAJ","一括付替え等の誤紐付けを確認する"
"High","請求月不一致","ContractLineItem__c","a03RB00001NswiyYAB","株式会社トーケン_2026/10","関連請求の請求月が月次明細から2か月以上離れている","Monthly=2026/10, Billing=2026-03-20, Invoice=a00RB00002B5oL5YAJ","一括付替え等の誤紐付けを確認する"
"High","請求月不一致","ContractLineItem__c","a03RB00001NswizYAB","株式会社トーケン_2026/11","関連請求の請求月が月次明細から2か月以上離れている","Monthly=2026/11, Billing=2026-03-20, Invoice=a00RB00002B5oL5YAJ","一括付替え等の誤紐付けを確認する"
"High","請求月不一致","ContractLineItem__c","a03RB00001Nswj0YAB","株式会社トーケン_2026/12","関連請求の請求月が月次明細から2か月以上離れている","Monthly=2026/12, Billing=2026-03-20, Invoice=a00RB00002B5oL5YAJ","一括付替え等の誤紐付けを確認する"
"High","請求月不一致","ContractLineItem__c","a03RB00001Nswj1YAB","株式会社トーケン_2027/01","関連請求の請求月が月次明細から2か月以上離れている","Monthly=2027/01, Billing=2026-03-20, Invoice=a00RB00002B5oL5YAJ","一括付替え等の誤紐付けを確認する"
"High","請求月不一致","ContractLineItem__c","a03RB00001Nswj2YAB","株式会社トーケン_2027/02","関連請求の請求月が月次明細から2か月以上離れている","Monthly=2027/02, Billing=2026-03-20, Invoice=a00RB00002B5oL5YAJ","一括付替え等の誤紐付けを確認する"
"High","請求月不一致","ContractLineItem__c","a03RB00001NswjXYAR","株式会社ドムコス_2026/04","関連請求の請求月が月次明細から2か月以上離れている","Monthly=2026/04, Billing=2026-07-20, Invoice=a00RB00002Am2BYYAZ","一括付替え等の誤紐付けを確認する"
"High","請求月不一致","ContractLineItem__c","a03RB00001NswjYYAR","株式会社ドムコス_2026/05","関連請求の請求月が月次明細から2か月以上離れている","Monthly=2026/05, Billing=2026-07-20, Invoice=a00RB00002Am2BYYAZ","一括付替え等の誤紐付けを確認する"
"High","請求月不一致","ContractLineItem__c","a03RB00001NswVwYAJ","株式会社フロンティアコンサルティング_2024/08","関連請求の請求月が月次明細から2か月以上離れている","Monthly=2024/08, Billing=2026-07-20, Invoice=a00RB00002Am2BiYAJ","一括付替え等の誤紐付けを確認する"
"High","請求月不一致","ContractLineItem__c","a03RB00001NswVxYAJ","株式会社フロンティアコンサルティング_2024/09","関連請求の請求月が月次明細から2か月以上離れている","Monthly=2024/09, Billing=2026-07-20, Invoice=a00RB00002Am2BiYAJ","一括付替え等の誤紐付けを確認する"
"High","請求月不一致","ContractLineItem__c","a03RB00001NswVyYAJ","株式会社フロンティアコンサルティング_2024/10","関連請求の請求月が月次明細から2か月以上離れている","Monthly=2024/10, Billing=2026-07-20, Invoice=a00RB00002Am2BiYAJ","一括付替え等の誤紐付けを確認する"
"High","請求月不一致","ContractLineItem__c","a03RB00001NswVzYAJ","株式会社フロンティアコンサルティング_2024/11","関連請求の請求月が月次明細から2か月以上離れている","Monthly=2024/11, Billing=2026-07-20, Invoice=a00RB00002Am2BiYAJ","一括付替え等の誤紐付けを確認する"
"High","請求月不一致","ContractLineItem__c","a03RB00001NswW0YAJ","株式会社フロンティアコンサルティング_2024/12","関連請求の請求月が月次明細から2か月以上離れている","Monthly=2024/12, Billing=2026-07-20, Invoice=a00RB00002Am2BiYAJ","一括付替え等の誤紐付けを確認する"
"High","請求月不一致","ContractLineItem__c","a03RB00001NswW1YAJ","株式会社フロンティアコンサルティング_2025/01","関連請求の請求月が月次明細から2か月以上離れている","Monthly=2025/01, Billing=2026-07-20, Invoice=a00RB00002Am2BiYAJ","一括付替え等の誤紐付けを確認する"
"High","請求月不一致","ContractLineItem__c","a03RB00001NswW2YAJ","株式会社フロンティアコンサルティング_2025/02","関連請求の請求月が月次明細から2か月以上離れている","Monthly=2025/02, Billing=2026-07-20, Invoice=a00RB00002Am2BiYAJ","一括付替え等の誤紐付けを確認する"
"High","請求月不一致","ContractLineItem__c","a03RB00001NswW3YAJ","株式会社フロンティアコンサルティング_2025/03","関連請求の請求月が月次明細から2か月以上離れている","Monthly=2025/03, Billing=2026-07-20, Invoice=a00RB00002Am2BiYAJ","一括付替え等の誤紐付けを確認する"
"High","請求月不一致","ContractLineItem__c","a03RB00001NswW4YAJ","株式会社フロンティアコンサルティング_2025/04","関連請求の請求月が月次明細から2か月以上離れている","Monthly=2025/04, Billing=2026-07-20, Invoice=a00RB00002Am2BiYAJ","一括付替え等の誤紐付けを確認する"
"High","請求月不一致","ContractLineItem__c","a03RB00001NswW5YAJ","株式会社フロンティアコンサルティング_2025/05","関連請求の請求月が月次明細から2か月以上離れている","Monthly=2025/05, Billing=2026-07-20, Invoice=a00RB00002Am2BiYAJ","一括付替え等の誤紐付けを確認する"
"High","請求月不一致","ContractLineItem__c","a03RB00001NswW6YAJ","株式会社フロンティアコンサルティング_2025/06","関連請求の請求月が月次明細から2か月以上離れている","Monthly=2025/06, Billing=2026-07-20, Invoice=a00RB00002Am2BiYAJ","一括付替え等の誤紐付けを確認する"
"High","請求月不一致","ContractLineItem__c","a03RB00001NswW7YAJ","株式会社フロンティアコンサルティング_2025/07","関連請求の請求月が月次明細から2か月以上離れている","Monthly=2025/07, Billing=2026-07-20, Invoice=a00RB00002Am2BiYAJ","一括付替え等の誤紐付けを確認する"
"High","請求月不一致","ContractLineItem__c","a03RB00001NswW8YAJ","株式会社フロンティアコンサルティング_2025/08","関連請求の請求月が月次明細から2か月以上離れている","Monthly=2025/08, Billing=2026-07-20, Invoice=a00RB00002Am2BiYAJ","一括付替え等の誤紐付けを確認する"
"High","請求月不一致","ContractLineItem__c","a03RB00001NswW9YAJ","株式会社フロンティアコンサルティング_2025/09","関連請求の請求月が月次明細から2か月以上離れている","Monthly=2025/09, Billing=2026-07-20, Invoice=a00RB00002Am2BiYAJ","一括付替え等の誤紐付けを確認する"
"High","請求月不一致","ContractLineItem__c","a03RB00001NswWAYAZ","株式会社フロンティアコンサルティング_2025/10","関連請求の請求月が月次明細から2か月以上離れている","Monthly=2025/10, Billing=2026-07-20, Invoice=a00RB00002Am2BiYAJ","一括付替え等の誤紐付けを確認する"
"High","請求月不一致","ContractLineItem__c","a03RB00001NswWBYAZ","株式会社フロンティアコンサルティング_2025/11","関連請求の請求月が月次明細から2か月以上離れている","Monthly=2025/11, Billing=2026-07-20, Invoice=a00RB00002Am2BiYAJ","一括付替え等の誤紐付けを確認する"
"High","請求月不一致","ContractLineItem__c","a03RB00001NswWCYAZ","株式会社フロンティアコンサルティング_2025/12","関連請求の請求月が月次明細から2か月以上離れている","Monthly=2025/12, Billing=2026-07-20, Invoice=a00RB00002Am2BiYAJ","一括付替え等の誤紐付けを確認する"
"High","請求月不一致","ContractLineItem__c","a03RB00001NswWDYAZ","株式会社フロンティアコンサルティング_2026/01","関連請求の請求月が月次明細から2か月以上離れている","Monthly=2026/01, Billing=2026-07-20, Invoice=a00RB00002Am2BiYAJ","一括付替え等の誤紐付けを確認する"
"High","請求月不一致","ContractLineItem__c","a03RB00001NswWEYAZ","株式会社フロンティアコンサルティング_2026/02","関連請求の請求月が月次明細から2か月以上離れている","Monthly=2026/02, Billing=2026-07-20, Invoice=a00RB00002Am2BiYAJ","一括付替え等の誤紐付けを確認する"
"High","請求月不一致","ContractLineItem__c","a03RB00001NswWFYAZ","株式会社フロンティアコンサルティング_2026/03","関連請求の請求月が月次明細から2か月以上離れている","Monthly=2026/03, Billing=2026-07-20, Invoice=a00RB00002Am2BiYAJ","一括付替え等の誤紐付けを確認する"
"High","請求月不一致","ContractLineItem__c","a03RB00001NswWGYAZ","株式会社フロンティアコンサルティング_2026/04","関連請求の請求月が月次明細から2か月以上離れている","Monthly=2026/04, Billing=2026-07-20, Invoice=a00RB00002Am2BiYAJ","一括付替え等の誤紐付けを確認する"
"High","請求月不一致","ContractLineItem__c","a03RB00001NswWHYAZ","株式会社フロンティアコンサルティング_2026/05","関連請求の請求月が月次明細から2か月以上離れている","Monthly=2026/05, Billing=2026-07-20, Invoice=a00RB00002Am2BiYAJ","一括付替え等の誤紐付けを確認する"
"High","請求月不一致","ContractLineItem__c","a03RB00001NswjgYAB","株式会社ルミネ_2026/04","関連請求の請求月が月次明細から2か月以上離れている","Monthly=2026/04, Billing=2026-07-20, Invoice=a00RB00002Am2BdYAJ","一括付替え等の誤紐付けを確認する"
"High","請求月不一致","ContractLineItem__c","a03RB00001NswjhYAB","株式会社ルミネ_2026/05","関連請求の請求月が月次明細から2か月以上離れている","Monthly=2026/05, Billing=2026-07-20, Invoice=a00RB00002Am2BdYAJ","一括付替え等の誤紐付けを確認する"
"High","請求月不一致","ContractLineItem__c","a03RB00001Nsws9YAB","株式会社レーベントラスト_2025/09","関連請求の請求月が月次明細から2か月以上離れている","Monthly=2025/09, Billing=2026-07-20, Invoice=a00RB00002Am2BsYAJ","一括付替え等の誤紐付けを確認する"
"High","請求月不一致","ContractLineItem__c","a03RB00001NswsAYAR","株式会社レーベントラスト_2025/10","関連請求の請求月が月次明細から2か月以上離れている","Monthly=2025/10, Billing=2026-07-20, Invoice=a00RB00002Am2BsYAJ","一括付替え等の誤紐付けを確認する"
"High","請求月不一致","ContractLineItem__c","a03RB00001NswsBYAR","株式会社レーベントラスト_2025/11","関連請求の請求月が月次明細から2か月以上離れている","Monthly=2025/11, Billing=2026-07-20, Invoice=a00RB00002Am2BsYAJ","一括付替え等の誤紐付けを確認する"
"High","請求月不一致","ContractLineItem__c","a03RB00001NswsCYAR","株式会社レーベントラスト_2025/12","関連請求の請求月が月次明細から2か月以上離れている","Monthly=2025/12, Billing=2026-07-20, Invoice=a00RB00002Am2BsYAJ","一括付替え等の誤紐付けを確認する"
"High","請求月不一致","ContractLineItem__c","a03RB00001NswsDYAR","株式会社レーベントラスト_2026/01","関連請求の請求月が月次明細から2か月以上離れている","Monthly=2026/01, Billing=2026-07-20, Invoice=a00RB00002Am2BsYAJ","一括付替え等の誤紐付けを確認する"
"High","請求月不一致","ContractLineItem__c","a03RB00001NswsEYAR","株式会社レーベントラスト_2026/02","関連請求の請求月が月次明細から2か月以上離れている","Monthly=2026/02, Billing=2026-07-20, Invoice=a00RB00002Am2BsYAJ","一括付替え等の誤紐付けを確認する"
"High","請求月不一致","ContractLineItem__c","a03RB00001NswsFYAR","株式会社レーベントラスト_2026/03","関連請求の請求月が月次明細から2か月以上離れている","Monthly=2026/03, Billing=2026-07-20, Invoice=a00RB00002Am2BsYAJ","一括付替え等の誤紐付けを確認する"
"High","請求月不一致","ContractLineItem__c","a03RB00001NswsGYAR","株式会社レーベントラスト_2026/04","関連請求の請求月が月次明細から2か月以上離れている","Monthly=2026/04, Billing=2026-07-20, Invoice=a00RB00002Am2BsYAJ","一括付替え等の誤紐付けを確認する"
"High","請求月不一致","ContractLineItem__c","a03RB00001NswsHYAR","株式会社レーベントラスト_2026/05","関連請求の請求月が月次明細から2か月以上離れている","Monthly=2026/05, Billing=2026-07-20, Invoice=a00RB00002Am2BsYAJ","一括付替え等の誤紐付けを確認する"
"High","請求月不一致","ContractLineItem__c","a03RB00001Nswk6YAB","株式会社安井建築設計事務所_2026/04","関連請求の請求月が月次明細から2か月以上離れている","Monthly=2026/04, Billing=2026-07-20, Invoice=a00RB00002Am2BcYAJ","一括付替え等の誤紐付けを確認する"
"High","請求月不一致","ContractLineItem__c","a03RB00001Nswk7YAB","株式会社安井建築設計事務所_2026/05","関連請求の請求月が月次明細から2か月以上離れている","Monthly=2026/05, Billing=2026-07-20, Invoice=a00RB00002Am2BcYAJ","一括付替え等の誤紐付けを確認する"
"High","請求月不一致","ContractLineItem__c","a03RB00001NswjAYAR","株式会社紀伊國屋書店_2026/04","関連請求の請求月が月次明細から2か月以上離れている","Monthly=2026/04, Billing=2026-07-20, Invoice=a00RB00002Am2BbYAJ","一括付替え等の誤紐付けを確認する"
"High","請求月不一致","ContractLineItem__c","a03RB00001NswjBYAR","株式会社紀伊國屋書店_2026/05","関連請求の請求月が月次明細から2か月以上離れている","Monthly=2026/05, Billing=2026-07-20, Invoice=a00RB00002Am2BbYAJ","一括付替え等の誤紐付けを確認する"
"High","請求月不一致","ContractLineItem__c","a03RB00001NswsYYAR","株式会社建新_2026/02","関連請求の請求月が月次明細から2か月以上離れている","Monthly=2026/02, Billing=2026-07-20, Invoice=a00RB00002AyE6KYAV","一括付替え等の誤紐付けを確認する"
"High","請求月不一致","ContractLineItem__c","a03RB00001NswsZYAR","株式会社建新_2026/03","関連請求の請求月が月次明細から2か月以上離れている","Monthly=2026/03, Billing=2026-07-20, Invoice=a00RB00002AyE6KYAV","一括付替え等の誤紐付けを確認する"
"High","請求月不一致","ContractLineItem__c","a03RB00001NswsaYAB","株式会社建新_2026/04","関連請求の請求月が月次明細から2か月以上離れている","Monthly=2026/04, Billing=2026-07-20, Invoice=a00RB00002AyE6KYAV","一括付替え等の誤紐付けを確認する"
"High","請求月不一致","ContractLineItem__c","a03RB00001NswsbYAB","株式会社建新_2026/05","関連請求の請求月が月次明細から2か月以上離れている","Monthly=2026/05, Billing=2026-07-20, Invoice=a00RB00002AyE6KYAV","一括付替え等の誤紐付けを確認する"
"High","請求月不一致","ContractLineItem__c","a03RB00001NswpTYAR","株式会社香川不動産買取センター_2025/03","関連請求の請求月が月次明細から2か月以上離れている","Monthly=2025/03, Billing=2026-06-20, Invoice=a00RB000027fzNlYAI","一括付替え等の誤紐付けを確認する"
"High","請求月不一致","ContractLineItem__c","a03RB00001NswpUYAR","株式会社香川不動産買取センター_2025/04","関連請求の請求月が月次明細から2か月以上離れている","Monthly=2025/04, Billing=2026-06-20, Invoice=a00RB000027fzNlYAI","一括付替え等の誤紐付けを確認する"
"High","請求月不一致","ContractLineItem__c","a03RB00001NswpVYAR","株式会社香川不動産買取センター_2025/05","関連請求の請求月が月次明細から2か月以上離れている","Monthly=2025/05, Billing=2026-06-20, Invoice=a00RB000027fzNlYAI","一括付替え等の誤紐付けを確認する"
"High","請求月不一致","ContractLineItem__c","a03RB00001NswpWYAR","株式会社香川不動産買取センター_2025/06","関連請求の請求月が月次明細から2か月以上離れている","Monthly=2025/06, Billing=2026-06-20, Invoice=a00RB000027fzNlYAI","一括付替え等の誤紐付けを確認する"
"High","請求月不一致","ContractLineItem__c","a03RB00001NswpXYAR","株式会社香川不動産買取センター_2025/07","関連請求の請求月が月次明細から2か月以上離れている","Monthly=2025/07, Billing=2026-06-20, Invoice=a00RB000027fzNlYAI","一括付替え等の誤紐付けを確認する"
"High","請求月不一致","ContractLineItem__c","a03RB00001NswpYYAR","株式会社香川不動産買取センター_2025/08","関連請求の請求月が月次明細から2か月以上離れている","Monthly=2025/08, Billing=2026-06-20, Invoice=a00RB000027fzNlYAI","一括付替え等の誤紐付けを確認する"
"High","請求月不一致","ContractLineItem__c","a03RB00001NswpZYAR","株式会社香川不動産買取センター_2025/09","関連請求の請求月が月次明細から2か月以上離れている","Monthly=2025/09, Billing=2026-06-20, Invoice=a00RB000027fzNlYAI","一括付替え等の誤紐付けを確認する"
"High","請求月不一致","ContractLineItem__c","a03RB00001NswpaYAB","株式会社香川不動産買取センター_2025/10","関連請求の請求月が月次明細から2か月以上離れている","Monthly=2025/10, Billing=2026-06-20, Invoice=a00RB000027fzNlYAI","一括付替え等の誤紐付けを確認する"
"High","請求月不一致","ContractLineItem__c","a03RB00001NswpbYAB","株式会社香川不動産買取センター_2025/11","関連請求の請求月が月次明細から2か月以上離れている","Monthly=2025/11, Billing=2026-06-20, Invoice=a00RB000027fzNlYAI","一括付替え等の誤紐付けを確認する"
"High","請求月不一致","ContractLineItem__c","a03RB00001NswpcYAB","株式会社香川不動産買取センター_2025/12","関連請求の請求月が月次明細から2か月以上離れている","Monthly=2025/12, Billing=2026-06-20, Invoice=a00RB000027fzNlYAI","一括付替え等の誤紐付けを確認する"
"High","請求月不一致","ContractLineItem__c","a03RB00001NswpdYAB","株式会社香川不動産買取センター_2026/01","関連請求の請求月が月次明細から2か月以上離れている","Monthly=2026/01, Billing=2026-06-20, Invoice=a00RB000027fzNlYAI","一括付替え等の誤紐付けを確認する"
"High","請求月不一致","ContractLineItem__c","a03RB00001NswpeYAB","株式会社香川不動産買取センター_2026/02","関連請求の請求月が月次明細から2か月以上離れている","Monthly=2026/02, Billing=2026-06-20, Invoice=a00RB000027fzNlYAI","一括付替え等の誤紐付けを確認する"
"High","請求月不一致","ContractLineItem__c","a03RB00001NswpfYAB","株式会社香川不動産買取センター_2026/03","関連請求の請求月が月次明細から2か月以上離れている","Monthly=2026/03, Billing=2026-06-20, Invoice=a00RB000027fzNlYAI","一括付替え等の誤紐付けを確認する"
"High","請求月不一致","ContractLineItem__c","a03RB00001NswpgYAB","株式会社香川不動産買取センター_2026/04","関連請求の請求月が月次明細から2か月以上離れている","Monthly=2026/04, Billing=2026-06-20, Invoice=a00RB000027fzNlYAI","一括付替え等の誤紐付けを確認する"
"High","請求月不一致","ContractLineItem__c","a03RB00001NswgdYAB","株式会社三越伊勢丹プロパティデザイン_2026/01","関連請求の請求月が月次明細から2か月以上離れている","Monthly=2026/01, Billing=2026-06-20, Invoice=a00RB000024Vf29YAC","一括付替え等の誤紐付けを確認する"
"High","請求月不一致","ContractLineItem__c","a03RB00001NswgeYAB","株式会社三越伊勢丹プロパティデザイン_2026/02","関連請求の請求月が月次明細から2か月以上離れている","Monthly=2026/02, Billing=2026-06-20, Invoice=a00RB000024Vf29YAC","一括付替え等の誤紐付けを確認する"
"High","請求月不一致","ContractLineItem__c","a03RB00001NswgfYAB","株式会社三越伊勢丹プロパティデザイン_2026/03","関連請求の請求月が月次明細から2か月以上離れている","Monthly=2026/03, Billing=2026-06-20, Invoice=a00RB000024Vf29YAC","一括付替え等の誤紐付けを確認する"
"High","請求月不一致","ContractLineItem__c","a03RB00001NswggYAB","株式会社三越伊勢丹プロパティデザイン_2026/04","関連請求の請求月が月次明細から2か月以上離れている","Monthly=2026/04, Billing=2026-06-20, Invoice=a00RB000024Vf29YAC","一括付替え等の誤紐付けを確認する"
"High","請求月不一致","ContractLineItem__c","a03RB00001RcACIYA3","株式会社乃村工藝社  カルチャー・コミュニケーション推進本部_2026/07","関連請求の請求月が月次明細から2か月以上離れている","Monthly=2026/07, Billing=2026-05-18, Invoice=a00RB00002Am2BAYAZ","一括付替え等の誤紐付けを確認する"
"High","請求月不一致","ContractLineItem__c","a03RB00001Nswp1YAB","株式会社博進コスモプラザ_2025/02","関連請求の請求月が月次明細から2か月以上離れている","Monthly=2025/02, Billing=2026-07-20, Invoice=a00RB00002AyetkYAB","一括付替え等の誤紐付けを確認する"
"High","請求月不一致","ContractLineItem__c","a03RB00001Nswp2YAB","株式会社博進コスモプラザ_2025/03","関連請求の請求月が月次明細から2か月以上離れている","Monthly=2025/03, Billing=2026-07-20, Invoice=a00RB00002AyetkYAB","一括付替え等の誤紐付けを確認する"
"High","請求月不一致","ContractLineItem__c","a03RB00001Nswp3YAB","株式会社博進コスモプラザ_2025/04","関連請求の請求月が月次明細から2か月以上離れている","Monthly=2025/04, Billing=2026-07-20, Invoice=a00RB00002AyetkYAB","一括付替え等の誤紐付けを確認する"
"High","請求月不一致","ContractLineItem__c","a03RB00001Nswp4YAB","株式会社博進コスモプラザ_2025/05","関連請求の請求月が月次明細から2か月以上離れている","Monthly=2025/05, Billing=2026-07-20, Invoice=a00RB00002AyetkYAB","一括付替え等の誤紐付けを確認する"
"High","請求月不一致","ContractLineItem__c","a03RB00001Nswp5YAB","株式会社博進コスモプラザ_2025/06","関連請求の請求月が月次明細から2か月以上離れている","Monthly=2025/06, Billing=2026-07-20, Invoice=a00RB00002AyetkYAB","一括付替え等の誤紐付けを確認する"
"High","請求月不一致","ContractLineItem__c","a03RB00001Nswp6YAB","株式会社博進コスモプラザ_2025/07","関連請求の請求月が月次明細から2か月以上離れている","Monthly=2025/07, Billing=2026-07-20, Invoice=a00RB00002AyetkYAB","一括付替え等の誤紐付けを確認する"
"High","請求月不一致","ContractLineItem__c","a03RB00001Nswp7YAB","株式会社博進コスモプラザ_2025/08","関連請求の請求月が月次明細から2か月以上離れている","Monthly=2025/08, Billing=2026-07-20, Invoice=a00RB00002AyetkYAB","一括付替え等の誤紐付けを確認する"
"High","請求月不一致","ContractLineItem__c","a03RB00001Nswp8YAB","株式会社博進コスモプラザ_2025/09","関連請求の請求月が月次明細から2か月以上離れている","Monthly=2025/09, Billing=2026-07-20, Invoice=a00RB00002AyetkYAB","一括付替え等の誤紐付けを確認する"
"High","請求月不一致","ContractLineItem__c","a03RB00001Nswp9YAB","株式会社博進コスモプラザ_2025/10","関連請求の請求月が月次明細から2か月以上離れている","Monthly=2025/10, Billing=2026-07-20, Invoice=a00RB00002AyetkYAB","一括付替え等の誤紐付けを確認する"
"High","請求月不一致","ContractLineItem__c","a03RB00001NswpAYAR","株式会社博進コスモプラザ_2025/11","関連請求の請求月が月次明細から2か月以上離れている","Monthly=2025/11, Billing=2026-07-20, Invoice=a00RB00002AyetkYAB","一括付替え等の誤紐付けを確認する"
"High","請求月不一致","ContractLineItem__c","a03RB00001NswpBYAR","株式会社博進コスモプラザ_2025/12","関連請求の請求月が月次明細から2か月以上離れている","Monthly=2025/12, Billing=2026-07-20, Invoice=a00RB00002AyetkYAB","一括付替え等の誤紐付けを確認する"
"High","請求月不一致","ContractLineItem__c","a03RB00001NswpCYAR","株式会社博進コスモプラザ_2026/01","関連請求の請求月が月次明細から2か月以上離れている","Monthly=2026/01, Billing=2026-07-20, Invoice=a00RB00002AyetkYAB","一括付替え等の誤紐付けを確認する"
"High","請求月不一致","ContractLineItem__c","a03RB00001NswpDYAR","株式会社博進コスモプラザ_2026/02","関連請求の請求月が月次明細から2か月以上離れている","Monthly=2026/02, Billing=2026-07-20, Invoice=a00RB00002AyetkYAB","一括付替え等の誤紐付けを確認する"
"High","請求月不一致","ContractLineItem__c","a03RB00001NswpEYAR","株式会社博進コスモプラザ_2026/03","関連請求の請求月が月次明細から2か月以上離れている","Monthly=2026/03, Billing=2026-07-20, Invoice=a00RB00002AyetkYAB","一括付替え等の誤紐付けを確認する"
"High","請求月不一致","ContractLineItem__c","a03RB00001NswpFYAR","株式会社博進コスモプラザ_2026/04","関連請求の請求月が月次明細から2か月以上離れている","Monthly=2026/04, Billing=2026-07-20, Invoice=a00RB00002AyetkYAB","一括付替え等の誤紐付けを確認する"
"High","請求月不一致","ContractLineItem__c","a03RB00001NswpGYAR","株式会社博進コスモプラザ_2026/05","関連請求の請求月が月次明細から2か月以上離れている","Monthly=2026/05, Billing=2026-07-20, Invoice=a00RB00002AyetkYAB","一括付替え等の誤紐付けを確認する"
"High","請求月不一致","ContractLineItem__c","a03RB00001NswmpYAB","株式会社穂積住宅_2024/12","関連請求の請求月が月次明細から2か月以上離れている","Monthly=2024/12, Billing=2026-06-20, Invoice=a00RB000027fzNnYAI","一括付替え等の誤紐付けを確認する"
"High","請求月不一致","ContractLineItem__c","a03RB00001NswmqYAB","株式会社穂積住宅_2025/01","関連請求の請求月が月次明細から2か月以上離れている","Monthly=2025/01, Billing=2026-06-20, Invoice=a00RB000027fzNnYAI","一括付替え等の誤紐付けを確認する"
"High","請求月不一致","ContractLineItem__c","a03RB00001NswmrYAB","株式会社穂積住宅_2025/02","関連請求の請求月が月次明細から2か月以上離れている","Monthly=2025/02, Billing=2026-06-20, Invoice=a00RB000027fzNnYAI","一括付替え等の誤紐付けを確認する"
"High","請求月不一致","ContractLineItem__c","a03RB00001NswmsYAB","株式会社穂積住宅_2025/03","関連請求の請求月が月次明細から2か月以上離れている","Monthly=2025/03, Billing=2026-06-20, Invoice=a00RB000027fzNnYAI","一括付替え等の誤紐付けを確認する"
"High","請求月不一致","ContractLineItem__c","a03RB00001NswmtYAB","株式会社穂積住宅_2025/04","関連請求の請求月が月次明細から2か月以上離れている","Monthly=2025/04, Billing=2026-06-20, Invoice=a00RB000027fzNnYAI","一括付替え等の誤紐付けを確認する"
"High","請求月不一致","ContractLineItem__c","a03RB00001NswmuYAB","株式会社穂積住宅_2025/05","関連請求の請求月が月次明細から2か月以上離れている","Monthly=2025/05, Billing=2026-06-20, Invoice=a00RB000027fzNnYAI","一括付替え等の誤紐付けを確認する"
"High","請求月不一致","ContractLineItem__c","a03RB00001NswmvYAB","株式会社穂積住宅_2025/06","関連請求の請求月が月次明細から2か月以上離れている","Monthly=2025/06, Billing=2026-06-20, Invoice=a00RB000027fzNnYAI","一括付替え等の誤紐付けを確認する"
"High","請求月不一致","ContractLineItem__c","a03RB00001NswmwYAB","株式会社穂積住宅_2025/07","関連請求の請求月が月次明細から2か月以上離れている","Monthly=2025/07, Billing=2026-06-20, Invoice=a00RB000027fzNnYAI","一括付替え等の誤紐付けを確認する"
"High","請求月不一致","ContractLineItem__c","a03RB00001NswmxYAB","株式会社穂積住宅_2025/08","関連請求の請求月が月次明細から2か月以上離れている","Monthly=2025/08, Billing=2026-06-20, Invoice=a00RB000027fzNnYAI","一括付替え等の誤紐付けを確認する"
"High","請求月不一致","ContractLineItem__c","a03RB00001NswmyYAB","株式会社穂積住宅_2025/09","関連請求の請求月が月次明細から2か月以上離れている","Monthly=2025/09, Billing=2026-06-20, Invoice=a00RB000027fzNnYAI","一括付替え等の誤紐付けを確認する"
"High","請求月不一致","ContractLineItem__c","a03RB00001NswmzYAB","株式会社穂積住宅_2025/10","関連請求の請求月が月次明細から2か月以上離れている","Monthly=2025/10, Billing=2026-06-20, Invoice=a00RB000027fzNnYAI","一括付替え等の誤紐付けを確認する"
"High","請求月不一致","ContractLineItem__c","a03RB00001Nswn0YAB","株式会社穂積住宅_2025/11","関連請求の請求月が月次明細から2か月以上離れている","Monthly=2025/11, Billing=2026-06-20, Invoice=a00RB000027fzNnYAI","一括付替え等の誤紐付けを確認する"
"High","請求月不一致","ContractLineItem__c","a03RB00001Nswn1YAB","株式会社穂積住宅_2025/12","関連請求の請求月が月次明細から2か月以上離れている","Monthly=2025/12, Billing=2026-06-20, Invoice=a00RB000027fzNnYAI","一括付替え等の誤紐付けを確認する"
"High","請求月不一致","ContractLineItem__c","a03RB00001Nswn2YAB","株式会社穂積住宅_2026/01","関連請求の請求月が月次明細から2か月以上離れている","Monthly=2026/01, Billing=2026-06-20, Invoice=a00RB000027fzNnYAI","一括付替え等の誤紐付けを確認する"
"High","請求月不一致","ContractLineItem__c","a03RB00001Nswn3YAB","株式会社穂積住宅_2026/02","関連請求の請求月が月次明細から2か月以上離れている","Monthly=2026/02, Billing=2026-06-20, Invoice=a00RB000027fzNnYAI","一括付替え等の誤紐付けを確認する"
"High","請求月不一致","ContractLineItem__c","a03RB00001Nswn4YAB","株式会社穂積住宅_2026/03","関連請求の請求月が月次明細から2か月以上離れている","Monthly=2026/03, Billing=2026-06-20, Invoice=a00RB000027fzNnYAI","一括付替え等の誤紐付けを確認する"
"High","請求月不一致","ContractLineItem__c","a03RB00001Nswn5YAB","株式会社穂積住宅_2026/04","関連請求の請求月が月次明細から2か月以上離れている","Monthly=2026/04, Billing=2026-06-20, Invoice=a00RB000027fzNnYAI","一括付替え等の誤紐付けを確認する"
"High","請求月不一致","ContractLineItem__c","a03RB00001NswscYAB","株式会社夢のおてつだい_2026/02","関連請求の請求月が月次明細から2か月以上離れている","Monthly=2026/02, Billing=2026-07-20, Invoice=a00RB00002Am2BSYAZ","一括付替え等の誤紐付けを確認する"
"High","請求月不一致","ContractLineItem__c","a03RB00001NswsdYAB","株式会社夢のおてつだい_2026/03","関連請求の請求月が月次明細から2か月以上離れている","Monthly=2026/03, Billing=2026-07-20, Invoice=a00RB00002Am2BSYAZ","一括付替え等の誤紐付けを確認する"
"High","請求月不一致","ContractLineItem__c","a03RB00001NswseYAB","株式会社夢のおてつだい_2026/04","関連請求の請求月が月次明細から2か月以上離れている","Monthly=2026/04, Billing=2026-07-20, Invoice=a00RB00002Am2BSYAZ","一括付替え等の誤紐付けを確認する"
"High","請求月不一致","ContractLineItem__c","a03RB00001NswsfYAB","株式会社夢のおてつだい_2026/05","関連請求の請求月が月次明細から2か月以上離れている","Monthly=2026/05, Billing=2026-07-20, Invoice=a00RB00002Am2BSYAZ","一括付替え等の誤紐付けを確認する"
"High","請求月不一致","ContractLineItem__c","a03RB00001Nswi1YAB","株式会社錢高組_2026/02","関連請求の請求月が月次明細から2か月以上離れている","Monthly=2026/02, Billing=2026-06-20, Invoice=a00RB000024Vf2DYAS","一括付替え等の誤紐付けを確認する"
"High","請求月不一致","ContractLineItem__c","a03RB00001Nswi2YAB","株式会社錢高組_2026/03","関連請求の請求月が月次明細から2か月以上離れている","Monthly=2026/03, Billing=2026-06-20, Invoice=a00RB000024Vf2DYAS","一括付替え等の誤紐付けを確認する"
"High","請求月不一致","ContractLineItem__c","a03RB00001Nswi3YAB","株式会社錢高組_2026/04","関連請求の請求月が月次明細から2か月以上離れている","Monthly=2026/04, Billing=2026-06-20, Invoice=a00RB000024Vf2DYAS","一括付替え等の誤紐付けを確認する"
"High","請求月不一致","ContractLineItem__c","a03RB00001NswbJYAR","吉村紳 一級建築士事務所_2025/04","関連請求の請求月が月次明細から2か月以上離れている","Monthly=2025/04, Billing=2026-07-20, Invoice=a00RB00002Am2BkYAJ","一括付替え等の誤紐付けを確認する"
"High","請求月不一致","ContractLineItem__c","a03RB00001NswbKYAR","吉村紳 一級建築士事務所_2025/05","関連請求の請求月が月次明細から2か月以上離れている","Monthly=2025/05, Billing=2026-07-20, Invoice=a00RB00002Am2BkYAJ","一括付替え等の誤紐付けを確認する"
"High","請求月不一致","ContractLineItem__c","a03RB00001NswbLYAR","吉村紳 一級建築士事務所_2025/06","関連請求の請求月が月次明細から2か月以上離れている","Monthly=2025/06, Billing=2026-07-20, Invoice=a00RB00002Am2BkYAJ","一括付替え等の誤紐付けを確認する"
"High","請求月不一致","ContractLineItem__c","a03RB00001NswbMYAR","吉村紳 一級建築士事務所_2025/07","関連請求の請求月が月次明細から2か月以上離れている","Monthly=2025/07, Billing=2026-07-20, Invoice=a00RB00002Am2BkYAJ","一括付替え等の誤紐付けを確認する"
"High","請求月不一致","ContractLineItem__c","a03RB00001NswbNYAR","吉村紳 一級建築士事務所_2025/08","関連請求の請求月が月次明細から2か月以上離れている","Monthly=2025/08, Billing=2026-07-20, Invoice=a00RB00002Am2BkYAJ","一括付替え等の誤紐付けを確認する"
"High","請求月不一致","ContractLineItem__c","a03RB00001NswbOYAR","吉村紳 一級建築士事務所_2025/09","関連請求の請求月が月次明細から2か月以上離れている","Monthly=2025/09, Billing=2026-07-20, Invoice=a00RB00002Am2BkYAJ","一括付替え等の誤紐付けを確認する"
"High","請求月不一致","ContractLineItem__c","a03RB00001NswbPYAR","吉村紳 一級建築士事務所_2025/10","関連請求の請求月が月次明細から2か月以上離れている","Monthly=2025/10, Billing=2026-07-20, Invoice=a00RB00002Am2BkYAJ","一括付替え等の誤紐付けを確認する"
"High","請求月不一致","ContractLineItem__c","a03RB00001NswbQYAR","吉村紳 一級建築士事務所_2025/11","関連請求の請求月が月次明細から2か月以上離れている","Monthly=2025/11, Billing=2026-07-20, Invoice=a00RB00002Am2BkYAJ","一括付替え等の誤紐付けを確認する"
"High","請求月不一致","ContractLineItem__c","a03RB00001NswbRYAR","吉村紳 一級建築士事務所_2025/12","関連請求の請求月が月次明細から2か月以上離れている","Monthly=2025/12, Billing=2026-07-20, Invoice=a00RB00002Am2BkYAJ","一括付替え等の誤紐付けを確認する"
"High","請求月不一致","ContractLineItem__c","a03RB00001NswbSYAR","吉村紳 一級建築士事務所_2026/01","関連請求の請求月が月次明細から2か月以上離れている","Monthly=2026/01, Billing=2026-07-20, Invoice=a00RB00002Am2BkYAJ","一括付替え等の誤紐付けを確認する"
"High","請求月不一致","ContractLineItem__c","a03RB00001NswbTYAR","吉村紳 一級建築士事務所_2026/02","関連請求の請求月が月次明細から2か月以上離れている","Monthly=2026/02, Billing=2026-07-20, Invoice=a00RB00002Am2BkYAJ","一括付替え等の誤紐付けを確認する"
"High","請求月不一致","ContractLineItem__c","a03RB00001NswbUYAR","吉村紳 一級建築士事務所_2026/03","関連請求の請求月が月次明細から2か月以上離れている","Monthly=2026/03, Billing=2026-07-20, Invoice=a00RB00002Am2BkYAJ","一括付替え等の誤紐付けを確認する"
"High","請求月不一致","ContractLineItem__c","a03RB00001NswbVYAR","吉村紳 一級建築士事務所_2026/04","関連請求の請求月が月次明細から2か月以上離れている","Monthly=2026/04, Billing=2026-07-20, Invoice=a00RB00002Am2BkYAJ","一括付替え等の誤紐付けを確認する"
"High","請求月不一致","ContractLineItem__c","a03RB00001NswbWYAR","吉村紳 一級建築士事務所_2026/05","関連請求の請求月が月次明細から2か月以上離れている","Monthly=2026/05, Billing=2026-07-20, Invoice=a00RB00002Am2BkYAJ","一括付替え等の誤紐付けを確認する"
"High","請求月不一致","ContractLineItem__c","a03RB00001NswZmYAJ","戸田建設(設計部:月額)_2025/02","関連請求の請求月が月次明細から2か月以上離れている","Monthly=2025/02, Billing=2026-07-20, Invoice=a00RB00002Am2BqYAJ","一括付替え等の誤紐付けを確認する"
"High","請求月不一致","ContractLineItem__c","a03RB00001NswZnYAJ","戸田建設(設計部:月額)_2025/03","関連請求の請求月が月次明細から2か月以上離れている","Monthly=2025/03, Billing=2026-07-20, Invoice=a00RB00002Am2BqYAJ","一括付替え等の誤紐付けを確認する"
"High","請求月不一致","ContractLineItem__c","a03RB00001NswZoYAJ","戸田建設(設計部:月額)_2025/04","関連請求の請求月が月次明細から2か月以上離れている","Monthly=2025/04, Billing=2026-07-20, Invoice=a00RB00002Am2BqYAJ","一括付替え等の誤紐付けを確認する"
"High","請求月不一致","ContractLineItem__c","a03RB00001NswZpYAJ","戸田建設(設計部:月額)_2025/05","関連請求の請求月が月次明細から2か月以上離れている","Monthly=2025/05, Billing=2026-07-20, Invoice=a00RB00002Am2BqYAJ","一括付替え等の誤紐付けを確認する"
"High","請求月不一致","ContractLineItem__c","a03RB00001NswZqYAJ","戸田建設(設計部:月額)_2025/06","関連請求の請求月が月次明細から2か月以上離れている","Monthly=2025/06, Billing=2026-07-20, Invoice=a00RB00002Am2BqYAJ","一括付替え等の誤紐付けを確認する"
"High","請求月不一致","ContractLineItem__c","a03RB00001NswZrYAJ","戸田建設(設計部:月額)_2025/07","関連請求の請求月が月次明細から2か月以上離れている","Monthly=2025/07, Billing=2026-07-20, Invoice=a00RB00002Am2BqYAJ","一括付替え等の誤紐付けを確認する"
"High","請求月不一致","ContractLineItem__c","a03RB00001NswZsYAJ","戸田建設(設計部:月額)_2025/08","関連請求の請求月が月次明細から2か月以上離れている","Monthly=2025/08, Billing=2026-07-20, Invoice=a00RB00002Am2BqYAJ","一括付替え等の誤紐付けを確認する"
"High","請求月不一致","ContractLineItem__c","a03RB00001NswZtYAJ","戸田建設(設計部:月額)_2025/09","関連請求の請求月が月次明細から2か月以上離れている","Monthly=2025/09, Billing=2026-07-20, Invoice=a00RB00002Am2BqYAJ","一括付替え等の誤紐付けを確認する"
"High","請求月不一致","ContractLineItem__c","a03RB00001NswZuYAJ","戸田建設(設計部:月額)_2025/10","関連請求の請求月が月次明細から2か月以上離れている","Monthly=2025/10, Billing=2026-07-20, Invoice=a00RB00002Am2BqYAJ","一括付替え等の誤紐付けを確認する"
"High","請求月不一致","ContractLineItem__c","a03RB00001NswZvYAJ","戸田建設(設計部:月額)_2025/11","関連請求の請求月が月次明細から2か月以上離れている","Monthly=2025/11, Billing=2026-07-20, Invoice=a00RB00002Am2BqYAJ","一括付替え等の誤紐付けを確認する"
"High","請求月不一致","ContractLineItem__c","a03RB00001NswZwYAJ","戸田建設(設計部:月額)_2025/12","関連請求の請求月が月次明細から2か月以上離れている","Monthly=2025/12, Billing=2026-07-20, Invoice=a00RB00002Am2BqYAJ","一括付替え等の誤紐付けを確認する"
"High","請求月不一致","ContractLineItem__c","a03RB00001NswZxYAJ","戸田建設(設計部:月額)_2026/01","関連請求の請求月が月次明細から2か月以上離れている","Monthly=2026/01, Billing=2026-07-20, Invoice=a00RB00002Am2BqYAJ","一括付替え等の誤紐付けを確認する"
"High","請求月不一致","ContractLineItem__c","a03RB00001NswZyYAJ","戸田建設(設計部:月額)_2026/02","関連請求の請求月が月次明細から2か月以上離れている","Monthly=2026/02, Billing=2026-07-20, Invoice=a00RB00002Am2BqYAJ","一括付替え等の誤紐付けを確認する"
"High","請求月不一致","ContractLineItem__c","a03RB00001NswZzYAJ","戸田建設(設計部:月額)_2026/03","関連請求の請求月が月次明細から2か月以上離れている","Monthly=2026/03, Billing=2026-07-20, Invoice=a00RB00002Am2BqYAJ","一括付替え等の誤紐付けを確認する"
"High","請求月不一致","ContractLineItem__c","a03RB00001Nswa0YAB","戸田建設(設計部:月額)_2026/04","関連請求の請求月が月次明細から2か月以上離れている","Monthly=2026/04, Billing=2026-07-20, Invoice=a00RB00002Am2BqYAJ","一括付替え等の誤紐付けを確認する"
"High","請求月不一致","ContractLineItem__c","a03RB00001Nswa1YAB","戸田建設(設計部:月額)_2026/05","関連請求の請求月が月次明細から2か月以上離れている","Monthly=2026/05, Billing=2026-07-20, Invoice=a00RB00002Am2BqYAJ","一括付替え等の誤紐付けを確認する"
"High","請求月不一致","ContractLineItem__c","a03RB00001NswjOYAR","三井住友建設株式会社_2026/03","関連請求の請求月が月次明細から2か月以上離れている","Monthly=2026/03, Billing=2026-07-20, Invoice=a00RB00002Am2BVYAZ","一括付替え等の誤紐付けを確認する"
"High","請求月不一致","ContractLineItem__c","a03RB00001NswjPYAR","三井住友建設株式会社_2026/04","関連請求の請求月が月次明細から2か月以上離れている","Monthly=2026/04, Billing=2026-07-20, Invoice=a00RB00002Am2BVYAZ","一括付替え等の誤紐付けを確認する"
"High","請求月不一致","ContractLineItem__c","a03RB00001NswjQYAR","三井住友建設株式会社_2026/05","関連請求の請求月が月次明細から2か月以上離れている","Monthly=2026/05, Billing=2026-07-20, Invoice=a00RB00002Am2BVYAZ","一括付替え等の誤紐付けを確認する"
"High","請求月不一致","ContractLineItem__c","a03RB00001NsweiYAB","三井不動産レジデンシャルリース株式会社(ソリューション推進部)_2025/09","関連請求の請求月が月次明細から2か月以上離れている","Monthly=2025/09, Billing=2026-06-20, Invoice=a00RB000024Vf27YAC","一括付替え等の誤紐付けを確認する"
"High","請求月不一致","ContractLineItem__c","a03RB00001NswejYAB","三井不動産レジデンシャルリース株式会社(ソリューション推進部)_2025/10","関連請求の請求月が月次明細から2か月以上離れている","Monthly=2025/10, Billing=2026-06-20, Invoice=a00RB000024Vf27YAC","一括付替え等の誤紐付けを確認する"
"High","請求月不一致","ContractLineItem__c","a03RB00001NswekYAB","三井不動産レジデンシャルリース株式会社(ソリューション推進部)_2025/11","関連請求の請求月が月次明細から2か月以上離れている","Monthly=2025/11, Billing=2026-06-20, Invoice=a00RB000024Vf27YAC","一括付替え等の誤紐付けを確認する"
"High","請求月不一致","ContractLineItem__c","a03RB00001NswelYAB","三井不動産レジデンシャルリース株式会社(ソリューション推進部)_2025/12","関連請求の請求月が月次明細から2か月以上離れている","Monthly=2025/12, Billing=2026-06-20, Invoice=a00RB000024Vf27YAC","一括付替え等の誤紐付けを確認する"
"High","請求月不一致","ContractLineItem__c","a03RB00001NswemYAB","三井不動産レジデンシャルリース株式会社(ソリューション推進部)_2026/01","関連請求の請求月が月次明細から2か月以上離れている","Monthly=2026/01, Billing=2026-06-20, Invoice=a00RB000024Vf27YAC","一括付替え等の誤紐付けを確認する"
"High","請求月不一致","ContractLineItem__c","a03RB00001NswenYAB","三井不動産レジデンシャルリース株式会社(ソリューション推進部)_2026/02","関連請求の請求月が月次明細から2か月以上離れている","Monthly=2026/02, Billing=2026-06-20, Invoice=a00RB000024Vf27YAC","一括付替え等の誤紐付けを確認する"
"High","請求月不一致","ContractLineItem__c","a03RB00001NsweoYAB","三井不動産レジデンシャルリース株式会社(ソリューション推進部)_2026/03","関連請求の請求月が月次明細から2か月以上離れている","Monthly=2026/03, Billing=2026-06-20, Invoice=a00RB000024Vf27YAC","一括付替え等の誤紐付けを確認する"
"High","請求月不一致","ContractLineItem__c","a03RB00001NswepYAB","三井不動産レジデンシャルリース株式会社(ソリューション推進部)_2026/04","関連請求の請求月が月次明細から2か月以上離れている","Monthly=2026/04, Billing=2026-06-20, Invoice=a00RB000024Vf27YAC","一括付替え等の誤紐付けを確認する"
"High","請求月不一致","ContractLineItem__c","a03RB00001Nswh5YAB","三菱地所レジデンス株式会社_2026/01","関連請求の請求月が月次明細から2か月以上離れている","Monthly=2026/01, Billing=2026-07-20, Invoice=a00RB00002B4i4HYAR","一括付替え等の誤紐付けを確認する"
"High","請求月不一致","ContractLineItem__c","a03RB00001Nswh6YAB","三菱地所レジデンス株式会社_2026/02","関連請求の請求月が月次明細から2か月以上離れている","Monthly=2026/02, Billing=2026-07-20, Invoice=a00RB00002B4i4HYAR","一括付替え等の誤紐付けを確認する"
"High","請求月不一致","ContractLineItem__c","a03RB00001Nswh7YAB","三菱地所レジデンス株式会社_2026/03","関連請求の請求月が月次明細から2か月以上離れている","Monthly=2026/03, Billing=2026-07-20, Invoice=a00RB00002B4i4HYAR","一括付替え等の誤紐付けを確認する"
"High","請求月不一致","ContractLineItem__c","a03RB00001Nswh8YAB","三菱地所レジデンス株式会社_2026/04","関連請求の請求月が月次明細から2か月以上離れている","Monthly=2026/04, Billing=2026-07-20, Invoice=a00RB00002B4i4HYAR","一括付替え等の誤紐付けを確認する"
"High","請求月不一致","ContractLineItem__c","a03RB00001Nswh9YAB","三菱地所レジデンス株式会社_2026/05","関連請求の請求月が月次明細から2か月以上離れている","Monthly=2026/05, Billing=2026-07-20, Invoice=a00RB00002B4i4HYAR","一括付替え等の誤紐付けを確認する"
"High","請求月不一致","ContractLineItem__c","a03RB00001NswkBYAR","若築建設株式会社_2026/07","関連請求の請求月が月次明細から2か月以上離れている","Monthly=2026/07, Billing=2026-05-20, Invoice=a00RB00002B5oLGYAZ","一括付替え等の誤紐付けを確認する"
"High","請求月不一致","ContractLineItem__c","a03RB00001NswkCYAR","若築建設株式会社_2026/08","関連請求の請求月が月次明細から2か月以上離れている","Monthly=2026/08, Billing=2026-05-20, Invoice=a00RB00002B5oLGYAZ","一括付替え等の誤紐付けを確認する"
"High","請求月不一致","ContractLineItem__c","a03RB00001NswkDYAR","若築建設株式会社_2026/09","関連請求の請求月が月次明細から2か月以上離れている","Monthly=2026/09, Billing=2026-05-20, Invoice=a00RB00002B5oLGYAZ","一括付替え等の誤紐付けを確認する"
"High","請求月不一致","ContractLineItem__c","a03RB00001NswkEYAR","若築建設株式会社_2026/10","関連請求の請求月が月次明細から2か月以上離れている","Monthly=2026/10, Billing=2026-05-20, Invoice=a00RB00002B5oLGYAZ","一括付替え等の誤紐付けを確認する"
"High","請求月不一致","ContractLineItem__c","a03RB00001NswkFYAR","若築建設株式会社_2026/11","関連請求の請求月が月次明細から2か月以上離れている","Monthly=2026/11, Billing=2026-05-20, Invoice=a00RB00002B5oLGYAZ","一括付替え等の誤紐付けを確認する"
"High","請求月不一致","ContractLineItem__c","a03RB00001NswkGYAR","若築建設株式会社_2026/12","関連請求の請求月が月次明細から2か月以上離れている","Monthly=2026/12, Billing=2026-05-20, Invoice=a00RB00002B5oLGYAZ","一括付替え等の誤紐付けを確認する"
"High","請求月不一致","ContractLineItem__c","a03RB00001NswkHYAR","若築建設株式会社_2027/01","関連請求の請求月が月次明細から2か月以上離れている","Monthly=2027/01, Billing=2026-05-20, Invoice=a00RB00002B5oLGYAZ","一括付替え等の誤紐付けを確認する"
"High","請求月不一致","ContractLineItem__c","a03RB00001NswkIYAR","若築建設株式会社_2027/02","関連請求の請求月が月次明細から2か月以上離れている","Monthly=2027/02, Billing=2026-05-20, Invoice=a00RB00002B5oLGYAZ","一括付替え等の誤紐付けを確認する"
"High","請求月不一致","ContractLineItem__c","a03RB00001NswkJYAR","若築建設株式会社_2027/03","関連請求の請求月が月次明細から2か月以上離れている","Monthly=2027/03, Billing=2026-05-20, Invoice=a00RB00002B5oLGYAZ","一括付替え等の誤紐付けを確認する"
"High","請求月不一致","ContractLineItem__c","a03RB00001NswkKYAR","若築建設株式会社_2027/04","関連請求の請求月が月次明細から2か月以上離れている","Monthly=2027/04, Billing=2026-05-20, Invoice=a00RB00002B5oLGYAZ","一括付替え等の誤紐付けを確認する"
"High","請求月不一致","ContractLineItem__c","a03RB00001NswkLYAR","西日本旅客鉄道株式会社 ビジネスデザイン部 JCLaaS事業部_2026/05","関連請求の請求月が月次明細から2か月以上離れている","Monthly=2026/05, Billing=2026-07-20, Invoice=a00RB00002Am2BeYAJ","一括付替え等の誤紐付けを確認する"
"High","請求月不一致","ContractLineItem__c","a03RB00001NswWJYAZ","前田工務店_2024/10","関連請求の請求月が月次明細から2か月以上離れている","Monthly=2024/10, Billing=2026-03-20, Invoice=a00RB00002B5oLIYAZ","一括付替え等の誤紐付けを確認する"
"High","請求月不一致","ContractLineItem__c","a03RB00001NswWKYAZ","前田工務店_2024/11","関連請求の請求月が月次明細から2か月以上離れている","Monthly=2024/11, Billing=2026-03-20, Invoice=a00RB00002B5oLIYAZ","一括付替え等の誤紐付けを確認する"
"High","請求月不一致","ContractLineItem__c","a03RB00001NswWLYAZ","前田工務店_2024/12","関連請求の請求月が月次明細から2か月以上離れている","Monthly=2024/12, Billing=2026-03-20, Invoice=a00RB00002B5oLIYAZ","一括付替え等の誤紐付けを確認する"
"High","請求月不一致","ContractLineItem__c","a03RB00001NswWMYAZ","前田工務店_2025/01","関連請求の請求月が月次明細から2か月以上離れている","Monthly=2025/01, Billing=2026-03-20, Invoice=a00RB00002B5oLIYAZ","一括付替え等の誤紐付けを確認する"
"High","請求月不一致","ContractLineItem__c","a03RB00001NswWNYAZ","前田工務店_2025/02","関連請求の請求月が月次明細から2か月以上離れている","Monthly=2025/02, Billing=2026-03-20, Invoice=a00RB00002B5oLIYAZ","一括付替え等の誤紐付けを確認する"
"High","請求月不一致","ContractLineItem__c","a03RB00001NswWOYAZ","前田工務店_2025/03","関連請求の請求月が月次明細から2か月以上離れている","Monthly=2025/03, Billing=2026-03-20, Invoice=a00RB00002B5oLIYAZ","一括付替え等の誤紐付けを確認する"
"High","請求月不一致","ContractLineItem__c","a03RB00001NswWPYAZ","前田工務店_2025/04","関連請求の請求月が月次明細から2か月以上離れている","Monthly=2025/04, Billing=2026-03-20, Invoice=a00RB00002B5oLIYAZ","一括付替え等の誤紐付けを確認する"
"High","請求月不一致","ContractLineItem__c","a03RB00001NswWQYAZ","前田工務店_2025/05","関連請求の請求月が月次明細から2か月以上離れている","Monthly=2025/05, Billing=2026-03-20, Invoice=a00RB00002B5oLIYAZ","一括付替え等の誤紐付けを確認する"
"High","請求月不一致","ContractLineItem__c","a03RB00001NswWRYAZ","前田工務店_2025/06","関連請求の請求月が月次明細から2か月以上離れている","Monthly=2025/06, Billing=2026-03-20, Invoice=a00RB00002B5oLIYAZ","一括付替え等の誤紐付けを確認する"
"High","請求月不一致","ContractLineItem__c","a03RB00001NswWSYAZ","前田工務店_2025/07","関連請求の請求月が月次明細から2か月以上離れている","Monthly=2025/07, Billing=2026-03-20, Invoice=a00RB00002B5oLIYAZ","一括付替え等の誤紐付けを確認する"
"High","請求月不一致","ContractLineItem__c","a03RB00001NswWTYAZ","前田工務店_2025/08","関連請求の請求月が月次明細から2か月以上離れている","Monthly=2025/08, Billing=2026-03-20, Invoice=a00RB00002B5oLIYAZ","一括付替え等の誤紐付けを確認する"
"High","請求月不一致","ContractLineItem__c","a03RB00001NswWUYAZ","前田工務店_2025/09","関連請求の請求月が月次明細から2か月以上離れている","Monthly=2025/09, Billing=2026-03-20, Invoice=a00RB00002B5oLIYAZ","一括付替え等の誤紐付けを確認する"
"High","請求月不一致","ContractLineItem__c","a03RB00001NswWVYAZ","前田工務店_2025/10","関連請求の請求月が月次明細から2か月以上離れている","Monthly=2025/10, Billing=2026-03-20, Invoice=a00RB00002B5oLIYAZ","一括付替え等の誤紐付けを確認する"
"High","請求月不一致","ContractLineItem__c","a03RB00001NswWWYAZ","前田工務店_2025/11","関連請求の請求月が月次明細から2か月以上離れている","Monthly=2025/11, Billing=2026-03-20, Invoice=a00RB00002B5oLIYAZ","一括付替え等の誤紐付けを確認する"
"High","請求月不一致","ContractLineItem__c","a03RB00001NswWXYAZ","前田工務店_2025/12","関連請求の請求月が月次明細から2か月以上離れている","Monthly=2025/12, Billing=2026-03-20, Invoice=a00RB00002B5oLIYAZ","一括付替え等の誤紐付けを確認する"
"High","請求月不一致","ContractLineItem__c","a03RB00001NswWYYAZ","前田工務店_2026/01","関連請求の請求月が月次明細から2か月以上離れている","Monthly=2026/01, Billing=2026-03-20, Invoice=a00RB00002B5oLIYAZ","一括付替え等の誤紐付けを確認する"
"High","請求月不一致","ContractLineItem__c","a03RB00001RIREfYAP","前田工務店_2026/06","関連請求の請求月が月次明細から2か月以上離れている","Monthly=2026/06, Billing=2026-03-20, Invoice=a00RB00002B5oLIYAZ","一括付替え等の誤紐付けを確認する"
"High","請求月不一致","ContractLineItem__c","a03RB00001RcABFYA3","前田工務店_2026/07","関連請求の請求月が月次明細から2か月以上離れている","Monthly=2026/07, Billing=2026-03-20, Invoice=a00RB00002B5oLIYAZ","一括付替え等の誤紐付けを確認する"
"High","請求月不一致","ContractLineItem__c","a03RB00001NswgCYAR","大塚商会（大和財宅）_2025/09","関連請求の請求月が月次明細から2か月以上離れている","Monthly=2025/09, Billing=2026-07-20, Invoice=a00RB00002B5oLLYAZ","一括付替え等の誤紐付けを確認する"
"High","請求月不一致","ContractLineItem__c","a03RB00001NswgDYAR","大塚商会（大和財宅）_2025/10","関連請求の請求月が月次明細から2か月以上離れている","Monthly=2025/10, Billing=2026-07-20, Invoice=a00RB00002B5oLLYAZ","一括付替え等の誤紐付けを確認する"
"High","請求月不一致","ContractLineItem__c","a03RB00001NswgEYAR","大塚商会（大和財宅）_2025/11","関連請求の請求月が月次明細から2か月以上離れている","Monthly=2025/11, Billing=2026-07-20, Invoice=a00RB00002B5oLLYAZ","一括付替え等の誤紐付けを確認する"
"High","請求月不一致","ContractLineItem__c","a03RB00001NswgFYAR","大塚商会（大和財宅）_2025/12","関連請求の請求月が月次明細から2か月以上離れている","Monthly=2025/12, Billing=2026-07-20, Invoice=a00RB00002B5oLLYAZ","一括付替え等の誤紐付けを確認する"
"High","請求月不一致","ContractLineItem__c","a03RB00001NswgGYAR","大塚商会（大和財宅）_2026/01","関連請求の請求月が月次明細から2か月以上離れている","Monthly=2026/01, Billing=2026-07-20, Invoice=a00RB00002B5oLLYAZ","一括付替え等の誤紐付けを確認する"
"High","請求月不一致","ContractLineItem__c","a03RB00001NswgHYAR","大塚商会（大和財宅）_2026/02","関連請求の請求月が月次明細から2か月以上離れている","Monthly=2026/02, Billing=2026-07-20, Invoice=a00RB00002B5oLLYAZ","一括付替え等の誤紐付けを確認する"
"High","請求月不一致","ContractLineItem__c","a03RB00001NswgIYAR","大塚商会（大和財宅）_2026/03","関連請求の請求月が月次明細から2か月以上離れている","Monthly=2026/03, Billing=2026-07-20, Invoice=a00RB00002B5oLLYAZ","一括付替え等の誤紐付けを確認する"
"High","請求月不一致","ContractLineItem__c","a03RB00001NswgJYAR","大塚商会（大和財宅）_2026/04","関連請求の請求月が月次明細から2か月以上離れている","Monthly=2026/04, Billing=2026-07-20, Invoice=a00RB00002B5oLLYAZ","一括付替え等の誤紐付けを確認する"
"High","請求月不一致","ContractLineItem__c","a03RB00001NswgKYAR","大塚商会（大和財宅）_2026/05","関連請求の請求月が月次明細から2か月以上離れている","Monthly=2026/05, Billing=2026-07-20, Invoice=a00RB00002B5oLLYAZ","一括付替え等の誤紐付けを確認する"
"High","請求月不一致","ContractLineItem__c","a03RB00001NswV9YAJ","東急株式会社_2024/10","関連請求の請求月が月次明細から2か月以上離れている","Monthly=2024/10, Billing=2026-03-20, Invoice=a00RB00002Am2BKYAZ","一括付替え等の誤紐付けを確認する"
"High","請求月不一致","ContractLineItem__c","a03RB00001NswVAYAZ","東急株式会社_2024/11","関連請求の請求月が月次明細から2か月以上離れている","Monthly=2024/11, Billing=2026-03-20, Invoice=a00RB00002Am2BKYAZ","一括付替え等の誤紐付けを確認する"
"High","請求月不一致","ContractLineItem__c","a03RB00001NswVBYAZ","東急株式会社_2024/12","関連請求の請求月が月次明細から2か月以上離れている","Monthly=2024/12, Billing=2026-03-20, Invoice=a00RB00002Am2BKYAZ","一括付替え等の誤紐付けを確認する"
"High","請求月不一致","ContractLineItem__c","a03RB00001NswVCYAZ","東急株式会社_2025/01","関連請求の請求月が月次明細から2か月以上離れている","Monthly=2025/01, Billing=2026-03-20, Invoice=a00RB00002Am2BKYAZ","一括付替え等の誤紐付けを確認する"
"High","請求月不一致","ContractLineItem__c","a03RB00001NswVDYAZ","東急株式会社_2025/02","関連請求の請求月が月次明細から2か月以上離れている","Monthly=2025/02, Billing=2026-03-20, Invoice=a00RB00002Am2BKYAZ","一括付替え等の誤紐付けを確認する"
"High","請求月不一致","ContractLineItem__c","a03RB00001NswVEYAZ","東急株式会社_2025/03","関連請求の請求月が月次明細から2か月以上離れている","Monthly=2025/03, Billing=2026-03-20, Invoice=a00RB00002Am2BKYAZ","一括付替え等の誤紐付けを確認する"
"High","請求月不一致","ContractLineItem__c","a03RB00001NswVFYAZ","東急株式会社_2025/04","関連請求の請求月が月次明細から2か月以上離れている","Monthly=2025/04, Billing=2026-03-20, Invoice=a00RB00002Am2BKYAZ","一括付替え等の誤紐付けを確認する"
"High","請求月不一致","ContractLineItem__c","a03RB00001NswVGYAZ","東急株式会社_2025/05","関連請求の請求月が月次明細から2か月以上離れている","Monthly=2025/05, Billing=2026-03-20, Invoice=a00RB00002Am2BKYAZ","一括付替え等の誤紐付けを確認する"
"High","請求月不一致","ContractLineItem__c","a03RB00001NswVHYAZ","東急株式会社_2025/06","関連請求の請求月が月次明細から2か月以上離れている","Monthly=2025/06, Billing=2026-03-20, Invoice=a00RB00002Am2BKYAZ","一括付替え等の誤紐付けを確認する"
"High","請求月不一致","ContractLineItem__c","a03RB00001NswVIYAZ","東急株式会社_2025/07","関連請求の請求月が月次明細から2か月以上離れている","Monthly=2025/07, Billing=2026-03-20, Invoice=a00RB00002Am2BKYAZ","一括付替え等の誤紐付けを確認する"
"High","請求月不一致","ContractLineItem__c","a03RB00001NswVJYAZ","東急株式会社_2025/08","関連請求の請求月が月次明細から2か月以上離れている","Monthly=2025/08, Billing=2026-03-20, Invoice=a00RB00002Am2BKYAZ","一括付替え等の誤紐付けを確認する"
"High","請求月不一致","ContractLineItem__c","a03RB00001NswVKYAZ","東急株式会社_2025/09","関連請求の請求月が月次明細から2か月以上離れている","Monthly=2025/09, Billing=2026-03-20, Invoice=a00RB00002Am2BKYAZ","一括付替え等の誤紐付けを確認する"
"High","請求月不一致","ContractLineItem__c","a03RB00001NswVLYAZ","東急株式会社_2025/10","関連請求の請求月が月次明細から2か月以上離れている","Monthly=2025/10, Billing=2026-03-20, Invoice=a00RB00002Am2BKYAZ","一括付替え等の誤紐付けを確認する"
"High","請求月不一致","ContractLineItem__c","a03RB00001NswVMYAZ","東急株式会社_2025/11","関連請求の請求月が月次明細から2か月以上離れている","Monthly=2025/11, Billing=2026-03-20, Invoice=a00RB00002Am2BKYAZ","一括付替え等の誤紐付けを確認する"
"High","請求月不一致","ContractLineItem__c","a03RB00001NswVNYAZ","東急株式会社_2025/12","関連請求の請求月が月次明細から2か月以上離れている","Monthly=2025/12, Billing=2026-03-20, Invoice=a00RB00002Am2BKYAZ","一括付替え等の誤紐付けを確認する"
"High","請求月不一致","ContractLineItem__c","a03RB00001NswVOYAZ","東急株式会社_2026/01","関連請求の請求月が月次明細から2か月以上離れている","Monthly=2026/01, Billing=2026-03-20, Invoice=a00RB00002Am2BKYAZ","一括付替え等の誤紐付けを確認する"
"High","請求月不一致","ContractLineItem__c","a03RB00001NswVSYAZ","東急株式会社_2026/05","関連請求の請求月が月次明細から2か月以上離れている","Monthly=2026/05, Billing=2026-03-20, Invoice=a00RB00002Am2BKYAZ","一括付替え等の誤紐付けを確認する"
"High","請求月不一致","ContractLineItem__c","a03RB00001RIREeYAP","東急株式会社_2026/06","関連請求の請求月が月次明細から2か月以上離れている","Monthly=2026/06, Billing=2026-03-20, Invoice=a00RB00002Am2BKYAZ","一括付替え等の誤紐付けを確認する"
"High","請求月不一致","ContractLineItem__c","a03RB00001RcABEYA3","東急株式会社_2026/07","関連請求の請求月が月次明細から2か月以上離れている","Monthly=2026/07, Billing=2026-03-20, Invoice=a00RB00002Am2BKYAZ","一括付替え等の誤紐付けを確認する"
"High","請求月不一致","ContractLineItem__c","a03RB00001NswVTYAZ","東急建設 ○独特の請求書式あり_2024/09","関連請求の請求月が月次明細から2か月以上離れている","Monthly=2024/09, Billing=2026-04-20, Invoice=a00RB00002B5oL9YAJ","一括付替え等の誤紐付けを確認する"
"High","請求月不一致","ContractLineItem__c","a03RB00001NswVUYAZ","東急建設 ○独特の請求書式あり_2024/10","関連請求の請求月が月次明細から2か月以上離れている","Monthly=2024/10, Billing=2026-04-20, Invoice=a00RB00002B5oL9YAJ","一括付替え等の誤紐付けを確認する"
"High","請求月不一致","ContractLineItem__c","a03RB00001NswVVYAZ","東急建設 ○独特の請求書式あり_2024/11","関連請求の請求月が月次明細から2か月以上離れている","Monthly=2024/11, Billing=2026-04-20, Invoice=a00RB00002B5oL9YAJ","一括付替え等の誤紐付けを確認する"
"High","請求月不一致","ContractLineItem__c","a03RB00001NswVWYAZ","東急建設 ○独特の請求書式あり_2024/12","関連請求の請求月が月次明細から2か月以上離れている","Monthly=2024/12, Billing=2026-04-20, Invoice=a00RB00002B5oL9YAJ","一括付替え等の誤紐付けを確認する"
"High","請求月不一致","ContractLineItem__c","a03RB00001NswVXYAZ","東急建設 ○独特の請求書式あり_2025/01","関連請求の請求月が月次明細から2か月以上離れている","Monthly=2025/01, Billing=2026-04-20, Invoice=a00RB00002B5oL9YAJ","一括付替え等の誤紐付けを確認する"
"High","請求月不一致","ContractLineItem__c","a03RB00001NswVYYAZ","東急建設 ○独特の請求書式あり_2025/02","関連請求の請求月が月次明細から2か月以上離れている","Monthly=2025/02, Billing=2026-04-20, Invoice=a00RB00002B5oL9YAJ","一括付替え等の誤紐付けを確認する"
"High","請求月不一致","ContractLineItem__c","a03RB00001NswVZYAZ","東急建設 ○独特の請求書式あり_2025/03","関連請求の請求月が月次明細から2か月以上離れている","Monthly=2025/03, Billing=2026-04-20, Invoice=a00RB00002B5oL9YAJ","一括付替え等の誤紐付けを確認する"
"High","請求月不一致","ContractLineItem__c","a03RB00001NswVaYAJ","東急建設 ○独特の請求書式あり_2025/04","関連請求の請求月が月次明細から2か月以上離れている","Monthly=2025/04, Billing=2026-04-20, Invoice=a00RB00002B5oL9YAJ","一括付替え等の誤紐付けを確認する"
"High","請求月不一致","ContractLineItem__c","a03RB00001NswVbYAJ","東急建設 ○独特の請求書式あり_2025/07","関連請求の請求月が月次明細から2か月以上離れている","Monthly=2025/07, Billing=2026-04-20, Invoice=a00RB00002B5oL9YAJ","一括付替え等の誤紐付けを確認する"
"High","請求月不一致","ContractLineItem__c","a03RB00001NswVcYAJ","東急建設 ○独特の請求書式あり_2025/08","関連請求の請求月が月次明細から2か月以上離れている","Monthly=2025/08, Billing=2026-04-20, Invoice=a00RB00002B5oL9YAJ","一括付替え等の誤紐付けを確認する"
"High","請求月不一致","ContractLineItem__c","a03RB00001NswVdYAJ","東急建設 ○独特の請求書式あり_2025/09","関連請求の請求月が月次明細から2か月以上離れている","Monthly=2025/09, Billing=2026-04-20, Invoice=a00RB00002B5oL9YAJ","一括付替え等の誤紐付けを確認する"
"High","請求月不一致","ContractLineItem__c","a03RB00001NswVeYAJ","東急建設 ○独特の請求書式あり_2025/10","関連請求の請求月が月次明細から2か月以上離れている","Monthly=2025/10, Billing=2026-04-20, Invoice=a00RB00002B5oL9YAJ","一括付替え等の誤紐付けを確認する"
"High","請求月不一致","ContractLineItem__c","a03RB00001NswVfYAJ","東急建設 ○独特の請求書式あり_2025/11","関連請求の請求月が月次明細から2か月以上離れている","Monthly=2025/11, Billing=2026-04-20, Invoice=a00RB00002B5oL9YAJ","一括付替え等の誤紐付けを確認する"
"High","請求月不一致","ContractLineItem__c","a03RB00001NswVgYAJ","東急建設 ○独特の請求書式あり_2025/12","関連請求の請求月が月次明細から2か月以上離れている","Monthly=2025/12, Billing=2026-04-20, Invoice=a00RB00002B5oL9YAJ","一括付替え等の誤紐付けを確認する"
"High","請求月不一致","ContractLineItem__c","a03RB00001NswVhYAJ","東急建設 ○独特の請求書式あり_2026/01","関連請求の請求月が月次明細から2か月以上離れている","Monthly=2026/01, Billing=2026-04-20, Invoice=a00RB00002B5oL9YAJ","一括付替え等の誤紐付けを確認する"
"High","請求月不一致","ContractLineItem__c","a03RB00001NswViYAJ","東急建設 ○独特の請求書式あり_2026/02","関連請求の請求月が月次明細から2か月以上離れている","Monthly=2026/02, Billing=2026-04-20, Invoice=a00RB00002B5oL9YAJ","一括付替え等の誤紐付けを確認する"
"High","請求月不一致","ContractLineItem__c","a03RB00001NswVmYAJ","東急建設 ○独特の請求書式あり_2026/06","関連請求の請求月が月次明細から2か月以上離れている","Monthly=2026/06, Billing=2026-04-20, Invoice=a00RB00002B5oL9YAJ","一括付替え等の誤紐付けを確認する"
"High","請求月不一致","ContractLineItem__c","a03RB00001NswVnYAJ","東急建設 ○独特の請求書式あり_2026/07","関連請求の請求月が月次明細から2か月以上離れている","Monthly=2026/07, Billing=2026-04-20, Invoice=a00RB00002B5oL9YAJ","一括付替え等の誤紐付けを確認する"
"High","請求月不一致","ContractLineItem__c","a03RB00001NswVoYAJ","東急建設 ○独特の請求書式あり_2026/08","関連請求の請求月が月次明細から2か月以上離れている","Monthly=2026/08, Billing=2026-04-20, Invoice=a00RB00002B5oL9YAJ","一括付替え等の誤紐付けを確認する"
"High","請求月不一致","ContractLineItem__c","a03RB00001NswVpYAJ","東急建設 ○独特の請求書式あり_2026/09","関連請求の請求月が月次明細から2か月以上離れている","Monthly=2026/09, Billing=2026-04-20, Invoice=a00RB00002B5oL9YAJ","一括付替え等の誤紐付けを確認する"
"High","請求月不一致","ContractLineItem__c","a03RB00001NswVqYAJ","東急建設 ○独特の請求書式あり_2026/10","関連請求の請求月が月次明細から2か月以上離れている","Monthly=2026/10, Billing=2026-04-20, Invoice=a00RB00002B5oL9YAJ","一括付替え等の誤紐付けを確認する"
"High","請求月不一致","ContractLineItem__c","a03RB00001NswVrYAJ","東急建設 ○独特の請求書式あり_2026/11","関連請求の請求月が月次明細から2か月以上離れている","Monthly=2026/11, Billing=2026-04-20, Invoice=a00RB00002B5oL9YAJ","一括付替え等の誤紐付けを確認する"
"High","請求月不一致","ContractLineItem__c","a03RB00001NswVsYAJ","東急建設 ○独特の請求書式あり_2026/12","関連請求の請求月が月次明細から2か月以上離れている","Monthly=2026/12, Billing=2026-04-20, Invoice=a00RB00002B5oL9YAJ","一括付替え等の誤紐付けを確認する"
"High","請求月不一致","ContractLineItem__c","a03RB00001NswVtYAJ","東急建設 ○独特の請求書式あり_2027/01","関連請求の請求月が月次明細から2か月以上離れている","Monthly=2027/01, Billing=2026-04-20, Invoice=a00RB00002B5oL9YAJ","一括付替え等の誤紐付けを確認する"
"High","請求月不一致","ContractLineItem__c","a03RB00001NswVuYAJ","東急建設 ○独特の請求書式あり_2027/02","関連請求の請求月が月次明細から2か月以上離れている","Monthly=2027/02, Billing=2026-04-20, Invoice=a00RB00002B5oL9YAJ","一括付替え等の誤紐付けを確認する"
"High","請求月不一致","ContractLineItem__c","a03RB00001NswVvYAJ","東急建設 ○独特の請求書式あり_2027/03","関連請求の請求月が月次明細から2か月以上離れている","Monthly=2027/03, Billing=2026-04-20, Invoice=a00RB00002B5oL9YAJ","一括付替え等の誤紐付けを確認する"
"High","請求月不一致","ContractLineItem__c","a03RB00001Nswi5YAB","日鉄興和不動産株式会社_2026/02","関連請求の請求月が月次明細から2か月以上離れている","Monthly=2026/02, Billing=2026-05-20, Invoice=a00RB00002B5oLFYAZ","一括付替え等の誤紐付けを確認する"
"High","請求月不一致","ContractLineItem__c","a03RB00001Nswi6YAB","日鉄興和不動産株式会社_2026/03","関連請求の請求月が月次明細から2か月以上離れている","Monthly=2026/03, Billing=2026-05-20, Invoice=a00RB00002B5oLFYAZ","一括付替え等の誤紐付けを確認する"
"High","請求月不一致","ContractLineItem__c","a03RB00001Nswi9YAB","日鉄興和不動産株式会社_2026/07","関連請求の請求月が月次明細から2か月以上離れている","Monthly=2026/07, Billing=2026-05-20, Invoice=a00RB00002B5oLFYAZ","一括付替え等の誤紐付けを確認する"
"High","請求月不一致","ContractLineItem__c","a03RB00001NswiAYAR","日鉄興和不動産株式会社_2026/08","関連請求の請求月が月次明細から2か月以上離れている","Monthly=2026/08, Billing=2026-05-20, Invoice=a00RB00002B5oLFYAZ","一括付替え等の誤紐付けを確認する"
"High","請求月不一致","ContractLineItem__c","a03RB00001NswiBYAR","日鉄興和不動産株式会社_2026/09","関連請求の請求月が月次明細から2か月以上離れている","Monthly=2026/09, Billing=2026-05-20, Invoice=a00RB00002B5oLFYAZ","一括付替え等の誤紐付けを確認する"
"High","請求月不一致","ContractLineItem__c","a03RB00001NswiCYAR","日鉄興和不動産株式会社_2026/10","関連請求の請求月が月次明細から2か月以上離れている","Monthly=2026/10, Billing=2026-05-20, Invoice=a00RB00002B5oLFYAZ","一括付替え等の誤紐付けを確認する"
"High","請求月不一致","ContractLineItem__c","a03RB00001NswiDYAR","日鉄興和不動産株式会社_2026/11","関連請求の請求月が月次明細から2か月以上離れている","Monthly=2026/11, Billing=2026-05-20, Invoice=a00RB00002B5oLFYAZ","一括付替え等の誤紐付けを確認する"
"High","請求月不一致","ContractLineItem__c","a03RB00001NswiEYAR","日鉄興和不動産株式会社_2026/12","関連請求の請求月が月次明細から2か月以上離れている","Monthly=2026/12, Billing=2026-05-20, Invoice=a00RB00002B5oLFYAZ","一括付替え等の誤紐付けを確認する"
"High","請求月不一致","ContractLineItem__c","a03RB00001NswiFYAR","日鉄興和不動産株式会社_2027/01","関連請求の請求月が月次明細から2か月以上離れている","Monthly=2027/01, Billing=2026-05-20, Invoice=a00RB00002B5oLFYAZ","一括付替え等の誤紐付けを確認する"
"High","請求月不一致","ContractLineItem__c","a03RB00001NswiGYAR","日鉄興和不動産株式会社_2027/02","関連請求の請求月が月次明細から2か月以上離れている","Monthly=2027/02, Billing=2026-05-20, Invoice=a00RB00002B5oLFYAZ","一括付替え等の誤紐付けを確認する"
"High","請求月不一致","ContractLineItem__c","a03RB00001NswiHYAR","日鉄興和不動産株式会社_2027/03","関連請求の請求月が月次明細から2か月以上離れている","Monthly=2027/03, Billing=2026-05-20, Invoice=a00RB00002B5oLFYAZ","一括付替え等の誤紐付けを確認する"
"High","請求月不一致","ContractLineItem__c","a03RB00001NswiIYAR","日鉄興和不動産株式会社_2027/04","関連請求の請求月が月次明細から2か月以上離れている","Monthly=2027/04, Billing=2026-05-20, Invoice=a00RB00002B5oLFYAZ","一括付替え等の誤紐付けを確認する"
"High","請求月不一致","ContractLineItem__c","a03RB00001NswkQYAR","梅林建設株式会社_2026/08","関連請求の請求月が月次明細から2か月以上離れている","Monthly=2026/08, Billing=2026-06-20, Invoice=a00RB00002B5oL3YAJ","一括付替え等の誤紐付けを確認する"
"High","請求月不一致","ContractLineItem__c","a03RB00001NswkRYAR","梅林建設株式会社_2026/09","関連請求の請求月が月次明細から2か月以上離れている","Monthly=2026/09, Billing=2026-06-20, Invoice=a00RB00002B5oL3YAJ","一括付替え等の誤紐付けを確認する"
"High","請求月不一致","ContractLineItem__c","a03RB00001NswkSYAR","梅林建設株式会社_2026/10","関連請求の請求月が月次明細から2か月以上離れている","Monthly=2026/10, Billing=2026-06-20, Invoice=a00RB00002B5oL3YAJ","一括付替え等の誤紐付けを確認する"
"High","請求月不一致","ContractLineItem__c","a03RB00001NswkTYAR","梅林建設株式会社_2026/11","関連請求の請求月が月次明細から2か月以上離れている","Monthly=2026/11, Billing=2026-06-20, Invoice=a00RB00002B5oL3YAJ","一括付替え等の誤紐付けを確認する"
"High","請求月不一致","ContractLineItem__c","a03RB00001NswkUYAR","梅林建設株式会社_2026/12","関連請求の請求月が月次明細から2か月以上離れている","Monthly=2026/12, Billing=2026-06-20, Invoice=a00RB00002B5oL3YAJ","一括付替え等の誤紐付けを確認する"
"High","請求月不一致","ContractLineItem__c","a03RB00001NswkVYAR","梅林建設株式会社_2027/01","関連請求の請求月が月次明細から2か月以上離れている","Monthly=2027/01, Billing=2026-06-20, Invoice=a00RB00002B5oL3YAJ","一括付替え等の誤紐付けを確認する"
"High","請求月不一致","ContractLineItem__c","a03RB00001NswkWYAR","梅林建設株式会社_2027/02","関連請求の請求月が月次明細から2か月以上離れている","Monthly=2027/02, Billing=2026-06-20, Invoice=a00RB00002B5oL3YAJ","一括付替え等の誤紐付けを確認する"
"High","請求月不一致","ContractLineItem__c","a03RB00001NswkXYAR","梅林建設株式会社_2027/03","関連請求の請求月が月次明細から2か月以上離れている","Monthly=2027/03, Billing=2026-06-20, Invoice=a00RB00002B5oL3YAJ","一括付替え等の誤紐付けを確認する"
"High","請求月不一致","ContractLineItem__c","a03RB00001NswkYYAR","梅林建設株式会社_2027/04","関連請求の請求月が月次明細から2か月以上離れている","Monthly=2027/04, Billing=2026-06-20, Invoice=a00RB00002B5oL3YAJ","一括付替え等の誤紐付けを確認する"
"High","請求月不一致","ContractLineItem__c","a03RB00001NswkZYAR","梅林建設株式会社_2027/05","関連請求の請求月が月次明細から2か月以上離れている","Monthly=2027/05, Billing=2026-06-20, Invoice=a00RB00002B5oL3YAJ","一括付替え等の誤紐付けを確認する"
"High","請求月不一致","ContractLineItem__c","a03RB00001Nswj7YAB","柏井建設株式会社_2026/03","関連請求の請求月が月次明細から2か月以上離れている","Monthly=2026/03, Billing=2026-06-20, Invoice=a00RB000024Vf2IYAS","一括付替え等の誤紐付けを確認する"
"High","請求月不一致","ContractLineItem__c","a03RB00001Nswj8YAB","柏井建設株式会社_2026/04","関連請求の請求月が月次明細から2か月以上離れている","Monthly=2026/04, Billing=2026-06-20, Invoice=a00RB000024Vf2IYAS","一括付替え等の誤紐付けを確認する"
"High","請求月不一致","ContractLineItem__c","a03RB00001NswgjYAB","豊通ファシリティーズ株式会社 建築・設計部_2026/01","関連請求の請求月が月次明細から2か月以上離れている","Monthly=2026/01, Billing=2026-07-20, Invoice=a00RB00002Am2BPYAZ","一括付替え等の誤紐付けを確認する"
"High","請求月不一致","ContractLineItem__c","a03RB00001NswgkYAB","豊通ファシリティーズ株式会社 建築・設計部_2026/02","関連請求の請求月が月次明細から2か月以上離れている","Monthly=2026/02, Billing=2026-07-20, Invoice=a00RB00002Am2BPYAZ","一括付替え等の誤紐付けを確認する"
"High","請求月不一致","ContractLineItem__c","a03RB00001NswglYAB","豊通ファシリティーズ株式会社 建築・設計部_2026/03","関連請求の請求月が月次明細から2か月以上離れている","Monthly=2026/03, Billing=2026-07-20, Invoice=a00RB00002Am2BPYAZ","一括付替え等の誤紐付けを確認する"
"High","請求月不一致","ContractLineItem__c","a03RB00001NswgmYAB","豊通ファシリティーズ株式会社 建築・設計部_2026/04","関連請求の請求月が月次明細から2か月以上離れている","Monthly=2026/04, Billing=2026-07-20, Invoice=a00RB00002Am2BPYAZ","一括付替え等の誤紐付けを確認する"
"High","請求月不一致","ContractLineItem__c","a03RB00001NswgnYAB","豊通ファシリティーズ株式会社 建築・設計部_2026/05","関連請求の請求月が月次明細から2か月以上離れている","Monthly=2026/05, Billing=2026-07-20, Invoice=a00RB00002Am2BPYAZ","一括付替え等の誤紐付けを確認する"
"High","請求月不一致","ContractLineItem__c","a03RB00001NswcLYAR","野原グループ株式会社_2025/05","関連請求の請求月が月次明細から2か月以上離れている","Monthly=2025/05, Billing=2026-07-20, Invoice=a00RB00002Am2BjYAJ","一括付替え等の誤紐付けを確認する"
"High","請求月不一致","ContractLineItem__c","a03RB00001NswcMYAR","野原グループ株式会社_2025/06","関連請求の請求月が月次明細から2か月以上離れている","Monthly=2025/06, Billing=2026-07-20, Invoice=a00RB00002Am2BjYAJ","一括付替え等の誤紐付けを確認する"
"High","請求月不一致","ContractLineItem__c","a03RB00001NswcNYAR","野原グループ株式会社_2025/07","関連請求の請求月が月次明細から2か月以上離れている","Monthly=2025/07, Billing=2026-07-20, Invoice=a00RB00002Am2BjYAJ","一括付替え等の誤紐付けを確認する"
"High","請求月不一致","ContractLineItem__c","a03RB00001NswcOYAR","野原グループ株式会社_2025/08","関連請求の請求月が月次明細から2か月以上離れている","Monthly=2025/08, Billing=2026-07-20, Invoice=a00RB00002Am2BjYAJ","一括付替え等の誤紐付けを確認する"
"High","請求月不一致","ContractLineItem__c","a03RB00001NswcPYAR","野原グループ株式会社_2025/09","関連請求の請求月が月次明細から2か月以上離れている","Monthly=2025/09, Billing=2026-07-20, Invoice=a00RB00002Am2BjYAJ","一括付替え等の誤紐付けを確認する"
"High","請求月不一致","ContractLineItem__c","a03RB00001NswcQYAR","野原グループ株式会社_2025/10","関連請求の請求月が月次明細から2か月以上離れている","Monthly=2025/10, Billing=2026-07-20, Invoice=a00RB00002Am2BjYAJ","一括付替え等の誤紐付けを確認する"
"High","請求月不一致","ContractLineItem__c","a03RB00001NswcRYAR","野原グループ株式会社_2025/11","関連請求の請求月が月次明細から2か月以上離れている","Monthly=2025/11, Billing=2026-07-20, Invoice=a00RB00002Am2BjYAJ","一括付替え等の誤紐付けを確認する"
"High","請求月不一致","ContractLineItem__c","a03RB00001NswcSYAR","野原グループ株式会社_2025/12","関連請求の請求月が月次明細から2か月以上離れている","Monthly=2025/12, Billing=2026-07-20, Invoice=a00RB00002Am2BjYAJ","一括付替え等の誤紐付けを確認する"
"High","請求月不一致","ContractLineItem__c","a03RB00001NswcTYAR","野原グループ株式会社_2026/01","関連請求の請求月が月次明細から2か月以上離れている","Monthly=2026/01, Billing=2026-07-20, Invoice=a00RB00002Am2BjYAJ","一括付替え等の誤紐付けを確認する"
"High","請求月不一致","ContractLineItem__c","a03RB00001NswcUYAR","野原グループ株式会社_2026/02","関連請求の請求月が月次明細から2か月以上離れている","Monthly=2026/02, Billing=2026-07-20, Invoice=a00RB00002Am2BjYAJ","一括付替え等の誤紐付けを確認する"
"High","請求月不一致","ContractLineItem__c","a03RB00001NswcVYAR","野原グループ株式会社_2026/03","関連請求の請求月が月次明細から2か月以上離れている","Monthly=2026/03, Billing=2026-07-20, Invoice=a00RB00002Am2BjYAJ","一括付替え等の誤紐付けを確認する"
"High","請求月不一致","ContractLineItem__c","a03RB00001NswcWYAR","野原グループ株式会社_2026/04","関連請求の請求月が月次明細から2か月以上離れている","Monthly=2026/04, Billing=2026-07-20, Invoice=a00RB00002Am2BjYAJ","一括付替え等の誤紐付けを確認する"
"High","請求月不一致","ContractLineItem__c","a03RB00001NswcXYAR","野原グループ株式会社_2026/05","関連請求の請求月が月次明細から2か月以上離れている","Monthly=2026/05, Billing=2026-07-20, Invoice=a00RB00002Am2BjYAJ","一括付替え等の誤紐付けを確認する"
"High","請求参照不一致","ContractLineItem__c","a03RB00001UyZX6YAN","a03RB00001UyZX6","関連請求の親契約が月次明細の契約と異なる","InvoiceContract=a04RB00000mj59ZYAQ, MonthlyContract=a04RB00000n5JeAYAU","正しい請求へ付け替える"
"High","請求参照不一致","ContractLineItem__c","a03RB00001NswieYAB","株式会社アールシーコア(セキュリティオプション月額）_2026/04","関連請求の親契約が月次明細の契約と異なる","InvoiceContract=a04RB00000kVL7SYAW, MonthlyContract=a04RB00000kUAOsYAO","正しい請求へ付け替える"
"High","請求参照不一致","ContractLineItem__c","a03RB00001NswifYAB","株式会社アールシーコア(セキュリティオプション月額）_2026/05","関連請求の親契約が月次明細の契約と異なる","InvoiceContract=a04RB00000kVL7SYAW, MonthlyContract=a04RB00000kUAOsYAO","正しい請求へ付け替える"
"High","請求参照不一致","ContractLineItem__c","a03RB00001NswhzYAB","株式会社アールシーコア_2026/04","関連請求の親契約が月次明細の契約と異なる","InvoiceContract=a04RB00000kVL7SYAW, MonthlyContract=a04RB00000kUAOoYAO","正しい請求へ付け替える"
"High","請求参照不一致","ContractLineItem__c","a03RB00001Nswi0YAB","株式会社アールシーコア_2026/05","関連請求の親契約が月次明細の契約と異なる","InvoiceContract=a04RB00000kVL7SYAW, MonthlyContract=a04RB00000kUAOoYAO","正しい請求へ付け替える"
"High","請求参照不一致","ContractLineItem__c","a03RB00001NswjCYAR","株式会社サンケイビル_2026/04","関連請求の親契約が月次明細の契約と異なる","InvoiceContract=a04RB00000kVL7WYAW, MonthlyContract=a04RB00000kUAP2YAO","正しい請求へ付け替える"
"High","請求参照不一致","ContractLineItem__c","a03RB00001NswjDYAR","株式会社サンケイビル_2026/05","関連請求の親契約が月次明細の契約と異なる","InvoiceContract=a04RB00000kVL7WYAW, MonthlyContract=a04RB00000kUAP2YAO","正しい請求へ付け替える"
"High","請求参照不一致","ContractLineItem__c","a03RB00001NswjEYAR","株式会社サンケイビル_2026/06","関連請求の親契約が月次明細の契約と異なる","InvoiceContract=a04RB00000kVL7WYAW, MonthlyContract=a04RB00000kUAP2YAO","正しい請求へ付け替える"
"High","請求参照不一致","ContractLineItem__c","a03RB00001NswjFYAR","株式会社サンケイビル_2026/07","関連請求の親契約が月次明細の契約と異なる","InvoiceContract=a04RB00000kVL7WYAW, MonthlyContract=a04RB00000kUAP2YAO","正しい請求へ付け替える"
"High","請求参照不一致","ContractLineItem__c","a03RB00001NswjGYAR","株式会社サンケイビル_2026/08","関連請求の親契約が月次明細の契約と異なる","InvoiceContract=a04RB00000kVL7WYAW, MonthlyContract=a04RB00000kUAP2YAO","正しい請求へ付け替える"
"High","請求参照不一致","ContractLineItem__c","a03RB00001NswjHYAR","株式会社サンケイビル_2026/09","関連請求の親契約が月次明細の契約と異なる","InvoiceContract=a04RB00000kVL7WYAW, MonthlyContract=a04RB00000kUAP2YAO","正しい請求へ付け替える"
"High","請求参照不一致","ContractLineItem__c","a03RB00001NswjIYAR","株式会社サンケイビル_2026/10","関連請求の親契約が月次明細の契約と異なる","InvoiceContract=a04RB00000kVL7WYAW, MonthlyContract=a04RB00000kUAP2YAO","正しい請求へ付け替える"
"High","請求参照不一致","ContractLineItem__c","a03RB00001NswjJYAR","株式会社サンケイビル_2026/11","関連請求の親契約が月次明細の契約と異なる","InvoiceContract=a04RB00000kVL7WYAW, MonthlyContract=a04RB00000kUAP2YAO","正しい請求へ付け替える"
"High","請求参照不一致","ContractLineItem__c","a03RB00001NswjKYAR","株式会社サンケイビル_2026/12","関連請求の親契約が月次明細の契約と異なる","InvoiceContract=a04RB00000kVL7WYAW, MonthlyContract=a04RB00000kUAP2YAO","正しい請求へ付け替える"
"High","請求参照不一致","ContractLineItem__c","a03RB00001NswjLYAR","株式会社サンケイビル_2027/01","関連請求の親契約が月次明細の契約と異なる","InvoiceContract=a04RB00000kVL7WYAW, MonthlyContract=a04RB00000kUAP2YAO","正しい請求へ付け替える"
"High","請求参照不一致","ContractLineItem__c","a03RB00001NswjMYAR","株式会社サンケイビル_2027/02","関連請求の親契約が月次明細の契約と異なる","InvoiceContract=a04RB00000kVL7WYAW, MonthlyContract=a04RB00000kUAP2YAO","正しい請求へ付け替える"
"High","請求参照不一致","ContractLineItem__c","a03RB00001NswjNYAR","株式会社サンケイビル_2027/03","関連請求の親契約が月次明細の契約と異なる","InvoiceContract=a04RB00000kVL7WYAW, MonthlyContract=a04RB00000kUAP2YAO","正しい請求へ付け替える"
"High","請求参照不一致","ContractLineItem__c","a03RB00001NswirYAB","株式会社トーケン_2026/03","関連請求の取引先が月次明細と異なる","InvoiceAccount=001RB00001br9KPYAY, MonthlyAccount=001RB00001VTrHrYAL","正しい請求へ付け替える"
"High","請求参照不一致","ContractLineItem__c","a03RB00001NswisYAB","株式会社トーケン_2026/04","関連請求の取引先が月次明細と異なる","InvoiceAccount=001RB00001br9KPYAY, MonthlyAccount=001RB00001VTrHrYAL","正しい請求へ付け替える"
"High","請求参照不一致","ContractLineItem__c","a03RB00001NswitYAB","株式会社トーケン_2026/05","関連請求の取引先が月次明細と異なる","InvoiceAccount=001RB00001br9KPYAY, MonthlyAccount=001RB00001VTrHrYAL","正しい請求へ付け替える"
"High","請求参照不一致","ContractLineItem__c","a03RB00001NswiuYAB","株式会社トーケン_2026/06","関連請求の取引先が月次明細と異なる","InvoiceAccount=001RB00001br9KPYAY, MonthlyAccount=001RB00001VTrHrYAL","正しい請求へ付け替える"
"High","請求参照不一致","ContractLineItem__c","a03RB00001NswivYAB","株式会社トーケン_2026/07","関連請求の取引先が月次明細と異なる","InvoiceAccount=001RB00001br9KPYAY, MonthlyAccount=001RB00001VTrHrYAL","正しい請求へ付け替える"
"High","請求参照不一致","ContractLineItem__c","a03RB00001NswiwYAB","株式会社トーケン_2026/08","関連請求の取引先が月次明細と異なる","InvoiceAccount=001RB00001br9KPYAY, MonthlyAccount=001RB00001VTrHrYAL","正しい請求へ付け替える"
"High","請求参照不一致","ContractLineItem__c","a03RB00001NswixYAB","株式会社トーケン_2026/09","関連請求の取引先が月次明細と異なる","InvoiceAccount=001RB00001br9KPYAY, MonthlyAccount=001RB00001VTrHrYAL","正しい請求へ付け替える"
"High","請求参照不一致","ContractLineItem__c","a03RB00001NswiyYAB","株式会社トーケン_2026/10","関連請求の取引先が月次明細と異なる","InvoiceAccount=001RB00001br9KPYAY, MonthlyAccount=001RB00001VTrHrYAL","正しい請求へ付け替える"
"High","請求参照不一致","ContractLineItem__c","a03RB00001NswizYAB","株式会社トーケン_2026/11","関連請求の取引先が月次明細と異なる","InvoiceAccount=001RB00001br9KPYAY, MonthlyAccount=001RB00001VTrHrYAL","正しい請求へ付け替える"
"High","請求参照不一致","ContractLineItem__c","a03RB00001Nswj0YAB","株式会社トーケン_2026/12","関連請求の取引先が月次明細と異なる","InvoiceAccount=001RB00001br9KPYAY, MonthlyAccount=001RB00001VTrHrYAL","正しい請求へ付け替える"
"High","請求参照不一致","ContractLineItem__c","a03RB00001Nswj1YAB","株式会社トーケン_2027/01","関連請求の取引先が月次明細と異なる","InvoiceAccount=001RB00001br9KPYAY, MonthlyAccount=001RB00001VTrHrYAL","正しい請求へ付け替える"
"High","請求参照不一致","ContractLineItem__c","a03RB00001Nswj2YAB","株式会社トーケン_2027/02","関連請求の取引先が月次明細と異なる","InvoiceAccount=001RB00001br9KPYAY, MonthlyAccount=001RB00001VTrHrYAL","正しい請求へ付け替える"
"High","請求参照不一致","ContractLineItem__c","a03RB00001NswiOYAR","株式会社石勝エクステリア(シングルサインオン分）_2026/03","関連請求の親契約が月次明細の契約と異なる","InvoiceContract=a04RB00000kVL7aYAG, MonthlyContract=a04RB00000kUAOrYAO","正しい請求へ付け替える"
"High","請求参照不一致","ContractLineItem__c","a03RB00001NswhHYAR","株式会社石勝エクステリア_2026/03","関連請求の親契約が月次明細の契約と異なる","InvoiceContract=a04RB00000kVL7aYAG, MonthlyContract=a04RB00000kUAOkYAO","正しい請求へ付け替える"
"High","入金金額不一致","Invoice__c","a00RB000024Ux4IYAS","INV-0000000011","入金額と未入金額の合計が請求金額と一致しない","Paid=1837000, Unpaid=0, Invoice=1670000","freee決済情報を再同期する"
"High","入金金額不一致","Invoice__c","a00RB000024Ux4qYAC","INV-0000000045","入金額と未入金額の合計が請求金額と一致しない","Paid=2057000, Unpaid=0, Invoice=1870000","freee決済情報を再同期する"
"High","明細不足","Invoice__c","a00RB00002BOnJhYAL","INV-0000000404","請求明細がない","InvoiceAmount=3510000","freee明細を再取得するか請求明細を作成する"
"Medium","Freee情報不足","Invoice__c","a00RB00002Am2AUYAZ","INV-0000000178","freee請求書IDはあるがURLがない","FreeeId=60861158","IDから請求書URLを補完する"
"Medium","Freee情報不足","Invoice__c","a00RB00002Am2AVYAZ","INV-0000000179","freee請求書IDはあるがURLがない","FreeeId=54153833","IDから請求書URLを補完する"
"Medium","Freee情報不足","Invoice__c","a00RB00002Am2AWYAZ","INV-0000000180","freee請求書IDはあるがURLがない","FreeeId=54153849","IDから請求書URLを補完する"
"Medium","Freee情報不足","Invoice__c","a00RB00002Am2AXYAZ","INV-0000000181","freee請求書IDはあるがURLがない","FreeeId=54153853","IDから請求書URLを補完する"
"Medium","Freee情報不足","Invoice__c","a00RB00002Am2AYYAZ","INV-0000000182","freee請求書IDはあるがURLがない","FreeeId=54153854","IDから請求書URLを補完する"
"Medium","Freee情報不足","Invoice__c","a00RB00002Am2AZYAZ","INV-0000000183","freee請求書IDはあるがURLがない","FreeeId=56527557","IDから請求書URLを補完する"
"Medium","Freee情報不足","Invoice__c","a00RB00002Am2AaYAJ","INV-0000000184","freee請求書IDはあるがURLがない","FreeeId=56527558","IDから請求書URLを補完する"
"Medium","Freee情報不足","Invoice__c","a00RB00002Am2AbYAJ","INV-0000000185","freee請求書IDはあるがURLがない","FreeeId=56527559","IDから請求書URLを補完する"
"Medium","Freee情報不足","Invoice__c","a00RB00002Am2AcYAJ","INV-0000000186","freee請求書IDはあるがURLがない","FreeeId=56527565","IDから請求書URLを補完する"
"Medium","Freee情報不足","Invoice__c","a00RB00002Am2AdYAJ","INV-0000000187","freee請求書IDはあるがURLがない","FreeeId=56527568","IDから請求書URLを補完する"
"Medium","Freee情報不足","Invoice__c","a00RB00002Am2AeYAJ","INV-0000000188","freee請求書IDはあるがURLがない","FreeeId=56675516","IDから請求書URLを補完する"
"Medium","Freee情報不足","Invoice__c","a00RB00002Am2AfYAJ","INV-0000000189","freee請求書IDはあるがURLがない","FreeeId=56677820","IDから請求書URLを補完する"
"Medium","Freee情報不足","Invoice__c","a00RB00002Am2AgYAJ","INV-0000000190","freee請求書IDはあるがURLがない","FreeeId=56681225","IDから請求書URLを補完する"
"Medium","Freee情報不足","Invoice__c","a00RB00002Am2AhYAJ","INV-0000000191","freee請求書IDはあるがURLがない","FreeeId=56683113","IDから請求書URLを補完する"
"Medium","Freee情報不足","Invoice__c","a00RB00002Am2AiYAJ","INV-0000000192","freee請求書IDはあるがURLがない","FreeeId=56683462","IDから請求書URLを補完する"
"Medium","Freee情報不足","Invoice__c","a00RB00002Am2AjYAJ","INV-0000000193","freee請求書IDはあるがURLがない","FreeeId=56683907","IDから請求書URLを補完する"
"Medium","Freee情報不足","Invoice__c","a00RB00002Am2AkYAJ","INV-0000000194","freee請求書IDはあるがURLがない","FreeeId=56684523","IDから請求書URLを補完する"
"Medium","Freee情報不足","Invoice__c","a00RB00002Am2AlYAJ","INV-0000000195","freee請求書IDはあるがURLがない","FreeeId=56684847","IDから請求書URLを補完する"
"Medium","Freee情報不足","Invoice__c","a00RB00002Am2AmYAJ","INV-0000000196","freee請求書IDはあるがURLがない","FreeeId=56685055","IDから請求書URLを補完する"
"Medium","Freee情報不足","Invoice__c","a00RB00002Am2AnYAJ","INV-0000000197","freee請求書IDはあるがURLがない","FreeeId=56692304","IDから請求書URLを補完する"
"Medium","Freee情報不足","Invoice__c","a00RB00002Am2AoYAJ","INV-0000000198","freee請求書IDはあるがURLがない","FreeeId=56692529","IDから請求書URLを補完する"
"Medium","Freee情報不足","Invoice__c","a00RB00002Am2ApYAJ","INV-0000000199","freee請求書IDはあるがURLがない","FreeeId=56695322","IDから請求書URLを補完する"
"Medium","Freee情報不足","Invoice__c","a00RB00002Am2AqYAJ","INV-0000000200","freee請求書IDはあるがURLがない","FreeeId=56695878","IDから請求書URLを補完する"
"Medium","Freee情報不足","Invoice__c","a00RB00002Am2ArYAJ","INV-0000000201","freee請求書IDはあるがURLがない","FreeeId=57147191","IDから請求書URLを補完する"
"Medium","Freee情報不足","Invoice__c","a00RB00002Am2AsYAJ","INV-0000000202","freee請求書IDはあるがURLがない","FreeeId=58549482","IDから請求書URLを補完する"
"Medium","Freee情報不足","Invoice__c","a00RB00002Am2AtYAJ","INV-0000000203","freee請求書IDはあるがURLがない","FreeeId=58549485","IDから請求書URLを補完する"
"Medium","Freee情報不足","Invoice__c","a00RB00002Am2AuYAJ","INV-0000000204","freee請求書IDはあるがURLがない","FreeeId=58549487","IDから請求書URLを補完する"
"Medium","Freee情報不足","Invoice__c","a00RB00002Am2AvYAJ","INV-0000000205","freee請求書IDはあるがURLがない","FreeeId=58573600","IDから請求書URLを補完する"
"Medium","Freee情報不足","Invoice__c","a00RB00002Am2AwYAJ","INV-0000000206","freee請求書IDはあるがURLがない","FreeeId=58573613","IDから請求書URLを補完する"
"Medium","Freee情報不足","Invoice__c","a00RB00002Am2AxYAJ","INV-0000000207","freee請求書IDはあるがURLがない","FreeeId=58573634","IDから請求書URLを補完する"
"Medium","Freee情報不足","Invoice__c","a00RB00002Am2AyYAJ","INV-0000000208","freee請求書IDはあるがURLがない","FreeeId=58573637","IDから請求書URLを補完する"
"Medium","Freee情報不足","Invoice__c","a00RB00002Am2AzYAJ","INV-0000000209","freee請求書IDはあるがURLがない","FreeeId=58573639","IDから請求書URLを補完する"
"Medium","Freee情報不足","Invoice__c","a00RB00002Am2B0YAJ","INV-0000000210","freee請求書IDはあるがURLがない","FreeeId=58573640","IDから請求書URLを補完する"
"Medium","Freee情報不足","Invoice__c","a00RB00002Am2B1YAJ","INV-0000000211","freee請求書IDはあるがURLがない","FreeeId=58573644","IDから請求書URLを補完する"
"Medium","Freee情報不足","Invoice__c","a00RB00002Am2B2YAJ","INV-0000000212","freee請求書IDはあるがURLがない","FreeeId=58573650","IDから請求書URLを補完する"
"Medium","Freee情報不足","Invoice__c","a00RB00002Am2B3YAJ","INV-0000000213","freee請求書IDはあるがURLがない","FreeeId=58573652","IDから請求書URLを補完する"
"Medium","Freee情報不足","Invoice__c","a00RB00002Am2B4YAJ","INV-0000000214","freee請求書IDはあるがURLがない","FreeeId=58573654","IDから請求書URLを補完する"
"Medium","Freee情報不足","Invoice__c","a00RB00002Am2B5YAJ","INV-0000000215","freee請求書IDはあるがURLがない","FreeeId=58573666","IDから請求書URLを補完する"
"Medium","Freee情報不足","Invoice__c","a00RB00002Am2B6YAJ","INV-0000000216","freee請求書IDはあるがURLがない","FreeeId=58573670","IDから請求書URLを補完する"
"Medium","Freee情報不足","Invoice__c","a00RB00002Am2B7YAJ","INV-0000000217","freee請求書IDはあるがURLがない","FreeeId=58709445","IDから請求書URLを補完する"
"Medium","Freee情報不足","Invoice__c","a00RB00002Am2B8YAJ","INV-0000000218","freee請求書IDはあるがURLがない","FreeeId=58711258","IDから請求書URLを補完する"
"Medium","Freee情報不足","Invoice__c","a00RB00002Am2B9YAJ","INV-0000000219","freee請求書IDはあるがURLがない","FreeeId=58712978","IDから請求書URLを補完する"
"Medium","Freee情報不足","Invoice__c","a00RB00002Am2BAYAZ","INV-0000000220","freee請求書IDはあるがURLがない","FreeeId=62350333","IDから請求書URLを補完する"
"Medium","Freee情報不足","Invoice__c","a00RB00002Am2BBYAZ","INV-0000000221","freee請求書IDはあるがURLがない","FreeeId=56527529","IDから請求書URLを補完する"
"Medium","Freee情報不足","Invoice__c","a00RB00002Am2BCYAZ","INV-0000000222","freee請求書IDはあるがURLがない","FreeeId=56527545","IDから請求書URLを補完する"
"Medium","Freee情報不足","Invoice__c","a00RB00002Am2BDYAZ","INV-0000000223","freee請求書IDはあるがURLがない","FreeeId=56527548","IDから請求書URLを補完する"
"Medium","Freee情報不足","Invoice__c","a00RB00002Am2BEYAZ","INV-0000000224","freee請求書IDはあるがURLがない","FreeeId=56527550","IDから請求書URLを補完する"
"Medium","Freee情報不足","Invoice__c","a00RB00002Am2BFYAZ","INV-0000000225","freee請求書IDはあるがURLがない","FreeeId=56527551","IDから請求書URLを補完する"
"Medium","Freee情報不足","Invoice__c","a00RB00002Am2BGYAZ","INV-0000000226","freee請求書IDはあるがURLがない","FreeeId=56527553","IDから請求書URLを補完する"
"Medium","Freee情報不足","Invoice__c","a00RB00002Am2BHYAZ","INV-0000000227","freee請求書IDはあるがURLがない","FreeeId=54153856","IDから請求書URLを補完する"
"Medium","Freee情報不足","Invoice__c","a00RB00002Am2BIYAZ","INV-0000000228","freee請求書IDはあるがURLがない","FreeeId=54153858","IDから請求書URLを補完する"
"Medium","Freee情報不足","Invoice__c","a00RB00002Am2BJYAZ","INV-0000000229","freee請求書IDはあるがURLがない","FreeeId=54153862","IDから請求書URLを補完する"
"Medium","Freee情報不足","Invoice__c","a00RB00002Am2BKYAZ","INV-0000000230","freee請求書IDはあるがURLがない","FreeeId=54153865","IDから請求書URLを補完する"
"Medium","Freee情報不足","Invoice__c","a00RB00002Am2BLYAZ","INV-0000000231","freee請求書IDはあるがURLがない","FreeeId=54153866","IDから請求書URLを補完する"
"Medium","Freee情報不足","Invoice__c","a00RB00002Am2BMYAZ","INV-0000000232","freee請求書IDはあるがURLがない","FreeeId=54153874","IDから請求書URLを補完する"
"Medium","Freee情報不足","Invoice__c","a00RB00002Am2BNYAZ","INV-0000000233","freee請求書IDはあるがURLがない","FreeeId=54153880","IDから請求書URLを補完する"
"Medium","Freee情報不足","Invoice__c","a00RB00002Am2BOYAZ","INV-0000000234","freee請求書IDはあるがURLがない","FreeeId=54246390","IDから請求書URLを補完する"
"Medium","Freee情報不足","Invoice__c","a00RB00002Am2BPYAZ","INV-0000000235","freee請求書IDはあるがURLがない","FreeeId=63077933","IDから請求書URLを補完する"
"Medium","Freee情報不足","Invoice__c","a00RB00002Am2BQYAZ","INV-0000000236","freee請求書IDはあるがURLがない","FreeeId=63077936","IDから請求書URLを補完する"
"Medium","Freee情報不足","Invoice__c","a00RB00002Am2BRYAZ","INV-0000000237","freee請求書IDはあるがURLがない","FreeeId=63077941","IDから請求書URLを補完する"
"Medium","Freee情報不足","Invoice__c","a00RB00002Am2BSYAZ","INV-0000000238","freee請求書IDはあるがURLがない","FreeeId=63077943","IDから請求書URLを補完する"
"Medium","Freee情報不足","Invoice__c","a00RB00002Am2BTYAZ","INV-0000000239","freee請求書IDはあるがURLがない","FreeeId=63077948","IDから請求書URLを補完する"
"Medium","Freee情報不足","Invoice__c","a00RB00002Am2BUYAZ","INV-0000000240","freee請求書IDはあるがURLがない","FreeeId=63077953","IDから請求書URLを補完する"
"Medium","Freee情報不足","Invoice__c","a00RB00002Am2BVYAZ","INV-0000000241","freee請求書IDはあるがURLがない","FreeeId=63077959","IDから請求書URLを補完する"
"Medium","Freee情報不足","Invoice__c","a00RB00002Am2BWYAZ","INV-0000000242","freee請求書IDはあるがURLがない","FreeeId=63077961","IDから請求書URLを補完する"
"Medium","Freee情報不足","Invoice__c","a00RB00002Am2BXYAZ","INV-0000000243","freee請求書IDはあるがURLがない","FreeeId=63077963","IDから請求書URLを補完する"
"Medium","Freee情報不足","Invoice__c","a00RB00002Am2BYYAZ","INV-0000000244","freee請求書IDはあるがURLがない","FreeeId=63077966","IDから請求書URLを補完する"
"Medium","Freee情報不足","Invoice__c","a00RB00002Am2BZYAZ","INV-0000000245","freee請求書IDはあるがURLがない","FreeeId=63077968","IDから請求書URLを補完する"
"Medium","Freee情報不足","Invoice__c","a00RB00002Am2BaYAJ","INV-0000000246","freee請求書IDはあるがURLがない","FreeeId=63077971","IDから請求書URLを補完する"
"Medium","Freee情報不足","Invoice__c","a00RB00002Am2BbYAJ","INV-0000000247","freee請求書IDはあるがURLがない","FreeeId=63077973","IDから請求書URLを補完する"
"Medium","Freee情報不足","Invoice__c","a00RB00002Am2BcYAJ","INV-0000000248","freee請求書IDはあるがURLがない","FreeeId=63077976","IDから請求書URLを補完する"
"Medium","Freee情報不足","Invoice__c","a00RB00002Am2BdYAJ","INV-0000000249","freee請求書IDはあるがURLがない","FreeeId=63077979","IDから請求書URLを補完する"
"Medium","Freee情報不足","Invoice__c","a00RB00002Am2BeYAJ","INV-0000000250","freee請求書IDはあるがURLがない","FreeeId=63077983","IDから請求書URLを補完する"
"Medium","Freee情報不足","Invoice__c","a00RB00002Am2BfYAJ","INV-0000000251","freee請求書IDはあるがURLがない","FreeeId=63077986","IDから請求書URLを補完する"
"Medium","Freee情報不足","Invoice__c","a00RB00002Am2BgYAJ","INV-0000000252","freee請求書IDはあるがURLがない","FreeeId=63077990","IDから請求書URLを補完する"
"Medium","Freee情報不足","Invoice__c","a00RB00002Am2BhYAJ","INV-0000000253","freee請求書IDはあるがURLがない","FreeeId=63124834","IDから請求書URLを補完する"
"Medium","Freee情報不足","Invoice__c","a00RB00002Am2BiYAJ","INV-0000000254","freee請求書IDはあるがURLがない","FreeeId=63125492","IDから請求書URLを補完する"
"Medium","Freee情報不足","Invoice__c","a00RB00002Am2BjYAJ","INV-0000000255","freee請求書IDはあるがURLがない","FreeeId=63150558","IDから請求書URLを補完する"
"Medium","Freee情報不足","Invoice__c","a00RB00002Am2BkYAJ","INV-0000000256","freee請求書IDはあるがURLがない","FreeeId=63150563","IDから請求書URLを補完する"
"Medium","Freee情報不足","Invoice__c","a00RB00002Am2BlYAJ","INV-0000000257","freee請求書IDはあるがURLがない","FreeeId=63150566","IDから請求書URLを補完する"
"Medium","Freee情報不足","Invoice__c","a00RB00002Am2BmYAJ","INV-0000000258","freee請求書IDはあるがURLがない","FreeeId=63150567","IDから請求書URLを補完する"
"Medium","Freee情報不足","Invoice__c","a00RB00002Am2BnYAJ","INV-0000000259","freee請求書IDはあるがURLがない","FreeeId=63150543","IDから請求書URLを補完する"
"Medium","Freee情報不足","Invoice__c","a00RB00002Am2BoYAJ","INV-0000000260","freee請求書IDはあるがURLがない","FreeeId=63150569","IDから請求書URLを補完する"
"Medium","Freee情報不足","Invoice__c","a00RB00002Am2BpYAJ","INV-0000000261","freee請求書IDはあるがURLがない","FreeeId=63150571","IDから請求書URLを補完する"
"Medium","Freee情報不足","Invoice__c","a00RB00002Am2BqYAJ","INV-0000000262","freee請求書IDはあるがURLがない","FreeeId=63150572","IDから請求書URLを補完する"
"Medium","Freee情報不足","Invoice__c","a00RB00002Am2BrYAJ","INV-0000000263","freee請求書IDはあるがURLがない","FreeeId=63150579","IDから請求書URLを補完する"
"Medium","Freee情報不足","Invoice__c","a00RB00002Am2BsYAJ","INV-0000000264","freee請求書IDはあるがURLがない","FreeeId=63150581","IDから請求書URLを補完する"
"Medium","Freee情報不足","Invoice__c","a00RB00002AvrgkYAB","INV-0000000265","freee請求書IDはあるがURLがない","FreeeId=54153831","IDから請求書URLを補完する"
"Medium","Freee情報不足","Invoice__c","a00RB00002AvrglYAB","INV-0000000266","freee請求書IDはあるがURLがない","FreeeId=58573609","IDから請求書URLを補完する"
"Medium","Freee情報不足","Invoice__c","a00RB00002AvrgmYAB","INV-0000000267","freee請求書IDはあるがURLがない","FreeeId=63150541","IDから請求書URLを補完する"
"Medium","Freee情報不足","Invoice__c","a00RB00002AyE69YAF","INV-0000000268","freee請求書IDはあるがURLがない","FreeeId=54153837","IDから請求書URLを補完する"
"Medium","Freee情報不足","Invoice__c","a00RB00002AyE6AYAV","INV-0000000269","freee請求書IDはあるがURLがない","FreeeId=56527562","IDから請求書URLを補完する"
"Medium","Freee情報不足","Invoice__c","a00RB00002AyE6BYAV","INV-0000000270","freee請求書IDはあるがURLがない","FreeeId=56527563","IDから請求書URLを補完する"
"Medium","Freee情報不足","Invoice__c","a00RB00002AyE6CYAV","INV-0000000271","freee請求書IDはあるがURLがない","FreeeId=58573596","IDから請求書URLを補完する"
"Medium","Freee情報不足","Invoice__c","a00RB00002AyE6DYAV","INV-0000000272","freee請求書IDはあるがURLがない","FreeeId=58573618","IDから請求書URLを補完する"
"Medium","Freee情報不足","Invoice__c","a00RB00002AyE6EYAV","INV-0000000273","freee請求書IDはあるがURLがない","FreeeId=58573658","IDから請求書URLを補完する"
"Medium","Freee情報不足","Invoice__c","a00RB00002AyE6FYAV","INV-0000000274","freee請求書IDはあるがURLがない","FreeeId=58573661","IDから請求書URLを補完する"
"Medium","Freee情報不足","Invoice__c","a00RB00002AyE6GYAV","INV-0000000275","freee請求書IDはあるがURLがない","FreeeId=56527533","IDから請求書URLを補完する"
"Medium","Freee情報不足","Invoice__c","a00RB00002AyE6HYAV","INV-0000000276","freee請求書IDはあるがURLがない","FreeeId=54153869","IDから請求書URLを補完する"
"Medium","Freee情報不足","Invoice__c","a00RB00002AyE6IYAV","INV-0000000277","freee請求書IDはあるがURLがない","FreeeId=54153871","IDから請求書URLを補完する"
"Medium","Freee情報不足","Invoice__c","a00RB00002AyE6JYAV","INV-0000000278","freee請求書IDはあるがURLがない","FreeeId=63077925","IDから請求書URLを補完する"
"Medium","Freee情報不足","Invoice__c","a00RB00002AyE6KYAV","INV-0000000279","freee請求書IDはあるがURLがない","FreeeId=63077945","IDから請求書URLを補完する"
"Medium","Freee情報不足","Invoice__c","a00RB00002AyE6LYAV","INV-0000000280","freee請求書IDはあるがURLがない","FreeeId=63150536","IDから請求書URLを補完する"
"Medium","Freee情報不足","Invoice__c","a00RB00002AyE6MYAV","INV-0000000281","freee請求書IDはあるがURLがない","FreeeId=63150546","IDから請求書URLを補完する"
"Medium","Freee情報不足","Invoice__c","a00RB00002AyE6NYAV","INV-0000000282","freee請求書IDはあるがURLがない","FreeeId=63150574","IDから請求書URLを補完する"
"Medium","Freee情報不足","Invoice__c","a00RB00002AyE6OYAV","INV-0000000283","freee請求書IDはあるがURLがない","FreeeId=63150577","IDから請求書URLを補完する"
"Medium","Freee情報不足","Invoice__c","a00RB00002B0dy5YAB","INV-0000000284","freee請求書IDはあるがURLがない","FreeeId=56527560","IDから請求書URLを補完する"
"Medium","Freee情報不足","Invoice__c","a00RB00002B0dy6YAB","INV-0000000285","freee請求書IDはあるがURLがない","FreeeId=58573656","IDから請求書URLを補完する"
"Medium","Freee情報不足","Invoice__c","a00RB00002B0dy7YAB","INV-0000000286","freee請求書IDはあるがURLがない","FreeeId=54153867","IDから請求書URLを補完する"
"Medium","Freee情報不足","Invoice__c","a00RB00002B0dy8YAB","INV-0000000287","freee請求書IDはあるがURLがない","FreeeId=63150573","IDから請求書URLを補完する"
"Medium","Freee情報不足","Invoice__c","a00RB00002AyetYYAR","INV-0000000288","freee請求書IDはあるがURLがない","FreeeId=54153832","IDから請求書URLを補完する"
"Medium","Freee情報不足","Invoice__c","a00RB00002AyetZYAR","INV-0000000289","freee請求書IDはあるがURLがない","FreeeId=54153838","IDから請求書URLを補完する"
"Medium","Freee情報不足","Invoice__c","a00RB00002AyetaYAB","INV-0000000290","freee請求書IDはあるがURLがない","FreeeId=54153841","IDから請求書URLを補完する"
"Medium","Freee情報不足","Invoice__c","a00RB00002AyetbYAB","INV-0000000291","freee請求書IDはあるがURLがない","FreeeId=58573604","IDから請求書URLを補完する"
"Medium","Freee情報不足","Invoice__c","a00RB00002AyetcYAB","INV-0000000292","freee請求書IDはあるがURLがない","FreeeId=58573611","IDから請求書URLを補完する"
"Medium","Freee情報不足","Invoice__c","a00RB00002AyetdYAB","INV-0000000293","freee請求書IDはあるがURLがない","FreeeId=58573620","IDから請求書URLを補完する"
"Medium","Freee情報不足","Invoice__c","a00RB00002AyeteYAB","INV-0000000294","freee請求書IDはあるがURLがない","FreeeId=58573624","IDから請求書URLを補完する"
"Medium","Freee情報不足","Invoice__c","a00RB00002AyetfYAB","INV-0000000295","freee請求書IDはあるがURLがない","FreeeId=56527528","IDから請求書URLを補完する"
"Medium","Freee情報不足","Invoice__c","a00RB00002AyetgYAB","INV-0000000296","freee請求書IDはあるがURLがない","FreeeId=56527535","IDから請求書URLを補完する"
"Medium","Freee情報不足","Invoice__c","a00RB00002AyethYAB","INV-0000000297","freee請求書IDはあるがURLがない","FreeeId=56527537","IDから請求書URLを補完する"
"Medium","Freee情報不足","Invoice__c","a00RB00002AyetiYAB","INV-0000000298","freee請求書IDはあるがURLがない","FreeeId=63150549","IDから請求書URLを補完する"
"Medium","Freee情報不足","Invoice__c","a00RB00002AyetjYAB","INV-0000000299","freee請求書IDはあるがURLがない","FreeeId=63150540","IDから請求書URLを補完する"
"Medium","Freee情報不足","Invoice__c","a00RB00002AyetkYAB","INV-0000000300","freee請求書IDはあるがURLがない","FreeeId=63150542","IDから請求書URLを補完する"
"Medium","Freee情報不足","Invoice__c","a00RB00002AyetlYAB","INV-0000000301","freee請求書IDはあるがURLがない","FreeeId=63150547","IDから請求書URLを補完する"
"Medium","Freee情報不足","Invoice__c","a00RB00002B4i3EYAR","INV-0000000302","freee請求書IDはあるがURLがない","FreeeId=60861169","IDから請求書URLを補完する"
"Medium","Freee情報不足","Invoice__c","a00RB00002B4i3FYAR","INV-0000000303","freee請求書IDはあるがURLがない","FreeeId=60861170","IDから請求書URLを補完する"
"Medium","Freee情報不足","Invoice__c","a00RB00002B4i3GYAR","INV-0000000304","freee請求書IDはあるがURLがない","FreeeId=60861171","IDから請求書URLを補完する"
"Medium","Freee情報不足","Invoice__c","a00RB00002B4i3HYAR","INV-0000000305","freee請求書IDはあるがURLがない","FreeeId=60861179","IDから請求書URLを補完する"
"Medium","Freee情報不足","Invoice__c","a00RB00002B4i3IYAR","INV-0000000306","freee請求書IDはあるがURLがない","FreeeId=60861188","IDから請求書URLを補完する"
"Medium","Freee情報不足","Invoice__c","a00RB00002B4i3JYAR","INV-0000000307","freee請求書IDはあるがURLがない","FreeeId=60861191","IDから請求書URLを補完する"
"Medium","Freee情報不足","Invoice__c","a00RB00002B4i3KYAR","INV-0000000308","freee請求書IDはあるがURLがない","FreeeId=60792923","IDから請求書URLを補完する"
"Medium","Freee情報不足","Invoice__c","a00RB00002B4i3LYAR","INV-0000000309","freee請求書IDはあるがURLがない","FreeeId=60861154","IDから請求書URLを補完する"
"Medium","Freee情報不足","Invoice__c","a00RB00002B4i3MYAR","INV-0000000310","freee請求書IDはあるがURLがない","FreeeId=60861155","IDから請求書URLを補完する"
"Medium","Freee情報不足","Invoice__c","a00RB00002B4i3NYAR","INV-0000000311","freee請求書IDはあるがURLがない","FreeeId=60861167","IDから請求書URLを補完する"
"Medium","Freee情報不足","Invoice__c","a00RB00002B4i3OYAR","INV-0000000312","freee請求書IDはあるがURLがない","FreeeId=60904124","IDから請求書URLを補完する"
"Medium","Freee情報不足","Invoice__c","a00RB00002B4i3PYAR","INV-0000000313","freee請求書IDはあるがURLがない","FreeeId=60905395","IDから請求書URLを補完する"
"Medium","Freee情報不足","Invoice__c","a00RB00002B4i3QYAR","INV-0000000314","freee請求書IDはあるがURLがない","FreeeId=60907136","IDから請求書URLを補完する"
"Medium","Freee情報不足","Invoice__c","a00RB00002B4i3RYAR","INV-0000000315","freee請求書IDはあるがURLがない","FreeeId=60946048","IDから請求書URLを補完する"
"Medium","Freee情報不足","Invoice__c","a00RB00002B4i3SYAR","INV-0000000316","freee請求書IDはあるがURLがない","FreeeId=60952846","IDから請求書URLを補完する"
"Medium","Freee情報不足","Invoice__c","a00RB00002B4i3TYAR","INV-0000000317","freee請求書IDはあるがURLがない","FreeeId=60953721","IDから請求書URLを補完する"
"Medium","Freee情報不足","Invoice__c","a00RB00002B4i3UYAR","INV-0000000318","freee請求書IDはあるがURLがない","FreeeId=54248066","IDから請求書URLを補完する"
"Medium","Freee情報不足","Invoice__c","a00RB00002B4i3VYAR","INV-0000000319","freee請求書IDはあるがURLがない","FreeeId=54153830","IDから請求書URLを補完する"
"Medium","Freee情報不足","Invoice__c","a00RB00002B4i3WYAR","INV-0000000320","freee請求書IDはあるがURLがない","FreeeId=54153835","IDから請求書URLを補完する"
"Medium","Freee情報不足","Invoice__c","a00RB00002B4i3XYAR","INV-0000000321","freee請求書IDはあるがURLがない","FreeeId=54153843","IDから請求書URLを補完する"
"Medium","Freee情報不足","Invoice__c","a00RB00002B4i3YYAR","INV-0000000322","freee請求書IDはあるがURLがない","FreeeId=54153844","IDから請求書URLを補完する"
"Medium","Freee情報不足","Invoice__c","a00RB00002B4i3ZYAR","INV-0000000323","freee請求書IDはあるがURLがない","FreeeId=54153845","IDから請求書URLを補完する"
"Medium","Freee情報不足","Invoice__c","a00RB00002B4i3aYAB","INV-0000000324","freee請求書IDはあるがURLがない","FreeeId=54153846","IDから請求書URLを補完する"
"Medium","Freee情報不足","Invoice__c","a00RB00002B4i3bYAB","INV-0000000325","freee請求書IDはあるがURLがない","FreeeId=54153848","IDから請求書URLを補完する"
"Medium","Freee情報不足","Invoice__c","a00RB00002B4i3cYAB","INV-0000000326","freee請求書IDはあるがURLがない","FreeeId=56527554","IDから請求書URLを補完する"
"Medium","Freee情報不足","Invoice__c","a00RB00002B4i3dYAB","INV-0000000327","freee請求書IDはあるがURLがない","FreeeId=56527564","IDから請求書URLを補完する"
"Medium","Freee情報不足","Invoice__c","a00RB00002B4i3eYAB","INV-0000000328","freee請求書IDはあるがURLがない","FreeeId=56527566","IDから請求書URLを補完する"
"Medium","Freee情報不足","Invoice__c","a00RB00002B4i3fYAB","INV-0000000329","freee請求書IDはあるがURLがない","FreeeId=56679018","IDから請求書URLを補完する"
"Medium","Freee情報不足","Invoice__c","a00RB00002B4i3gYAB","INV-0000000330","freee請求書IDはあるがURLがない","FreeeId=56680866","IDから請求書URLを補完する"
"Medium","Freee情報不足","Invoice__c","a00RB00002B4i3hYAB","INV-0000000331","freee請求書IDはあるがURLがない","FreeeId=56682295","IDから請求書URLを補完する"
"Medium","Freee情報不足","Invoice__c","a00RB00002B4i3iYAB","INV-0000000332","freee請求書IDはあるがURLがない","FreeeId=56692848","IDから請求書URLを補完する"
"Medium","Freee情報不足","Invoice__c","a00RB00002B4i3jYAB","INV-0000000333","freee請求書IDはあるがURLがない","FreeeId=56701208","IDから請求書URLを補完する"
"Medium","Freee情報不足","Invoice__c","a00RB00002B4i3kYAB","INV-0000000334","freee請求書IDはあるがURLがない","FreeeId=58573601","IDから請求書URLを補完する"
"Medium","Freee情報不足","Invoice__c","a00RB00002B4i3lYAB","INV-0000000335","freee請求書IDはあるがURLがない","FreeeId=58573606","IDから請求書URLを補完する"
"Medium","Freee情報不足","Invoice__c","a00RB00002B4i3mYAB","INV-0000000336","freee請求書IDはあるがURLがない","FreeeId=58573608","IDから請求書URLを補完する"
"Medium","Freee情報不足","Invoice__c","a00RB00002B4i3nYAB","INV-0000000337","freee請求書IDはあるがURLがない","FreeeId=58573626","IDから請求書URLを補完する"
"Medium","Freee情報不足","Invoice__c","a00RB00002B4i3oYAB","INV-0000000338","freee請求書IDはあるがURLがない","FreeeId=58573627","IDから請求書URLを補完する"
"Medium","Freee情報不足","Invoice__c","a00RB00002B4i3pYAB","INV-0000000339","freee請求書IDはあるがURLがない","FreeeId=58573629","IDから請求書URLを補完する"
"Medium","Freee情報不足","Invoice__c","a00RB00002B4i3qYAB","INV-0000000340","freee請求書IDはあるがURLがない","FreeeId=58573631","IDから請求書URLを補完する"
"Medium","Freee情報不足","Invoice__c","a00RB00002B4i3rYAB","INV-0000000341","freee請求書IDはあるがURLがない","FreeeId=58573632","IDから請求書URLを補完する"
"Medium","Freee情報不足","Invoice__c","a00RB00002B4i3sYAB","INV-0000000342","freee請求書IDはあるがURLがない","FreeeId=58573642","IDから請求書URLを補完する"
"Medium","Freee情報不足","Invoice__c","a00RB00002B4i3tYAB","INV-0000000343","freee請求書IDはあるがURLがない","FreeeId=58573647","IDから請求書URLを補完する"
"Medium","Freee情報不足","Invoice__c","a00RB00002B4i3uYAB","INV-0000000344","freee請求書IDはあるがURLがない","FreeeId=58573663","IDから請求書URLを補完する"
"Medium","Freee情報不足","Invoice__c","a00RB00002B4i3vYAB","INV-0000000345","freee請求書IDはあるがURLがない","FreeeId=58573667","IDから請求書URLを補完する"
"Medium","Freee情報不足","Invoice__c","a00RB00002B4i3wYAB","INV-0000000346","freee請求書IDはあるがURLがない","FreeeId=58691585","IDから請求書URLを補完する"
"Medium","Freee情報不足","Invoice__c","a00RB00002B4i3xYAB","INV-0000000347","freee請求書IDはあるがURLがない","FreeeId=58708849","IDから請求書URLを補完する"
"Medium","Freee情報不足","Invoice__c","a00RB00002B4i3yYAB","INV-0000000348","freee請求書IDはあるがURLがない","FreeeId=58710933","IDから請求書URLを補完する"
"Medium","Freee情報不足","Invoice__c","a00RB00002B4i3zYAB","INV-0000000349","freee請求書IDはあるがURLがない","FreeeId=56527538","IDから請求書URLを補完する"
"Medium","Freee情報不足","Invoice__c","a00RB00002B4i40YAB","INV-0000000350","freee請求書IDはあるがURLがない","FreeeId=56527539","IDから請求書URLを補完する"
"Medium","Freee情報不足","Invoice__c","a00RB00002B4i41YAB","INV-0000000351","freee請求書IDはあるがURLがない","FreeeId=56527540","IDから請求書URLを補完する"
"Medium","Freee情報不足","Invoice__c","a00RB00002B4i42YAB","INV-0000000352","freee請求書IDはあるがURLがない","FreeeId=56527541","IDから請求書URLを補完する"
"Medium","Freee情報不足","Invoice__c","a00RB00002B4i43YAB","INV-0000000353","freee請求書IDはあるがURLがない","FreeeId=56527544","IDから請求書URLを補完する"
"Medium","Freee情報不足","Invoice__c","a00RB00002B4i44YAB","INV-0000000354","freee請求書IDはあるがURLがない","FreeeId=56527552","IDから請求書URLを補完する"
"Medium","Freee情報不足","Invoice__c","a00RB00002B4i45YAB","INV-0000000355","freee請求書IDはあるがURLがない","FreeeId=54153857","IDから請求書URLを補完する"
"Medium","Freee情報不足","Invoice__c","a00RB00002B4i46YAB","INV-0000000356","freee請求書IDはあるがURLがない","FreeeId=54153860","IDから請求書URLを補完する"
"Medium","Freee情報不足","Invoice__c","a00RB00002B4i47YAB","INV-0000000357","freee請求書IDはあるがURLがない","FreeeId=54153872","IDから請求書URLを補完する"
"Medium","Freee情報不足","Invoice__c","a00RB00002B4i48YAB","INV-0000000358","freee請求書IDはあるがURLがない","FreeeId=54153877","IDから請求書URLを補完する"
"Medium","Freee情報不足","Invoice__c","a00RB00002B4i49YAB","INV-0000000359","freee請求書IDはあるがURLがない","FreeeId=54246103","IDから請求書URLを補完する"
"Medium","Freee情報不足","Invoice__c","a00RB00002B4i4AYAR","INV-0000000360","freee請求書IDはあるがURLがない","FreeeId=54246260","IDから請求書URLを補完する"
"Medium","Freee情報不足","Invoice__c","a00RB00002B4i4BYAR","INV-0000000361","freee請求書IDはあるがURLがない","FreeeId=63077917","IDから請求書URLを補完する"
"Medium","Freee情報不足","Invoice__c","a00RB00002B4i4CYAR","INV-0000000362","freee請求書IDはあるがURLがない","FreeeId=63077927","IDから請求書URLを補完する"
"Medium","Freee情報不足","Invoice__c","a00RB00002B4i4DYAR","INV-0000000363","freee請求書IDはあるがURLがない","FreeeId=63077938","IDから請求書URLを補完する"
"Medium","Freee情報不足","Invoice__c","a00RB00002B4i4EYAR","INV-0000000364","freee請求書IDはあるがURLがない","FreeeId=63077950","IDから請求書URLを補完する"
"Medium","Freee情報不足","Invoice__c","a00RB00002B4i4FYAR","INV-0000000365","freee請求書IDはあるがURLがない","FreeeId=63077988","IDから請求書URLを補完する"
"Medium","Freee情報不足","Invoice__c","a00RB00002B4i4GYAR","INV-0000000366","freee請求書IDはあるがURLがない","FreeeId=63077993","IDから請求書URLを補完する"
"Medium","Freee情報不足","Invoice__c","a00RB00002B4i4HYAR","INV-0000000367","freee請求書IDはあるがURLがない","FreeeId=63077995","IDから請求書URLを補完する"
"Medium","Freee情報不足","Invoice__c","a00RB00002B4i4IYAR","INV-0000000368","freee請求書IDはあるがURLがない","FreeeId=63125666","IDから請求書URLを補完する"
"Medium","Freee情報不足","Invoice__c","a00RB00002B4i4JYAR","INV-0000000369","freee請求書IDはあるがURLがない","FreeeId=63125722","IDから請求書URLを補完する"
"Medium","Freee情報不足","Invoice__c","a00RB00002B4i4KYAR","INV-0000000370","freee請求書IDはあるがURLがない","FreeeId=63150551","IDから請求書URLを補完する"
"Medium","Freee情報不足","Invoice__c","a00RB00002B4i4LYAR","INV-0000000371","freee請求書IDはあるがURLがない","FreeeId=63150553","IDから請求書URLを補完する"
"Medium","Freee情報不足","Invoice__c","a00RB00002B4i4MYAR","INV-0000000372","freee請求書IDはあるがURLがない","FreeeId=63150554","IDから請求書URLを補完する"
"Medium","Freee情報不足","Invoice__c","a00RB00002B4i4NYAR","INV-0000000373","freee請求書IDはあるがURLがない","FreeeId=63150555","IDから請求書URLを補完する"
"Medium","Freee情報不足","Invoice__c","a00RB00002B4i4OYAR","INV-0000000374","freee請求書IDはあるがURLがない","FreeeId=63150568","IDから請求書URLを補完する"
"Medium","Freee情報不足","Invoice__c","a00RB00002B4i4PYAR","INV-0000000375","freee請求書IDはあるがURLがない","FreeeId=63150570","IDから請求書URLを補完する"
"Medium","Freee情報不足","Invoice__c","a00RB00002B4i4QYAR","INV-0000000376","freee請求書IDはあるがURLがない","FreeeId=63150578","IDから請求書URLを補完する"
"Medium","Freee情報不足","Invoice__c","a00RB00002B4i4RYAR","INV-0000000377","freee請求書IDはあるがURLがない","FreeeId=63150580","IDから請求書URLを補完する"
"Medium","Freee情報不足","Invoice__c","a00RB00002B2ejcYAB","INV-0000000378","freee請求書IDはあるがURLがない","FreeeId=60861181","IDから請求書URLを補完する"
"Medium","Freee情報不足","Invoice__c","a00RB00002B2ejdYAB","INV-0000000379","freee請求書IDはあるがURLがない","FreeeId=60861159","IDから請求書URLを補完する"
"Medium","Freee情報不足","Invoice__c","a00RB00002B5oL2YAJ","INV-0000000380","freee請求書IDはあるがURLがない","FreeeId=60861161","IDから請求書URLを補完する"
"Medium","Freee情報不足","Invoice__c","a00RB00002B5oL3YAJ","INV-0000000381","freee請求書IDはあるがURLがない","FreeeId=60906771","IDから請求書URLを補完する"
"Medium","Freee情報不足","Invoice__c","a00RB00002B5oL4YAJ","INV-0000000382","freee請求書IDはあるがURLがない","FreeeId=60952602","IDから請求書URLを補完する"
"Medium","Freee情報不足","Invoice__c","a00RB00002B5oL5YAJ","INV-0000000383","freee請求書IDはあるがURLがない","FreeeId=54249842","IDから請求書URLを補完する"
"Medium","Freee情報不足","Invoice__c","a00RB00002B5oL6YAJ","INV-0000000384","freee請求書IDはあるがURLがない","FreeeId=54153834","IDから請求書URLを補完する"
"Medium","Freee情報不足","Invoice__c","a00RB00002B5oL7YAJ","INV-0000000385","freee請求書IDはあるがURLがない","FreeeId=54153836","IDから請求書URLを補完する"
"Medium","Freee情報不足","Invoice__c","a00RB00002B5oL8YAJ","INV-0000000386","freee請求書IDはあるがURLがない","FreeeId=54153839","IDから請求書URLを補完する"
"Medium","Freee情報不足","Invoice__c","a00RB00002B5oL9YAJ","INV-0000000387","freee請求書IDはあるがURLがない","FreeeId=56676178","IDから請求書URLを補完する"
"Medium","Freee情報不足","Invoice__c","a00RB00002B5oLAYAZ","INV-0000000388","freee請求書IDはあるがURLがない","FreeeId=56678351","IDから請求書URLを補完する"
"Medium","Freee情報不足","Invoice__c","a00RB00002B5oLBYAZ","INV-0000000389","freee請求書IDはあるがURLがない","FreeeId=56678813","IDから請求書URLを補完する"
"Medium","Freee情報不足","Invoice__c","a00RB00002B5oLCYAZ","INV-0000000390","freee請求書IDはあるがURLがない","FreeeId=58573616","IDから請求書URLを補完する"
"Medium","Freee情報不足","Invoice__c","a00RB00002B5oLDYAZ","INV-0000000391","freee請求書IDはあるがURLがない","FreeeId=58690508","IDから請求書URLを補完する"
"Medium","Freee情報不足","Invoice__c","a00RB00002B5oLEYAZ","INV-0000000392","freee請求書IDはあるがURLがない","FreeeId=58690758","IDから請求書URLを補完する"
"Medium","Freee情報不足","Invoice__c","a00RB00002B5oLFYAZ","INV-0000000393","freee請求書IDはあるがURLがない","FreeeId=58709686","IDから請求書URLを補完する"
"Medium","Freee情報不足","Invoice__c","a00RB00002B5oLGYAZ","INV-0000000394","freee請求書IDはあるがURLがない","FreeeId=58712318","IDから請求書URLを補完する"
"Medium","Freee情報不足","Invoice__c","a00RB00002B5oLHYAZ","INV-0000000395","freee請求書IDはあるがURLがない","FreeeId=56527532","IDから請求書URLを補完する"
"Medium","Freee情報不足","Invoice__c","a00RB00002B5oLIYAZ","INV-0000000396","freee請求書IDはあるがURLがない","FreeeId=54153863","IDから請求書URLを補完する"
"Medium","Freee情報不足","Invoice__c","a00RB00002B5oLJYAZ","INV-0000000397","freee請求書IDはあるがURLがない","FreeeId=63077956","IDから請求書URLを補完する"
"Medium","Freee情報不足","Invoice__c","a00RB00002B5oLKYAZ","INV-0000000398","freee請求書IDはあるがURLがない","FreeeId=63125575","IDから請求書URLを補完する"
"Medium","Freee情報不足","Invoice__c","a00RB00002B5oLLYAZ","INV-0000000399","freee請求書IDはあるがURLがない","FreeeId=63127138","IDから請求書URLを補完する"
"Medium","Freee情報不足","Invoice__c","a00RB00002B5oLMYAZ","INV-0000000400","freee請求書IDはあるがURLがない","FreeeId=63150545","IDから請求書URLを補完する"
"Medium","Freee情報不足","Invoice__c","a00RB00002B5xxmYAB","INV-0000000401","freee請求書IDはあるがURLがない","FreeeId=58573621","IDから請求書URLを補完する"
"Medium","Freee情報不足","Invoice__c","a00RB00002B5xxnYAB","INV-0000000402","freee請求書IDはあるがURLがない","FreeeId=56527536","IDから請求書URLを補完する"
"Medium","Freee情報不足","Invoice__c","a00RB00002BZaqsYAD","INV-0000000405","freee請求書IDはあるがURLがない","FreeeId=58573614","IDから請求書URLを補完する"
"Medium","Freee情報不足","Invoice__c","a00RB00002BZaqtYAD","INV-0000000406","freee請求書IDはあるがURLがない","FreeeId=56527531","IDから請求書URLを補完する"
"Medium","Freee情報不足","Invoice__c","a00RB00002BZaquYAD","INV-0000000407","freee請求書IDはあるがURLがない","FreeeId=63150544","IDから請求書URLを補完する"
"Medium","Freee情報不足","Invoice__c","a00RB00002BahLdYAJ","INV-0000000408","freee請求書IDはあるがURLがない","FreeeId=60970507","IDから請求書URLを補完する"
"Medium","Freee情報不足","Invoice__c","a00RB00002BahLeYAJ","INV-0000000409","freee請求書IDはあるがURLがない","FreeeId=61624916","IDから請求書URLを補完する"
"Medium","Freee情報不足","Invoice__c","a00RB00002BahLfYAJ","INV-0000000410","freee請求書IDはあるがURLがない","FreeeId=62159546","IDから請求書URLを補完する"
"Medium","Freee情報不足","Invoice__c","a00RB00002BbzTPYAZ","INV-0000000413","freee請求書IDはあるがURLがない","FreeeId=50683953","IDから請求書URLを補完する"
"Medium","Freee情報不足","Invoice__c","a00RB00002BbzTQYAZ","INV-0000000414","freee請求書IDはあるがURLがない","FreeeId=52182829","IDから請求書URLを補完する"
"Medium","Freee情報不足","Invoice__c","a00RB00002BbzTRYAZ","INV-0000000415","freee請求書IDはあるがURLがない","FreeeId=46403134","IDから請求書URLを補完する"
"Medium","月末不一致","ContractLineItem__c","a03RB00001VK8GnYAL","a03RB00001VK8Gn","対象期間終了日が対象月末ではない","Start=2026-06-29, End=2026-07-31, Expected=2026-07-28","対象期間終了日を月末へ修正する"
"Medium","月末不一致","ContractLineItem__c","a03RB00001VUaoaYAD","a03RB00001VUaoa","対象期間終了日が対象月末ではない","Start=2026-06-01, End=2027-05-31, Expected=2026-06-30","対象期間終了日を月末へ修正する"
"Medium","月末不一致","ContractLineItem__c","a03RB00001VUaobYAD","a03RB00001VUaob","対象期間終了日が対象月末ではない","Start=2026-07-01, End=2027-06-30, Expected=2026-07-31","対象期間終了日を月末へ修正する"
"Medium","月末不一致","ContractLineItem__c","a03RB00001VUaocYAD","a03RB00001VUaoc","対象期間終了日が対象月末ではない","Start=2026-07-01, End=2027-06-30, Expected=2026-07-31","対象期間終了日を月末へ修正する"
"Medium","月末不一致","ContractLineItem__c","a03RB00001VUaoUYAT","a03RB00001VUaoU","対象期間終了日が対象月末ではない","Start=2026-07-01, End=2027-06-30, Expected=2026-07-31","対象期間終了日を月末へ修正する"
"Medium","月末不一致","ContractLineItem__c","a03RB00001VUaoVYAT","a03RB00001VUaoV","対象期間終了日が対象月末ではない","Start=2026-06-01, End=2027-05-31, Expected=2026-06-30","対象期間終了日を月末へ修正する"
"Medium","月末不一致","ContractLineItem__c","a03RB00001VUaoWYAT","a03RB00001VUaoW","対象期間終了日が対象月末ではない","Start=2026-06-01, End=2027-05-31, Expected=2026-06-30","対象期間終了日を月末へ修正する"
"Medium","月末不一致","ContractLineItem__c","a03RB00001VUaoXYAT","a03RB00001VUaoX","対象期間終了日が対象月末ではない","Start=2026-06-01, End=2027-05-31, Expected=2026-06-30","対象期間終了日を月末へ修正する"
"Medium","月末不一致","ContractLineItem__c","a03RB00001VUaoYYAT","a03RB00001VUaoY","対象期間終了日が対象月末ではない","Start=2026-06-01, End=2027-05-31, Expected=2026-06-30","対象期間終了日を月末へ修正する"
"Medium","月末不一致","ContractLineItem__c","a03RB00001VUaoZYAT","a03RB00001VUaoZ","対象期間終了日が対象月末ではない","Start=2026-06-01, End=2027-05-31, Expected=2026-06-30","対象期間終了日を月末へ修正する"
"Medium","月末不一致","ContractLineItem__c","a03RB00001VWEoiYAH","a03RB00001VWEoi","対象期間終了日が対象月末ではない","Start=2026-01-01, End=2026-12-31, Expected=2026-01-31","対象期間終了日を月末へ修正する"
"Medium","月末不一致","ContractLineItem__c","a03RB00001VWEojYAH","a03RB00001VWEoj","対象期間終了日が対象月末ではない","Start=2026-01-01, End=2026-12-31, Expected=2026-01-31","対象期間終了日を月末へ修正する"
"Medium","月末不一致","ContractLineItem__c","a03RB00001VXL07YAH","a03RB00001VXL07","対象期間終了日が対象月末ではない","Start=2026-01-01, End=2026-12-31, Expected=2026-01-31","対象期間終了日を月末へ修正する"
"Medium","月末不一致","ContractLineItem__c","a03RB00001VXL08YAH","a03RB00001VXL08","対象期間終了日が対象月末ではない","Start=2026-02-01, End=2027-01-31, Expected=2026-02-28","対象期間終了日を月末へ修正する"
"Medium","参照不足","Invoice__c","a00RB000024Ux4gYAC","INV-0000000035","契約はあるが契約期間が未設定","Contract=a04RB00000kUAPzYAO","請求対象月を含む契約期間を設定する"
"Medium","参照不足","Invoice__c","a00RB000024Ux57YAC","INV-0000000062","契約はあるが契約期間が未設定","Contract=a04RB00000kUAPzYAO","請求対象月を含む契約期間を設定する"
"Medium","参照不足","Invoice__c","a00RB000027flsLYAQ","INV-0000000133","契約はあるが契約期間が未設定","Contract=a04RB00000kUAPzYAO","請求対象月を含む契約期間を設定する"
"Medium","参照不足","Invoice__c","a00RB00002BMqK5YAL","INV-0000000403","契約はあるが契約期間が未設定","Contract=a04RB00000n9hzBYAQ","請求対象月を含む契約期間を設定する"
"Medium","参照不足","Invoice__c","a00RB00002BOnJhYAL","INV-0000000404","契約はあるが契約期間が未設定","Contract=a04RB00000nA94DYAS","請求対象月を含む契約期間を設定する"
"Medium","商品不足","ContractLineItem__c","a03RB00001NswhiYAB","（三ヶ月のみ契約）前田建設工業株式会社_2026/01","商品マスタが未設定","Month=2026/01, Amount=75000","請求明細の商品・名称・金額から商品を確定する"
"Medium","商品不足","ContractLineItem__c","a03RB00001NswhjYAB","（三ヶ月のみ契約）前田建設工業株式会社_2026/02","商品マスタが未設定","Month=2026/02, Amount=75000","請求明細の商品・名称・金額から商品を確定する"
"Medium","商品不足","ContractLineItem__c","a03RB00001NswhkYAB","（三ヶ月のみ契約）前田建設工業株式会社_2026/03","商品マスタが未設定","Month=2026/03, Amount=75000","請求明細の商品・名称・金額から商品を確定する"
"Medium","商品不足","ContractLineItem__c","a03RB00001Nswa2YAB","47内装株式会社_2025/03","商品マスタが未設定","Month=2025/03, Amount=110000","請求明細の商品・名称・金額から商品を確定する"
"Medium","商品不足","ContractLineItem__c","a03RB00001Nswa3YAB","47内装株式会社_2025/04","商品マスタが未設定","Month=2025/04, Amount=110000","請求明細の商品・名称・金額から商品を確定する"
"Medium","商品不足","ContractLineItem__c","a03RB00001Nswa4YAB","47内装株式会社_2025/05","商品マスタが未設定","Month=2025/05, Amount=110000","請求明細の商品・名称・金額から商品を確定する"
"Medium","商品不足","ContractLineItem__c","a03RB00001Nswa5YAB","47内装株式会社_2025/06","商品マスタが未設定","Month=2025/06, Amount=55000","請求明細の商品・名称・金額から商品を確定する"
"Medium","商品不足","ContractLineItem__c","a03RB00001Nswa6YAB","47内装株式会社_2025/07","商品マスタが未設定","Month=2025/07, Amount=55000","請求明細の商品・名称・金額から商品を確定する"
"Medium","商品不足","ContractLineItem__c","a03RB00001Nswa7YAB","47内装株式会社_2025/08","商品マスタが未設定","Month=2025/08, Amount=55000","請求明細の商品・名称・金額から商品を確定する"
"Medium","商品不足","ContractLineItem__c","a03RB00001Nswa8YAB","47内装株式会社_2025/09","商品マスタが未設定","Month=2025/09, Amount=55000","請求明細の商品・名称・金額から商品を確定する"
"Medium","商品不足","ContractLineItem__c","a03RB00001Nswa9YAB","47内装株式会社_2025/10","商品マスタが未設定","Month=2025/10, Amount=55000","請求明細の商品・名称・金額から商品を確定する"
"Medium","商品不足","ContractLineItem__c","a03RB00001NswaAYAR","47内装株式会社_2025/11","商品マスタが未設定","Month=2025/11, Amount=55000","請求明細の商品・名称・金額から商品を確定する"
"Medium","商品不足","ContractLineItem__c","a03RB00001NswaBYAR","47内装株式会社_2025/12","商品マスタが未設定","Month=2025/12, Amount=55000","請求明細の商品・名称・金額から商品を確定する"
"Medium","商品不足","ContractLineItem__c","a03RB00001NswaCYAR","47内装株式会社_2026/01","商品マスタが未設定","Month=2026/01, Amount=55000","請求明細の商品・名称・金額から商品を確定する"
"Medium","商品不足","ContractLineItem__c","a03RB00001NswaDYAR","47内装株式会社_2026/02","商品マスタが未設定","Month=2026/02, Amount=55000","請求明細の商品・名称・金額から商品を確定する"
"Medium","商品不足","ContractLineItem__c","a03RB00001NswaEYAR","47内装株式会社_2026/03","商品マスタが未設定","Month=2026/03, Amount=55000","請求明細の商品・名称・金額から商品を確定する"
"Medium","商品不足","ContractLineItem__c","a03RB00001NswaFYAR","47内装株式会社_2026/04","商品マスタが未設定","Month=2026/04, Amount=55000","請求明細の商品・名称・金額から商品を確定する"
"Medium","商品不足","ContractLineItem__c","a03RB00001NswaGYAR","47内装株式会社_2026/05","商品マスタが未設定","Month=2026/05, Amount=55000","請求明細の商品・名称・金額から商品を確定する"
"Medium","商品不足","ContractLineItem__c","a03RB00001RIRErYAP","47内装株式会社_2026/06","商品マスタが未設定","Month=2026/06, Amount=55000","請求明細の商品・名称・金額から商品を確定する"
"Medium","商品不足","ContractLineItem__c","a03RB00001RcABSYA3","47内装株式会社_2026/07","商品マスタが未設定","Month=2026/07, Amount=55000","請求明細の商品・名称・金額から商品を確定する"
"Medium","商品不足","ContractLineItem__c","a03RB00001STmGzYAL","47内装株式会社_2026/08","商品マスタが未設定","Month=2026/08, Amount=55000","請求明細の商品・名称・金額から商品を確定する"
"Medium","商品不足","ContractLineItem__c","a03RB00001NswaHYAR","ANAスカイビルサービス株式会社 ※郵送希望_2025/04","商品マスタが未設定","Month=2025/04, Amount=16000","請求明細の商品・名称・金額から商品を確定する"
"Medium","商品不足","ContractLineItem__c","a03RB00001NswaIYAR","ANAスカイビルサービス株式会社 ※郵送希望_2025/05","商品マスタが未設定","Month=2025/05, Amount=16000","請求明細の商品・名称・金額から商品を確定する"
"Medium","商品不足","ContractLineItem__c","a03RB00001NswaJYAR","ANAスカイビルサービス株式会社 ※郵送希望_2025/06","商品マスタが未設定","Month=2025/06, Amount=16000","請求明細の商品・名称・金額から商品を確定する"
"Medium","商品不足","ContractLineItem__c","a03RB00001NswaKYAR","ANAスカイビルサービス株式会社 ※郵送希望_2025/07","商品マスタが未設定","Month=2025/07, Amount=16000","請求明細の商品・名称・金額から商品を確定する"
"Medium","商品不足","ContractLineItem__c","a03RB00001NswaLYAR","ANAスカイビルサービス株式会社 ※郵送希望_2025/08","商品マスタが未設定","Month=2025/08, Amount=16000","請求明細の商品・名称・金額から商品を確定する"
"Medium","商品不足","ContractLineItem__c","a03RB00001NswaMYAR","ANAスカイビルサービス株式会社 ※郵送希望_2025/09","商品マスタが未設定","Month=2025/09, Amount=16000","請求明細の商品・名称・金額から商品を確定する"
"Medium","商品不足","ContractLineItem__c","a03RB00001NswaNYAR","ANAスカイビルサービス株式会社 ※郵送希望_2025/10","商品マスタが未設定","Month=2025/10, Amount=16000","請求明細の商品・名称・金額から商品を確定する"
"Medium","商品不足","ContractLineItem__c","a03RB00001NswaOYAR","ANAスカイビルサービス株式会社 ※郵送希望_2025/11","商品マスタが未設定","Month=2025/11, Amount=16000","請求明細の商品・名称・金額から商品を確定する"
"Medium","商品不足","ContractLineItem__c","a03RB00001NswaPYAR","ANAスカイビルサービス株式会社 ※郵送希望_2025/12","商品マスタが未設定","Month=2025/12, Amount=16000","請求明細の商品・名称・金額から商品を確定する"
"Medium","商品不足","ContractLineItem__c","a03RB00001NswaQYAR","ANAスカイビルサービス株式会社 ※郵送希望_2026/01","商品マスタが未設定","Month=2026/01, Amount=16000","請求明細の商品・名称・金額から商品を確定する"
"Medium","商品不足","ContractLineItem__c","a03RB00001NswaRYAR","ANAスカイビルサービス株式会社 ※郵送希望_2026/02","商品マスタが未設定","Month=2026/02, Amount=16000","請求明細の商品・名称・金額から商品を確定する"
"Medium","商品不足","ContractLineItem__c","a03RB00001NswaSYAR","ANAスカイビルサービス株式会社 ※郵送希望_2026/03","商品マスタが未設定","Month=2026/03, Amount=16000","請求明細の商品・名称・金額から商品を確定する"
"Medium","商品不足","ContractLineItem__c","a03RB00001NswaTYAR","ANAスカイビルサービス株式会社 ※郵送希望_2026/04","商品マスタが未設定","Month=2026/04, Amount=16000","請求明細の商品・名称・金額から商品を確定する"
"Medium","商品不足","ContractLineItem__c","a03RB00001NswaUYAR","ANAスカイビルサービス株式会社 ※郵送希望_2026/05","商品マスタが未設定","Month=2026/05, Amount=16000","請求明細の商品・名称・金額から商品を確定する"
"Medium","商品不足","ContractLineItem__c","a03RB00001RIREtYAP","ANAスカイビルサービス株式会社　※郵送希望_2026/06","商品マスタが未設定","Month=2026/06, Amount=16000","請求明細の商品・名称・金額から商品を確定する"
"Medium","商品不足","ContractLineItem__c","a03RB00001RcABUYA3","ANAスカイビルサービス株式会社　※郵送希望_2026/07","商品マスタが未設定","Month=2026/07, Amount=16000","請求明細の商品・名称・金額から商品を確定する"
"Medium","商品不足","ContractLineItem__c","a03RB00001STmH0YAL","ANAスカイビルサービス株式会社　※郵送希望_2026/08","商品マスタが未設定","Month=2026/08, Amount=16000","請求明細の商品・名称・金額から商品を確定する"
"Medium","商品不足","ContractLineItem__c","a03RB00001NsweUYAR","JOA株式会社_2025/09","商品マスタが未設定","Month=2025/09, Amount=55000","請求明細の商品・名称・金額から商品を確定する"
"Medium","商品不足","ContractLineItem__c","a03RB00001NsweVYAR","JOA株式会社_2025/10","商品マスタが未設定","Month=2025/10, Amount=55000","請求明細の商品・名称・金額から商品を確定する"
"Medium","商品不足","ContractLineItem__c","a03RB00001NsweWYAR","JOA株式会社_2025/11","商品マスタが未設定","Month=2025/11, Amount=55000","請求明細の商品・名称・金額から商品を確定する"
"Medium","商品不足","ContractLineItem__c","a03RB00001NsweXYAR","JOA株式会社_2025/12","商品マスタが未設定","Month=2025/12, Amount=55000","請求明細の商品・名称・金額から商品を確定する"
"Medium","商品不足","ContractLineItem__c","a03RB00001NsweYYAR","JOA株式会社_2026/01","商品マスタが未設定","Month=2026/01, Amount=55000","請求明細の商品・名称・金額から商品を確定する"
"Medium","商品不足","ContractLineItem__c","a03RB00001NsweZYAR","JOA株式会社_2026/02","商品マスタが未設定","Month=2026/02, Amount=55000","請求明細の商品・名称・金額から商品を確定する"
"Medium","商品不足","ContractLineItem__c","a03RB00001NsweaYAB","JOA株式会社_2026/03","商品マスタが未設定","Month=2026/03, Amount=55000","請求明細の商品・名称・金額から商品を確定する"
"Medium","商品不足","ContractLineItem__c","a03RB00001NswebYAB","JOA株式会社_2026/04","商品マスタが未設定","Month=2026/04, Amount=55000","請求明細の商品・名称・金額から商品を確定する"
"Medium","商品不足","ContractLineItem__c","a03RB00001NswecYAB","JOA株式会社_2026/05","商品マスタが未設定","Month=2026/05, Amount=55000","請求明細の商品・名称・金額から商品を確定する"
"Medium","商品不足","ContractLineItem__c","a03RB00001RIRF6YAP","JOA株式会社_2026/06","商品マスタが未設定","Month=2026/06, Amount=55000","請求明細の商品・名称・金額から商品を確定する"
"Medium","商品不足","ContractLineItem__c","a03RB00001RcABiYAN","JOA株式会社_2026/07","商品マスタが未設定","Month=2026/07, Amount=55000","請求明細の商品・名称・金額から商品を確定する"
"Medium","商品不足","ContractLineItem__c","a03RB00001STmH9YAL","JOA株式会社_2026/08","商品マスタが未設定","Month=2026/08, Amount=55000","請求明細の商品・名称・金額から商品を確定する"
"Medium","商品不足","ContractLineItem__c","a03RB00001NswkbYAB","NTTファシリティーズ株式会社_2026/06","商品マスタが未設定","Month=2026/06, Amount=1500000","請求明細の商品・名称・金額から商品を確定する"
"Medium","商品不足","ContractLineItem__c","a03RB00001RcACLYA3","NTTファシリティーズ株式会社_2026/07","商品マスタが未設定","Month=2026/07, Amount=1500000","請求明細の商品・名称・金額から商品を確定する"
"Medium","商品不足","ContractLineItem__c","a03RB00001STmHfYAL","NTTファシリティーズ株式会社_2026/08","商品マスタが未設定","Month=2026/08, Amount=1500000","請求明細の商品・名称・金額から商品を確定する"
"Medium","商品不足","ContractLineItem__c","a03RB00001NswX7YAJ","studio55_2024/09","商品マスタが未設定","Month=2024/09, Amount=","請求明細の商品・名称・金額から商品を確定する"
"Medium","商品不足","ContractLineItem__c","a03RB00001Nswl3YAB","studio55_2024/09","商品マスタが未設定","Month=2024/09, Amount=","請求明細の商品・名称・金額から商品を確定する"
"Medium","商品不足","ContractLineItem__c","a03RB00001NswX8YAJ","studio55_2024/10","商品マスタが未設定","Month=2024/10, Amount=","請求明細の商品・名称・金額から商品を確定する"
"Medium","商品不足","ContractLineItem__c","a03RB00001Nswl4YAB","studio55_2024/10","商品マスタが未設定","Month=2024/10, Amount=","請求明細の商品・名称・金額から商品を確定する"
"Medium","商品不足","ContractLineItem__c","a03RB00001NswX9YAJ","studio55_2024/11","商品マスタが未設定","Month=2024/11, Amount=","請求明細の商品・名称・金額から商品を確定する"
"Medium","商品不足","ContractLineItem__c","a03RB00001Nswl5YAB","studio55_2024/11","商品マスタが未設定","Month=2024/11, Amount=","請求明細の商品・名称・金額から商品を確定する"
"Medium","商品不足","ContractLineItem__c","a03RB00001RIREdYAP","studio55_2026/06","商品マスタが未設定","Month=2026/06, Amount=","請求明細の商品・名称・金額から商品を確定する"
"Medium","商品不足","ContractLineItem__c","a03RB00001RcABDYA3","studio55_2026/07","商品マスタが未設定","Month=2026/07, Amount=","請求明細の商品・名称・金額から商品を確定する"
"Medium","商品不足","ContractLineItem__c","a03RB00001STmGuYAL","studio55_2026/08","商品マスタが未設定","Month=2026/08, Amount=","請求明細の商品・名称・金額から商品を確定する"
"Medium","商品不足","ContractLineItem__c","a03RB00001Nswc5YAB","アイリスオーヤマ（ストアデザイン部）_2025/05","商品マスタが未設定","Month=2025/05, Amount=24000","請求明細の商品・名称・金額から商品を確定する"
"Medium","商品不足","ContractLineItem__c","a03RB00001NswdMYAR","アイリスオーヤマ（ストアデザイン部）_2025/06","商品マスタが未設定","Month=2025/06, Amount=44000","請求明細の商品・名称・金額から商品を確定する"
"Medium","商品不足","ContractLineItem__c","a03RB00001NswdNYAR","アイリスオーヤマ（ストアデザイン部）_2025/07","商品マスタが未設定","Month=2025/07, Amount=44000","請求明細の商品・名称・金額から商品を確定する"
"Medium","商品不足","ContractLineItem__c","a03RB00001NswdOYAR","アイリスオーヤマ（ストアデザイン部）_2025/08","商品マスタが未設定","Month=2025/08, Amount=44000","請求明細の商品・名称・金額から商品を確定する"
"Medium","商品不足","ContractLineItem__c","a03RB00001NswdPYAR","アイリスオーヤマ（ストアデザイン部）_2025/09","商品マスタが未設定","Month=2025/09, Amount=44000","請求明細の商品・名称・金額から商品を確定する"
"Medium","商品不足","ContractLineItem__c","a03RB00001NswdQYAR","アイリスオーヤマ（ストアデザイン部）_2025/10","商品マスタが未設定","Month=2025/10, Amount=44000","請求明細の商品・名称・金額から商品を確定する"
"Medium","商品不足","ContractLineItem__c","a03RB00001NswdRYAR","アイリスオーヤマ（ストアデザイン部）_2025/11","商品マスタが未設定","Month=2025/11, Amount=44000","請求明細の商品・名称・金額から商品を確定する"
"Medium","商品不足","ContractLineItem__c","a03RB00001NswdSYAR","アイリスオーヤマ（ストアデザイン部）_2025/12","商品マスタが未設定","Month=2025/12, Amount=44000","請求明細の商品・名称・金額から商品を確定する"
"Medium","商品不足","ContractLineItem__c","a03RB00001NswdTYAR","アイリスオーヤマ（ストアデザイン部）_2026/01","商品マスタが未設定","Month=2026/01, Amount=44000","請求明細の商品・名称・金額から商品を確定する"
"Medium","商品不足","ContractLineItem__c","a03RB00001NswdUYAR","アイリスオーヤマ（ストアデザイン部）_2026/02","商品マスタが未設定","Month=2026/02, Amount=44000","請求明細の商品・名称・金額から商品を確定する"
"Medium","商品不足","ContractLineItem__c","a03RB00001NswdVYAR","アイリスオーヤマ（ストアデザイン部）_2026/03","商品マスタが未設定","Month=2026/03, Amount=44000","請求明細の商品・名称・金額から商品を確定する"
"Medium","商品不足","ContractLineItem__c","a03RB00001NswdWYAR","アイリスオーヤマ（ストアデザイン部）_2026/04","商品マスタが未設定","Month=2026/04, Amount=44000","請求明細の商品・名称・金額から商品を確定する"
"Medium","商品不足","ContractLineItem__c","a03RB00001NswdXYAR","アイリスオーヤマ（ストアデザイン部）_2026/05","商品マスタが未設定","Month=2026/05, Amount=44000","請求明細の商品・名称・金額から商品を確定する"
"Medium","商品不足","ContractLineItem__c","a03RB00001RIREyYAP","アイリスオーヤマ（ストアデザイン部）_2026/06","商品マスタが未設定","Month=2026/06, Amount=44000","請求明細の商品・名称・金額から商品を確定する"
"Medium","商品不足","ContractLineItem__c","a03RB00001RcABaYAN","アイリスオーヤマ（ストアデザイン部）_2026/07","商品マスタが未設定","Month=2026/07, Amount=44000","請求明細の商品・名称・金額から商品を確定する"
"Medium","商品不足","ContractLineItem__c","a03RB00001STmH6YAL","アイリスオーヤマ（ストアデザイン部）_2026/08","商品マスタが未設定","Month=2026/08, Amount=44000","請求明細の商品・名称・金額から商品を確定する"
"Medium","商品不足","ContractLineItem__c","a03RB00001Nswc6YAB","アイリスオーヤマ（空間デザイン部）_2025/05","商品マスタが未設定","Month=2025/05, Amount=8000","請求明細の商品・名称・金額から商品を確定する"
"Medium","商品不足","ContractLineItem__c","a03RB00001NswdYYAR","アイリスオーヤマ（空間デザイン部）_2025/06","商品マスタが未設定","Month=2025/06, Amount=11000","請求明細の商品・名称・金額から商品を確定する"
"Medium","商品不足","ContractLineItem__c","a03RB00001NswdZYAR","アイリスオーヤマ（空間デザイン部）_2025/07","商品マスタが未設定","Month=2025/07, Amount=11000","請求明細の商品・名称・金額から商品を確定する"
"Medium","商品不足","ContractLineItem__c","a03RB00001NswdaYAB","アイリスオーヤマ（空間デザイン部）_2025/08","商品マスタが未設定","Month=2025/08, Amount=11000","請求明細の商品・名称・金額から商品を確定する"
"Medium","商品不足","ContractLineItem__c","a03RB00001NswdbYAB","アイリスオーヤマ（空間デザイン部）_2025/09","商品マスタが未設定","Month=2025/09, Amount=11000","請求明細の商品・名称・金額から商品を確定する"
"Medium","商品不足","ContractLineItem__c","a03RB00001NswdcYAB","アイリスオーヤマ（空間デザイン部）_2025/10","商品マスタが未設定","Month=2025/10, Amount=11000","請求明細の商品・名称・金額から商品を確定する"
"Medium","商品不足","ContractLineItem__c","a03RB00001NswddYAB","アイリスオーヤマ（空間デザイン部）_2025/11","商品マスタが未設定","Month=2025/11, Amount=11000","請求明細の商品・名称・金額から商品を確定する"
"Medium","商品不足","ContractLineItem__c","a03RB00001NswdeYAB","アイリスオーヤマ（空間デザイン部）_2025/12","商品マスタが未設定","Month=2025/12, Amount=11000","請求明細の商品・名称・金額から商品を確定する"
"Medium","商品不足","ContractLineItem__c","a03RB00001NswdfYAB","アイリスオーヤマ（空間デザイン部）_2026/01","商品マスタが未設定","Month=2026/01, Amount=11000","請求明細の商品・名称・金額から商品を確定する"
"Medium","商品不足","ContractLineItem__c","a03RB00001NswdgYAB","アイリスオーヤマ（空間デザイン部）_2026/02","商品マスタが未設定","Month=2026/02, Amount=11000","請求明細の商品・名称・金額から商品を確定する"
"Medium","商品不足","ContractLineItem__c","a03RB00001NswdhYAB","アイリスオーヤマ（空間デザイン部）_2026/03","商品マスタが未設定","Month=2026/03, Amount=11000","請求明細の商品・名称・金額から商品を確定する"
"Medium","商品不足","ContractLineItem__c","a03RB00001NswdiYAB","アイリスオーヤマ（空間デザイン部）_2026/04","商品マスタが未設定","Month=2026/04, Amount=11000","請求明細の商品・名称・金額から商品を確定する"
"Medium","商品不足","ContractLineItem__c","a03RB00001NswdjYAB","アイリスオーヤマ（空間デザイン部）_2026/05","商品マスタが未設定","Month=2026/05, Amount=11000","請求明細の商品・名称・金額から商品を確定する"
"Medium","商品不足","ContractLineItem__c","a03RB00001RIREzYAP","アイリスオーヤマ（空間デザイン部）_2026/06","商品マスタが未設定","Month=2026/06, Amount=11000","請求明細の商品・名称・金額から商品を確定する"
"Medium","商品不足","ContractLineItem__c","a03RB00001RcABbYAN","アイリスオーヤマ（空間デザイン部）_2026/07","商品マスタが未設定","Month=2026/07, Amount=11000","請求明細の商品・名称・金額から商品を確定する"
"Medium","商品不足","ContractLineItem__c","a03RB00001STmH7YAL","アイリスオーヤマ（空間デザイン部）_2026/08","商品マスタが未設定","Month=2026/08, Amount=11000","請求明細の商品・名称・金額から商品を確定する"
"Medium","商品不足","ContractLineItem__c","a03RB00001NswZkYAJ","アイリスチトセ株式会社_2025/04","商品マスタが未設定","Month=2025/04, Amount=16000","請求明細の商品・名称・金額から商品を確定する"
"Medium","商品不足","ContractLineItem__c","a03RB00001NswZlYAJ","アイリスチトセ株式会社_2025/05","商品マスタが未設定","Month=2025/05, Amount=16000","請求明細の商品・名称・金額から商品を確定する"
"Medium","商品不足","ContractLineItem__c","a03RB00001NswdAYAR","アイリスチトセ株式会社_2025/06","商品マスタが未設定","Month=2025/06, Amount=77000","請求明細の商品・名称・金額から商品を確定する"
"Medium","商品不足","ContractLineItem__c","a03RB00001NswdBYAR","アイリスチトセ株式会社_2025/07","商品マスタが未設定","Month=2025/07, Amount=77000","請求明細の商品・名称・金額から商品を確定する"
"Medium","商品不足","ContractLineItem__c","a03RB00001NswdCYAR","アイリスチトセ株式会社_2025/08","商品マスタが未設定","Month=2025/08, Amount=77000","請求明細の商品・名称・金額から商品を確定する"
"Medium","商品不足","ContractLineItem__c","a03RB00001NswdDYAR","アイリスチトセ株式会社_2025/09","商品マスタが未設定","Month=2025/09, Amount=77000","請求明細の商品・名称・金額から商品を確定する"
"Medium","商品不足","ContractLineItem__c","a03RB00001NswdEYAR","アイリスチトセ株式会社_2025/10","商品マスタが未設定","Month=2025/10, Amount=77000","請求明細の商品・名称・金額から商品を確定する"
"Medium","商品不足","ContractLineItem__c","a03RB00001NswdFYAR","アイリスチトセ株式会社_2025/11","商品マスタが未設定","Month=2025/11, Amount=77000","請求明細の商品・名称・金額から商品を確定する"
"Medium","商品不足","ContractLineItem__c","a03RB00001NswdGYAR","アイリスチトセ株式会社_2025/12","商品マスタが未設定","Month=2025/12, Amount=77000","請求明細の商品・名称・金額から商品を確定する"
"Medium","商品不足","ContractLineItem__c","a03RB00001NswdHYAR","アイリスチトセ株式会社_2026/01","商品マスタが未設定","Month=2026/01, Amount=77000","請求明細の商品・名称・金額から商品を確定する"
"Medium","商品不足","ContractLineItem__c","a03RB00001NswdIYAR","アイリスチトセ株式会社_2026/02","商品マスタが未設定","Month=2026/02, Amount=77000","請求明細の商品・名称・金額から商品を確定する"
"Medium","商品不足","ContractLineItem__c","a03RB00001NswdJYAR","アイリスチトセ株式会社_2026/03","商品マスタが未設定","Month=2026/03, Amount=77000","請求明細の商品・名称・金額から商品を確定する"
"Medium","商品不足","ContractLineItem__c","a03RB00001NswdKYAR","アイリスチトセ株式会社_2026/04","商品マスタが未設定","Month=2026/04, Amount=77000","請求明細の商品・名称・金額から商品を確定する"
"Medium","商品不足","ContractLineItem__c","a03RB00001NswdLYAR","アイリスチトセ株式会社_2026/05","商品マスタが未設定","Month=2026/05, Amount=77000","請求明細の商品・名称・金額から商品を確定する"
"Medium","商品不足","ContractLineItem__c","a03RB00001NswljYAB","アグレ都市デザイン株式会社_2024/09","商品マスタが未設定","Month=2024/09, Amount=11000","請求明細の商品・名称・金額から商品を確定する"
"Medium","商品不足","ContractLineItem__c","a03RB00001NswlkYAB","アグレ都市デザイン株式会社_2024/10","商品マスタが未設定","Month=2024/10, Amount=11000","請求明細の商品・名称・金額から商品を確定する"
"Medium","商品不足","ContractLineItem__c","a03RB00001NswllYAB","アグレ都市デザイン株式会社_2024/11","商品マスタが未設定","Month=2024/11, Amount=11000","請求明細の商品・名称・金額から商品を確定する"
"Medium","商品不足","ContractLineItem__c","a03RB00001NswlmYAB","アグレ都市デザイン株式会社_2024/12","商品マスタが未設定","Month=2024/12, Amount=11000","請求明細の商品・名称・金額から商品を確定する"
"Medium","商品不足","ContractLineItem__c","a03RB00001NswlnYAB","アグレ都市デザイン株式会社_2025/01","商品マスタが未設定","Month=2025/01, Amount=11000","請求明細の商品・名称・金額から商品を確定する"
"Medium","商品不足","ContractLineItem__c","a03RB00001NswloYAB","アグレ都市デザイン株式会社_2025/02","商品マスタが未設定","Month=2025/02, Amount=11000","請求明細の商品・名称・金額から商品を確定する"
"Medium","商品不足","ContractLineItem__c","a03RB00001NswlpYAB","アグレ都市デザイン株式会社_2025/03","商品マスタが未設定","Month=2025/03, Amount=11000","請求明細の商品・名称・金額から商品を確定する"
"Medium","商品不足","ContractLineItem__c","a03RB00001NswlqYAB","アグレ都市デザイン株式会社_2025/04","商品マスタが未設定","Month=2025/04, Amount=11000","請求明細の商品・名称・金額から商品を確定する"
"Medium","商品不足","ContractLineItem__c","a03RB00001NswlrYAB","アグレ都市デザイン株式会社_2025/05","商品マスタが未設定","Month=2025/05, Amount=11000","請求明細の商品・名称・金額から商品を確定する"
"Medium","商品不足","ContractLineItem__c","a03RB00001NswlsYAB","アグレ都市デザイン株式会社_2025/06","商品マスタが未設定","Month=2025/06, Amount=11000","請求明細の商品・名称・金額から商品を確定する"
"Medium","商品不足","ContractLineItem__c","a03RB00001NswltYAB","アグレ都市デザイン株式会社_2025/07","商品マスタが未設定","Month=2025/07, Amount=11000","請求明細の商品・名称・金額から商品を確定する"
"Medium","商品不足","ContractLineItem__c","a03RB00001NswluYAB","アグレ都市デザイン株式会社_2025/08","商品マスタが未設定","Month=2025/08, Amount=11000","請求明細の商品・名称・金額から商品を確定する"
"Medium","商品不足","ContractLineItem__c","a03RB00001NswlvYAB","アグレ都市デザイン株式会社_2025/09","商品マスタが未設定","Month=2025/09, Amount=11000","請求明細の商品・名称・金額から商品を確定する"
"Medium","商品不足","ContractLineItem__c","a03RB00001NswlwYAB","アグレ都市デザイン株式会社_2025/10","商品マスタが未設定","Month=2025/10, Amount=11000","請求明細の商品・名称・金額から商品を確定する"
"Medium","商品不足","ContractLineItem__c","a03RB00001NswlxYAB","アグレ都市デザイン株式会社_2025/11","商品マスタが未設定","Month=2025/11, Amount=11000","請求明細の商品・名称・金額から商品を確定する"
"Medium","商品不足","ContractLineItem__c","a03RB00001NswlyYAB","アグレ都市デザイン株式会社_2025/12","商品マスタが未設定","Month=2025/12, Amount=11000","請求明細の商品・名称・金額から商品を確定する"
"Medium","商品不足","ContractLineItem__c","a03RB00001NswlzYAB","アグレ都市デザイン株式会社_2026/01","商品マスタが未設定","Month=2026/01, Amount=11000","請求明細の商品・名称・金額から商品を確定する"
"Medium","商品不足","ContractLineItem__c","a03RB00001Nswm0YAB","アグレ都市デザイン株式会社_2026/02","商品マスタが未設定","Month=2026/02, Amount=11000","請求明細の商品・名称・金額から商品を確定する"
"Medium","商品不足","ContractLineItem__c","a03RB00001Nswm1YAB","アグレ都市デザイン株式会社_2026/03","商品マスタが未設定","Month=2026/03, Amount=11000","請求明細の商品・名称・金額から商品を確定する"
"Medium","商品不足","ContractLineItem__c","a03RB00001Nswm2YAB","アグレ都市デザイン株式会社_2026/04","商品マスタが未設定","Month=2026/04, Amount=11000","請求明細の商品・名称・金額から商品を確定する"
"Medium","商品不足","ContractLineItem__c","a03RB00001Nswm3YAB","アグレ都市デザイン株式会社_2026/05","商品マスタが未設定","Month=2026/05, Amount=11000","請求明細の商品・名称・金額から商品を確定する"
"Medium","商品不足","ContractLineItem__c","a03RB00001NswXoYAJ","インフィニティ株式会社_2024/11","商品マスタが未設定","Month=2024/11, Amount=8000","請求明細の商品・名称・金額から商品を確定する"
"Medium","商品不足","ContractLineItem__c","a03RB00001NswXpYAJ","インフィニティ株式会社_2024/12","商品マスタが未設定","Month=2024/12, Amount=8000","請求明細の商品・名称・金額から商品を確定する"
"Medium","商品不足","ContractLineItem__c","a03RB00001NswXqYAJ","インフィニティ株式会社_2025/01","商品マスタが未設定","Month=2025/01, Amount=8000","請求明細の商品・名称・金額から商品を確定する"
"Medium","商品不足","ContractLineItem__c","a03RB00001NswXrYAJ","インフィニティ株式会社_2025/02","商品マスタが未設定","Month=2025/02, Amount=8000","請求明細の商品・名称・金額から商品を確定する"
"Medium","商品不足","ContractLineItem__c","a03RB00001NswXsYAJ","インフィニティ株式会社_2025/03","商品マスタが未設定","Month=2025/03, Amount=8000","請求明細の商品・名称・金額から商品を確定する"
"Medium","商品不足","ContractLineItem__c","a03RB00001NswXtYAJ","インフィニティ株式会社_2025/04","商品マスタが未設定","Month=2025/04, Amount=8000","請求明細の商品・名称・金額から商品を確定する"
"Medium","商品不足","ContractLineItem__c","a03RB00001NswXuYAJ","インフィニティ株式会社_2025/05","商品マスタが未設定","Month=2025/05, Amount=8000","請求明細の商品・名称・金額から商品を確定する"
"Medium","商品不足","ContractLineItem__c","a03RB00001NswXvYAJ","インフィニティ株式会社_2025/06","商品マスタが未設定","Month=2025/06, Amount=8000","請求明細の商品・名称・金額から商品を確定する"
"Medium","商品不足","ContractLineItem__c","a03RB00001NswXwYAJ","インフィニティ株式会社_2025/07","商品マスタが未設定","Month=2025/07, Amount=8000","請求明細の商品・名称・金額から商品を確定する"
"Medium","商品不足","ContractLineItem__c","a03RB00001NswXxYAJ","インフィニティ株式会社_2025/08","商品マスタが未設定","Month=2025/08, Amount=8000","請求明細の商品・名称・金額から商品を確定する"
"Medium","商品不足","ContractLineItem__c","a03RB00001NswXyYAJ","インフィニティ株式会社_2025/09","商品マスタが未設定","Month=2025/09, Amount=8000","請求明細の商品・名称・金額から商品を確定する"
"Medium","商品不足","ContractLineItem__c","a03RB00001NswXzYAJ","インフィニティ株式会社_2025/10","商品マスタが未設定","Month=2025/10, Amount=8000","請求明細の商品・名称・金額から商品を確定する"
"Medium","商品不足","ContractLineItem__c","a03RB00001NswY0YAJ","インフィニティ株式会社_2025/11","商品マスタが未設定","Month=2025/11, Amount=8000","請求明細の商品・名称・金額から商品を確定する"
"Medium","商品不足","ContractLineItem__c","a03RB00001NswY1YAJ","インフィニティ株式会社_2025/12","商品マスタが未設定","Month=2025/12, Amount=8000","請求明細の商品・名称・金額から商品を確定する"
"Medium","商品不足","ContractLineItem__c","a03RB00001NswY2YAJ","インフィニティ株式会社_2026/01","商品マスタが未設定","Month=2026/01, Amount=8000","請求明細の商品・名称・金額から商品を確定する"
"Medium","商品不足","ContractLineItem__c","a03RB00001NswY3YAJ","インフィニティ株式会社_2026/02","商品マスタが未設定","Month=2026/02, Amount=8000","請求明細の商品・名称・金額から商品を確定する"
"Medium","商品不足","ContractLineItem__c","a03RB00001NswY4YAJ","インフィニティ株式会社_2026/03","商品マスタが未設定","Month=2026/03, Amount=8000","請求明細の商品・名称・金額から商品を確定する"
"Medium","商品不足","ContractLineItem__c","a03RB00001NswY5YAJ","インフィニティ株式会社_2026/04","商品マスタが未設定","Month=2026/04, Amount=8000","請求明細の商品・名称・金額から商品を確定する"
"Medium","商品不足","ContractLineItem__c","a03RB00001NswY6YAJ","インフィニティ株式会社_2026/05","商品マスタが未設定","Month=2026/05, Amount=8000","請求明細の商品・名称・金額から商品を確定する"
"Medium","商品不足","ContractLineItem__c","a03RB00001NswXAYAZ","コクヨ_2024/11","商品マスタが未設定","Month=2024/11, Amount=110000","請求明細の商品・名称・金額から商品を確定する"
"Medium","商品不足","ContractLineItem__c","a03RB00001NswXBYAZ","コクヨ_2024/12","商品マスタが未設定","Month=2024/12, Amount=110000","請求明細の商品・名称・金額から商品を確定する"
"Medium","商品不足","ContractLineItem__c","a03RB00001NswXCYAZ","コクヨ_2025/01","商品マスタが未設定","Month=2025/01, Amount=55000","請求明細の商品・名称・金額から商品を確定する"
"Medium","商品不足","ContractLineItem__c","a03RB00001NswXDYAZ","コクヨ_2025/02","商品マスタが未設定","Month=2025/02, Amount=55000","請求明細の商品・名称・金額から商品を確定する"
"Medium","商品不足","ContractLineItem__c","a03RB00001NswXEYAZ","コクヨ_2025/03","商品マスタが未設定","Month=2025/03, Amount=55000","請求明細の商品・名称・金額から商品を確定する"
"Medium","商品不足","ContractLineItem__c","a03RB00001NswYKYAZ","ジェイアール北海道エンジニアリング株式会社(大塚商会)_2024/12","商品マスタが未設定","Month=2024/12, Amount=6400","請求明細の商品・名称・金額から商品を確定する"
"Medium","商品不足","ContractLineItem__c","a03RB00001NswYLYAZ","ジェイアール北海道エンジニアリング株式会社(大塚商会)_2025/11","商品マスタが未設定","Month=2025/11, Amount=6400","請求明細の商品・名称・金額から商品を確定する"
"Medium","商品不足","ContractLineItem__c","a03RB00001NswYMYAZ","ジェイアール北海道エンジニアリング株式会社(大塚商会)_2025/12","商品マスタが未設定","Month=2025/12, Amount=6400","請求明細の商品・名称・金額から商品を確定する"
"Medium","商品不足","ContractLineItem__c","a03RB00001NswYNYAZ","ジェイアール北海道エンジニアリング株式会社(大塚商会)_2026/05","商品マスタが未設定","Month=2026/05, Amount=6400","請求明細の商品・名称・金額から商品を確定する"
"Medium","商品不足","ContractLineItem__c","a03RB00001NswYOYAZ","ジェイアール北海道エンジニアリング株式会社(大塚商会)_2026/06","商品マスタが未設定","Month=2026/06, Amount=6400","請求明細の商品・名称・金額から商品を確定する"
"Medium","商品不足","ContractLineItem__c","a03RB00001NswYPYAZ","ジェイアール北海道エンジニアリング株式会社(大塚商会)_2026/07","商品マスタが未設定","Month=2026/07, Amount=6400","請求明細の商品・名称・金額から商品を確定する"
"Medium","商品不足","ContractLineItem__c","a03RB00001NswYQYAZ","ジェイアール北海道エンジニアリング株式会社(大塚商会)_2026/08","商品マスタが未設定","Month=2026/08, Amount=6400","請求明細の商品・名称・金額から商品を確定する"
"Medium","商品不足","ContractLineItem__c","a03RB00001NswYRYAZ","ジェイアール北海道エンジニアリング株式会社(大塚商会)_2026/09","商品マスタが未設定","Month=2026/09, Amount=6400","請求明細の商品・名称・金額から商品を確定する"
"Medium","商品不足","ContractLineItem__c","a03RB00001NswYSYAZ","ジェイアール北海道エンジニアリング株式会社(大塚商会)_2026/10","商品マスタが未設定","Month=2026/10, Amount=6400","請求明細の商品・名称・金額から商品を確定する"
"Medium","商品不足","ContractLineItem__c","a03RB00001NswdkYAB","ショウワ グループ株式会社_2024/12","商品マスタが未設定","Month=2024/12, Amount=8000","請求明細の商品・名称・金額から商品を確定する"
"Medium","商品不足","ContractLineItem__c","a03RB00001NswdlYAB","ショウワ グループ株式会社_2025/01","商品マスタが未設定","Month=2025/01, Amount=8000","請求明細の商品・名称・金額から商品を確定する"
"Medium","商品不足","ContractLineItem__c","a03RB00001NswdmYAB","ショウワ グループ株式会社_2025/02","商品マスタが未設定","Month=2025/02, Amount=8000","請求明細の商品・名称・金額から商品を確定する"
"Medium","商品不足","ContractLineItem__c","a03RB00001NswdnYAB","ショウワ グループ株式会社_2025/03","商品マスタが未設定","Month=2025/03, Amount=8000","請求明細の商品・名称・金額から商品を確定する"
"Medium","商品不足","ContractLineItem__c","a03RB00001NswdoYAB","ショウワ グループ株式会社_2025/04","商品マスタが未設定","Month=2025/04, Amount=8000","請求明細の商品・名称・金額から商品を確定する"
"Medium","商品不足","ContractLineItem__c","a03RB00001NswdpYAB","ショウワ グループ株式会社_2025/05","商品マスタが未設定","Month=2025/05, Amount=8000","請求明細の商品・名称・金額から商品を確定する"
"Medium","商品不足","ContractLineItem__c","a03RB00001Nswl6YAB","タクエーホーム株式会社_2024/09","商品マスタが未設定","Month=2024/09, Amount=11000","請求明細の商品・名称・金額から商品を確定する"
"Medium","商品不足","ContractLineItem__c","a03RB00001Nswl7YAB","タクエーホーム株式会社_2024/10","商品マスタが未設定","Month=2024/10, Amount=11000","請求明細の商品・名称・金額から商品を確定する"
"Medium","商品不足","ContractLineItem__c","a03RB00001Nswl8YAB","タクエーホーム株式会社_2024/11","商品マスタが未設定","Month=2024/11, Amount=11000","請求明細の商品・名称・金額から商品を確定する"
"Medium","商品不足","ContractLineItem__c","a03RB00001Nswl9YAB","タクエーホーム株式会社_2024/12","商品マスタが未設定","Month=2024/12, Amount=11000","請求明細の商品・名称・金額から商品を確定する"
"Medium","商品不足","ContractLineItem__c","a03RB00001NswlAYAR","タクエーホーム株式会社_2025/01","商品マスタが未設定","Month=2025/01, Amount=11000","請求明細の商品・名称・金額から商品を確定する"
"Medium","商品不足","ContractLineItem__c","a03RB00001NswlBYAR","タクエーホーム株式会社_2025/02","商品マスタが未設定","Month=2025/02, Amount=11000","請求明細の商品・名称・金額から商品を確定する"
"Medium","商品不足","ContractLineItem__c","a03RB00001NswlCYAR","タクエーホーム株式会社_2025/03","商品マスタが未設定","Month=2025/03, Amount=11000","請求明細の商品・名称・金額から商品を確定する"
"Medium","商品不足","ContractLineItem__c","a03RB00001NswlDYAR","タクエーホーム株式会社_2025/04","商品マスタが未設定","Month=2025/04, Amount=11000","請求明細の商品・名称・金額から商品を確定する"
"Medium","商品不足","ContractLineItem__c","a03RB00001NswlEYAR","タクエーホーム株式会社_2025/05","商品マスタが未設定","Month=2025/05, Amount=11000","請求明細の商品・名称・金額から商品を確定する"
"Medium","商品不足","ContractLineItem__c","a03RB00001NswlFYAR","タクエーホーム株式会社_2025/06","商品マスタが未設定","Month=2025/06, Amount=11000","請求明細の商品・名称・金額から商品を確定する"
"Medium","商品不足","ContractLineItem__c","a03RB00001NswlGYAR","タクエーホーム株式会社_2025/07","商品マスタが未設定","Month=2025/07, Amount=11000","請求明細の商品・名称・金額から商品を確定する"
"Medium","商品不足","ContractLineItem__c","a03RB00001NswlHYAR","タクエーホーム株式会社_2025/08","商品マスタが未設定","Month=2025/08, Amount=11000","請求明細の商品・名称・金額から商品を確定する"
"Medium","商品不足","ContractLineItem__c","a03RB00001NswlIYAR","タクエーホーム株式会社_2025/09","商品マスタが未設定","Month=2025/09, Amount=11000","請求明細の商品・名称・金額から商品を確定する"
"Medium","商品不足","ContractLineItem__c","a03RB00001NswmNYAR","ドアーズ株式会社_2024/11","商品マスタが未設定","Month=2024/11, Amount=11000","請求明細の商品・名称・金額から商品を確定する"
"Medium","商品不足","ContractLineItem__c","a03RB00001NswmOYAR","ドアーズ株式会社_2024/12","商品マスタが未設定","Month=2024/12, Amount=11000","請求明細の商品・名称・金額から商品を確定する"
"Medium","商品不足","ContractLineItem__c","a03RB00001NswmPYAR","ドアーズ株式会社_2025/01","商品マスタが未設定","Month=2025/01, Amount=11000","請求明細の商品・名称・金額から商品を確定する"
"Medium","商品不足","ContractLineItem__c","a03RB00001NswmQYAR","ドアーズ株式会社_2025/02","商品マスタが未設定","Month=2025/02, Amount=11000","請求明細の商品・名称・金額から商品を確定する"
"Medium","商品不足","ContractLineItem__c","a03RB00001NswlPYAR","ハウスプラザ_2024/10","商品マスタが未設定","Month=2024/10, Amount=11000","請求明細の商品・名称・金額から商品を確定する"
"Medium","商品不足","ContractLineItem__c","a03RB00001NswlQYAR","ハウスプラザ_2024/11","商品マスタが未設定","Month=2024/11, Amount=11000","請求明細の商品・名称・金額から商品を確定する"
"Medium","商品不足","ContractLineItem__c","a03RB00001NswlRYAR","ハウスプラザ_2024/12","商品マスタが未設定","Month=2024/12, Amount=11000","請求明細の商品・名称・金額から商品を確定する"
"Medium","商品不足","ContractLineItem__c","a03RB00001NswlSYAR","ハウスプラザ_2025/01","商品マスタが未設定","Month=2025/01, Amount=11000","請求明細の商品・名称・金額から商品を確定する"
"Medium","商品不足","ContractLineItem__c","a03RB00001NswlTYAR","ハウスプラザ_2025/02","商品マスタが未設定","Month=2025/02, Amount=11000","請求明細の商品・名称・金額から商品を確定する"
"Medium","商品不足","ContractLineItem__c","a03RB00001NswlUYAR","ハウスプラザ_2025/03","商品マスタが未設定","Month=2025/03, Amount=11000","請求明細の商品・名称・金額から商品を確定する"
"Medium","商品不足","ContractLineItem__c","a03RB00001NswlVYAR","ハウスプラザ_2025/04","商品マスタが未設定","Month=2025/04, Amount=11000","請求明細の商品・名称・金額から商品を確定する"
"Medium","商品不足","ContractLineItem__c","a03RB00001NswlWYAR","ハウスプラザ_2025/05","商品マスタが未設定","Month=2025/05, Amount=11000","請求明細の商品・名称・金額から商品を確定する"
"Medium","商品不足","ContractLineItem__c","a03RB00001NswlXYAR","ハウスプラザ_2025/06","商品マスタが未設定","Month=2025/06, Amount=11000","請求明細の商品・名称・金額から商品を確定する"
"Medium","商品不足","ContractLineItem__c","a03RB00001NswlYYAR","ハウスプラザ_2025/07","商品マスタが未設定","Month=2025/07, Amount=11000","請求明細の商品・名称・金額から商品を確定する"
"Medium","商品不足","ContractLineItem__c","a03RB00001NswlZYAR","ハウスプラザ_2025/08","商品マスタが未設定","Month=2025/08, Amount=11000","請求明細の商品・名称・金額から商品を確定する"
"Medium","商品不足","ContractLineItem__c","a03RB00001NswlaYAB","ハウスプラザ_2025/09","商品マスタが未設定","Month=2025/09, Amount=11000","請求明細の商品・名称・金額から商品を確定する"
"Medium","商品不足","ContractLineItem__c","a03RB00001NswlbYAB","ハウスプラザ_2025/10","商品マスタが未設定","Month=2025/10, Amount=11000","請求明細の商品・名称・金額から商品を確定する"
"Medium","商品不足","ContractLineItem__c","a03RB00001NswlcYAB","ハウスプラザ_2025/11","商品マスタが未設定","Month=2025/11, Amount=11000","請求明細の商品・名称・金額から商品を確定する"
"Medium","商品不足","ContractLineItem__c","a03RB00001NswldYAB","ハウスプラザ_2025/12","商品マスタが未設定","Month=2025/12, Amount=11000","請求明細の商品・名称・金額から商品を確定する"
"Medium","商品不足","ContractLineItem__c","a03RB00001NswleYAB","ハウスプラザ_2026/01","商品マスタが未設定","Month=2026/01, Amount=11000","請求明細の商品・名称・金額から商品を確定する"
"Medium","商品不足","ContractLineItem__c","a03RB00001NswlfYAB","ハウスプラザ_2026/02","商品マスタが未設定","Month=2026/02, Amount=11000","請求明細の商品・名称・金額から商品を確定する"
"Medium","商品不足","ContractLineItem__c","a03RB00001NswlgYAB","ハウスプラザ_2026/03","商品マスタが未設定","Month=2026/03, Amount=11000","請求明細の商品・名称・金額から商品を確定する"
"Medium","商品不足","ContractLineItem__c","a03RB00001NswlhYAB","ハウスプラザ_2026/04","商品マスタが未設定","Month=2026/04, Amount=11000","請求明細の商品・名称・金額から商品を確定する"
"Medium","商品不足","ContractLineItem__c","a03RB00001NswliYAB","ハウスプラザ_2026/05","商品マスタが未設定","Month=2026/05, Amount=11000","請求明細の商品・名称・金額から商品を確定する"
"Medium","商品不足","ContractLineItem__c","a03RB00001RIREhYAP","ハウスプラザ_2026/06","商品マスタが未設定","Month=2026/06, Amount=11000","請求明細の商品・名称・金額から商品を確定する"
"Medium","商品不足","ContractLineItem__c","a03RB00001RcABHYA3","ハウスプラザ_2026/07","商品マスタが未設定","Month=2026/07, Amount=11000","請求明細の商品・名称・金額から商品を確定する"
"Medium","商品不足","ContractLineItem__c","a03RB00001STmHhYAL","ハウスプラザ_2026/08","商品マスタが未設定","Month=2026/08, Amount=11000","請求明細の商品・名称・金額から商品を確定する"
"Medium","商品不足","ContractLineItem__c","a03RB00001NswrdYAB","ホームトレードセンター株式会社_2025/08","商品マスタが未設定","Month=2025/08, Amount=11000","請求明細の商品・名称・金額から商品を確定する"
"Medium","商品不足","ContractLineItem__c","a03RB00001NswreYAB","ホームトレードセンター株式会社_2025/09","商品マスタが未設定","Month=2025/09, Amount=11000","請求明細の商品・名称・金額から商品を確定する"
"Medium","商品不足","ContractLineItem__c","a03RB00001NswrfYAB","ホームトレードセンター株式会社_2025/10","商品マスタが未設定","Month=2025/10, Amount=11000","請求明細の商品・名称・金額から商品を確定する"
"Medium","商品不足","ContractLineItem__c","a03RB00001NswrgYAB","ホームトレードセンター株式会社_2025/11","商品マスタが未設定","Month=2025/11, Amount=11000","請求明細の商品・名称・金額から商品を確定する"
"Medium","商品不足","ContractLineItem__c","a03RB00001NswrhYAB","ホームトレードセンター株式会社_2025/12","商品マスタが未設定","Month=2025/12, Amount=11000","請求明細の商品・名称・金額から商品を確定する"
"Medium","商品不足","ContractLineItem__c","a03RB00001NswriYAB","ホームトレードセンター株式会社_2026/01","商品マスタが未設定","Month=2026/01, Amount=11000","請求明細の商品・名称・金額から商品を確定する"
"Medium","商品不足","ContractLineItem__c","a03RB00001NswrjYAB","ホームトレードセンター株式会社_2026/02","商品マスタが未設定","Month=2026/02, Amount=11000","請求明細の商品・名称・金額から商品を確定する"
"Medium","商品不足","ContractLineItem__c","a03RB00001NswrkYAB","ホームトレードセンター株式会社_2026/03","商品マスタが未設定","Month=2026/03, Amount=11000","請求明細の商品・名称・金額から商品を確定する"
"Medium","商品不足","ContractLineItem__c","a03RB00001NswrlYAB","ホームトレードセンター株式会社_2026/04","商品マスタが未設定","Month=2026/04, Amount=11000","請求明細の商品・名称・金額から商品を確定する"
"Medium","商品不足","ContractLineItem__c","a03RB00001NswrmYAB","ホームトレードセンター株式会社_2026/05","商品マスタが未設定","Month=2026/05, Amount=11000","請求明細の商品・名称・金額から商品を確定する"
"Medium","商品不足","ContractLineItem__c","a03RB00001RIRF4YAP","ホームトレードセンター株式会社_2026/06","商品マスタが未設定","Month=2026/06, Amount=11000","請求明細の商品・名称・金額から商品を確定する"
"Medium","商品不足","ContractLineItem__c","a03RB00001RcABgYAN","ホームトレードセンター株式会社_2026/07","商品マスタが未設定","Month=2026/07, Amount=11000","請求明細の商品・名称・金額から商品を確定する"
"Medium","商品不足","ContractLineItem__c","a03RB00001STmHsYAL","ホームトレードセンター株式会社_2026/08","商品マスタが未設定","Month=2026/08, Amount=11000","請求明細の商品・名称・金額から商品を確定する"
"Medium","商品不足","ContractLineItem__c","a03RB00001NswWnYAJ","ムゲンエステート_2024/10","商品マスタが未設定","Month=2024/10, Amount=8000","請求明細の商品・名称・金額から商品を確定する"
"Medium","商品不足","ContractLineItem__c","a03RB00001NswkkYAB","ムゲンエステート_2024/10","商品マスタが未設定","Month=2024/10, Amount=11000","請求明細の商品・名称・金額から商品を確定する"
"Medium","商品不足","ContractLineItem__c","a03RB00001NswWoYAJ","ムゲンエステート_2024/11","商品マスタが未設定","Month=2024/11, Amount=8000","請求明細の商品・名称・金額から商品を確定する"
"Medium","商品不足","ContractLineItem__c","a03RB00001NswklYAB","ムゲンエステート_2024/11","商品マスタが未設定","Month=2024/11, Amount=11000","請求明細の商品・名称・金額から商品を確定する"
"Medium","商品不足","ContractLineItem__c","a03RB00001NswWpYAJ","ムゲンエステート_2024/12","商品マスタが未設定","Month=2024/12, Amount=8000","請求明細の商品・名称・金額から商品を確定する"
"Medium","商品不足","ContractLineItem__c","a03RB00001NswkmYAB","ムゲンエステート_2024/12","商品マスタが未設定","Month=2024/12, Amount=11000","請求明細の商品・名称・金額から商品を確定する"
"Medium","商品不足","ContractLineItem__c","a03RB00001NswknYAB","ムゲンエステート_2025/01","商品マスタが未設定","Month=2025/01, Amount=11000","請求明細の商品・名称・金額から商品を確定する"
"Medium","商品不足","ContractLineItem__c","a03RB00001NswWqYAJ","ムゲンエステート_2025/01","商品マスタが未設定","Month=2025/01, Amount=8000","請求明細の商品・名称・金額から商品を確定する"
"Medium","商品不足","ContractLineItem__c","a03RB00001NswWrYAJ","ムゲンエステート_2025/02","商品マスタが未設定","Month=2025/02, Amount=8000","請求明細の商品・名称・金額から商品を確定する"
"Medium","商品不足","ContractLineItem__c","a03RB00001NswkoYAB","ムゲンエステート_2025/02","商品マスタが未設定","Month=2025/02, Amount=11000","請求明細の商品・名称・金額から商品を確定する"
"Medium","商品不足","ContractLineItem__c","a03RB00001NswWsYAJ","ムゲンエステート_2025/03","商品マスタが未設定","Month=2025/03, Amount=8000","請求明細の商品・名称・金額から商品を確定する"
"Medium","商品不足","ContractLineItem__c","a03RB00001NswkpYAB","ムゲンエステート_2025/03","商品マスタが未設定","Month=2025/03, Amount=11000","請求明細の商品・名称・金額から商品を確定する"
"Medium","商品不足","ContractLineItem__c","a03RB00001NswkqYAB","ムゲンエステート_2025/04","商品マスタが未設定","Month=2025/04, Amount=11000","請求明細の商品・名称・金額から商品を確定する"
"Medium","商品不足","ContractLineItem__c","a03RB00001NswWtYAJ","ムゲンエステート_2025/04","商品マスタが未設定","Month=2025/04, Amount=8000","請求明細の商品・名称・金額から商品を確定する"
"Medium","商品不足","ContractLineItem__c","a03RB00001NswkrYAB","ムゲンエステート_2025/05","商品マスタが未設定","Month=2025/05, Amount=11000","請求明細の商品・名称・金額から商品を確定する"
"Medium","商品不足","ContractLineItem__c","a03RB00001NswWuYAJ","ムゲンエステート_2025/05","商品マスタが未設定","Month=2025/05, Amount=8000","請求明細の商品・名称・金額から商品を確定する"
"Medium","商品不足","ContractLineItem__c","a03RB00001NswWvYAJ","ムゲンエステート_2025/06","商品マスタが未設定","Month=2025/06, Amount=8000","請求明細の商品・名称・金額から商品を確定する"
"Medium","商品不足","ContractLineItem__c","a03RB00001NswksYAB","ムゲンエステート_2025/06","商品マスタが未設定","Month=2025/06, Amount=11000","請求明細の商品・名称・金額から商品を確定する"
"Medium","商品不足","ContractLineItem__c","a03RB00001NswktYAB","ムゲンエステート_2025/07","商品マスタが未設定","Month=2025/07, Amount=11000","請求明細の商品・名称・金額から商品を確定する"
"Medium","商品不足","ContractLineItem__c","a03RB00001NswWwYAJ","ムゲンエステート_2025/07","商品マスタが未設定","Month=2025/07, Amount=8000","請求明細の商品・名称・金額から商品を確定する"
"Medium","商品不足","ContractLineItem__c","a03RB00001NswWxYAJ","ムゲンエステート_2025/08","商品マスタが未設定","Month=2025/08, Amount=8000","請求明細の商品・名称・金額から商品を確定する"
"Medium","商品不足","ContractLineItem__c","a03RB00001NswkuYAB","ムゲンエステート_2025/08","商品マスタが未設定","Month=2025/08, Amount=11000","請求明細の商品・名称・金額から商品を確定する"
"Medium","商品不足","ContractLineItem__c","a03RB00001NswkvYAB","ムゲンエステート_2025/09","商品マスタが未設定","Month=2025/09, Amount=11000","請求明細の商品・名称・金額から商品を確定する"
"Medium","商品不足","ContractLineItem__c","a03RB00001NswWyYAJ","ムゲンエステート_2025/09","商品マスタが未設定","Month=2025/09, Amount=8000","請求明細の商品・名称・金額から商品を確定する"
"Medium","商品不足","ContractLineItem__c","a03RB00001NswkwYAB","ムゲンエステート_2025/10","商品マスタが未設定","Month=2025/10, Amount=11000","請求明細の商品・名称・金額から商品を確定する"
"Medium","商品不足","ContractLineItem__c","a03RB00001NswWzYAJ","ムゲンエステート_2025/10","商品マスタが未設定","Month=2025/10, Amount=8000","請求明細の商品・名称・金額から商品を確定する"
"Medium","商品不足","ContractLineItem__c","a03RB00001NswX0YAJ","ムゲンエステート_2025/11","商品マスタが未設定","Month=2025/11, Amount=8000","請求明細の商品・名称・金額から商品を確定する"
"Medium","商品不足","ContractLineItem__c","a03RB00001NswkxYAB","ムゲンエステート_2025/11","商品マスタが未設定","Month=2025/11, Amount=11000","請求明細の商品・名称・金額から商品を確定する"
"Medium","商品不足","ContractLineItem__c","a03RB00001NswX1YAJ","ムゲンエステート_2025/12","商品マスタが未設定","Month=2025/12, Amount=8000","請求明細の商品・名称・金額から商品を確定する"
"Medium","商品不足","ContractLineItem__c","a03RB00001NswkyYAB","ムゲンエステート_2025/12","商品マスタが未設定","Month=2025/12, Amount=11000","請求明細の商品・名称・金額から商品を確定する"
"Medium","商品不足","ContractLineItem__c","a03RB00001NswX2YAJ","ムゲンエステート_2026/01","商品マスタが未設定","Month=2026/01, Amount=8000","請求明細の商品・名称・金額から商品を確定する"
"Medium","商品不足","ContractLineItem__c","a03RB00001NswkzYAB","ムゲンエステート_2026/01","商品マスタが未設定","Month=2026/01, Amount=11000","請求明細の商品・名称・金額から商品を確定する"
"Medium","商品不足","ContractLineItem__c","a03RB00001NswX3YAJ","ムゲンエステート_2026/02","商品マスタが未設定","Month=2026/02, Amount=8000","請求明細の商品・名称・金額から商品を確定する"
"Medium","商品不足","ContractLineItem__c","a03RB00001Nswl0YAB","ムゲンエステート_2026/02","商品マスタが未設定","Month=2026/02, Amount=11000","請求明細の商品・名称・金額から商品を確定する"
"Medium","商品不足","ContractLineItem__c","a03RB00001NswX4YAJ","ムゲンエステート_2026/03","商品マスタが未設定","Month=2026/03, Amount=8000","請求明細の商品・名称・金額から商品を確定する"
"Medium","商品不足","ContractLineItem__c","a03RB00001NswX5YAJ","ムゲンエステート_2026/04","商品マスタが未設定","Month=2026/04, Amount=8000","請求明細の商品・名称・金額から商品を確定する"
"Medium","商品不足","ContractLineItem__c","a03RB00001NswX6YAJ","ムゲンエステート_2026/05","商品マスタが未設定","Month=2026/05, Amount=8000","請求明細の商品・名称・金額から商品を確定する"
"Medium","商品不足","ContractLineItem__c","a03RB00001RIREgYAP","ムゲンエステート_2026/06","商品マスタが未設定","Month=2026/06, Amount=8000","請求明細の商品・名称・金額から商品を確定する"
"Medium","商品不足","ContractLineItem__c","a03RB00001RcABGYA3","ムゲンエステート_2026/07","商品マスタが未設定","Month=2026/07, Amount=8000","請求明細の商品・名称・金額から商品を確定する"
"Medium","商品不足","ContractLineItem__c","a03RB00001STmGtYAL","ムゲンエステート_2026/08","商品マスタが未設定","Month=2026/08, Amount=8000","請求明細の商品・名称・金額から商品を確定する"
"Medium","商品不足","ContractLineItem__c","a03RB00001NswnNYAR","リアルティホールディングス株式会社_2025/01","商品マスタが未設定","Month=2025/01, Amount=163125","請求明細の商品・名称・金額から商品を確定する"
"Medium","商品不足","ContractLineItem__c","a03RB00001NswnOYAR","リアルティホールディングス株式会社_2025/02","商品マスタが未設定","Month=2025/02, Amount=159500","請求明細の商品・名称・金額から商品を確定する"
"Medium","商品不足","ContractLineItem__c","a03RB00001NswnPYAR","リアルティホールディングス株式会社_2025/03","商品マスタが未設定","Month=2025/03, Amount=159500","請求明細の商品・名称・金額から商品を確定する"
"Medium","商品不足","ContractLineItem__c","a03RB00001NswnQYAR","リアルティホールディングス株式会社_2025/04","商品マスタが未設定","Month=2025/04, Amount=223300","請求明細の商品・名称・金額から商品を確定する"
"Medium","商品不足","ContractLineItem__c","a03RB00001NswnRYAR","リアルティホールディングス株式会社_2025/05","商品マスタが未設定","Month=2025/05, Amount=223300","請求明細の商品・名称・金額から商品を確定する"
"Medium","商品不足","ContractLineItem__c","a03RB00001NswnSYAR","リアルティホールディングス株式会社_2025/06","商品マスタが未設定","Month=2025/06, Amount=223300","請求明細の商品・名称・金額から商品を確定する"
"Medium","商品不足","ContractLineItem__c","a03RB00001NswnTYAR","リアルティホールディングス株式会社_2025/07","商品マスタが未設定","Month=2025/07, Amount=174000","請求明細の商品・名称・金額から商品を確定する"
"Medium","商品不足","ContractLineItem__c","a03RB00001NswnUYAR","リアルティホールディングス株式会社_2025/08","商品マスタが未設定","Month=2025/08, Amount=174000","請求明細の商品・名称・金額から商品を確定する"
"Medium","商品不足","ContractLineItem__c","a03RB00001NswnVYAR","リアルティホールディングス株式会社_2025/09","商品マスタが未設定","Month=2025/09, Amount=135000","請求明細の商品・名称・金額から商品を確定する"
"Medium","商品不足","ContractLineItem__c","a03RB00001NswnWYAR","リアルティホールディングス株式会社_2025/10","商品マスタが未設定","Month=2025/10, Amount=135000","請求明細の商品・名称・金額から商品を確定する"
"Medium","商品不足","ContractLineItem__c","a03RB00001NswnXYAR","リアルティホールディングス株式会社_2025/11","商品マスタが未設定","Month=2025/11, Amount=135000","請求明細の商品・名称・金額から商品を確定する"
"Medium","商品不足","ContractLineItem__c","a03RB00001NswnYYAR","リアルティホールディングス株式会社_2025/12","商品マスタが未設定","Month=2025/12, Amount=135000","請求明細の商品・名称・金額から商品を確定する"
"Medium","商品不足","ContractLineItem__c","a03RB00001NswnZYAR","リアルティホールディングス株式会社_2026/01","商品マスタが未設定","Month=2026/01, Amount=135000","請求明細の商品・名称・金額から商品を確定する"
"Medium","商品不足","ContractLineItem__c","a03RB00001NswnaYAB","リアルティホールディングス株式会社_2026/02","商品マスタが未設定","Month=2026/02, Amount=174000","請求明細の商品・名称・金額から商品を確定する"
"Medium","商品不足","ContractLineItem__c","a03RB00001NswnbYAB","リアルティホールディングス株式会社_2026/03","商品マスタが未設定","Month=2026/03, Amount=159500","請求明細の商品・名称・金額から商品を確定する"
"Medium","商品不足","ContractLineItem__c","a03RB00001NswncYAB","リアルティホールディングス株式会社_2026/04","商品マスタが未設定","Month=2026/04, Amount=159500","請求明細の商品・名称・金額から商品を確定する"
"Medium","商品不足","ContractLineItem__c","a03RB00001NswndYAB","リアルティホールディングス株式会社_2026/05","商品マスタが未設定","Month=2026/05, Amount=159500","請求明細の商品・名称・金額から商品を確定する"
"Medium","商品不足","ContractLineItem__c","a03RB00001RIREmYAP","リアルティホールディングス株式会社_2026/06","商品マスタが未設定","Month=2026/06, Amount=159500","請求明細の商品・名称・金額から商品を確定する"
"Medium","商品不足","ContractLineItem__c","a03RB00001RcABNYA3","リアルティホールディングス株式会社_2026/07","商品マスタが未設定","Month=2026/07, Amount=159500","請求明細の商品・名称・金額から商品を確定する"
"Medium","商品不足","ContractLineItem__c","a03RB00001STmHkYAL","リアルティホールディングス株式会社_2026/08","商品マスタが未設定","Month=2026/08, Amount=159500","請求明細の商品・名称・金額から商品を確定する"
"Medium","商品不足","ContractLineItem__c","a03RB00001NswpiYAB","リユースせいわ 西和不動産株式会社 栗東店_2025/04","商品マスタが未設定","Month=2025/04, Amount=11000","請求明細の商品・名称・金額から商品を確定する"
"Medium","商品不足","ContractLineItem__c","a03RB00001NswpjYAB","リユースせいわ 西和不動産株式会社 栗東店_2025/05","商品マスタが未設定","Month=2025/05, Amount=11000","請求明細の商品・名称・金額から商品を確定する"
"Medium","商品不足","ContractLineItem__c","a03RB00001NswpkYAB","リユースせいわ 西和不動産株式会社 栗東店_2025/06","商品マスタが未設定","Month=2025/06, Amount=11000","請求明細の商品・名称・金額から商品を確定する"
"Medium","商品不足","ContractLineItem__c","a03RB00001NswplYAB","リユースせいわ 西和不動産株式会社 栗東店_2025/07","商品マスタが未設定","Month=2025/07, Amount=11000","請求明細の商品・名称・金額から商品を確定する"
"Medium","商品不足","ContractLineItem__c","a03RB00001NswpmYAB","リユースせいわ 西和不動産株式会社 栗東店_2025/08","商品マスタが未設定","Month=2025/08, Amount=11000","請求明細の商品・名称・金額から商品を確定する"
"Medium","商品不足","ContractLineItem__c","a03RB00001NswpnYAB","リユースせいわ 西和不動産株式会社 栗東店_2025/09","商品マスタが未設定","Month=2025/09, Amount=11000","請求明細の商品・名称・金額から商品を確定する"
"Medium","商品不足","ContractLineItem__c","a03RB00001NswpoYAB","リユースせいわ 西和不動産株式会社 栗東店_2025/10","商品マスタが未設定","Month=2025/10, Amount=11000","請求明細の商品・名称・金額から商品を確定する"
"Medium","商品不足","ContractLineItem__c","a03RB00001NswppYAB","リユースせいわ 西和不動産株式会社 栗東店_2025/11","商品マスタが未設定","Month=2025/11, Amount=11000","請求明細の商品・名称・金額から商品を確定する"
"Medium","商品不足","ContractLineItem__c","a03RB00001NswpqYAB","リユースせいわ 西和不動産株式会社 栗東店_2025/12","商品マスタが未設定","Month=2025/12, Amount=11000","請求明細の商品・名称・金額から商品を確定する"
"Medium","商品不足","ContractLineItem__c","a03RB00001NswprYAB","リユースせいわ 西和不動産株式会社 栗東店_2026/01","商品マスタが未設定","Month=2026/01, Amount=11000","請求明細の商品・名称・金額から商品を確定する"
"Medium","商品不足","ContractLineItem__c","a03RB00001NswpsYAB","リユースせいわ 西和不動産株式会社 栗東店_2026/02","商品マスタが未設定","Month=2026/02, Amount=11000","請求明細の商品・名称・金額から商品を確定する"
"Medium","商品不足","ContractLineItem__c","a03RB00001NswptYAB","リユースせいわ 西和不動産株式会社 栗東店_2026/04","商品マスタが未設定","Month=2026/04, Amount=11000","請求明細の商品・名称・金額から商品を確定する"
"Medium","商品不足","ContractLineItem__c","a03RB00001NswpuYAB","リユースせいわ 西和不動産株式会社 栗東店_2026/05","商品マスタが未設定","Month=2026/05, Amount=11000","請求明細の商品・名称・金額から商品を確定する"
"Medium","商品不足","ContractLineItem__c","a03RB00001NswpvYAB","リユースせいわ 西和不動産株式会社 栗東店_2026/06","商品マスタが未設定","Month=2026/06, Amount=11000","請求明細の商品・名称・金額から商品を確定する"
"Medium","商品不足","ContractLineItem__c","a03RB00001NswYTYAZ","リリカラ(大塚商会)_2024/11","商品マスタが未設定","Month=2024/11, Amount=12800","請求明細の商品・名称・金額から商品を確定する"
"Medium","商品不足","ContractLineItem__c","a03RB00001NswYUYAZ","リリカラ(大塚商会)_2024/12","商品マスタが未設定","Month=2024/12, Amount=12800","請求明細の商品・名称・金額から商品を確定する"
"Medium","商品不足","ContractLineItem__c","a03RB00001NswYVYAZ","リリカラ(大塚商会)_2025/01","商品マスタが未設定","Month=2025/01, Amount=12800","請求明細の商品・名称・金額から商品を確定する"
"Medium","商品不足","ContractLineItem__c","a03RB00001NswYWYAZ","リリカラ(大塚商会)_2025/02","商品マスタが未設定","Month=2025/02, Amount=12800","請求明細の商品・名称・金額から商品を確定する"
"Medium","商品不足","ContractLineItem__c","a03RB00001NswYXYAZ","リリカラ(大塚商会)_2025/03","商品マスタが未設定","Month=2025/03, Amount=12800","請求明細の商品・名称・金額から商品を確定する"
"Medium","商品不足","ContractLineItem__c","a03RB00001NswYYYAZ","リリカラ(大塚商会)_2025/04","商品マスタが未設定","Month=2025/04, Amount=12800","請求明細の商品・名称・金額から商品を確定する"
"Medium","商品不足","ContractLineItem__c","a03RB00001NswYZYAZ","リリカラ(大塚商会)_2025/05","商品マスタが未設定","Month=2025/05, Amount=12800","請求明細の商品・名称・金額から商品を確定する"
"Medium","商品不足","ContractLineItem__c","a03RB00001NswYaYAJ","リリカラ(大塚商会)_2025/06","商品マスタが未設定","Month=2025/06, Amount=12800","請求明細の商品・名称・金額から商品を確定する"
"Medium","商品不足","ContractLineItem__c","a03RB00001NswYbYAJ","リリカラ(大塚商会)_2025/07","商品マスタが未設定","Month=2025/07, Amount=12800","請求明細の商品・名称・金額から商品を確定する"
"Medium","商品不足","ContractLineItem__c","a03RB00001NswYcYAJ","リリカラ(大塚商会)_2025/08","商品マスタが未設定","Month=2025/08, Amount=12800","請求明細の商品・名称・金額から商品を確定する"
"Medium","商品不足","ContractLineItem__c","a03RB00001NswYdYAJ","リリカラ(大塚商会)_2025/09","商品マスタが未設定","Month=2025/09, Amount=12800","請求明細の商品・名称・金額から商品を確定する"
"Medium","商品不足","ContractLineItem__c","a03RB00001NswYeYAJ","リリカラ(大塚商会)_2025/10","商品マスタが未設定","Month=2025/10, Amount=12800","請求明細の商品・名称・金額から商品を確定する"
"Medium","商品不足","ContractLineItem__c","a03RB00001NswYfYAJ","リリカラ(大塚商会)_2025/11","商品マスタが未設定","Month=2025/11, Amount=12800","請求明細の商品・名称・金額から商品を確定する"
"Medium","商品不足","ContractLineItem__c","a03RB00001NswYgYAJ","リリカラ(大塚商会)_2025/12","商品マスタが未設定","Month=2025/12, Amount=12800","請求明細の商品・名称・金額から商品を確定する"
"Medium","商品不足","ContractLineItem__c","a03RB00001NswYhYAJ","リリカラ(大塚商会)_2026/01","商品マスタが未設定","Month=2026/01, Amount=12800","請求明細の商品・名称・金額から商品を確定する"
"Medium","商品不足","ContractLineItem__c","a03RB00001NswYiYAJ","リリカラ(大塚商会)_2026/02","商品マスタが未設定","Month=2026/02, Amount=12800","請求明細の商品・名称・金額から商品を確定する"
"Medium","商品不足","ContractLineItem__c","a03RB00001NswYjYAJ","リリカラ(大塚商会)_2026/03","商品マスタが未設定","Month=2026/03, Amount=12800","請求明細の商品・名称・金額から商品を確定する"
"Medium","商品不足","ContractLineItem__c","a03RB00001NswYkYAJ","リリカラ(大塚商会)_2026/04","商品マスタが未設定","Month=2026/04, Amount=12800","請求明細の商品・名称・金額から商品を確定する"
"Medium","商品不足","ContractLineItem__c","a03RB00001NswYlYAJ","リリカラ(大塚商会)_2026/05","商品マスタが未設定","Month=2026/05, Amount=12800","請求明細の商品・名称・金額から商品を確定する"
"Medium","商品不足","ContractLineItem__c","a03RB00001NswYmYAJ","リリカラ(大塚商会)_2026/06","商品マスタが未設定","Month=2026/06, Amount=12800","請求明細の商品・名称・金額から商品を確定する"
"Medium","商品不足","ContractLineItem__c","a03RB00001NswYnYAJ","リリカラ(大塚商会)_2026/07","商品マスタが未設定","Month=2026/07, Amount=12800","請求明細の商品・名称・金額から商品を確定する"
"Medium","商品不足","ContractLineItem__c","a03RB00001NswYoYAJ","リリカラ(大塚商会)_2026/08","商品マスタが未設定","Month=2026/08, Amount=12800","請求明細の商品・名称・金額から商品を確定する"
"Medium","商品不足","ContractLineItem__c","a03RB00001NswYpYAJ","リリカラ(大塚商会)_2026/09","商品マスタが未設定","Month=2026/09, Amount=12800","請求明細の商品・名称・金額から商品を確定する"
"Medium","商品不足","ContractLineItem__c","a03RB00001NswYqYAJ","リリカラ(大塚商会)_2026/10","商品マスタが未設定","Month=2026/10, Amount=12800","請求明細の商品・名称・金額から商品を確定する"
"Medium","商品不足","ContractLineItem__c","a03RB00001NswmaYAB","わくわく不動産_2024/12","商品マスタが未設定","Month=2024/12, Amount=11000","請求明細の商品・名称・金額から商品を確定する"
"Medium","商品不足","ContractLineItem__c","a03RB00001NswmbYAB","わくわく不動産_2025/01","商品マスタが未設定","Month=2025/01, Amount=11000","請求明細の商品・名称・金額から商品を確定する"
"Medium","商品不足","ContractLineItem__c","a03RB00001NswmcYAB","わくわく不動産_2025/02","商品マスタが未設定","Month=2025/02, Amount=11000","請求明細の商品・名称・金額から商品を確定する"
"Medium","商品不足","ContractLineItem__c","a03RB00001NswmdYAB","わくわく不動産_2025/03","商品マスタが未設定","Month=2025/03, Amount=11000","請求明細の商品・名称・金額から商品を確定する"
"Medium","商品不足","ContractLineItem__c","a03RB00001NswmeYAB","わくわく不動産_2025/04","商品マスタが未設定","Month=2025/04, Amount=11000","請求明細の商品・名称・金額から商品を確定する"
"Medium","商品不足","ContractLineItem__c","a03RB00001NswmfYAB","わくわく不動産_2025/05","商品マスタが未設定","Month=2025/05, Amount=11000","請求明細の商品・名称・金額から商品を確定する"
"Medium","商品不足","ContractLineItem__c","a03RB00001NswmgYAB","わくわく不動産_2025/06","商品マスタが未設定","Month=2025/06, Amount=11000","請求明細の商品・名称・金額から商品を確定する"
"Medium","商品不足","ContractLineItem__c","a03RB00001NswmhYAB","わくわく不動産_2025/07","商品マスタが未設定","Month=2025/07, Amount=11000","請求明細の商品・名称・金額から商品を確定する"
"Medium","商品不足","ContractLineItem__c","a03RB00001NswmiYAB","わくわく不動産_2025/08","商品マスタが未設定","Month=2025/08, Amount=11000","請求明細の商品・名称・金額から商品を確定する"
"Medium","商品不足","ContractLineItem__c","a03RB00001NswmjYAB","わくわく不動産_2025/09","商品マスタが未設定","Month=2025/09, Amount=11000","請求明細の商品・名称・金額から商品を確定する"
"Medium","商品不足","ContractLineItem__c","a03RB00001NswmkYAB","わくわく不動産_2025/10","商品マスタが未設定","Month=2025/10, Amount=11000","請求明細の商品・名称・金額から商品を確定する"
"Medium","商品不足","ContractLineItem__c","a03RB00001NswmlYAB","わくわく不動産_2025/11","商品マスタが未設定","Month=2025/11, Amount=11000","請求明細の商品・名称・金額から商品を確定する"
"Medium","商品不足","ContractLineItem__c","a03RB00001NswmmYAB","わくわく不動産_2025/12","商品マスタが未設定","Month=2025/12, Amount=11000","請求明細の商品・名称・金額から商品を確定する"
"Medium","商品不足","ContractLineItem__c","a03RB00001NswmnYAB","わくわく不動産_2026/01","商品マスタが未設定","Month=2026/01, Amount=11000","請求明細の商品・名称・金額から商品を確定する"
"Medium","商品不足","ContractLineItem__c","a03RB00001NswmoYAB","わくわく不動産_2026/02","商品マスタが未設定","Month=2026/02, Amount=11000","請求明細の商品・名称・金額から商品を確定する"
"Medium","商品不足","ContractLineItem__c","a03RB00001NswV2YAJ","株式会社 ノムラメディアス_2024/08","商品マスタが未設定","Month=2024/08, Amount=104000","請求明細の商品・名称・金額から商品を確定する"
"Medium","商品不足","ContractLineItem__c","a03RB00001NswV3YAJ","株式会社 ノムラメディアス_2024/09","商品マスタが未設定","Month=2024/09, Amount=104000","請求明細の商品・名称・金額から商品を確定する"
"Medium","商品不足","ContractLineItem__c","a03RB00001NswV4YAJ","株式会社 ノムラメディアス_2024/10","商品マスタが未設定","Month=2024/10, Amount=104000","請求明細の商品・名称・金額から商品を確定する"
"Medium","商品不足","ContractLineItem__c","a03RB00001NswV5YAJ","株式会社 ノムラメディアス_2024/11","商品マスタが未設定","Month=2024/11, Amount=104000","請求明細の商品・名称・金額から商品を確定する"
"Medium","商品不足","ContractLineItem__c","a03RB00001NswV6YAJ","株式会社 ノムラメディアス_2024/12","商品マスタが未設定","Month=2024/12, Amount=104000","請求明細の商品・名称・金額から商品を確定する"
"Medium","商品不足","ContractLineItem__c","a03RB00001NswV7YAJ","株式会社 ノムラメディアス_2025/01","商品マスタが未設定","Month=2025/01, Amount=104000","請求明細の商品・名称・金額から商品を確定する"
"Medium","商品不足","ContractLineItem__c","a03RB00001NswV8YAJ","株式会社 ノムラメディアス_2025/02","商品マスタが未設定","Month=2025/02, Amount=104000","請求明細の商品・名称・金額から商品を確定する"
"Medium","商品不足","ContractLineItem__c","a03RB00001NswaVYAR","株式会社 ノムラメディアス_2025/03","商品マスタが未設定","Month=2025/03, Amount=55000","請求明細の商品・名称・金額から商品を確定する"
"Medium","商品不足","ContractLineItem__c","a03RB00001NswaWYAR","株式会社 ノムラメディアス_2025/04","商品マスタが未設定","Month=2025/04, Amount=55000","請求明細の商品・名称・金額から商品を確定する"
"Medium","商品不足","ContractLineItem__c","a03RB00001NswaXYAR","株式会社 ノムラメディアス_2025/05","商品マスタが未設定","Month=2025/05, Amount=55000","請求明細の商品・名称・金額から商品を確定する"
"Medium","商品不足","ContractLineItem__c","a03RB00001NswaYYAR","株式会社 ノムラメディアス_2025/06","商品マスタが未設定","Month=2025/06, Amount=55000","請求明細の商品・名称・金額から商品を確定する"
"Medium","商品不足","ContractLineItem__c","a03RB00001NswaZYAR","株式会社 ノムラメディアス_2025/07","商品マスタが未設定","Month=2025/07, Amount=55000","請求明細の商品・名称・金額から商品を確定する"
"Medium","商品不足","ContractLineItem__c","a03RB00001NswaaYAB","株式会社 ノムラメディアス_2025/08","商品マスタが未設定","Month=2025/08, Amount=55000","請求明細の商品・名称・金額から商品を確定する"
"Medium","商品不足","ContractLineItem__c","a03RB00001NswabYAB","株式会社 ノムラメディアス_2025/09","商品マスタが未設定","Month=2025/09, Amount=55000","請求明細の商品・名称・金額から商品を確定する"
"Medium","商品不足","ContractLineItem__c","a03RB00001NswacYAB","株式会社 ノムラメディアス_2025/10","商品マスタが未設定","Month=2025/10, Amount=55000","請求明細の商品・名称・金額から商品を確定する"
"Medium","商品不足","ContractLineItem__c","a03RB00001NswadYAB","株式会社 ノムラメディアス_2025/11","商品マスタが未設定","Month=2025/11, Amount=55000","請求明細の商品・名称・金額から商品を確定する"
"Medium","商品不足","ContractLineItem__c","a03RB00001NswaeYAB","株式会社 ノムラメディアス_2025/12","商品マスタが未設定","Month=2025/12, Amount=55000","請求明細の商品・名称・金額から商品を確定する"
"Medium","商品不足","ContractLineItem__c","a03RB00001NswafYAB","株式会社 ノムラメディアス_2026/01","商品マスタが未設定","Month=2026/01, Amount=55000","請求明細の商品・名称・金額から商品を確定する"
"Medium","商品不足","ContractLineItem__c","a03RB00001NswagYAB","株式会社 ノムラメディアス_2026/02","商品マスタが未設定","Month=2026/02, Amount=55000","請求明細の商品・名称・金額から商品を確定する"
"Medium","商品不足","ContractLineItem__c","a03RB00001NsweRYAR","株式会社 一条工務店_2025/08","商品マスタが未設定","Month=2025/08, Amount=16000","請求明細の商品・名称・金額から商品を確定する"
"Medium","商品不足","ContractLineItem__c","a03RB00001NsweSYAR","株式会社 一条工務店_2025/09","商品マスタが未設定","Month=2025/09, Amount=16000","請求明細の商品・名称・金額から商品を確定する"
"Medium","商品不足","ContractLineItem__c","a03RB00001NsweTYAR","株式会社 一条工務店_2025/10","商品マスタが未設定","Month=2025/10, Amount=16000","請求明細の商品・名称・金額から商品を確定する"
"Medium","商品不足","ContractLineItem__c","a03RB00001NswrxYAB","株式会社 秀建_2025/08","商品マスタが未設定","Month=2025/08, Amount=11000","請求明細の商品・名称・金額から商品を確定する"
"Medium","商品不足","ContractLineItem__c","a03RB00001NswryYAB","株式会社 秀建_2025/09","商品マスタが未設定","Month=2025/09, Amount=11000","請求明細の商品・名称・金額から商品を確定する"
"Medium","商品不足","ContractLineItem__c","a03RB00001NswrzYAB","株式会社 秀建_2025/10","商品マスタが未設定","Month=2025/10, Amount=11000","請求明細の商品・名称・金額から商品を確定する"
"Medium","商品不足","ContractLineItem__c","a03RB00001Nsws0YAB","株式会社 秀建_2025/11","商品マスタが未設定","Month=2025/11, Amount=11000","請求明細の商品・名称・金額から商品を確定する"
"Medium","商品不足","ContractLineItem__c","a03RB00001Nsws1YAB","株式会社 秀建_2025/12","商品マスタが未設定","Month=2025/12, Amount=11000","請求明細の商品・名称・金額から商品を確定する"
"Medium","商品不足","ContractLineItem__c","a03RB00001NswedYAB","株式会社B-PROJECT_2025/09","商品マスタが未設定","Month=2025/09, Amount=66000","請求明細の商品・名称・金額から商品を確定する"
"Medium","商品不足","ContractLineItem__c","a03RB00001NsweeYAB","株式会社B-PROJECT_2025/10","商品マスタが未設定","Month=2025/10, Amount=66000","請求明細の商品・名称・金額から商品を確定する"
"Medium","商品不足","ContractLineItem__c","a03RB00001NswefYAB","株式会社B-PROJECT_2025/11","商品マスタが未設定","Month=2025/11, Amount=66000","請求明細の商品・名称・金額から商品を確定する"
"Medium","商品不足","ContractLineItem__c","a03RB00001NswegYAB","株式会社B-PROJECT_2025/12","商品マスタが未設定","Month=2025/12, Amount=66000","請求明細の商品・名称・金額から商品を確定する"
"Medium","商品不足","ContractLineItem__c","a03RB00001NswehYAB","株式会社B-PROJECT_2026/01","商品マスタが未設定","Month=2026/01, Amount=66000","請求明細の商品・名称・金額から商品を確定する"
"Medium","商品不足","ContractLineItem__c","a03RB00001NswsIYAR","株式会社CHINTAI_2025/10","商品マスタが未設定","Month=2025/10, Amount=145000","請求明細の商品・名称・金額から商品を確定する"
"Medium","商品不足","ContractLineItem__c","a03RB00001NswsJYAR","株式会社CHINTAI_2025/11","商品マスタが未設定","Month=2025/11, Amount=145000","請求明細の商品・名称・金額から商品を確定する"
"Medium","商品不足","ContractLineItem__c","a03RB00001NswsKYAR","株式会社CHINTAI_2026/02","商品マスタが未設定","Month=2026/02, Amount=145000","請求明細の商品・名称・金額から商品を確定する"
"Medium","商品不足","ContractLineItem__c","a03RB00001NswoGYAR","株式会社Housebank千葉_2025/01","商品マスタが未設定","Month=2025/01, Amount=11000","請求明細の商品・名称・金額から商品を確定する"
"Medium","商品不足","ContractLineItem__c","a03RB00001NswoIYAR","株式会社Housebank千葉_2025/01","商品マスタが未設定","Month=2025/01, Amount=55000","請求明細の商品・名称・金額から商品を確定する"
"Medium","商品不足","ContractLineItem__c","a03RB00001NswoHYAR","株式会社Housebank千葉_2025/02","商品マスタが未設定","Month=2025/02, Amount=11000","請求明細の商品・名称・金額から商品を確定する"
"Medium","商品不足","ContractLineItem__c","a03RB00001NswoJYAR","株式会社Housebank千葉_2025/02","商品マスタが未設定","Month=2025/02, Amount=55000","請求明細の商品・名称・金額から商品を確定する"
"Medium","商品不足","ContractLineItem__c","a03RB00001NswoKYAR","株式会社Housebank千葉_2025/03","商品マスタが未設定","Month=2025/03, Amount=55000","請求明細の商品・名称・金額から商品を確定する"
"Medium","商品不足","ContractLineItem__c","a03RB00001NswoLYAR","株式会社Housebank千葉_2025/04","商品マスタが未設定","Month=2025/04, Amount=55000","請求明細の商品・名称・金額から商品を確定する"
"Medium","商品不足","ContractLineItem__c","a03RB00001NswoMYAR","株式会社Housebank千葉_2025/05","商品マスタが未設定","Month=2025/05, Amount=55000","請求明細の商品・名称・金額から商品を確定する"
"Medium","商品不足","ContractLineItem__c","a03RB00001NswoNYAR","株式会社Housebank千葉_2025/06","商品マスタが未設定","Month=2025/06, Amount=55000","請求明細の商品・名称・金額から商品を確定する"
"Medium","商品不足","ContractLineItem__c","a03RB00001NswoOYAR","株式会社Housebank千葉_2025/07","商品マスタが未設定","Month=2025/07, Amount=55000","請求明細の商品・名称・金額から商品を確定する"
"Medium","商品不足","ContractLineItem__c","a03RB00001NswoPYAR","株式会社Housebank千葉_2025/08","商品マスタが未設定","Month=2025/08, Amount=55000","請求明細の商品・名称・金額から商品を確定する"
"Medium","商品不足","ContractLineItem__c","a03RB00001NswoQYAR","株式会社Housebank千葉_2025/09","商品マスタが未設定","Month=2025/09, Amount=55000","請求明細の商品・名称・金額から商品を確定する"
"Medium","商品不足","ContractLineItem__c","a03RB00001NswoRYAR","株式会社Housebank千葉_2025/10","商品マスタが未設定","Month=2025/10, Amount=55000","請求明細の商品・名称・金額から商品を確定する"
"Medium","商品不足","ContractLineItem__c","a03RB00001NswoSYAR","株式会社Housebank千葉_2025/11","商品マスタが未設定","Month=2025/11, Amount=55000","請求明細の商品・名称・金額から商品を確定する"
"Medium","商品不足","ContractLineItem__c","a03RB00001NswoTYAR","株式会社Housebank千葉_2025/12","商品マスタが未設定","Month=2025/12, Amount=55000","請求明細の商品・名称・金額から商品を確定する"
"Medium","商品不足","ContractLineItem__c","a03RB00001NswoUYAR","株式会社Housebank千葉_2026/01","商品マスタが未設定","Month=2026/01, Amount=55000","請求明細の商品・名称・金額から商品を確定する"
"Medium","商品不足","ContractLineItem__c","a03RB00001NswoVYAR","株式会社Housebank千葉_2026/02","商品マスタが未設定","Month=2026/02, Amount=55000","請求明細の商品・名称・金額から商品を確定する"
"Medium","商品不足","ContractLineItem__c","a03RB00001NswoWYAR","株式会社Housebank千葉_2026/03","商品マスタが未設定","Month=2026/03, Amount=55000","請求明細の商品・名称・金額から商品を確定する"
"Medium","商品不足","ContractLineItem__c","a03RB00001NswoXYAR","株式会社Housebank千葉_2026/04","商品マスタが未設定","Month=2026/04, Amount=55000","請求明細の商品・名称・金額から商品を確定する"
"Medium","商品不足","ContractLineItem__c","a03RB00001NswoYYAR","株式会社Housebank千葉_2026/05","商品マスタが未設定","Month=2026/05, Amount=55000","請求明細の商品・名称・金額から商品を確定する"
"Medium","商品不足","ContractLineItem__c","a03RB00001NswsgYAB","株式会社JBリアルエステート_2026/04","商品マスタが未設定","Month=2026/04, Amount=11000","請求明細の商品・名称・金額から商品を確定する"
"Medium","商品不足","ContractLineItem__c","a03RB00001Nswe2YAB","株式会社JR東日本建築設計_2025/07","商品マスタが未設定","Month=2025/07, Amount=8000","請求明細の商品・名称・金額から商品を確定する"
"Medium","商品不足","ContractLineItem__c","a03RB00001Nswe3YAB","株式会社JR東日本建築設計_2025/08","商品マスタが未設定","Month=2025/08, Amount=8000","請求明細の商品・名称・金額から商品を確定する"
"Medium","商品不足","ContractLineItem__c","a03RB00001Nswe4YAB","株式会社JR東日本建築設計_2025/09","商品マスタが未設定","Month=2025/09, Amount=8000","請求明細の商品・名称・金額から商品を確定する"
"Medium","商品不足","ContractLineItem__c","a03RB00001Nswe5YAB","株式会社JR東日本建築設計_2025/10","商品マスタが未設定","Month=2025/10, Amount=8000","請求明細の商品・名称・金額から商品を確定する"
"Medium","商品不足","ContractLineItem__c","a03RB00001Nswe6YAB","株式会社JR東日本建築設計_2025/11","商品マスタが未設定","Month=2025/11, Amount=8000","請求明細の商品・名称・金額から商品を確定する"
"Medium","商品不足","ContractLineItem__c","a03RB00001Nswe7YAB","株式会社JR東日本建築設計_2025/12","商品マスタが未設定","Month=2025/12, Amount=8000","請求明細の商品・名称・金額から商品を確定する"
"Medium","商品不足","ContractLineItem__c","a03RB00001Nswe8YAB","株式会社JR東日本建築設計_2026/01","商品マスタが未設定","Month=2026/01, Amount=8000","請求明細の商品・名称・金額から商品を確定する"
"Medium","商品不足","ContractLineItem__c","a03RB00001Nswe9YAB","株式会社JR東日本建築設計_2026/02","商品マスタが未設定","Month=2026/02, Amount=8000","請求明細の商品・名称・金額から商品を確定する"
"Medium","商品不足","ContractLineItem__c","a03RB00001NsweAYAR","株式会社JR東日本建築設計_2026/03","商品マスタが未設定","Month=2026/03, Amount=8000","請求明細の商品・名称・金額から商品を確定する"
"Medium","商品不足","ContractLineItem__c","a03RB00001NsweBYAR","株式会社JR東日本建築設計_2026/04","商品マスタが未設定","Month=2026/04, Amount=8000","請求明細の商品・名称・金額から商品を確定する"
"Medium","商品不足","ContractLineItem__c","a03RB00001NsweCYAR","株式会社JR東日本建築設計_2026/05","商品マスタが未設定","Month=2026/05, Amount=8000","請求明細の商品・名称・金額から商品を確定する"
"Medium","商品不足","ContractLineItem__c","a03RB00001NsweDYAR","株式会社JR東日本建築設計_2026/06","商品マスタが未設定","Month=2026/06, Amount=8000","請求明細の商品・名称・金額から商品を確定する"
"Medium","商品不足","ContractLineItem__c","a03RB00001NsweEYAR","株式会社JR東日本建築設計_2026/07","商品マスタが未設定","Month=2026/07, Amount=8000","請求明細の商品・名称・金額から商品を確定する"
"Medium","商品不足","ContractLineItem__c","a03RB00001NsweFYAR","株式会社JR東日本建築設計_2026/08","商品マスタが未設定","Month=2026/08, Amount=8000","請求明細の商品・名称・金額から商品を確定する"
"Medium","商品不足","ContractLineItem__c","a03RB00001NsweGYAR","株式会社JR東日本建築設計_2026/09","商品マスタが未設定","Month=2026/09, Amount=8000","請求明細の商品・名称・金額から商品を確定する"
"Medium","商品不足","ContractLineItem__c","a03RB00001NsweHYAR","株式会社JR東日本建築設計_2026/10","商品マスタが未設定","Month=2026/10, Amount=8000","請求明細の商品・名称・金額から商品を確定する"
"Medium","商品不足","ContractLineItem__c","a03RB00001NsweIYAR","株式会社JR東日本建築設計_2026/11","商品マスタが未設定","Month=2026/11, Amount=8000","請求明細の商品・名称・金額から商品を確定する"
"Medium","商品不足","ContractLineItem__c","a03RB00001NsweJYAR","株式会社JR東日本建築設計_2026/12","商品マスタが未設定","Month=2026/12, Amount=8000","請求明細の商品・名称・金額から商品を確定する"
"Medium","商品不足","ContractLineItem__c","a03RB00001NsweKYAR","株式会社JR東日本建築設計_2027/01","商品マスタが未設定","Month=2027/01, Amount=8000","請求明細の商品・名称・金額から商品を確定する"
"Medium","商品不足","ContractLineItem__c","a03RB00001NsweLYAR","株式会社JR東日本建築設計_2027/02","商品マスタが未設定","Month=2027/02, Amount=8000","請求明細の商品・名称・金額から商品を確定する"
"Medium","商品不足","ContractLineItem__c","a03RB00001NsweMYAR","株式会社JR東日本建築設計_2027/03","商品マスタが未設定","Month=2027/03, Amount=8000","請求明細の商品・名称・金額から商品を確定する"
"Medium","商品不足","ContractLineItem__c","a03RB00001NswqCYAR","株式会社Machidaホールディングス_2025/04","商品マスタが未設定","Month=2025/04, Amount=11000","請求明細の商品・名称・金額から商品を確定する"
"Medium","商品不足","ContractLineItem__c","a03RB00001NswqDYAR","株式会社Machidaホールディングス_2025/05","商品マスタが未設定","Month=2025/05, Amount=11000","請求明細の商品・名称・金額から商品を確定する"
"Medium","商品不足","ContractLineItem__c","a03RB00001NswqEYAR","株式会社Machidaホールディングス_2025/06","商品マスタが未設定","Month=2025/06, Amount=11000","請求明細の商品・名称・金額から商品を確定する"
"Medium","商品不足","ContractLineItem__c","a03RB00001NswqFYAR","株式会社Machidaホールディングス_2025/07","商品マスタが未設定","Month=2025/07, Amount=11000","請求明細の商品・名称・金額から商品を確定する"
"Medium","商品不足","ContractLineItem__c","a03RB00001NswqGYAR","株式会社Machidaホールディングス_2025/08","商品マスタが未設定","Month=2025/08, Amount=11000","請求明細の商品・名称・金額から商品を確定する"
"Medium","商品不足","ContractLineItem__c","a03RB00001NswqHYAR","株式会社Machidaホールディングス_2025/09","商品マスタが未設定","Month=2025/09, Amount=11000","請求明細の商品・名称・金額から商品を確定する"
"Medium","商品不足","ContractLineItem__c","a03RB00001NswqIYAR","株式会社Machidaホールディングス_2025/10","商品マスタが未設定","Month=2025/10, Amount=11000","請求明細の商品・名称・金額から商品を確定する"
"Medium","商品不足","ContractLineItem__c","a03RB00001NswqJYAR","株式会社Machidaホールディングス_2025/11","商品マスタが未設定","Month=2025/11, Amount=11000","請求明細の商品・名称・金額から商品を確定する"
"Medium","商品不足","ContractLineItem__c","a03RB00001NswqKYAR","株式会社Machidaホールディングス_2025/12","商品マスタが未設定","Month=2025/12, Amount=11000","請求明細の商品・名称・金額から商品を確定する"
"Medium","商品不足","ContractLineItem__c","a03RB00001NswZ4YAJ","株式会社TRIAD_2025/01","商品マスタが未設定","Month=2025/01, Amount=8000","請求明細の商品・名称・金額から商品を確定する"
"Medium","商品不足","ContractLineItem__c","a03RB00001NswZ5YAJ","株式会社TRIAD_2025/02","商品マスタが未設定","Month=2025/02, Amount=8000","請求明細の商品・名称・金額から商品を確定する"
"Medium","商品不足","ContractLineItem__c","a03RB00001NswZ6YAJ","株式会社TRIAD_2025/03","商品マスタが未設定","Month=2025/03, Amount=8000","請求明細の商品・名称・金額から商品を確定する"
"Medium","商品不足","ContractLineItem__c","a03RB00001NswZ7YAJ","株式会社TRIAD_2025/04","商品マスタが未設定","Month=2025/04, Amount=8000","請求明細の商品・名称・金額から商品を確定する"
"Medium","商品不足","ContractLineItem__c","a03RB00001NswZ8YAJ","株式会社TRIAD_2025/05","商品マスタが未設定","Month=2025/05, Amount=8000","請求明細の商品・名称・金額から商品を確定する"
"Medium","商品不足","ContractLineItem__c","a03RB00001NswZ9YAJ","株式会社TRIAD_2025/06","商品マスタが未設定","Month=2025/06, Amount=8000","請求明細の商品・名称・金額から商品を確定する"
"Medium","商品不足","ContractLineItem__c","a03RB00001NswZAYAZ","株式会社TRIAD_2025/07","商品マスタが未設定","Month=2025/07, Amount=8000","請求明細の商品・名称・金額から商品を確定する"
"Medium","商品不足","ContractLineItem__c","a03RB00001NswZBYAZ","株式会社TRIAD_2025/08","商品マスタが未設定","Month=2025/08, Amount=8000","請求明細の商品・名称・金額から商品を確定する"
"Medium","商品不足","ContractLineItem__c","a03RB00001NswZCYAZ","株式会社TRIAD_2025/09","商品マスタが未設定","Month=2025/09, Amount=8000","請求明細の商品・名称・金額から商品を確定する"
"Medium","商品不足","ContractLineItem__c","a03RB00001NswZDYAZ","株式会社TRIAD_2025/10","商品マスタが未設定","Month=2025/10, Amount=8000","請求明細の商品・名称・金額から商品を確定する"
"Medium","商品不足","ContractLineItem__c","a03RB00001NswZEYAZ","株式会社TRIAD_2025/11","商品マスタが未設定","Month=2025/11, Amount=8000","請求明細の商品・名称・金額から商品を確定する"
"Medium","商品不足","ContractLineItem__c","a03RB00001NswZFYAZ","株式会社TRIAD_2025/12","商品マスタが未設定","Month=2025/12, Amount=8000","請求明細の商品・名称・金額から商品を確定する"
"Medium","商品不足","ContractLineItem__c","a03RB00001NswZGYAZ","株式会社TRIAD_2026/01","商品マスタが未設定","Month=2026/01, Amount=8000","請求明細の商品・名称・金額から商品を確定する"
"Medium","商品不足","ContractLineItem__c","a03RB00001NswZHYAZ","株式会社TRIAD_2026/02","商品マスタが未設定","Month=2026/02, Amount=8000","請求明細の商品・名称・金額から商品を確定する"
"Medium","商品不足","ContractLineItem__c","a03RB00001NswZIYAZ","株式会社TRIAD_2026/03","商品マスタが未設定","Month=2026/03, Amount=8000","請求明細の商品・名称・金額から商品を確定する"
"Medium","商品不足","ContractLineItem__c","a03RB00001NswZJYAZ","株式会社TRIAD_2026/04","商品マスタが未設定","Month=2026/04, Amount=8000","請求明細の商品・名称・金額から商品を確定する"
"Medium","商品不足","ContractLineItem__c","a03RB00001NswZKYAZ","株式会社TRIAD_2026/05","商品マスタが未設定","Month=2026/05, Amount=8000","請求明細の商品・名称・金額から商品を確定する"
"Medium","商品不足","ContractLineItem__c","a03RB00001RIRElYAP","株式会社TRIAD_2026/06","商品マスタが未設定","Month=2026/06, Amount=8000","請求明細の商品・名称・金額から商品を確定する"
"Medium","商品不足","ContractLineItem__c","a03RB00001RcABMYA3","株式会社TRIAD_2026/07","商品マスタが未設定","Month=2026/07, Amount=8000","請求明細の商品・名称・金額から商品を確定する"
"Medium","商品不足","ContractLineItem__c","a03RB00001STmGwYAL","株式会社TRIAD_2026/08","商品マスタが未設定","Month=2026/08, Amount=8000","請求明細の商品・名称・金額から商品を確定する"
"Medium","商品不足","ContractLineItem__c","a03RB00001NswahYAB","株式会社URリンケージ(月額払い)_2025/03","商品マスタが未設定","Month=2025/03, Amount=8000","請求明細の商品・名称・金額から商品を確定する"
"Medium","商品不足","ContractLineItem__c","a03RB00001NswaiYAB","株式会社URリンケージ(月額払い)_2025/04","商品マスタが未設定","Month=2025/04, Amount=8000","請求明細の商品・名称・金額から商品を確定する"
"Medium","商品不足","ContractLineItem__c","a03RB00001NswajYAB","株式会社URリンケージ(年額払い)_2025/03","商品マスタが未設定","Month=2025/03, Amount=8000","請求明細の商品・名称・金額から商品を確定する"
"Medium","商品不足","ContractLineItem__c","a03RB00001NswakYAB","株式会社URリンケージ(年額払い)_2025/04","商品マスタが未設定","Month=2025/04, Amount=8000","請求明細の商品・名称・金額から商品を確定する"
"Medium","商品不足","ContractLineItem__c","a03RB00001NswalYAB","株式会社URリンケージ(年額払い)_2025/05","商品マスタが未設定","Month=2025/05, Amount=8000","請求明細の商品・名称・金額から商品を確定する"
"Medium","商品不足","ContractLineItem__c","a03RB00001NswamYAB","株式会社URリンケージ(年額払い)_2025/06","商品マスタが未設定","Month=2025/06, Amount=8000","請求明細の商品・名称・金額から商品を確定する"
"Medium","商品不足","ContractLineItem__c","a03RB00001NswanYAB","株式会社URリンケージ(年額払い)_2025/07","商品マスタが未設定","Month=2025/07, Amount=8000","請求明細の商品・名称・金額から商品を確定する"
"Medium","商品不足","ContractLineItem__c","a03RB00001NswaoYAB","株式会社URリンケージ(年額払い)_2025/08","商品マスタが未設定","Month=2025/08, Amount=8000","請求明細の商品・名称・金額から商品を確定する"
"Medium","商品不足","ContractLineItem__c","a03RB00001NswapYAB","株式会社URリンケージ(年額払い)_2025/09","商品マスタが未設定","Month=2025/09, Amount=8000","請求明細の商品・名称・金額から商品を確定する"
"Medium","商品不足","ContractLineItem__c","a03RB00001NswaqYAB","株式会社URリンケージ(年額払い)_2025/10","商品マスタが未設定","Month=2025/10, Amount=8000","請求明細の商品・名称・金額から商品を確定する"
"Medium","商品不足","ContractLineItem__c","a03RB00001NswarYAB","株式会社URリンケージ(年額払い)_2025/11","商品マスタが未設定","Month=2025/11, Amount=8000","請求明細の商品・名称・金額から商品を確定する"
"Medium","商品不足","ContractLineItem__c","a03RB00001NswasYAB","株式会社URリンケージ(年額払い)_2025/12","商品マスタが未設定","Month=2025/12, Amount=8000","請求明細の商品・名称・金額から商品を確定する"
"Medium","商品不足","ContractLineItem__c","a03RB00001NswatYAB","株式会社URリンケージ(年額払い)_2026/01","商品マスタが未設定","Month=2026/01, Amount=8000","請求明細の商品・名称・金額から商品を確定する"
"Medium","商品不足","ContractLineItem__c","a03RB00001NswauYAB","株式会社URリンケージ(年額払い)_2026/02","商品マスタが未設定","Month=2026/02, Amount=8000","請求明細の商品・名称・金額から商品を確定する"
"Medium","商品不足","ContractLineItem__c","a03RB00001Nsws2YAB","株式会社アークフロンティア テラスエステート_2025/09","商品マスタが未設定","Month=2025/09, Amount=112000","請求明細の商品・名称・金額から商品を確定する"
"Medium","商品不足","ContractLineItem__c","a03RB00001Nsws3YAB","株式会社アークフロンティア テラスエステート_2025/10","商品マスタが未設定","Month=2025/10, Amount=112000","請求明細の商品・名称・金額から商品を確定する"
"Medium","商品不足","ContractLineItem__c","a03RB00001Nsws4YAB","株式会社アークフロンティア テラスエステート_2025/11","商品マスタが未設定","Month=2025/11, Amount=112000","請求明細の商品・名称・金額から商品を確定する"
"Medium","商品不足","ContractLineItem__c","a03RB00001Nsws5YAB","株式会社アークフロンティア テラスエステート_2025/12","商品マスタが未設定","Month=2025/12, Amount=112000","請求明細の商品・名称・金額から商品を確定する"
"Medium","商品不足","ContractLineItem__c","a03RB00001Nsws6YAB","株式会社アークフロンティア テラスエステート_2026/01","商品マスタが未設定","Month=2026/01, Amount=112000","請求明細の商品・名称・金額から商品を確定する"
"Medium","商品不足","ContractLineItem__c","a03RB00001Nsws7YAB","株式会社アークフロンティア テラスエステート_2026/02","商品マスタが未設定","Month=2026/02, Amount=112000","請求明細の商品・名称・金額から商品を確定する"
"Medium","商品不足","ContractLineItem__c","a03RB00001Nsws8YAB","株式会社アークフロンティア テラスエステート_2026/03","商品マスタが未設定","Month=2026/03, Amount=112000","請求明細の商品・名称・金額から商品を確定する"
"Medium","商品不足","ContractLineItem__c","a03RB00001NswibYAB","株式会社アールシーコア(セキュリティオプション月額）_2026/01","商品マスタが未設定","Month=2026/01, Amount=100000","請求明細の商品・名称・金額から商品を確定する"
"Medium","商品不足","ContractLineItem__c","a03RB00001NswicYAB","株式会社アールシーコア(セキュリティオプション月額）_2026/02","商品マスタが未設定","Month=2026/02, Amount=100000","請求明細の商品・名称・金額から商品を確定する"
"Medium","商品不足","ContractLineItem__c","a03RB00001NswidYAB","株式会社アールシーコア(セキュリティオプション月額）_2026/03","商品マスタが未設定","Month=2026/03, Amount=100000","請求明細の商品・名称・金額から商品を確定する"
"Medium","商品不足","ContractLineItem__c","a03RB00001NswieYAB","株式会社アールシーコア(セキュリティオプション月額）_2026/04","商品マスタが未設定","Month=2026/04, Amount=100000","請求明細の商品・名称・金額から商品を確定する"
"Medium","商品不足","ContractLineItem__c","a03RB00001NswifYAB","株式会社アールシーコア(セキュリティオプション月額）_2026/05","商品マスタが未設定","Month=2026/05, Amount=100000","請求明細の商品・名称・金額から商品を確定する"
"Medium","商品不足","ContractLineItem__c","a03RB00001RIRFBYA5","株式会社アールシーコア(セキュリティオプション月額）_2026/06","商品マスタが未設定","Month=2026/06, Amount=100000","請求明細の商品・名称・金額から商品を確定する"
"Medium","商品不足","ContractLineItem__c","a03RB00001RcABvYAN","株式会社アールシーコア(セキュリティオプション月額）_2026/07","商品マスタが未設定","Month=2026/07, Amount=100000","請求明細の商品・名称・金額から商品を確定する"
"Medium","商品不足","ContractLineItem__c","a03RB00001STmHJYA1","株式会社アールシーコア(セキュリティオプション月額）_2026/08","商品マスタが未設定","Month=2026/08, Amount=100000","請求明細の商品・名称・金額から商品を確定する"
"Medium","商品不足","ContractLineItem__c","a03RB00001NswhxYAB","株式会社アールシーコア_2026/01","商品マスタが未設定","Month=2026/01, Amount=150000","請求明細の商品・名称・金額から商品を確定する"
"Medium","商品不足","ContractLineItem__c","a03RB00001NswhyYAB","株式会社アールシーコア_2026/02","商品マスタが未設定","Month=2026/02, Amount=150000","請求明細の商品・名称・金額から商品を確定する"
"Medium","商品不足","ContractLineItem__c","a03RB00001NswhzYAB","株式会社アールシーコア_2026/04","商品マスタが未設定","Month=2026/04, Amount=150000","請求明細の商品・名称・金額から商品を確定する"
"Medium","商品不足","ContractLineItem__c","a03RB00001Nswi0YAB","株式会社アールシーコア_2026/05","商品マスタが未設定","Month=2026/05, Amount=150000","請求明細の商品・名称・金額から商品を確定する"
"Medium","商品不足","ContractLineItem__c","a03RB00001RIRFAYA5","株式会社アールシーコア_2026/06","商品マスタが未設定","Month=2026/06, Amount=150000","請求明細の商品・名称・金額から商品を確定する"
"Medium","商品不足","ContractLineItem__c","a03RB00001RcABuYAN","株式会社アールシーコア_2026/07","商品マスタが未設定","Month=2026/07, Amount=150000","請求明細の商品・名称・金額から商品を確定する"
"Medium","商品不足","ContractLineItem__c","a03RB00001STmHHYA1","株式会社アールシーコア_2026/08","商品マスタが未設定","Month=2026/08, Amount=150000","請求明細の商品・名称・金額から商品を確定する"
"Medium","商品不足","ContractLineItem__c","a03RB00001NswrnYAB","株式会社アズスタット_2025/08","商品マスタが未設定","Month=2025/08, Amount=11000","請求明細の商品・名称・金額から商品を確定する"
"Medium","商品不足","ContractLineItem__c","a03RB00001NswroYAB","株式会社アズスタット_2025/09","商品マスタが未設定","Month=2025/09, Amount=11000","請求明細の商品・名称・金額から商品を確定する"
"Medium","商品不足","ContractLineItem__c","a03RB00001NswrpYAB","株式会社アズスタット_2025/10","商品マスタが未設定","Month=2025/10, Amount=11000","請求明細の商品・名称・金額から商品を確定する"
"Medium","商品不足","ContractLineItem__c","a03RB00001NswrqYAB","株式会社アズスタット_2025/11","商品マスタが未設定","Month=2025/11, Amount=11000","請求明細の商品・名称・金額から商品を確定する"
"Medium","商品不足","ContractLineItem__c","a03RB00001NswrrYAB","株式会社アズスタット_2025/12","商品マスタが未設定","Month=2025/12, Amount=11000","請求明細の商品・名称・金額から商品を確定する"
"Medium","商品不足","ContractLineItem__c","a03RB00001NswrsYAB","株式会社アズスタット_2026/01","商品マスタが未設定","Month=2026/01, Amount=11000","請求明細の商品・名称・金額から商品を確定する"
"Medium","商品不足","ContractLineItem__c","a03RB00001NswrtYAB","株式会社アズスタット_2026/02","商品マスタが未設定","Month=2026/02, Amount=11000","請求明細の商品・名称・金額から商品を確定する"
"Medium","商品不足","ContractLineItem__c","a03RB00001NswruYAB","株式会社アズスタット_2026/03","商品マスタが未設定","Month=2026/03, Amount=11000","請求明細の商品・名称・金額から商品を確定する"
"Medium","商品不足","ContractLineItem__c","a03RB00001NswrvYAB","株式会社アズスタット_2026/04","商品マスタが未設定","Month=2026/04, Amount=11000","請求明細の商品・名称・金額から商品を確定する"
"Medium","商品不足","ContractLineItem__c","a03RB00001NswrwYAB","株式会社アズスタット_2026/05","商品マスタが未設定","Month=2026/05, Amount=11000","請求明細の商品・名称・金額から商品を確定する"
"Medium","商品不足","ContractLineItem__c","a03RB00001RIRF5YAP","株式会社アズスタット_2026/06","商品マスタが未設定","Month=2026/06, Amount=11000","請求明細の商品・名称・金額から商品を確定する"
"Medium","商品不足","ContractLineItem__c","a03RB00001RcABhYAN","株式会社アズスタット_2026/07","商品マスタが未設定","Month=2026/07, Amount=11000","請求明細の商品・名称・金額から商品を確定する"
"Medium","商品不足","ContractLineItem__c","a03RB00001STmHtYAL","株式会社アズスタット_2026/08","商品マスタが未設定","Month=2026/08, Amount=11000","請求明細の商品・名称・金額から商品を確定する"
"Medium","商品不足","ContractLineItem__c","a03RB00001NswgOYAR","株式会社アットオフィス デザイン企画部_2025/10","商品マスタが未設定","Month=2025/10, Amount=55000","請求明細の商品・名称・金額から商品を確定する"
"Medium","商品不足","ContractLineItem__c","a03RB00001NswgPYAR","株式会社アットオフィス デザイン企画部_2025/11","商品マスタが未設定","Month=2025/11, Amount=","請求明細の商品・名称・金額から商品を確定する"
"Medium","商品不足","ContractLineItem__c","a03RB00001NswgQYAR","株式会社アットオフィス デザイン企画部_2025/12","商品マスタが未設定","Month=2025/12, Amount=110000","請求明細の商品・名称・金額から商品を確定する"
"Medium","商品不足","ContractLineItem__c","a03RB00001NswgRYAR","株式会社アットオフィス デザイン企画部_2026/01","商品マスタが未設定","Month=2026/01, Amount=55000","請求明細の商品・名称・金額から商品を確定する"
"Medium","商品不足","ContractLineItem__c","a03RB00001Nswm4YAB","株式会社イーグランド_2024/11","商品マスタが未設定","Month=2024/11, Amount=11000","請求明細の商品・名称・金額から商品を確定する"
"Medium","商品不足","ContractLineItem__c","a03RB00001Nswm5YAB","株式会社イーグランド_2024/12","商品マスタが未設定","Month=2024/12, Amount=11000","請求明細の商品・名称・金額から商品を確定する"
"Medium","商品不足","ContractLineItem__c","a03RB00001Nswm6YAB","株式会社イーグランド_2025/01","商品マスタが未設定","Month=2025/01, Amount=11000","請求明細の商品・名称・金額から商品を確定する"
"Medium","商品不足","ContractLineItem__c","a03RB00001Nswm7YAB","株式会社イーグランド_2025/02","商品マスタが未設定","Month=2025/02, Amount=11000","請求明細の商品・名称・金額から商品を確定する"
"Medium","商品不足","ContractLineItem__c","a03RB00001Nswm8YAB","株式会社イーグランド_2025/03","商品マスタが未設定","Month=2025/03, Amount=11000","請求明細の商品・名称・金額から商品を確定する"
"Medium","商品不足","ContractLineItem__c","a03RB00001Nswm9YAB","株式会社イーグランド_2025/04","商品マスタが未設定","Month=2025/04, Amount=11000","請求明細の商品・名称・金額から商品を確定する"
"Medium","商品不足","ContractLineItem__c","a03RB00001NswmAYAR","株式会社イーグランド_2025/05","商品マスタが未設定","Month=2025/05, Amount=11000","請求明細の商品・名称・金額から商品を確定する"
"Medium","商品不足","ContractLineItem__c","a03RB00001NswmBYAR","株式会社イーグランド_2025/06","商品マスタが未設定","Month=2025/06, Amount=11000","請求明細の商品・名称・金額から商品を確定する"
"Medium","商品不足","ContractLineItem__c","a03RB00001NswmCYAR","株式会社イーグランド_2025/07","商品マスタが未設定","Month=2025/07, Amount=11000","請求明細の商品・名称・金額から商品を確定する"
"Medium","商品不足","ContractLineItem__c","a03RB00001NswmDYAR","株式会社イーグランド_2025/08","商品マスタが未設定","Month=2025/08, Amount=11000","請求明細の商品・名称・金額から商品を確定する"
"Medium","商品不足","ContractLineItem__c","a03RB00001NswmEYAR","株式会社イーグランド_2025/09","商品マスタが未設定","Month=2025/09, Amount=11000","請求明細の商品・名称・金額から商品を確定する"
"Medium","商品不足","ContractLineItem__c","a03RB00001NswmFYAR","株式会社イーグランド_2025/10","商品マスタが未設定","Month=2025/10, Amount=11000","請求明細の商品・名称・金額から商品を確定する"
"Medium","商品不足","ContractLineItem__c","a03RB00001NswmGYAR","株式会社イーグランド_2025/11","商品マスタが未設定","Month=2025/11, Amount=11000","請求明細の商品・名称・金額から商品を確定する"
"Medium","商品不足","ContractLineItem__c","a03RB00001NswmHYAR","株式会社イーグランド_2025/12","商品マスタが未設定","Month=2025/12, Amount=11000","請求明細の商品・名称・金額から商品を確定する"
"Medium","商品不足","ContractLineItem__c","a03RB00001NswmIYAR","株式会社イーグランド_2026/01","商品マスタが未設定","Month=2026/01, Amount=11000","請求明細の商品・名称・金額から商品を確定する"
"Medium","商品不足","ContractLineItem__c","a03RB00001NswmJYAR","株式会社イーグランド_2026/02","商品マスタが未設定","Month=2026/02, Amount=11000","請求明細の商品・名称・金額から商品を確定する"
"Medium","商品不足","ContractLineItem__c","a03RB00001NswmKYAR","株式会社イーグランド_2026/03","商品マスタが未設定","Month=2026/03, Amount=11000","請求明細の商品・名称・金額から商品を確定する"
"Medium","商品不足","ContractLineItem__c","a03RB00001NswmLYAR","株式会社イーグランド_2026/04","商品マスタが未設定","Month=2026/04, Amount=11000","請求明細の商品・名称・金額から商品を確定する"
"Medium","商品不足","ContractLineItem__c","a03RB00001NswmMYAR","株式会社イーグランド_2026/05","商品マスタが未設定","Month=2026/05, Amount=11000","請求明細の商品・名称・金額から商品を確定する"
"Medium","商品不足","ContractLineItem__c","a03RB00001RIREiYAP","株式会社イーグランド_2026/06","商品マスタが未設定","Month=2026/06, Amount=11000","請求明細の商品・名称・金額から商品を確定する"
"Medium","商品不足","ContractLineItem__c","a03RB00001RcABJYA3","株式会社イーグランド_2026/07","商品マスタが未設定","Month=2026/07, Amount=11000","請求明細の商品・名称・金額から商品を確定する"
"Medium","商品不足","ContractLineItem__c","a03RB00001STmHiYAL","株式会社イーグランド_2026/08","商品マスタが未設定","Month=2026/08, Amount=11000","請求明細の商品・名称・金額から商品を確定する"
"Medium","商品不足","ContractLineItem__c","a03RB00001NswYrYAJ","株式会社イトーキ_2024/12","商品マスタが未設定","Month=2024/12, Amount=5000","請求明細の商品・名称・金額から商品を確定する"
"Medium","商品不足","ContractLineItem__c","a03RB00001NswYsYAJ","株式会社イトーキ_2025/01","商品マスタが未設定","Month=2025/01, Amount=5000","請求明細の商品・名称・金額から商品を確定する"
"Medium","商品不足","ContractLineItem__c","a03RB00001NswYtYAJ","株式会社イトーキ_2025/02","商品マスタが未設定","Month=2025/02, Amount=5000","請求明細の商品・名称・金額から商品を確定する"
"Medium","商品不足","ContractLineItem__c","a03RB00001NswYuYAJ","株式会社イトーキ_2025/03","商品マスタが未設定","Month=2025/03, Amount=5000","請求明細の商品・名称・金額から商品を確定する"
"Medium","商品不足","ContractLineItem__c","a03RB00001NswYvYAJ","株式会社イトーキ_2025/04","商品マスタが未設定","Month=2025/04, Amount=5000","請求明細の商品・名称・金額から商品を確定する"
"Medium","商品不足","ContractLineItem__c","a03RB00001NswYwYAJ","株式会社イトーキ_2025/05","商品マスタが未設定","Month=2025/05, Amount=5000","請求明細の商品・名称・金額から商品を確定する"
"Medium","商品不足","ContractLineItem__c","a03RB00001NswYxYAJ","株式会社イトーキ_2025/06","商品マスタが未設定","Month=2025/06, Amount=5000","請求明細の商品・名称・金額から商品を確定する"
"Medium","商品不足","ContractLineItem__c","a03RB00001NswYyYAJ","株式会社イトーキ_2025/07","商品マスタが未設定","Month=2025/07, Amount=5000","請求明細の商品・名称・金額から商品を確定する"
"Medium","商品不足","ContractLineItem__c","a03RB00001NswYzYAJ","株式会社イトーキ_2025/08","商品マスタが未設定","Month=2025/08, Amount=5000","請求明細の商品・名称・金額から商品を確定する"
"Medium","商品不足","ContractLineItem__c","a03RB00001NswZ0YAJ","株式会社イトーキ_2025/09","商品マスタが未設定","Month=2025/09, Amount=5000","請求明細の商品・名称・金額から商品を確定する"
"Medium","商品不足","ContractLineItem__c","a03RB00001NswZ1YAJ","株式会社イトーキ_2025/10","商品マスタが未設定","Month=2025/10, Amount=5000","請求明細の商品・名称・金額から商品を確定する"
"Medium","商品不足","ContractLineItem__c","a03RB00001NswZ2YAJ","株式会社イトーキ_2025/11","商品マスタが未設定","Month=2025/11, Amount=5000","請求明細の商品・名称・金額から商品を確定する"
"Medium","商品不足","ContractLineItem__c","a03RB00001NswZ3YAJ","株式会社イトーキ_2025/12","商品マスタが未設定","Month=2025/12, Amount=5000","請求明細の商品・名称・金額から商品を確定する"
"Medium","商品不足","ContractLineItem__c","a03RB00001NswoZYAR","株式会社エージェント_2025/02","商品マスタが未設定","Month=2025/02, Amount=11000","請求明細の商品・名称・金額から商品を確定する"
"Medium","商品不足","ContractLineItem__c","a03RB00001NswoaYAB","株式会社エージェント_2025/03","商品マスタが未設定","Month=2025/03, Amount=11000","請求明細の商品・名称・金額から商品を確定する"
"Medium","商品不足","ContractLineItem__c","a03RB00001NswobYAB","株式会社エージェント_2025/04","商品マスタが未設定","Month=2025/04, Amount=11000","請求明細の商品・名称・金額から商品を確定する"
"Medium","商品不足","ContractLineItem__c","a03RB00001NswocYAB","株式会社エージェント_2025/05","商品マスタが未設定","Month=2025/05, Amount=11000","請求明細の商品・名称・金額から商品を確定する"
"Medium","商品不足","ContractLineItem__c","a03RB00001NswodYAB","株式会社エージェント_2025/06","商品マスタが未設定","Month=2025/06, Amount=11000","請求明細の商品・名称・金額から商品を確定する"
"Medium","商品不足","ContractLineItem__c","a03RB00001NswoeYAB","株式会社エージェント_2025/07","商品マスタが未設定","Month=2025/07, Amount=11000","請求明細の商品・名称・金額から商品を確定する"
"Medium","商品不足","ContractLineItem__c","a03RB00001NswofYAB","株式会社エージェント_2025/08","商品マスタが未設定","Month=2025/08, Amount=11000","請求明細の商品・名称・金額から商品を確定する"
"Medium","商品不足","ContractLineItem__c","a03RB00001NswogYAB","株式会社エージェント_2025/09","商品マスタが未設定","Month=2025/09, Amount=11000","請求明細の商品・名称・金額から商品を確定する"
"Medium","商品不足","ContractLineItem__c","a03RB00001NswohYAB","株式会社エージェント_2025/10","商品マスタが未設定","Month=2025/10, Amount=11000","請求明細の商品・名称・金額から商品を確定する"
"Medium","商品不足","ContractLineItem__c","a03RB00001NswoiYAB","株式会社エージェント_2025/11","商品マスタが未設定","Month=2025/11, Amount=11000","請求明細の商品・名称・金額から商品を確定する"
"Medium","商品不足","ContractLineItem__c","a03RB00001NswojYAB","株式会社エージェント_2025/12","商品マスタが未設定","Month=2025/12, Amount=11000","請求明細の商品・名称・金額から商品を確定する"
"Medium","商品不足","ContractLineItem__c","a03RB00001NswokYAB","株式会社エージェント_2026/01","商品マスタが未設定","Month=2026/01, Amount=11000","請求明細の商品・名称・金額から商品を確定する"
"Medium","商品不足","ContractLineItem__c","a03RB00001NswolYAB","株式会社エージェント_2026/02","商品マスタが未設定","Month=2026/02, Amount=11000","請求明細の商品・名称・金額から商品を確定する"
"Medium","商品不足","ContractLineItem__c","a03RB00001NswomYAB","株式会社エージェント_2026/03","商品マスタが未設定","Month=2026/03, Amount=11000","請求明細の商品・名称・金額から商品を確定する"
"Medium","商品不足","ContractLineItem__c","a03RB00001NswonYAB","株式会社エージェント_2026/04","商品マスタが未設定","Month=2026/04, Amount=11000","請求明細の商品・名称・金額から商品を確定する"
"Medium","商品不足","ContractLineItem__c","a03RB00001NswooYAB","株式会社エージェント_2026/05","商品マスタが未設定","Month=2026/05, Amount=11000","請求明細の商品・名称・金額から商品を確定する"
"Medium","商品不足","ContractLineItem__c","a03RB00001RIREpYAP","株式会社エージェント_2026/06","商品マスタが未設定","Month=2026/06, Amount=11000","請求明細の商品・名称・金額から商品を確定する"
"Medium","商品不足","ContractLineItem__c","a03RB00001RcABQYA3","株式会社エージェント_2026/07","商品マスタが未設定","Month=2026/07, Amount=11000","請求明細の商品・名称・金額から商品を確定する"
"Medium","商品不足","ContractLineItem__c","a03RB00001STmHmYAL","株式会社エージェント_2026/08","商品マスタが未設定","Month=2026/08, Amount=11000","請求明細の商品・名称・金額から商品を確定する"
"Medium","商品不足","ContractLineItem__c","a03RB00001NswkdYAB","株式会社エリオクリエイト_2026/06","商品マスタが未設定","Month=2026/06, Amount=96000","請求明細の商品・名称・金額から商品を確定する"
"Medium","商品不足","ContractLineItem__c","a03RB00001RcACNYA3","株式会社エリオクリエイト_2026/07","商品マスタが未設定","Month=2026/07, Amount=96000","請求明細の商品・名称・金額から商品を確定する"
"Medium","商品不足","ContractLineItem__c","a03RB00001NswZdYAJ","株式会社オリバー_2025/01","商品マスタが未設定","Month=2025/01, Amount=","請求明細の商品・名称・金額から商品を確定する"
"Medium","商品不足","ContractLineItem__c","a03RB00001NswZeYAJ","株式会社オリバー_2025/02","商品マスタが未設定","Month=2025/02, Amount=138600","請求明細の商品・名称・金額から商品を確定する"
"Medium","商品不足","ContractLineItem__c","a03RB00001NswZfYAJ","株式会社オリバー_2025/03","商品マスタが未設定","Month=2025/03, Amount=","請求明細の商品・名称・金額から商品を確定する"
"Medium","商品不足","ContractLineItem__c","a03RB00001NswZgYAJ","株式会社オリバー_2025/04","商品マスタが未設定","Month=2025/04, Amount=","請求明細の商品・名称・金額から商品を確定する"
"Medium","商品不足","ContractLineItem__c","a03RB00001NswZhYAJ","株式会社オリバー_2025/05","商品マスタが未設定","Month=2025/05, Amount=","請求明細の商品・名称・金額から商品を確定する"
"Medium","商品不足","ContractLineItem__c","a03RB00001NswZiYAJ","株式会社オリバー_2025/06","商品マスタが未設定","Month=2025/06, Amount=","請求明細の商品・名称・金額から商品を確定する"
"Medium","商品不足","ContractLineItem__c","a03RB00001NswZjYAJ","株式会社オリバー_2025/07","商品マスタが未設定","Month=2025/07, Amount=","請求明細の商品・名称・金額から商品を確定する"
"Medium","商品不足","ContractLineItem__c","a03RB00001NswraYAB","株式会社グローバルセンター_2025/08","商品マスタが未設定","Month=2025/08, Amount=11000","請求明細の商品・名称・金額から商品を確定する"
"Medium","商品不足","ContractLineItem__c","a03RB00001NswrbYAB","株式会社グローバルセンター_2025/09","商品マスタが未設定","Month=2025/09, Amount=11000","請求明細の商品・名称・金額から商品を確定する"
"Medium","商品不足","ContractLineItem__c","a03RB00001NswrcYAB","株式会社グローバルセンター_2025/10","商品マスタが未設定","Month=2025/10, Amount=11000","請求明細の商品・名称・金額から商品を確定する"
"Medium","商品不足","ContractLineItem__c","a03RB00001Nswf8YAB","株式会社コスモスイニシア デジタル推進部門_2025/10","商品マスタが未設定","Month=2025/10, Amount=100000","請求明細の商品・名称・金額から商品を確定する"
"Medium","商品不足","ContractLineItem__c","a03RB00001Nswf9YAB","株式会社コスモスイニシア デジタル推進部門_2025/11","商品マスタが未設定","Month=2025/11, Amount=100000","請求明細の商品・名称・金額から商品を確定する"
"Medium","商品不足","ContractLineItem__c","a03RB00001NswfAYAR","株式会社コスモスイニシア デジタル推進部門_2025/12","商品マスタが未設定","Month=2025/12, Amount=100000","請求明細の商品・名称・金額から商品を確定する"
"Medium","商品不足","ContractLineItem__c","a03RB00001NswfBYAR","株式会社コスモスイニシア デジタル推進部門_2026/01","商品マスタが未設定","Month=2026/01, Amount=100000","請求明細の商品・名称・金額から商品を確定する"
"Medium","商品不足","ContractLineItem__c","a03RB00001NswfCYAR","株式会社コスモスイニシア デジタル推進部門_2026/02","商品マスタが未設定","Month=2026/02, Amount=100000","請求明細の商品・名称・金額から商品を確定する"
"Medium","商品不足","ContractLineItem__c","a03RB00001NswfDYAR","株式会社コスモスイニシア デジタル推進部門_2026/03","商品マスタが未設定","Month=2026/03, Amount=100000","請求明細の商品・名称・金額から商品を確定する"
"Medium","商品不足","ContractLineItem__c","a03RB00001NswfWYAR","株式会社コスモスイニシア 建築本部(セキュリティオプション年払い）_2026/04","商品マスタが未設定","Month=2026/04, Amount=70000","請求明細の商品・名称・金額から商品を確定する"
"Medium","商品不足","ContractLineItem__c","a03RB00001NswfXYAR","株式会社コスモスイニシア 建築本部(セキュリティオプション年払い）_2026/05","商品マスタが未設定","Month=2026/05, Amount=70000","請求明細の商品・名称・金額から商品を確定する"
"Medium","商品不足","ContractLineItem__c","a03RB00001NswfYYAR","株式会社コスモスイニシア 建築本部(セキュリティオプション年払い）_2026/06","商品マスタが未設定","Month=2026/06, Amount=70000","請求明細の商品・名称・金額から商品を確定する"
"Medium","商品不足","ContractLineItem__c","a03RB00001NswfZYAR","株式会社コスモスイニシア 建築本部(セキュリティオプション年払い）_2026/07","商品マスタが未設定","Month=2026/07, Amount=70000","請求明細の商品・名称・金額から商品を確定する"
"Medium","商品不足","ContractLineItem__c","a03RB00001NswfaYAB","株式会社コスモスイニシア 建築本部(セキュリティオプション年払い）_2026/08","商品マスタが未設定","Month=2026/08, Amount=70000","請求明細の商品・名称・金額から商品を確定する"
"Medium","商品不足","ContractLineItem__c","a03RB00001NswfbYAB","株式会社コスモスイニシア 建築本部(セキュリティオプション年払い）_2026/09","商品マスタが未設定","Month=2026/09, Amount=70000","請求明細の商品・名称・金額から商品を確定する"
"Medium","商品不足","ContractLineItem__c","a03RB00001NswfcYAB","株式会社コスモスイニシア 建築本部(セキュリティオプション年払い）_2026/10","商品マスタが未設定","Month=2026/10, Amount=70000","請求明細の商品・名称・金額から商品を確定する"
"Medium","商品不足","ContractLineItem__c","a03RB00001NswfdYAB","株式会社コスモスイニシア 建築本部(セキュリティオプション年払い）_2026/11","商品マスタが未設定","Month=2026/11, Amount=70000","請求明細の商品・名称・金額から商品を確定する"
"Medium","商品不足","ContractLineItem__c","a03RB00001NswfeYAB","株式会社コスモスイニシア 建築本部(セキュリティオプション年払い）_2026/12","商品マスタが未設定","Month=2026/12, Amount=70000","請求明細の商品・名称・金額から商品を確定する"
"Medium","商品不足","ContractLineItem__c","a03RB00001NswffYAB","株式会社コスモスイニシア 建築本部(セキュリティオプション年払い）_2027/01","商品マスタが未設定","Month=2027/01, Amount=70000","請求明細の商品・名称・金額から商品を確定する"
"Medium","商品不足","ContractLineItem__c","a03RB00001NswfgYAB","株式会社コスモスイニシア 建築本部(セキュリティオプション年払い）_2027/02","商品マスタが未設定","Month=2027/02, Amount=70000","請求明細の商品・名称・金額から商品を確定する"
"Medium","商品不足","ContractLineItem__c","a03RB00001NswfhYAB","株式会社コスモスイニシア 建築本部(セキュリティオプション年払い）_2027/03","商品マスタが未設定","Month=2027/03, Amount=70000","請求明細の商品・名称・金額から商品を確定する"
"Medium","商品不足","ContractLineItem__c","a03RB00001NswfEYAR","株式会社コスモスイニシア 建築本部_2025/10","商品マスタが未設定","Month=2025/10, Amount=77000","請求明細の商品・名称・金額から商品を確定する"
"Medium","商品不足","ContractLineItem__c","a03RB00001NswfFYAR","株式会社コスモスイニシア 建築本部_2025/11","商品マスタが未設定","Month=2025/11, Amount=77000","請求明細の商品・名称・金額から商品を確定する"
"Medium","商品不足","ContractLineItem__c","a03RB00001NswfGYAR","株式会社コスモスイニシア 建築本部_2025/12","商品マスタが未設定","Month=2025/12, Amount=77000","請求明細の商品・名称・金額から商品を確定する"
"Medium","商品不足","ContractLineItem__c","a03RB00001NswfHYAR","株式会社コスモスイニシア 建築本部_2026/01","商品マスタが未設定","Month=2026/01, Amount=77000","請求明細の商品・名称・金額から商品を確定する"
"Medium","商品不足","ContractLineItem__c","a03RB00001NswfIYAR","株式会社コスモスイニシア 建築本部_2026/02","商品マスタが未設定","Month=2026/02, Amount=77000","請求明細の商品・名称・金額から商品を確定する"
"Medium","商品不足","ContractLineItem__c","a03RB00001NswfJYAR","株式会社コスモスイニシア 建築本部_2026/03","商品マスタが未設定","Month=2026/03, Amount=77000","請求明細の商品・名称・金額から商品を確定する"
"Medium","商品不足","ContractLineItem__c","a03RB00001NswfKYAR","株式会社コスモスイニシア 建築本部_2026/04","商品マスタが未設定","Month=2026/04, Amount=98000","請求明細の商品・名称・金額から商品を確定する"
"Medium","商品不足","ContractLineItem__c","a03RB00001NswfLYAR","株式会社コスモスイニシア 建築本部_2026/05","商品マスタが未設定","Month=2026/05, Amount=98000","請求明細の商品・名称・金額から商品を確定する"
"Medium","商品不足","ContractLineItem__c","a03RB00001NswfMYAR","株式会社コスモスイニシア 建築本部_2026/06","商品マスタが未設定","Month=2026/06, Amount=98000","請求明細の商品・名称・金額から商品を確定する"
"Medium","商品不足","ContractLineItem__c","a03RB00001NswfNYAR","株式会社コスモスイニシア 建築本部_2026/07","商品マスタが未設定","Month=2026/07, Amount=98000","請求明細の商品・名称・金額から商品を確定する"
"Medium","商品不足","ContractLineItem__c","a03RB00001NswfOYAR","株式会社コスモスイニシア 建築本部_2026/08","商品マスタが未設定","Month=2026/08, Amount=98000","請求明細の商品・名称・金額から商品を確定する"
"Medium","商品不足","ContractLineItem__c","a03RB00001NswfPYAR","株式会社コスモスイニシア 建築本部_2026/09","商品マスタが未設定","Month=2026/09, Amount=98000","請求明細の商品・名称・金額から商品を確定する"
"Medium","商品不足","ContractLineItem__c","a03RB00001NswfQYAR","株式会社コスモスイニシア 建築本部_2026/10","商品マスタが未設定","Month=2026/10, Amount=98000","請求明細の商品・名称・金額から商品を確定する"
"Medium","商品不足","ContractLineItem__c","a03RB00001NswfRYAR","株式会社コスモスイニシア 建築本部_2026/11","商品マスタが未設定","Month=2026/11, Amount=98000","請求明細の商品・名称・金額から商品を確定する"
"Medium","商品不足","ContractLineItem__c","a03RB00001NswfSYAR","株式会社コスモスイニシア 建築本部_2026/12","商品マスタが未設定","Month=2026/12, Amount=98000","請求明細の商品・名称・金額から商品を確定する"
"Medium","商品不足","ContractLineItem__c","a03RB00001NswfTYAR","株式会社コスモスイニシア 建築本部_2027/01","商品マスタが未設定","Month=2027/01, Amount=98000","請求明細の商品・名称・金額から商品を確定する"
"Medium","商品不足","ContractLineItem__c","a03RB00001NswfUYAR","株式会社コスモスイニシア 建築本部_2027/02","商品マスタが未設定","Month=2027/02, Amount=98000","請求明細の商品・名称・金額から商品を確定する"
"Medium","商品不足","ContractLineItem__c","a03RB00001NswfVYAR","株式会社コスモスイニシア 建築本部_2027/03","商品マスタが未設定","Month=2027/03, Amount=98000","請求明細の商品・名称・金額から商品を確定する"
"Medium","商品不足","ContractLineItem__c","a03RB00001NswfiYAB","株式会社コスモスイニシア 事業本部（流通事業）_2025/10","商品マスタが未設定","Month=2025/10, Amount=33000","請求明細の商品・名称・金額から商品を確定する"
"Medium","商品不足","ContractLineItem__c","a03RB00001NswfjYAB","株式会社コスモスイニシア 事業本部（流通事業）_2025/11","商品マスタが未設定","Month=2025/11, Amount=33000","請求明細の商品・名称・金額から商品を確定する"
"Medium","商品不足","ContractLineItem__c","a03RB00001NswfkYAB","株式会社コスモスイニシア 事業本部（流通事業）_2025/12","商品マスタが未設定","Month=2025/12, Amount=33000","請求明細の商品・名称・金額から商品を確定する"
"Medium","商品不足","ContractLineItem__c","a03RB00001NswflYAB","株式会社コスモスイニシア 事業本部（流通事業）_2026/01","商品マスタが未設定","Month=2026/01, Amount=33000","請求明細の商品・名称・金額から商品を確定する"
"Medium","商品不足","ContractLineItem__c","a03RB00001NswfmYAB","株式会社コスモスイニシア 事業本部（流通事業）_2026/02","商品マスタが未設定","Month=2026/02, Amount=33000","請求明細の商品・名称・金額から商品を確定する"
"Medium","商品不足","ContractLineItem__c","a03RB00001NswfnYAB","株式会社コスモスイニシア 事業本部（流通事業）_2026/03","商品マスタが未設定","Month=2026/03, Amount=33000","請求明細の商品・名称・金額から商品を確定する"
"Medium","商品不足","ContractLineItem__c","a03RB00001NswfoYAB","株式会社コスモスイニシア 事業本部（流通事業）_2026/04","商品マスタが未設定","Month=2026/04, Amount=42000","請求明細の商品・名称・金額から商品を確定する"
"Medium","商品不足","ContractLineItem__c","a03RB00001NswfpYAB","株式会社コスモスイニシア 事業本部（流通事業）_2026/05","商品マスタが未設定","Month=2026/05, Amount=42000","請求明細の商品・名称・金額から商品を確定する"
"Medium","商品不足","ContractLineItem__c","a03RB00001NswfqYAB","株式会社コスモスイニシア 事業本部（流通事業）_2026/06","商品マスタが未設定","Month=2026/06, Amount=42000","請求明細の商品・名称・金額から商品を確定する"
"Medium","商品不足","ContractLineItem__c","a03RB00001NswfrYAB","株式会社コスモスイニシア 事業本部（流通事業）_2026/07","商品マスタが未設定","Month=2026/07, Amount=42000","請求明細の商品・名称・金額から商品を確定する"
"Medium","商品不足","ContractLineItem__c","a03RB00001NswfsYAB","株式会社コスモスイニシア 事業本部（流通事業）_2026/08","商品マスタが未設定","Month=2026/08, Amount=42000","請求明細の商品・名称・金額から商品を確定する"
"Medium","商品不足","ContractLineItem__c","a03RB00001NswftYAB","株式会社コスモスイニシア 事業本部（流通事業）_2026/09","商品マスタが未設定","Month=2026/09, Amount=42000","請求明細の商品・名称・金額から商品を確定する"
"Medium","商品不足","ContractLineItem__c","a03RB00001NswfuYAB","株式会社コスモスイニシア 事業本部（流通事業）_2026/10","商品マスタが未設定","Month=2026/10, Amount=42000","請求明細の商品・名称・金額から商品を確定する"
"Medium","商品不足","ContractLineItem__c","a03RB00001NswfvYAB","株式会社コスモスイニシア 事業本部（流通事業）_2026/11","商品マスタが未設定","Month=2026/11, Amount=42000","請求明細の商品・名称・金額から商品を確定する"
"Medium","商品不足","ContractLineItem__c","a03RB00001NswfwYAB","株式会社コスモスイニシア 事業本部（流通事業）_2026/12","商品マスタが未設定","Month=2026/12, Amount=42000","請求明細の商品・名称・金額から商品を確定する"
"Medium","商品不足","ContractLineItem__c","a03RB00001NswfxYAB","株式会社コスモスイニシア 事業本部（流通事業）_2027/01","商品マスタが未設定","Month=2027/01, Amount=42000","請求明細の商品・名称・金額から商品を確定する"
"Medium","商品不足","ContractLineItem__c","a03RB00001NswfyYAB","株式会社コスモスイニシア 事業本部（流通事業）_2027/02","商品マスタが未設定","Month=2027/02, Amount=42000","請求明細の商品・名称・金額から商品を確定する"
"Medium","商品不足","ContractLineItem__c","a03RB00001NswfzYAB","株式会社コスモスイニシア 事業本部（流通事業）_2027/03","商品マスタが未設定","Month=2027/03, Amount=42000","請求明細の商品・名称・金額から商品を確定する"
"Medium","商品不足","ContractLineItem__c","a03RB00001Nswg0YAB","株式会社コスモスイニシア 流通事業部(セキュリティオプション年払い）_2026/04","商品マスタが未設定","Month=2026/04, Amount=30000","請求明細の商品・名称・金額から商品を確定する"
"Medium","商品不足","ContractLineItem__c","a03RB00001Nswg1YAB","株式会社コスモスイニシア 流通事業部(セキュリティオプション年払い）_2026/05","商品マスタが未設定","Month=2026/05, Amount=30000","請求明細の商品・名称・金額から商品を確定する"
"Medium","商品不足","ContractLineItem__c","a03RB00001Nswg2YAB","株式会社コスモスイニシア 流通事業部(セキュリティオプション年払い）_2026/06","商品マスタが未設定","Month=2026/06, Amount=30000","請求明細の商品・名称・金額から商品を確定する"
"Medium","商品不足","ContractLineItem__c","a03RB00001Nswg3YAB","株式会社コスモスイニシア 流通事業部(セキュリティオプション年払い）_2026/07","商品マスタが未設定","Month=2026/07, Amount=30000","請求明細の商品・名称・金額から商品を確定する"
"Medium","商品不足","ContractLineItem__c","a03RB00001Nswg4YAB","株式会社コスモスイニシア 流通事業部(セキュリティオプション年払い）_2026/08","商品マスタが未設定","Month=2026/08, Amount=30000","請求明細の商品・名称・金額から商品を確定する"
"Medium","商品不足","ContractLineItem__c","a03RB00001Nswg5YAB","株式会社コスモスイニシア 流通事業部(セキュリティオプション年払い）_2026/09","商品マスタが未設定","Month=2026/09, Amount=30000","請求明細の商品・名称・金額から商品を確定する"
"Medium","商品不足","ContractLineItem__c","a03RB00001Nswg6YAB","株式会社コスモスイニシア 流通事業部(セキュリティオプション年払い）_2026/10","商品マスタが未設定","Month=2026/10, Amount=30000","請求明細の商品・名称・金額から商品を確定する"
"Medium","商品不足","ContractLineItem__c","a03RB00001Nswg7YAB","株式会社コスモスイニシア 流通事業部(セキュリティオプション年払い）_2026/11","商品マスタが未設定","Month=2026/11, Amount=30000","請求明細の商品・名称・金額から商品を確定する"
"Medium","商品不足","ContractLineItem__c","a03RB00001Nswg8YAB","株式会社コスモスイニシア 流通事業部(セキュリティオプション年払い）_2026/12","商品マスタが未設定","Month=2026/12, Amount=30000","請求明細の商品・名称・金額から商品を確定する"
"Medium","商品不足","ContractLineItem__c","a03RB00001Nswg9YAB","株式会社コスモスイニシア 流通事業部(セキュリティオプション年払い）_2027/01","商品マスタが未設定","Month=2027/01, Amount=30000","請求明細の商品・名称・金額から商品を確定する"
"Medium","商品不足","ContractLineItem__c","a03RB00001NswgAYAR","株式会社コスモスイニシア 流通事業部(セキュリティオプション年払い）_2027/02","商品マスタが未設定","Month=2027/02, Amount=30000","請求明細の商品・名称・金額から商品を確定する"
"Medium","商品不足","ContractLineItem__c","a03RB00001NswgBYAR","株式会社コスモスイニシア 流通事業部(セキュリティオプション年払い）_2027/03","商品マスタが未設定","Month=2027/03, Amount=30000","請求明細の商品・名称・金額から商品を確定する"
"Medium","商品不足","ContractLineItem__c","a03RB00001NswjCYAR","株式会社サンケイビル_2026/04","商品マスタが未設定","Month=2026/04, Amount=70000","請求明細の商品・名称・金額から商品を確定する"
"Medium","商品不足","ContractLineItem__c","a03RB00001NswjDYAR","株式会社サンケイビル_2026/05","商品マスタが未設定","Month=2026/05, Amount=70000","請求明細の商品・名称・金額から商品を確定する"
"Medium","商品不足","ContractLineItem__c","a03RB00001NswjEYAR","株式会社サンケイビル_2026/06","商品マスタが未設定","Month=2026/06, Amount=70000","請求明細の商品・名称・金額から商品を確定する"
"Medium","商品不足","ContractLineItem__c","a03RB00001NswjFYAR","株式会社サンケイビル_2026/07","商品マスタが未設定","Month=2026/07, Amount=70000","請求明細の商品・名称・金額から商品を確定する"
"Medium","商品不足","ContractLineItem__c","a03RB00001NswjGYAR","株式会社サンケイビル_2026/08","商品マスタが未設定","Month=2026/08, Amount=70000","請求明細の商品・名称・金額から商品を確定する"
"Medium","商品不足","ContractLineItem__c","a03RB00001NswjHYAR","株式会社サンケイビル_2026/09","商品マスタが未設定","Month=2026/09, Amount=70000","請求明細の商品・名称・金額から商品を確定する"
"Medium","商品不足","ContractLineItem__c","a03RB00001NswjIYAR","株式会社サンケイビル_2026/10","商品マスタが未設定","Month=2026/10, Amount=70000","請求明細の商品・名称・金額から商品を確定する"
"Medium","商品不足","ContractLineItem__c","a03RB00001NswjJYAR","株式会社サンケイビル_2026/11","商品マスタが未設定","Month=2026/11, Amount=70000","請求明細の商品・名称・金額から商品を確定する"
"Medium","商品不足","ContractLineItem__c","a03RB00001NswjKYAR","株式会社サンケイビル_2026/12","商品マスタが未設定","Month=2026/12, Amount=70000","請求明細の商品・名称・金額から商品を確定する"
"Medium","商品不足","ContractLineItem__c","a03RB00001NswjLYAR","株式会社サンケイビル_2027/01","商品マスタが未設定","Month=2027/01, Amount=70000","請求明細の商品・名称・金額から商品を確定する"
"Medium","商品不足","ContractLineItem__c","a03RB00001NswjMYAR","株式会社サンケイビル_2027/02","商品マスタが未設定","Month=2027/02, Amount=70000","請求明細の商品・名称・金額から商品を確定する"
"Medium","商品不足","ContractLineItem__c","a03RB00001NswjNYAR","株式会社サンケイビル_2027/03","商品マスタが未設定","Month=2027/03, Amount=70000","請求明細の商品・名称・金額から商品を確定する"
"Medium","商品不足","ContractLineItem__c","a03RB00001Nswq2YAB","株式会社サンホームズ_2025/04","商品マスタが未設定","Month=2025/04, Amount=11000","請求明細の商品・名称・金額から商品を確定する"
"Medium","商品不足","ContractLineItem__c","a03RB00001Nswq3YAB","株式会社サンホームズ_2025/05","商品マスタが未設定","Month=2025/05, Amount=11000","請求明細の商品・名称・金額から商品を確定する"
"Medium","商品不足","ContractLineItem__c","a03RB00001Nswq4YAB","株式会社サンホームズ_2025/06","商品マスタが未設定","Month=2025/06, Amount=11000","請求明細の商品・名称・金額から商品を確定する"
"Medium","商品不足","ContractLineItem__c","a03RB00001Nswq5YAB","株式会社サンホームズ_2025/07","商品マスタが未設定","Month=2025/07, Amount=11000","請求明細の商品・名称・金額から商品を確定する"
"Medium","商品不足","ContractLineItem__c","a03RB00001Nswq6YAB","株式会社サンホームズ_2025/08","商品マスタが未設定","Month=2025/08, Amount=11000","請求明細の商品・名称・金額から商品を確定する"
"Medium","商品不足","ContractLineItem__c","a03RB00001Nswq7YAB","株式会社サンホームズ_2025/09","商品マスタが未設定","Month=2025/09, Amount=11000","請求明細の商品・名称・金額から商品を確定する"
"Medium","商品不足","ContractLineItem__c","a03RB00001Nswq8YAB","株式会社サンホームズ_2025/10","商品マスタが未設定","Month=2025/10, Amount=11000","請求明細の商品・名称・金額から商品を確定する"
"Medium","商品不足","ContractLineItem__c","a03RB00001Nswq9YAB","株式会社サンホームズ_2025/11","商品マスタが未設定","Month=2025/11, Amount=11000","請求明細の商品・名称・金額から商品を確定する"
"Medium","商品不足","ContractLineItem__c","a03RB00001NswqAYAR","株式会社サンホームズ_2025/12","商品マスタが未設定","Month=2025/12, Amount=11000","請求明細の商品・名称・金額から商品を確定する"
"Medium","商品不足","ContractLineItem__c","a03RB00001NswnmYAB","株式会社シアーズホーム(旧：株式会社サンタ不動産）_2025/02","商品マスタが未設定","Month=2025/02, Amount=11000","請求明細の商品・名称・金額から商品を確定する"
"Medium","商品不足","ContractLineItem__c","a03RB00001NswnnYAB","株式会社シアーズホーム(旧：株式会社サンタ不動産）_2025/03","商品マスタが未設定","Month=2025/03, Amount=11000","請求明細の商品・名称・金額から商品を確定する"
"Medium","商品不足","ContractLineItem__c","a03RB00001NswnoYAB","株式会社シアーズホーム(旧：株式会社サンタ不動産）_2025/04","商品マスタが未設定","Month=2025/04, Amount=11000","請求明細の商品・名称・金額から商品を確定する"
"Medium","商品不足","ContractLineItem__c","a03RB00001NswnpYAB","株式会社シアーズホーム(旧：株式会社サンタ不動産）_2025/05","商品マスタが未設定","Month=2025/05, Amount=11000","請求明細の商品・名称・金額から商品を確定する"
"Medium","商品不足","ContractLineItem__c","a03RB00001NswnqYAB","株式会社シアーズホーム(旧：株式会社サンタ不動産）_2025/06","商品マスタが未設定","Month=2025/06, Amount=11000","請求明細の商品・名称・金額から商品を確定する"
"Medium","商品不足","ContractLineItem__c","a03RB00001NswnrYAB","株式会社シアーズホーム(旧：株式会社サンタ不動産）_2025/07","商品マスタが未設定","Month=2025/07, Amount=11000","請求明細の商品・名称・金額から商品を確定する"
"Medium","商品不足","ContractLineItem__c","a03RB00001NswnsYAB","株式会社シアーズホーム(旧：株式会社サンタ不動産）_2025/08","商品マスタが未設定","Month=2025/08, Amount=11000","請求明細の商品・名称・金額から商品を確定する"
"Medium","商品不足","ContractLineItem__c","a03RB00001NswntYAB","株式会社シアーズホーム(旧：株式会社サンタ不動産）_2025/09","商品マスタが未設定","Month=2025/09, Amount=11000","請求明細の商品・名称・金額から商品を確定する"
"Medium","商品不足","ContractLineItem__c","a03RB00001NswnuYAB","株式会社シアーズホーム(旧：株式会社サンタ不動産）_2025/10","商品マスタが未設定","Month=2025/10, Amount=11000","請求明細の商品・名称・金額から商品を確定する"
"Medium","商品不足","ContractLineItem__c","a03RB00001NswnvYAB","株式会社シアーズホーム(旧：株式会社サンタ不動産）_2025/11","商品マスタが未設定","Month=2025/11, Amount=11000","請求明細の商品・名称・金額から商品を確定する"
"Medium","商品不足","ContractLineItem__c","a03RB00001NswnwYAB","株式会社シアーズホーム(旧：株式会社サンタ不動産）_2025/12","商品マスタが未設定","Month=2025/12, Amount=11000","請求明細の商品・名称・金額から商品を確定する"
"Medium","商品不足","ContractLineItem__c","a03RB00001NswnxYAB","株式会社シアーズホーム(旧：株式会社サンタ不動産）_2026/01","商品マスタが未設定","Month=2026/01, Amount=11000","請求明細の商品・名称・金額から商品を確定する"
"Medium","商品不足","ContractLineItem__c","a03RB00001NswnyYAB","株式会社シアーズホーム(旧：株式会社サンタ不動産）_2026/02","商品マスタが未設定","Month=2026/02, Amount=11000","請求明細の商品・名称・金額から商品を確定する"
"Medium","商品不足","ContractLineItem__c","a03RB00001NswnzYAB","株式会社シアーズホーム(旧：株式会社サンタ不動産）_2026/03","商品マスタが未設定","Month=2026/03, Amount=11000","請求明細の商品・名称・金額から商品を確定する"
"Medium","商品不足","ContractLineItem__c","a03RB00001Nswk8YAB","株式会社ジョイフル本田（Pro１アカウント）_2026/06","商品マスタが未設定","Month=2026/06, Amount=8000","請求明細の商品・名称・金額から商品を確定する"
"Medium","商品不足","ContractLineItem__c","a03RB00001RcACJYA3","株式会社ジョイフル本田（Pro１アカウント）_2026/07","商品マスタが未設定","Month=2026/07, Amount=8000","請求明細の商品・名称・金額から商品を確定する"
"Medium","商品不足","ContractLineItem__c","a03RB00001STmHbYAL","株式会社ジョイフル本田（Pro１アカウント）_2026/08","商品マスタが未設定","Month=2026/08, Amount=8000","請求明細の商品・名称・金額から商品を確定する"
"Medium","商品不足","ContractLineItem__c","a03RB00001NswckYAB","株式会社ジョイフル本田_2025/05","商品マスタが未設定","Month=2025/05, Amount=55000","請求明細の商品・名称・金額から商品を確定する"
"Medium","商品不足","ContractLineItem__c","a03RB00001NswclYAB","株式会社ジョイフル本田_2025/06","商品マスタが未設定","Month=2025/06, Amount=55000","請求明細の商品・名称・金額から商品を確定する"
"Medium","商品不足","ContractLineItem__c","a03RB00001NswcmYAB","株式会社ジョイフル本田_2025/07","商品マスタが未設定","Month=2025/07, Amount=55000","請求明細の商品・名称・金額から商品を確定する"
"Medium","商品不足","ContractLineItem__c","a03RB00001NswcnYAB","株式会社ジョイフル本田_2025/08","商品マスタが未設定","Month=2025/08, Amount=55000","請求明細の商品・名称・金額から商品を確定する"
"Medium","商品不足","ContractLineItem__c","a03RB00001NswcoYAB","株式会社ジョイフル本田_2025/09","商品マスタが未設定","Month=2025/09, Amount=55000","請求明細の商品・名称・金額から商品を確定する"
"Medium","商品不足","ContractLineItem__c","a03RB00001NswcpYAB","株式会社ジョイフル本田_2025/10","商品マスタが未設定","Month=2025/10, Amount=55000","請求明細の商品・名称・金額から商品を確定する"
"Medium","商品不足","ContractLineItem__c","a03RB00001NswcqYAB","株式会社ジョイフル本田_2025/11","商品マスタが未設定","Month=2025/11, Amount=55000","請求明細の商品・名称・金額から商品を確定する"
"Medium","商品不足","ContractLineItem__c","a03RB00001NswcrYAB","株式会社ジョイフル本田_2025/12","商品マスタが未設定","Month=2025/12, Amount=55000","請求明細の商品・名称・金額から商品を確定する"
"Medium","商品不足","ContractLineItem__c","a03RB00001NswcsYAB","株式会社ジョイフル本田_2026/01","商品マスタが未設定","Month=2026/01, Amount=55000","請求明細の商品・名称・金額から商品を確定する"
"Medium","商品不足","ContractLineItem__c","a03RB00001NswctYAB","株式会社ジョイフル本田_2026/02","商品マスタが未設定","Month=2026/02, Amount=55000","請求明細の商品・名称・金額から商品を確定する"
"Medium","商品不足","ContractLineItem__c","a03RB00001NswcuYAB","株式会社ジョイフル本田_2026/03","商品マスタが未設定","Month=2026/03, Amount=55000","請求明細の商品・名称・金額から商品を確定する"
"Medium","商品不足","ContractLineItem__c","a03RB00001NswcvYAB","株式会社ジョイフル本田_2026/04","商品マスタが未設定","Month=2026/04, Amount=55000","請求明細の商品・名称・金額から商品を確定する"
"Medium","商品不足","ContractLineItem__c","a03RB00001NswcwYAB","株式会社ジョイフル本田_2026/05","商品マスタが未設定","Month=2026/05, Amount=55000","請求明細の商品・名称・金額から商品を確定する"
"Medium","商品不足","ContractLineItem__c","a03RB00001NswkaYAB","株式会社デザインアーク 東京本店 東京スペースソリューション第１営業所_2026/06","商品マスタが未設定","Month=2026/06, Amount=30000","請求明細の商品・名称・金額から商品を確定する"
"Medium","商品不足","ContractLineItem__c","a03RB00001RcACKYA3","株式会社デザインアーク　東京本店　東京スペースソリューション第１営業所_2026/07","商品マスタが未設定","Month=2026/07, Amount=30000","請求明細の商品・名称・金額から商品を確定する"
"Medium","商品不足","ContractLineItem__c","a03RB00001STmHeYAL","株式会社デザインアーク　東京本店　東京スペースソリューション第１営業所_2026/08","商品マスタが未設定","Month=2026/08, Amount=30000","請求明細の商品・名称・金額から商品を確定する"
"Medium","商品不足","ContractLineItem__c","a03RB00001NswirYAB","株式会社トーケン_2026/03","商品マスタが未設定","Month=2026/03, Amount=80000","請求明細の商品・名称・金額から商品を確定する"
"Medium","商品不足","ContractLineItem__c","a03RB00001NswisYAB","株式会社トーケン_2026/04","商品マスタが未設定","Month=2026/04, Amount=80000","請求明細の商品・名称・金額から商品を確定する"
"Medium","商品不足","ContractLineItem__c","a03RB00001NswitYAB","株式会社トーケン_2026/05","商品マスタが未設定","Month=2026/05, Amount=80000","請求明細の商品・名称・金額から商品を確定する"
"Medium","商品不足","ContractLineItem__c","a03RB00001NswiuYAB","株式会社トーケン_2026/06","商品マスタが未設定","Month=2026/06, Amount=80000","請求明細の商品・名称・金額から商品を確定する"
"Medium","商品不足","ContractLineItem__c","a03RB00001NswivYAB","株式会社トーケン_2026/07","商品マスタが未設定","Month=2026/07, Amount=80000","請求明細の商品・名称・金額から商品を確定する"
"Medium","商品不足","ContractLineItem__c","a03RB00001NswiwYAB","株式会社トーケン_2026/08","商品マスタが未設定","Month=2026/08, Amount=80000","請求明細の商品・名称・金額から商品を確定する"
"Medium","商品不足","ContractLineItem__c","a03RB00001NswixYAB","株式会社トーケン_2026/09","商品マスタが未設定","Month=2026/09, Amount=80000","請求明細の商品・名称・金額から商品を確定する"
"Medium","商品不足","ContractLineItem__c","a03RB00001NswiyYAB","株式会社トーケン_2026/10","商品マスタが未設定","Month=2026/10, Amount=80000","請求明細の商品・名称・金額から商品を確定する"
"Medium","商品不足","ContractLineItem__c","a03RB00001NswizYAB","株式会社トーケン_2026/11","商品マスタが未設定","Month=2026/11, Amount=80000","請求明細の商品・名称・金額から商品を確定する"
"Medium","商品不足","ContractLineItem__c","a03RB00001Nswj0YAB","株式会社トーケン_2026/12","商品マスタが未設定","Month=2026/12, Amount=80000","請求明細の商品・名称・金額から商品を確定する"
"Medium","商品不足","ContractLineItem__c","a03RB00001Nswj1YAB","株式会社トーケン_2027/01","商品マスタが未設定","Month=2027/01, Amount=80000","請求明細の商品・名称・金額から商品を確定する"
"Medium","商品不足","ContractLineItem__c","a03RB00001Nswj2YAB","株式会社トーケン_2027/02","商品マスタが未設定","Month=2027/02, Amount=80000","請求明細の商品・名称・金額から商品を確定する"
"Medium","商品不足","ContractLineItem__c","a03RB00001NswqbYAB","株式会社ハートランド_2025/04","商品マスタが未設定","Month=2025/04, Amount=11000","請求明細の商品・名称・金額から商品を確定する"
"Medium","商品不足","ContractLineItem__c","a03RB00001NswqcYAB","株式会社ハートランド_2025/05","商品マスタが未設定","Month=2025/05, Amount=11000","請求明細の商品・名称・金額から商品を確定する"
"Medium","商品不足","ContractLineItem__c","a03RB00001NswqdYAB","株式会社ハートランド_2025/06","商品マスタが未設定","Month=2025/06, Amount=11000","請求明細の商品・名称・金額から商品を確定する"
"Medium","商品不足","ContractLineItem__c","a03RB00001NswqeYAB","株式会社ハートランド_2025/07","商品マスタが未設定","Month=2025/07, Amount=11000","請求明細の商品・名称・金額から商品を確定する"
"Medium","商品不足","ContractLineItem__c","a03RB00001NswqfYAB","株式会社ハートランド_2025/08","商品マスタが未設定","Month=2025/08, Amount=11000","請求明細の商品・名称・金額から商品を確定する"
"Medium","商品不足","ContractLineItem__c","a03RB00001NswqgYAB","株式会社ハートランド_2025/09","商品マスタが未設定","Month=2025/09, Amount=11000","請求明細の商品・名称・金額から商品を確定する"
"Medium","商品不足","ContractLineItem__c","a03RB00001NswqhYAB","株式会社ハートランド_2025/10","商品マスタが未設定","Month=2025/10, Amount=11000","請求明細の商品・名称・金額から商品を確定する"
"Medium","商品不足","ContractLineItem__c","a03RB00001NswqiYAB","株式会社ハートランド_2025/11","商品マスタが未設定","Month=2025/11, Amount=11000","請求明細の商品・名称・金額から商品を確定する"
"Medium","商品不足","ContractLineItem__c","a03RB00001NswqjYAB","株式会社ハートランド_2025/12","商品マスタが未設定","Month=2025/12, Amount=11000","請求明細の商品・名称・金額から商品を確定する"
"Medium","商品不足","ContractLineItem__c","a03RB00001NswqkYAB","株式会社ハートランド_2026/01","商品マスタが未設定","Month=2026/01, Amount=11000","請求明細の商品・名称・金額から商品を確定する"
"Medium","商品不足","ContractLineItem__c","a03RB00001NswqlYAB","株式会社ハートランド_2026/02","商品マスタが未設定","Month=2026/02, Amount=11000","請求明細の商品・名称・金額から商品を確定する"
"Medium","商品不足","ContractLineItem__c","a03RB00001NswqmYAB","株式会社ハートランド_2026/03","商品マスタが未設定","Month=2026/03, Amount=11000","請求明細の商品・名称・金額から商品を確定する"
"Medium","商品不足","ContractLineItem__c","a03RB00001NswqnYAB","株式会社ハートランド_2026/04","商品マスタが未設定","Month=2026/04, Amount=11000","請求明細の商品・名称・金額から商品を確定する"
"Medium","商品不足","ContractLineItem__c","a03RB00001NswqoYAB","株式会社ハートランド_2026/05","商品マスタが未設定","Month=2026/05, Amount=11000","請求明細の商品・名称・金額から商品を確定する"
"Medium","商品不足","ContractLineItem__c","a03RB00001NswqpYAB","株式会社ハートランド_2026/06","商品マスタが未設定","Month=2026/06, Amount=11000","請求明細の商品・名称・金額から商品を確定する"
"Medium","商品不足","ContractLineItem__c","a03RB00001NswjiYAB","株式会社フジタ BIM推進部_2026/04","商品マスタが未設定","Month=2026/04, Amount=42000","請求明細の商品・名称・金額から商品を確定する"
"Medium","商品不足","ContractLineItem__c","a03RB00001NswjjYAB","株式会社フジタ BIM推進部_2026/05","商品マスタが未設定","Month=2026/05, Amount=42000","請求明細の商品・名称・金額から商品を確定する"
"Medium","商品不足","ContractLineItem__c","a03RB00001NswjkYAB","株式会社フジタ BIM推進部_2026/06","商品マスタが未設定","Month=2026/06, Amount=42000","請求明細の商品・名称・金額から商品を確定する"
"Medium","商品不足","ContractLineItem__c","a03RB00001NswjlYAB","株式会社フジタ BIM推進部_2026/07","商品マスタが未設定","Month=2026/07, Amount=42000","請求明細の商品・名称・金額から商品を確定する"
"Medium","商品不足","ContractLineItem__c","a03RB00001NswjmYAB","株式会社フジタ BIM推進部_2026/08","商品マスタが未設定","Month=2026/08, Amount=42000","請求明細の商品・名称・金額から商品を確定する"
"Medium","商品不足","ContractLineItem__c","a03RB00001NswjnYAB","株式会社フジタ BIM推進部_2026/09","商品マスタが未設定","Month=2026/09, Amount=42000","請求明細の商品・名称・金額から商品を確定する"
"Medium","商品不足","ContractLineItem__c","a03RB00001NswjoYAB","株式会社フジタ BIM推進部_2026/10","商品マスタが未設定","Month=2026/10, Amount=42000","請求明細の商品・名称・金額から商品を確定する"
"Medium","商品不足","ContractLineItem__c","a03RB00001NswjpYAB","株式会社フジタ BIM推進部_2026/11","商品マスタが未設定","Month=2026/11, Amount=42000","請求明細の商品・名称・金額から商品を確定する"
"Medium","商品不足","ContractLineItem__c","a03RB00001NswjqYAB","株式会社フジタ BIM推進部_2026/12","商品マスタが未設定","Month=2026/12, Amount=42000","請求明細の商品・名称・金額から商品を確定する"
"Medium","商品不足","ContractLineItem__c","a03RB00001NswjrYAB","株式会社フジタ BIM推進部_2027/01","商品マスタが未設定","Month=2027/01, Amount=42000","請求明細の商品・名称・金額から商品を確定する"
"Medium","商品不足","ContractLineItem__c","a03RB00001NswjsYAB","株式会社フジタ BIM推進部_2027/02","商品マスタが未設定","Month=2027/02, Amount=42000","請求明細の商品・名称・金額から商品を確定する"
"Medium","商品不足","ContractLineItem__c","a03RB00001NswjtYAB","株式会社フジタ BIM推進部_2027/03","商品マスタが未設定","Month=2027/03, Amount=42000","請求明細の商品・名称・金額から商品を確定する"
"Medium","商品不足","ContractLineItem__c","a03RB00001NswjuYAB","株式会社フジタ 設計統括部_2026/04","商品マスタが未設定","Month=2026/04, Amount=98000","請求明細の商品・名称・金額から商品を確定する"
"Medium","商品不足","ContractLineItem__c","a03RB00001NswjvYAB","株式会社フジタ 設計統括部_2026/05","商品マスタが未設定","Month=2026/05, Amount=98000","請求明細の商品・名称・金額から商品を確定する"
"Medium","商品不足","ContractLineItem__c","a03RB00001NswjwYAB","株式会社フジタ 設計統括部_2026/06","商品マスタが未設定","Month=2026/06, Amount=98000","請求明細の商品・名称・金額から商品を確定する"
"Medium","商品不足","ContractLineItem__c","a03RB00001NswjxYAB","株式会社フジタ 設計統括部_2026/07","商品マスタが未設定","Month=2026/07, Amount=98000","請求明細の商品・名称・金額から商品を確定する"
"Medium","商品不足","ContractLineItem__c","a03RB00001NswjyYAB","株式会社フジタ 設計統括部_2026/08","商品マスタが未設定","Month=2026/08, Amount=98000","請求明細の商品・名称・金額から商品を確定する"
"Medium","商品不足","ContractLineItem__c","a03RB00001NswjzYAB","株式会社フジタ 設計統括部_2026/09","商品マスタが未設定","Month=2026/09, Amount=98000","請求明細の商品・名称・金額から商品を確定する"
"Medium","商品不足","ContractLineItem__c","a03RB00001Nswk0YAB","株式会社フジタ 設計統括部_2026/10","商品マスタが未設定","Month=2026/10, Amount=98000","請求明細の商品・名称・金額から商品を確定する"
"Medium","商品不足","ContractLineItem__c","a03RB00001Nswk1YAB","株式会社フジタ 設計統括部_2026/11","商品マスタが未設定","Month=2026/11, Amount=98000","請求明細の商品・名称・金額から商品を確定する"
"Medium","商品不足","ContractLineItem__c","a03RB00001Nswk2YAB","株式会社フジタ 設計統括部_2026/12","商品マスタが未設定","Month=2026/12, Amount=98000","請求明細の商品・名称・金額から商品を確定する"
"Medium","商品不足","ContractLineItem__c","a03RB00001Nswk3YAB","株式会社フジタ 設計統括部_2027/01","商品マスタが未設定","Month=2027/01, Amount=98000","請求明細の商品・名称・金額から商品を確定する"
"Medium","商品不足","ContractLineItem__c","a03RB00001Nswk4YAB","株式会社フジタ 設計統括部_2027/02","商品マスタが未設定","Month=2027/02, Amount=98000","請求明細の商品・名称・金額から商品を確定する"
"Medium","商品不足","ContractLineItem__c","a03RB00001Nswk5YAB","株式会社フジタ 設計統括部_2027/03","商品マスタが未設定","Month=2027/03, Amount=98000","請求明細の商品・名称・金額から商品を確定する"
"Medium","商品不足","ContractLineItem__c","a03RB00001NswhUYAR","株式会社フジタ（調達本部 インテリア・ソリューション統括部 インテリア部）_2026/02","商品マスタが未設定","Month=2026/02, Amount=75000","請求明細の商品・名称・金額から商品を確定する"
"Medium","商品不足","ContractLineItem__c","a03RB00001NswhVYAR","株式会社フジタ（調達本部 インテリア・ソリューション統括部 インテリア部）_2026/03","商品マスタが未設定","Month=2026/03, Amount=75000","請求明細の商品・名称・金額から商品を確定する"
"Medium","商品不足","ContractLineItem__c","a03RB00001NswhWYAR","株式会社フジタ（調達本部 インテリア・ソリューション統括部 インテリア部）_2026/04","商品マスタが未設定","Month=2026/04, Amount=70000","請求明細の商品・名称・金額から商品を確定する"
"Medium","商品不足","ContractLineItem__c","a03RB00001NswhXYAR","株式会社フジタ（調達本部 インテリア・ソリューション統括部 インテリア部）_2026/05","商品マスタが未設定","Month=2026/05, Amount=70000","請求明細の商品・名称・金額から商品を確定する"
"Medium","商品不足","ContractLineItem__c","a03RB00001NswhYYAR","株式会社フジタ（調達本部 インテリア・ソリューション統括部 インテリア部）_2026/06","商品マスタが未設定","Month=2026/06, Amount=70000","請求明細の商品・名称・金額から商品を確定する"
"Medium","商品不足","ContractLineItem__c","a03RB00001NswhZYAR","株式会社フジタ（調達本部 インテリア・ソリューション統括部 インテリア部）_2026/07","商品マスタが未設定","Month=2026/07, Amount=70000","請求明細の商品・名称・金額から商品を確定する"
"Medium","商品不足","ContractLineItem__c","a03RB00001NswhaYAB","株式会社フジタ（調達本部 インテリア・ソリューション統括部 インテリア部）_2026/08","商品マスタが未設定","Month=2026/08, Amount=70000","請求明細の商品・名称・金額から商品を確定する"
"Medium","商品不足","ContractLineItem__c","a03RB00001NswhbYAB","株式会社フジタ（調達本部 インテリア・ソリューション統括部 インテリア部）_2026/09","商品マスタが未設定","Month=2026/09, Amount=70000","請求明細の商品・名称・金額から商品を確定する"
"Medium","商品不足","ContractLineItem__c","a03RB00001NswhcYAB","株式会社フジタ（調達本部 インテリア・ソリューション統括部 インテリア部）_2026/10","商品マスタが未設定","Month=2026/10, Amount=70000","請求明細の商品・名称・金額から商品を確定する"
"Medium","商品不足","ContractLineItem__c","a03RB00001NswhdYAB","株式会社フジタ（調達本部 インテリア・ソリューション統括部 インテリア部）_2026/11","商品マスタが未設定","Month=2026/11, Amount=70000","請求明細の商品・名称・金額から商品を確定する"
"Medium","商品不足","ContractLineItem__c","a03RB00001NswheYAB","株式会社フジタ（調達本部 インテリア・ソリューション統括部 インテリア部）_2026/12","商品マスタが未設定","Month=2026/12, Amount=70000","請求明細の商品・名称・金額から商品を確定する"
"Medium","商品不足","ContractLineItem__c","a03RB00001NswhfYAB","株式会社フジタ（調達本部 インテリア・ソリューション統括部 インテリア部）_2027/01","商品マスタが未設定","Month=2027/01, Amount=70000","請求明細の商品・名称・金額から商品を確定する"
"Medium","商品不足","ContractLineItem__c","a03RB00001NswhgYAB","株式会社フジタ（調達本部 インテリア・ソリューション統括部 インテリア部）_2027/02","商品マスタが未設定","Month=2027/02, Amount=70000","請求明細の商品・名称・金額から商品を確定する"
"Medium","商品不足","ContractLineItem__c","a03RB00001NswhhYAB","株式会社フジタ（調達本部 インテリア・ソリューション統括部 インテリア部）_2027/03","商品マスタが未設定","Month=2027/03, Amount=70000","請求明細の商品・名称・金額から商品を確定する"
"Medium","商品不足","ContractLineItem__c","a03RB00001NswopYAB","株式会社ヤマユウ_2025/01","商品マスタが未設定","Month=2025/01, Amount=11000","請求明細の商品・名称・金額から商品を確定する"
"Medium","商品不足","ContractLineItem__c","a03RB00001NswoqYAB","株式会社ヤマユウ_2025/02","商品マスタが未設定","Month=2025/02, Amount=11000","請求明細の商品・名称・金額から商品を確定する"
"Medium","商品不足","ContractLineItem__c","a03RB00001NsworYAB","株式会社ヤマユウ_2025/03","商品マスタが未設定","Month=2025/03, Amount=11000","請求明細の商品・名称・金額から商品を確定する"
"Medium","商品不足","ContractLineItem__c","a03RB00001NswosYAB","株式会社ヤマユウ_2025/04","商品マスタが未設定","Month=2025/04, Amount=11000","請求明細の商品・名称・金額から商品を確定する"
"Medium","商品不足","ContractLineItem__c","a03RB00001NswotYAB","株式会社ヤマユウ_2025/05","商品マスタが未設定","Month=2025/05, Amount=11000","請求明細の商品・名称・金額から商品を確定する"
"Medium","商品不足","ContractLineItem__c","a03RB00001NswouYAB","株式会社ヤマユウ_2025/06","商品マスタが未設定","Month=2025/06, Amount=11000","請求明細の商品・名称・金額から商品を確定する"
"Medium","商品不足","ContractLineItem__c","a03RB00001NswovYAB","株式会社ヤマユウ_2025/07","商品マスタが未設定","Month=2025/07, Amount=11000","請求明細の商品・名称・金額から商品を確定する"
"Medium","商品不足","ContractLineItem__c","a03RB00001NswowYAB","株式会社ヤマユウ_2025/08","商品マスタが未設定","Month=2025/08, Amount=11000","請求明細の商品・名称・金額から商品を確定する"
"Medium","商品不足","ContractLineItem__c","a03RB00001NswoxYAB","株式会社ヤマユウ_2025/09","商品マスタが未設定","Month=2025/09, Amount=11000","請求明細の商品・名称・金額から商品を確定する"
"Medium","商品不足","ContractLineItem__c","a03RB00001NswoyYAB","株式会社ヤマユウ_2025/10","商品マスタが未設定","Month=2025/10, Amount=11000","請求明細の商品・名称・金額から商品を確定する"
"Medium","商品不足","ContractLineItem__c","a03RB00001NswozYAB","株式会社ヤマユウ_2025/11","商品マスタが未設定","Month=2025/11, Amount=11000","請求明細の商品・名称・金額から商品を確定する"
"Medium","商品不足","ContractLineItem__c","a03RB00001Nswp0YAB","株式会社ヤマユウ_2025/12","商品マスタが未設定","Month=2025/12, Amount=11000","請求明細の商品・名称・金額から商品を確定する"
"Medium","商品不足","ContractLineItem__c","a03RB00001Nswo0YAB","株式会社ヨコハマ地所_2025/02","商品マスタが未設定","Month=2025/02, Amount=11000","請求明細の商品・名称・金額から商品を確定する"
"Medium","商品不足","ContractLineItem__c","a03RB00001Nswo1YAB","株式会社ヨコハマ地所_2025/03","商品マスタが未設定","Month=2025/03, Amount=11000","請求明細の商品・名称・金額から商品を確定する"
"Medium","商品不足","ContractLineItem__c","a03RB00001Nswo2YAB","株式会社ヨコハマ地所_2025/04","商品マスタが未設定","Month=2025/04, Amount=11000","請求明細の商品・名称・金額から商品を確定する"
"Medium","商品不足","ContractLineItem__c","a03RB00001Nswo3YAB","株式会社ヨコハマ地所_2025/05","商品マスタが未設定","Month=2025/05, Amount=11000","請求明細の商品・名称・金額から商品を確定する"
"Medium","商品不足","ContractLineItem__c","a03RB00001Nswo4YAB","株式会社ヨコハマ地所_2025/06","商品マスタが未設定","Month=2025/06, Amount=11000","請求明細の商品・名称・金額から商品を確定する"
"Medium","商品不足","ContractLineItem__c","a03RB00001Nswo5YAB","株式会社ヨコハマ地所_2025/07","商品マスタが未設定","Month=2025/07, Amount=11000","請求明細の商品・名称・金額から商品を確定する"
"Medium","商品不足","ContractLineItem__c","a03RB00001Nswo6YAB","株式会社ヨコハマ地所_2025/08","商品マスタが未設定","Month=2025/08, Amount=11000","請求明細の商品・名称・金額から商品を確定する"
"Medium","商品不足","ContractLineItem__c","a03RB00001Nswo7YAB","株式会社ヨコハマ地所_2025/09","商品マスタが未設定","Month=2025/09, Amount=11000","請求明細の商品・名称・金額から商品を確定する"
"Medium","商品不足","ContractLineItem__c","a03RB00001Nswo8YAB","株式会社ヨコハマ地所_2025/10","商品マスタが未設定","Month=2025/10, Amount=11000","請求明細の商品・名称・金額から商品を確定する"
"Medium","商品不足","ContractLineItem__c","a03RB00001Nswo9YAB","株式会社ヨコハマ地所_2025/11","商品マスタが未設定","Month=2025/11, Amount=11000","請求明細の商品・名称・金額から商品を確定する"
"Medium","商品不足","ContractLineItem__c","a03RB00001NswoAYAR","株式会社ヨコハマ地所_2025/12","商品マスタが未設定","Month=2025/12, Amount=11000","請求明細の商品・名称・金額から商品を確定する"
"Medium","商品不足","ContractLineItem__c","a03RB00001NswoBYAR","株式会社ヨコハマ地所_2026/01","商品マスタが未設定","Month=2026/01, Amount=11000","請求明細の商品・名称・金額から商品を確定する"
"Medium","商品不足","ContractLineItem__c","a03RB00001NswoCYAR","株式会社ヨコハマ地所_2026/02","商品マスタが未設定","Month=2026/02, Amount=11000","請求明細の商品・名称・金額から商品を確定する"
"Medium","商品不足","ContractLineItem__c","a03RB00001NswoDYAR","株式会社ヨコハマ地所_2026/03","商品マスタが未設定","Month=2026/03, Amount=11000","請求明細の商品・名称・金額から商品を確定する"
"Medium","商品不足","ContractLineItem__c","a03RB00001NswoEYAR","株式会社ヨコハマ地所_2026/04","商品マスタが未設定","Month=2026/04, Amount=11000","請求明細の商品・名称・金額から商品を確定する"
"Medium","商品不足","ContractLineItem__c","a03RB00001NswoFYAR","株式会社ヨコハマ地所_2026/05","商品マスタが未設定","Month=2026/05, Amount=11000","請求明細の商品・名称・金額から商品を確定する"
"Medium","商品不足","ContractLineItem__c","a03RB00001RIREoYAP","株式会社ヨコハマ地所_2026/06","商品マスタが未設定","Month=2026/06, Amount=11000","請求明細の商品・名称・金額から商品を確定する"
"Medium","商品不足","ContractLineItem__c","a03RB00001RcABPYA3","株式会社ヨコハマ地所_2026/07","商品マスタが未設定","Month=2026/07, Amount=11000","請求明細の商品・名称・金額から商品を確定する"
"Medium","商品不足","ContractLineItem__c","a03RB00001STmHlYAL","株式会社ヨコハマ地所_2026/08","商品マスタが未設定","Month=2026/08, Amount=11000","請求明細の商品・名称・金額から商品を確定する"
"Medium","商品不足","ContractLineItem__c","a03RB00001NswneYAB","株式会社ライフラインサービス_2025/01","商品マスタが未設定","Month=2025/01, Amount=11000","請求明細の商品・名称・金額から商品を確定する"
"Medium","商品不足","ContractLineItem__c","a03RB00001NswnfYAB","株式会社ライフラインサービス_2025/02","商品マスタが未設定","Month=2025/02, Amount=11000","請求明細の商品・名称・金額から商品を確定する"
"Medium","商品不足","ContractLineItem__c","a03RB00001NswngYAB","株式会社ライフラインサービス_2025/03","商品マスタが未設定","Month=2025/03, Amount=11000","請求明細の商品・名称・金額から商品を確定する"
"Medium","商品不足","ContractLineItem__c","a03RB00001NswnhYAB","株式会社ライフラインサービス_2025/04","商品マスタが未設定","Month=2025/04, Amount=11000","請求明細の商品・名称・金額から商品を確定する"
"Medium","商品不足","ContractLineItem__c","a03RB00001NswniYAB","株式会社ライフラインサービス_2025/05","商品マスタが未設定","Month=2025/05, Amount=11000","請求明細の商品・名称・金額から商品を確定する"
"Medium","商品不足","ContractLineItem__c","a03RB00001NswnjYAB","株式会社ライフラインサービス_2025/06","商品マスタが未設定","Month=2025/06, Amount=11000","請求明細の商品・名称・金額から商品を確定する"
"Medium","商品不足","ContractLineItem__c","a03RB00001NswnkYAB","株式会社ライフラインサービス_2025/07","商品マスタが未設定","Month=2025/07, Amount=11000","請求明細の商品・名称・金額から商品を確定する"
"Medium","商品不足","ContractLineItem__c","a03RB00001NswnlYAB","株式会社ライフラインサービス_2025/08","商品マスタが未設定","Month=2025/08, Amount=11000","請求明細の商品・名称・金額から商品を確定する"
"Medium","商品不足","ContractLineItem__c","a03RB00001NswkfYAB","株式会社リアルエステートブラザーズ_2024/08","商品マスタが未設定","Month=2024/08, Amount=11000","請求明細の商品・名称・金額から商品を確定する"
"Medium","商品不足","ContractLineItem__c","a03RB00001NswkgYAB","株式会社リアルエステートブラザーズ_2024/09","商品マスタが未設定","Month=2024/09, Amount=11000","請求明細の商品・名称・金額から商品を確定する"
"Medium","商品不足","ContractLineItem__c","a03RB00001NswY7YAJ","株式会社リノシスコーポレーション_2024/10","商品マスタが未設定","Month=2024/10, Amount=55000","請求明細の商品・名称・金額から商品を確定する"
"Medium","商品不足","ContractLineItem__c","a03RB00001NswY8YAJ","株式会社リノシスコーポレーション_2024/11","商品マスタが未設定","Month=2024/11, Amount=55000","請求明細の商品・名称・金額から商品を確定する"
"Medium","商品不足","ContractLineItem__c","a03RB00001NswY9YAJ","株式会社リノシスコーポレーション_2024/12","商品マスタが未設定","Month=2024/12, Amount=55000","請求明細の商品・名称・金額から商品を確定する"
"Medium","商品不足","ContractLineItem__c","a03RB00001NswYAYAZ","株式会社リノシスコーポレーション_2025/01","商品マスタが未設定","Month=2025/01, Amount=55000","請求明細の商品・名称・金額から商品を確定する"
"Medium","商品不足","ContractLineItem__c","a03RB00001NswYBYAZ","株式会社リノシスコーポレーション_2025/02","商品マスタが未設定","Month=2025/02, Amount=55000","請求明細の商品・名称・金額から商品を確定する"
"Medium","商品不足","ContractLineItem__c","a03RB00001NswYCYAZ","株式会社リノシスコーポレーション_2025/03","商品マスタが未設定","Month=2025/03, Amount=55000","請求明細の商品・名称・金額から商品を確定する"
"Medium","商品不足","ContractLineItem__c","a03RB00001NswYDYAZ","株式会社リノシスコーポレーション_2025/04","商品マスタが未設定","Month=2025/04, Amount=55000","請求明細の商品・名称・金額から商品を確定する"
"Medium","商品不足","ContractLineItem__c","a03RB00001NswYEYAZ","株式会社リノシスコーポレーション_2025/05","商品マスタが未設定","Month=2025/05, Amount=55000","請求明細の商品・名称・金額から商品を確定する"
"Medium","商品不足","ContractLineItem__c","a03RB00001NswYFYAZ","株式会社リノシスコーポレーション_2025/06","商品マスタが未設定","Month=2025/06, Amount=55000","請求明細の商品・名称・金額から商品を確定する"
"Medium","商品不足","ContractLineItem__c","a03RB00001NswYGYAZ","株式会社リノシスコーポレーション_2025/07","商品マスタが未設定","Month=2025/07, Amount=55000","請求明細の商品・名称・金額から商品を確定する"
"Medium","商品不足","ContractLineItem__c","a03RB00001NswYHYAZ","株式会社リノシスコーポレーション_2025/08","商品マスタが未設定","Month=2025/08, Amount=55000","請求明細の商品・名称・金額から商品を確定する"
"Medium","商品不足","ContractLineItem__c","a03RB00001NswYIYAZ","株式会社リノシスコーポレーション_2025/09","商品マスタが未設定","Month=2025/09, Amount=55000","請求明細の商品・名称・金額から商品を確定する"
"Medium","商品不足","ContractLineItem__c","a03RB00001NswYJYAZ","株式会社リノシスコーポレーション_2025/10","商品マスタが未設定","Month=2025/10, Amount=55000","請求明細の商品・名称・金額から商品を確定する"
"Medium","商品不足","ContractLineItem__c","a03RB00001NswjgYAB","株式会社ルミネ_2026/04","商品マスタが未設定","Month=2026/04, Amount=8000","請求明細の商品・名称・金額から商品を確定する"
"Medium","商品不足","ContractLineItem__c","a03RB00001NswjhYAB","株式会社ルミネ_2026/05","商品マスタが未設定","Month=2026/05, Amount=8000","請求明細の商品・名称・金額から商品を確定する"
"Medium","商品不足","ContractLineItem__c","a03RB00001RIRFFYA5","株式会社ルミネ_2026/06","商品マスタが未設定","Month=2026/06, Amount=8000","請求明細の商品・名称・金額から商品を確定する"
"Medium","商品不足","ContractLineItem__c","a03RB00001RcACFYA3","株式会社ルミネ_2026/07","商品マスタが未設定","Month=2026/07, Amount=8000","請求明細の商品・名称・金額から商品を確定する"
"Medium","商品不足","ContractLineItem__c","a03RB00001STmHZYA1","株式会社ルミネ_2026/08","商品マスタが未設定","Month=2026/08, Amount=8000","請求明細の商品・名称・金額から商品を確定する"
"Medium","商品不足","ContractLineItem__c","a03RB00001Nsws9YAB","株式会社レーベントラスト_2025/09","商品マスタが未設定","Month=2025/09, Amount=55000","請求明細の商品・名称・金額から商品を確定する"
"Medium","商品不足","ContractLineItem__c","a03RB00001NswsAYAR","株式会社レーベントラスト_2025/10","商品マスタが未設定","Month=2025/10, Amount=55000","請求明細の商品・名称・金額から商品を確定する"
"Medium","商品不足","ContractLineItem__c","a03RB00001NswsBYAR","株式会社レーベントラスト_2025/11","商品マスタが未設定","Month=2025/11, Amount=55000","請求明細の商品・名称・金額から商品を確定する"
"Medium","商品不足","ContractLineItem__c","a03RB00001NswsCYAR","株式会社レーベントラスト_2025/12","商品マスタが未設定","Month=2025/12, Amount=55000","請求明細の商品・名称・金額から商品を確定する"
"Medium","商品不足","ContractLineItem__c","a03RB00001NswsDYAR","株式会社レーベントラスト_2026/01","商品マスタが未設定","Month=2026/01, Amount=55000","請求明細の商品・名称・金額から商品を確定する"
"Medium","商品不足","ContractLineItem__c","a03RB00001NswsEYAR","株式会社レーベントラスト_2026/02","商品マスタが未設定","Month=2026/02, Amount=55000","請求明細の商品・名称・金額から商品を確定する"
"Medium","商品不足","ContractLineItem__c","a03RB00001NswsFYAR","株式会社レーベントラスト_2026/03","商品マスタが未設定","Month=2026/03, Amount=55000","請求明細の商品・名称・金額から商品を確定する"
"Medium","商品不足","ContractLineItem__c","a03RB00001NswsGYAR","株式会社レーベントラスト_2026/04","商品マスタが未設定","Month=2026/04, Amount=55000","請求明細の商品・名称・金額から商品を確定する"
"Medium","商品不足","ContractLineItem__c","a03RB00001NswsHYAR","株式会社レーベントラスト_2026/05","商品マスタが未設定","Month=2026/05, Amount=55000","請求明細の商品・名称・金額から商品を確定する"
"Medium","商品不足","ContractLineItem__c","a03RB00001RIRF7YAP","株式会社レーベントラスト_2026/06","商品マスタが未設定","Month=2026/06, Amount=55000","請求明細の商品・名称・金額から商品を確定する"
"Medium","商品不足","ContractLineItem__c","a03RB00001RcABmYAN","株式会社レーベントラスト_2026/07","商品マスタが未設定","Month=2026/07, Amount=55000","請求明細の商品・名称・金額から商品を確定する"
"Medium","商品不足","ContractLineItem__c","a03RB00001STmHuYAL","株式会社レーベントラスト_2026/08","商品マスタが未設定","Month=2026/08, Amount=55000","請求明細の商品・名称・金額から商品を確定する"
"Medium","商品不足","ContractLineItem__c","a03RB00001NswjAYAR","株式会社紀伊國屋書店_2026/04","商品マスタが未設定","Month=2026/04, Amount=40000","請求明細の商品・名称・金額から商品を確定する"
"Medium","商品不足","ContractLineItem__c","a03RB00001NswjBYAR","株式会社紀伊國屋書店_2026/05","商品マスタが未設定","Month=2026/05, Amount=40000","請求明細の商品・名称・金額から商品を確定する"
"Medium","商品不足","ContractLineItem__c","a03RB00001RIRFCYA5","株式会社紀伊國屋書店_2026/06","商品マスタが未設定","Month=2026/06, Amount=40000","請求明細の商品・名称・金額から商品を確定する"
"Medium","商品不足","ContractLineItem__c","a03RB00001RcAC7YAN","株式会社紀伊國屋書店_2026/07","商品マスタが未設定","Month=2026/07, Amount=40000","請求明細の商品・名称・金額から商品を確定する"
"Medium","商品不足","ContractLineItem__c","a03RB00001STmHQYA1","株式会社紀伊國屋書店_2026/08","商品マスタが未設定","Month=2026/08, Amount=40000","請求明細の商品・名称・金額から商品を確定する"
"Medium","商品不足","ContractLineItem__c","a03RB00001NswkhYAB","株式会社四ツ橋_2024/08","商品マスタが未設定","Month=2024/08, Amount=10000","請求明細の商品・名称・金額から商品を確定する"
"Medium","商品不足","ContractLineItem__c","a03RB00001NswkiYAB","株式会社四ツ橋_2024/09","商品マスタが未設定","Month=2024/09, Amount=10000","請求明細の商品・名称・金額から商品を確定する"
"Medium","商品不足","ContractLineItem__c","a03RB00001NswkjYAB","株式会社四ツ橋_2024/10","商品マスタが未設定","Month=2024/10, Amount=10000","請求明細の商品・名称・金額から商品を確定する"
"Medium","商品不足","ContractLineItem__c","a03RB00001NswmRYAR","株式会社西武開発_2024/12","商品マスタが未設定","Month=2024/12, Amount=93500","請求明細の商品・名称・金額から商品を確定する"
"Medium","商品不足","ContractLineItem__c","a03RB00001NswmSYAR","株式会社西武開発_2025/01","商品マスタが未設定","Month=2025/01, Amount=2376000","請求明細の商品・名称・金額から商品を確定する"
"Medium","商品不足","ContractLineItem__c","a03RB00001NswqLYAR","株式会社西武開発_2025/04","商品マスタが未設定","Month=2025/04, Amount=26400","請求明細の商品・名称・金額から商品を確定する"
"Medium","商品不足","ContractLineItem__c","a03RB00001NswqMYAR","株式会社西武開発_2025/05","商品マスタが未設定","Month=2025/05, Amount=26400","請求明細の商品・名称・金額から商品を確定する"
"Medium","商品不足","ContractLineItem__c","a03RB00001NswqNYAR","株式会社西武開発_2025/06","商品マスタが未設定","Month=2025/06, Amount=26400","請求明細の商品・名称・金額から商品を確定する"
"Medium","商品不足","ContractLineItem__c","a03RB00001NswqOYAR","株式会社西武開発_2025/07","商品マスタが未設定","Month=2025/07, Amount=26400","請求明細の商品・名称・金額から商品を確定する"
"Medium","商品不足","ContractLineItem__c","a03RB00001NswqPYAR","株式会社西武開発_2025/08","商品マスタが未設定","Month=2025/08, Amount=26400","請求明細の商品・名称・金額から商品を確定する"
"Medium","商品不足","ContractLineItem__c","a03RB00001NswqQYAR","株式会社西武開発_2025/09","商品マスタが未設定","Month=2025/09, Amount=26400","請求明細の商品・名称・金額から商品を確定する"
"Medium","商品不足","ContractLineItem__c","a03RB00001NswqRYAR","株式会社西武開発_2025/10","商品マスタが未設定","Month=2025/10, Amount=26400","請求明細の商品・名称・金額から商品を確定する"
"Medium","商品不足","ContractLineItem__c","a03RB00001NswqSYAR","株式会社西武開発_2025/11","商品マスタが未設定","Month=2025/11, Amount=26400","請求明細の商品・名称・金額から商品を確定する"
"Medium","商品不足","ContractLineItem__c","a03RB00001NswqTYAR","株式会社西武開発_2025/12","商品マスタが未設定","Month=2025/12, Amount=26400","請求明細の商品・名称・金額から商品を確定する"
"Medium","商品不足","ContractLineItem__c","a03RB00001NswqUYAR","株式会社西武開発_2026/01","商品マスタが未設定","Month=2026/01, Amount=26400","請求明細の商品・名称・金額から商品を確定する"
"Medium","商品不足","ContractLineItem__c","a03RB00001NswmTYAR","株式会社西武開発_2026/01","商品マスタが未設定","Month=2026/01, Amount=257400","請求明細の商品・名称・金額から商品を確定する"
"Medium","商品不足","ContractLineItem__c","a03RB00001NswmUYAR","株式会社西武開発_2026/02","商品マスタが未設定","Month=2026/02, Amount=257400","請求明細の商品・名称・金額から商品を確定する"
"Medium","商品不足","ContractLineItem__c","a03RB00001NswqVYAR","株式会社西武開発_2026/02","商品マスタが未設定","Month=2026/02, Amount=26400","請求明細の商品・名称・金額から商品を確定する"
"Medium","商品不足","ContractLineItem__c","a03RB00001NswqWYAR","株式会社西武開発_2026/03","商品マスタが未設定","Month=2026/03, Amount=26400","請求明細の商品・名称・金額から商品を確定する"
"Medium","商品不足","ContractLineItem__c","a03RB00001NswmVYAR","株式会社西武開発_2026/03","商品マスタが未設定","Month=2026/03, Amount=257400","請求明細の商品・名称・金額から商品を確定する"
"Medium","商品不足","ContractLineItem__c","a03RB00001NswmWYAR","株式会社西武開発_2026/04","商品マスタが未設定","Month=2026/04, Amount=257400","請求明細の商品・名称・金額から商品を確定する"
"Medium","商品不足","ContractLineItem__c","a03RB00001NswmXYAR","株式会社西武開発_2026/05","商品マスタが未設定","Month=2026/05, Amount=257400","請求明細の商品・名称・金額から商品を確定する"
"Medium","商品不足","ContractLineItem__c","a03RB00001NswmYYAR","株式会社西武開発_2026/06","商品マスタが未設定","Month=2026/06, Amount=257400","請求明細の商品・名称・金額から商品を確定する"
"Medium","商品不足","ContractLineItem__c","a03RB00001NswmZYAR","株式会社西武開発_2026/07","商品マスタが未設定","Month=2026/07, Amount=257400","請求明細の商品・名称・金額から商品を確定する"
"Medium","商品不足","ContractLineItem__c","a03RB00001NswiJYAR","株式会社石勝エクステリア(シングルサインオン分）_2025/10","商品マスタが未設定","Month=2025/10, Amount=30000","請求明細の商品・名称・金額から商品を確定する"
"Medium","商品不足","ContractLineItem__c","a03RB00001NswiKYAR","株式会社石勝エクステリア(シングルサインオン分）_2025/11","商品マスタが未設定","Month=2025/11, Amount=30000","請求明細の商品・名称・金額から商品を確定する"
"Medium","商品不足","ContractLineItem__c","a03RB00001NswiLYAR","株式会社石勝エクステリア(シングルサインオン分）_2025/12","商品マスタが未設定","Month=2025/12, Amount=30000","請求明細の商品・名称・金額から商品を確定する"
"Medium","商品不足","ContractLineItem__c","a03RB00001NswiMYAR","株式会社石勝エクステリア(シングルサインオン分）_2026/01","商品マスタが未設定","Month=2026/01, Amount=30000","請求明細の商品・名称・金額から商品を確定する"
"Medium","商品不足","ContractLineItem__c","a03RB00001NswiNYAR","株式会社石勝エクステリア(シングルサインオン分）_2026/02","商品マスタが未設定","Month=2026/02, Amount=30000","請求明細の商品・名称・金額から商品を確定する"
"Medium","商品不足","ContractLineItem__c","a03RB00001NswiOYAR","株式会社石勝エクステリア(シングルサインオン分）_2026/03","商品マスタが未設定","Month=2026/03, Amount=30000","請求明細の商品・名称・金額から商品を確定する"
"Medium","商品不足","ContractLineItem__c","a03RB00001NswiPYAR","株式会社石勝エクステリア(シングルサインオン分）_2026/04","商品マスタが未設定","Month=2026/04, Amount=30000","請求明細の商品・名称・金額から商品を確定する"
"Medium","商品不足","ContractLineItem__c","a03RB00001NswiQYAR","株式会社石勝エクステリア(シングルサインオン分）_2026/05","商品マスタが未設定","Month=2026/05, Amount=30000","請求明細の商品・名称・金額から商品を確定する"
"Medium","商品不足","ContractLineItem__c","a03RB00001NswiRYAR","株式会社石勝エクステリア(シングルサインオン分）_2026/06","商品マスタが未設定","Month=2026/06, Amount=30000","請求明細の商品・名称・金額から商品を確定する"
"Medium","商品不足","ContractLineItem__c","a03RB00001NswiSYAR","株式会社石勝エクステリア(シングルサインオン分）_2026/07","商品マスタが未設定","Month=2026/07, Amount=30000","請求明細の商品・名称・金額から商品を確定する"
"Medium","商品不足","ContractLineItem__c","a03RB00001NswiTYAR","株式会社石勝エクステリア(シングルサインオン分）_2026/08","商品マスタが未設定","Month=2026/08, Amount=30000","請求明細の商品・名称・金額から商品を確定する"
"Medium","商品不足","ContractLineItem__c","a03RB00001NswiUYAR","株式会社石勝エクステリア(シングルサインオン分）_2026/09","商品マスタが未設定","Month=2026/09, Amount=30000","請求明細の商品・名称・金額から商品を確定する"
"Medium","商品不足","ContractLineItem__c","a03RB00001NswiVYAR","株式会社石勝エクステリア(シングルサインオン分）_2026/10","商品マスタが未設定","Month=2026/10, Amount=30000","請求明細の商品・名称・金額から商品を確定する"
"Medium","商品不足","ContractLineItem__c","a03RB00001NswiWYAR","株式会社石勝エクステリア(シングルサインオン分）_2026/11","商品マスタが未設定","Month=2026/11, Amount=30000","請求明細の商品・名称・金額から商品を確定する"
"Medium","商品不足","ContractLineItem__c","a03RB00001NswiXYAR","株式会社石勝エクステリア(シングルサインオン分）_2026/12","商品マスタが未設定","Month=2026/12, Amount=30000","請求明細の商品・名称・金額から商品を確定する"
"Medium","商品不足","ContractLineItem__c","a03RB00001NswiYYAR","株式会社石勝エクステリア(シングルサインオン分）_2027/01","商品マスタが未設定","Month=2027/01, Amount=30000","請求明細の商品・名称・金額から商品を確定する"
"Medium","商品不足","ContractLineItem__c","a03RB00001NswiZYAR","株式会社石勝エクステリア(シングルサインオン分）_2027/02","商品マスタが未設定","Month=2027/02, Amount=30000","請求明細の商品・名称・金額から商品を確定する"
"Medium","商品不足","ContractLineItem__c","a03RB00001NswiaYAB","株式会社石勝エクステリア(シングルサインオン分）_2027/03","商品マスタが未設定","Month=2027/03, Amount=30000","請求明細の商品・名称・金額から商品を確定する"
"Medium","商品不足","ContractLineItem__c","a03RB00001NswhCYAR","株式会社石勝エクステリア_2025/10","商品マスタが未設定","Month=2025/10, Amount=100000","請求明細の商品・名称・金額から商品を確定する"
"Medium","商品不足","ContractLineItem__c","a03RB00001NswhDYAR","株式会社石勝エクステリア_2025/11","商品マスタが未設定","Month=2025/11, Amount=100000","請求明細の商品・名称・金額から商品を確定する"
"Medium","商品不足","ContractLineItem__c","a03RB00001NswhEYAR","株式会社石勝エクステリア_2025/12","商品マスタが未設定","Month=2025/12, Amount=110000","請求明細の商品・名称・金額から商品を確定する"
"Medium","商品不足","ContractLineItem__c","a03RB00001NswhFYAR","株式会社石勝エクステリア_2026/01","商品マスタが未設定","Month=2026/01, Amount=110000","請求明細の商品・名称・金額から商品を確定する"
"Medium","商品不足","ContractLineItem__c","a03RB00001NswhGYAR","株式会社石勝エクステリア_2026/02","商品マスタが未設定","Month=2026/02, Amount=110000","請求明細の商品・名称・金額から商品を確定する"
"Medium","商品不足","ContractLineItem__c","a03RB00001NswhHYAR","株式会社石勝エクステリア_2026/03","商品マスタが未設定","Month=2026/03, Amount=110000","請求明細の商品・名称・金額から商品を確定する"
"Medium","商品不足","ContractLineItem__c","a03RB00001NswhIYAR","株式会社石勝エクステリア_2026/04","商品マスタが未設定","Month=2026/04, Amount=100000","請求明細の商品・名称・金額から商品を確定する"
"Medium","商品不足","ContractLineItem__c","a03RB00001NswhJYAR","株式会社石勝エクステリア_2026/05","商品マスタが未設定","Month=2026/05, Amount=100000","請求明細の商品・名称・金額から商品を確定する"
"Medium","商品不足","ContractLineItem__c","a03RB00001NswhKYAR","株式会社石勝エクステリア_2026/06","商品マスタが未設定","Month=2026/06, Amount=100000","請求明細の商品・名称・金額から商品を確定する"
"Medium","商品不足","ContractLineItem__c","a03RB00001NswhLYAR","株式会社石勝エクステリア_2026/07","商品マスタが未設定","Month=2026/07, Amount=100000","請求明細の商品・名称・金額から商品を確定する"
"Medium","商品不足","ContractLineItem__c","a03RB00001NswhMYAR","株式会社石勝エクステリア_2026/08","商品マスタが未設定","Month=2026/08, Amount=100000","請求明細の商品・名称・金額から商品を確定する"
"Medium","商品不足","ContractLineItem__c","a03RB00001NswhNYAR","株式会社石勝エクステリア_2026/09","商品マスタが未設定","Month=2026/09, Amount=100000","請求明細の商品・名称・金額から商品を確定する"
"Medium","商品不足","ContractLineItem__c","a03RB00001NswhOYAR","株式会社石勝エクステリア_2026/10","商品マスタが未設定","Month=2026/10, Amount=100000","請求明細の商品・名称・金額から商品を確定する"
"Medium","商品不足","ContractLineItem__c","a03RB00001NswhPYAR","株式会社石勝エクステリア_2026/11","商品マスタが未設定","Month=2026/11, Amount=100000","請求明細の商品・名称・金額から商品を確定する"
"Medium","商品不足","ContractLineItem__c","a03RB00001NswhQYAR","株式会社石勝エクステリア_2026/12","商品マスタが未設定","Month=2026/12, Amount=100000","請求明細の商品・名称・金額から商品を確定する"
"Medium","商品不足","ContractLineItem__c","a03RB00001NswhRYAR","株式会社石勝エクステリア_2027/01","商品マスタが未設定","Month=2027/01, Amount=100000","請求明細の商品・名称・金額から商品を確定する"
"Medium","商品不足","ContractLineItem__c","a03RB00001NswhSYAR","株式会社石勝エクステリア_2027/02","商品マスタが未設定","Month=2027/02, Amount=100000","請求明細の商品・名称・金額から商品を確定する"
"Medium","商品不足","ContractLineItem__c","a03RB00001NswhTYAR","株式会社石勝エクステリア_2027/03","商品マスタが未設定","Month=2027/03, Amount=100000","請求明細の商品・名称・金額から商品を確定する"
"Medium","商品不足","ContractLineItem__c","a03RB00001NswkeYAB","株式会社創建ホーム_2026/06","商品マスタが未設定","Month=2026/06, Amount=1008000","請求明細の商品・名称・金額から商品を確定する"
"Medium","商品不足","ContractLineItem__c","a03RB00001RcACOYA3","株式会社創建ホーム_2026/07","商品マスタが未設定","Month=2026/07, Amount=1008000","請求明細の商品・名称・金額から商品を確定する"
"Medium","商品不足","ContractLineItem__c","a03RB00001RcACIYA3","株式会社乃村工藝社  カルチャー・コミュニケーション推進本部_2026/07","商品マスタが未設定","Month=2026/07, Amount=32000","請求明細の商品・名称・金額から商品を確定する"
"Medium","商品不足","ContractLineItem__c","a03RB00001STmHdYAL","株式会社乃村工藝社  カルチャー・コミュニケーション推進本部_2026/08","商品マスタが未設定","Month=2026/08, Amount=32000","請求明細の商品・名称・金額から商品を確定する"
"Medium","商品不足","ContractLineItem__c","a03RB00001NswkMYAR","株式会社乃村工藝社 カルチャー・コミュニケーション推進本部_2026/05","商品マスタが未設定","Month=2026/05, Amount=32000","請求明細の商品・名称・金額から商品を確定する"
"Medium","商品不足","ContractLineItem__c","a03RB00001NswkNYAR","株式会社乃村工藝社 カルチャー・コミュニケーション推進本部_2026/06","商品マスタが未設定","Month=2026/06, Amount=32000","請求明細の商品・名称・金額から商品を確定する"
"Medium","商品不足","ContractLineItem__c","a03RB00001NswbXYAR","株式会社乃村工藝社_2025/01","商品マスタが未設定","Month=2025/01, Amount=16000","請求明細の商品・名称・金額から商品を確定する"
"Medium","商品不足","ContractLineItem__c","a03RB00001NswbYYAR","株式会社乃村工藝社_2025/02","商品マスタが未設定","Month=2025/02, Amount=16000","請求明細の商品・名称・金額から商品を確定する"
"Medium","商品不足","ContractLineItem__c","a03RB00001NswbZYAR","株式会社乃村工藝社_2025/03","商品マスタが未設定","Month=2025/03, Amount=16000","請求明細の商品・名称・金額から商品を確定する"
"Medium","商品不足","ContractLineItem__c","a03RB00001NswbaYAB","株式会社乃村工藝社_2025/04","商品マスタが未設定","Month=2025/04, Amount=16000","請求明細の商品・名称・金額から商品を確定する"
"Medium","商品不足","ContractLineItem__c","a03RB00001Nswp1YAB","株式会社博進コスモプラザ_2025/02","商品マスタが未設定","Month=2025/02, Amount=11000","請求明細の商品・名称・金額から商品を確定する"
"Medium","商品不足","ContractLineItem__c","a03RB00001Nswp2YAB","株式会社博進コスモプラザ_2025/03","商品マスタが未設定","Month=2025/03, Amount=11000","請求明細の商品・名称・金額から商品を確定する"
"Medium","商品不足","ContractLineItem__c","a03RB00001Nswp3YAB","株式会社博進コスモプラザ_2025/04","商品マスタが未設定","Month=2025/04, Amount=11000","請求明細の商品・名称・金額から商品を確定する"
"Medium","商品不足","ContractLineItem__c","a03RB00001Nswp4YAB","株式会社博進コスモプラザ_2025/05","商品マスタが未設定","Month=2025/05, Amount=11000","請求明細の商品・名称・金額から商品を確定する"
"Medium","商品不足","ContractLineItem__c","a03RB00001Nswp5YAB","株式会社博進コスモプラザ_2025/06","商品マスタが未設定","Month=2025/06, Amount=11000","請求明細の商品・名称・金額から商品を確定する"
"Medium","商品不足","ContractLineItem__c","a03RB00001Nswp6YAB","株式会社博進コスモプラザ_2025/07","商品マスタが未設定","Month=2025/07, Amount=11000","請求明細の商品・名称・金額から商品を確定する"
"Medium","商品不足","ContractLineItem__c","a03RB00001Nswp7YAB","株式会社博進コスモプラザ_2025/08","商品マスタが未設定","Month=2025/08, Amount=11000","請求明細の商品・名称・金額から商品を確定する"
"Medium","商品不足","ContractLineItem__c","a03RB00001Nswp8YAB","株式会社博進コスモプラザ_2025/09","商品マスタが未設定","Month=2025/09, Amount=11000","請求明細の商品・名称・金額から商品を確定する"
"Medium","商品不足","ContractLineItem__c","a03RB00001Nswp9YAB","株式会社博進コスモプラザ_2025/10","商品マスタが未設定","Month=2025/10, Amount=11000","請求明細の商品・名称・金額から商品を確定する"
"Medium","商品不足","ContractLineItem__c","a03RB00001NswpAYAR","株式会社博進コスモプラザ_2025/11","商品マスタが未設定","Month=2025/11, Amount=11000","請求明細の商品・名称・金額から商品を確定する"
"Medium","商品不足","ContractLineItem__c","a03RB00001NswpBYAR","株式会社博進コスモプラザ_2025/12","商品マスタが未設定","Month=2025/12, Amount=11000","請求明細の商品・名称・金額から商品を確定する"
"Medium","商品不足","ContractLineItem__c","a03RB00001NswpCYAR","株式会社博進コスモプラザ_2026/01","商品マスタが未設定","Month=2026/01, Amount=11000","請求明細の商品・名称・金額から商品を確定する"
"Medium","商品不足","ContractLineItem__c","a03RB00001NswpDYAR","株式会社博進コスモプラザ_2026/02","商品マスタが未設定","Month=2026/02, Amount=11000","請求明細の商品・名称・金額から商品を確定する"
"Medium","商品不足","ContractLineItem__c","a03RB00001NswpEYAR","株式会社博進コスモプラザ_2026/03","商品マスタが未設定","Month=2026/03, Amount=11000","請求明細の商品・名称・金額から商品を確定する"
"Medium","商品不足","ContractLineItem__c","a03RB00001NswpFYAR","株式会社博進コスモプラザ_2026/04","商品マスタが未設定","Month=2026/04, Amount=11000","請求明細の商品・名称・金額から商品を確定する"
"Medium","商品不足","ContractLineItem__c","a03RB00001NswpGYAR","株式会社博進コスモプラザ_2026/05","商品マスタが未設定","Month=2026/05, Amount=11000","請求明細の商品・名称・金額から商品を確定する"
"Medium","商品不足","ContractLineItem__c","a03RB00001RIREqYAP","株式会社博進コスモプラザ_2026/06","商品マスタが未設定","Month=2026/06, Amount=11000","請求明細の商品・名称・金額から商品を確定する"
"Medium","商品不足","ContractLineItem__c","a03RB00001RcABRYA3","株式会社博進コスモプラザ_2026/07","商品マスタが未設定","Month=2026/07, Amount=11000","請求明細の商品・名称・金額から商品を確定する"
"Medium","商品不足","ContractLineItem__c","a03RB00001STmHnYAL","株式会社博進コスモプラザ_2026/08","商品マスタが未設定","Month=2026/08, Amount=11000","請求明細の商品・名称・金額から商品を確定する"
"Medium","商品不足","ContractLineItem__c","a03RB00001NswmpYAB","株式会社穂積住宅_2024/12","商品マスタが未設定","Month=2024/12, Amount=33000","請求明細の商品・名称・金額から商品を確定する"
"Medium","商品不足","ContractLineItem__c","a03RB00001NswmqYAB","株式会社穂積住宅_2025/01","商品マスタが未設定","Month=2025/01, Amount=33000","請求明細の商品・名称・金額から商品を確定する"
"Medium","商品不足","ContractLineItem__c","a03RB00001NswmrYAB","株式会社穂積住宅_2025/02","商品マスタが未設定","Month=2025/02, Amount=33000","請求明細の商品・名称・金額から商品を確定する"
"Medium","商品不足","ContractLineItem__c","a03RB00001NswmsYAB","株式会社穂積住宅_2025/03","商品マスタが未設定","Month=2025/03, Amount=33000","請求明細の商品・名称・金額から商品を確定する"
"Medium","商品不足","ContractLineItem__c","a03RB00001NswmtYAB","株式会社穂積住宅_2025/04","商品マスタが未設定","Month=2025/04, Amount=33000","請求明細の商品・名称・金額から商品を確定する"
"Medium","商品不足","ContractLineItem__c","a03RB00001NswmuYAB","株式会社穂積住宅_2025/05","商品マスタが未設定","Month=2025/05, Amount=33000","請求明細の商品・名称・金額から商品を確定する"
"Medium","商品不足","ContractLineItem__c","a03RB00001NswmvYAB","株式会社穂積住宅_2025/06","商品マスタが未設定","Month=2025/06, Amount=33000","請求明細の商品・名称・金額から商品を確定する"
"Medium","商品不足","ContractLineItem__c","a03RB00001NswmwYAB","株式会社穂積住宅_2025/07","商品マスタが未設定","Month=2025/07, Amount=33000","請求明細の商品・名称・金額から商品を確定する"
"Medium","商品不足","ContractLineItem__c","a03RB00001NswmxYAB","株式会社穂積住宅_2025/08","商品マスタが未設定","Month=2025/08, Amount=33000","請求明細の商品・名称・金額から商品を確定する"
"Medium","商品不足","ContractLineItem__c","a03RB00001NswmyYAB","株式会社穂積住宅_2025/09","商品マスタが未設定","Month=2025/09, Amount=33000","請求明細の商品・名称・金額から商品を確定する"
"Medium","商品不足","ContractLineItem__c","a03RB00001NswmzYAB","株式会社穂積住宅_2025/10","商品マスタが未設定","Month=2025/10, Amount=33000","請求明細の商品・名称・金額から商品を確定する"
"Medium","商品不足","ContractLineItem__c","a03RB00001Nswn0YAB","株式会社穂積住宅_2025/11","商品マスタが未設定","Month=2025/11, Amount=33000","請求明細の商品・名称・金額から商品を確定する"
"Medium","商品不足","ContractLineItem__c","a03RB00001Nswn1YAB","株式会社穂積住宅_2025/12","商品マスタが未設定","Month=2025/12, Amount=33000","請求明細の商品・名称・金額から商品を確定する"
"Medium","商品不足","ContractLineItem__c","a03RB00001Nswn2YAB","株式会社穂積住宅_2026/01","商品マスタが未設定","Month=2026/01, Amount=33000","請求明細の商品・名称・金額から商品を確定する"
"Medium","商品不足","ContractLineItem__c","a03RB00001Nswn3YAB","株式会社穂積住宅_2026/02","商品マスタが未設定","Month=2026/02, Amount=33000","請求明細の商品・名称・金額から商品を確定する"
"Medium","商品不足","ContractLineItem__c","a03RB00001Nswn4YAB","株式会社穂積住宅_2026/03","商品マスタが未設定","Month=2026/03, Amount=33000","請求明細の商品・名称・金額から商品を確定する"
"Medium","商品不足","ContractLineItem__c","a03RB00001Nswn5YAB","株式会社穂積住宅_2026/04","商品マスタが未設定","Month=2026/04, Amount=33000","請求明細の商品・名称・金額から商品を確定する"
"Medium","商品不足","ContractLineItem__c","a03RB00001Nswn6YAB","株式会社穂積住宅_2026/05","商品マスタが未設定","Month=2026/05, Amount=33000","請求明細の商品・名称・金額から商品を確定する"
"Medium","商品不足","ContractLineItem__c","a03RB00001RIREkYAP","株式会社穂積住宅_2026/06","商品マスタが未設定","Month=2026/06, Amount=33000","請求明細の商品・名称・金額から商品を確定する"
"Medium","商品不足","ContractLineItem__c","a03RB00001RcABLYA3","株式会社穂積住宅_2026/07","商品マスタが未設定","Month=2026/07, Amount=33000","請求明細の商品・名称・金額から商品を確定する"
"Medium","商品不足","ContractLineItem__c","a03RB00001STmHjYAL","株式会社穂積住宅_2026/08","商品マスタが未設定","Month=2026/08, Amount=33000","請求明細の商品・名称・金額から商品を確定する"
"Medium","商品不足","ContractLineItem__c","a03RB00001NswlJYAR","㈱渚工務店 SmileHome_2024/09","商品マスタが未設定","Month=2024/09, Amount=11000","請求明細の商品・名称・金額から商品を確定する"
"Medium","商品不足","ContractLineItem__c","a03RB00001NswlKYAR","㈱渚工務店 SmileHome_2024/10","商品マスタが未設定","Month=2024/10, Amount=11000","請求明細の商品・名称・金額から商品を確定する"
"Medium","商品不足","ContractLineItem__c","a03RB00001NswlLYAR","㈱渚工務店 SmileHome_2024/11","商品マスタが未設定","Month=2024/11, Amount=11000","請求明細の商品・名称・金額から商品を確定する"
"Medium","商品不足","ContractLineItem__c","a03RB00001NswlMYAR","㈱渚工務店 SmileHome_2024/12","商品マスタが未設定","Month=2024/12, Amount=11000","請求明細の商品・名称・金額から商品を確定する"
"Medium","商品不足","ContractLineItem__c","a03RB00001NswlNYAR","㈱渚工務店 SmileHome_2025/01","商品マスタが未設定","Month=2025/01, Amount=11000","請求明細の商品・名称・金額から商品を確定する"
"Medium","商品不足","ContractLineItem__c","a03RB00001NswlOYAR","㈱渚工務店 SmileHome_2025/02","商品マスタが未設定","Month=2025/02, Amount=11000","請求明細の商品・名称・金額から商品を確定する"
"Medium","商品不足","ContractLineItem__c","a03RB00001NswbJYAR","吉村紳 一級建築士事務所_2025/04","商品マスタが未設定","Month=2025/04, Amount=8000","請求明細の商品・名称・金額から商品を確定する"
"Medium","商品不足","ContractLineItem__c","a03RB00001NswbKYAR","吉村紳 一級建築士事務所_2025/05","商品マスタが未設定","Month=2025/05, Amount=8000","請求明細の商品・名称・金額から商品を確定する"
"Medium","商品不足","ContractLineItem__c","a03RB00001NswbLYAR","吉村紳 一級建築士事務所_2025/06","商品マスタが未設定","Month=2025/06, Amount=8000","請求明細の商品・名称・金額から商品を確定する"
"Medium","商品不足","ContractLineItem__c","a03RB00001NswbMYAR","吉村紳 一級建築士事務所_2025/07","商品マスタが未設定","Month=2025/07, Amount=8000","請求明細の商品・名称・金額から商品を確定する"
"Medium","商品不足","ContractLineItem__c","a03RB00001NswbNYAR","吉村紳 一級建築士事務所_2025/08","商品マスタが未設定","Month=2025/08, Amount=8000","請求明細の商品・名称・金額から商品を確定する"
"Medium","商品不足","ContractLineItem__c","a03RB00001NswbOYAR","吉村紳 一級建築士事務所_2025/09","商品マスタが未設定","Month=2025/09, Amount=8000","請求明細の商品・名称・金額から商品を確定する"
"Medium","商品不足","ContractLineItem__c","a03RB00001NswbPYAR","吉村紳 一級建築士事務所_2025/10","商品マスタが未設定","Month=2025/10, Amount=8000","請求明細の商品・名称・金額から商品を確定する"
"Medium","商品不足","ContractLineItem__c","a03RB00001NswbQYAR","吉村紳 一級建築士事務所_2025/11","商品マスタが未設定","Month=2025/11, Amount=8000","請求明細の商品・名称・金額から商品を確定する"
"Medium","商品不足","ContractLineItem__c","a03RB00001NswbRYAR","吉村紳 一級建築士事務所_2025/12","商品マスタが未設定","Month=2025/12, Amount=8000","請求明細の商品・名称・金額から商品を確定する"
"Medium","商品不足","ContractLineItem__c","a03RB00001NswbSYAR","吉村紳 一級建築士事務所_2026/01","商品マスタが未設定","Month=2026/01, Amount=8000","請求明細の商品・名称・金額から商品を確定する"
"Medium","商品不足","ContractLineItem__c","a03RB00001NswbTYAR","吉村紳 一級建築士事務所_2026/02","商品マスタが未設定","Month=2026/02, Amount=8000","請求明細の商品・名称・金額から商品を確定する"
"Medium","商品不足","ContractLineItem__c","a03RB00001NswbUYAR","吉村紳 一級建築士事務所_2026/03","商品マスタが未設定","Month=2026/03, Amount=8000","請求明細の商品・名称・金額から商品を確定する"
"Medium","商品不足","ContractLineItem__c","a03RB00001NswbVYAR","吉村紳 一級建築士事務所_2026/04","商品マスタが未設定","Month=2026/04, Amount=8000","請求明細の商品・名称・金額から商品を確定する"
"Medium","商品不足","ContractLineItem__c","a03RB00001NswbWYAR","吉村紳 一級建築士事務所_2026/05","商品マスタが未設定","Month=2026/05, Amount=8000","請求明細の商品・名称・金額から商品を確定する"
"Medium","商品不足","ContractLineItem__c","a03RB00001RIREuYAP","吉村紳　一級建築士事務所_2026/06","商品マスタが未設定","Month=2026/06, Amount=8000","請求明細の商品・名称・金額から商品を確定する"
"Medium","商品不足","ContractLineItem__c","a03RB00001RcABVYA3","吉村紳　一級建築士事務所_2026/07","商品マスタが未設定","Month=2026/07, Amount=8000","請求明細の商品・名称・金額から商品を確定する"
"Medium","商品不足","ContractLineItem__c","a03RB00001STmH1YAL","吉村紳　一級建築士事務所_2026/08","商品マスタが未設定","Month=2026/08, Amount=8000","請求明細の商品・名称・金額から商品を確定する"
"Medium","商品不足","ContractLineItem__c","a03RB00001NswjcYAB","近鉄不動産(セキュリティオプション月額）_2026/04","商品マスタが未設定","Month=2026/04, Amount=100000","請求明細の商品・名称・金額から商品を確定する"
"Medium","商品不足","ContractLineItem__c","a03RB00001NswjdYAB","近鉄不動産(セキュリティオプション月額）_2026/05","商品マスタが未設定","Month=2026/05, Amount=100000","請求明細の商品・名称・金額から商品を確定する"
"Medium","商品不足","ContractLineItem__c","a03RB00001RIRFDYA5","近鉄不動産(セキュリティオプション月額）_2026/06","商品マスタが未設定","Month=2026/06, Amount=100000","請求明細の商品・名称・金額から商品を確定する"
"Medium","商品不足","ContractLineItem__c","a03RB00001RcACDYA3","近鉄不動産(セキュリティオプション月額）_2026/07","商品マスタが未設定","Month=2026/07, Amount=100000","請求明細の商品・名称・金額から商品を確定する"
"Medium","商品不足","ContractLineItem__c","a03RB00001STmHXYA1","近鉄不動産(セキュリティオプション月額）_2026/08","商品マスタが未設定","Month=2026/08, Amount=100000","請求明細の商品・名称・金額から商品を確定する"
"Medium","商品不足","ContractLineItem__c","a03RB00001NswjZYAR","近鉄不動産_2026/04","商品マスタが未設定","Month=2026/04, Amount=165000","請求明細の商品・名称・金額から商品を確定する"
"Medium","商品不足","ContractLineItem__c","a03RB00001NswjaYAB","近鉄不動産_2026/05","商品マスタが未設定","Month=2026/05, Amount=165000","請求明細の商品・名称・金額から商品を確定する"
"Medium","商品不足","ContractLineItem__c","a03RB00001NswjbYAB","近鉄不動産_2026/06","商品マスタが未設定","Month=2026/06, Amount=180000","請求明細の商品・名称・金額から商品を確定する"
"Medium","商品不足","ContractLineItem__c","a03RB00001RcACCYA3","近鉄不動産_2026/07","商品マスタが未設定","Month=2026/07, Amount=180000","請求明細の商品・名称・金額から商品を確定する"
"Medium","商品不足","ContractLineItem__c","a03RB00001STmHWYA1","近鉄不動産_2026/08","商品マスタが未設定","Month=2026/08, Amount=180000","請求明細の商品・名称・金額から商品を確定する"
"Medium","商品不足","ContractLineItem__c","a03RB00001NswdqYAB","九州旅客鉄道株式会社 開発工事部_2025/06","商品マスタが未設定","Month=2025/06, Amount=8000","請求明細の商品・名称・金額から商品を確定する"
"Medium","商品不足","ContractLineItem__c","a03RB00001NswdrYAB","九州旅客鉄道株式会社 開発工事部_2025/07","商品マスタが未設定","Month=2025/07, Amount=8000","請求明細の商品・名称・金額から商品を確定する"
"Medium","商品不足","ContractLineItem__c","a03RB00001NswdsYAB","九州旅客鉄道株式会社 開発工事部_2025/08","商品マスタが未設定","Month=2025/08, Amount=8000","請求明細の商品・名称・金額から商品を確定する"
"Medium","商品不足","ContractLineItem__c","a03RB00001NswdtYAB","九州旅客鉄道株式会社 開発工事部_2025/09","商品マスタが未設定","Month=2025/09, Amount=8000","請求明細の商品・名称・金額から商品を確定する"
"Medium","商品不足","ContractLineItem__c","a03RB00001NswduYAB","九州旅客鉄道株式会社 開発工事部_2025/10","商品マスタが未設定","Month=2025/10, Amount=8000","請求明細の商品・名称・金額から商品を確定する"
"Medium","商品不足","ContractLineItem__c","a03RB00001NswdvYAB","九州旅客鉄道株式会社 開発工事部_2025/11","商品マスタが未設定","Month=2025/11, Amount=8000","請求明細の商品・名称・金額から商品を確定する"
"Medium","商品不足","ContractLineItem__c","a03RB00001NswdwYAB","九州旅客鉄道株式会社 開発工事部_2025/12","商品マスタが未設定","Month=2025/12, Amount=8000","請求明細の商品・名称・金額から商品を確定する"
"Medium","商品不足","ContractLineItem__c","a03RB00001NswdxYAB","九州旅客鉄道株式会社 開発工事部_2026/01","商品マスタが未設定","Month=2026/01, Amount=8000","請求明細の商品・名称・金額から商品を確定する"
"Medium","商品不足","ContractLineItem__c","a03RB00001NswdyYAB","九州旅客鉄道株式会社 開発工事部_2026/02","商品マスタが未設定","Month=2026/02, Amount=8000","請求明細の商品・名称・金額から商品を確定する"
"Medium","商品不足","ContractLineItem__c","a03RB00001NswdzYAB","九州旅客鉄道株式会社 開発工事部_2026/03","商品マスタが未設定","Month=2026/03, Amount=8000","請求明細の商品・名称・金額から商品を確定する"
"Medium","商品不足","ContractLineItem__c","a03RB00001Nswe0YAB","九州旅客鉄道株式会社 開発工事部_2026/04","商品マスタが未設定","Month=2026/04, Amount=8000","請求明細の商品・名称・金額から商品を確定する"
"Medium","商品不足","ContractLineItem__c","a03RB00001Nswe1YAB","九州旅客鉄道株式会社 開発工事部_2026/05","商品マスタが未設定","Month=2026/05, Amount=8000","請求明細の商品・名称・金額から商品を確定する"
"Medium","商品不足","ContractLineItem__c","a03RB00001RIRF0YAP","九州旅客鉄道株式会社　開発工事部_2026/06","商品マスタが未設定","Month=2026/06, Amount=8000","請求明細の商品・名称・金額から商品を確定する"
"Medium","商品不足","ContractLineItem__c","a03RB00001RcABcYAN","九州旅客鉄道株式会社　開発工事部_2026/07","商品マスタが未設定","Month=2026/07, Amount=8000","請求明細の商品・名称・金額から商品を確定する"
"Medium","商品不足","ContractLineItem__c","a03RB00001STmH8YAL","九州旅客鉄道株式会社　開発工事部_2026/08","商品マスタが未設定","Month=2026/08, Amount=8000","請求明細の商品・名称・金額から商品を確定する"
"Medium","商品不足","ContractLineItem__c","a03RB00001NswZLYAZ","九州旅客鉄道株式会社 工事部施設課_2024/12","商品マスタが未設定","Month=2024/12, Amount=8000","請求明細の商品・名称・金額から商品を確定する"
"Medium","商品不足","ContractLineItem__c","a03RB00001NswZMYAZ","九州旅客鉄道株式会社 工事部施設課_2025/01","商品マスタが未設定","Month=2025/01, Amount=8000","請求明細の商品・名称・金額から商品を確定する"
"Medium","商品不足","ContractLineItem__c","a03RB00001NswZNYAZ","九州旅客鉄道株式会社 工事部施設課_2025/02","商品マスタが未設定","Month=2025/02, Amount=8000","請求明細の商品・名称・金額から商品を確定する"
"Medium","商品不足","ContractLineItem__c","a03RB00001NswZOYAZ","九州旅客鉄道株式会社 工事部施設課_2025/03","商品マスタが未設定","Month=2025/03, Amount=8000","請求明細の商品・名称・金額から商品を確定する"
"Medium","商品不足","ContractLineItem__c","a03RB00001NswZPYAZ","九州旅客鉄道株式会社 工事部施設課_2025/04","商品マスタが未設定","Month=2025/04, Amount=8000","請求明細の商品・名称・金額から商品を確定する"
"Medium","商品不足","ContractLineItem__c","a03RB00001NswZQYAZ","九州旅客鉄道株式会社 工事部施設課_2025/05","商品マスタが未設定","Month=2025/05, Amount=8000","請求明細の商品・名称・金額から商品を確定する"
"Medium","商品不足","ContractLineItem__c","a03RB00001NswZRYAZ","九州旅客鉄道株式会社 工事部施設課_2025/06","商品マスタが未設定","Month=2025/06, Amount=8000","請求明細の商品・名称・金額から商品を確定する"
"Medium","商品不足","ContractLineItem__c","a03RB00001NswZSYAZ","九州旅客鉄道株式会社 工事部施設課_2025/07","商品マスタが未設定","Month=2025/07, Amount=8000","請求明細の商品・名称・金額から商品を確定する"
"Medium","商品不足","ContractLineItem__c","a03RB00001NswZTYAZ","九州旅客鉄道株式会社 工事部施設課_2025/08","商品マスタが未設定","Month=2025/08, Amount=8000","請求明細の商品・名称・金額から商品を確定する"
"Medium","商品不足","ContractLineItem__c","a03RB00001NswZUYAZ","九州旅客鉄道株式会社 工事部施設課_2025/09","商品マスタが未設定","Month=2025/09, Amount=8000","請求明細の商品・名称・金額から商品を確定する"
"Medium","商品不足","ContractLineItem__c","a03RB00001NswZVYAZ","九州旅客鉄道株式会社 工事部施設課_2025/10","商品マスタが未設定","Month=2025/10, Amount=8000","請求明細の商品・名称・金額から商品を確定する"
"Medium","商品不足","ContractLineItem__c","a03RB00001NswZWYAZ","九州旅客鉄道株式会社 工事部施設課_2025/11","商品マスタが未設定","Month=2025/11, Amount=8000","請求明細の商品・名称・金額から商品を確定する"
"Medium","商品不足","ContractLineItem__c","a03RB00001NswZXYAZ","九州旅客鉄道株式会社 工事部施設課_2025/12","商品マスタが未設定","Month=2025/12, Amount=8000","請求明細の商品・名称・金額から商品を確定する"
"Medium","商品不足","ContractLineItem__c","a03RB00001NswZYYAZ","九州旅客鉄道株式会社 工事部施設課_2026/01","商品マスタが未設定","Month=2026/01, Amount=8000","請求明細の商品・名称・金額から商品を確定する"
"Medium","商品不足","ContractLineItem__c","a03RB00001NswZZYAZ","九州旅客鉄道株式会社 工事部施設課_2026/02","商品マスタが未設定","Month=2026/02, Amount=8000","請求明細の商品・名称・金額から商品を確定する"
"Medium","商品不足","ContractLineItem__c","a03RB00001NswZaYAJ","九州旅客鉄道株式会社 工事部施設課_2026/03","商品マスタが未設定","Month=2026/03, Amount=8000","請求明細の商品・名称・金額から商品を確定する"
"Medium","商品不足","ContractLineItem__c","a03RB00001NswZbYAJ","九州旅客鉄道株式会社 工事部施設課_2026/04","商品マスタが未設定","Month=2026/04, Amount=8000","請求明細の商品・名称・金額から商品を確定する"
"Medium","商品不足","ContractLineItem__c","a03RB00001NswZcYAJ","九州旅客鉄道株式会社 工事部施設課_2026/05","商品マスタが未設定","Month=2026/05, Amount=8000","請求明細の商品・名称・金額から商品を確定する"
"Medium","商品不足","ContractLineItem__c","a03RB00001RIREjYAP","九州旅客鉄道株式会社　工事部施設課_2026/06","商品マスタが未設定","Month=2026/06, Amount=8000","請求明細の商品・名称・金額から商品を確定する"
"Medium","商品不足","ContractLineItem__c","a03RB00001RcABKYA3","九州旅客鉄道株式会社　工事部施設課_2026/07","商品マスタが未設定","Month=2026/07, Amount=8000","請求明細の商品・名称・金額から商品を確定する"
"Medium","商品不足","ContractLineItem__c","a03RB00001STmGxYAL","九州旅客鉄道株式会社　工事部施設課_2026/08","商品マスタが未設定","Month=2026/08, Amount=8000","請求明細の商品・名称・金額から商品を確定する"
"Medium","商品不足","ContractLineItem__c","a03RB00001NswcxYAB","九州旅客鉄道株式会社 博多設備区_2025/05","商品マスタが未設定","Month=2025/05, Amount=8000","請求明細の商品・名称・金額から商品を確定する"
"Medium","商品不足","ContractLineItem__c","a03RB00001NswcyYAB","九州旅客鉄道株式会社 博多設備区_2025/06","商品マスタが未設定","Month=2025/06, Amount=8000","請求明細の商品・名称・金額から商品を確定する"
"Medium","商品不足","ContractLineItem__c","a03RB00001NswczYAB","九州旅客鉄道株式会社 博多設備区_2025/07","商品マスタが未設定","Month=2025/07, Amount=8000","請求明細の商品・名称・金額から商品を確定する"
"Medium","商品不足","ContractLineItem__c","a03RB00001Nswd0YAB","九州旅客鉄道株式会社 博多設備区_2025/08","商品マスタが未設定","Month=2025/08, Amount=8000","請求明細の商品・名称・金額から商品を確定する"
"Medium","商品不足","ContractLineItem__c","a03RB00001Nswd1YAB","九州旅客鉄道株式会社 博多設備区_2025/09","商品マスタが未設定","Month=2025/09, Amount=8000","請求明細の商品・名称・金額から商品を確定する"
"Medium","商品不足","ContractLineItem__c","a03RB00001Nswd2YAB","九州旅客鉄道株式会社 博多設備区_2025/10","商品マスタが未設定","Month=2025/10, Amount=8000","請求明細の商品・名称・金額から商品を確定する"
"Medium","商品不足","ContractLineItem__c","a03RB00001Nswd3YAB","九州旅客鉄道株式会社 博多設備区_2025/11","商品マスタが未設定","Month=2025/11, Amount=8000","請求明細の商品・名称・金額から商品を確定する"
"Medium","商品不足","ContractLineItem__c","a03RB00001Nswd4YAB","九州旅客鉄道株式会社 博多設備区_2025/12","商品マスタが未設定","Month=2025/12, Amount=8000","請求明細の商品・名称・金額から商品を確定する"
"Medium","商品不足","ContractLineItem__c","a03RB00001Nswd5YAB","九州旅客鉄道株式会社 博多設備区_2026/01","商品マスタが未設定","Month=2026/01, Amount=8000","請求明細の商品・名称・金額から商品を確定する"
"Medium","商品不足","ContractLineItem__c","a03RB00001Nswd6YAB","九州旅客鉄道株式会社 博多設備区_2026/02","商品マスタが未設定","Month=2026/02, Amount=8000","請求明細の商品・名称・金額から商品を確定する"
"Medium","商品不足","ContractLineItem__c","a03RB00001Nswd7YAB","九州旅客鉄道株式会社 博多設備区_2026/03","商品マスタが未設定","Month=2026/03, Amount=8000","請求明細の商品・名称・金額から商品を確定する"
"Medium","商品不足","ContractLineItem__c","a03RB00001Nswd8YAB","九州旅客鉄道株式会社 博多設備区_2026/04","商品マスタが未設定","Month=2026/04, Amount=8000","請求明細の商品・名称・金額から商品を確定する"
"Medium","商品不足","ContractLineItem__c","a03RB00001Nswd9YAB","九州旅客鉄道株式会社 博多設備区_2026/05","商品マスタが未設定","Month=2026/05, Amount=8000","請求明細の商品・名称・金額から商品を確定する"
"Medium","商品不足","ContractLineItem__c","a03RB00001RIRExYAP","九州旅客鉄道株式会社　博多設備区_2026/06","商品マスタが未設定","Month=2026/06, Amount=8000","請求明細の商品・名称・金額から商品を確定する"
"Medium","商品不足","ContractLineItem__c","a03RB00001RcABZYA3","九州旅客鉄道株式会社　博多設備区_2026/07","商品マスタが未設定","Month=2026/07, Amount=8000","請求明細の商品・名称・金額から商品を確定する"
"Medium","商品不足","ContractLineItem__c","a03RB00001STmH5YAL","九州旅客鉄道株式会社　博多設備区_2026/08","商品マスタが未設定","Month=2026/08, Amount=8000","請求明細の商品・名称・金額から商品を確定する"
"Medium","商品不足","ContractLineItem__c","a03RB00001NswXFYAZ","戸田建設(開発推進部:年額)_2024/11","商品マスタが未設定","Month=2024/11, Amount=88000","請求明細の商品・名称・金額から商品を確定する"
"Medium","商品不足","ContractLineItem__c","a03RB00001NswXGYAZ","戸田建設(開発推進部:年額)_2024/12","商品マスタが未設定","Month=2024/12, Amount=88000","請求明細の商品・名称・金額から商品を確定する"
"Medium","商品不足","ContractLineItem__c","a03RB00001NswXHYAZ","戸田建設(開発推進部:年額)_2025/01","商品マスタが未設定","Month=2025/01, Amount=88000","請求明細の商品・名称・金額から商品を確定する"
"Medium","商品不足","ContractLineItem__c","a03RB00001NswXIYAZ","戸田建設(開発推進部:年額)_2025/02","商品マスタが未設定","Month=2025/02, Amount=264000","請求明細の商品・名称・金額から商品を確定する"
"Medium","商品不足","ContractLineItem__c","a03RB00001NswXJYAZ","戸田建設(開発推進部:年額)_2025/03","商品マスタが未設定","Month=2025/03, Amount=","請求明細の商品・名称・金額から商品を確定する"
"Medium","商品不足","ContractLineItem__c","a03RB00001NswXKYAZ","戸田建設(開発推進部:年額)_2025/04","商品マスタが未設定","Month=2025/04, Amount=","請求明細の商品・名称・金額から商品を確定する"
"Medium","商品不足","ContractLineItem__c","a03RB00001NswXLYAZ","戸田建設(開発推進部:年額)_2025/05","商品マスタが未設定","Month=2025/05, Amount=","請求明細の商品・名称・金額から商品を確定する"
"Medium","商品不足","ContractLineItem__c","a03RB00001NswXMYAZ","戸田建設(開発推進部:年額)_2025/06","商品マスタが未設定","Month=2025/06, Amount=","請求明細の商品・名称・金額から商品を確定する"
"Medium","商品不足","ContractLineItem__c","a03RB00001NswXNYAZ","戸田建設(開発推進部:年額)_2025/07","商品マスタが未設定","Month=2025/07, Amount=","請求明細の商品・名称・金額から商品を確定する"
"Medium","商品不足","ContractLineItem__c","a03RB00001NswXOYAZ","戸田建設(開発推進部:年額)_2025/08","商品マスタが未設定","Month=2025/08, Amount=","請求明細の商品・名称・金額から商品を確定する"
"Medium","商品不足","ContractLineItem__c","a03RB00001NswXPYAZ","戸田建設(開発推進部:年額)_2025/09","商品マスタが未設定","Month=2025/09, Amount=","請求明細の商品・名称・金額から商品を確定する"
"Medium","商品不足","ContractLineItem__c","a03RB00001NswXQYAZ","戸田建設(開発推進部:年額)_2025/10","商品マスタが未設定","Month=2025/10, Amount=","請求明細の商品・名称・金額から商品を確定する"
"Medium","商品不足","ContractLineItem__c","a03RB00001NswXRYAZ","戸田建設(開発推進部:年額)_2025/11","商品マスタが未設定","Month=2025/11, Amount=","請求明細の商品・名称・金額から商品を確定する"
"Medium","商品不足","ContractLineItem__c","a03RB00001NswXSYAZ","戸田建設(開発推進部:年額)_2025/12","商品マスタが未設定","Month=2025/12, Amount=","請求明細の商品・名称・金額から商品を確定する"
"Medium","商品不足","ContractLineItem__c","a03RB00001NswXTYAZ","戸田建設(開発推進部:年額)_2026/01","商品マスタが未設定","Month=2026/01, Amount=","請求明細の商品・名称・金額から商品を確定する"
"Medium","商品不足","ContractLineItem__c","a03RB00001NswZmYAJ","戸田建設(設計部:月額)_2025/02","商品マスタが未設定","Month=2025/02, Amount=22000","請求明細の商品・名称・金額から商品を確定する"
"Medium","商品不足","ContractLineItem__c","a03RB00001NswZnYAJ","戸田建設(設計部:月額)_2025/03","商品マスタが未設定","Month=2025/03, Amount=22000","請求明細の商品・名称・金額から商品を確定する"
"Medium","商品不足","ContractLineItem__c","a03RB00001NswZoYAJ","戸田建設(設計部:月額)_2025/04","商品マスタが未設定","Month=2025/04, Amount=22000","請求明細の商品・名称・金額から商品を確定する"
"Medium","商品不足","ContractLineItem__c","a03RB00001NswZpYAJ","戸田建設(設計部:月額)_2025/05","商品マスタが未設定","Month=2025/05, Amount=22000","請求明細の商品・名称・金額から商品を確定する"
"Medium","商品不足","ContractLineItem__c","a03RB00001NswZqYAJ","戸田建設(設計部:月額)_2025/06","商品マスタが未設定","Month=2025/06, Amount=22000","請求明細の商品・名称・金額から商品を確定する"
"Medium","商品不足","ContractLineItem__c","a03RB00001NswZrYAJ","戸田建設(設計部:月額)_2025/07","商品マスタが未設定","Month=2025/07, Amount=22000","請求明細の商品・名称・金額から商品を確定する"
"Medium","商品不足","ContractLineItem__c","a03RB00001NswZsYAJ","戸田建設(設計部:月額)_2025/08","商品マスタが未設定","Month=2025/08, Amount=55000","請求明細の商品・名称・金額から商品を確定する"
"Medium","商品不足","ContractLineItem__c","a03RB00001NswZtYAJ","戸田建設(設計部:月額)_2025/09","商品マスタが未設定","Month=2025/09, Amount=55000","請求明細の商品・名称・金額から商品を確定する"
"Medium","商品不足","ContractLineItem__c","a03RB00001NswZuYAJ","戸田建設(設計部:月額)_2025/10","商品マスタが未設定","Month=2025/10, Amount=55000","請求明細の商品・名称・金額から商品を確定する"
"Medium","商品不足","ContractLineItem__c","a03RB00001NswZvYAJ","戸田建設(設計部:月額)_2025/11","商品マスタが未設定","Month=2025/11, Amount=55000","請求明細の商品・名称・金額から商品を確定する"
"Medium","商品不足","ContractLineItem__c","a03RB00001NswZwYAJ","戸田建設(設計部:月額)_2025/12","商品マスタが未設定","Month=2025/12, Amount=55000","請求明細の商品・名称・金額から商品を確定する"
"Medium","商品不足","ContractLineItem__c","a03RB00001NswZxYAJ","戸田建設(設計部:月額)_2026/01","商品マスタが未設定","Month=2026/01, Amount=55000","請求明細の商品・名称・金額から商品を確定する"
"Medium","商品不足","ContractLineItem__c","a03RB00001NswZyYAJ","戸田建設(設計部:月額)_2026/02","商品マスタが未設定","Month=2026/02, Amount=55000","請求明細の商品・名称・金額から商品を確定する"
"Medium","商品不足","ContractLineItem__c","a03RB00001NswZzYAJ","戸田建設(設計部:月額)_2026/03","商品マスタが未設定","Month=2026/03, Amount=55000","請求明細の商品・名称・金額から商品を確定する"
"Medium","商品不足","ContractLineItem__c","a03RB00001Nswa0YAB","戸田建設(設計部:月額)_2026/04","商品マスタが未設定","Month=2026/04, Amount=55000","請求明細の商品・名称・金額から商品を確定する"
"Medium","商品不足","ContractLineItem__c","a03RB00001Nswa1YAB","戸田建設(設計部:月額)_2026/05","商品マスタが未設定","Month=2026/05, Amount=55000","請求明細の商品・名称・金額から商品を確定する"
"Medium","商品不足","ContractLineItem__c","a03RB00001RIREnYAP","戸田建設(設計部:月額)_2026/06","商品マスタが未設定","Month=2026/06, Amount=55000","請求明細の商品・名称・金額から商品を確定する"
"Medium","商品不足","ContractLineItem__c","a03RB00001RcABOYA3","戸田建設(設計部:月額)_2026/07","商品マスタが未設定","Month=2026/07, Amount=55000","請求明細の商品・名称・金額から商品を確定する"
"Medium","商品不足","ContractLineItem__c","a03RB00001STmGyYAL","戸田建設(設計部:月額)_2026/08","商品マスタが未設定","Month=2026/08, Amount=55000","請求明細の商品・名称・金額から商品を確定する"
"Medium","商品不足","ContractLineItem__c","a03RB00001NswcYYAR","高松テクノサービス株式会社 ＊年払い、特別価格_2025/05","商品マスタが未設定","Month=2025/05, Amount=15834","請求明細の商品・名称・金額から商品を確定する"
"Medium","商品不足","ContractLineItem__c","a03RB00001NswcZYAR","高松テクノサービス株式会社 ＊年払い、特別価格_2025/06","商品マスタが未設定","Month=2025/06, Amount=15834","請求明細の商品・名称・金額から商品を確定する"
"Medium","商品不足","ContractLineItem__c","a03RB00001NswcaYAB","高松テクノサービス株式会社 ＊年払い、特別価格_2025/07","商品マスタが未設定","Month=2025/07, Amount=15834","請求明細の商品・名称・金額から商品を確定する"
"Medium","商品不足","ContractLineItem__c","a03RB00001NswcbYAB","高松テクノサービス株式会社 ＊年払い、特別価格_2025/08","商品マスタが未設定","Month=2025/08, Amount=15834","請求明細の商品・名称・金額から商品を確定する"
"Medium","商品不足","ContractLineItem__c","a03RB00001NswccYAB","高松テクノサービス株式会社 ＊年払い、特別価格_2025/09","商品マスタが未設定","Month=2025/09, Amount=15834","請求明細の商品・名称・金額から商品を確定する"
"Medium","商品不足","ContractLineItem__c","a03RB00001NswcdYAB","高松テクノサービス株式会社 ＊年払い、特別価格_2025/10","商品マスタが未設定","Month=2025/10, Amount=15834","請求明細の商品・名称・金額から商品を確定する"
"Medium","商品不足","ContractLineItem__c","a03RB00001NswceYAB","高松テクノサービス株式会社 ＊年払い、特別価格_2025/11","商品マスタが未設定","Month=2025/11, Amount=15834","請求明細の商品・名称・金額から商品を確定する"
"Medium","商品不足","ContractLineItem__c","a03RB00001NswcfYAB","高松テクノサービス株式会社 ＊年払い、特別価格_2025/12","商品マスタが未設定","Month=2025/12, Amount=15834","請求明細の商品・名称・金額から商品を確定する"
"Medium","商品不足","ContractLineItem__c","a03RB00001NswcgYAB","高松テクノサービス株式会社 ＊年払い、特別価格_2026/01","商品マスタが未設定","Month=2026/01, Amount=15834","請求明細の商品・名称・金額から商品を確定する"
"Medium","商品不足","ContractLineItem__c","a03RB00001NswchYAB","高松テクノサービス株式会社 ＊年払い、特別価格_2026/02","商品マスタが未設定","Month=2026/02, Amount=15834","請求明細の商品・名称・金額から商品を確定する"
"Medium","商品不足","ContractLineItem__c","a03RB00001NswciYAB","高松テクノサービス株式会社 ＊年払い、特別価格_2026/03","商品マスタが未設定","Month=2026/03, Amount=15834","請求明細の商品・名称・金額から商品を確定する"
"Medium","商品不足","ContractLineItem__c","a03RB00001NswcjYAB","高松テクノサービス株式会社 ＊年払い、特別価格_2026/04","商品マスタが未設定","Month=2026/04, Amount=15834","請求明細の商品・名称・金額から商品を確定する"
"Medium","商品不足","ContractLineItem__c","a03RB00001NswkcYAB","合同会社小島屋_2026/06","商品マスタが未設定","Month=2026/06, Amount=8000","請求明細の商品・名称・金額から商品を確定する"
"Medium","商品不足","ContractLineItem__c","a03RB00001RcACMYA3","合同会社小島屋_2026/07","商品マスタが未設定","Month=2026/07, Amount=8000","請求明細の商品・名称・金額から商品を確定する"
"Medium","商品不足","ContractLineItem__c","a03RB00001STmHgYAL","合同会社小島屋_2026/08","商品マスタが未設定","Month=2026/08, Amount=8000","請求明細の商品・名称・金額から商品を確定する"
"Medium","商品不足","ContractLineItem__c","a03RB00001NswavYAB","佐伯綜合建設(大塚商会)_2025/02","商品マスタが未設定","Month=2025/02, Amount=6400","請求明細の商品・名称・金額から商品を確定する"
"Medium","商品不足","ContractLineItem__c","a03RB00001NswawYAB","佐伯綜合建設(大塚商会)_2025/03","商品マスタが未設定","Month=2025/03, Amount=6400","請求明細の商品・名称・金額から商品を確定する"
"Medium","商品不足","ContractLineItem__c","a03RB00001NswaxYAB","佐伯綜合建設(大塚商会)_2025/04","商品マスタが未設定","Month=2025/04, Amount=6400","請求明細の商品・名称・金額から商品を確定する"
"Medium","商品不足","ContractLineItem__c","a03RB00001NswayYAB","佐伯綜合建設(大塚商会)_2025/05","商品マスタが未設定","Month=2025/05, Amount=6400","請求明細の商品・名称・金額から商品を確定する"
"Medium","商品不足","ContractLineItem__c","a03RB00001NswazYAB","佐伯綜合建設(大塚商会)_2025/06","商品マスタが未設定","Month=2025/06, Amount=6400","請求明細の商品・名称・金額から商品を確定する"
"Medium","商品不足","ContractLineItem__c","a03RB00001Nswb0YAB","佐伯綜合建設(大塚商会)_2025/07","商品マスタが未設定","Month=2025/07, Amount=6400","請求明細の商品・名称・金額から商品を確定する"
"Medium","商品不足","ContractLineItem__c","a03RB00001Nswb1YAB","佐伯綜合建設(大塚商会)_2025/08","商品マスタが未設定","Month=2025/08, Amount=6400","請求明細の商品・名称・金額から商品を確定する"
"Medium","商品不足","ContractLineItem__c","a03RB00001Nswb2YAB","佐伯綜合建設(大塚商会)_2025/09","商品マスタが未設定","Month=2025/09, Amount=6400","請求明細の商品・名称・金額から商品を確定する"
"Medium","商品不足","ContractLineItem__c","a03RB00001Nswb3YAB","佐伯綜合建設(大塚商会)_2025/10","商品マスタが未設定","Month=2025/10, Amount=6400","請求明細の商品・名称・金額から商品を確定する"
"Medium","商品不足","ContractLineItem__c","a03RB00001Nswb4YAB","佐伯綜合建設(大塚商会)_2025/11","商品マスタが未設定","Month=2025/11, Amount=6400","請求明細の商品・名称・金額から商品を確定する"
"Medium","商品不足","ContractLineItem__c","a03RB00001Nswb5YAB","佐伯綜合建設(大塚商会)_2025/12","商品マスタが未設定","Month=2025/12, Amount=6400","請求明細の商品・名称・金額から商品を確定する"
"Medium","商品不足","ContractLineItem__c","a03RB00001Nswb6YAB","佐伯綜合建設(大塚商会)_2026/01","商品マスタが未設定","Month=2026/01, Amount=6400","請求明細の商品・名称・金額から商品を確定する"
"Medium","商品不足","ContractLineItem__c","a03RB00001Nswb7YAB","佐伯綜合建設(大塚商会)_2026/02","商品マスタが未設定","Month=2026/02, Amount=6400","請求明細の商品・名称・金額から商品を確定する"
"Medium","商品不足","ContractLineItem__c","a03RB00001Nswb8YAB","佐伯綜合建設(大塚商会)_2026/03","商品マスタが未設定","Month=2026/03, Amount=6400","請求明細の商品・名称・金額から商品を確定する"
"Medium","商品不足","ContractLineItem__c","a03RB00001Nswb9YAB","佐伯綜合建設(大塚商会)_2026/04","商品マスタが未設定","Month=2026/04, Amount=6400","請求明細の商品・名称・金額から商品を確定する"
"Medium","商品不足","ContractLineItem__c","a03RB00001NswbAYAR","佐伯綜合建設(大塚商会)_2026/05","商品マスタが未設定","Month=2026/05, Amount=6400","請求明細の商品・名称・金額から商品を確定する"
"Medium","商品不足","ContractLineItem__c","a03RB00001NswbBYAR","佐伯綜合建設(大塚商会)_2026/06","商品マスタが未設定","Month=2026/06, Amount=6400","請求明細の商品・名称・金額から商品を確定する"
"Medium","商品不足","ContractLineItem__c","a03RB00001NswbCYAR","佐伯綜合建設(大塚商会)_2026/07","商品マスタが未設定","Month=2026/07, Amount=6400","請求明細の商品・名称・金額から商品を確定する"
"Medium","商品不足","ContractLineItem__c","a03RB00001NswbDYAR","佐伯綜合建設(大塚商会)_2026/08","商品マスタが未設定","Month=2026/08, Amount=6400","請求明細の商品・名称・金額から商品を確定する"
"Medium","商品不足","ContractLineItem__c","a03RB00001NswbEYAR","佐伯綜合建設(大塚商会)_2026/09","商品マスタが未設定","Month=2026/09, Amount=6400","請求明細の商品・名称・金額から商品を確定する"
"Medium","商品不足","ContractLineItem__c","a03RB00001NswbFYAR","佐伯綜合建設(大塚商会)_2026/10","商品マスタが未設定","Month=2026/10, Amount=6400","請求明細の商品・名称・金額から商品を確定する"
"Medium","商品不足","ContractLineItem__c","a03RB00001NswbGYAR","佐伯綜合建設(大塚商会)_2026/11","商品マスタが未設定","Month=2026/11, Amount=6400","請求明細の商品・名称・金額から商品を確定する"
"Medium","商品不足","ContractLineItem__c","a03RB00001NswbHYAR","佐伯綜合建設(大塚商会)_2026/12","商品マスタが未設定","Month=2026/12, Amount=6400","請求明細の商品・名称・金額から商品を確定する"
"Medium","商品不足","ContractLineItem__c","a03RB00001NswbIYAR","佐伯綜合建設(大塚商会)_2027/01","商品マスタが未設定","Month=2027/01, Amount=6400","請求明細の商品・名称・金額から商品を確定する"
"Medium","商品不足","ContractLineItem__c","a03RB00001NswWgYAJ","三井デザインテック_2024/09","商品マスタが未設定","Month=2024/09, Amount=20000","請求明細の商品・名称・金額から商品を確定する"
"Medium","商品不足","ContractLineItem__c","a03RB00001NswWhYAJ","三井デザインテック_2024/10","商品マスタが未設定","Month=2024/10, Amount=20000","請求明細の商品・名称・金額から商品を確定する"
"Medium","商品不足","ContractLineItem__c","a03RB00001NswWiYAJ","三井デザインテック_2024/11","商品マスタが未設定","Month=2024/11, Amount=20000","請求明細の商品・名称・金額から商品を確定する"
"Medium","商品不足","ContractLineItem__c","a03RB00001NswWjYAJ","三井デザインテック_2024/12","商品マスタが未設定","Month=2024/12, Amount=20000","請求明細の商品・名称・金額から商品を確定する"
"Medium","商品不足","ContractLineItem__c","a03RB00001NswWkYAJ","三井デザインテック_2025/01","商品マスタが未設定","Month=2025/01, Amount=20000","請求明細の商品・名称・金額から商品を確定する"
"Medium","商品不足","ContractLineItem__c","a03RB00001NswWlYAJ","三井デザインテック_2025/02","商品マスタが未設定","Month=2025/02, Amount=20000","請求明細の商品・名称・金額から商品を確定する"
"Medium","商品不足","ContractLineItem__c","a03RB00001NswWmYAJ","三井デザインテック_2025/03","商品マスタが未設定","Month=2025/03, Amount=20000","請求明細の商品・名称・金額から商品を確定する"
"Medium","商品不足","ContractLineItem__c","a03RB00001Nswl1YAB","三井不動産レジデンシャルリース_2024/10","商品マスタが未設定","Month=2024/10, Amount=11000","請求明細の商品・名称・金額から商品を確定する"
"Medium","商品不足","ContractLineItem__c","a03RB00001Nswl2YAB","三井不動産レジデンシャルリース_2025/05","商品マスタが未設定","Month=2025/05, Amount=11000","請求明細の商品・名称・金額から商品を確定する"
"Medium","商品不足","ContractLineItem__c","a03RB00001Nswh5YAB","三菱地所レジデンス株式会社_2026/01","商品マスタが未設定","Month=2026/01, Amount=16000","請求明細の商品・名称・金額から商品を確定する"
"Medium","商品不足","ContractLineItem__c","a03RB00001Nswh6YAB","三菱地所レジデンス株式会社_2026/02","商品マスタが未設定","Month=2026/02, Amount=16000","請求明細の商品・名称・金額から商品を確定する"
"Medium","商品不足","ContractLineItem__c","a03RB00001Nswh7YAB","三菱地所レジデンス株式会社_2026/03","商品マスタが未設定","Month=2026/03, Amount=16000","請求明細の商品・名称・金額から商品を確定する"
"Medium","商品不足","ContractLineItem__c","a03RB00001Nswh8YAB","三菱地所レジデンス株式会社_2026/04","商品マスタが未設定","Month=2026/04, Amount=16000","請求明細の商品・名称・金額から商品を確定する"
"Medium","商品不足","ContractLineItem__c","a03RB00001Nswh9YAB","三菱地所レジデンス株式会社_2026/05","商品マスタが未設定","Month=2026/05, Amount=16000","請求明細の商品・名称・金額から商品を確定する"
"Medium","商品不足","ContractLineItem__c","a03RB00001NswhAYAR","三菱地所レジデンス株式会社_2026/06","商品マスタが未設定","Month=2026/06, Amount=16000","請求明細の商品・名称・金額から商品を確定する"
"Medium","商品不足","ContractLineItem__c","a03RB00001RcABtYAN","三菱地所レジデンス株式会社_2026/07","商品マスタが未設定","Month=2026/07, Amount=140000","請求明細の商品・名称・金額から商品を確定する"
"Medium","商品不足","ContractLineItem__c","a03RB00001NswhBYAR","三菱地所レジデンス株式会社_2026/08","商品マスタが未設定","Month=2026/08, Amount=140000","請求明細の商品・名称・金額から商品を確定する"
"Medium","商品不足","ContractLineItem__c","a03RB00001Nswf0YAB","三菱地所株式会社(DX推進部)_2025/10","商品マスタが未設定","Month=2025/10, Amount=16000","請求明細の商品・名称・金額から商品を確定する"
"Medium","商品不足","ContractLineItem__c","a03RB00001Nswf1YAB","三菱地所株式会社(DX推進部)_2025/11","商品マスタが未設定","Month=2025/11, Amount=16000","請求明細の商品・名称・金額から商品を確定する"
"Medium","商品不足","ContractLineItem__c","a03RB00001Nswf2YAB","三菱地所株式会社(DX推進部)_2025/12","商品マスタが未設定","Month=2025/12, Amount=16000","請求明細の商品・名称・金額から商品を確定する"
"Medium","商品不足","ContractLineItem__c","a03RB00001Nswf3YAB","三菱地所株式会社(DX推進部)_2026/01","商品マスタが未設定","Month=2026/01, Amount=16000","請求明細の商品・名称・金額から商品を確定する"
"Medium","商品不足","ContractLineItem__c","a03RB00001Nswf4YAB","三菱地所株式会社(DX推進部)_2026/02","商品マスタが未設定","Month=2026/02, Amount=16000","請求明細の商品・名称・金額から商品を確定する"
"Medium","商品不足","ContractLineItem__c","a03RB00001Nswf5YAB","三菱地所株式会社(DX推進部)_2026/03","商品マスタが未設定","Month=2026/03, Amount=16000","請求明細の商品・名称・金額から商品を確定する"
"Medium","商品不足","ContractLineItem__c","a03RB00001Nswf6YAB","三菱地所株式会社(DX推進部)_2026/04","商品マスタが未設定","Month=2026/04, Amount=16000","請求明細の商品・名称・金額から商品を確定する"
"Medium","商品不足","ContractLineItem__c","a03RB00001Nswf7YAB","三菱地所株式会社(DX推進部)_2026/05","商品マスタが未設定","Month=2026/05, Amount=16000","請求明細の商品・名称・金額から商品を確定する"
"Medium","商品不足","ContractLineItem__c","a03RB00001RIRF8YAP","三菱地所株式会社(DX推進部)_2026/06","商品マスタが未設定","Month=2026/06, Amount=16000","請求明細の商品・名称・金額から商品を確定する"
"Medium","商品不足","ContractLineItem__c","a03RB00001RcABnYAN","三菱地所株式会社(DX推進部)_2026/07","商品マスタが未設定","Month=2026/07, Amount=16000","請求明細の商品・名称・金額から商品を確定する"
"Medium","商品不足","ContractLineItem__c","a03RB00001STmHDYA1","三菱地所株式会社(DX推進部)_2026/08","商品マスタが未設定","Month=2026/08, Amount=16000","請求明細の商品・名称・金額から商品を確定する"
"Medium","商品不足","ContractLineItem__c","a03RB00001Nswk9YAB","若築建設株式会社_2026/05","商品マスタが未設定","Month=2026/05, Amount=8000","請求明細の商品・名称・金額から商品を確定する"
"Medium","商品不足","ContractLineItem__c","a03RB00001NswkAYAR","若築建設株式会社_2026/06","商品マスタが未設定","Month=2026/06, Amount=8000","請求明細の商品・名称・金額から商品を確定する"
"Medium","商品不足","ContractLineItem__c","a03RB00001NswkBYAR","若築建設株式会社_2026/07","商品マスタが未設定","Month=2026/07, Amount=8000","請求明細の商品・名称・金額から商品を確定する"
"Medium","商品不足","ContractLineItem__c","a03RB00001NswkCYAR","若築建設株式会社_2026/08","商品マスタが未設定","Month=2026/08, Amount=8000","請求明細の商品・名称・金額から商品を確定する"
"Medium","商品不足","ContractLineItem__c","a03RB00001NswkDYAR","若築建設株式会社_2026/09","商品マスタが未設定","Month=2026/09, Amount=8000","請求明細の商品・名称・金額から商品を確定する"
"Medium","商品不足","ContractLineItem__c","a03RB00001NswkEYAR","若築建設株式会社_2026/10","商品マスタが未設定","Month=2026/10, Amount=8000","請求明細の商品・名称・金額から商品を確定する"
"Medium","商品不足","ContractLineItem__c","a03RB00001NswkFYAR","若築建設株式会社_2026/11","商品マスタが未設定","Month=2026/11, Amount=8000","請求明細の商品・名称・金額から商品を確定する"
"Medium","商品不足","ContractLineItem__c","a03RB00001NswkGYAR","若築建設株式会社_2026/12","商品マスタが未設定","Month=2026/12, Amount=8000","請求明細の商品・名称・金額から商品を確定する"
"Medium","商品不足","ContractLineItem__c","a03RB00001NswkHYAR","若築建設株式会社_2027/01","商品マスタが未設定","Month=2027/01, Amount=8000","請求明細の商品・名称・金額から商品を確定する"
"Medium","商品不足","ContractLineItem__c","a03RB00001NswkIYAR","若築建設株式会社_2027/02","商品マスタが未設定","Month=2027/02, Amount=8000","請求明細の商品・名称・金額から商品を確定する"
"Medium","商品不足","ContractLineItem__c","a03RB00001NswkJYAR","若築建設株式会社_2027/03","商品マスタが未設定","Month=2027/03, Amount=8000","請求明細の商品・名称・金額から商品を確定する"
"Medium","商品不足","ContractLineItem__c","a03RB00001NswkKYAR","若築建設株式会社_2027/04","商品マスタが未設定","Month=2027/04, Amount=8000","請求明細の商品・名称・金額から商品を確定する"
"Medium","商品不足","ContractLineItem__c","a03RB00001Nswr2YAB","松栄不動産株式会社_2025/06","商品マスタが未設定","Month=2025/06, Amount=11000","請求明細の商品・名称・金額から商品を確定する"
"Medium","商品不足","ContractLineItem__c","a03RB00001Nswr3YAB","松栄不動産株式会社_2025/07","商品マスタが未設定","Month=2025/07, Amount=11000","請求明細の商品・名称・金額から商品を確定する"
"Medium","商品不足","ContractLineItem__c","a03RB00001Nswr4YAB","松栄不動産株式会社_2025/08","商品マスタが未設定","Month=2025/08, Amount=11000","請求明細の商品・名称・金額から商品を確定する"
"Medium","商品不足","ContractLineItem__c","a03RB00001Nswr5YAB","松栄不動産株式会社_2025/09","商品マスタが未設定","Month=2025/09, Amount=11000","請求明細の商品・名称・金額から商品を確定する"
"Medium","商品不足","ContractLineItem__c","a03RB00001Nswr6YAB","松栄不動産株式会社_2025/10","商品マスタが未設定","Month=2025/10, Amount=11000","請求明細の商品・名称・金額から商品を確定する"
"Medium","商品不足","ContractLineItem__c","a03RB00001Nswr7YAB","松栄不動産株式会社_2025/11","商品マスタが未設定","Month=2025/11, Amount=11000","請求明細の商品・名称・金額から商品を確定する"
"Medium","商品不足","ContractLineItem__c","a03RB00001Nswr8YAB","松栄不動産株式会社_2025/12","商品マスタが未設定","Month=2025/12, Amount=11000","請求明細の商品・名称・金額から商品を確定する"
"Medium","商品不足","ContractLineItem__c","a03RB00001Nswr9YAB","松栄不動産株式会社_2026/01","商品マスタが未設定","Month=2026/01, Amount=11000","請求明細の商品・名称・金額から商品を確定する"
"Medium","商品不足","ContractLineItem__c","a03RB00001NswrAYAR","松栄不動産株式会社_2026/02","商品マスタが未設定","Month=2026/02, Amount=11000","請求明細の商品・名称・金額から商品を確定する"
"Medium","商品不足","ContractLineItem__c","a03RB00001NswrBYAR","松栄不動産株式会社_2026/03","商品マスタが未設定","Month=2026/03, Amount=11000","請求明細の商品・名称・金額から商品を確定する"
"Medium","商品不足","ContractLineItem__c","a03RB00001NswrCYAR","松栄不動産株式会社_2026/04","商品マスタが未設定","Month=2026/04, Amount=11000","請求明細の商品・名称・金額から商品を確定する"
"Medium","商品不足","ContractLineItem__c","a03RB00001NswrDYAR","松栄不動産株式会社_2026/05","商品マスタが未設定","Month=2026/05, Amount=11000","請求明細の商品・名称・金額から商品を確定する"
"Medium","商品不足","ContractLineItem__c","a03RB00001NswgSYAR","生和コーポレーション株式会社_2025/11","商品マスタが未設定","Month=2025/11, Amount=52800","請求明細の商品・名称・金額から商品を確定する"
"Medium","商品不足","ContractLineItem__c","a03RB00001NswgTYAR","生和コーポレーション株式会社_2025/12","商品マスタが未設定","Month=2025/12, Amount=","請求明細の商品・名称・金額から商品を確定する"
"Medium","商品不足","ContractLineItem__c","a03RB00001NswgUYAR","生和コーポレーション株式会社_2026/01","商品マスタが未設定","Month=2026/01, Amount=","請求明細の商品・名称・金額から商品を確定する"
"Medium","商品不足","ContractLineItem__c","a03RB00001NswgVYAR","生和コーポレーション株式会社_2026/02","商品マスタが未設定","Month=2026/02, Amount=","請求明細の商品・名称・金額から商品を確定する"
"Medium","商品不足","ContractLineItem__c","a03RB00001NswgWYAR","生和コーポレーション株式会社_2026/03","商品マスタが未設定","Month=2026/03, Amount=","請求明細の商品・名称・金額から商品を確定する"
"Medium","商品不足","ContractLineItem__c","a03RB00001NswgXYAR","生和コーポレーション株式会社_2026/04","商品マスタが未設定","Month=2026/04, Amount=8000","請求明細の商品・名称・金額から商品を確定する"
"Medium","商品不足","ContractLineItem__c","a03RB00001RIRF9YAP","生和コーポレーション株式会社_2026/06","商品マスタが未設定","Month=2026/06, Amount=8000","請求明細の商品・名称・金額から商品を確定する"
"Medium","商品不足","ContractLineItem__c","a03RB00001RcABoYAN","生和コーポレーション株式会社_2026/07","商品マスタが未設定","Month=2026/07, Amount=8000","請求明細の商品・名称・金額から商品を確定する"
"Medium","商品不足","ContractLineItem__c","a03RB00001STmHEYA1","生和コーポレーション株式会社_2026/08","商品マスタが未設定","Month=2026/08, Amount=8000","請求明細の商品・名称・金額から商品を確定する"
"Medium","商品不足","ContractLineItem__c","a03RB00001NswkLYAR","西日本旅客鉄道株式会社 ビジネスデザイン部 JCLaaS事業部_2026/05","商品マスタが未設定","Month=2026/05, Amount=8000","請求明細の商品・名称・金額から商品を確定する"
"Medium","商品不足","ContractLineItem__c","a03RB00001RIRFHYA5","西日本旅客鉄道株式会社 ビジネスデザイン部　JCLaaS事業部_2026/06","商品マスタが未設定","Month=2026/06, Amount=8000","請求明細の商品・名称・金額から商品を確定する"
"Medium","商品不足","ContractLineItem__c","a03RB00001RcACHYA3","西日本旅客鉄道株式会社 ビジネスデザイン部　JCLaaS事業部_2026/07","商品マスタが未設定","Month=2026/07, Amount=8000","請求明細の商品・名称・金額から商品を確定する"
"Medium","商品不足","ContractLineItem__c","a03RB00001STmHcYAL","西日本旅客鉄道株式会社 ビジネスデザイン部　JCLaaS事業部_2026/08","商品マスタが未設定","Month=2026/08, Amount=8000","請求明細の商品・名称・金額から商品を確定する"
"Medium","商品不足","ContractLineItem__c","a03RB00001NswgYYAR","西日本旅客鉄道株式会社 金沢支社 金沢建築区_2025/11","商品マスタが未設定","Month=2025/11, Amount=5000","請求明細の商品・名称・金額から商品を確定する"
"Medium","商品不足","ContractLineItem__c","a03RB00001NswgZYAR","西日本旅客鉄道株式会社 金沢支社 金沢建築区_2025/12","商品マスタが未設定","Month=2025/12, Amount=5000","請求明細の商品・名称・金額から商品を確定する"
"Medium","商品不足","ContractLineItem__c","a03RB00001NswgaYAB","西日本旅客鉄道株式会社 金沢支社 金沢建築区_2026/01","商品マスタが未設定","Month=2026/01, Amount=5000","請求明細の商品・名称・金額から商品を確定する"
"Medium","商品不足","ContractLineItem__c","a03RB00001NswgbYAB","西日本旅客鉄道株式会社 金沢支社 金沢建築区_2026/02","商品マスタが未設定","Month=2026/02, Amount=5000","請求明細の商品・名称・金額から商品を確定する"
"Medium","商品不足","ContractLineItem__c","a03RB00001NswgcYAB","西日本旅客鉄道株式会社 金沢支社 金沢建築区_2026/03","商品マスタが未設定","Month=2026/03, Amount=5000","請求明細の商品・名称・金額から商品を確定する"
"Medium","商品不足","ContractLineItem__c","a03RB00001NswpwYAB","西和不動産株式会社 イエしが 草津店_2025/04","商品マスタが未設定","Month=2025/04, Amount=11000","請求明細の商品・名称・金額から商品を確定する"
"Medium","商品不足","ContractLineItem__c","a03RB00001NswpxYAB","西和不動産株式会社 イエしが 草津店_2025/05","商品マスタが未設定","Month=2025/05, Amount=11000","請求明細の商品・名称・金額から商品を確定する"
"Medium","商品不足","ContractLineItem__c","a03RB00001NswpyYAB","西和不動産株式会社 イエしが 草津店_2025/06","商品マスタが未設定","Month=2025/06, Amount=11000","請求明細の商品・名称・金額から商品を確定する"
"Medium","商品不足","ContractLineItem__c","a03RB00001NswpzYAB","西和不動産株式会社 イエしが 大津店_2025/03","商品マスタが未設定","Month=2025/03, Amount=","請求明細の商品・名称・金額から商品を確定する"
"Medium","商品不足","ContractLineItem__c","a03RB00001Nswq0YAB","西和不動産株式会社 イエしが 大津店_2025/04","商品マスタが未設定","Month=2025/04, Amount=11000","請求明細の商品・名称・金額から商品を確定する"
"Medium","商品不足","ContractLineItem__c","a03RB00001Nswq1YAB","西和不動産株式会社 イエしが 大津店_2025/05","商品マスタが未設定","Month=2025/05, Amount=11000","請求明細の商品・名称・金額から商品を確定する"
"Medium","商品不足","ContractLineItem__c","a03RB00001NswWJYAZ","前田工務店_2024/10","商品マスタが未設定","Month=2024/10, Amount=55000","請求明細の商品・名称・金額から商品を確定する"
"Medium","商品不足","ContractLineItem__c","a03RB00001NswWKYAZ","前田工務店_2024/11","商品マスタが未設定","Month=2024/11, Amount=55000","請求明細の商品・名称・金額から商品を確定する"
"Medium","商品不足","ContractLineItem__c","a03RB00001NswWLYAZ","前田工務店_2024/12","商品マスタが未設定","Month=2024/12, Amount=55000","請求明細の商品・名称・金額から商品を確定する"
"Medium","商品不足","ContractLineItem__c","a03RB00001NswWMYAZ","前田工務店_2025/01","商品マスタが未設定","Month=2025/01, Amount=55000","請求明細の商品・名称・金額から商品を確定する"
"Medium","商品不足","ContractLineItem__c","a03RB00001NswWNYAZ","前田工務店_2025/02","商品マスタが未設定","Month=2025/02, Amount=55000","請求明細の商品・名称・金額から商品を確定する"
"Medium","商品不足","ContractLineItem__c","a03RB00001NswWOYAZ","前田工務店_2025/03","商品マスタが未設定","Month=2025/03, Amount=55000","請求明細の商品・名称・金額から商品を確定する"
"Medium","商品不足","ContractLineItem__c","a03RB00001NswWPYAZ","前田工務店_2025/04","商品マスタが未設定","Month=2025/04, Amount=55000","請求明細の商品・名称・金額から商品を確定する"
"Medium","商品不足","ContractLineItem__c","a03RB00001NswWQYAZ","前田工務店_2025/05","商品マスタが未設定","Month=2025/05, Amount=55000","請求明細の商品・名称・金額から商品を確定する"
"Medium","商品不足","ContractLineItem__c","a03RB00001NswWRYAZ","前田工務店_2025/06","商品マスタが未設定","Month=2025/06, Amount=55000","請求明細の商品・名称・金額から商品を確定する"
"Medium","商品不足","ContractLineItem__c","a03RB00001NswWSYAZ","前田工務店_2025/07","商品マスタが未設定","Month=2025/07, Amount=55000","請求明細の商品・名称・金額から商品を確定する"
"Medium","商品不足","ContractLineItem__c","a03RB00001NswWTYAZ","前田工務店_2025/08","商品マスタが未設定","Month=2025/08, Amount=55000","請求明細の商品・名称・金額から商品を確定する"
"Medium","商品不足","ContractLineItem__c","a03RB00001NswWUYAZ","前田工務店_2025/09","商品マスタが未設定","Month=2025/09, Amount=55000","請求明細の商品・名称・金額から商品を確定する"
"Medium","商品不足","ContractLineItem__c","a03RB00001NswWVYAZ","前田工務店_2025/10","商品マスタが未設定","Month=2025/10, Amount=55000","請求明細の商品・名称・金額から商品を確定する"
"Medium","商品不足","ContractLineItem__c","a03RB00001NswWWYAZ","前田工務店_2025/11","商品マスタが未設定","Month=2025/11, Amount=55000","請求明細の商品・名称・金額から商品を確定する"
"Medium","商品不足","ContractLineItem__c","a03RB00001NswWXYAZ","前田工務店_2025/12","商品マスタが未設定","Month=2025/12, Amount=55000","請求明細の商品・名称・金額から商品を確定する"
"Medium","商品不足","ContractLineItem__c","a03RB00001NswWYYAZ","前田工務店_2026/01","商品マスタが未設定","Month=2026/01, Amount=55000","請求明細の商品・名称・金額から商品を確定する"
"Medium","商品不足","ContractLineItem__c","a03RB00001NswWZYAZ","前田工務店_2026/02","商品マスタが未設定","Month=2026/02, Amount=8000","請求明細の商品・名称・金額から商品を確定する"
"Medium","商品不足","ContractLineItem__c","a03RB00001NswWaYAJ","前田工務店_2026/03","商品マスタが未設定","Month=2026/03, Amount=8000","請求明細の商品・名称・金額から商品を確定する"
"Medium","商品不足","ContractLineItem__c","a03RB00001NswWbYAJ","前田工務店_2026/04","商品マスタが未設定","Month=2026/04, Amount=8000","請求明細の商品・名称・金額から商品を確定する"
"Medium","商品不足","ContractLineItem__c","a03RB00001RIREfYAP","前田工務店_2026/06","商品マスタが未設定","Month=2026/06, Amount=8000","請求明細の商品・名称・金額から商品を確定する"
"Medium","商品不足","ContractLineItem__c","a03RB00001RcABFYA3","前田工務店_2026/07","商品マスタが未設定","Month=2026/07, Amount=8000","請求明細の商品・名称・金額から商品を確定する"
"Medium","商品不足","ContractLineItem__c","a03RB00001STmGsYAL","前田工務店_2026/08","商品マスタが未設定","Month=2026/08, Amount=8000","請求明細の商品・名称・金額から商品を確定する"
"Medium","商品不足","ContractLineItem__c","a03RB00001Nswc2YAB","大塚商会(株式会社長谷建築設計事務所様)_2025/04","商品マスタが未設定","Month=2025/04, Amount=6400","請求明細の商品・名称・金額から商品を確定する"
"Medium","商品不足","ContractLineItem__c","a03RB00001Nswc3YAB","大塚商会(株式会社長谷建築設計事務所様)_2025/05","商品マスタが未設定","Month=2025/05, Amount=6400","請求明細の商品・名称・金額から商品を確定する"
"Medium","商品不足","ContractLineItem__c","a03RB00001Nswc4YAB","大塚商会(株式会社長谷建築設計事務所様)_2026/04","商品マスタが未設定","Month=2026/04, Amount=6400","請求明細の商品・名称・金額から商品を確定する"
"Medium","商品不足","ContractLineItem__c","a03RB00001NswgtYAB","大東建託株式会社 商品開発部_2026/01","商品マスタが未設定","Month=2026/01, Amount=24000","請求明細の商品・名称・金額から商品を確定する"
"Medium","商品不足","ContractLineItem__c","a03RB00001NswguYAB","大東建託株式会社 商品開発部_2026/02","商品マスタが未設定","Month=2026/02, Amount=24000","請求明細の商品・名称・金額から商品を確定する"
"Medium","商品不足","ContractLineItem__c","a03RB00001NswgvYAB","大東建託株式会社 商品開発部_2026/03","商品マスタが未設定","Month=2026/03, Amount=24000","請求明細の商品・名称・金額から商品を確定する"
"Medium","商品不足","ContractLineItem__c","a03RB00001NswgwYAB","大東建託株式会社 商品開発部_2026/04","商品マスタが未設定","Month=2026/04, Amount=24000","請求明細の商品・名称・金額から商品を確定する"
"Medium","商品不足","ContractLineItem__c","a03RB00001NswgxYAB","大東建託株式会社 商品開発部_2026/05","商品マスタが未設定","Month=2026/05, Amount=24000","請求明細の商品・名称・金額から商品を確定する"
"Medium","商品不足","ContractLineItem__c","a03RB00001NswgyYAB","大東建託株式会社 商品開発部_2026/06","商品マスタが未設定","Month=2026/06, Amount=24000","請求明細の商品・名称・金額から商品を確定する"
"Medium","商品不足","ContractLineItem__c","a03RB00001NswgzYAB","大東建託株式会社 商品開発部_2026/07","商品マスタが未設定","Month=2026/07, Amount=24000","請求明細の商品・名称・金額から商品を確定する"
"Medium","商品不足","ContractLineItem__c","a03RB00001Nswh0YAB","大東建託株式会社 商品開発部_2026/08","商品マスタが未設定","Month=2026/08, Amount=24000","請求明細の商品・名称・金額から商品を確定する"
"Medium","商品不足","ContractLineItem__c","a03RB00001Nswh1YAB","大東建託株式会社 商品開発部_2026/09","商品マスタが未設定","Month=2026/09, Amount=24000","請求明細の商品・名称・金額から商品を確定する"
"Medium","商品不足","ContractLineItem__c","a03RB00001Nswh2YAB","大東建託株式会社 商品開発部_2026/10","商品マスタが未設定","Month=2026/10, Amount=24000","請求明細の商品・名称・金額から商品を確定する"
"Medium","商品不足","ContractLineItem__c","a03RB00001Nswh3YAB","大東建託株式会社 商品開発部_2026/11","商品マスタが未設定","Month=2026/11, Amount=24000","請求明細の商品・名称・金額から商品を確定する"
"Medium","商品不足","ContractLineItem__c","a03RB00001Nswh4YAB","大東建託株式会社 商品開発部_2026/12","商品マスタが未設定","Month=2026/12, Amount=24000","請求明細の商品・名称・金額から商品を確定する"
"Medium","商品不足","ContractLineItem__c","a03RB00001NswikYAB","大東建託株式会社 流通設計部_2026/02","商品マスタが未設定","Month=2026/02, Amount=15000","請求明細の商品・名称・金額から商品を確定する"
"Medium","商品不足","ContractLineItem__c","a03RB00001NsweNYAR","大東建託株式会社_2025/08","商品マスタが未設定","Month=2025/08, Amount=132000","請求明細の商品・名称・金額から商品を確定する"
"Medium","商品不足","ContractLineItem__c","a03RB00001NsweOYAR","大東建託株式会社_2025/09","商品マスタが未設定","Month=2025/09, Amount=132000","請求明細の商品・名称・金額から商品を確定する"
"Medium","商品不足","ContractLineItem__c","a03RB00001NswePYAR","大東建託株式会社_2025/10","商品マスタが未設定","Month=2025/10, Amount=132000","請求明細の商品・名称・金額から商品を確定する"
"Medium","商品不足","ContractLineItem__c","a03RB00001NsweQYAR","大東建託株式会社_2025/11","商品マスタが未設定","Month=2025/11, Amount=132000","請求明細の商品・名称・金額から商品を確定する"
"Medium","商品不足","ContractLineItem__c","a03RB00001NswqXYAR","中尾建設工業株式会社(ナカオホーム)_2025/04","商品マスタが未設定","Month=2025/04, Amount=11000","請求明細の商品・名称・金額から商品を確定する"
"Medium","商品不足","ContractLineItem__c","a03RB00001NswqYYAR","中尾建設工業株式会社(ナカオホーム)_2025/05","商品マスタが未設定","Month=2025/05, Amount=11000","請求明細の商品・名称・金額から商品を確定する"
"Medium","商品不足","ContractLineItem__c","a03RB00001NswqZYAR","中尾建設工業株式会社(ナカオホーム)_2025/06","商品マスタが未設定","Month=2025/06, Amount=11000","請求明細の商品・名称・金額から商品を確定する"
"Medium","商品不足","ContractLineItem__c","a03RB00001NswqaYAB","中尾建設工業株式会社(ナカオホーム)_2025/10","商品マスタが未設定","Month=2025/10, Amount=11000","請求明細の商品・名称・金額から商品を確定する"
"Medium","商品不足","ContractLineItem__c","a03RB00001NswXUYAZ","東急リゾーツ＆ステイ_2024/11","商品マスタが未設定","Month=2024/11, Amount=99000","請求明細の商品・名称・金額から商品を確定する"
"Medium","商品不足","ContractLineItem__c","a03RB00001NswXVYAZ","東急リゾーツ＆ステイ_2024/12","商品マスタが未設定","Month=2024/12, Amount=99000","請求明細の商品・名称・金額から商品を確定する"
"Medium","商品不足","ContractLineItem__c","a03RB00001NswXWYAZ","東急リゾーツ＆ステイ_2025/01","商品マスタが未設定","Month=2025/01, Amount=99000","請求明細の商品・名称・金額から商品を確定する"
"Medium","商品不足","ContractLineItem__c","a03RB00001NswXXYAZ","東急リゾーツ＆ステイ_2025/02","商品マスタが未設定","Month=2025/02, Amount=99000","請求明細の商品・名称・金額から商品を確定する"
"Medium","商品不足","ContractLineItem__c","a03RB00001NswXYYAZ","東急リゾーツ＆ステイ_2025/03","商品マスタが未設定","Month=2025/03, Amount=99000","請求明細の商品・名称・金額から商品を確定する"
"Medium","商品不足","ContractLineItem__c","a03RB00001NswXZYAZ","東急リゾーツ＆ステイ_2025/04","商品マスタが未設定","Month=2025/04, Amount=99000","請求明細の商品・名称・金額から商品を確定する"
"Medium","商品不足","ContractLineItem__c","a03RB00001NswXaYAJ","東急リゾーツ＆ステイ_2025/05","商品マスタが未設定","Month=2025/05, Amount=99000","請求明細の商品・名称・金額から商品を確定する"
"Medium","商品不足","ContractLineItem__c","a03RB00001NswXbYAJ","東急リゾーツ＆ステイ_2025/06","商品マスタが未設定","Month=2025/06, Amount=99000","請求明細の商品・名称・金額から商品を確定する"
"Medium","商品不足","ContractLineItem__c","a03RB00001NswXcYAJ","東急リゾーツ＆ステイ_2025/07","商品マスタが未設定","Month=2025/07, Amount=99000","請求明細の商品・名称・金額から商品を確定する"
"Medium","商品不足","ContractLineItem__c","a03RB00001NswXdYAJ","東急リゾーツ＆ステイ_2025/08","商品マスタが未設定","Month=2025/08, Amount=99000","請求明細の商品・名称・金額から商品を確定する"
"Medium","商品不足","ContractLineItem__c","a03RB00001NswXeYAJ","東急リゾーツ＆ステイ_2025/09","商品マスタが未設定","Month=2025/09, Amount=99000","請求明細の商品・名称・金額から商品を確定する"
"Medium","商品不足","ContractLineItem__c","a03RB00001NswXfYAJ","東急リゾーツ＆ステイ_2025/10","商品マスタが未設定","Month=2025/10, Amount=99000","請求明細の商品・名称・金額から商品を確定する"
"Medium","商品不足","ContractLineItem__c","a03RB00001NswXgYAJ","東急リゾーツ＆ステイ_2025/11","商品マスタが未設定","Month=2025/11, Amount=99000","請求明細の商品・名称・金額から商品を確定する"
"Medium","商品不足","ContractLineItem__c","a03RB00001NswXhYAJ","東急リゾーツ＆ステイ_2025/12","商品マスタが未設定","Month=2025/12, Amount=99000","請求明細の商品・名称・金額から商品を確定する"
"Medium","商品不足","ContractLineItem__c","a03RB00001NswXiYAJ","東急リゾーツ＆ステイ_2026/01","商品マスタが未設定","Month=2026/01, Amount=99000","請求明細の商品・名称・金額から商品を確定する"
"Medium","商品不足","ContractLineItem__c","a03RB00001NswXjYAJ","東急リゾーツ＆ステイ_2026/02","商品マスタが未設定","Month=2026/02, Amount=99000","請求明細の商品・名称・金額から商品を確定する"
"Medium","商品不足","ContractLineItem__c","a03RB00001NswXkYAJ","東急リゾーツ＆ステイ_2026/03","商品マスタが未設定","Month=2026/03, Amount=99000","請求明細の商品・名称・金額から商品を確定する"
"Medium","商品不足","ContractLineItem__c","a03RB00001NswXlYAJ","東急リゾーツ＆ステイ_2026/04","商品マスタが未設定","Month=2026/04, Amount=99000","請求明細の商品・名称・金額から商品を確定する"
"Medium","商品不足","ContractLineItem__c","a03RB00001NswXmYAJ","東急リゾーツ＆ステイ_2026/05","商品マスタが未設定","Month=2026/05, Amount=99000","請求明細の商品・名称・金額から商品を確定する"
"Medium","商品不足","ContractLineItem__c","a03RB00001NswXnYAJ","東急リゾーツ＆ステイ_2026/06","商品マスタが未設定","Month=2026/06, Amount=44000","請求明細の商品・名称・金額から商品を確定する"
"Medium","商品不足","ContractLineItem__c","a03RB00001RcABIYA3","東急リゾーツ＆ステイ_2026/07","商品マスタが未設定","Month=2026/07, Amount=44000","請求明細の商品・名称・金額から商品を確定する"
"Medium","商品不足","ContractLineItem__c","a03RB00001STmGvYAL","東急リゾーツ＆ステイ_2026/08","商品マスタが未設定","Month=2026/08, Amount=44000","請求明細の商品・名称・金額から商品を確定する"
"Medium","商品不足","ContractLineItem__c","a03RB00001NswV9YAJ","東急株式会社_2024/10","商品マスタが未設定","Month=2024/10, Amount=11000","請求明細の商品・名称・金額から商品を確定する"
"Medium","商品不足","ContractLineItem__c","a03RB00001NswVAYAZ","東急株式会社_2024/11","商品マスタが未設定","Month=2024/11, Amount=11000","請求明細の商品・名称・金額から商品を確定する"
"Medium","商品不足","ContractLineItem__c","a03RB00001NswVBYAZ","東急株式会社_2024/12","商品マスタが未設定","Month=2024/12, Amount=11000","請求明細の商品・名称・金額から商品を確定する"
"Medium","商品不足","ContractLineItem__c","a03RB00001NswVCYAZ","東急株式会社_2025/01","商品マスタが未設定","Month=2025/01, Amount=11000","請求明細の商品・名称・金額から商品を確定する"
"Medium","商品不足","ContractLineItem__c","a03RB00001NswVDYAZ","東急株式会社_2025/02","商品マスタが未設定","Month=2025/02, Amount=11000","請求明細の商品・名称・金額から商品を確定する"
"Medium","商品不足","ContractLineItem__c","a03RB00001NswVEYAZ","東急株式会社_2025/03","商品マスタが未設定","Month=2025/03, Amount=11000","請求明細の商品・名称・金額から商品を確定する"
"Medium","商品不足","ContractLineItem__c","a03RB00001NswVFYAZ","東急株式会社_2025/04","商品マスタが未設定","Month=2025/04, Amount=11000","請求明細の商品・名称・金額から商品を確定する"
"Medium","商品不足","ContractLineItem__c","a03RB00001NswVGYAZ","東急株式会社_2025/05","商品マスタが未設定","Month=2025/05, Amount=11000","請求明細の商品・名称・金額から商品を確定する"
"Medium","商品不足","ContractLineItem__c","a03RB00001NswVHYAZ","東急株式会社_2025/06","商品マスタが未設定","Month=2025/06, Amount=11000","請求明細の商品・名称・金額から商品を確定する"
"Medium","商品不足","ContractLineItem__c","a03RB00001NswVIYAZ","東急株式会社_2025/07","商品マスタが未設定","Month=2025/07, Amount=11000","請求明細の商品・名称・金額から商品を確定する"
"Medium","商品不足","ContractLineItem__c","a03RB00001NswVJYAZ","東急株式会社_2025/08","商品マスタが未設定","Month=2025/08, Amount=11000","請求明細の商品・名称・金額から商品を確定する"
"Medium","商品不足","ContractLineItem__c","a03RB00001NswVKYAZ","東急株式会社_2025/09","商品マスタが未設定","Month=2025/09, Amount=11000","請求明細の商品・名称・金額から商品を確定する"
"Medium","商品不足","ContractLineItem__c","a03RB00001NswVLYAZ","東急株式会社_2025/10","商品マスタが未設定","Month=2025/10, Amount=11000","請求明細の商品・名称・金額から商品を確定する"
"Medium","商品不足","ContractLineItem__c","a03RB00001NswVMYAZ","東急株式会社_2025/11","商品マスタが未設定","Month=2025/11, Amount=11000","請求明細の商品・名称・金額から商品を確定する"
"Medium","商品不足","ContractLineItem__c","a03RB00001NswVNYAZ","東急株式会社_2025/12","商品マスタが未設定","Month=2025/12, Amount=11000","請求明細の商品・名称・金額から商品を確定する"
"Medium","商品不足","ContractLineItem__c","a03RB00001NswVOYAZ","東急株式会社_2026/01","商品マスタが未設定","Month=2026/01, Amount=11000","請求明細の商品・名称・金額から商品を確定する"
"Medium","商品不足","ContractLineItem__c","a03RB00001NswVPYAZ","東急株式会社_2026/02","商品マスタが未設定","Month=2026/02, Amount=11000","請求明細の商品・名称・金額から商品を確定する"
"Medium","商品不足","ContractLineItem__c","a03RB00001NswVQYAZ","東急株式会社_2026/03","商品マスタが未設定","Month=2026/03, Amount=11000","請求明細の商品・名称・金額から商品を確定する"
"Medium","商品不足","ContractLineItem__c","a03RB00001NswVRYAZ","東急株式会社_2026/04","商品マスタが未設定","Month=2026/04, Amount=11000","請求明細の商品・名称・金額から商品を確定する"
"Medium","商品不足","ContractLineItem__c","a03RB00001NswVSYAZ","東急株式会社_2026/05","商品マスタが未設定","Month=2026/05, Amount=11000","請求明細の商品・名称・金額から商品を確定する"
"Medium","商品不足","ContractLineItem__c","a03RB00001RIREeYAP","東急株式会社_2026/06","商品マスタが未設定","Month=2026/06, Amount=11000","請求明細の商品・名称・金額から商品を確定する"
"Medium","商品不足","ContractLineItem__c","a03RB00001RcABEYA3","東急株式会社_2026/07","商品マスタが未設定","Month=2026/07, Amount=11000","請求明細の商品・名称・金額から商品を確定する"
"Medium","商品不足","ContractLineItem__c","a03RB00001STmGqYAL","東急株式会社_2026/08","商品マスタが未設定","Month=2026/08, Amount=11000","請求明細の商品・名称・金額から商品を確定する"
"Medium","商品不足","ContractLineItem__c","a03RB00001NswVTYAZ","東急建設 ○独特の請求書式あり_2024/09","商品マスタが未設定","Month=2024/09, Amount=8000","請求明細の商品・名称・金額から商品を確定する"
"Medium","商品不足","ContractLineItem__c","a03RB00001NswVUYAZ","東急建設 ○独特の請求書式あり_2024/10","商品マスタが未設定","Month=2024/10, Amount=8000","請求明細の商品・名称・金額から商品を確定する"
"Medium","商品不足","ContractLineItem__c","a03RB00001NswVVYAZ","東急建設 ○独特の請求書式あり_2024/11","商品マスタが未設定","Month=2024/11, Amount=8000","請求明細の商品・名称・金額から商品を確定する"
"Medium","商品不足","ContractLineItem__c","a03RB00001NswVWYAZ","東急建設 ○独特の請求書式あり_2024/12","商品マスタが未設定","Month=2024/12, Amount=8000","請求明細の商品・名称・金額から商品を確定する"
"Medium","商品不足","ContractLineItem__c","a03RB00001NswVXYAZ","東急建設 ○独特の請求書式あり_2025/01","商品マスタが未設定","Month=2025/01, Amount=8000","請求明細の商品・名称・金額から商品を確定する"
"Medium","商品不足","ContractLineItem__c","a03RB00001NswVYYAZ","東急建設 ○独特の請求書式あり_2025/02","商品マスタが未設定","Month=2025/02, Amount=8000","請求明細の商品・名称・金額から商品を確定する"
"Medium","商品不足","ContractLineItem__c","a03RB00001NswVZYAZ","東急建設 ○独特の請求書式あり_2025/03","商品マスタが未設定","Month=2025/03, Amount=8000","請求明細の商品・名称・金額から商品を確定する"
"Medium","商品不足","ContractLineItem__c","a03RB00001NswVaYAJ","東急建設 ○独特の請求書式あり_2025/04","商品マスタが未設定","Month=2025/04, Amount=8000","請求明細の商品・名称・金額から商品を確定する"
"Medium","商品不足","ContractLineItem__c","a03RB00001NswVbYAJ","東急建設 ○独特の請求書式あり_2025/07","商品マスタが未設定","Month=2025/07, Amount=8000","請求明細の商品・名称・金額から商品を確定する"
"Medium","商品不足","ContractLineItem__c","a03RB00001NswVcYAJ","東急建設 ○独特の請求書式あり_2025/08","商品マスタが未設定","Month=2025/08, Amount=72000","請求明細の商品・名称・金額から商品を確定する"
"Medium","商品不足","ContractLineItem__c","a03RB00001NswVdYAJ","東急建設 ○独特の請求書式あり_2025/09","商品マスタが未設定","Month=2025/09, Amount=","請求明細の商品・名称・金額から商品を確定する"
"Medium","商品不足","ContractLineItem__c","a03RB00001NswVeYAJ","東急建設 ○独特の請求書式あり_2025/10","商品マスタが未設定","Month=2025/10, Amount=","請求明細の商品・名称・金額から商品を確定する"
"Medium","商品不足","ContractLineItem__c","a03RB00001NswVfYAJ","東急建設 ○独特の請求書式あり_2025/11","商品マスタが未設定","Month=2025/11, Amount=","請求明細の商品・名称・金額から商品を確定する"
"Medium","商品不足","ContractLineItem__c","a03RB00001NswVgYAJ","東急建設 ○独特の請求書式あり_2025/12","商品マスタが未設定","Month=2025/12, Amount=","請求明細の商品・名称・金額から商品を確定する"
"Medium","商品不足","ContractLineItem__c","a03RB00001NswVhYAJ","東急建設 ○独特の請求書式あり_2026/01","商品マスタが未設定","Month=2026/01, Amount=","請求明細の商品・名称・金額から商品を確定する"
"Medium","商品不足","ContractLineItem__c","a03RB00001NswViYAJ","東急建設 ○独特の請求書式あり_2026/02","商品マスタが未設定","Month=2026/02, Amount=","請求明細の商品・名称・金額から商品を確定する"
"Medium","商品不足","ContractLineItem__c","a03RB00001NswVjYAJ","東急建設 ○独特の請求書式あり_2026/03","商品マスタが未設定","Month=2026/03, Amount=","請求明細の商品・名称・金額から商品を確定する"
"Medium","商品不足","ContractLineItem__c","a03RB00001NswVkYAJ","東急建設 ○独特の請求書式あり_2026/04","商品マスタが未設定","Month=2026/04, Amount=8000","請求明細の商品・名称・金額から商品を確定する"
"Medium","商品不足","ContractLineItem__c","a03RB00001NswVlYAJ","東急建設 ○独特の請求書式あり_2026/05","商品マスタが未設定","Month=2026/05, Amount=8000","請求明細の商品・名称・金額から商品を確定する"
"Medium","商品不足","ContractLineItem__c","a03RB00001NswVmYAJ","東急建設 ○独特の請求書式あり_2026/06","商品マスタが未設定","Month=2026/06, Amount=8000","請求明細の商品・名称・金額から商品を確定する"
"Medium","商品不足","ContractLineItem__c","a03RB00001NswVnYAJ","東急建設 ○独特の請求書式あり_2026/07","商品マスタが未設定","Month=2026/07, Amount=8000","請求明細の商品・名称・金額から商品を確定する"
"Medium","商品不足","ContractLineItem__c","a03RB00001NswVoYAJ","東急建設 ○独特の請求書式あり_2026/08","商品マスタが未設定","Month=2026/08, Amount=8000","請求明細の商品・名称・金額から商品を確定する"
"Medium","商品不足","ContractLineItem__c","a03RB00001NswVpYAJ","東急建設 ○独特の請求書式あり_2026/09","商品マスタが未設定","Month=2026/09, Amount=8000","請求明細の商品・名称・金額から商品を確定する"
"Medium","商品不足","ContractLineItem__c","a03RB00001NswVqYAJ","東急建設 ○独特の請求書式あり_2026/10","商品マスタが未設定","Month=2026/10, Amount=8000","請求明細の商品・名称・金額から商品を確定する"
"Medium","商品不足","ContractLineItem__c","a03RB00001NswVrYAJ","東急建設 ○独特の請求書式あり_2026/11","商品マスタが未設定","Month=2026/11, Amount=8000","請求明細の商品・名称・金額から商品を確定する"
"Medium","商品不足","ContractLineItem__c","a03RB00001NswVsYAJ","東急建設 ○独特の請求書式あり_2026/12","商品マスタが未設定","Month=2026/12, Amount=8000","請求明細の商品・名称・金額から商品を確定する"
"Medium","商品不足","ContractLineItem__c","a03RB00001NswVtYAJ","東急建設 ○独特の請求書式あり_2027/01","商品マスタが未設定","Month=2027/01, Amount=8000","請求明細の商品・名称・金額から商品を確定する"
"Medium","商品不足","ContractLineItem__c","a03RB00001NswVuYAJ","東急建設 ○独特の請求書式あり_2027/02","商品マスタが未設定","Month=2027/02, Amount=8000","請求明細の商品・名称・金額から商品を確定する"
"Medium","商品不足","ContractLineItem__c","a03RB00001NswVvYAJ","東急建設 ○独特の請求書式あり_2027/03","商品マスタが未設定","Month=2027/03, Amount=8000","請求明細の商品・名称・金額から商品を確定する"
"Medium","商品不足","ContractLineItem__c","a03RB00001NswUfYAJ","東急不動産株式会社_2024/08","商品マスタが未設定","Month=2024/08, Amount=264000","請求明細の商品・名称・金額から商品を確定する"
"Medium","商品不足","ContractLineItem__c","a03RB00001NswUgYAJ","東急不動産株式会社_2024/09","商品マスタが未設定","Month=2024/09, Amount=264000","請求明細の商品・名称・金額から商品を確定する"
"Medium","商品不足","ContractLineItem__c","a03RB00001NswUhYAJ","東急不動産株式会社_2024/10","商品マスタが未設定","Month=2024/10, Amount=264000","請求明細の商品・名称・金額から商品を確定する"
"Medium","商品不足","ContractLineItem__c","a03RB00001NswUiYAJ","東急不動産株式会社_2024/11","商品マスタが未設定","Month=2024/11, Amount=154000","請求明細の商品・名称・金額から商品を確定する"
"Medium","商品不足","ContractLineItem__c","a03RB00001NswUjYAJ","東急不動産株式会社_2024/12","商品マスタが未設定","Month=2024/12, Amount=231000","請求明細の商品・名称・金額から商品を確定する"
"Medium","商品不足","ContractLineItem__c","a03RB00001NswUkYAJ","東急不動産株式会社_2025/01","商品マスタが未設定","Month=2025/01, Amount=231000","請求明細の商品・名称・金額から商品を確定する"
"Medium","商品不足","ContractLineItem__c","a03RB00001NswUlYAJ","東急不動産株式会社_2025/02","商品マスタが未設定","Month=2025/02, Amount=231000","請求明細の商品・名称・金額から商品を確定する"
"Medium","商品不足","ContractLineItem__c","a03RB00001NswUmYAJ","東急不動産株式会社_2025/03","商品マスタが未設定","Month=2025/03, Amount=231000","請求明細の商品・名称・金額から商品を確定する"
"Medium","商品不足","ContractLineItem__c","a03RB00001NswUnYAJ","東急不動産株式会社_2025/04","商品マスタが未設定","Month=2025/04, Amount=209000","請求明細の商品・名称・金額から商品を確定する"
"Medium","商品不足","ContractLineItem__c","a03RB00001NswUoYAJ","東急不動産株式会社_2025/05","商品マスタが未設定","Month=2025/05, Amount=176000","請求明細の商品・名称・金額から商品を確定する"
"Medium","商品不足","ContractLineItem__c","a03RB00001NswUpYAJ","東急不動産株式会社_2025/06","商品マスタが未設定","Month=2025/06, Amount=176000","請求明細の商品・名称・金額から商品を確定する"
"Medium","商品不足","ContractLineItem__c","a03RB00001NswUqYAJ","東急不動産株式会社_2025/07","商品マスタが未設定","Month=2025/07, Amount=176000","請求明細の商品・名称・金額から商品を確定する"
"Medium","商品不足","ContractLineItem__c","a03RB00001NswUrYAJ","東急不動産株式会社_2025/08","商品マスタが未設定","Month=2025/08, Amount=187000","請求明細の商品・名称・金額から商品を確定する"
"Medium","商品不足","ContractLineItem__c","a03RB00001NswUsYAJ","東急不動産株式会社_2025/09","商品マスタが未設定","Month=2025/09, Amount=187000","請求明細の商品・名称・金額から商品を確定する"
"Medium","商品不足","ContractLineItem__c","a03RB00001NswUtYAJ","東急不動産株式会社_2025/10","商品マスタが未設定","Month=2025/10, Amount=187000","請求明細の商品・名称・金額から商品を確定する"
"Medium","商品不足","ContractLineItem__c","a03RB00001NswUuYAJ","東急不動産株式会社_2025/11","商品マスタが未設定","Month=2025/11, Amount=209000","請求明細の商品・名称・金額から商品を確定する"
"Medium","商品不足","ContractLineItem__c","a03RB00001NswUvYAJ","東急不動産株式会社_2025/12","商品マスタが未設定","Month=2025/12, Amount=209000","請求明細の商品・名称・金額から商品を確定する"
"Medium","商品不足","ContractLineItem__c","a03RB00001NswUwYAJ","東急不動産株式会社_2026/01","商品マスタが未設定","Month=2026/01, Amount=209000","請求明細の商品・名称・金額から商品を確定する"
"Medium","商品不足","ContractLineItem__c","a03RB00001NswUxYAJ","東急不動産株式会社_2026/02","商品マスタが未設定","Month=2026/02, Amount=209000","請求明細の商品・名称・金額から商品を確定する"
"Medium","商品不足","ContractLineItem__c","a03RB00001NswUyYAJ","東急不動産株式会社_2026/03","商品マスタが未設定","Month=2026/03, Amount=209000","請求明細の商品・名称・金額から商品を確定する"
"Medium","商品不足","ContractLineItem__c","a03RB00001NswUzYAJ","東急不動産株式会社_2026/04","商品マスタが未設定","Month=2026/04, Amount=209000","請求明細の商品・名称・金額から商品を確定する"
"Medium","商品不足","ContractLineItem__c","a03RB00001NswV0YAJ","東急不動産株式会社_2026/05","商品マスタが未設定","Month=2026/05, Amount=209000","請求明細の商品・名称・金額から商品を確定する"
"Medium","商品不足","ContractLineItem__c","a03RB00001NswV1YAJ","東急不動産株式会社_2026/06","商品マスタが未設定","Month=2026/06, Amount=209000","請求明細の商品・名称・金額から商品を確定する"
"Medium","商品不足","ContractLineItem__c","a03RB00001NswWcYAJ","東京建物_2024/09","商品マスタが未設定","Month=2024/09, Amount=110000","請求明細の商品・名称・金額から商品を確定する"
"Medium","商品不足","ContractLineItem__c","a03RB00001NswWdYAJ","東京建物_2024/10","商品マスタが未設定","Month=2024/10, Amount=110000","請求明細の商品・名称・金額から商品を確定する"
"Medium","商品不足","ContractLineItem__c","a03RB00001NswWeYAJ","東京建物_2024/11","商品マスタが未設定","Month=2024/11, Amount=110000","請求明細の商品・名称・金額から商品を確定する"
"Medium","商品不足","ContractLineItem__c","a03RB00001NswWfYAJ","東京建物_2024/12","商品マスタが未設定","Month=2024/12, Amount=110000","請求明細の商品・名称・金額から商品を確定する"
"Medium","商品不足","ContractLineItem__c","a03RB00001NswsLYAR","東京建物不動産販売株式会社 ※10月のみ_2025/10","商品マスタが未設定","Month=2025/10, Amount=","請求明細の商品・名称・金額から商品を確定する"
"Medium","商品不足","ContractLineItem__c","a03RB00001Nswi5YAB","日鉄興和不動産株式会社_2026/02","商品マスタが未設定","Month=2026/02, Amount=195000","請求明細の商品・名称・金額から商品を確定する"
"Medium","商品不足","ContractLineItem__c","a03RB00001Nswi6YAB","日鉄興和不動産株式会社_2026/03","商品マスタが未設定","Month=2026/03, Amount=195000","請求明細の商品・名称・金額から商品を確定する"
"Medium","商品不足","ContractLineItem__c","a03RB00001Nswi7YAB","日鉄興和不動産株式会社_2026/05","商品マスタが未設定","Month=2026/05, Amount=140000","請求明細の商品・名称・金額から商品を確定する"
"Medium","商品不足","ContractLineItem__c","a03RB00001Nswi8YAB","日鉄興和不動産株式会社_2026/06","商品マスタが未設定","Month=2026/06, Amount=140000","請求明細の商品・名称・金額から商品を確定する"
"Medium","商品不足","ContractLineItem__c","a03RB00001Nswi9YAB","日鉄興和不動産株式会社_2026/07","商品マスタが未設定","Month=2026/07, Amount=140000","請求明細の商品・名称・金額から商品を確定する"
"Medium","商品不足","ContractLineItem__c","a03RB00001NswiAYAR","日鉄興和不動産株式会社_2026/08","商品マスタが未設定","Month=2026/08, Amount=140000","請求明細の商品・名称・金額から商品を確定する"
"Medium","商品不足","ContractLineItem__c","a03RB00001NswiBYAR","日鉄興和不動産株式会社_2026/09","商品マスタが未設定","Month=2026/09, Amount=140000","請求明細の商品・名称・金額から商品を確定する"
"Medium","商品不足","ContractLineItem__c","a03RB00001NswiCYAR","日鉄興和不動産株式会社_2026/10","商品マスタが未設定","Month=2026/10, Amount=140000","請求明細の商品・名称・金額から商品を確定する"
"Medium","商品不足","ContractLineItem__c","a03RB00001NswiDYAR","日鉄興和不動産株式会社_2026/11","商品マスタが未設定","Month=2026/11, Amount=140000","請求明細の商品・名称・金額から商品を確定する"
"Medium","商品不足","ContractLineItem__c","a03RB00001NswiEYAR","日鉄興和不動産株式会社_2026/12","商品マスタが未設定","Month=2026/12, Amount=140000","請求明細の商品・名称・金額から商品を確定する"
"Medium","商品不足","ContractLineItem__c","a03RB00001NswiFYAR","日鉄興和不動産株式会社_2027/01","商品マスタが未設定","Month=2027/01, Amount=140000","請求明細の商品・名称・金額から商品を確定する"
"Medium","商品不足","ContractLineItem__c","a03RB00001NswiGYAR","日鉄興和不動産株式会社_2027/02","商品マスタが未設定","Month=2027/02, Amount=140000","請求明細の商品・名称・金額から商品を確定する"
"Medium","商品不足","ContractLineItem__c","a03RB00001NswiHYAR","日鉄興和不動産株式会社_2027/03","商品マスタが未設定","Month=2027/03, Amount=140000","請求明細の商品・名称・金額から商品を確定する"
"Medium","商品不足","ContractLineItem__c","a03RB00001NswiIYAR","日鉄興和不動産株式会社_2027/04","商品マスタが未設定","Month=2027/04, Amount=140000","請求明細の商品・名称・金額から商品を確定する"
"Medium","商品不足","ContractLineItem__c","a03RB00001NswkPYAR","梅林建設株式会社_2026/07","商品マスタが未設定","Month=2026/07, Amount=70000","請求明細の商品・名称・金額から商品を確定する"
"Medium","商品不足","ContractLineItem__c","a03RB00001NswkQYAR","梅林建設株式会社_2026/08","商品マスタが未設定","Month=2026/08, Amount=70000","請求明細の商品・名称・金額から商品を確定する"
"Medium","商品不足","ContractLineItem__c","a03RB00001NswkRYAR","梅林建設株式会社_2026/09","商品マスタが未設定","Month=2026/09, Amount=70000","請求明細の商品・名称・金額から商品を確定する"
"Medium","商品不足","ContractLineItem__c","a03RB00001NswkSYAR","梅林建設株式会社_2026/10","商品マスタが未設定","Month=2026/10, Amount=70000","請求明細の商品・名称・金額から商品を確定する"
"Medium","商品不足","ContractLineItem__c","a03RB00001NswkTYAR","梅林建設株式会社_2026/11","商品マスタが未設定","Month=2026/11, Amount=70000","請求明細の商品・名称・金額から商品を確定する"
"Medium","商品不足","ContractLineItem__c","a03RB00001NswkUYAR","梅林建設株式会社_2026/12","商品マスタが未設定","Month=2026/12, Amount=70000","請求明細の商品・名称・金額から商品を確定する"
"Medium","商品不足","ContractLineItem__c","a03RB00001NswkVYAR","梅林建設株式会社_2027/01","商品マスタが未設定","Month=2027/01, Amount=70000","請求明細の商品・名称・金額から商品を確定する"
"Medium","商品不足","ContractLineItem__c","a03RB00001NswkWYAR","梅林建設株式会社_2027/02","商品マスタが未設定","Month=2027/02, Amount=70000","請求明細の商品・名称・金額から商品を確定する"
"Medium","商品不足","ContractLineItem__c","a03RB00001NswkXYAR","梅林建設株式会社_2027/03","商品マスタが未設定","Month=2027/03, Amount=70000","請求明細の商品・名称・金額から商品を確定する"
"Medium","商品不足","ContractLineItem__c","a03RB00001NswkYYAR","梅林建設株式会社_2027/04","商品マスタが未設定","Month=2027/04, Amount=70000","請求明細の商品・名称・金額から商品を確定する"
"Medium","商品不足","ContractLineItem__c","a03RB00001NswkZYAR","梅林建設株式会社_2027/05","商品マスタが未設定","Month=2027/05, Amount=70000","請求明細の商品・名称・金額から商品を確定する"
"Medium","商品不足","ContractLineItem__c","a03RB00001NswpHYAR","富士ハウジング神戸支店_2025/01","商品マスタが未設定","Month=2025/01, Amount=55000","請求明細の商品・名称・金額から商品を確定する"
"Medium","商品不足","ContractLineItem__c","a03RB00001NswpIYAR","富士ハウジング神戸支店_2025/02","商品マスタが未設定","Month=2025/02, Amount=55000","請求明細の商品・名称・金額から商品を確定する"
"Medium","商品不足","ContractLineItem__c","a03RB00001NswpJYAR","富士ハウジング神戸支店_2025/03","商品マスタが未設定","Month=2025/03, Amount=55000","請求明細の商品・名称・金額から商品を確定する"
"Medium","商品不足","ContractLineItem__c","a03RB00001NswpKYAR","富士ハウジング神戸支店_2025/04","商品マスタが未設定","Month=2025/04, Amount=55000","請求明細の商品・名称・金額から商品を確定する"
"Medium","商品不足","ContractLineItem__c","a03RB00001NswpLYAR","富士ハウジング神戸支店_2025/05","商品マスタが未設定","Month=2025/05, Amount=55000","請求明細の商品・名称・金額から商品を確定する"
"Medium","商品不足","ContractLineItem__c","a03RB00001NswpMYAR","富士ハウジング神戸支店_2025/06","商品マスタが未設定","Month=2025/06, Amount=55000","請求明細の商品・名称・金額から商品を確定する"
"Medium","商品不足","ContractLineItem__c","a03RB00001NswpNYAR","富士ハウジング神戸支店_2025/07","商品マスタが未設定","Month=2025/07, Amount=55000","請求明細の商品・名称・金額から商品を確定する"
"Medium","商品不足","ContractLineItem__c","a03RB00001NswpOYAR","富士ハウジング神戸支店_2025/08","商品マスタが未設定","Month=2025/08, Amount=55000","請求明細の商品・名称・金額から商品を確定する"
"Medium","商品不足","ContractLineItem__c","a03RB00001NswpPYAR","富士ハウジング神戸支店_2025/10","商品マスタが未設定","Month=2025/10, Amount=55000","請求明細の商品・名称・金額から商品を確定する"
"Medium","商品不足","ContractLineItem__c","a03RB00001NswpQYAR","富士ハウジング神戸支店_2025/11","商品マスタが未設定","Month=2025/11, Amount=55000","請求明細の商品・名称・金額から商品を確定する"
"Medium","商品不足","ContractLineItem__c","a03RB00001NswpRYAR","富士ハウジング神戸支店_2025/12","商品マスタが未設定","Month=2025/12, Amount=55000","請求明細の商品・名称・金額から商品を確定する"
"Medium","商品不足","ContractLineItem__c","a03RB00001NswpSYAR","富士ハウジング神戸支店_2026/01","商品マスタが未設定","Month=2026/01, Amount=55000","請求明細の商品・名称・金額から商品を確定する"
"Medium","商品不足","ContractLineItem__c","a03RB00001NswcLYAR","野原グループ株式会社_2025/05","商品マスタが未設定","Month=2025/05, Amount=8000","請求明細の商品・名称・金額から商品を確定する"
"Medium","商品不足","ContractLineItem__c","a03RB00001NswcMYAR","野原グループ株式会社_2025/06","商品マスタが未設定","Month=2025/06, Amount=8000","請求明細の商品・名称・金額から商品を確定する"
"Medium","商品不足","ContractLineItem__c","a03RB00001NswcNYAR","野原グループ株式会社_2025/07","商品マスタが未設定","Month=2025/07, Amount=8000","請求明細の商品・名称・金額から商品を確定する"
"Medium","商品不足","ContractLineItem__c","a03RB00001NswcOYAR","野原グループ株式会社_2025/08","商品マスタが未設定","Month=2025/08, Amount=8000","請求明細の商品・名称・金額から商品を確定する"
"Medium","商品不足","ContractLineItem__c","a03RB00001NswcPYAR","野原グループ株式会社_2025/09","商品マスタが未設定","Month=2025/09, Amount=8000","請求明細の商品・名称・金額から商品を確定する"
"Medium","商品不足","ContractLineItem__c","a03RB00001NswcQYAR","野原グループ株式会社_2025/10","商品マスタが未設定","Month=2025/10, Amount=8000","請求明細の商品・名称・金額から商品を確定する"
"Medium","商品不足","ContractLineItem__c","a03RB00001NswcRYAR","野原グループ株式会社_2025/11","商品マスタが未設定","Month=2025/11, Amount=8000","請求明細の商品・名称・金額から商品を確定する"
"Medium","商品不足","ContractLineItem__c","a03RB00001NswcSYAR","野原グループ株式会社_2025/12","商品マスタが未設定","Month=2025/12, Amount=8000","請求明細の商品・名称・金額から商品を確定する"
"Medium","商品不足","ContractLineItem__c","a03RB00001NswcTYAR","野原グループ株式会社_2026/01","商品マスタが未設定","Month=2026/01, Amount=8000","請求明細の商品・名称・金額から商品を確定する"
"Medium","商品不足","ContractLineItem__c","a03RB00001NswcUYAR","野原グループ株式会社_2026/02","商品マスタが未設定","Month=2026/02, Amount=8000","請求明細の商品・名称・金額から商品を確定する"
"Medium","商品不足","ContractLineItem__c","a03RB00001NswcVYAR","野原グループ株式会社_2026/03","商品マスタが未設定","Month=2026/03, Amount=8000","請求明細の商品・名称・金額から商品を確定する"
"Medium","商品不足","ContractLineItem__c","a03RB00001NswcWYAR","野原グループ株式会社_2026/04","商品マスタが未設定","Month=2026/04, Amount=8000","請求明細の商品・名称・金額から商品を確定する"
"Medium","商品不足","ContractLineItem__c","a03RB00001NswcXYAR","野原グループ株式会社_2026/05","商品マスタが未設定","Month=2026/05, Amount=8000","請求明細の商品・名称・金額から商品を確定する"
"Medium","商品不足","ContractLineItem__c","a03RB00001RIREwYAP","野原グループ株式会社_2026/06","商品マスタが未設定","Month=2026/06, Amount=8000","請求明細の商品・名称・金額から商品を確定する"
"Medium","商品不足","ContractLineItem__c","a03RB00001RcABYYA3","野原グループ株式会社_2026/07","商品マスタが未設定","Month=2026/07, Amount=8000","請求明細の商品・名称・金額から商品を確定する"
"Medium","商品不足","ContractLineItem__c","a03RB00001STmH4YAL","野原グループ株式会社_2026/08","商品マスタが未設定","Month=2026/08, Amount=8000","請求明細の商品・名称・金額から商品を確定する"
"Medium","商品不足","ContractLineItem__c","a03RB00001NswioYAB","野村不動産株式会社（シングルサインオン分）_2026/04","商品マスタが未設定","Month=2026/04, Amount=30000","請求明細の商品・名称・金額から商品を確定する"
"Medium","商品不足","ContractLineItem__c","a03RB00001NswipYAB","野村不動産株式会社（シングルサインオン分）_2026/05","商品マスタが未設定","Month=2026/05, Amount=30000","請求明細の商品・名称・金額から商品を確定する"
"Medium","商品不足","ContractLineItem__c","a03RB00001NswiqYAB","野村不動産株式会社（シングルサインオン分）_2026/06","商品マスタが未設定","Month=2026/06, Amount=30000","請求明細の商品・名称・金額から商品を確定する"
"Medium","商品不足","ContractLineItem__c","a03RB00001RcAC4YAN","野村不動産株式会社（シングルサインオン分）_2026/07","商品マスタが未設定","Month=2026/07, Amount=30000","請求明細の商品・名称・金額から商品を確定する"
"Medium","商品不足","ContractLineItem__c","a03RB00001STmHMYA1","野村不動産株式会社（シングルサインオン分）_2026/08","商品マスタが未設定","Month=2026/08, Amount=30000","請求明細の商品・名称・金額から商品を確定する"
"Medium","商品不足","ContractLineItem__c","a03RB00001NswilYAB","野村不動産株式会社_2026/04","商品マスタが未設定","Month=2026/04, Amount=150000","請求明細の商品・名称・金額から商品を確定する"
"Medium","商品不足","ContractLineItem__c","a03RB00001NswimYAB","野村不動産株式会社_2026/05","商品マスタが未設定","Month=2026/05, Amount=150000","請求明細の商品・名称・金額から商品を確定する"
"Medium","商品不足","ContractLineItem__c","a03RB00001NswinYAB","野村不動産株式会社_2026/06","商品マスタが未設定","Month=2026/06, Amount=150000","請求明細の商品・名称・金額から商品を確定する"
"Medium","商品不足","ContractLineItem__c","a03RB00001RcAC3YAN","野村不動産株式会社_2026/07","商品マスタが未設定","Month=2026/07, Amount=150000","請求明細の商品・名称・金額から商品を確定する"
"Medium","商品不足","ContractLineItem__c","a03RB00001STmHLYA1","野村不動産株式会社_2026/08","商品マスタが未設定","Month=2026/08, Amount=150000","請求明細の商品・名称・金額から商品を確定する"
"Medium","商品不足","ContractLineItem__c","a03RB00001NswbbYAB","矢作建設工業株式会社_2025/04","商品マスタが未設定","Month=2025/04, Amount=32000","請求明細の商品・名称・金額から商品を確定する"
"Medium","商品不足","ContractLineItem__c","a03RB00001NswbcYAB","矢作建設工業株式会社_2025/07","商品マスタが未設定","Month=2025/07, Amount=55000","請求明細の商品・名称・金額から商品を確定する"
"Medium","商品不足","ContractLineItem__c","a03RB00001NswbdYAB","矢作建設工業株式会社_2025/08","商品マスタが未設定","Month=2025/08, Amount=49584","請求明細の商品・名称・金額から商品を確定する"
"Medium","商品不足","ContractLineItem__c","a03RB00001NswbeYAB","矢作建設工業株式会社_2025/09","商品マスタが未設定","Month=2025/09, Amount=49584","請求明細の商品・名称・金額から商品を確定する"
"Medium","商品不足","ContractLineItem__c","a03RB00001NswbfYAB","矢作建設工業株式会社_2025/10","商品マスタが未設定","Month=2025/10, Amount=49584","請求明細の商品・名称・金額から商品を確定する"
"Medium","商品不足","ContractLineItem__c","a03RB00001NswbgYAB","矢作建設工業株式会社_2025/11","商品マスタが未設定","Month=2025/11, Amount=49584","請求明細の商品・名称・金額から商品を確定する"
"Medium","商品不足","ContractLineItem__c","a03RB00001NswbhYAB","矢作建設工業株式会社_2025/12","商品マスタが未設定","Month=2025/12, Amount=49584","請求明細の商品・名称・金額から商品を確定する"
"Medium","商品不足","ContractLineItem__c","a03RB00001NswbiYAB","矢作建設工業株式会社_2026/01","商品マスタが未設定","Month=2026/01, Amount=49584","請求明細の商品・名称・金額から商品を確定する"
"Medium","商品不足","ContractLineItem__c","a03RB00001NswbjYAB","矢作建設工業株式会社_2026/02","商品マスタが未設定","Month=2026/02, Amount=49584","請求明細の商品・名称・金額から商品を確定する"
"Medium","商品不足","ContractLineItem__c","a03RB00001NswbkYAB","矢作建設工業株式会社_2026/03","商品マスタが未設定","Month=2026/03, Amount=49584","請求明細の商品・名称・金額から商品を確定する"
"Medium","商品不足","ContractLineItem__c","a03RB00001NswblYAB","矢作建設工業株式会社_2026/04","商品マスタが未設定","Month=2026/04, Amount=49584","請求明細の商品・名称・金額から商品を確定する"
"Medium","商品不足","ContractLineItem__c","a03RB00001NswbmYAB","矢作建設工業株式会社_2026/05","商品マスタが未設定","Month=2026/05, Amount=49584","請求明細の商品・名称・金額から商品を確定する"
"Medium","商品不足","ContractLineItem__c","a03RB00001NswbnYAB","矢作建設工業株式会社_2026/06","商品マスタが未設定","Month=2026/06, Amount=49584","請求明細の商品・名称・金額から商品を確定する"
"Medium","商品不足","ContractLineItem__c","a03RB00001NswboYAB","矢作建設工業株式会社_2026/07","商品マスタが未設定","Month=2026/07, Amount=49584","請求明細の商品・名称・金額から商品を確定する"
"Medium","商品不足","ContractLineItem__c","a03RB00001Nswn7YAB","有限会社タイセイプラン_2024/11","商品マスタが未設定","Month=2024/11, Amount=11000","請求明細の商品・名称・金額から商品を確定する"
"Medium","商品不足","ContractLineItem__c","a03RB00001Nswn8YAB","有限会社タイセイプラン_2024/12","商品マスタが未設定","Month=2024/12, Amount=11000","請求明細の商品・名称・金額から商品を確定する"
"Medium","商品不足","ContractLineItem__c","a03RB00001Nswn9YAB","有限会社タイセイプラン_2025/01","商品マスタが未設定","Month=2025/01, Amount=11000","請求明細の商品・名称・金額から商品を確定する"
"Medium","商品不足","ContractLineItem__c","a03RB00001NswnAYAR","有限会社タイセイプラン_2025/02","商品マスタが未設定","Month=2025/02, Amount=11000","請求明細の商品・名称・金額から商品を確定する"
"Medium","商品不足","ContractLineItem__c","a03RB00001NswnBYAR","有限会社タイセイプラン_2025/03","商品マスタが未設定","Month=2025/03, Amount=11000","請求明細の商品・名称・金額から商品を確定する"
"Medium","商品不足","ContractLineItem__c","a03RB00001NswnCYAR","有限会社タイセイプラン_2025/04","商品マスタが未設定","Month=2025/04, Amount=11000","請求明細の商品・名称・金額から商品を確定する"
"Medium","商品不足","ContractLineItem__c","a03RB00001NswnDYAR","有限会社タイセイプラン_2025/05","商品マスタが未設定","Month=2025/05, Amount=11000","請求明細の商品・名称・金額から商品を確定する"
"Medium","商品不足","ContractLineItem__c","a03RB00001NswnEYAR","有限会社タイセイプラン_2025/06","商品マスタが未設定","Month=2025/06, Amount=11000","請求明細の商品・名称・金額から商品を確定する"
"Medium","商品不足","ContractLineItem__c","a03RB00001NswnFYAR","有限会社タイセイプラン_2025/07","商品マスタが未設定","Month=2025/07, Amount=11000","請求明細の商品・名称・金額から商品を確定する"
"Medium","商品不足","ContractLineItem__c","a03RB00001NswnGYAR","有限会社タイセイプラン_2025/08","商品マスタが未設定","Month=2025/08, Amount=11000","請求明細の商品・名称・金額から商品を確定する"
"Medium","商品不足","ContractLineItem__c","a03RB00001NswnHYAR","有限会社タイセイプラン_2025/09","商品マスタが未設定","Month=2025/09, Amount=11000","請求明細の商品・名称・金額から商品を確定する"
"Medium","商品不足","ContractLineItem__c","a03RB00001NswnIYAR","有限会社タイセイプラン_2025/10","商品マスタが未設定","Month=2025/10, Amount=11000","請求明細の商品・名称・金額から商品を確定する"
"Medium","商品不足","ContractLineItem__c","a03RB00001NswnJYAR","有限会社タイセイプラン_2025/11","商品マスタが未設定","Month=2025/11, Amount=11000","請求明細の商品・名称・金額から商品を確定する"
"Medium","商品不足","ContractLineItem__c","a03RB00001NswnKYAR","有限会社タイセイプラン_2025/12","商品マスタが未設定","Month=2025/12, Amount=11000","請求明細の商品・名称・金額から商品を確定する"
"Medium","商品不足","ContractLineItem__c","a03RB00001NswnLYAR","有限会社タイセイプラン_2026/01","商品マスタが未設定","Month=2026/01, Amount=11000","請求明細の商品・名称・金額から商品を確定する"
"Medium","商品不足","ContractLineItem__c","a03RB00001NswnMYAR","有限会社タイセイプラン_2026/02","商品マスタが未設定","Month=2026/02, Amount=11000","請求明細の商品・名称・金額から商品を確定する"
"Medium","商品不足","ContractLineItem__c","a03RB00001NswqBYAR","有限会社山陽不動産_2025/04","商品マスタが未設定","Month=2025/04, Amount=11000","請求明細の商品・名称・金額から商品を確定する"
"Medium","商品不足","InvoiceLine__c","a01RB00001dy1VJYAY","INVL-0000000506","請求明細の商品マスタが未設定","Description=Rendery Enterpriseプラン 年間利用料, Amount=240000","商品名・金額・請求タイミングで商品を特定する"
"Medium","親子日付不一致","ContractPeriod__c","a0BRB00000ynb5Z2AQ","CP-00000002","契約期間終了日が親契約終了日より後","Period=2026-06-30, Contract=2026-06-01","契約更新履歴を確認する"
"Medium","親子日付不一致","ContractPeriod__c","a0BRB00000ynb5a2AA","CP-00000003","契約期間終了日が親契約終了日より後","Period=2025-02-28, Contract=2025-02-01","契約更新履歴を確認する"
"Medium","親子日付不一致","ContractPeriod__c","a0BRB00000ynb5f2AA","CP-00000008","契約期間終了日が親契約終了日より後","Period=2024-12-31, Contract=2024-12-01","契約更新履歴を確認する"
"Medium","親子日付不一致","ContractPeriod__c","a0BRB00000ynb5g2AA","CP-00000009","契約期間終了日が親契約終了日より後","Period=2025-03-31, Contract=2025-03-01","契約更新履歴を確認する"
"Medium","親子日付不一致","ContractPeriod__c","a0BRB00000ynb5j2AA","CP-00000012","契約期間終了日が親契約終了日より後","Period=2025-03-31, Contract=2025-03-01","契約更新履歴を確認する"
"Medium","親子日付不一致","ContractPeriod__c","a0BRB00000ynb5k2AA","CP-00000013","契約期間終了日が親契約終了日より後","Period=2026-01-31, Contract=2026-01-01","契約更新履歴を確認する"
"Medium","親子日付不一致","ContractPeriod__c","a0BRB00000ynb5m2AA","CP-00000015","契約期間終了日が親契約終了日より後","Period=2026-05-31, Contract=2026-05-01","契約更新履歴を確認する"
"Medium","親子日付不一致","ContractPeriod__c","a0BRB00000ynb5n2AA","CP-00000016","契約期間終了日が親契約終了日より後","Period=2025-10-31, Contract=2025-10-01","契約更新履歴を確認する"
"Medium","親子日付不一致","ContractPeriod__c","a0BRB00000ynb5q2AA","CP-00000019","契約期間終了日が親契約終了日より後","Period=2025-12-31, Contract=2025-12-01","契約更新履歴を確認する"
"Medium","親子日付不一致","ContractPeriod__c","a0BRB00000ynb5t2AA","CP-00000022","契約期間終了日が親契約終了日より後","Period=2025-07-31, Contract=2025-07-01","契約更新履歴を確認する"
"Medium","親子日付不一致","ContractPeriod__c","a0BRB00000ynb5u2AA","CP-00000023","契約期間終了日が親契約終了日より後","Period=2025-05-31, Contract=2025-05-01","契約更新履歴を確認する"
"Medium","親子日付不一致","ContractPeriod__c","a0BRB00000ynb5y2AA","CP-00000027","契約期間終了日が親契約終了日より後","Period=2026-02-28, Contract=2026-02-01","契約更新履歴を確認する"
"Medium","親子日付不一致","ContractPeriod__c","a0BRB00000ynb5z2AA","CP-00000028","契約期間終了日が親契約終了日より後","Period=2025-04-30, Contract=2025-04-01","契約更新履歴を確認する"
"Medium","親子日付不一致","ContractPeriod__c","a0BRB00000ynb602AA","CP-00000029","契約期間終了日が親契約終了日より後","Period=2026-02-28, Contract=2026-02-01","契約更新履歴を確認する"
"Medium","親子日付不一致","ContractPeriod__c","a0BRB00000ynb632AA","CP-00000032","契約期間終了日が親契約終了日より後","Period=2025-04-30, Contract=2025-04-01","契約更新履歴を確認する"
"Medium","親子日付不一致","ContractPeriod__c","a0BRB00000ynb662AA","CP-00000035","契約期間終了日が親契約終了日より後","Period=2026-04-30, Contract=2026-04-01","契約更新履歴を確認する"
"Medium","親子日付不一致","ContractPeriod__c","a0BRB00000ynb672AA","CP-00000036","契約期間終了日が親契約終了日より後","Period=2025-05-31, Contract=2025-05-01","契約更新履歴を確認する"
"Medium","親子日付不一致","ContractPeriod__c","a0BRB00000ynb682AA","CP-00000037","契約期間終了日が親契約終了日より後","Period=2025-05-31, Contract=2025-05-01","契約更新履歴を確認する"
"Medium","親子日付不一致","ContractPeriod__c","a0BRB00000ynb6B2AQ","CP-00000040","契約期間終了日が親契約終了日より後","Period=2026-04-30, Contract=2026-04-01","契約更新履歴を確認する"
"Medium","親子日付不一致","ContractPeriod__c","a0BRB00000ynb6C2AQ","CP-00000041","契約期間終了日が親契約終了日より後","Period=2026-05-31, Contract=2026-05-01","契約更新履歴を確認する"
"Medium","親子日付不一致","ContractPeriod__c","a0BRB00000ynb6E2AQ","CP-00000043","契約期間終了日が親契約終了日より後","Period=2026-05-31, Contract=2026-05-01","契約更新履歴を確認する"
"Medium","親子日付不一致","ContractPeriod__c","a0BRB00000ynb6H2AQ","CP-00000046","契約期間終了日が親契約終了日より後","Period=2025-05-31, Contract=2025-05-01","契約更新履歴を確認する"
"Medium","親子日付不一致","ContractPeriod__c","a0BRB00000ynb6K2AQ","CP-00000049","契約期間終了日が親契約終了日より後","Period=2025-11-30, Contract=2025-11-01","契約更新履歴を確認する"
"Medium","親子日付不一致","ContractPeriod__c","a0BRB00000ynb6L2AQ","CP-00000050","契約期間終了日が親契約終了日より後","Period=2025-10-31, Contract=2025-10-01","契約更新履歴を確認する"
"Medium","親子日付不一致","ContractPeriod__c","a0BRB00000ynb6N2AQ","CP-00000052","契約期間終了日が親契約終了日より後","Period=2026-01-31, Contract=2026-01-01","契約更新履歴を確認する"
"Medium","親子日付不一致","ContractPeriod__c","a0BRB00000ynb6X2AQ","CP-00000062","契約期間終了日が親契約終了日より後","Period=2026-01-31, Contract=2026-01-01","契約更新履歴を確認する"
"Medium","親子日付不一致","ContractPeriod__c","a0BRB00000ynb6Z2AQ","CP-00000064","契約期間終了日が親契約終了日より後","Period=2026-03-31, Contract=2026-03-01","契約更新履歴を確認する"
"Medium","親子日付不一致","ContractPeriod__c","a0BRB00000ynb6h2AA","CP-00000072","契約期間終了日が親契約終了日より後","Period=2026-03-31, Contract=2026-03-01","契約更新履歴を確認する"
"Medium","親子日付不一致","ContractPeriod__c","a0BRB00000ynb6p2AA","CP-00000080","契約期間終了日が親契約終了日より後","Period=2026-02-28, Contract=2026-02-01","契約更新履歴を確認する"
"Medium","親子日付不一致","ContractPeriod__c","a0BRB00000ynn5G2AQ","CP-00000111","契約期間終了日が親契約終了日より後","Period=2024-09-30, Contract=2024-09-01","契約更新履歴を確認する"
"Medium","親子日付不一致","ContractPeriod__c","a0BRB00000ynn5H2AQ","CP-00000112","契約期間終了日が親契約終了日より後","Period=2024-10-31, Contract=2024-10-01","契約更新履歴を確認する"
"Medium","親子日付不一致","ContractPeriod__c","a0BRB00000ynn5J2AQ","CP-00000114","契約期間終了日が親契約終了日より後","Period=2025-05-31, Contract=2025-05-01","契約更新履歴を確認する"
"Medium","親子日付不一致","ContractPeriod__c","a0BRB00000ynn5L2AQ","CP-00000116","契約期間終了日が親契約終了日より後","Period=2025-09-30, Contract=2025-09-01","契約更新履歴を確認する"
"Medium","親子日付不一致","ContractPeriod__c","a0BRB00000ynn5M2AQ","CP-00000117","契約期間終了日が親契約終了日より後","Period=2025-02-28, Contract=2025-02-01","契約更新履歴を確認する"
"Medium","親子日付不一致","ContractPeriod__c","a0BRB00000ynn5Q2AQ","CP-00000121","契約期間終了日が親契約終了日より後","Period=2025-02-28, Contract=2025-02-01","契約更新履歴を確認する"
"Medium","親子日付不一致","ContractPeriod__c","a0BRB00000ynn5S2AQ","CP-00000123","契約期間終了日が親契約終了日より後","Period=2026-02-28, Contract=2026-02-01","契約更新履歴を確認する"
"Medium","親子日付不一致","ContractPeriod__c","a0BRB00000ynn5U2AQ","CP-00000125","契約期間終了日が親契約終了日より後","Period=2026-02-28, Contract=2026-02-01","契約更新履歴を確認する"
"Medium","親子日付不一致","ContractPeriod__c","a0BRB00000ynn5W2AQ","CP-00000127","契約期間終了日が親契約終了日より後","Period=2025-08-31, Contract=2025-08-01","契約更新履歴を確認する"
"Medium","親子日付不一致","ContractPeriod__c","a0BRB00000ynn5X2AQ","CP-00000128","契約期間終了日が親契約終了日より後","Period=2026-03-31, Contract=2026-03-01","契約更新履歴を確認する"
"Medium","親子日付不一致","ContractPeriod__c","a0BRB00000ynn5Z2AQ","CP-00000130","契約期間終了日が親契約終了日より後","Period=2025-02-28, Contract=2025-02-01","契約更新履歴を確認する"
"Medium","親子日付不一致","ContractPeriod__c","a0BRB00000ynn5c2AA","CP-00000133","契約期間終了日が親契約終了日より後","Period=2025-12-31, Contract=2025-12-01","契約更新履歴を確認する"
"Medium","親子日付不一致","ContractPeriod__c","a0BRB00000ynn5e2AA","CP-00000135","契約期間終了日が親契約終了日より後","Period=2026-01-31, Contract=2026-01-01","契約更新履歴を確認する"
"Medium","親子日付不一致","ContractPeriod__c","a0BRB00000ynn5g2AA","CP-00000137","契約期間終了日が親契約終了日より後","Period=2026-06-30, Contract=2026-06-01","契約更新履歴を確認する"
"Medium","親子日付不一致","ContractPeriod__c","a0BRB00000ynn5h2AA","CP-00000138","契約期間終了日が親契約終了日より後","Period=2025-06-30, Contract=2025-06-01","契約更新履歴を確認する"
"Medium","親子日付不一致","ContractPeriod__c","a0BRB00000ynn5i2AA","CP-00000139","契約期間終了日が親契約終了日より後","Period=2025-05-31, Contract=2025-05-01","契約更新履歴を確認する"
"Medium","親子日付不一致","ContractPeriod__c","a0BRB00000ynn5j2AA","CP-00000140","契約期間終了日が親契約終了日より後","Period=2025-12-31, Contract=2025-12-01","契約更新履歴を確認する"
"Medium","親子日付不一致","ContractPeriod__c","a0BRB00000ynn5k2AA","CP-00000141","契約期間終了日が親契約終了日より後","Period=2025-04-30, Contract=2025-04-01","契約更新履歴を確認する"
"Medium","親子日付不一致","ContractPeriod__c","a0BRB00000ynn5l2AA","CP-00000142","契約期間終了日が親契約終了日より後","Period=2025-12-31, Contract=2025-12-01","契約更新履歴を確認する"
"Medium","親子日付不一致","ContractPeriod__c","a0BRB00000ynn5m2AA","CP-00000143","契約期間終了日が親契約終了日より後","Period=2026-03-31, Contract=2026-03-01","契約更新履歴を確認する"
"Medium","親子日付不一致","ContractPeriod__c","a0BRB00000ynn5n2AA","CP-00000144","契約期間終了日が親契約終了日より後","Period=2025-10-31, Contract=2025-10-01","契約更新履歴を確認する"
"Medium","親子日付不一致","ContractPeriod__c","a0BRB00000ynn5o2AA","CP-00000145","契約期間終了日が親契約終了日より後","Period=2026-06-30, Contract=2026-06-01","契約更新履歴を確認する"
"Medium","親子日付不一致","ContractPeriod__c","a0BRB00000ynn5q2AA","CP-00000147","契約期間終了日が親契約終了日より後","Period=2026-05-31, Contract=2026-05-01","契約更新履歴を確認する"
"Medium","親子日付不一致","ContractPeriod__c","a0BRB00000ynn5t2AA","CP-00000150","契約期間終了日が親契約終了日より後","Period=2025-10-31, Contract=2025-10-01","契約更新履歴を確認する"
"Medium","親子日付不一致","ContractPeriod__c","a0BRB00000ynn5w2AA","CP-00000153","契約期間終了日が親契約終了日より後","Period=2025-12-31, Contract=2025-12-01","契約更新履歴を確認する"
"Medium","親子日付不一致","ContractPeriod__c","a0BRB00000ynn5x2AA","CP-00000154","契約期間終了日が親契約終了日より後","Period=2026-03-31, Contract=2026-03-01","契約更新履歴を確認する"
"Medium","親子日付不一致","ContractPeriod__c","a0BRB000010uukQ2AQ","CP-00000245","契約期間終了日が親契約終了日より後","Period=2026-08-31, Contract=2026-06-30","契約更新履歴を確認する"
