Id,Name,Invoice__c,Invoice__r.ParentContract__c,Invoice__r.Account__c,ProductMaster__c,ProductMaster__r.Name,ProductMaster__r.MRR_Target__c,Description__c,Quantity__c,Unit_Price__c,DiscountRate__c,DiscountedUnitPrice__c,Line_Amount__c,TaxAmount__c,AmountWithTax__c,Tax_Rate__c,Freee_Line_Id__c,CreatedDate
a01RB00001Uvs57YAB,INVL-0000000003,a00RB000023liu7YAA,,001RB00001UvdpFYAR,a0CRB0000CcXZ6Q2QW,Rendery Proプラン,true,RenderyProプラン×３契約,3,8000,,8000,24000,2400,26400,10,271421560,2026-06-18T10:55:21.000+0000
a01RB00001VdyehYAB,INVL-0000000004,a00RB000024Ux4BYAS,a04RB00000kVL7WYAW,001RB00001VTrvXYAT,a0CRB0000CcXZ6Z2QW,[年払] Rendery Enterpriseプラン,false,Rendery Enterpriseプラン_5アカウント_年間費用,5,168000,,,840000,90000,990000,10,242036119,2026-06-22T00:58:56.000+0000
a01RB00001VdyeiYAB,INVL-0000000005,a00RB000024Ux4BYAS,a04RB00000kVL7WYAW,001RB00001VTrvXYAT,a0CRB0000CcXZ6x2QG,受託開発,false,年払い割引,5,-12000,,,-60000,-6000,-66000,10,242036120,2026-06-22T00:58:56.000+0000
a01RB00001VdyejYAB,INVL-0000000006,a00RB000024Ux4CYAS,a04RB00000kUAOUYA4,001RB00001VTraTYAT,a0CRB0000CcXZ6x2QG,受託開発,false,Web保守・運用費,1,216000,,,216000,21600,237600,10,261123677,2026-06-22T00:58:56.000+0000
a01RB00001VdyekYAB,INVL-0000000007,a00RB000024Ux4DYAS,a04RB00000kUAOUYA4,001RB00001VTraTYAT,a0CRB0000CcXZ6x2QG,受託開発,false,保守・運用費,1,1200000,,,1200000,120000,1320000,10,261123309,2026-06-22T00:58:56.000+0000
a01RB00001VdyelYAB,INVL-0000000008,a00RB000024Ux4DYAS,a04RB00000kUAOUYA4,001RB00001VTraTYAT,a0CRB0000CcXZ6x2QG,受託開発,false,運用サポート費,1,840000,,,840000,84000,924000,10,261123310,2026-06-22T00:58:56.000+0000
a01RB00001VdyemYAB,INVL-0000000009,a00RB000024Ux4DYAS,a04RB00000kUAOUYA4,001RB00001VTraTYAT,a0CRB0000CcXZ6x2QG,受託開発,false,Renderyライセンス費,1,840000,,,840000,84000,924000,10,261123311,2026-06-22T00:58:56.000+0000
a01RB00001VdyenYAB,INVL-0000000010,a00RB000024Ux4EYAS,a04RB00000kUAOUYA4,001RB00001VTraTYAT,a0CRB0000CcXZ6x2QG,受託開発,false,BUILDER LISTのデザイン作成・開発,1,49000,,,49000,4900,53900,10,242689459,2026-06-22T00:58:56.000+0000
a01RB00001VdyeoYAB,INVL-0000000011,a00RB000024Ux4FYAS,a04RB00000kVL7cYAG,001RB00001VTrvcYAD,a0CRB0000CcXZ6x2QG,受託開発,false,Renderyを活用した伴走支援,1,160000,,,160000,16000,176000,10,269302223,2026-06-22T00:58:56.000+0000
a01RB00001VdyepYAB,INVL-0000000012,a00RB000024Ux4GYAS,a04RB00000kVL7VYAW,001RB00001VTqgBYAT,a0CRB0000CcXZ6x2QG,受託開発,false,VISIOAL_ベーシックプラン,6,75000,,,450000,45000,495000,10,241345214,2026-06-22T00:58:56.000+0000
a01RB00001VdyeqYAB,INVL-0000000013,a00RB000024Ux4GYAS,a04RB00000kVL7VYAW,001RB00001VTqgBYAT,a0CRB0000CcXZ6x2QG,受託開発,false,既存写真との整合(敷地),5,20000,,,100000,10000,110000,10,241345215,2026-06-22T00:58:56.000+0000
a01RB00001VdyerYAB,INVL-0000000014,a00RB000024Ux4GYAS,a04RB00000kVL7VYAW,001RB00001VTqgBYAT,a0CRB0000CcXZ6x2QG,受託開発,false,詳細デザインの提案・調整,6,20000,,,120000,12000,132000,10,241345216,2026-06-22T00:58:56.000+0000
a01RB00001VdyesYAB,INVL-0000000015,a00RB000024Ux4GYAS,a04RB00000kVL7VYAW,001RB00001VTqgBYAT,a0CRB0000CcXZ6x2QG,受託開発,false,簡易図面からのボリューム作成,1,65000,,,65000,6500,71500,10,241345217,2026-06-22T00:58:56.000+0000
a01RB00001VdyetYAB,INVL-0000000016,a00RB000024Ux4GYAS,a04RB00000kVL7VYAW,001RB00001VTqgBYAT,a0CRB0000CcXZ6x2QG,受託開発,false,アートディレクション,1,100000,,,100000,10000,110000,10,241345218,2026-06-22T00:58:56.000+0000
a01RB00001VdyeuYAB,INVL-0000000017,a00RB000024Ux4GYAS,a04RB00000kVL7VYAW,001RB00001VTqgBYAT,a0CRB0000CcXZ6e2QG,Rendery セキュリティオプション(ドメイン制限)_初期費用,false,オプション_バリエーション追加,1,50000,,,50000,5000,55000,10,241345219,2026-06-22T00:58:56.000+0000
a01RB00001VdyevYAB,INVL-0000000018,a00RB000024Ux4HYAS,a04RB00000kVL7MYAW,001RB00001VcyFLYAZ,a0CRB0000CcXZ6e2QG,Rendery セキュリティオプション(ドメイン制限)_初期費用,false,講演料,1,50000,,,50000,5000,55000,10,236013020,2026-06-22T00:58:56.000+0000
a01RB00001VdyewYAB,INVL-0000000019,a00RB000024Ux4HYAS,a04RB00000kVL7MYAW,001RB00001VcyFLYAZ,a0CRB0000CcXZ6x2QG,受託開発,false,交通費（片道）,2,970,,,1940,0,1940,0,236013021,2026-06-22T00:58:56.000+0000
a01RB00001VdyexYAB,INVL-0000000020,a00RB000024Ux4IYAS,a04RB00000kVL7eYAG,001RB00001VTqkoYAD,a0CRB0000CcXZ6x2QG,受託開発,false,最終納品費,1,1670000,,,1670000,151818,1670000,10,236096788,2026-06-22T00:58:56.000+0000
a01RB00001VdyeyYAB,INVL-0000000021,a00RB000024Ux4JYAS,a04RB00000kVL7XYAW,001RB00001VcyFMYAZ,a0CRB0000CcXZ6x2QG,受託開発,false,【要件定義】 ヒアリング・仕様整理,1,1300000,,,1300000,130000,1430000,10,239860001,2026-06-22T00:58:56.000+0000
a01RB00001VdyezYAB,INVL-0000000022,a00RB000024Ux4JYAS,a04RB00000kVL7XYAW,001RB00001VcyFMYAZ,a0CRB0000CcXZ6x2QG,受託開発,false,【基本設計】UI設計・構成設計,2,1300000,,,2600000,260000,2860000,10,239860002,2026-06-22T00:58:56.000+0000
a01RB00001Vdyf0YAB,INVL-0000000023,a00RB000024Ux4JYAS,a04RB00000kVL7XYAW,001RB00001VcyFMYAZ,a0CRB0000CcXZ6x2QG,受託開発,false,【詳細設計】 モジュール間IF仕様設計,1,1300000,,,1300000,130000,1430000,10,239860003,2026-06-22T00:58:56.000+0000
a01RB00001Vdyf1YAB,INVL-0000000024,a00RB000024Ux4JYAS,a04RB00000kVL7XYAW,001RB00001VcyFMYAZ,a0CRB0000CcXZ6x2QG,受託開発,false,【実装】 インフラ構築/フロントエンド/バックエンド開発,4,1300000,,,5200000,520000,5720000,10,239860004,2026-06-22T00:58:56.000+0000
a01RB00001Vdyf2YAB,INVL-0000000025,a00RB000024Ux4JYAS,a04RB00000kVL7XYAW,001RB00001VcyFMYAZ,a0CRB0000CcXZ6x2QG,受託開発,false,【テスト・導入】 動作検証、導入支援,1,1300000,,,1300000,130000,1430000,10,239860005,2026-06-22T00:58:56.000+0000
a01RB00001Vdyf3YAB,INVL-0000000026,a00RB000024Ux4KYAS,a04RB00000kUANdYAO,001RB00001VTqlYYAT,a0CRB0000CcXZ6Q2QW,Rendery Proプラン,true,Rendery(エンタープライズ用),8,8000,,,64000,6400,70400,10,240851211,2026-06-22T00:58:56.000+0000
a01RB00001Vdyf4YAB,INVL-0000000027,a00RB000024Ux4LYAS,a04RB00000kUANiYAO,001RB00001VTqlHYAT,a0CRB0000CcXZ6T2QW,[OLD] Rendery Enterpriseプラン(2025年9月まで),true,Rendery　エンタープライズプラン,42,11000,,,462000,46200,508200,10,240852675,2026-06-22T00:58:56.000+0000
a01RB00001Vdyf5YAB,INVL-0000000028,a00RB000024Ux4MYAS,a04RB00000kUAObYAO,001RB00001VTqleYAD,a0CRB0000CcXZ6R2QW,[代理販売20%] Rendery Proプラン,true,Rendery_Pro_月額利用料_注文番号：405016880,2,6400,,,12800,1280,14080,10,240853875,2026-06-22T00:58:56.000+0000
a01RB00001Vdyf6YAB,INVL-0000000029,a00RB000024Ux4NYAS,a04RB00000kUAOEYA4,001RB00001VTrtrYAD,a0CRB0000CcXZ6Q2QW,Rendery Proプラン,true,Rendery(Pro用)・月額料金,6,8000,,,48000,4800,52800,10,240863644,2026-06-22T00:58:56.000+0000
a01RB00001Vdyf7YAB,INVL-0000000030,a00RB000024Ux4OYAS,a04RB00000kVL7dYAG,001RB00001VcyFNYAZ,a0CRB0000CcXZ6x2QG,受託開発,false,VISIOALパース,1,120000,,,120000,12000,132000,10,249558039,2026-06-22T00:58:56.000+0000
a01RB00001Vdyf8YAB,INVL-0000000031,a00RB000024Ux4PYAS,a04RB00000kUAOTYA4,001RB00001VTqbXYAT,a0CRB0000CcXZ6T2QW,[OLD] Rendery Enterpriseプラン(2025年9月まで),true,Rendery Enterpriseプラン_月額,12,11000,,,132000,13200,145200,10,249749509,2026-06-22T00:58:56.000+0000
a01RB00001Vdyf9YAB,INVL-0000000032,a00RB000024Ux4QYAS,a04RB00000kVL7iYAG,001RB00001VTqUVYA1,a0CRB0000CcXZ6T2QW,[OLD] Rendery Enterpriseプラン(2025年9月まで),true,Rendery　エンタープライズプラン,19,11000,,,209000,20900,229900,10,240235570,2026-06-22T00:58:56.000+0000
a01RB00001VdyfAYAR,INVL-0000000033,a00RB000024Ux4RYAS,a04RB00000kUAOTYA4,001RB00001VTqbXYAT,a0CRB0000CcXZ6T2QW,[OLD] Rendery Enterpriseプラン(2025年9月まで),true,Rendery Enterpriseプラン_月額,10,11000,,,110000,11000,121000,10,240235588,2026-06-22T00:58:56.000+0000
a01RB00001VdyfBYAR,INVL-0000000034,a00RB000024Ux4SYAS,a04RB00000kUAQAYA4,001RB00001VTrGkYAL,a0CRB0000CcXZ6i2QG,knock knock AI Basicプラン(50クレジット),true,knock knock AI_Basicプラン(月額),1,11000,,,11000,1100,12100,10,240235592,2026-06-22T00:58:56.000+0000
a01RB00001VdyfCYAR,INVL-0000000035,a00RB000024Ux4TYAS,a04RB00000kUAOfYAO,001RB00001VTqxsYAD,a0CRB0000CcXZ6Q2QW,Rendery Proプラン,true,Rendery_Pro_月額利用料,5,8000,,,40000,4000,44000,10,240235601,2026-06-22T00:58:56.000+0000
a01RB00001VdyfDYAR,INVL-0000000036,a00RB000024Ux4UYAS,a04RB00000kVL7aYAG,001RB00001VTqnMYAT,a0CRB0000CcXZ6T2QW,[OLD] Rendery Enterpriseプラン(2025年9月まで),true,Rendery Enterpriseプラン_3月ご利用分,10,11000,,,110000,11000,121000,10,242456390,2026-06-22T00:58:56.000+0000
a01RB00001VdyfEYAR,INVL-0000000037,a00RB000024Ux4UYAS,a04RB00000kVL7aYAG,001RB00001VTqnMYAT,a0CRB0000CcXZ6b2QG,Rendery セキュリティオプション(SSO)_運用費用,true,セキュリティオプション_シングルサインオン_3月ご利用分,1,30000,,,30000,3000,33000,10,242456391,2026-06-22T00:58:56.000+0000
a01RB00001VdyfFYAR,INVL-0000000038,a00RB000024Ux4VYAS,a04RB00000kVL7SYAW,001RB00001VTqxQYAT,a0CRB0000CcXZ6V2QW,Rendery Enterpriseプラン,true,Rendery Enterpriseプラン10アカウント_月額,10,15000,,,150000,15000,165000,10,240235611,2026-06-22T00:58:56.000+0000
a01RB00001VdyfGYAR,INVL-0000000039,a00RB000024Ux4VYAS,a04RB00000kVL7SYAW,001RB00001VTqxQYAT,a0CRB0000CcXZ6h2QG,Rendery セキュリティオプション+_運用費用,true,セキュリティオプション+_運用費用_月額,1,100000,,,100000,10000,110000,10,240235612,2026-06-22T00:58:56.000+0000
a01RB00001VdyfHYAR,INVL-0000000040,a00RB000024Ux4WYAS,a04RB00000kUAOgYAO,001RB00001VTqy1YAD,a0CRB0000CcXZ6Q2QW,Rendery Proプラン,true,Rendery_Proプラン_1アカウント(月額費用),1,8000,,,8000,800,8800,10,240235620,2026-06-22T00:58:56.000+0000
a01RB00001VdyfIYAR,INVL-0000000041,a00RB000024Ux4XYAS,a04RB00000kUAQ9YAO,001RB00001VTqatYAD,a0CRB0000CcXZ6j2QG,knock knock AI Proプラン(300クレジット),true,KnockKnockAI_Proプラン,1,55000,,,55000,5500,60500,10,240235624,2026-06-22T00:58:56.000+0000
a01RB00001VdyfJYAR,INVL-0000000042,a00RB000024Ux4YYAS,a04RB00000kUAOpYAO,001RB00001VTqW8YAL,a0CRB0000CcXZ6Q2QW,Rendery Proプラン,true,Rendery_Pro_3アカウント_月額費用,3,8000,,,24000,2400,26400,10,240235629,2026-06-22T00:58:56.000+0000
a01RB00001VdyfKYAR,INVL-0000000043,a00RB000024Ux4ZYAS,a04RB00000kUAOhYAO,001RB00001VTr0hYAD,a0CRB0000CcXZ6Q2QW,Rendery Proプラン,true,Rendery_Pro_月額費用,1,8000,,,8000,800,8800,10,240235632,2026-06-22T00:58:56.000+0000
a01RB00001VdyfLYAR,INVL-0000000044,a00RB000024Ux4aYAC,a04RB00000kUAQCYA4,001RB00001VTrkYYAT,a0CRB0000CcXZ6j2QG,knock knock AI Proプラン(300クレジット),true,KnockKnockAI_Proプラン(月額),1,55000,,,55000,5500,60500,10,240235635,2026-06-22T00:58:56.000+0000
a01RB00001VdyfMYAR,INVL-0000000045,a00RB000024Ux4bYAC,a04RB00000kUAQBYA4,001RB00001VTtIiYAL,a0CRB0000CcXZ6i2QG,knock knock AI Basicプラン(50クレジット),true,knock knock AI_Basicプラン(月額),1,11000,,,11000,1100,12100,10,240235638,2026-06-22T00:58:56.000+0000
a01RB00001VdyfNYAR,INVL-0000000046,a00RB000024Ux4cYAC,a04RB00000kUAOtYAO,001RB00001VTrkRYAT,a0CRB0000CcXZ6Q2QW,Rendery Proプラン,true,Rendery_Pro_月額利用料,2,8000,,,16000,1600,17600,10,240235643,2026-06-22T00:58:56.000+0000
a01RB00001VdyfOYAR,INVL-0000000047,a00RB000024Ux4dYAC,a04RB00000kUAPdYAO,001RB00001VTtIUYA1,a0CRB0000CcXZ6x2QG,受託開発,false,knock knock AI_Enterpriseプラン_1100クレジット,1100,145,,,159500,15950,175450,10,240378013,2026-06-22T00:58:56.000+0000
a01RB00001VdyfPYAR,INVL-0000000048,a00RB000024Ux4eYAC,a04RB00000kUAO0YAO,001RB00001VTrmnYAD,a0CRB0000CcXZ6k2QG,[月払] knock knock AI Enterpriseプラン 500クレジット,true,VISIOAL＿ベーシックプラン,3,85000,,,255000,25500,280500,10,240392970,2026-06-22T00:58:56.000+0000
a01RB00001VdyfQYAR,INVL-0000000049,a00RB000024Ux4eYAC,a04RB00000kUAO0YAO,001RB00001VTrmnYAD,a0CRB0000CcXZ6b2QG,Rendery セキュリティオプション(SSO)_運用費用,true,既存写真との整合（敷地）,1,30000,,,30000,3000,33000,10,240392971,2026-06-22T00:58:56.000+0000
a01RB00001VdyfRYAR,INVL-0000000050,a00RB000024Ux4eYAC,a04RB00000kUAO0YAO,001RB00001VTrmnYAD,a0CRB0000CcXZ6d2QG,Rendery セキュリティオプション(IP制限)_運用費用,true,詳細整合（インテリア）,2,25000,,,50000,5000,55000,10,240392972,2026-06-22T00:58:56.000+0000
a01RB00001VdyfSYAR,INVL-0000000051,a00RB000024Ux4eYAC,a04RB00000kUAO0YAO,001RB00001VTrmnYAD,a0CRB0000CcXZ6b2QG,Rendery セキュリティオプション(SSO)_運用費用,true,確認タイミング追加,1,30000,,,30000,3000,33000,10,240392973,2026-06-22T00:58:56.000+0000
a01RB00001VdyfTYAR,INVL-0000000052,a00RB000024Ux4eYAC,a04RB00000kUAO0YAO,001RB00001VTrmnYAD,a0CRB0000CcXZ6b2QG,Rendery セキュリティオプション(SSO)_運用費用,true,追加修正,3,30000,,,90000,9000,99000,10,240392974,2026-06-22T00:58:56.000+0000
a01RB00001VdyfUYAR,INVL-0000000053,a00RB000024Ux4fYAC,a04RB00000kUAQ0YAO,001RB00001VTtIfYAL,a0CRB0000CcXZ6i2QG,knock knock AI Basicプラン(50クレジット),true,knock knock AI_Basicプラン(月額),1,11000,,,11000,1100,12100,10,240545769,2026-06-22T00:58:56.000+0000
a01RB00001VdyfVYAR,INVL-0000000054,a00RB000024Ux4gYAC,a04RB00000kUAPzYAO,001RB00001VTqfsYAD,a0CRB0000CcXZ6i2QG,knock knock AI Basicプラン(50クレジット),true,knock knock AI_Basicプラン(月額),1,11000,,,11000,1100,12100,10,240545770,2026-06-22T00:58:56.000+0000
a01RB00001VdyfWYAR,INVL-0000000055,a00RB000024Ux4hYAC,a04RB00000kVL7fYAG,001RB00001VTtIeYAL,a0CRB0000CcXZ6i2QG,knock knock AI Basicプラン(50クレジット),true,knock knock AI Basicプラン,1,11000,,,11000,1100,12100,10,240545771,2026-06-22T00:58:56.000+0000
a01RB00001VdyfXYAR,INVL-0000000056,a00RB000024Ux4iYAC,a04RB00000kUAPxYAO,001RB00001VTtIdYAL,a0CRB0000CcXZ6i2QG,knock knock AI Basicプラン(50クレジット),true,KnockKnockAI_Basicプラン(月額),1,11000,,,11000,1100,12100,10,240545773,2026-06-22T00:58:56.000+0000
a01RB00001VdyfYYAR,INVL-0000000057,a00RB000024Ux4jYAC,a04RB00000kVL7ZYAW,001RB00001VTtIcYAL,a0CRB0000CcXZ6i2QG,knock knock AI Basicプラン(50クレジット),true,knock knock AI_Basicプラン(月額),1,11000,,,11000,1100,12100,10,240545774,2026-06-22T00:58:56.000+0000
a01RB00001VdyfZYAR,INVL-0000000058,a00RB000024Ux4kYAC,a04RB00000kUAP3YAO,001RB00001VTqeXYAT,a0CRB0000CcXZ6Q2QW,Rendery Proプラン,true,Rendery_Pro_月額利用料,1,8000,,,8000,800,8800,10,242305977,2026-06-22T00:58:56.000+0000
a01RB00001VdyfaYAB,INVL-0000000059,a00RB000024Ux4lYAC,a04RB00000kVL7bYAG,001RB00001VTrGlYAL,a0CRB0000CcXZ6i2QG,knock knock AI Basicプラン(50クレジット),true,knock knock AI_Basicプラン＿2025年12月ご利用分,1,11000,,,11000,1100,12100,10,242379789,2026-06-22T00:58:56.000+0000
a01RB00001VdyfbYAB,INVL-0000000060,a00RB000024Ux4lYAC,a04RB00000kVL7bYAG,001RB00001VTrGlYAL,a0CRB0000CcXZ6i2QG,knock knock AI Basicプラン(50クレジット),true,knock knock AI_Basicプラン＿2026年1月ご利用分,1,11000,,,11000,1100,12100,10,242379790,2026-06-22T00:58:56.000+0000
a01RB00001VdyfcYAB,INVL-0000000061,a00RB000024Ux4lYAC,a04RB00000kVL7bYAG,001RB00001VTrGlYAL,a0CRB0000CcXZ6i2QG,knock knock AI Basicプラン(50クレジット),true,knock knock AI_Basicプラン＿2026年2月ご利用分,1,11000,,,11000,1100,12100,10,242379791,2026-06-22T00:58:56.000+0000
a01RB00001VdyfdYAB,INVL-0000000062,a00RB000024Ux4lYAC,a04RB00000kVL7bYAG,001RB00001VTrGlYAL,a0CRB0000CcXZ6i2QG,knock knock AI Basicプラン(50クレジット),true,knock knock AI_Basicプラン＿2026年3月ご利用分,1,11000,,,11000,1100,12100,10,242379792,2026-06-22T00:58:56.000+0000
a01RB00001VdyfeYAB,INVL-0000000063,a00RB000024Ux4mYAC,a04RB00000kVL7RYAW,001RB00001VTqidYAD,a0CRB0000CcXZ6x2QG,受託開発,false,ワークショップ実施・技術助言書の提供(事前共有),1,250000,,,250000,25000,275000,10,242655434,2026-06-22T00:58:56.000+0000
a01RB00001VdyffYAB,INVL-0000000064,a00RB000024Ux4nYAC,a04RB00000kVL7TYAW,001RB00001VTrlAYAT,a0CRB0000CcXZ6V2QW,Rendery Enterpriseプラン,true,Rendery Enterpriseプラン_月額,5,15000,,,75000,7500,82500,10,237831254,2026-06-22T00:58:56.000+0000
a01RB00001VdyfgYAB,INVL-0000000065,a00RB000024Ux4oYAC,a04RB00000kUAOUYA4,001RB00001VTraTYAT,a0CRB0000CcXZ6x2QG,受託開発,false,VISIOAL_ベーシックプラン,1,70000,,,70000,7000,77000,10,243512916,2026-06-22T00:58:56.000+0000
a01RB00001VdyfhYAB,INVL-0000000066,a00RB000024Ux4oYAC,a04RB00000kUAOUYA4,001RB00001VTraTYAT,a0CRB0000CcXZ6d2QG,Rendery セキュリティオプション(IP制限)_運用費用,true,詳細整合（インテリア）,1,25000,,,25000,2500,27500,10,243512917,2026-06-22T00:58:56.000+0000
a01RB00001VdyfiYAB,INVL-0000000067,a00RB000024Ux4oYAC,a04RB00000kUAOUYA4,001RB00001VTraTYAT,a0CRB0000CcXZ6x2QG,受託開発,false,既存写真との整合（インテリア）,1,20000,,,20000,2000,22000,10,243512918,2026-06-22T00:58:56.000+0000
a01RB00001VdyfjYAB,INVL-0000000068,a00RB000024Ux4oYAC,a04RB00000kUAOUYA4,001RB00001VTraTYAT,a0CRB0000CcXZ6d2QG,Rendery セキュリティオプション(IP制限)_運用費用,true,図面整合用モデリング,1,25000,,,25000,2500,27500,10,243512919,2026-06-22T00:58:56.000+0000
a01RB00001VdyfkYAB,INVL-0000000069,a00RB000024Ux4oYAC,a04RB00000kUAOUYA4,001RB00001VTraTYAT,a0CRB0000CcXZ6x2QG,受託開発,false,デモ確認,1,20000,,,20000,2000,22000,10,243512920,2026-06-22T00:58:56.000+0000
a01RB00001VdyfpYAB,INVL-0000000074,a00RB000024Ux4qYAC,a04RB00000kVL7gYAG,001RB00001VcyFOYAZ,a0CRB0000CcXZ6x2QG,受託開発,false,AI北斎_ビジュアル作成費用,3,140000,,,420000,38181,420000,10,244981930,2026-06-22T00:58:56.000+0000
a01RB00001VdyfqYAB,INVL-0000000075,a00RB000024Ux4qYAC,a04RB00000kVL7gYAG,001RB00001VcyFOYAZ,a0CRB0000CcXZ6e2QG,Rendery セキュリティオプション(ドメイン制限)_初期費用,false,額装,3,50000,,,150000,13636,150000,10,244981931,2026-06-22T00:58:56.000+0000
a01RB00001VdyfrYAB,INVL-0000000076,a00RB000024Ux4qYAC,a04RB00000kVL7gYAG,001RB00001VcyFOYAZ,a0CRB0000CcXZ6x2QG,受託開発,false,北斎ディレクション費用,1,450000,,,450000,40909,450000,10,244981932,2026-06-22T00:58:56.000+0000
a01RB00001VdyfsYAB,INVL-0000000077,a00RB000024Ux4qYAC,a04RB00000kVL7gYAG,001RB00001VcyFOYAZ,a0CRB0000CcXZ6x2QG,受託開発,false,事務局運営費用,1,850000,,,850000,77274,850000,10,244981933,2026-06-22T00:58:56.000+0000
a01RB00001VdyfxYAB,INVL-0000000082,a00RB000024Ux4sYAC,a04RB00000kUAOTYA4,001RB00001VTqbXYAT,a0CRB0000CcXZ6T2QW,[OLD] Rendery Enterpriseプラン(2025年9月まで),true,Rendery Enterpriseプラン_月額,12,11000,,,132000,13200,145200,10,250616034,2026-06-22T00:58:56.000+0000
a01RB00001VdyfyYAB,INVL-0000000083,a00RB000024Ux4tYAC,a04RB00000kVL7iYAG,001RB00001VTqUVYA1,a0CRB0000CcXZ6T2QW,[OLD] Rendery Enterpriseプラン(2025年9月まで),true,Rendery　エンタープライズプラン,19,11000,,,209000,20900,229900,10,251062902,2026-06-22T00:58:56.000+0000
a01RB00001VdyfzYAB,INVL-0000000084,a00RB000024Ux4uYAC,a04RB00000kUAOTYA4,001RB00001VTqbXYAT,a0CRB0000CcXZ6T2QW,[OLD] Rendery Enterpriseプラン(2025年9月まで),true,Rendery Enterpriseプラン_月額,12,11000,,,132000,13200,145200,10,251062921,2026-06-22T00:58:56.000+0000
a01RB00001Vdyg0YAB,INVL-0000000085,a00RB000024Ux4vYAC,a04RB00000kUAQAYA4,001RB00001VTrGkYAL,a0CRB0000CcXZ6i2QG,knock knock AI Basicプラン(50クレジット),true,knock knock AI_Basicプラン(月額),1,11000,,,11000,1100,12100,10,251062925,2026-06-22T00:58:56.000+0000
a01RB00001Vdyg1YAB,INVL-0000000086,a00RB000024Ux4wYAC,a04RB00000kUAOfYAO,001RB00001VTqxsYAD,a0CRB0000CcXZ6Q2QW,Rendery Proプラン,true,Rendery_Pro_月額利用料,5,8000,,,40000,4000,44000,10,251062930,2026-06-22T00:58:56.000+0000
a01RB00001Vdyg2YAB,INVL-0000000087,a00RB000024Ux4xYAC,a04RB00000kVL7SYAW,001RB00001VTqxQYAT,a0CRB0000CcXZ6V2QW,Rendery Enterpriseプラン,true,Rendery Enterpriseプラン10アカウント_月額,10,15000,,,150000,15000,165000,10,251062934,2026-06-22T00:58:56.000+0000
a01RB00001Vdyg3YAB,INVL-0000000088,a00RB000024Ux4xYAC,a04RB00000kVL7SYAW,001RB00001VTqxQYAT,a0CRB0000CcXZ6h2QG,Rendery セキュリティオプション+_運用費用,true,セキュリティオプション+_運用費用_月額,1,100000,,,100000,10000,110000,10,251062935,2026-06-22T00:58:56.000+0000
a01RB00001Vdyg4YAB,INVL-0000000089,a00RB000024Ux4yYAC,a04RB00000kUAOgYAO,001RB00001VTqy1YAD,a0CRB0000CcXZ6Q2QW,Rendery Proプラン,true,Rendery_Proプラン_1アカウント(月額費用),1,8000,,,8000,800,8800,10,251062940,2026-06-22T00:58:56.000+0000
a01RB00001Vdyg5YAB,INVL-0000000090,a00RB000024Ux4zYAC,a04RB00000kUAQ9YAO,001RB00001VTqatYAD,a0CRB0000CcXZ6j2QG,knock knock AI Proプラン(300クレジット),true,KnockKnockAI_Proプラン,1,55000,,,55000,5500,60500,10,251062944,2026-06-22T00:58:56.000+0000
a01RB00001Vdyg6YAB,INVL-0000000091,a00RB000024Ux50YAC,a04RB00000kUAOpYAO,001RB00001VTqW8YAL,a0CRB0000CcXZ6Q2QW,Rendery Proプラン,true,Rendery_Pro_3アカウント_月額費用,3,8000,,,24000,2400,26400,10,251062948,2026-06-22T00:58:56.000+0000
a01RB00001Vdyg7YAB,INVL-0000000092,a00RB000024Ux51YAC,a04RB00000kUAOhYAO,001RB00001VTr0hYAD,a0CRB0000CcXZ6Q2QW,Rendery Proプラン,true,Rendery_Pro_月額費用,1,8000,,,8000,800,8800,10,251062953,2026-06-22T00:58:56.000+0000
a01RB00001Vdyg8YAB,INVL-0000000093,a00RB000024Ux52YAC,a04RB00000kUAQCYA4,001RB00001VTrkYYAT,a0CRB0000CcXZ6j2QG,knock knock AI Proプラン(300クレジット),true,KnockKnockAI_Proプラン(月額),1,55000,,,55000,5500,60500,10,251062954,2026-06-22T00:58:56.000+0000
a01RB00001Vdyg9YAB,INVL-0000000094,a00RB000024Ux53YAC,a04RB00000kUAQBYA4,001RB00001VTtIiYAL,a0CRB0000CcXZ6i2QG,knock knock AI Basicプラン(50クレジット),true,knock knock AI_Basicプラン(月額),1,11000,,,11000,1100,12100,10,251062960,2026-06-22T00:58:56.000+0000
a01RB00001VdygAYAR,INVL-0000000095,a00RB000024Ux54YAC,a04RB00000kUAOtYAO,001RB00001VTrkRYAT,a0CRB0000CcXZ6Q2QW,Rendery Proプラン,true,Rendery_Pro_月額利用料,2,8000,,,16000,1600,17600,10,251062965,2026-06-22T00:58:56.000+0000
a01RB00001VdygBYAR,INVL-0000000096,a00RB000024Ux55YAC,a04RB00000kUAP0YAO,001RB00001VTrI5YAL,a0CRB0000CcXZ6V2QW,Rendery Enterpriseプラン,true,Rendery Enterpriseプラン5アカウント_月額,5,15000,,,75000,7500,82500,10,251062966,2026-06-22T00:58:56.000+0000
a01RB00001VdygCYAR,INVL-0000000097,a00RB000024Ux56YAC,a04RB00000kUAQ0YAO,001RB00001VTtIfYAL,a0CRB0000CcXZ6i2QG,knock knock AI Basicプラン(50クレジット),true,knock knock AI_Basicプラン(月額),1,11000,,,11000,1100,12100,10,251317857,2026-06-22T00:58:56.000+0000
a01RB00001VdygDYAR,INVL-0000000098,a00RB000024Ux57YAC,a04RB00000kUAPzYAO,001RB00001VTqfsYAD,a0CRB0000CcXZ6i2QG,knock knock AI Basicプラン(50クレジット),true,knock knock AI_Basicプラン(月額),1,11000,,,11000,1100,12100,10,251317864,2026-06-22T00:58:56.000+0000
a01RB00001VdygEYAR,INVL-0000000099,a00RB000024Ux58YAC,a04RB00000kVL7fYAG,001RB00001VTtIeYAL,a0CRB0000CcXZ6i2QG,knock knock AI Basicプラン(50クレジット),true,knock knock AI Basicプラン,1,11000,,,11000,1100,12100,10,251317869,2026-06-22T00:58:56.000+0000
a01RB00001VdygFYAR,INVL-0000000100,a00RB000024Ux59YAC,a04RB00000kUAPxYAO,001RB00001VTtIdYAL,a0CRB0000CcXZ6i2QG,knock knock AI Basicプラン(50クレジット),true,KnockKnockAI_Basicプラン(月額),1,11000,,,11000,1100,12100,10,251317871,2026-06-22T00:58:56.000+0000
a01RB00001VdygGYAR,INVL-0000000101,a00RB000024Ux5AYAS,a04RB00000kVL7ZYAW,001RB00001VTtIcYAL,a0CRB0000CcXZ6i2QG,knock knock AI Basicプラン(50クレジット),true,knock knock AI_Basicプラン(月額),1,11000,,,11000,1100,12100,10,251317872,2026-06-22T00:58:56.000+0000
a01RB00001VeDdhYAF,INVL-0000000102,a00RB000024Ux5BYAS,a04RB00000kVL7QYAW,001RB00001VTtIZYA1,a0CRB0000CcXZ6i2QG,knock knock AI Basicプラン(50クレジット),true,knock knock AI Basicプラン,1,11000,,,11000,1100,12100,10,251317873,2026-06-22T00:58:56.000+0000
a01RB00001VeDdiYAF,INVL-0000000103,a00RB000024Ux5CYAS,a04RB00000kUAPnYAO,001RB00001VTqaKYAT,a0CRB0000CcXZ6i2QG,knock knock AI Basicプラン(50クレジット),true,knock knock AI Basicプラン,1,11000,,,11000,1100,12100,10,251317874,2026-06-22T00:58:56.000+0000
a01RB00001VeDdjYAF,INVL-0000000104,a00RB000024Ux5DYAS,a04RB00000kVL7jYAG,001RB00001VTCYEYA5,a0CRB0000CcXZ6V2QW,Rendery Enterpriseプラン,true,Rendery Enterpriseプラン_10アカウント_月額,10,15000,,,150000,15000,165000,10,252562660,2026-06-22T00:58:56.000+0000
a01RB00001VeDdkYAF,INVL-0000000105,a00RB000024Ux5DYAS,a04RB00000kVL7jYAG,001RB00001VTCYEYA5,a0CRB0000CcXZ6h2QG,Rendery セキュリティオプション+_運用費用,true,セキュリティオプション+_月額,1,100000,,,100000,10000,110000,10,252562661,2026-06-22T00:58:56.000+0000
a01RB00001VeDdlYAF,INVL-0000000106,a00RB000024Ux5DYAS,a04RB00000kVL7jYAG,001RB00001VTCYEYA5,a0CRB0000CcXZ6g2QG,Rendery セキュリティオプション+_初期費用,false,セキュリティオプション+_初期コスト,1,350000,,,350000,35000,385000,10,252562662,2026-06-22T00:58:56.000+0000
a01RB00001VeDdmYAF,INVL-0000000107,a00RB000024Ux5EYAS,a04RB00000kVL7VYAW,001RB00001VTqgBYAT,a0CRB0000CcXZ6h2QG,Rendery セキュリティオプション+_運用費用,true,セキュリティオプション+_運用費用(12ヶ月分),1,100000,,,100000,36000,396000,10,252624197,2026-06-22T00:58:56.000+0000
a01RB00001VeDdnYAF,INVL-0000000108,a00RB000024Ux5EYAS,a04RB00000kVL7VYAW,001RB00001VTqgBYAT,a0CRB0000CcXZ6Z2QW,[年払] Rendery Enterpriseプラン,false,Rendery Enterpriseプラン_年払い,3,168000,,,504000,50400,554400,10,252624198,2026-06-22T00:58:56.000+0000
a01RB00001VeDdoYAF,INVL-0000000109,a00RB000024Ux5FYAS,a04RB00000kVL7VYAW,001RB00001VTqgBYAT,a0CRB0000CcXZ6h2QG,Rendery セキュリティオプション+_運用費用,true,セキュリティオプション+_運用費用(12ヶ月分),1,100000,,,100000,84000,924000,10,252625101,2026-06-22T00:58:56.000+0000
a01RB00001VeDdpYAF,INVL-0000000110,a00RB000024Ux5FYAS,a04RB00000kVL7VYAW,001RB00001VTqgBYAT,a0CRB0000CcXZ6Z2QW,[年払] Rendery Enterpriseプラン,false,Rendery Enterpriseプラン_年払い,7,168000,,,1176000,117600,1293600,10,252625102,2026-06-22T00:58:56.000+0000
a01RB00001VeDdqYAF,INVL-0000000111,a00RB000024Ux5GYAS,a04RB00000kVL7jYAG,001RB00001VTCYEYA5,a0CRB0000CcXZ6V2QW,Rendery Enterpriseプラン,true,Rendery Enterpriseプラン_10アカウント_月額,10,15000,,,150000,15000,165000,10,256126583,2026-06-22T00:58:56.000+0000
a01RB00001VeDdrYAF,INVL-0000000112,a00RB000024Ux5GYAS,a04RB00000kVL7jYAG,001RB00001VTCYEYA5,a0CRB0000CcXZ6a2QG,Rendery セキュリティオプション(SSO)_初期費用,false,Rendery(Enterprise用)・セキュリティオプション(シングルサインオン)・初期コスト,1,100000,,,100000,10000,110000,10,256126584,2026-06-22T00:58:56.000+0000
a01RB00001VeDdsYAF,INVL-0000000113,a00RB000024Ux5GYAS,a04RB00000kVL7jYAG,001RB00001VTCYEYA5,a0CRB0000CcXZ6b2QG,Rendery セキュリティオプション(SSO)_運用費用,true,セキュリティオプション（シングルサインオン）_月額,1,30000,,,30000,3000,33000,10,256126585,2026-06-22T00:58:56.000+0000
a01RB00001VeDdtYAF,INVL-0000000114,a00RB000024Ux5HYAS,a04RB00000kUAPEYA4,001RB00001VTqU8YAL,a0CRB0000CcXZ6Q2QW,Rendery Proプラン,true,Rendery_Proプラン_1アカウント(月額費用),1,8000,,,8000,800,8800,10,252858509,2026-06-22T00:58:56.000+0000
a01RB00001VeDduYAF,INVL-0000000115,a00RB000024Ux5IYAS,a04RB00000kUAP3YAO,001RB00001VTqeXYAT,a0CRB0000CcXZ6Q2QW,Rendery Proプラン,true,Rendery_Pro_月額利用料,1,8000,,,8000,800,8800,10,253595054,2026-06-22T00:58:56.000+0000
a01RB00001VeDdvYAF,INVL-0000000116,a00RB000024Ux5JYAS,a04RB00000kVL7OYAW,001RB00001VTrkUYAT,a0CRB0000CcXZ6x2QG,受託開発,false,,1,,,,0,,,10,259689217,2026-06-22T00:58:56.000+0000
a01RB00001VeDdwYAF,INVL-0000000117,a00RB000024Ux5KYAS,a04RB00000kUAOAYA4,001RB00001VTruAYAT,a0CRB0000CcXZ6V2QW,Rendery Enterpriseプラン,true,Rendery_Enterpriseプラン,15,15000,,,225000,16500,181500,10,260186510,2026-06-22T00:58:56.000+0000
a01RB00001VeDdxYAF,INVL-0000000118,a00RB000024Ux5LYAS,a04RB00000kUANdYAO,001RB00001VTqlYYAT,a0CRB0000CcXZ6Q2QW,Rendery Proプラン,true,Rendery（月額）,8,8000,,,64000,6400,70400,10,261351848,2026-06-22T00:58:56.000+0000
a01RB00001VeDdyYAF,INVL-0000000119,a00RB000024Ux5MYAS,a04RB00000kUANiYAO,001RB00001VTqlHYAT,a0CRB0000CcXZ6T2QW,[OLD] Rendery Enterpriseプラン(2025年9月まで),true,Rendery　エンタープライズプラン,44,11000,,,484000,48400,532400,10,261354124,2026-06-22T00:58:56.000+0000
a01RB00001VeDdzYAF,INVL-0000000120,a00RB000024Ux5NYAS,a04RB00000kVL7JYAW,001RB00001VTqlZYAT,a0CRB0000CcXZ6T2QW,[OLD] Rendery Enterpriseプラン(2025年9月まで),true,Rendery＿Enterpriseプラン_月額,7,11000,,,77000,7700,84700,10,261363402,2026-06-22T00:58:56.000+0000
a01RB00001VeDe0YAF,INVL-0000000121,a00RB000024Ux5OYAS,a04RB00000kVL7iYAG,001RB00001VTqUVYA1,a0CRB0000CcXZ6T2QW,[OLD] Rendery Enterpriseプラン(2025年9月まで),true,Rendery　エンタープライズプラン,19,11000,,,209000,20900,229900,10,260813862,2026-06-22T00:58:56.000+0000
a01RB00001VeDe1YAF,INVL-0000000122,a00RB000024Ux5PYAS,a04RB00000kUAOTYA4,001RB00001VTqbXYAT,a0CRB0000CcXZ6T2QW,[OLD] Rendery Enterpriseプラン(2025年9月まで),true,Rendery Enterpriseプラン_月額,12,11000,,,132000,13200,145200,10,260813887,2026-06-22T00:58:56.000+0000
a01RB00001VeDe2YAF,INVL-0000000123,a00RB000024Ux5QYAS,a04RB00000kUAQAYA4,001RB00001VTrGkYAL,a0CRB0000CcXZ6i2QG,knock knock AI Basicプラン(50クレジット),true,knock knock AI_Basicプラン(月額),1,11000,,,11000,1100,12100,10,260813893,2026-06-22T00:58:56.000+0000
a01RB00001VeDe3YAF,INVL-0000000124,a00RB000024Ux5RYAS,a04RB00000kUAOfYAO,001RB00001VTqxsYAD,a0CRB0000CcXZ6Q2QW,Rendery Proプラン,true,Rendery_Pro_月額利用料,5,8000,,,40000,4000,44000,10,260813899,2026-06-22T00:58:56.000+0000
a01RB00001VeDe4YAF,INVL-0000000125,a00RB000024Ux5SYAS,a04RB00000kVL7SYAW,001RB00001VTqxQYAT,a0CRB0000CcXZ6V2QW,Rendery Enterpriseプラン,true,Rendery Enterpriseプラン10アカウント_月額,10,15000,,,150000,15000,165000,10,260813902,2026-06-22T00:58:56.000+0000
a01RB00001VeDe5YAF,INVL-0000000126,a00RB000024Ux5SYAS,a04RB00000kVL7SYAW,001RB00001VTqxQYAT,a0CRB0000CcXZ6h2QG,Rendery セキュリティオプション+_運用費用,true,セキュリティオプション+_運用費用_月額,1,100000,,,100000,10000,110000,10,260813903,2026-06-22T00:58:56.000+0000
a01RB00001VeDe6YAF,INVL-0000000127,a00RB000024Ux5TYAS,a04RB00000kUAOgYAO,001RB00001VTqy1YAD,a0CRB0000CcXZ6Q2QW,Rendery Proプラン,true,Rendery_Proプラン_1アカウント(月額費用),1,8000,,,8000,800,8800,10,260813907,2026-06-22T00:58:56.000+0000
a01RB00001VeDe7YAF,INVL-0000000128,a00RB000024Ux5UYAS,a04RB00000kUAQ9YAO,001RB00001VTqatYAD,a0CRB0000CcXZ6j2QG,knock knock AI Proプラン(300クレジット),true,KnockKnockAI_Proプラン,1,55000,,,55000,5500,60500,10,260813911,2026-06-22T00:58:56.000+0000
a01RB00001VeDe8YAF,INVL-0000000129,a00RB000024Ux5VYAS,a04RB00000kUAOpYAO,001RB00001VTqW8YAL,a0CRB0000CcXZ6Q2QW,Rendery Proプラン,true,Rendery_Pro_3アカウント_月額費用,3,8000,,,24000,2400,26400,10,260813916,2026-06-22T00:58:56.000+0000
a01RB00001VeDe9YAF,INVL-0000000130,a00RB000024Ux5WYAS,a04RB00000kUAOhYAO,001RB00001VTr0hYAD,a0CRB0000CcXZ6Q2QW,Rendery Proプラン,true,Rendery_Pro_月額費用,1,8000,,,8000,800,8800,10,260813919,2026-06-22T00:58:56.000+0000
a01RB00001VeDeAYAV,INVL-0000000131,a00RB000024Ux5XYAS,a04RB00000kUAQCYA4,001RB00001VTrkYYAT,a0CRB0000CcXZ6j2QG,knock knock AI Proプラン(300クレジット),true,KnockKnockAI_Proプラン(月額),1,55000,,,55000,5500,60500,10,260813921,2026-06-22T00:58:56.000+0000
a01RB00001VeDeBYAV,INVL-0000000132,a00RB000024Ux5YYAS,a04RB00000kUAQBYA4,001RB00001VTtIiYAL,a0CRB0000CcXZ6i2QG,knock knock AI Basicプラン(50クレジット),true,knock knock AI_Basicプラン(月額),1,11000,,,11000,1100,12100,10,260813926,2026-06-22T00:58:56.000+0000
a01RB00001VeDeCYAV,INVL-0000000133,a00RB000024Ux5ZYAS,a04RB00000kUAOtYAO,001RB00001VTrkRYAT,a0CRB0000CcXZ6Q2QW,Rendery Proプラン,true,Rendery_Pro_月額利用料,2,8000,,,16000,1600,17600,10,260813930,2026-06-22T00:58:56.000+0000
a01RB00001VeDeDYAV,INVL-0000000134,a00RB000024Ux5aYAC,a04RB00000kUAP0YAO,001RB00001VTrI5YAL,a0CRB0000CcXZ6V2QW,Rendery Enterpriseプラン,true,Rendery Enterpriseプラン5アカウント_月額,5,15000,,,75000,7500,82500,10,260813934,2026-06-22T00:58:56.000+0000
a01RB00001VeDeEYAV,INVL-0000000135,a00RB000024Ux5bYAC,a04RB00000kUAOyYAO,001RB00001VTrlBYAT,a0CRB0000CcXZ6Q2QW,Rendery Proプラン,true,Rendery Proプラン2アカウント_月額費用(月払い),2,8000,,,16000,1600,17600,10,260813936,2026-06-22T00:58:56.000+0000
a01RB00001VeDeFYAV,INVL-0000000136,a00RB000024Ux5cYAC,a04RB00000kUAOzYAO,001RB00001VTqgHYAT,a0CRB0000CcXZ6Q2QW,Rendery Proプラン,true,Rendery_Proプラン_3アカウント(月額費用),3,8000,,,24000,2400,26400,10,260813939,2026-06-22T00:58:56.000+0000
a01RB00001VeDeGYAV,INVL-0000000137,a00RB000024Ux5dYAC,a04RB00000kUAP3YAO,001RB00001VTqeXYAT,a0CRB0000CcXZ6Q2QW,Rendery Proプラン,true,Rendery_Pro_月額利用料,1,8000,,,8000,800,8800,10,260813943,2026-06-22T00:58:56.000+0000
a01RB00001VeDeHYAV,INVL-0000000138,a00RB000024Ux5eYAC,a04RB00000kUAP5YAO,001RB00001VTrkbYAD,a0CRB0000CcXZ6V2QW,Rendery Enterpriseプラン,true,Rendery Enterpriseプラン_5アカウント_月払い,5,15000,,,75000,7500,82500,10,260813947,2026-06-22T00:58:56.000+0000
a01RB00001VeDeIYAV,INVL-0000000139,a00RB000024Ux5fYAC,a04RB00000kUAP6YAO,001RB00001VTrlqYAD,a0CRB0000CcXZ6V2QW,Rendery Enterpriseプラン,true,Rendery Enterpriseプラン_5アカウント_月払い,5,15000,,,75000,7500,82500,10,260813950,2026-06-22T00:58:56.000+0000
a01RB00001VeDeJYAV,INVL-0000000140,a00RB000024Ux5gYAC,a04RB00000kUAP4YAO,001RB00001VTqnvYAD,a0CRB0000CcXZ6Q2QW,Rendery Proプラン,true,Rendery Proプラン2アカウント_月額費用(月払い),2,8000,,,16000,1600,17600,10,260813952,2026-06-22T00:58:56.000+0000
a01RB00001VeDeKYAV,INVL-0000000141,a00RB000024Ux5hYAC,a04RB00000kUAPAYA4,001RB00001VTrqeYAD,a0CRB0000CcXZ6Q2QW,Rendery Proプラン,true,Rendery_Proプラン_1アカウント(月額費用),1,8000,,,8000,800,8800,10,260813964,2026-06-22T00:58:56.000+0000
a01RB00001VeDeLYAV,INVL-0000000142,a00RB000024Ux5iYAC,a04RB00000kVL7VYAW,001RB00001VTqgBYAT,a0CRB0000CcXZ6x2QG,受託開発,false,一次審査資料作成業務,1,750000,,,750000,75000,825000,10,262340884,2026-06-22T00:58:56.000+0000
a01RB00001VeDeMYAV,INVL-0000000143,a00RB000024Ux5jYAC,a04RB00000kVL7KYAW,001RB00001VcyFKYAZ,a0CRB0000CcXZ6U2QW,[OLD_年払]Rendery Enterpriseプラン(2025年9月まで),true,モニター等の機器設置作業,1,10000,,,10000,1000,11000,10,262354344,2026-06-22T00:58:56.000+0000
a01RB00001VeDeNYAV,INVL-0000000144,a00RB000024Ux5jYAC,a04RB00000kVL7KYAW,001RB00001VcyFKYAZ,a0CRB0000CcXZ6V2QW,Rendery Enterpriseプラン,true,設置作業、動作確認,1,15000,,,15000,1500,16500,10,262354345,2026-06-22T00:58:56.000+0000
a01RB00001VeDeOYAV,INVL-0000000145,a00RB000024Ux5jYAC,a04RB00000kVL7KYAW,001RB00001VcyFKYAZ,a0CRB0000CcXZ6U2QW,[OLD_年払]Rendery Enterpriseプラン(2025年9月まで),true,モニター等の機器撤去作業,1,10000,,,10000,1000,11000,10,262354346,2026-06-22T00:58:56.000+0000
a01RB00001VeDePYAV,INVL-0000000146,a00RB000024Ux5jYAC,a04RB00000kVL7KYAW,001RB00001VcyFKYAZ,a0CRB0000CcXZ6b2QG,Rendery セキュリティオプション(SSO)_運用費用,true,バックエンド：テスト用PCセットアップ,1,30000,,,30000,3000,33000,10,262354347,2026-06-22T00:58:56.000+0000
a01RB00001VeDeQYAV,INVL-0000000147,a00RB000024Ux5jYAC,a04RB00000kVL7KYAW,001RB00001VcyFKYAZ,a0CRB0000CcXZ6U2QW,[OLD_年払]Rendery Enterpriseプラン(2025年9月まで),true,バックエンド：小型モニターにiPad画面を表示,1,10000,,,10000,1000,11000,10,262354348,2026-06-22T00:58:56.000+0000
a01RB00001VeDeRYAV,INVL-0000000148,a00RB000024Ux5jYAC,a04RB00000kVL7KYAW,001RB00001VcyFKYAZ,a0CRB0000CcXZ6b2QG,Rendery セキュリティオプション(SSO)_運用費用,true,フロントエンド：テスト用PCセットアップ,1,30000,,,30000,3000,33000,10,262354349,2026-06-22T00:58:56.000+0000
a01RB00001VeDeSYAV,INVL-0000000149,a00RB000024Ux5jYAC,a04RB00000kVL7KYAW,001RB00001VcyFKYAZ,a0CRB0000CcXZ6U2QW,[OLD_年払]Rendery Enterpriseプラン(2025年9月まで),true,フロントエンド：花挙動変更,1,10000,,,10000,1000,11000,10,262354350,2026-06-22T00:58:56.000+0000
a01RB00001VeDeTYAV,INVL-0000000150,a00RB000024Ux5jYAC,a04RB00000kVL7KYAW,001RB00001VcyFKYAZ,a0CRB0000CcXZ6x2QG,受託開発,false,フロントエンド：小型モニターにiPad画面を表示,1,20000,,,20000,2000,22000,10,262354351,2026-06-22T00:58:56.000+0000
a01RB00001VeDeUYAV,INVL-0000000151,a00RB000024Ux5jYAC,a04RB00000kVL7KYAW,001RB00001VcyFKYAZ,a0CRB0000CcXZ6x2QG,受託開発,false,当日待機費用,3,5000,,,15000,1500,16500,10,262354352,2026-06-22T00:58:56.000+0000
a01RB00001VeDeVYAV,INVL-0000000152,a00RB000024Ux5kYAC,a04RB00000kUAOnYAO,001RB00001VTqsxYAD,a0CRB0000CcXZ6Z2QW,[年払] Rendery Enterpriseプラン,false,Rendery Enterpriseプラン5アカウント_年間払い,5,168000,,,840000,84000,924000,10,262414937,2026-06-22T00:58:56.000+0000
a01RB00001VeDeWYAV,INVL-0000000153,a00RB000024Vf1xYAC,a04RB00000kUAOUYA4,001RB00001VTraTYAT,a0CRB0000CcXZ6x2QG,受託開発,false,画像生成AIサービス 運用費(PoC料金),2,70000,,,140000,14000,154000,10,262910529,2026-06-22T00:58:56.000+0000
a01RB00001VeDeXYAV,INVL-0000000154,a00RB000024Vf1yYAC,a04RB00000kVL7cYAG,001RB00001VTrvcYAD,a0CRB0000CcXZ6V2QW,Rendery Enterpriseプラン,true,[月額費用]Rendery Enterpriseプラン_11アカウント,13,15000,,,195000,19500,214500,10,263806050,2026-06-22T00:58:56.000+0000
a01RB00001VeDeYYAV,INVL-0000000155,a00RB000024Vf1yYAC,a04RB00000kVL7cYAG,001RB00001VTrvcYAD,a0CRB0000CcXZ6h2QG,Rendery セキュリティオプション+_運用費用,true,[月額費用]セキュリティオプション+_運用費用,1,100000,,,100000,10000,110000,10,263806051,2026-06-22T00:58:56.000+0000
a01RB00001VeDeZYAV,INVL-0000000156,a00RB000024Vf1zYAC,a04RB00000kVL7UYAW,001RB00001VTrxYYAT,a0CRB0000CcXZ6Q2QW,Rendery Proプラン,true,Rendery_Proプラン_1アカウント(年間費用),12,8000,,,96000,9600,105600,10,267421977,2026-06-22T00:58:56.000+0000
a01RB00001VeDeaYAF,INVL-0000000157,a00RB000024Vf20YAC,a04RB00000kVL7PYAW,001RB00001VTCZLYA5,a0CRB0000CcXZ6x2QG,受託開発,false,事業開発検討,1,4000000,,,4000000,400000,4400000,10,269289866,2026-06-22T00:58:56.000+0000
a01RB00001VeDebYAF,INVL-0000000158,a00RB000024Vf20YAC,a04RB00000kVL7PYAW,001RB00001VTCZLYA5,a0CRB0000CcXZ6x2QG,受託開発,false,3Dモデル自動生成システム開発PoC,1,2000000,,,2000000,200000,2200000,10,269289867,2026-06-22T00:58:56.000+0000
a01RB00001VeDecYAF,INVL-0000000159,a00RB000024Vf21YAC,a04RB00000kUAOUYA4,001RB00001VTraTYAT,a0CRB0000CcXZ6x2QG,受託開発,false,保守・運用費,9,70000,,,630000,63000,693000,10,269690574,2026-06-22T00:58:56.000+0000
a01RB00001VeDefYAF,INVL-0000000162,a00RB000024Vf24YAC,a04RB00000kVL7hYAG,001RB00001VcyFPYAZ,a0CRB0000CcXZ6Q2QW,Rendery Proプラン,true,Rendery(Pro用)・月額料金,6,8000,,,48000,4800,52800,10,263221214,2026-06-22T00:58:56.000+0000
a01RB00001VeDegYAF,INVL-0000000163,a00RB000024Vf25YAC,a04RB00000kVL7LYAW,001RB00001VTCZ9YAP,a0CRB0000CcXZ6x2QG,受託開発,false,パースディレクション,1,495000,,,495000,49500,544500,10,271468652,2026-06-22T00:58:56.000+0000
a01RB00001VeDehYAF,INVL-0000000164,a00RB000024Vf26YAC,a04RB00000kVL7iYAG,001RB00001VTqUVYA1,a0CRB0000CcXZ6T2QW,[OLD] Rendery Enterpriseプラン(2025年9月まで),true,Rendery　エンタープライズプラン,19,11000,,,209000,20900,229900,10,270725173,2026-06-22T00:58:56.000+0000
a01RB00001VeDeiYAF,INVL-0000000165,a00RB000024Vf27YAC,a04RB00000kUAOTYA4,001RB00001VTqbXYAT,a0CRB0000CcXZ6T2QW,[OLD] Rendery Enterpriseプラン(2025年9月まで),true,Rendery Enterpriseプラン_月額,12,11000,,,132000,13200,145200,10,270725200,2026-06-22T00:58:56.000+0000
a01RB00001VeDejYAF,INVL-0000000166,a00RB000024Vf28YAC,a04RB00000kUAQAYA4,001RB00001VTrGkYAL,a0CRB0000CcXZ6i2QG,knock knock AI Basicプラン(50クレジット),true,knock knock AI_Basicプラン(月額),1,11000,,,11000,1100,12100,10,270725207,2026-06-22T00:58:56.000+0000
a01RB00001VeDekYAF,INVL-0000000167,a00RB000024Vf29YAC,a04RB00000kUAOfYAO,001RB00001VTqxsYAD,a0CRB0000CcXZ6Q2QW,Rendery Proプラン,true,Rendery_Pro_月額利用料,6,8000,,,48000,4800,52800,10,270725214,2026-06-22T00:58:56.000+0000
a01RB00001VeDelYAF,INVL-0000000168,a00RB000024Vf2AYAS,a04RB00000kVL7SYAW,001RB00001VTqxQYAT,a0CRB0000CcXZ6V2QW,Rendery Enterpriseプラン,true,Rendery Enterpriseプラン10アカウント_月額,10,15000,,,150000,15000,165000,10,270725217,2026-06-22T00:58:56.000+0000
a01RB00001VeDemYAF,INVL-0000000169,a00RB000024Vf2AYAS,a04RB00000kVL7SYAW,001RB00001VTqxQYAT,a0CRB0000CcXZ6h2QG,Rendery セキュリティオプション+_運用費用,true,セキュリティオプション+_運用費用_月額,1,100000,,,100000,10000,110000,10,270725218,2026-06-22T00:58:56.000+0000
a01RB00001VeDenYAF,INVL-0000000170,a00RB000024Vf2BYAS,a04RB00000kUAOgYAO,001RB00001VTqy1YAD,a0CRB0000CcXZ6Q2QW,Rendery Proプラン,true,Rendery_Proプラン_２アカウント(月額費用),2,8000,,,16000,1600,17600,10,271145845,2026-06-22T00:58:56.000+0000
a01RB00001VeDeoYAF,INVL-0000000171,a00RB000024Vf2CYAS,a04RB00000kUAQ9YAO,001RB00001VTqatYAD,a0CRB0000CcXZ6j2QG,knock knock AI Proプラン(300クレジット),true,KnockKnockAI_Proプラン,1,55000,,,55000,5500,60500,10,270725220,2026-06-22T00:58:56.000+0000
a01RB00001VeDepYAF,INVL-0000000172,a00RB000024Vf2DYAS,a04RB00000kUAOpYAO,001RB00001VTqW8YAL,a0CRB0000CcXZ6Q2QW,Rendery Proプラン,true,Rendery_Pro_3アカウント_月額費用,3,8000,,,24000,2400,26400,10,270725221,2026-06-22T00:58:56.000+0000
a01RB00001VeDeqYAF,INVL-0000000173,a00RB000024Vf2EYAS,a04RB00000kUAOhYAO,001RB00001VTr0hYAD,a0CRB0000CcXZ6Q2QW,Rendery Proプラン,true,Rendery_Pro_月額費用,1,8000,,,8000,800,8800,10,270725222,2026-06-22T00:58:56.000+0000
a01RB00001VeDerYAF,INVL-0000000174,a00RB000024Vf2FYAS,a04RB00000kUAQCYA4,001RB00001VTrkYYAT,a0CRB0000CcXZ6j2QG,knock knock AI Proプラン(300クレジット),true,KnockKnockAI_Proプラン(月額),1,55000,,,55000,5500,60500,10,270725224,2026-06-22T00:58:56.000+0000
a01RB00001VeDesYAF,INVL-0000000175,a00RB000024Vf2GYAS,a04RB00000kUAQBYA4,001RB00001VTtIiYAL,a0CRB0000CcXZ6i2QG,knock knock AI Basicプラン(50クレジット),true,knock knock AI_Basicプラン(月額),1,11000,,,11000,1100,12100,10,270725225,2026-06-22T00:58:56.000+0000
a01RB00001VeDetYAF,INVL-0000000176,a00RB000024Vf2HYAS,a04RB00000kUAOtYAO,001RB00001VTrkRYAT,a0CRB0000CcXZ6Q2QW,Rendery Proプラン,true,Rendery_Pro_月額利用料,2,8000,,,16000,1600,17600,10,270725226,2026-06-22T00:58:56.000+0000
a01RB00001VeDeuYAF,INVL-0000000177,a00RB000024Vf2IYAS,a04RB00000kUAP0YAO,001RB00001VTrI5YAL,a0CRB0000CcXZ6V2QW,Rendery Enterpriseプラン,true,Rendery Enterpriseプラン5アカウント_月額,5,15000,,,75000,7500,82500,10,270725227,2026-06-22T00:58:56.000+0000
a01RB00001VeDevYAF,INVL-0000000178,a00RB000024Vf2JYAS,a04RB00000kUAOyYAO,001RB00001VTrlBYAT,a0CRB0000CcXZ6Q2QW,Rendery Proプラン,true,Rendery Proプラン2アカウント_月額費用(月払い),2,8000,,,16000,1600,17600,10,270725231,2026-06-22T00:58:56.000+0000
a01RB00001VeDewYAF,INVL-0000000179,a00RB000024Vf2KYAS,a04RB00000kUAOzYAO,001RB00001VTqgHYAT,a0CRB0000CcXZ6Q2QW,Rendery Proプラン,true,Rendery_Proプラン_3アカウント(月額費用),3,8000,,,24000,2400,26400,10,270725232,2026-06-22T00:58:56.000+0000
a01RB00001VeDexYAF,INVL-0000000180,a00RB000024Vf2LYAS,a04RB00000kUAP3YAO,001RB00001VTqeXYAT,a0CRB0000CcXZ6Q2QW,Rendery Proプラン,true,Rendery_Pro_月額利用料,1,8000,,,8000,800,8800,10,270725233,2026-06-22T00:58:56.000+0000
a01RB00001VeDeyYAF,INVL-0000000181,a00RB000024Vf2MYAS,a04RB00000kUAP5YAO,001RB00001VTrkbYAD,a0CRB0000CcXZ6V2QW,Rendery Enterpriseプラン,true,Rendery Enterpriseプラン_5アカウント_月払い,5,15000,,,75000,7500,82500,10,270725234,2026-06-22T00:58:56.000+0000
a01RB00001VeDezYAF,INVL-0000000182,a00RB000024Vf2NYAS,a04RB00000kUAP6YAO,001RB00001VTrlqYAD,a0CRB0000CcXZ6V2QW,Rendery Enterpriseプラン,true,Rendery Enterpriseプラン_5アカウント_月払い,5,15000,,,75000,7500,82500,10,270725235,2026-06-22T00:58:56.000+0000
a01RB00001VeDf0YAF,INVL-0000000183,a00RB000024Vf2OYAS,a04RB00000kUAP7YAO,001RB00001VTrqdYAD,a0CRB0000CcXZ6Q2QW,Rendery Proプラン,true,Rendery_Proプラン_1アカウント(月額費用),1,8000,,,8000,800,8800,10,270725237,2026-06-22T00:58:56.000+0000
a01RB00001VeDf1YAF,INVL-0000000184,a00RB000024Vf2PYAS,a04RB00000kUAP4YAO,001RB00001VTqnvYAD,a0CRB0000CcXZ6Q2QW,Rendery Proプラン,true,Rendery Proプラン2アカウント_月額費用(月払い),2,8000,,,16000,1600,17600,10,270725238,2026-06-22T00:58:56.000+0000
a01RB00001VeDf2YAF,INVL-0000000185,a00RB000024Vf2QYAS,a04RB00000kVL7PYAW,001RB00001VTCZLYA5,a0CRB0000CcXZ6x2QG,受託開発,false,事業開発検討,1,4000000,,,4000000,400000,4400000,10,270725265,2026-06-22T00:58:56.000+0000
a01RB00001VeDf3YAF,INVL-0000000186,a00RB000024Vf2QYAS,a04RB00000kVL7PYAW,001RB00001VTCZLYA5,a0CRB0000CcXZ6x2QG,受託開発,false,3Dモデル自動生成システム開発PoC,1,2000000,,,2000000,200000,2200000,10,270725266,2026-06-22T00:58:56.000+0000
a01RB00001ZHzopYAD,INVL-0000000187,a00RB000027ffOkYAI,a04RB00000kUAPIYA4,001RB00001VTCZZYA5,a0CRB0000CcXZ6Q2QW,Rendery Proプラン,true,Rendery_Proプラン_4アカウント(月額費用),4,8000,,,32000,3200,35200,10,277921352,2026-07-06T22:20:37.000+0000
a01RB00001ZIOTpYAP,INVL-0000000188,a00RB000027flsLYAQ,a04RB00000kUAPzYAO,001RB00001VTqfsYAD,a0CRB0000CcXZ6i2QG,knock knock AI Basicプラン(50クレジット),true,knock knock AI_Basicプラン(月額),1,11000,,,11000,1100,12100,10,270986995,2026-07-06T22:24:12.000+0000
a01RB00001ZIQfJYAX,INVL-0000000189,a00RB000027fzNRYAY,a04RB00000kUAOFYA4,001RB00001VTqbbYAD,a0CRB0000CcXZ6Q2QW,Rendery Proプラン,true,Rendery(Pro用)・月額料金,1,8000,,,8000,800,8800,10,270987019,2026-07-06T22:34:29.000+0000
a01RB00001ZIQfKYAX,INVL-0000000190,a00RB000027fzNSYAY,a04RB00000kUAO7YAO,001RB00001VTqU3YAL,a0CRB0000CcXZ6Q2QW,Rendery Proプラン,true,Rendery_Proプラン(月額),1,8000,,,8000,800,8800,10,270987021,2026-07-06T22:34:29.000+0000
a01RB00001ZIQfLYAX,INVL-0000000191,a00RB000027fzNTYAY,a04RB00000kUAO2YAO,001RB00001VTCYFYA5,a0CRB0000CcXZ6Q2QW,Rendery Proプラン,true,Rendery_Proプラン(月額),2,8000,,,16000,1600,17600,10,270987022,2026-07-06T22:34:29.000+0000
a01RB00001ZIQfMYAX,INVL-0000000192,a00RB000027fzNUYAY,a04RB00000kUAO1YAO,001RB00001VTCYGYA5,a0CRB0000CcXZ6T2QW,[OLD] Rendery Enterpriseプラン(2025年9月まで),true,Rendery(エンタープライズプラン),5,11000,,,55000,5500,60500,10,270987023,2026-07-06T22:34:29.000+0000
a01RB00001ZIQfNYAX,INVL-0000000193,a00RB000027fzNVYAY,a04RB00000kUANwYAO,001RB00001VTqUoYAL,a0CRB0000CcXZ6Q2QW,Rendery Proプラン,true,Rendery_Pro_月額利用料,1,8000,,,8000,800,8800,10,270987027,2026-07-06T22:34:29.000+0000
a01RB00001ZIQfOYAX,INVL-0000000194,a00RB000027fzNWYAY,a04RB00000kUANmYAO,001RB00001VTqlOYAT,a0CRB0000CcXZ6Q2QW,Rendery Proプラン,true,Rendery_Pro(月額),1,8000,,,8000,800,8800,10,270987029,2026-07-06T22:34:29.000+0000
a01RB00001ZIQfPYAX,INVL-0000000195,a00RB000027fzNXYAY,a04RB00000kUANgYAO,001RB00001VTrs0YAD,a0CRB0000CcXZ6T2QW,[OLD] Rendery Enterpriseプラン(2025年9月まで),true,Rendery(エンタープライズプラン),1,11000,,,11000,1100,12100,10,270987030,2026-07-06T22:34:29.000+0000
a01RB00001ZIQfQYAX,INVL-0000000196,a00RB000027fzNYYAY,a04RB00000kUAO0YAO,001RB00001VTrmnYAD,a0CRB0000CcXZ6T2QW,[OLD] Rendery Enterpriseプラン(2025年9月まで),true,Rendery　エンタープライズプラン(月額),5,11000,,,55000,5500,60500,10,270987031,2026-07-06T22:34:29.000+0000
a01RB00001ZIQfRYAX,INVL-0000000197,a00RB000027fzNZYAY,a04RB00000kUAPjYAO,001RB00001VTqZWYA1,a0CRB0000CcXZ6i2QG,knock knock AI Basicプラン(50クレジット),true,knock knock AI Basicプラン(月額),1,11000,,,11000,1100,12100,10,270987032,2026-07-06T22:34:29.000+0000
a01RB00001ZIQfSYAX,INVL-0000000198,a00RB000027fzNaYAI,a04RB00000kUAQ2YAO,001RB00001VTqnbYAD,a0CRB0000CcXZ6i2QG,knock knock AI Basicプラン(50クレジット),true,knock knock AI_Basicプラン(月額),1,11000,,,11000,1100,12100,10,270987033,2026-07-06T22:34:29.000+0000
a01RB00001ZIQfTYAX,INVL-0000000199,a00RB000027fzNbYAI,a04RB00000kUAQ3YAO,001RB00001VTqnHYAT,a0CRB0000CcXZ6i2QG,knock knock AI Basicプラン(50クレジット),true,knock knock AI_Basicプラン(月額),1,11000,,,11000,1100,12100,10,270987034,2026-07-06T22:34:29.000+0000
a01RB00001ZIQfUYAX,INVL-0000000200,a00RB000027fzNcYAI,a04RB00000kUAORYA4,001RB00001VTqmBYAT,a0CRB0000CcXZ6T2QW,[OLD] Rendery Enterpriseプラン(2025年9月まで),true,Rendery Enterpriseプラン_月額,5,11000,,,55000,5500,60500,10,270987036,2026-07-06T22:34:29.000+0000
a01RB00001ZIQfVYAX,INVL-0000000201,a00RB000027fzNdYAI,a04RB00000kUAPAYA4,001RB00001VTrqeYAD,a0CRB0000CcXZ6Q2QW,Rendery Proプラン,true,Rendery_Proプラン_1アカウント(月額費用),1,8000,,,8000,800,8800,10,270725240,2026-07-06T22:34:29.000+0000
a01RB00001ZIQfWYAX,INVL-0000000202,a00RB000027fzNeYAI,a04RB00000kUAP1YAO,001RB00001VTrUSYA1,a0CRB0000CcXZ6Q2QW,Rendery Proプラン,true,Rendery Proプラン5アカウント_月額,5,8000,,,40000,4000,44000,10,270725245,2026-07-06T22:34:29.000+0000
a01RB00001ZIQfXYAX,INVL-0000000203,a00RB000027fzNfYAI,a04RB00000kUAPEYA4,001RB00001VTqU8YAL,a0CRB0000CcXZ6Q2QW,Rendery Proプラン,true,Rendery_Proプラン_1アカウント(月額費用),1,8000,,,8000,800,8800,10,270725247,2026-07-06T22:34:29.000+0000
a01RB00001ZIQfYYAX,INVL-0000000204,a00RB000027fzNgYAI,a04RB00000kUAPBYA4,001RB00001VTrYEYA1,a0CRB0000CcXZ6Q2QW,Rendery Proプラン,true,Rendery_Pro_月額利用料,1,8000,,,8000,800,8800,10,270725248,2026-07-06T22:34:29.000+0000
a01RB00001ZIQfZYAX,INVL-0000000205,a00RB000027fzNhYAI,a04RB00000kUAP7YAO,001RB00001VTrqdYAD,a0CRB0000CcXZ6Q2QW,Rendery Proプラン,true,Rendery_Proプラン_1アカウント(月額費用),1,8000,,,8000,800,8800,10,270725253,2026-07-06T22:34:29.000+0000
a01RB00001ZIQfaYAH,INVL-0000000206,a00RB000027fzNiYAI,a04RB00000kUAPHYA4,001RB00001VTro2YAD,a0CRB0000CcXZ6Q2QW,Rendery Proプラン,true,Rendery_Proプラン_1アカウント(月額費用),1,8000,,,8000,800,8800,10,270725259,2026-07-06T22:34:29.000+0000
a01RB00001ZIQfbYAH,INVL-0000000207,a00RB000027fzNjYAI,a04RB00000kUAQ0YAO,001RB00001VTtIfYAL,a0CRB0000CcXZ6i2QG,knock knock AI Basicプラン(50クレジット),true,knock knock AI_Basicプラン(月額),1,11000,,,11000,1100,12100,10,270986993,2026-07-06T22:34:29.000+0000
a01RB00001ZIQfcYAH,INVL-0000000208,a00RB000027fzNkYAI,a04RB00000kUAPxYAO,001RB00001VTtIdYAL,a0CRB0000CcXZ6i2QG,knock knock AI Basicプラン(50クレジット),true,KnockKnockAI_Basicプラン(月額),1,11000,,,11000,1100,12100,10,271333709,2026-07-06T22:34:29.000+0000
a01RB00001ZIQfdYAH,INVL-0000000209,a00RB000027fzNlYAI,a04RB00000kUAPnYAO,001RB00001VTqaKYAT,a0CRB0000CcXZ6i2QG,knock knock AI Basicプラン(50クレジット),true,knock knock AI Basicプラン,1,11000,,,11000,1100,12100,10,270987000,2026-07-06T22:34:29.000+0000
a01RB00001ZIQfeYAH,INVL-0000000210,a00RB000027fzNmYAI,a04RB00000kUAPlYAO,001RB00001VTtIXYA1,a0CRB0000CcXZ6i2QG,knock knock AI Basicプラン(50クレジット),true,knock knock AI_Basicプラン,1,11000,,,11000,1100,12100,10,270987001,2026-07-06T22:34:29.000+0000
a01RB00001ZIQffYAH,INVL-0000000211,a00RB000027fzNnYAI,a04RB00000kUAPbYAO,001RB00001VTqaGYAT,a0CRB0000CcXZ6i2QG,knock knock AI Basicプラン(50クレジット),true,knock knock AI_Basicプラン(月額),3,11000,,,33000,3300,36300,10,270987007,2026-07-06T22:34:29.000+0000
a01RB00001ZIQfgYAH,INVL-0000000212,a00RB000027fzNoYAI,a04RB00000kUAPXYA4,001RB00001VTqZVYA1,a0CRB0000CcXZ6i2QG,knock knock AI Basicプラン(50クレジット),true,knock knock AI_Basicプラン,1,11000,,,11000,1100,12100,10,270987009,2026-07-06T22:34:29.000+0000
a01RB00001ZIQfhYAH,INVL-0000000213,a00RB000027fzNpYAI,a04RB00000kUAPVYA4,001RB00001VTqZpYAL,a0CRB0000CcXZ6i2QG,knock knock AI Basicプラン(50クレジット),true,knock knock AI_Basicプラン,1,11000,,,11000,1100,12100,10,270987012,2026-07-06T22:34:29.000+0000
a01RB00001ZIQfiYAH,INVL-0000000214,a00RB000027fzNqYAI,a04RB00000kUAQ6YAO,001RB00001VTqbqYAD,a0CRB0000CcXZ6j2QG,knock knock AI Proプラン(300クレジット),true,KnockKnockAI_Proプラン(月額),1,55000,,,55000,5500,60500,10,270987042,2026-07-06T22:34:29.000+0000
a01RB00001ZIQfjYAH,INVL-0000000215,a00RB000027fzNrYAI,a04RB00000kUANdYAO,001RB00001VTqlYYAT,a0CRB0000CcXZ6Q2QW,Rendery Proプラン,true,Rendery（月額）,8,8000,,,64000,6400,70400,10,271126191,2026-07-06T22:34:29.000+0000
a01RB00001ZIQfkYAH,INVL-0000000216,a00RB000027fzNsYAI,a04RB00000kUANiYAO,001RB00001VTqlHYAT,a0CRB0000CcXZ6T2QW,[OLD] Rendery Enterpriseプラン(2025年9月まで),true,Rendery　エンタープライズプラン,50,11000,,,550000,55000,605000,10,271126553,2026-07-06T22:34:29.000+0000
a01RB00001ZIQflYAH,INVL-0000000217,a00RB000027fzNtYAI,a04RB00000kUAObYAO,001RB00001VTqleYAD,a0CRB0000CcXZ6R2QW,[代理販売20%] Rendery Proプラン,true,Rendery_Pro_月額利用料_注文番号：405342480,2,6400,,,12800,1280,14080,10,271131482,2026-07-06T22:34:29.000+0000
a01RB00001ZIQfmYAH,INVL-0000000218,a00RB000027fzNuYAI,a04RB00000kUAPFYA4,001RB00001VTqkQYAT,a0CRB0000CcXZ6Q2QW,Rendery Proプラン,true,Rendery Proプラン_月額,1,8000,,,8000,800,8800,10,271148393,2026-07-06T22:34:29.000+0000
a01RB00001ZIQfnYAH,INVL-0000000219,a00RB000027fzNvYAI,a04RB00000kUAPNYA4,001RB00001VTrxYYAT,a0CRB0000CcXZ6Q2QW,Rendery Proプラン,true,Rendery_Proプラン_1アカウント(年間費用),12,8000,,,96000,9600,105600,10,271299117,2026-07-06T22:34:29.000+0000
a01RB00001ZIQfoYAH,INVL-0000000220,a00RB000027fzNwYAI,a04RB00000kUAObYAO,001RB00001VTqleYAD,a0CRB0000CcXZ6S2QW,[年払_代理販売20%] Rendery Proプランネンバライ,false,Rendery_Pro_1アカウント年間利用料(アーキデザイン株式会社様),12,76800,,,921600,7680,84480,10,271324313,2026-07-06T22:34:29.000+0000
a01RB00001ZIQfpYAH,INVL-0000000221,a00RB000027fzNxYAI,a04RB00000kUAOnYAO,001RB00001VTqsxYAD,a0CRB0000CcXZ6V2QW,Rendery Enterpriseプラン,true,Rendery Enterpriseプラン_5アカウント_月払い,5,15000,,,75000,7500,82500,10,271325336,2026-07-06T22:34:29.000+0000
a01RB00001ZLxreYAD,INVL-0000000222,a00RB000027lnMpYAI,a04RB00000kVL7gYAG,001RB00001VcyFOYAZ,a0CRB0000CcXZ6x2QG,受託開発,false,AI北斎_ビジュアル作成費用,3,140000,,,420000,42000,462000,10,244978466,2026-07-07T03:59:01.000+0000
a01RB00001ZLxrfYAD,INVL-0000000223,a00RB000027lnMpYAI,a04RB00000kVL7gYAG,001RB00001VcyFOYAZ,a0CRB0000CcXZ6e2QG,Rendery セキュリティオプション(ドメイン制限)_初期費用,false,額装,3,50000,,,150000,15000,165000,10,244978467,2026-07-07T03:59:01.000+0000
a01RB00001ZLxrgYAD,INVL-0000000224,a00RB000027lnMpYAI,a04RB00000kVL7gYAG,001RB00001VcyFOYAZ,a0CRB0000CcXZ6x2QG,受託開発,false,北斎ディレクション費用,1,450000,,,450000,45000,495000,10,244978468,2026-07-07T03:59:01.000+0000
a01RB00001ZLxrhYAD,INVL-0000000225,a00RB000027lnMpYAI,a04RB00000kVL7gYAG,001RB00001VcyFOYAZ,a0CRB0000CcXZ6x2QG,受託開発,false,事務局運営費用,1,850000,,,850000,85000,935000,10,244978469,2026-07-07T03:59:01.000+0000
a01RB00001ZLxriYAD,INVL-0000000226,a00RB000027lnMqYAI,a04RB00000kUAOAYA4,001RB00001VTruAYAT,a0CRB0000Ck3ReH2QU,Rendery_Enterpriseプラン,false,Rendery_Enterpriseプラン,5,15000,,,75000,5500,60500,10,240545802,2026-07-07T03:59:01.000+0000
a01RB00001ZLxrjYAD,INVL-0000000227,a00RB000027lnMrYAI,a04RB00000kUAOAYA4,001RB00001VTruAYAT,a0CRB0000Ck3ReH2QU,Rendery_Enterpriseプラン,false,Rendery_Enterpriseプラン,5,15000,,,75000,5500,60500,10,260913104,2026-07-07T03:59:01.000+0000
a01RB00001ZLxrkYAD,INVL-0000000228,a00RB000027lnMsYAI,a04RB00000kUAOAYA4,001RB00001VTruAYAT,a0CRB0000Ck3ReH2QU,Rendery_Enterpriseプラン,false,Rendery_Enterpriseプラン,5,15000,,,75000,5500,60500,10,251317896,2026-07-07T03:59:01.000+0000
a01RB00001agYpfYAE,INVL-0000000229,a00RB000029DnWEYA0,a04RB00000mYhriYAC,001RB00001VTrr2YAD,a0CRB0000CcXZ6W2QW,[代理販売20%] Rendery Enterpriseプラン,true,Rendery Enterpriseプラン_10アカウント_月額費用,10,12000,,12000,120000,12000,132000,10,,2026-07-14T11:11:59.000+0000
a01RB00001agYpgYAE,INVL-0000000230,a00RB000029DnWEYA0,a04RB00000mYhriYAC,001RB00001VTrr2YAD,a0CRB0000CcXZ6W2QW,[代理販売20%] Rendery Enterpriseプラン,true,Rendery Enterpriseプラン_10アカウント_月額費用,10,12000,,12000,120000,12000,132000,10,,2026-07-14T11:11:59.000+0000
a01RB00001agYphYAE,INVL-0000000231,a00RB000029DnWEYA0,a04RB00000mYhriYAC,001RB00001VTrr2YAD,a0CRB0000CcXZ6W2QW,[代理販売20%] Rendery Enterpriseプラン,true,Rendery Enterpriseプラン_10アカウント_月額費用,10,12000,,12000,120000,12000,132000,10,,2026-07-14T11:11:59.000+0000
a01RB00001agYpiYAE,INVL-0000000232,a00RB000029DnWEYA0,a04RB00000mYhriYAC,001RB00001VTrr2YAD,a0CRB0000CcXZ6W2QW,[代理販売20%] Rendery Enterpriseプラン,true,Rendery Enterpriseプラン_10アカウント_月額費用,10,12000,,12000,120000,12000,132000,10,,2026-07-14T11:11:59.000+0000
a01RB00001agYpjYAE,INVL-0000000233,a00RB000029DnWEYA0,a04RB00000mYhriYAC,001RB00001VTrr2YAD,a0CRB0000CcXZ6W2QW,[代理販売20%] Rendery Enterpriseプラン,true,Rendery Enterpriseプラン_10アカウント_月額費用,10,12000,,12000,120000,12000,132000,10,,2026-07-14T11:11:59.000+0000
a01RB00001agYpkYAE,INVL-0000000234,a00RB000029DnWEYA0,a04RB00000mYhriYAC,001RB00001VTrr2YAD,a0CRB0000CcXZ6W2QW,[代理販売20%] Rendery Enterpriseプラン,true,Rendery Enterpriseプラン_10アカウント_月額費用,10,12000,,12000,120000,12000,132000,10,,2026-07-14T11:11:59.000+0000
a01RB00001agYplYAE,INVL-0000000235,a00RB000029DnWEYA0,a04RB00000mYhriYAC,001RB00001VTrr2YAD,a0CRB0000CcXZ6W2QW,[代理販売20%] Rendery Enterpriseプラン,true,Rendery Enterpriseプラン_10アカウント_月額費用,10,12000,,12000,120000,12000,132000,10,,2026-07-14T11:11:59.000+0000
a01RB00001agYpmYAE,INVL-0000000236,a00RB000029DnWEYA0,a04RB00000mYhriYAC,001RB00001VTrr2YAD,a0CRB0000CcXZ6W2QW,[代理販売20%] Rendery Enterpriseプラン,true,Rendery Enterpriseプラン_10アカウント_月額費用,10,12000,,12000,120000,12000,132000,10,,2026-07-14T11:11:59.000+0000
a01RB00001agYpnYAE,INVL-0000000237,a00RB000029DnWEYA0,a04RB00000mYhriYAC,001RB00001VTrr2YAD,a0CRB0000CcXZ6W2QW,[代理販売20%] Rendery Enterpriseプラン,true,Rendery Enterpriseプラン_10アカウント_月額費用,10,12000,,12000,120000,12000,132000,10,,2026-07-14T11:11:59.000+0000
a01RB00001agYpoYAE,INVL-0000000238,a00RB000029DnWEYA0,a04RB00000mYhriYAC,001RB00001VTrr2YAD,a0CRB0000CcXZ6W2QW,[代理販売20%] Rendery Enterpriseプラン,true,Rendery Enterpriseプラン_10アカウント_月額費用,10,12000,,12000,120000,12000,132000,10,,2026-07-14T11:11:59.000+0000
a01RB00001agYppYAE,INVL-0000000239,a00RB000029DnWEYA0,a04RB00000mYhriYAC,001RB00001VTrr2YAD,a0CRB0000CcXZ6W2QW,[代理販売20%] Rendery Enterpriseプラン,true,Rendery Enterpriseプラン_10アカウント_月額費用,10,12000,,12000,120000,12000,132000,10,,2026-07-14T11:11:59.000+0000
a01RB00001agYpqYAE,INVL-0000000240,a00RB000029DnWEYA0,a04RB00000mYhriYAC,001RB00001VTrr2YAD,a0CRB0000CcXZ6W2QW,[代理販売20%] Rendery Enterpriseプラン,true,Rendery Enterpriseプラン_10アカウント_月額費用,10,12000,,12000,120000,12000,132000,10,,2026-07-14T11:11:59.000+0000
a01RB00001aqLuLYAU,INVL-0000000241,a00RB000029OI8sYAG,a04RB00000md4o5YAA,001RB00001VTrRuYAL,a0CRB0000CcXZ6Q2QW,Rendery Proプラン,true,Rendery Proプラン_月額費用,4,8000,,8000,32000,3200,35200,10,,2026-07-15T06:56:33.000+0000
a01RB00001b3k25YAA,INVL-0000000242,a00RB000029dDiLYAU,a04RB00000miHmIYAU,001RB00001VTqgHYAT,a0CRB0000CcXZ6Q2QW,Rendery Proプラン,true,コンチネンタルホーム様＿アップセル,5,8000,,8000,40000,4000,44000,10,,2026-07-16T05:42:45.000+0000
a01RB00001b3uhNYAQ,INVL-0000000243,a00RB000029dRq9YAE,a04RB00000miY3xYAE,001RB00001b3qNeYAI,a0CRB0000CcXZ6Q2QW,Rendery Proプラン,true,Rendery Proプラン（月額）,1,8000,,8000,8000,800,8800,10,,2026-07-16T05:54:06.000+0000
a01RB00001b5DurYAE,INVL-0000000244,a00RB000029duDrYAI,a04RB00000mj59ZYAQ,001RB00001VTrrHYAT,a0CRB0000Ck3ReH2QU,Rendery_Enterpriseプラン,false,Rendery enterpriseプラン,5,15000,,15000,75000,7500,82500,10,,2026-07-16T07:21:47.000+0000
a01RB00001c70bCYAQ,INVL-0000000245,a00RB00002Am2AUYAZ,a04RB00000kUAPiYAO,001RB00001VTtIWYA1,a0CRB0000CcXZ6j2QG,knock knock AI Proプラン(300クレジット),true,knock knock AI Proプラン(月額),1,55000,,,55000,5500,60500,10,270987002,2026-07-23T07:04:29.000+0000
a01RB00001c70bDYAQ,INVL-0000000246,a00RB00002Am2AVYAZ,a04RB00000kUAPiYAO,001RB00001VTtIWYA1,a0CRB0000CcXZ6j2QG,knock knock AI Proプラン(300クレジット),true,knock knock AI Proプラン(月額),1,55000,,,55000,5500,60500,10,240545779,2026-07-23T07:04:29.000+0000
a01RB00001c70bEYAQ,INVL-0000000247,a00RB00002Am2AWYAZ,a04RB00000kUAOFYA4,001RB00001VTqbbYAD,a0CRB0000CcXZ6Q2QW,Rendery Proプラン,true,Rendery(Pro用)・月額料金,1,8000,,,8000,800,8800,10,240545799,2026-07-23T07:04:29.000+0000
a01RB00001c70bFYAQ,INVL-0000000248,a00RB00002Am2AXYAZ,a04RB00000kUAO7YAO,001RB00001VTqU3YAL,a0CRB0000CcXZ6Q2QW,Rendery Proプラン,true,Rendery_Proプラン(月額),1,8000,,,8000,800,8800,10,240545807,2026-07-23T07:04:29.000+0000
a01RB00001c70bGYAQ,INVL-0000000249,a00RB00002Am2AYYAZ,a04RB00000kUAO2YAO,001RB00001VTCYFYA5,a0CRB0000CcXZ6Q2QW,Rendery Proプラン,true,Rendery_Proプラン(月額),2,8000,,,16000,1600,17600,10,240545808,2026-07-23T07:04:29.000+0000
a01RB00001c70bHYAQ,INVL-0000000250,a00RB00002Am2AZYAZ,a04RB00000kUANmYAO,001RB00001VTqlOYAT,a0CRB0000CcXZ6Q2QW,Rendery Proプラン,true,Rendery_Pro(月額),1,8000,,,8000,800,8800,10,251317909,2026-07-23T07:04:29.000+0000
a01RB00001c70bIYAQ,INVL-0000000251,a00RB00002Am2AaYAJ,a04RB00000kUANgYAO,001RB00001VTrs0YAD,a0CRB0000CcXZ6T2QW,[OLD] Rendery Enterpriseプラン(2025年9月まで),true,Rendery(エンタープライズプラン),1,11000,,,11000,1100,12100,10,251317910,2026-07-23T07:04:29.000+0000
a01RB00001c70bJYAQ,INVL-0000000252,a00RB00002Am2AbYAJ,a04RB00000kUAO0YAO,001RB00001VTrmnYAD,a0CRB0000CcXZ6T2QW,[OLD] Rendery Enterpriseプラン(2025年9月まで),true,Rendery　エンタープライズプラン(月額),5,11000,,,55000,5500,60500,10,251317911,2026-07-23T07:04:29.000+0000
a01RB00001c70bKYAQ,INVL-0000000253,a00RB00002Am2AcYAJ,a04RB00000kUAORYA4,001RB00001VTqmBYAT,a0CRB0000CcXZ6T2QW,[OLD] Rendery Enterpriseプラン(2025年9月まで),true,Rendery Enterpriseプラン_月額,5,11000,,,55000,5500,60500,10,251317917,2026-07-23T07:04:29.000+0000
a01RB00001c70bLYAQ,INVL-0000000254,a00RB00002Am2AdYAJ,a04RB00000kUAQ6YAO,001RB00001VTqbqYAD,a0CRB0000CcXZ6j2QG,knock knock AI Proプラン(300クレジット),true,KnockKnockAI_Proプラン(月額),1,55000,,,55000,5500,60500,10,251317920,2026-07-23T07:04:29.000+0000
a01RB00001c70bMYAQ,INVL-0000000255,a00RB00002Am2AeYAJ,a04RB00000kUANdYAO,001RB00001VTqlYYAT,a0CRB0000CcXZ6Q2QW,Rendery Proプラン,true,Rendery（月額）,8,8000,,,64000,6400,70400,10,251901525,2026-07-23T07:04:29.000+0000
a01RB00001c70bNYAQ,INVL-0000000256,a00RB00002Am2AfYAJ,a04RB00000kUANiYAO,001RB00001VTqlHYAT,a0CRB0000CcXZ6T2QW,[OLD] Rendery Enterpriseプラン(2025年9月まで),true,Rendery　エンタープライズプラン,42,11000,,,462000,46200,508200,10,251911362,2026-07-23T07:04:29.000+0000
a01RB00001c70bOYAQ,INVL-0000000257,a00RB00002Am2AgYAJ,a04RB00000kUAOjYAO,001RB00001VTqf7YAD,a0CRB0000CcXZ6Q2QW,Rendery Proプラン,true,Rendery_Pro_月額利用料,2,8000,,,16000,1600,17600,10,251924418,2026-07-23T07:04:29.000+0000
a01RB00001c70bPYAQ,INVL-0000000258,a00RB00002Am2AhYAJ,a04RB00000kUAOyYAO,001RB00001VTrlBYAT,a0CRB0000CcXZ6Q2QW,Rendery Proプラン,true,Rendery Proプラン2アカウント_月額費用(月払い),2,8000,,,16000,1600,17600,10,251934938,2026-07-23T07:04:29.000+0000
a01RB00001c70bQYAQ,INVL-0000000259,a00RB00002Am2AiYAJ,a04RB00000kUAOzYAO,001RB00001VTqgHYAT,a0CRB0000CcXZ6Q2QW,Rendery Proプラン,true,Rendery_Proプラン_3アカウント(月額費用),3,8000,,,24000,2400,26400,10,251934760,2026-07-23T07:04:29.000+0000
a01RB00001c70bRYAQ,INVL-0000000260,a00RB00002Am2AjYAJ,a04RB00000kUAP3YAO,001RB00001VTqeXYAT,a0CRB0000CcXZ6Q2QW,Rendery Proプラン,true,Rendery_Pro_月額利用料,1,8000,,,8000,800,8800,10,253905904,2026-07-23T07:04:29.000+0000
a01RB00001c70bSYAQ,INVL-0000000261,a00RB00002Am2AkYAJ,a04RB00000kUAP5YAO,001RB00001VTrkbYAD,a0CRB0000CcXZ6V2QW,Rendery Enterpriseプラン,true,Rendery Enterpriseプラン_5アカウント_月払い,5,15000,,,75000,7500,82500,10,251939377,2026-07-23T07:04:29.000+0000
a01RB00001c70bTYAQ,INVL-0000000262,a00RB00002Am2AlYAJ,a04RB00000kUAP6YAO,001RB00001VTrlqYAD,a0CRB0000CcXZ6V2QW,Rendery Enterpriseプラン,true,Rendery Enterpriseプラン_5アカウント_月払い,5,15000,,,75000,7500,82500,10,251940985,2026-07-23T07:04:29.000+0000
a01RB00001c70bUYAQ,INVL-0000000263,a00RB00002Am2AmYAJ,a04RB00000kUAP7YAO,001RB00001VTrqdYAD,a0CRB0000CcXZ6Q2QW,Rendery Proプラン,true,Rendery_Proプラン_1アカウント(月額費用),1,8000,,,8000,800,8800,10,251942528,2026-07-23T07:04:29.000+0000
a01RB00001c70bVYAQ,INVL-0000000264,a00RB00002Am2AnYAJ,a04RB00000kUAP4YAO,001RB00001VTqnvYAD,a0CRB0000CcXZ6Q2QW,Rendery Proプラン,true,Rendery Proプラン2アカウント_月額費用(月払い),2,8000,,,16000,1600,17600,10,251975292,2026-07-23T07:04:29.000+0000
a01RB00001c70bWYAQ,INVL-0000000265,a00RB00002Am2AoYAJ,a04RB00000kUAPAYA4,001RB00001VTrqeYAD,a0CRB0000CcXZ6Q2QW,Rendery Proプラン,true,Rendery_Proプラン_1アカウント(月額費用),1,8000,,,8000,800,8800,10,251976053,2026-07-23T07:04:29.000+0000
a01RB00001c70bXYAQ,INVL-0000000266,a00RB00002Am2ApYAJ,a04RB00000kUAP1YAO,001RB00001VTrUSYA1,a0CRB0000CcXZ6Q2QW,Rendery Proプラン,true,Rendery Proプラン5アカウント_月額,5,8000,,,40000,4000,44000,10,251988892,2026-07-23T07:04:29.000+0000
a01RB00001c70bYYAQ,INVL-0000000267,a00RB00002Am2AqYAJ,a04RB00000kUAPBYA4,001RB00001VTrYEYA1,a0CRB0000CcXZ6Q2QW,Rendery Proプラン,true,Rendery_Pro_月額利用料,1,8000,,,8000,800,8800,10,253821822,2026-07-23T07:04:29.000+0000
a01RB00001c70bZYAQ,INVL-0000000268,a00RB00002Am2ArYAJ,a04RB00000kUAP3YAO,001RB00001VTqeXYAT,a0CRB0000CcXZ6Q2QW,Rendery Proプラン,true,Rendery_Pro_月額利用料,1,8000,,,8000,800,8800,10,253906110,2026-07-23T07:04:29.000+0000
a01RB00001c70baYAA,INVL-0000000269,a00RB00002Am2AsYAJ,a04RB00000kUAP1YAO,001RB00001VTrUSYA1,a0CRB0000CcXZ6Q2QW,Rendery Proプラン,true,Rendery Proプラン5アカウント_月額,5,8000,,,40000,4000,44000,10,260813967,2026-07-23T07:04:29.000+0000
a01RB00001c70bbYAA,INVL-0000000270,a00RB00002Am2AtYAJ,a04RB00000kUAPEYA4,001RB00001VTqU8YAL,a0CRB0000CcXZ6Q2QW,Rendery Proプラン,true,Rendery_Proプラン_1アカウント(月額費用),1,8000,,,8000,800,8800,10,260813983,2026-07-23T07:04:29.000+0000
a01RB00001c70bcYAA,INVL-0000000271,a00RB00002Am2AuYAJ,a04RB00000kUAPBYA4,001RB00001VTrYEYA1,a0CRB0000CcXZ6Q2QW,Rendery Proプラン,true,Rendery_Pro_月額利用料,1,8000,,,8000,800,8800,10,260813986,2026-07-23T07:04:29.000+0000
a01RB00001c70bdYAA,INVL-0000000272,a00RB00002Am2AvYAJ,a04RB00000kUAPzYAO,001RB00001VTqfsYAD,a0CRB0000CcXZ6i2QG,knock knock AI Basicプラン(50クレジット),true,knock knock AI_Basicプラン(月額),1,11000,,,11000,1100,12100,10,260913032,2026-07-23T07:04:29.000+0000
a01RB00001c70beYAA,INVL-0000000273,a00RB00002Am2AwYAJ,a04RB00000kUAPiYAO,001RB00001VTtIWYA1,a0CRB0000CcXZ6j2QG,knock knock AI Proプラン(300クレジット),true,knock knock AI Proプラン(月額),1,55000,,,55000,5500,60500,10,260913058,2026-07-23T07:04:29.000+0000
a01RB00001c70bfYAA,INVL-0000000274,a00RB00002Am2AxYAJ,a04RB00000kUAOFYA4,001RB00001VTqbbYAD,a0CRB0000CcXZ6Q2QW,Rendery Proプラン,true,Rendery(Pro用)・月額料金,1,8000,,,8000,800,8800,10,260913103,2026-07-23T07:04:29.000+0000
a01RB00001c70bgYAA,INVL-0000000275,a00RB00002Am2AyYAJ,a04RB00000kUAO7YAO,001RB00001VTqU3YAL,a0CRB0000CcXZ6Q2QW,Rendery Proプラン,true,Rendery_Proプラン(月額),1,8000,,,8000,800,8800,10,260913109,2026-07-23T07:04:29.000+0000
a01RB00001c70bhYAA,INVL-0000000276,a00RB00002Am2AzYAJ,a04RB00000kUAO2YAO,001RB00001VTCYFYA5,a0CRB0000CcXZ6Q2QW,Rendery Proプラン,true,Rendery_Proプラン(月額),2,8000,,,16000,1600,17600,10,260913114,2026-07-23T07:04:29.000+0000
a01RB00001c70biYAA,INVL-0000000277,a00RB00002Am2B0YAJ,a04RB00000kUAO1YAO,001RB00001VTCYGYA5,a0CRB0000CcXZ6T2QW,[OLD] Rendery Enterpriseプラン(2025年9月まで),true,Rendery(エンタープライズプラン),5,11000,,,55000,5500,60500,10,260913115,2026-07-23T07:04:29.000+0000
a01RB00001c70bjYAA,INVL-0000000278,a00RB00002Am2B1YAJ,a04RB00000kUANwYAO,001RB00001VTqUoYAL,a0CRB0000CcXZ6Q2QW,Rendery Proプラン,true,Rendery_Pro_月額利用料,1,8000,,,8000,800,8800,10,260913124,2026-07-23T07:04:29.000+0000
a01RB00001c70bkYAA,INVL-0000000279,a00RB00002Am2B2YAJ,a04RB00000kUANmYAO,001RB00001VTqlOYAT,a0CRB0000CcXZ6Q2QW,Rendery Proプラン,true,Rendery_Pro(月額),1,8000,,,8000,800,8800,10,260913139,2026-07-23T07:04:29.000+0000
a01RB00001c70blYAA,INVL-0000000280,a00RB00002Am2B3YAJ,a04RB00000kUANgYAO,001RB00001VTrs0YAD,a0CRB0000CcXZ6T2QW,[OLD] Rendery Enterpriseプラン(2025年9月まで),true,Rendery(エンタープライズプラン),1,11000,,,11000,1100,12100,10,260913141,2026-07-23T07:04:29.000+0000
a01RB00001c70bmYAA,INVL-0000000281,a00RB00002Am2B4YAJ,a04RB00000kUAO0YAO,001RB00001VTrmnYAD,a0CRB0000CcXZ6T2QW,[OLD] Rendery Enterpriseプラン(2025年9月まで),true,Rendery　エンタープライズプラン(月額),5,11000,,,55000,5500,60500,10,260913149,2026-07-23T07:04:29.000+0000
a01RB00001c70bnYAA,INVL-0000000282,a00RB00002Am2B5YAJ,a04RB00000kUAORYA4,001RB00001VTqmBYAT,a0CRB0000CcXZ6T2QW,[OLD] Rendery Enterpriseプラン(2025年9月まで),true,Rendery Enterpriseプラン_月額,5,11000,,,55000,5500,60500,10,260913176,2026-07-23T07:04:29.000+0000
a01RB00001c70boYAA,INVL-0000000283,a00RB00002Am2B6YAJ,a04RB00000kUAQ6YAO,001RB00001VTqbqYAD,a0CRB0000CcXZ6j2QG,knock knock AI Proプラン(300クレジット),true,KnockKnockAI_Proプラン(月額),1,55000,,,55000,5500,60500,10,260913187,2026-07-23T07:04:29.000+0000
a01RB00001c70bpYAA,INVL-0000000284,a00RB00002Am2B7YAJ,a04RB00000kUAOjYAO,001RB00001VTqf7YAD,a0CRB0000CcXZ6Q2QW,Rendery Proプラン,true,Rendery_Pro_月額利用料,2,8000,,,16000,1600,17600,10,261643260,2026-07-23T07:04:29.000+0000
a01RB00001c70bqYAA,INVL-0000000285,a00RB00002Am2B8YAJ,a04RB00000kUAP7YAO,001RB00001VTrqdYAD,a0CRB0000CcXZ6Q2QW,Rendery Proプラン,true,Rendery_Proプラン_1アカウント(月額費用),1,8000,,,8000,800,8800,10,261434316,2026-07-23T07:04:29.000+0000
a01RB00001c70brYAA,INVL-0000000286,a00RB00002Am2B9YAJ,a04RB00000kUAPHYA4,001RB00001VTro2YAD,a0CRB0000CcXZ6Q2QW,Rendery Proプラン,true,Rendery_Proプラン_1アカウント(月額費用),1,8000,,,8000,800,8800,10,261440286,2026-07-23T07:04:29.000+0000
a01RB00001c70bsYAA,INVL-0000000287,a00RB00002Am2BAYAZ,a04RB00000kUAPIYA4,001RB00001VTCZZYA5,a0CRB0000CcXZ6Q2QW,Rendery Proプラン,true,Rendery_Proプラン_4アカウント(月額費用),4,8000,,,32000,3200,35200,10,277920980,2026-07-23T07:04:29.000+0000
a01RB00001c70btYAA,INVL-0000000288,a00RB00002Am2BBYAZ,a04RB00000kUAPiYAO,001RB00001VTtIWYA1,a0CRB0000CcXZ6j2QG,knock knock AI Proプラン(300クレジット),true,knock knock AI Proプラン(月額),1,55000,,,55000,5500,60500,10,251317876,2026-07-23T07:04:29.000+0000
a01RB00001c70buYAA,INVL-0000000289,a00RB00002Am2BCYAZ,a04RB00000kUAOFYA4,001RB00001VTqbbYAD,a0CRB0000CcXZ6Q2QW,Rendery Proプラン,true,Rendery(Pro用)・月額料金,1,8000,,,8000,800,8800,10,251317895,2026-07-23T07:04:29.000+0000
a01RB00001c70bvYAA,INVL-0000000290,a00RB00002Am2BDYAZ,a04RB00000kUAO7YAO,001RB00001VTqU3YAL,a0CRB0000CcXZ6Q2QW,Rendery Proプラン,true,Rendery_Proプラン(月額),1,8000,,,8000,800,8800,10,251317899,2026-07-23T07:04:29.000+0000
a01RB00001c70bwYAA,INVL-0000000291,a00RB00002Am2BEYAZ,a04RB00000kUAO2YAO,001RB00001VTCYFYA5,a0CRB0000CcXZ6Q2QW,Rendery Proプラン,true,Rendery_Proプラン(月額),2,8000,,,16000,1600,17600,10,251317902,2026-07-23T07:04:29.000+0000
a01RB00001c70bxYAA,INVL-0000000292,a00RB00002Am2BFYAZ,a04RB00000kUAO1YAO,001RB00001VTCYGYA5,a0CRB0000CcXZ6T2QW,[OLD] Rendery Enterpriseプラン(2025年9月まで),true,Rendery(エンタープライズプラン),5,11000,,,55000,5500,60500,10,251317903,2026-07-23T07:04:29.000+0000
a01RB00001c70byYAA,INVL-0000000293,a00RB00002Am2BGYAZ,a04RB00000kUANwYAO,001RB00001VTqUoYAL,a0CRB0000CcXZ6Q2QW,Rendery Proプラン,true,Rendery_Pro_月額利用料,1,8000,,,8000,800,8800,10,251317905,2026-07-23T07:04:29.000+0000
a01RB00001c70bzYAA,INVL-0000000294,a00RB00002Am2BHYAZ,a04RB00000kUAO1YAO,001RB00001VTCYGYA5,a0CRB0000CcXZ6T2QW,[OLD] Rendery Enterpriseプラン(2025年9月まで),true,Rendery(エンタープライズプラン),5,11000,,,55000,5500,60500,10,240545814,2026-07-23T07:04:29.000+0000
a01RB00001c70c0YAA,INVL-0000000295,a00RB00002Am2BIYAZ,a04RB00000kUANwYAO,001RB00001VTqUoYAL,a0CRB0000CcXZ6Q2QW,Rendery Proプラン,true,Rendery_Pro_月額利用料,1,8000,,,8000,800,8800,10,240545816,2026-07-23T07:04:29.000+0000
a01RB00001c70c1YAA,INVL-0000000296,a00RB00002Am2BJYAZ,a04RB00000kUANmYAO,001RB00001VTqlOYAT,a0CRB0000CcXZ6Q2QW,Rendery Proプラン,true,Rendery_Pro(月額),1,8000,,,8000,800,8800,10,240545820,2026-07-23T07:04:29.000+0000
a01RB00001c70c2YAA,INVL-0000000297,a00RB00002Am2BKYAZ,a04RB00000kUANgYAO,001RB00001VTrs0YAD,a0CRB0000CcXZ6T2QW,[OLD] Rendery Enterpriseプラン(2025年9月まで),true,Rendery(エンタープライズプラン),1,11000,,,11000,1100,12100,10,240545823,2026-07-23T07:04:29.000+0000
a01RB00001c70c3YAA,INVL-0000000298,a00RB00002Am2BLYAZ,a04RB00000kUAO0YAO,001RB00001VTrmnYAD,a0CRB0000CcXZ6T2QW,[OLD] Rendery Enterpriseプラン(2025年9月まで),true,Rendery　エンタープライズプラン(月額),5,11000,,,55000,5500,60500,10,240545824,2026-07-23T07:04:29.000+0000
a01RB00001c70c4YAA,INVL-0000000299,a00RB00002Am2BMYAZ,a04RB00000kUAORYA4,001RB00001VTqmBYAT,a0CRB0000CcXZ6T2QW,[OLD] Rendery Enterpriseプラン(2025年9月まで),true,Rendery Enterpriseプラン_月額,5,11000,,,55000,5500,60500,10,240545833,2026-07-23T07:04:29.000+0000
a01RB00001c70c5YAA,INVL-0000000300,a00RB00002Am2BNYAZ,a04RB00000kUAQ6YAO,001RB00001VTqbqYAD,a0CRB0000CcXZ6j2QG,knock knock AI Proプラン(300クレジット),true,KnockKnockAI_Proプラン(月額),1,55000,,,55000,5500,60500,10,240545845,2026-07-23T07:04:29.000+0000
a01RB00001c70c6YAA,INVL-0000000301,a00RB00002Am2BOYAZ,a04RB00000kUAOjYAO,001RB00001VTqf7YAD,a0CRB0000CcXZ6Q2QW,Rendery Proプラン,true,Rendery_Pro_月額利用料,2,8000,,,16000,1600,17600,10,241322469,2026-07-23T07:04:29.000+0000
a01RB00001c70c7YAA,INVL-0000000302,a00RB00002Am2BPYAZ,a04RB00000kUAOgYAO,001RB00001VTqy1YAD,a0CRB0000CcXZ6Q2QW,Rendery Proプラン,true,Rendery_Proプラン_２アカウント(月額費用),2,8000,,,16000,1600,17600,10,280981736,2026-07-23T07:04:29.000+0000
a01RB00001c70c8YAA,INVL-0000000303,a00RB00002Am2BQYAZ,a04RB00000kUAQ9YAO,001RB00001VTqatYAD,a0CRB0000CcXZ6j2QG,knock knock AI Proプラン(300クレジット),true,KnockKnockAI_Proプラン,1,55000,,,55000,5500,60500,10,280981739,2026-07-23T07:04:29.000+0000
a01RB00001c70c9YAA,INVL-0000000304,a00RB00002Am2BRYAZ,a04RB00000kUAOhYAO,001RB00001VTr0hYAD,a0CRB0000CcXZ6Q2QW,Rendery Proプラン,true,Rendery_Pro_月額費用,1,8000,,,8000,800,8800,10,280981751,2026-07-23T07:04:29.000+0000
a01RB00001c70cAYAQ,INVL-0000000305,a00RB00002Am2BSYAZ,a04RB00000kUAQCYA4,001RB00001VTrkYYAT,a0CRB0000CcXZ6j2QG,knock knock AI Proプラン(300クレジット),true,KnockKnockAI_Proプラン(月額),1,55000,,,55000,5500,60500,10,280981754,2026-07-23T07:04:29.000+0000
a01RB00001c70cBYAQ,INVL-0000000306,a00RB00002Am2BTYAZ,a04RB00000kUAOtYAO,001RB00001VTrkRYAT,a0CRB0000CcXZ6Q2QW,Rendery Proプラン,true,Rendery_Pro_月額利用料,2,8000,,,16000,1600,17600,10,280981769,2026-07-23T07:04:29.000+0000
a01RB00001c70cCYAQ,INVL-0000000307,a00RB00002Am2BUYAZ,a04RB00000kUAOyYAO,001RB00001VTrlBYAT,a0CRB0000CcXZ6Q2QW,Rendery Proプラン,true,Rendery Proプラン2アカウント_月額費用(月払い),2,8000,,,16000,1600,17600,10,280981778,2026-07-23T07:04:29.000+0000
a01RB00001c70cDYAQ,INVL-0000000308,a00RB00002Am2BVYAZ,a04RB00000kUAP3YAO,001RB00001VTqeXYAT,a0CRB0000CcXZ6Q2QW,Rendery Proプラン,true,Rendery_Pro_月額利用料,1,8000,,,8000,800,8800,10,280981786,2026-07-23T07:04:29.000+0000
a01RB00001c70cEYAQ,INVL-0000000309,a00RB00002Am2BWYAZ,a04RB00000kUAP5YAO,001RB00001VTrkbYAD,a0CRB0000CcXZ6V2QW,Rendery Enterpriseプラン,true,Rendery Enterpriseプラン_5アカウント_月払い,5,15000,,,75000,7500,82500,10,280981789,2026-07-23T07:04:29.000+0000
a01RB00001c70cFYAQ,INVL-0000000310,a00RB00002Am2BXYAZ,a04RB00000kUAP6YAO,001RB00001VTrlqYAD,a0CRB0000CcXZ6V2QW,Rendery Enterpriseプラン,true,Rendery Enterpriseプラン_5アカウント_月払い,5,15000,,,75000,7500,82500,10,280981792,2026-07-23T07:04:29.000+0000
a01RB00001c70cGYAQ,INVL-0000000311,a00RB00002Am2BYYAZ,a04RB00000kUAP7YAO,001RB00001VTrqdYAD,a0CRB0000CcXZ6Q2QW,Rendery Proプラン,true,Rendery_Proプラン_1アカウント(月額費用),1,8000,,,8000,800,8800,10,280981797,2026-07-23T07:04:29.000+0000
a01RB00001c70cHYAQ,INVL-0000000312,a00RB00002Am2BZYAZ,a04RB00000kUAP4YAO,001RB00001VTqnvYAD,a0CRB0000CcXZ6Q2QW,Rendery Proプラン,true,Rendery Proプラン2アカウント_月額費用(月払い),2,8000,,,16000,1600,17600,10,280981801,2026-07-23T07:04:29.000+0000
a01RB00001c70cIYAQ,INVL-0000000313,a00RB00002Am2BaYAJ,a04RB00000kUAPAYA4,001RB00001VTrqeYAD,a0CRB0000CcXZ6Q2QW,Rendery Proプラン,true,Rendery_Proプラン_1アカウント(月額費用),1,8000,,,8000,800,8800,10,280981806,2026-07-23T07:04:29.000+0000
a01RB00001c70cJYAQ,INVL-0000000314,a00RB00002Am2BbYAJ,a04RB00000kUAP1YAO,001RB00001VTrUSYA1,a0CRB0000CcXZ6Q2QW,Rendery Proプラン,true,Rendery Proプラン5アカウント_月額,5,8000,,,40000,4000,44000,10,280981814,2026-07-23T07:04:29.000+0000
a01RB00001c70cKYAQ,INVL-0000000315,a00RB00002Am2BcYAJ,a04RB00000kUAPEYA4,001RB00001VTqU8YAL,a0CRB0000CcXZ6Q2QW,Rendery Proプラン,true,Rendery_Proプラン_1アカウント(月額費用),1,8000,,,8000,800,8800,10,280981818,2026-07-23T07:04:29.000+0000
a01RB00001c70cLYAQ,INVL-0000000316,a00RB00002Am2BdYAJ,a04RB00000kUAPBYA4,001RB00001VTrYEYA1,a0CRB0000CcXZ6Q2QW,Rendery Proプラン,true,Rendery_Pro_月額利用料,1,8000,,,8000,800,8800,10,280981827,2026-07-23T07:04:29.000+0000
a01RB00001c70cMYAQ,INVL-0000000317,a00RB00002Am2BeYAJ,a04RB00000kUAPHYA4,001RB00001VTro2YAD,a0CRB0000CcXZ6Q2QW,Rendery Proプラン,true,Rendery_Proプラン_1アカウント(月額費用),1,8000,,,8000,800,8800,10,280981834,2026-07-23T07:04:29.000+0000
a01RB00001c70cNYAQ,INVL-0000000318,a00RB00002Am2BfYAJ,a04RB00000kUAPFYA4,001RB00001VTqkQYAT,a0CRB0000CcXZ6Q2QW,Rendery Proプラン,true,Rendery Proプラン_月額,1,8000,,,8000,800,8800,10,281084895,2026-07-23T07:04:29.000+0000
a01RB00001c70cOYAQ,INVL-0000000319,a00RB00002Am2BgYAJ,a04RB00000kUAOnYAO,001RB00001VTqsxYAD,a0CRB0000CcXZ6V2QW,Rendery Enterpriseプラン,true,Rendery Enterpriseプラン_5アカウント_月払い,5,15000,,,75000,7500,82500,10,281084980,2026-07-23T07:04:29.000+0000
a01RB00001c70cPYAQ,INVL-0000000320,a00RB00002Am2BhYAJ,a04RB00000kUANdYAO,001RB00001VTqlYYAT,a0CRB0000CcXZ6Q2QW,Rendery Proプラン,true,Rendery（月額）,8,8000,,,64000,6400,70400,10,281149161,2026-07-23T07:04:29.000+0000
a01RB00001c70cQYAQ,INVL-0000000321,a00RB00002Am2BiYAJ,a04RB00000kUANiYAO,001RB00001VTqlHYAT,a0CRB0000CcXZ6T2QW,[OLD] Rendery Enterpriseプラン(2025年9月まで),true,Rendery　エンタープライズプラン,50,11000,,,550000,55000,605000,10,281151587,2026-07-23T07:04:29.000+0000
a01RB00001c70cRYAQ,INVL-0000000322,a00RB00002Am2BjYAJ,a04RB00000kUAOFYA4,001RB00001VTqbbYAD,a0CRB0000CcXZ6Q2QW,Rendery Proプラン,true,Rendery(Pro用)・月額料金,1,8000,,,8000,800,8800,10,281256002,2026-07-23T07:04:29.000+0000
a01RB00001c70cSYAQ,INVL-0000000323,a00RB00002Am2BkYAJ,a04RB00000kUAO7YAO,001RB00001VTqU3YAL,a0CRB0000CcXZ6Q2QW,Rendery Proプラン,true,Rendery_Proプラン(月額),1,8000,,,8000,800,8800,10,281256013,2026-07-23T07:04:29.000+0000
a01RB00001c70cTYAQ,INVL-0000000324,a00RB00002Am2BlYAJ,a04RB00000kUAO2YAO,001RB00001VTCYFYA5,a0CRB0000CcXZ6Q2QW,Rendery Proプラン,true,Rendery_Proプラン(月額),2,8000,,,16000,1600,17600,10,281256018,2026-07-23T07:04:29.000+0000
a01RB00001c70cUYAQ,INVL-0000000325,a00RB00002Am2BmYAJ,a04RB00000kUAO1YAO,001RB00001VTCYGYA5,a0CRB0000CcXZ6T2QW,[OLD] Rendery Enterpriseプラン(2025年9月まで),true,Rendery(エンタープライズプラン),5,11000,,,55000,5500,60500,10,281256021,2026-07-23T07:04:29.000+0000
a01RB00001c70cVYAQ,INVL-0000000326,a00RB00002Am2BnYAJ,a04RB00000kUAPiYAO,001RB00001VTtIWYA1,a0CRB0000CcXZ6j2QG,knock knock AI Proプラン(300クレジット),true,knock knock AI Proプラン(月額),1,55000,,,55000,5500,60500,10,281255984,2026-07-23T07:04:29.000+0000
a01RB00001c70cWYAQ,INVL-0000000327,a00RB00002Am2BoYAJ,a04RB00000kUANwYAO,001RB00001VTqUoYAL,a0CRB0000CcXZ6Q2QW,Rendery Proプラン,true,Rendery_Pro_月額利用料,1,8000,,,8000,800,8800,10,281256023,2026-07-23T07:04:29.000+0000
a01RB00001c70cXYAQ,INVL-0000000328,a00RB00002Am2BpYAJ,a04RB00000kUANmYAO,001RB00001VTqlOYAT,a0CRB0000CcXZ6Q2QW,Rendery Proプラン,true,Rendery_Pro(月額),1,8000,,,8000,800,8800,10,281256025,2026-07-23T07:04:29.000+0000
a01RB00001c70cYYAQ,INVL-0000000329,a00RB00002Am2BqYAJ,a04RB00000kUAO0YAO,001RB00001VTrmnYAD,a0CRB0000CcXZ6T2QW,[OLD] Rendery Enterpriseプラン(2025年9月まで),true,Rendery　エンタープライズプラン(月額),5,11000,,,55000,5500,60500,10,281256026,2026-07-23T07:04:29.000+0000
a01RB00001c70cZYAQ,INVL-0000000330,a00RB00002Am2BrYAJ,a04RB00000kUAORYA4,001RB00001VTqmBYAT,a0CRB0000CcXZ6T2QW,[OLD] Rendery Enterpriseプラン(2025年9月まで),true,Rendery Enterpriseプラン_月額,5,11000,,,55000,5500,60500,10,281256033,2026-07-23T07:04:29.000+0000
a01RB00001c70caYAA,INVL-0000000331,a00RB00002Am2BsYAJ,a04RB00000kUAQ6YAO,001RB00001VTqbqYAD,a0CRB0000CcXZ6j2QG,knock knock AI Proプラン(300クレジット),true,KnockKnockAI_Proプラン(月額),1,55000,,,55000,5500,60500,10,281256035,2026-07-23T07:04:29.000+0000
a01RB00001cFsXzYAK,INVL-0000000332,a00RB00002AvrgkYAB,a04RB00000kUAPnYAO,001RB00001VTqaKYAT,a0CRB0000CcXZ6i2QG,knock knock AI Basicプラン(50クレジット),true,knock knock AI Basicプラン,1,11000,,,11000,1100,12100,10,240545777,2026-07-24T00:02:21.000+0000
a01RB00001cFsY0YAK,INVL-0000000333,a00RB00002AvrglYAB,a04RB00000kUAPnYAO,001RB00001VTqaKYAT,a0CRB0000CcXZ6i2QG,knock knock AI Basicプラン(50クレジット),true,knock knock AI Basicプラン,1,11000,,,11000,1100,12100,10,260913049,2026-07-24T00:02:21.000+0000
a01RB00001cFsY1YAK,INVL-0000000334,a00RB00002AvrgmYAB,a04RB00000kUAPnYAO,001RB00001VTqaKYAT,a0CRB0000CcXZ6i2QG,knock knock AI Basicプラン(50クレジット),true,knock knock AI Basicプラン,1,11000,,,11000,1100,12100,10,281255982,2026-07-24T00:02:21.000+0000
a01RB00001cHrUXYA0,INVL-0000000335,a00RB00002AyE69YAF,a04RB00000kUAPbYAO,001RB00001VTqaGYAT,a0CRB0000CcXZ6i2QG,knock knock AI Basicプラン(50クレジット),true,knock knock AI_Basicプラン(月額),3,11000,,,33000,3300,36300,10,240545783,2026-07-24T02:12:15.000+0000
a01RB00001cHrUYYA0,INVL-0000000336,a00RB00002AyE6AYAV,a04RB00000kUAQ2YAO,001RB00001VTqnbYAD,a0CRB0000CcXZ6i2QG,knock knock AI Basicプラン(50クレジット),true,knock knock AI_Basicプラン(月額),1,11000,,,11000,1100,12100,10,251317914,2026-07-24T02:12:15.000+0000
a01RB00001cHrUZYA0,INVL-0000000337,a00RB00002AyE6BYAV,a04RB00000kUAQ3YAO,001RB00001VTqnHYAT,a0CRB0000CcXZ6i2QG,knock knock AI Basicプラン(50クレジット),true,knock knock AI_Basicプラン(月額),1,11000,,,11000,1100,12100,10,251317915,2026-07-24T02:12:15.000+0000
a01RB00001cHrUaYAK,INVL-0000000338,a00RB00002AyE6CYAV,a04RB00000kUAQ0YAO,001RB00001VTtIfYAL,a0CRB0000CcXZ6i2QG,knock knock AI Basicプラン(50クレジット),true,knock knock AI_Basicプラン(月額),1,11000,,,11000,1100,12100,10,260913014,2026-07-24T02:12:15.000+0000
a01RB00001cHrUbYAK,INVL-0000000339,a00RB00002AyE6DYAV,a04RB00000kUAPbYAO,001RB00001VTqaGYAT,a0CRB0000CcXZ6i2QG,knock knock AI Basicプラン(50クレジット),true,knock knock AI_Basicプラン(月額),3,11000,,,33000,3300,36300,10,260913068,2026-07-24T02:12:15.000+0000
a01RB00001cHrUcYAK,INVL-0000000340,a00RB00002AyE6EYAV,a04RB00000kUAQ2YAO,001RB00001VTqnbYAD,a0CRB0000CcXZ6i2QG,knock knock AI Basicプラン(50クレジット),true,knock knock AI_Basicプラン(月額),1,11000,,,11000,1100,12100,10,260913155,2026-07-24T02:12:15.000+0000
a01RB00001cHrUdYAK,INVL-0000000341,a00RB00002AyE6FYAV,a04RB00000kUAQ3YAO,001RB00001VTqnHYAT,a0CRB0000CcXZ6i2QG,knock knock AI Basicプラン(50クレジット),true,knock knock AI_Basicプラン(月額),1,11000,,,11000,1100,12100,10,260913164,2026-07-24T02:12:15.000+0000
a01RB00001cHrUeYAK,INVL-0000000342,a00RB00002AyE6GYAV,a04RB00000kUAPbYAO,001RB00001VTqaGYAT,a0CRB0000CcXZ6i2QG,knock knock AI Basicプラン(50クレジット),true,knock knock AI_Basicプラン(月額),3,11000,,,33000,3300,36300,10,251317880,2026-07-24T02:12:15.000+0000
a01RB00001cHrUfYAK,INVL-0000000343,a00RB00002AyE6HYAV,a04RB00000kUAQ2YAO,001RB00001VTqnbYAD,a0CRB0000CcXZ6i2QG,knock knock AI Basicプラン(50クレジット),true,knock knock AI_Basicプラン(月額),1,11000,,,11000,1100,12100,10,240545827,2026-07-24T02:12:15.000+0000
a01RB00001cHrUgYAK,INVL-0000000344,a00RB00002AyE6IYAV,a04RB00000kUAQ3YAO,001RB00001VTqnHYAT,a0CRB0000CcXZ6i2QG,knock knock AI Basicプラン(50クレジット),true,knock knock AI_Basicプラン(月額),1,11000,,,11000,1100,12100,10,240545829,2026-07-24T02:12:15.000+0000
a01RB00001cHrUhYAK,INVL-0000000345,a00RB00002AyE6JYAV,a04RB00000kUAQAYA4,001RB00001VTrGkYAL,a0CRB0000CcXZ6i2QG,knock knock AI Basicプラン(50クレジット),true,knock knock AI_Basicプラン(月額),1,11000,,,11000,1100,12100,10,280981714,2026-07-24T02:12:15.000+0000
a01RB00001cHrUiYAK,INVL-0000000346,a00RB00002AyE6KYAV,a04RB00000kUAQBYA4,001RB00001VTtIiYAL,a0CRB0000CcXZ6i2QG,knock knock AI Basicプラン(50クレジット),true,knock knock AI_Basicプラン(月額),1,11000,,,11000,1100,12100,10,280981760,2026-07-24T02:12:15.000+0000
a01RB00001cHrUjYAK,INVL-0000000347,a00RB00002AyE6LYAV,a04RB00000kUAQ0YAO,001RB00001VTtIfYAL,a0CRB0000CcXZ6i2QG,knock knock AI Basicプラン(50クレジット),true,knock knock AI_Basicプラン(月額),1,11000,,,11000,1100,12100,10,281255963,2026-07-24T02:12:15.000+0000
a01RB00001cHrUkYAK,INVL-0000000348,a00RB00002AyE6MYAV,a04RB00000kUAPbYAO,001RB00001VTqaGYAT,a0CRB0000CcXZ6i2QG,knock knock AI Basicプラン(50クレジット),true,knock knock AI_Basicプラン(月額),3,11000,,,33000,3300,36300,10,281255987,2026-07-24T02:12:15.000+0000
a01RB00001cHrUlYAK,INVL-0000000349,a00RB00002AyE6NYAV,a04RB00000kUAQ2YAO,001RB00001VTqnbYAD,a0CRB0000CcXZ6i2QG,knock knock AI Basicプラン(50クレジット),true,knock knock AI_Basicプラン(月額),1,11000,,,11000,1100,12100,10,281256028,2026-07-24T02:12:15.000+0000
a01RB00001cHrUmYAK,INVL-0000000350,a00RB00002AyE6OYAV,a04RB00000kUAQ3YAO,001RB00001VTqnHYAT,a0CRB0000CcXZ6i2QG,knock knock AI Basicプラン(50クレジット),true,knock knock AI_Basicプラン(月額),1,11000,,,11000,1100,12100,10,281256030,2026-07-24T02:12:15.000+0000
a01RB00001cID5VYAW,INVL-0000000355,a00RB00002AyetYYAR,a04RB00000kUAPlYAO,001RB00001VTtIXYA1,a0CRB0000CcXZ6i2QG,knock knock AI Basicプラン(50クレジット),true,knock knock AI_Basicプラン,1,11000,,,11000,1100,12100,10,240545778,2026-07-24T05:19:15.000+0000
a01RB00001cID5WYAW,INVL-0000000356,a00RB00002AyetZYAR,a04RB00000kUAPXYA4,001RB00001VTqZVYA1,a0CRB0000CcXZ6i2QG,knock knock AI Basicプラン(50クレジット),true,knock knock AI_Basicプラン,1,11000,,,11000,1100,12100,10,240545784,2026-07-24T05:19:15.000+0000
a01RB00001cID5XYAW,INVL-0000000357,a00RB00002AyetaYAB,a04RB00000kUAPVYA4,001RB00001VTqZpYAL,a0CRB0000CcXZ6i2QG,knock knock AI Basicプラン(50クレジット),true,knock knock AI_Basicプラン,1,11000,,,11000,1100,12100,10,240545787,2026-07-24T05:19:15.000+0000
a01RB00001cID5YYAW,INVL-0000000358,a00RB00002AyetbYAB,a04RB00000kUAPxYAO,001RB00001VTtIdYAL,a0CRB0000CcXZ6i2QG,knock knock AI Basicプラン(50クレジット),true,KnockKnockAI_Basicプラン(月額),1,11000,,,11000,1100,12100,10,260913039,2026-07-24T05:19:15.000+0000
a01RB00001cID5ZYAW,INVL-0000000359,a00RB00002AyetcYAB,a04RB00000kUAPlYAO,001RB00001VTtIXYA1,a0CRB0000CcXZ6i2QG,knock knock AI Basicプラン(50クレジット),true,knock knock AI_Basicプラン,1,11000,,,11000,1100,12100,10,260913054,2026-07-24T05:19:15.000+0000
a01RB00001cID5aYAG,INVL-0000000360,a00RB00002AyetdYAB,a04RB00000kUAPXYA4,001RB00001VTqZVYA1,a0CRB0000CcXZ6i2QG,knock knock AI Basicプラン(50クレジット),true,knock knock AI_Basicプラン,1,11000,,,11000,1100,12100,10,260913073,2026-07-24T05:19:15.000+0000
a01RB00001cID5bYAG,INVL-0000000361,a00RB00002AyeteYAB,a04RB00000kUAPVYA4,001RB00001VTqZpYAL,a0CRB0000CcXZ6i2QG,knock knock AI Basicプラン(50クレジット),true,knock knock AI_Basicプラン,1,11000,,,11000,1100,12100,10,260913080,2026-07-24T05:19:15.000+0000
a01RB00001cID5cYAG,INVL-0000000362,a00RB00002AyetfYAB,a04RB00000kUAPlYAO,001RB00001VTtIXYA1,a0CRB0000CcXZ6i2QG,knock knock AI Basicプラン(50クレジット),true,knock knock AI_Basicプラン,1,11000,,,11000,1100,12100,10,251317875,2026-07-24T05:19:15.000+0000
a01RB00001cID5dYAG,INVL-0000000363,a00RB00002AyetgYAB,a04RB00000kUAPXYA4,001RB00001VTqZVYA1,a0CRB0000CcXZ6i2QG,knock knock AI Basicプラン(50クレジット),true,knock knock AI_Basicプラン,1,11000,,,11000,1100,12100,10,251317884,2026-07-24T05:19:15.000+0000
a01RB00001cID5eYAG,INVL-0000000364,a00RB00002AyethYAB,a04RB00000kUAPVYA4,001RB00001VTqZpYAL,a0CRB0000CcXZ6i2QG,knock knock AI Basicプラン(50クレジット),true,knock knock AI_Basicプラン,1,11000,,,11000,1100,12100,10,251317886,2026-07-24T05:19:15.000+0000
a01RB00001cID5fYAG,INVL-0000000365,a00RB00002AyetiYAB,a04RB00000kUAPVYA4,001RB00001VTqZpYAL,a0CRB0000CcXZ6i2QG,knock knock AI Basicプラン(50クレジット),true,knock knock AI_Basicプラン,1,11000,,,11000,1100,12100,10,281255990,2026-07-24T05:19:15.000+0000
a01RB00001cID5gYAG,INVL-0000000366,a00RB00002AyetjYAB,a04RB00000kUAPxYAO,001RB00001VTtIdYAL,a0CRB0000CcXZ6i2QG,knock knock AI Basicプラン(50クレジット),true,KnockKnockAI_Basicプラン(月額),1,11000,,,11000,1100,12100,10,281255971,2026-07-24T05:19:15.000+0000
a01RB00001cID5hYAG,INVL-0000000367,a00RB00002AyetkYAB,a04RB00000kUAPlYAO,001RB00001VTtIXYA1,a0CRB0000CcXZ6i2QG,knock knock AI Basicプラン(50クレジット),true,knock knock AI_Basicプラン,1,11000,,,11000,1100,12100,10,281255983,2026-07-24T05:19:15.000+0000
a01RB00001cID5iYAG,INVL-0000000368,a00RB00002AyetlYAB,a04RB00000kUAPXYA4,001RB00001VTqZVYA1,a0CRB0000CcXZ6i2QG,knock knock AI Basicプラン(50クレジット),true,knock knock AI_Basicプラン,1,11000,,,11000,1100,12100,10,281255988,2026-07-24T05:19:15.000+0000
a01RB00001cJpgMYAS,INVL-0000000351,a00RB00002B0dy5YAB,a04RB00000kUAPjYAO,001RB00001VTqZWYA1,a0CRB0000CcXZ6i2QG,knock knock AI Basicプラン(50クレジット),true,knock knock AI Basicプラン(月額),1,11000,,,11000,1100,12100,10,251317912,2026-07-24T04:53:32.000+0000
a01RB00001cJpgNYAS,INVL-0000000352,a00RB00002B0dy6YAB,a04RB00000kUAPjYAO,001RB00001VTqZWYA1,a0CRB0000CcXZ6i2QG,knock knock AI Basicプラン(50クレジット),true,knock knock AI Basicプラン(月額),1,11000,,,11000,1100,12100,10,260913152,2026-07-24T04:53:32.000+0000
a01RB00001cJpgOYAS,INVL-0000000353,a00RB00002B0dy7YAB,a04RB00000kUAPjYAO,001RB00001VTqZWYA1,a0CRB0000CcXZ6i2QG,knock knock AI Basicプラン(50クレジット),true,knock knock AI Basicプラン(月額),1,11000,,,11000,1100,12100,10,240545825,2026-07-24T04:53:32.000+0000
a01RB00001cJpgPYAS,INVL-0000000354,a00RB00002B0dy8YAB,a04RB00000kUAPjYAO,001RB00001VTqZWYA1,a0CRB0000CcXZ6i2QG,knock knock AI Basicプラン(50クレジット),true,knock knock AI Basicプラン(月額),1,11000,,,11000,1100,12100,10,281256027,2026-07-24T04:53:32.000+0000
a01RB00001cMzePYAS,INVL-0000000369,a00RB00002B4i3EYAR,a04RB00000n5JdiYAE,001RB00001br9KgYAI,a0CRB0000CcXZ6T2QW,[OLD] Rendery Enterpriseプラン(2025年9月まで),true,RenderyEnterpriseプラン_月額,1,11000,,,11000,1100,12100,10,270987016,2026-07-24T10:37:58.000+0000
a01RB00001cMzeQYAS,INVL-0000000370,a00RB00002B4i3FYAR,a04RB00000n5JdjYAE,001RB00001br9KfYAI,a0CRB0000CcXZ6T2QW,[OLD] Rendery Enterpriseプラン(2025年9月まで),true,RenderyEnterpriseプラン_月額,4,11000,,,44000,4400,48400,10,270987017,2026-07-24T10:37:58.000+0000
a01RB00001cMzeRYAS,INVL-0000000371,a00RB00002B4i3GYAR,a04RB00000n5JdkYAE,001RB00001br9KNYAY,a0CRB0000CcXZ6Q2QW,Rendery Proプラン,true,Rendery_Pro_月額利用料,1,8000,,,8000,800,8800,10,270987018,2026-07-24T10:37:58.000+0000
a01RB00001cMzeSYAS,INVL-0000000372,a00RB00002B4i3HYAR,a04RB00000n5JdlYAE,001RB00001br9KLYAY,a0CRB0000CcXZ6Q2QW,Rendery Proプラン,true,Rendery_Pro_月額,1,8000,,,8000,800,8800,10,270987026,2026-07-24T10:37:58.000+0000
a01RB00001cMzeTYAS,INVL-0000000373,a00RB00002B4i3IYAR,a04RB00000n5JdnYAE,001RB00001br9KQYAY,a0CRB0000CcXZ6Q2QW,Rendery Proプラン,true,Rendery_Pro_月額利用料,1,8000,,,8000,800,8800,10,270987035,2026-07-24T10:37:58.000+0000
a01RB00001cMzeUYAS,INVL-0000000374,a00RB00002B4i3JYAR,a04RB00000n5JdoYAE,001RB00001br9KOYAY,a0CRB0000CcXZ6Q2QW,Rendery Proプラン,true,Rendery_Pro_月額利用料,1,8000,,,8000,800,8800,10,270987038,2026-07-24T10:37:58.000+0000
a01RB00001cMzeVYAS,INVL-0000000375,a00RB00002B4i3KYAR,a04RB00000n5JdpYAE,001RB00001VTrvcYAD,a0CRB0000CcXZ6V2QW,Rendery Enterpriseプラン,true,[月額費用]Rendery Enterpriseプラン_13アカウント,13,15000,,,195000,19500,214500,10,271588999,2026-07-24T10:37:58.000+0000
a01RB00001cMzeWYAS,INVL-0000000376,a00RB00002B4i3KYAR,a04RB00000n5JdpYAE,001RB00001VTrvcYAD,a0CRB0000CcXZ6a2QG,Rendery セキュリティオプション(SSO)_初期費用,false,[月額費用]セキュリティオプション+_運用費用,1,100000,,,100000,10000,110000,10,271589000,2026-07-24T10:37:58.000+0000
a01RB00001cMzeXYAS,INVL-0000000377,a00RB00002B4i3LYAR,a04RB00000n5JdqYAE,001RB00001VTtIcYAL,a0CRB0000CcXZ6i2QG,knock knock AI Basicプラン(50クレジット),true,knock knock AI_Basicプラン(月額),1,11000,,,11000,1100,12100,10,270986998,2026-07-24T10:37:58.000+0000
a01RB00001cMzeYYAS,INVL-0000000378,a00RB00002B4i3MYAR,a04RB00000n5JdrYAE,001RB00001br9KVYAY,a0CRB0000CcXZ6i2QG,knock knock AI Basicプラン(50クレジット),true,knock knock AI Basicプラン,1,11000,,,11000,1100,12100,10,270986999,2026-07-24T10:37:58.000+0000
a01RB00001cMzeZYAS,INVL-0000000379,a00RB00002B4i3NYAR,a04RB00000n5JdtYAE,001RB00001br9KSYAY,a0CRB0000CcXZ6Q2QW,Rendery Proプラン,true,Rendery_Pro_月額利用料,1,8000,,,8000,800,8800,10,270987013,2026-07-24T10:37:58.000+0000
a01RB00001cMzeaYAC,INVL-0000000380,a00RB00002B4i3OYAR,a04RB00000n5JduYAE,001RB00001br9KdYAI,a0CRB0000CcXZ6Q2QW,Rendery Proプラン,true,Rendery_Pro_月額利用料,2,8000,,,16000,1600,17600,10,271141453,2026-07-24T10:37:58.000+0000
a01RB00001cMzebYAC,INVL-0000000381,a00RB00002B4i3PYAR,a04RB00000n5JdvYAE,001RB00001VTCYEYA5,a0CRB0000CcXZ6V2QW,Rendery Enterpriseプラン,true,Rendery Enterpriseプラン_10アカウント_月額,10,15000,,,150000,15000,165000,10,271329417,2026-07-24T10:37:58.000+0000
a01RB00001cMzecYAC,INVL-0000000382,a00RB00002B4i3PYAR,a04RB00000n5JdvYAE,001RB00001VTCYEYA5,a0CRB0000CcXZ6b2QG,Rendery セキュリティオプション(SSO)_運用費用,true,セキュリティオプション（シングルサインオン）_月額,1,30000,,,30000,3000,33000,10,271329418,2026-07-24T10:37:58.000+0000
a01RB00001cMzedYAC,INVL-0000000383,a00RB00002B4i3QYAR,a04RB00000n5JdwYAE,001RB00001br9KYYAY,a0CRB0000CcXZ6V2QW,Rendery Enterpriseプラン,true,Rendery Enterpriseプラン_月額,2,15000,,,30000,3000,33000,10,271153671,2026-07-24T10:37:58.000+0000
a01RB00001cMzeeYAC,INVL-0000000384,a00RB00002B4i3RYAR,a04RB00000n5JdxYAE,001RB00001br9KIYAY,a0CRB0000CcXZ6Q2QW,Rendery Proプラン,true,Rendery_Proプラン_1アカウント(月額費用),1,8000,,,8000,800,8800,10,271298806,2026-07-24T10:37:58.000+0000
a01RB00001cMzefYAC,INVL-0000000385,a00RB00002B4i3SYAR,a04RB00000n5JdyYAE,001RB00001br9KcYAI,a0CRB0000CcXZ6V2QW,Rendery Enterpriseプラン,true,Rendery Enterpriseプラン_1アカウント(26年6月-27年3月分),10,15000,,,150000,15000,165000,10,271327981,2026-07-24T10:37:58.000+0000
a01RB00001cMzegYAC,INVL-0000000386,a00RB00002B4i3TYAR,a04RB00000kUAOjYAO,001RB00001VTqf7YAD,a0CRB0000Ck3ReH2QU,Rendery_Enterpriseプラン,false,Rendery Enterpriseプラン_3アカウント_月払い,3,15000,,,45000,4800,52800,10,271326818,2026-07-24T10:37:58.000+0000
a01RB00001cMzehYAC,INVL-0000000387,a00RB00002B4i3UYAR,a04RB00000n5JdzYAE,001RB00001br9KeYAI,a0CRB0000CcXZ6V2QW,Rendery Enterpriseプラン,true,Rendery Enterpriseプラン5アカウント_月額,5,15000,,,75000,7500,82500,10,240889864,2026-07-24T10:37:58.000+0000
a01RB00001cMzeiYAC,INVL-0000000388,a00RB00002B4i3VYAR,a04RB00000n5JdrYAE,001RB00001br9KVYAY,a0CRB0000CcXZ6i2QG,knock knock AI Basicプラン(50クレジット),true,knock knock AI Basicプラン,1,11000,,,11000,1100,12100,10,240545776,2026-07-24T10:37:58.000+0000
a01RB00001cMzejYAC,INVL-0000000389,a00RB00002B4i3WYAR,a04RB00000n5Je0YAE,001RB00001VTtIVYA1,a0CRB0000CcXZ6i2QG,knock knock AI Basicプラン(50クレジット),true,knock knock AI Basicプラン(月額),1,11000,,,11000,1100,12100,10,240545781,2026-07-24T10:37:58.000+0000
a01RB00001cMzekYAC,INVL-0000000390,a00RB00002B4i3XYAR,a04RB00000n5JdtYAE,001RB00001br9KSYAY,a0CRB0000CcXZ6Q2QW,Rendery Proプラン,true,Rendery_Pro_月額利用料,1,8000,,,8000,800,8800,10,240545788,2026-07-24T10:37:58.000+0000
a01RB00001cMzelYAC,INVL-0000000391,a00RB00002B4i3YYAR,a04RB00000n5JdiYAE,001RB00001br9KgYAI,a0CRB0000CcXZ6T2QW,[OLD] Rendery Enterpriseプラン(2025年9月まで),true,RenderyEnterpriseプラン_月額,1,11000,,,11000,1100,12100,10,240545792,2026-07-24T10:37:58.000+0000
a01RB00001cMzemYAC,INVL-0000000392,a00RB00002B4i3ZYAR,a04RB00000n5JdjYAE,001RB00001br9KfYAI,a0CRB0000CcXZ6T2QW,[OLD] Rendery Enterpriseプラン(2025年9月まで),true,RenderyEnterpriseプラン_月額,4,11000,,,44000,4400,48400,10,240545793,2026-07-24T10:37:58.000+0000
a01RB00001cMzenYAC,INVL-0000000393,a00RB00002B4i3aYAB,a04RB00000n5JdkYAE,001RB00001br9KNYAY,a0CRB0000CcXZ6Q2QW,Rendery Proプラン,true,Rendery_Pro_月額利用料,1,8000,,,8000,800,8800,10,240545794,2026-07-24T10:37:58.000+0000
a01RB00001cMzeoYAC,INVL-0000000394,a00RB00002B4i3bYAB,a04RB00000n5Je1YAE,001RB00001VTqkQYAT,a0CRB0000CcXZ6T2QW,[OLD] Rendery Enterpriseプラン(2025年9月まで),true,Rendery Enterpriseプラン_月額,5,11000,,,55000,5500,60500,10,240545798,2026-07-24T10:37:58.000+0000
a01RB00001cMzepYAC,INVL-0000000395,a00RB00002B4i3cYAB,a04RB00000n5Je2YAE,001RB00001VTCYwYAP,a0CRB0000CcXZ6Q2QW,Rendery Proプラン,true,Rendery_Pro_月額利用料,1,8000,,,8000,800,8800,10,251317906,2026-07-24T10:37:58.000+0000
a01RB00001cMzeqYAC,INVL-0000000396,a00RB00002B4i3dYAB,a04RB00000n5JdnYAE,001RB00001br9KQYAY,a0CRB0000CcXZ6Q2QW,Rendery Proプラン,true,Rendery_Pro_月額利用料,1,8000,,,8000,800,8800,10,251317916,2026-07-24T10:37:58.000+0000
a01RB00001cMzerYAC,INVL-0000000397,a00RB00002B4i3eYAB,a04RB00000n5JdoYAE,001RB00001br9KOYAY,a0CRB0000CcXZ6Q2QW,Rendery Proプラン,true,Rendery_Pro_月額利用料,1,8000,,,8000,800,8800,10,251317918,2026-07-24T10:37:58.000+0000
a01RB00001cMzesYAC,INVL-0000000398,a00RB00002B4i3fYAB,a04RB00000n5Je3YAE,001RB00001VcyFPYAZ,a0CRB0000CcXZ6Q2QW,Rendery Proプラン,true,Rendery(Pro用)・月額料金,6,8000,,,48000,4800,52800,10,251916637,2026-07-24T10:37:58.000+0000
a01RB00001cMzetYAC,INVL-0000000399,a00RB00002B4i3gYAB,a04RB00000n5JduYAE,001RB00001br9KdYAI,a0CRB0000CcXZ6Q2QW,Rendery Proプラン,true,Rendery_Pro_月額利用料,2,8000,,,16000,1600,17600,10,251923140,2026-07-24T10:37:58.000+0000
a01RB00001cMzeuYAC,INVL-0000000400,a00RB00002B4i3hYAB,a04RB00000n5JdvYAE,001RB00001VTCYEYA5,a0CRB0000CcXZ6V2QW,Rendery Enterpriseプラン,true,Rendery Enterpriseプラン_10アカウント_月額,10,15000,,,150000,15000,165000,10,251928883,2026-07-24T10:37:58.000+0000
a01RB00001cMzevYAC,INVL-0000000401,a00RB00002B4i3hYAB,a04RB00000n5JdvYAE,001RB00001VTCYEYA5,a0CRB0000CcXZ6b2QG,Rendery セキュリティオプション(SSO)_運用費用,true,セキュリティオプション（シングルサインオン）_月額,1,30000,,,30000,3000,33000,10,251928884,2026-07-24T10:37:58.000+0000
a01RB00001cMzewYAC,INVL-0000000402,a00RB00002B4i3iYAB,a04RB00000n5Je4YAE,001RB00001VTqlZYAT,a0CRB0000CcXZ6T2QW,[OLD] Rendery Enterpriseプラン(2025年9月まで),true,Rendery＿Enterpriseプラン_月額,7,11000,,,77000,7700,84700,10,251977407,2026-07-24T10:37:58.000+0000
a01RB00001cMzexYAC,INVL-0000000403,a00RB00002B4i3jYAB,a04RB00000n5Je5YAE,001RB00001br9KRYAY,a0CRB0000CcXZ6i2QG,knock knock AI Basicプラン(50クレジット),true,knock knock AI_Basicプラン(月額),1,11000,,,11000,1100,12100,10,252014493,2026-07-24T10:37:58.000+0000
a01RB00001cMzeyYAC,INVL-0000000404,a00RB00002B4i3kYAB,a04RB00000n5Je6YAE,001RB00001br9KTYAY,a0CRB0000CcXZ6i2QG,knock knock AI Basicプラン(50クレジット),true,knock knock AI Basicプラン,1,11000,,,11000,1100,12100,10,260913033,2026-07-24T10:37:58.000+0000
a01RB00001cMzezYAC,INVL-0000000405,a00RB00002B4i3lYAB,a04RB00000n5JdqYAE,001RB00001VTtIcYAL,a0CRB0000CcXZ6i2QG,knock knock AI Basicプラン(50クレジット),true,knock knock AI_Basicプラン(月額),1,11000,,,11000,1100,12100,10,260913044,2026-07-24T10:37:58.000+0000
a01RB00001cMzf0YAC,INVL-0000000406,a00RB00002B4i3mYAB,a04RB00000n5JdrYAE,001RB00001br9KVYAY,a0CRB0000CcXZ6i2QG,knock knock AI Basicプラン(50クレジット),true,knock knock AI Basicプラン,1,11000,,,11000,1100,12100,10,260913045,2026-07-24T10:37:58.000+0000
a01RB00001cMzf1YAC,INVL-0000000407,a00RB00002B4i3nYAB,a04RB00000n5JdtYAE,001RB00001br9KSYAY,a0CRB0000CcXZ6Q2QW,Rendery Proプラン,true,Rendery_Pro_月額利用料,1,8000,,,8000,800,8800,10,260913081,2026-07-24T10:37:58.000+0000
a01RB00001cMzf2YAC,INVL-0000000408,a00RB00002B4i3oYAB,a04RB00000n5JdiYAE,001RB00001br9KgYAI,a0CRB0000CcXZ6T2QW,[OLD] Rendery Enterpriseプラン(2025年9月まで),true,RenderyEnterpriseプラン_月額,1,11000,,,11000,1100,12100,10,260913086,2026-07-24T10:37:58.000+0000
a01RB00001cMzf3YAC,INVL-0000000409,a00RB00002B4i3pYAB,a04RB00000n5JdjYAE,001RB00001br9KfYAI,a0CRB0000CcXZ6T2QW,[OLD] Rendery Enterpriseプラン(2025年9月まで),true,RenderyEnterpriseプラン_月額,4,11000,,,44000,4400,48400,10,260913090,2026-07-24T10:37:58.000+0000
a01RB00001cMzf4YAC,INVL-0000000410,a00RB00002B4i3qYAB,a04RB00000n5JdkYAE,001RB00001br9KNYAY,a0CRB0000CcXZ6Q2QW,Rendery Proプラン,true,Rendery_Pro_月額利用料,1,8000,,,8000,800,8800,10,260913091,2026-07-24T10:37:58.000+0000
a01RB00001cMzf5YAC,INVL-0000000411,a00RB00002B4i3rYAB,a04RB00000n5Je1YAE,001RB00001VTqkQYAT,a0CRB0000CcXZ6T2QW,[OLD] Rendery Enterpriseプラン(2025年9月まで),true,Rendery Enterpriseプラン_月額,5,11000,,,55000,5500,60500,10,260913095,2026-07-24T10:37:58.000+0000
a01RB00001cMzf6YAC,INVL-0000000412,a00RB00002B4i3sYAB,a04RB00000n5JdlYAE,001RB00001br9KLYAY,a0CRB0000CcXZ6Q2QW,Rendery Proプラン,true,Rendery_Pro_月額,1,8000,,,8000,800,8800,10,260913118,2026-07-24T10:37:58.000+0000
a01RB00001cMzf7YAC,INVL-0000000413,a00RB00002B4i3tYAB,a04RB00000n5Je2YAE,001RB00001VTCYwYAP,a0CRB0000CcXZ6Q2QW,Rendery Proプラン,true,Rendery_Pro_月額利用料,1,8000,,,8000,800,8800,10,260913128,2026-07-24T10:37:58.000+0000
a01RB00001cMzf8YAC,INVL-0000000414,a00RB00002B4i3uYAB,a04RB00000n5JdnYAE,001RB00001br9KQYAY,a0CRB0000CcXZ6Q2QW,Rendery Proプラン,true,Rendery_Pro_月額利用料,1,8000,,,8000,800,8800,10,260913168,2026-07-24T10:37:58.000+0000
a01RB00001cMzf9YAC,INVL-0000000415,a00RB00002B4i3vYAB,a04RB00000n5JdoYAE,001RB00001br9KOYAY,a0CRB0000CcXZ6Q2QW,Rendery Proプラン,true,Rendery_Pro_月額利用料,1,8000,,,8000,800,8800,10,260913180,2026-07-24T10:37:58.000+0000
a01RB00001cMzfAYAS,INVL-0000000416,a00RB00002B4i3wYAB,a04RB00000n5Je3YAE,001RB00001VcyFPYAZ,a0CRB0000CcXZ6Q2QW,Rendery Proプラン,true,Rendery(Pro用)・月額料金,6,8000,,,48000,4800,52800,10,261361267,2026-07-24T10:37:58.000+0000
a01RB00001cMzfBYAS,INVL-0000000417,a00RB00002B4i3xYAB,a04RB00000n5JduYAE,001RB00001br9KdYAI,a0CRB0000CcXZ6Q2QW,Rendery Proプラン,true,Rendery_Pro_月額利用料,2,8000,,,16000,1600,17600,10,261424875,2026-07-24T10:37:58.000+0000
a01RB00001cMzfCYAS,INVL-0000000418,a00RB00002B4i3yYAB,a04RB00000n5JdvYAE,001RB00001VTCYEYA5,a0CRB0000CcXZ6V2QW,Rendery Enterpriseプラン,true,Rendery Enterpriseプラン_10アカウント_月額,10,15000,,,150000,15000,165000,10,261433343,2026-07-24T10:37:58.000+0000
a01RB00001cMzfDYAS,INVL-0000000419,a00RB00002B4i3yYAB,a04RB00000n5JdvYAE,001RB00001VTCYEYA5,a0CRB0000CcXZ6b2QG,Rendery セキュリティオプション(SSO)_運用費用,true,セキュリティオプション（シングルサインオン）_月額,1,30000,,,30000,3000,33000,10,261433344,2026-07-24T10:37:58.000+0000
a01RB00001cMzfEYAS,INVL-0000000420,a00RB00002B4i3zYAB,a04RB00000n5JdtYAE,001RB00001br9KSYAY,a0CRB0000CcXZ6Q2QW,Rendery Proプラン,true,Rendery_Pro_月額利用料,1,8000,,,8000,800,8800,10,251317887,2026-07-24T10:37:58.000+0000
a01RB00001cMzfFYAS,INVL-0000000421,a00RB00002B4i40YAB,a04RB00000n5JdiYAE,001RB00001br9KgYAI,a0CRB0000CcXZ6T2QW,[OLD] Rendery Enterpriseプラン(2025年9月まで),true,RenderyEnterpriseプラン_月額,1,11000,,,11000,1100,12100,10,251317888,2026-07-24T10:37:58.000+0000
a01RB00001cMzfGYAS,INVL-0000000422,a00RB00002B4i41YAB,a04RB00000n5JdjYAE,001RB00001br9KfYAI,a0CRB0000CcXZ6T2QW,[OLD] Rendery Enterpriseプラン(2025年9月まで),true,RenderyEnterpriseプラン_月額,4,11000,,,44000,4400,48400,10,251317889,2026-07-24T10:37:58.000+0000
a01RB00001cMzfHYAS,INVL-0000000423,a00RB00002B4i42YAB,a04RB00000n5JdkYAE,001RB00001br9KNYAY,a0CRB0000CcXZ6Q2QW,Rendery Proプラン,true,Rendery_Pro_月額利用料,1,8000,,,8000,800,8800,10,251317890,2026-07-24T10:37:58.000+0000
a01RB00001cMzfIYAS,INVL-0000000424,a00RB00002B4i43YAB,a04RB00000n5Je1YAE,001RB00001VTqkQYAT,a0CRB0000CcXZ6T2QW,[OLD] Rendery Enterpriseプラン(2025年9月まで),true,Rendery Enterpriseプラン_月額,5,11000,,,55000,5500,60500,10,251317893,2026-07-24T10:37:58.000+0000
a01RB00001cMzfJYAS,INVL-0000000425,a00RB00002B4i44YAB,a04RB00000n5JdlYAE,001RB00001br9KLYAY,a0CRB0000CcXZ6Q2QW,Rendery Proプラン,true,Rendery_Pro_月額,1,8000,,,8000,800,8800,10,251317904,2026-07-24T10:37:58.000+0000
a01RB00001cMzfKYAS,INVL-0000000426,a00RB00002B4i45YAB,a04RB00000n5JdlYAE,001RB00001br9KLYAY,a0CRB0000CcXZ6Q2QW,Rendery Proプラン,true,Rendery_Pro_月額,1,8000,,,8000,800,8800,10,240545815,2026-07-24T10:37:58.000+0000
a01RB00001cMzfLYAS,INVL-0000000427,a00RB00002B4i46YAB,a04RB00000n5Je2YAE,001RB00001VTCYwYAP,a0CRB0000CcXZ6Q2QW,Rendery Proプラン,true,Rendery_Pro_月額利用料,1,8000,,,8000,800,8800,10,240545817,2026-07-24T10:37:58.000+0000
a01RB00001cMzfMYAS,INVL-0000000428,a00RB00002B4i47YAB,a04RB00000n5JdnYAE,001RB00001br9KQYAY,a0CRB0000CcXZ6Q2QW,Rendery Proプラン,true,Rendery_Pro_月額利用料,1,8000,,,8000,800,8800,10,240545830,2026-07-24T10:37:58.000+0000
a01RB00001cMzfNYAS,INVL-0000000429,a00RB00002B4i48YAB,a04RB00000n5JdoYAE,001RB00001br9KOYAY,a0CRB0000CcXZ6Q2QW,Rendery Proプラン,true,Rendery_Pro_月額利用料,1,8000,,,8000,800,8800,10,240545838,2026-07-24T10:37:58.000+0000
a01RB00001cMzfOYAS,INVL-0000000430,a00RB00002B4i49YAB,a04RB00000n5Je4YAE,001RB00001VTqlZYAT,a0CRB0000CcXZ6T2QW,[OLD] Rendery Enterpriseプラン(2025年9月まで),true,Rendery＿Enterpriseプラン_月額,7,11000,,,77000,7700,84700,10,240883030,2026-07-24T10:37:58.000+0000
a01RB00001cMzfPYAS,INVL-0000000431,a00RB00002B4i4AYAR,a04RB00000n5JduYAE,001RB00001br9KdYAI,a0CRB0000CcXZ6Q2QW,Rendery Proプラン,true,Rendery_Pro_月額利用料,2,8000,,,16000,1600,17600,10,240883686,2026-07-24T10:37:58.000+0000
a01RB00001cMzfQYAS,INVL-0000000432,a00RB00002B4i4BYAR,a04RB00000n5Je7YAE,001RB00001br9KbYAI,a0CRB0000CcXZ6T2QW,[OLD] Rendery Enterpriseプラン(2025年9月まで),true,Rendery Enterpriseプラン_月額,12,11000,,,132000,13200,145200,10,280981678,2026-07-24T10:37:58.000+0000
a01RB00001cMzfRYAS,INVL-0000000433,a00RB00002B4i4CYAR,a04RB00000n5Je8YAE,001RB00001br9KWYAY,a0CRB0000CcXZ6Q2QW,Rendery Proプラン,true,Rendery_Pro_月額利用料,6,8000,,,48000,4800,52800,10,280981724,2026-07-24T10:37:58.000+0000
a01RB00001cMzfSYAS,INVL-0000000434,a00RB00002B4i4DYAR,a04RB00000n5Je9YAE,001RB00001br9KaYAI,a0CRB0000CcXZ6Q2QW,Rendery Proプラン,true,Rendery_Pro_3アカウント_月額費用,3,8000,,,24000,2400,26400,10,280981743,2026-07-24T10:37:58.000+0000
a01RB00001cMzfTYAS,INVL-0000000435,a00RB00002B4i4EYAR,a04RB00000n5JdzYAE,001RB00001br9KeYAI,a0CRB0000CcXZ6V2QW,Rendery Enterpriseプラン,true,Rendery Enterpriseプラン5アカウント_月額,5,15000,,,75000,7500,82500,10,280981773,2026-07-24T10:37:58.000+0000
a01RB00001cMzfUYAS,INVL-0000000436,a00RB00002B4i4FYAR,a04RB00000n5JdwYAE,001RB00001br9KYYAY,a0CRB0000CcXZ6V2QW,Rendery Enterpriseプラン,true,Rendery Enterpriseプラン_月額,2,15000,,,30000,3000,33000,10,281166226,2026-07-24T10:37:58.000+0000
a01RB00001cMzfVYAS,INVL-0000000437,a00RB00002B4i4GYAR,a04RB00000n5JdxYAE,001RB00001br9KIYAY,a0CRB0000CcXZ6Q2QW,Rendery Proプラン,true,Rendery_Proプラン_1アカウント(月額費用),1,8000,,,8000,800,8800,10,281085001,2026-07-24T10:37:58.000+0000
a01RB00001cMzfWYAS,INVL-0000000438,a00RB00002B4i4HYAR,a04RB00000kUAOjYAO,001RB00001VTqf7YAD,a0CRB0000Ck3ReH2QU,Rendery_Enterpriseプラン,false,Rendery Enterpriseプラン_3アカウント_月払い,3,15000,,,45000,4800,52800,10,281085101,2026-07-24T10:37:58.000+0000
a01RB00001cMzfXYAS,INVL-0000000439,a00RB00002B4i4IYAR,a04RB00000n5Je3YAE,001RB00001VcyFPYAZ,a0CRB0000CcXZ6Q2QW,Rendery Proプラン,true,Rendery(Pro用)・月額料金,6,8000,,,48000,4800,52800,10,281152013,2026-07-24T10:37:58.000+0000
a01RB00001cMzfYYAS,INVL-0000000440,a00RB00002B4i4JYAR,a04RB00000n5JduYAE,001RB00001br9KdYAI,a0CRB0000CcXZ6Q2QW,Rendery Proプラン,true,Rendery_Pro_月額利用料,2,8000,,,16000,1600,17600,10,281152183,2026-07-24T10:37:58.000+0000
a01RB00001cMzfZYAS,INVL-0000000441,a00RB00002B4i4KYAR,a04RB00000n5JdtYAE,001RB00001br9KSYAY,a0CRB0000CcXZ6Q2QW,Rendery Proプラン,true,Rendery_Pro_月額利用料,1,8000,,,8000,800,8800,10,281255992,2026-07-24T10:37:58.000+0000
a01RB00001cMzfaYAC,INVL-0000000442,a00RB00002B4i4LYAR,a04RB00000n5JdiYAE,001RB00001br9KgYAI,a0CRB0000CcXZ6T2QW,[OLD] Rendery Enterpriseプラン(2025年9月まで),true,RenderyEnterpriseプラン_月額,1,11000,,,11000,1100,12100,10,281255995,2026-07-24T10:37:58.000+0000
a01RB00001cMzfbYAC,INVL-0000000443,a00RB00002B4i4MYAR,a04RB00000n5JdjYAE,001RB00001br9KfYAI,a0CRB0000CcXZ6T2QW,[OLD] Rendery Enterpriseプラン(2025年9月まで),true,RenderyEnterpriseプラン_月額,4,11000,,,44000,4400,48400,10,281255996,2026-07-24T10:37:58.000+0000
a01RB00001cMzfcYAC,INVL-0000000444,a00RB00002B4i4NYAR,a04RB00000n5JdkYAE,001RB00001br9KNYAY,a0CRB0000CcXZ6Q2QW,Rendery Proプラン,true,Rendery_Pro_月額利用料,1,8000,,,8000,800,8800,10,281255997,2026-07-24T10:37:58.000+0000
a01RB00001cMzfdYAC,INVL-0000000445,a00RB00002B4i4OYAR,a04RB00000n5JdlYAE,001RB00001br9KLYAY,a0CRB0000CcXZ6Q2QW,Rendery Proプラン,true,Rendery_Pro_月額,1,8000,,,8000,800,8800,10,281256022,2026-07-24T10:37:58.000+0000
a01RB00001cMzfeYAC,INVL-0000000446,a00RB00002B4i4PYAR,a04RB00000n5JdmYAE,001RB00001br9KMYAY,a0CRB0000CcXZ6T2QW,[OLD] Rendery Enterpriseプラン(2025年9月まで),true,Rendery　エンタープライズプラン,4,11000,,,44000,4400,48400,10,281256024,2026-07-24T10:37:58.000+0000
a01RB00001cMzffYAC,INVL-0000000447,a00RB00002B4i4QYAR,a04RB00000n5JdnYAE,001RB00001br9KQYAY,a0CRB0000CcXZ6Q2QW,Rendery Proプラン,true,Rendery_Pro_月額利用料,1,8000,,,8000,800,8800,10,281256032,2026-07-24T10:37:58.000+0000
a01RB00001cMzfgYAC,INVL-0000000448,a00RB00002B4i4RYAR,a04RB00000n5JdoYAE,001RB00001br9KOYAY,a0CRB0000CcXZ6Q2QW,Rendery Proプラン,true,Rendery_Pro_月額利用料,1,8000,,,8000,800,8800,10,281256034,2026-07-24T10:37:58.000+0000
a01RB00001cNzAsYAK,INVL-0000000449,a00RB00002B2ejcYAB,a04RB00000n5JdmYAE,001RB00001br9KMYAY,a0CRB0000CcXZ6T2QW,[OLD] Rendery Enterpriseプラン(2025年9月まで),true,Rendery　エンタープライズプラン,4,11000,,,44000,4400,48400,10,271130260,2026-07-24T10:55:36.000+0000
a01RB00001cNzAtYAK,INVL-0000000450,a00RB00002B2ejdYAB,a04RB00000n5JdsYAE,001RB00001br9KKYAY,a0CRB0000CcXZ6i2QG,knock knock AI Basicプラン(50クレジット),true,knock knock AI_Basicプラン,1,11000,,,11000,1100,12100,10,270987003,2026-07-24T10:55:36.000+0000
a01RB00001cODiUYAW,INVL-0000000451,a00RB00002B5oL2YAJ,a04RB00000kUAPdYAO,001RB00001VTtIUYA1,a0CRB0000DaCRfV2QW,[月払] knock knock AI Enterpriseプラン 1100クレジット,true,knock knock AI_Enterpriseプラン_1200クレジット,1100,159500,,,175450000,15950,175450,10,270987005,2026-07-24T11:59:32.000+0000
a01RB00001cODiVYAW,INVL-0000000452,a00RB00002B5oL3YAJ,a04RB00000kUAPJYA4,001RB00001VTrkSYAT,a0CRB0000CcXZ6Z2QW,[年払] Rendery Enterpriseプラン,false,Rendery Enterpriseプラン5アカウント_年額,5,168000,,,840000,84000,924000,10,271151946,2026-07-24T11:59:32.000+0000
a01RB00001cODiWYAW,INVL-0000000453,a00RB00002B5oL4YAJ,a04RB00000kUAPOYA4,001RB00001VTrm3YAD,a0CRB0000CcXZ6Z2QW,[年払] Rendery Enterpriseプラン,false,Rendery Enterpriseプラン6アカウント_年払い,6,168000,,,1008000,100800,1108800,10,271322111,2026-07-24T11:59:32.000+0000
a01RB00001cODiXYAW,INVL-0000000454,a00RB00002B5oL5YAJ,a04RB00000kUAOxYAO,001RB00001br9KPYAY,a0CRB0000CcXZ6Q2QW,Rendery Proプラン,true,Rendery_Pro_10アカウント_年間一括払い,120,8000,,,960000,96000,1056000,10,240895556,2026-07-24T11:59:32.000+0000
a01RB00001cODiYYAW,INVL-0000000455,a00RB00002B5oL6YAJ,a04RB00000n5JdsYAE,001RB00001br9KKYAY,a0CRB0000CcXZ6i2QG,knock knock AI Basicプラン(50クレジット),true,knock knock AI_Basicプラン,1,11000,,,11000,1100,12100,10,240545780,2026-07-24T11:59:32.000+0000
a01RB00001cODiZYAW,INVL-0000000456,a00RB00002B5oL7YAJ,a04RB00000kUAPdYAO,001RB00001VTtIUYA1,a0CRB0000DaCRfV2QW,[月払] knock knock AI Enterpriseプラン 1100クレジット,true,knock knock AI_Enterpriseプラン_1100クレジット,1100,159500,,,175450000,15950,175450,10,240910421,2026-07-24T11:59:32.000+0000
a01RB00001cODiaYAG,INVL-0000000457,a00RB00002B5oL8YAJ,a04RB00000kUAPWYA4,001RB00001VTCYzYAP,a0CRB0000CcXZ6i2QG,knock knock AI Basicプラン(50クレジット),true,knock knock AI_Basicプラン,1,11000,,,11000,1100,12100,10,240545785,2026-07-24T11:59:32.000+0000
a01RB00001cODibYAG,INVL-0000000458,a00RB00002B5oL9YAJ,a04RB00000kUANhYAO,001RB00001VTrseYAD,a0CRB0000CcXZ6Q2QW,Rendery Proプラン,true,Rendery_Pro(2026年4月- 2027年3月),1,8000,,,8000,9600,105600,10,251904311,2026-07-24T11:59:32.000+0000
a01RB00001cODicYAG,INVL-0000000459,a00RB00002B5oLAYAZ,a04RB00000kUAObYAO,001RB00001VTqleYAD,a0CRB0000CcXZ6R2QW,[代理販売20%] Rendery Proプラン,true,Rendery_Pro_月額利用料_注文番号：405016881,2,6400,,,12800,1280,14080,10,251913738,2026-07-24T11:59:32.000+0000
a01RB00001cODidYAG,INVL-0000000460,a00RB00002B5oLBYAZ,a04RB00000kUAObYAO,001RB00001VTqleYAD,a0CRB0000CcXZ6R2QW,[代理販売20%] Rendery Proプラン,true,Rendery_Pro_４月利用料(株式会社長谷建築設計事務所様),1,6400,,,6400,640,7040,10,251915632,2026-07-24T11:59:32.000+0000
a01RB00001cODieYAG,INVL-0000000461,a00RB00002B5oLCYAZ,a04RB00000kUAPdYAO,001RB00001VTtIUYA1,a0CRB0000DaCRfV2QW,[月払] knock knock AI Enterpriseプラン 1100クレジット,true,knock knock AI_Enterpriseプラン_1200クレジット,1100,159500,,,175450000,15950,175450,10,260913064,2026-07-24T11:59:32.000+0000
a01RB00001cODifYAG,INVL-0000000462,a00RB00002B5oLDYAZ,a04RB00000kUAObYAO,001RB00001VTqleYAD,a0CRB0000CcXZ6R2QW,[代理販売20%] Rendery Proプラン,true,Rendery_Pro_月額利用料(ジェイアール北海道エンジニアリング株式会社分),6,6400,,,38400,3840,42240,10,261357415,2026-07-24T11:59:32.000+0000
a01RB00001cODigYAG,INVL-0000000463,a00RB00002B5oLEYAZ,a04RB00000kUAObYAO,001RB00001VTqleYAD,a0CRB0000CcXZ6R2QW,[代理販売20%] Rendery Proプラン,true,Rendery_Pro_月額利用料_注文番号：405342479,2,6400,,,12800,1280,14080,10,261358261,2026-07-24T11:59:32.000+0000
a01RB00001cODihYAG,INVL-0000000464,a00RB00002B5oLFYAZ,a04RB00000kUAOqYAO,001RB00001VTrnKYAT,a0CRB0000CcXZ6Z2QW,[年払] Rendery Enterpriseプラン,false,Rendery Enterpriseプラン10アカウント_年払い,10,168000,,,1680000,168000,1848000,10,261428173,2026-07-24T11:59:32.000+0000
a01RB00001cODiiYAG,INVL-0000000465,a00RB00002B5oLGYAZ,a04RB00000kUAPGYA4,001RB00001VTrmvYAD,a0CRB0000CcXZ6Q2QW,Rendery Proプラン,true,Rendery Proプラン1アカウント_年払い,12,8000,,,96000,9600,105600,10,261438078,2026-07-24T11:59:32.000+0000
a01RB00001cODijYAG,INVL-0000000466,a00RB00002B5oLHYAZ,a04RB00000kUAPdYAO,001RB00001VTtIUYA1,a0CRB0000DaCRfV2QW,[月払] knock knock AI Enterpriseプラン 1100クレジット,true,knock knock AI_Enterpriseプラン_1200クレジット,1100,159500,,,175450000,15950,175450,10,251317879,2026-07-24T11:59:32.000+0000
a01RB00001cODikYAG,INVL-0000000467,a00RB00002B5oLIYAZ,a04RB00000kUANjYAO,001RB00001VTCYmYAP,a0CRB0000CcXZ6T2QW,[OLD] Rendery Enterpriseプラン(2025年9月まで),true,Rendery(エンタープライズプラン：1ヶ月),5,11000,,,55000,5500,60500,10,240545821,2026-07-24T11:59:32.000+0000
a01RB00001cODilYAG,INVL-0000000468,a00RB00002B5oLJYAZ,a04RB00000miHmIYAU,001RB00001VTqgHYAT,a0CRB0000CcXZ6Q2QW,Rendery Proプラン,true,Rendery_Proプラン_5アカウント(月額費用),5,8000,,,40000,4000,44000,10,280981782,2026-07-24T11:59:32.000+0000
a01RB00001cODimYAG,INVL-0000000469,a00RB00002B5oLKYAZ,a04RB00000kUAObYAO,001RB00001VTqleYAD,a0CRB0000CcXZ6R2QW,[代理販売20%] Rendery Proプラン,true,Rendery_Pro_月額利用料_注文番号：405342481,2,6400,,,12800,1280,14080,10,281151829,2026-07-24T11:59:32.000+0000
a01RB00001cODinYAG,INVL-0000000470,a00RB00002B5oLLYAZ,a04RB00000kUAObYAO,001RB00001VTqleYAD,a0CRB0000CcXZ6W2QW,[代理販売20%] Rendery Enterpriseプラン,true,Rendery Enterpriseプラン_10アカウント_月額費用,10,12000,,,120000,12000,132000,10,281158151,2026-07-24T11:59:32.000+0000
a01RB00001cODioYAG,INVL-0000000471,a00RB00002B5oLLYAZ,a04RB00000kUAObYAO,001RB00001VTqleYAD,a0CRB0000CcXZ6W2QW,[代理販売20%] Rendery Enterpriseプラン,true,Rendery Enterpriseプラン_10アカウント_月額費用,10,12000,,,120000,12000,132000,10,281158152,2026-07-24T11:59:32.000+0000
a01RB00001cODipYAG,INVL-0000000472,a00RB00002B5oLLYAZ,a04RB00000kUAObYAO,001RB00001VTqleYAD,a0CRB0000CcXZ6W2QW,[代理販売20%] Rendery Enterpriseプラン,true,Rendery Enterpriseプラン_10アカウント_月額費用,10,12000,,,120000,12000,132000,10,281158153,2026-07-24T11:59:32.000+0000
a01RB00001cODiqYAG,INVL-0000000473,a00RB00002B5oLLYAZ,a04RB00000kUAObYAO,001RB00001VTqleYAD,a0CRB0000CcXZ6W2QW,[代理販売20%] Rendery Enterpriseプラン,true,Rendery Enterpriseプラン_10アカウント_月額費用,10,12000,,,120000,12000,132000,10,281158154,2026-07-24T11:59:32.000+0000
a01RB00001cODirYAG,INVL-0000000474,a00RB00002B5oLLYAZ,a04RB00000kUAObYAO,001RB00001VTqleYAD,a0CRB0000CcXZ6W2QW,[代理販売20%] Rendery Enterpriseプラン,true,Rendery Enterpriseプラン_10アカウント_月額費用,10,12000,,,120000,12000,132000,10,281158155,2026-07-24T11:59:32.000+0000
a01RB00001cODisYAG,INVL-0000000475,a00RB00002B5oLLYAZ,a04RB00000kUAObYAO,001RB00001VTqleYAD,a0CRB0000CcXZ6W2QW,[代理販売20%] Rendery Enterpriseプラン,true,Rendery Enterpriseプラン_10アカウント_月額費用,10,12000,,,120000,12000,132000,10,281158156,2026-07-24T11:59:32.000+0000
a01RB00001cODitYAG,INVL-0000000476,a00RB00002B5oLLYAZ,a04RB00000kUAObYAO,001RB00001VTqleYAD,a0CRB0000CcXZ6W2QW,[代理販売20%] Rendery Enterpriseプラン,true,Rendery Enterpriseプラン_10アカウント_月額費用,10,12000,,,120000,12000,132000,10,281158157,2026-07-24T11:59:32.000+0000
a01RB00001cODiuYAG,INVL-0000000477,a00RB00002B5oLLYAZ,a04RB00000kUAObYAO,001RB00001VTqleYAD,a0CRB0000CcXZ6W2QW,[代理販売20%] Rendery Enterpriseプラン,true,Rendery Enterpriseプラン_10アカウント_月額費用,10,12000,,,120000,12000,132000,10,281158158,2026-07-24T11:59:32.000+0000
a01RB00001cODivYAG,INVL-0000000478,a00RB00002B5oLLYAZ,a04RB00000kUAObYAO,001RB00001VTqleYAD,a0CRB0000CcXZ6W2QW,[代理販売20%] Rendery Enterpriseプラン,true,Rendery Enterpriseプラン_10アカウント_月額費用,10,12000,,,120000,12000,132000,10,281158159,2026-07-24T11:59:32.000+0000
a01RB00001cODiwYAG,INVL-0000000479,a00RB00002B5oLLYAZ,a04RB00000kUAObYAO,001RB00001VTqleYAD,a0CRB0000CcXZ6W2QW,[代理販売20%] Rendery Enterpriseプラン,true,Rendery Enterpriseプラン_10アカウント_月額費用,10,12000,,,120000,12000,132000,10,281158160,2026-07-24T11:59:32.000+0000
a01RB00001cODixYAG,INVL-0000000480,a00RB00002B5oLLYAZ,a04RB00000kUAObYAO,001RB00001VTqleYAD,a0CRB0000CcXZ6W2QW,[代理販売20%] Rendery Enterpriseプラン,true,Rendery Enterpriseプラン_10アカウント_月額費用,10,12000,,,120000,12000,132000,10,281158161,2026-07-24T11:59:32.000+0000
a01RB00001cODiyYAG,INVL-0000000481,a00RB00002B5oLLYAZ,a04RB00000kUAObYAO,001RB00001VTqleYAD,a0CRB0000CcXZ6W2QW,[代理販売20%] Rendery Enterpriseプラン,true,Rendery Enterpriseプラン_10アカウント_月額費用,10,12000,,,120000,12000,132000,10,281158162,2026-07-24T11:59:32.000+0000
a01RB00001cODizYAG,INVL-0000000482,a00RB00002B5oLMYAZ,a04RB00000kUAPdYAO,001RB00001VTtIUYA1,a0CRB0000DaCRfV2QW,[月払] knock knock AI Enterpriseプラン 1100クレジット,true,knock knock AI_Enterpriseプラン_1200クレジット,1100,159500,,,175450000,15950,175450,10,281255986,2026-07-24T11:59:32.000+0000
a01RB00001cOifpYAC,INVL-0000000483,a00RB00002B5xxmYAB,a04RB00000kUAPWYA4,001RB00001VTCYzYAP,a0CRB0000CcXZ6i2QG,knock knock AI Basicプラン(50クレジット),true,knock knock AI_Basicプラン,1,11000,,,11000,1100,12100,10,260913074,2026-07-24T12:26:24.000+0000
a01RB00001cOifqYAC,INVL-0000000484,a00RB00002B5xxnYAB,a04RB00000kUAPWYA4,001RB00001VTCYzYAP,a0CRB0000CcXZ6i2QG,knock knock AI Basicプラン(50クレジット),true,knock knock AI_Basicプラン,1,11000,,,11000,1100,12100,10,251317885,2026-07-24T12:26:24.000+0000
a01RB00001ceRccYAE,INVL-0000000485,a00RB00002BMqK5YAL,a04RB00000n9hzBYAQ,001RB00001VTqjbYAD,a0CRB0000CcXZ6x2QG,受託開発,false,『提案DX2.0』データ整形業務【着手金】,1,3000000,,,3000000,,3300000,,,2026-07-27T06:03:08.000+0000
a01RB00001cosjcYAA,INVL-0000000493,a00RB00002Bbke2YAB,a04RB00000nCFH5YAO,001RB00001VTrvxYAD,a0CRB0000Ck3ReH2QU,Rendery_Enterpriseプラン,false,Rendery Enterprise(月払い),10,15000,,15000,150000,15000,165000,10,,2026-07-28T06:51:53.000+0000
a01RB00001cpmvRYAQ,INVL-0000000486,a00RB00002BZaqsYAD,a04RB00000n5JdsYAE,001RB00001br9KKYAY,a0CRB0000CcXZ6i2QG,knock knock AI Basicプラン(50クレジット),true,knock knock AI_Basicプラン,1,11000,,,11000,1100,12100,10,260913059,2026-07-28T05:00:41.000+0000
a01RB00001cpmvSYAQ,INVL-0000000487,a00RB00002BZaqtYAD,a04RB00000n5JdsYAE,001RB00001br9KKYAY,a0CRB0000CcXZ6i2QG,knock knock AI Basicプラン(50クレジット),true,knock knock AI_Basicプラン,1,11000,,,11000,1100,12100,10,251317877,2026-07-28T05:00:41.000+0000
a01RB00001cpmvTYAQ,INVL-0000000488,a00RB00002BZaquYAD,a04RB00000n5JdsYAE,001RB00001br9KKYAY,a0CRB0000CcXZ6i2QG,knock knock AI Basicプラン(50クレジット),true,knock knock AI_Basicプラン,1,11000,,,11000,1100,12100,10,281326924,2026-07-28T05:00:41.000+0000
a01RB00001cpspZYAQ,INVL-0000000489,a00RB00002BahLdYAJ,a04RB00000kUAOAYA4,001RB00001VTruAYAT,a0CRB0000CcXZ6V2QW,Rendery Enterpriseプラン,true,Rendery_Enterpriseプラン,18,15000,,,270000,19800,217800,10,271386111,2026-07-28T05:08:11.000+0000
a01RB00001cpspaYAA,INVL-0000000490,a00RB00002BahLeYAJ,a04RB00000n9hzBYAQ,001RB00001VTqjbYAD,a0CRB0000CcXZ6x2QG,受託開発,false,着手金として,1,3000000,,,3000000,300000,3300000,10,274121341,2026-07-28T05:08:11.000+0000
a01RB00001cpspbYAA,INVL-0000000491,a00RB00002BahLfYAJ,a04RB00000kVL7KYAW,001RB00001VcyFKYAZ,a0CRB0000CcXZ6x2QG,受託開発,false,システム保守運用費＿2026年4-6月度,1,225000,,,225000,22500,247500,10,276904673,2026-07-28T05:08:11.000+0000
a01RB00001cqmqAYAQ,INVL-0000000492,a00RB00002BavLRYAZ,a04RB00000nCVWrYAO,001RB00001VTrvxYAD,a0CRB0000CcXZ6Q2QW,Rendery Proプラン,true,Rendery Proプラン 月額費用,1,8000,,8000,8000,800,8800,10,,2026-07-28T06:46:08.000+0000
a01RB00001cr7wEYAQ,INVL-0000000494,a00RB00002BbzTPYAZ,a04RB00000kUAOiYAO,001RB00001VTruMYAT,a0CRB0000CcXZ6Q2QW,Rendery Proプラン,true,Rendery_Pro_年額一括払い_3アカウント,12,24000,,,288000,28800,316800,10,225315109,2026-07-28T07:43:18.000+0000
a01RB00001cr7wFYAQ,INVL-0000000495,a00RB00002BbzTQYAZ,a04RB00000kUAOlYAO,001RB00001VTrwFYAT,a0CRB0000CcXZ6V2QW,Rendery Enterpriseプラン,true,Rendery Enterpriseプラン5アカウント_26年2-3月,5,30000,,,150000,15000,165000,10,231948792,2026-07-28T07:43:18.000+0000
a01RB00001cr7wGYAQ,INVL-0000000496,a00RB00002BbzTRYAZ,a04RB00000kUAOdYAO,001RB00001VTqmcYAD,a0CRB0000CcXZ6Q2QW,Rendery Proプラン,true,Rendery_Pro_月額利用料(1アカウント)),6,8000,,,48000,4800,52800,10,213966540,2026-07-28T07:43:18.000+0000
a01RB00001cu7y5YAA,INVL-0000000497,a00RB00002BfPRJYA3,a04RB00000nD5TtYAK,001RB00001VTqxyYAD,a0CRB0000CcXZ6V2QW,Rendery Enterpriseプラン,true,Rendery Enterpriseプラン 月額費用,7,15000,,15000,105000,10500,115500,10,,2026-07-28T10:58:58.000+0000
a01RB00001dKsRuYAK,INVL-0000000498,a00RB00002C0HH8YAN,a04RB00000nI5BVYA0,001RB00001VTr0AYAT,a0CRB0000CcXZ6V2QW,Rendery Enterpriseプラン,true,Rendery Entepriseプラン,5,15000,,15000,75000,7500,82500,10,,2026-07-30T04:11:52.000+0000
a01RB00001dL4HmYAK,INVL-0000000499,a00RB00002C0iFgYAJ,a04RB00000nIA1VYAW,001RB00001VTrvxYAD,a0CRB0000CcXZ6Q2QW,Rendery Proプラン,true,Rendery Proプラン 月額費用,1,8000,,8000,8000,800,8800,10,,2026-07-30T04:34:07.000+0000
a01RB00001ds2nRYAQ,INVL-0000000500,a00RB00002Cb9PNYAZ,a04RB00000nQDdJYAW,001RB00001VTqWFYA1,a0CRB0000CcXZ6Q2QW,Rendery Proプラン,true,Rendery Proプラン,2,8000,,8000,16000,1600,17600,10,,2026-08-03T02:28:15.000+0000
a01RB00001ds2nSYAQ,INVL-0000000501,a00RB00002Cb9PNYAZ,a04RB00000nQDdJYAW,001RB00001VTqWFYA1,a0CRB0000CcXZ6Q2QW,Rendery Proプラン,true,Rendery Proプラン,2,8000,,8000,16000,1600,17600,10,,2026-08-03T02:28:15.000+0000
a01RB00001ds2nTYAQ,INVL-0000000502,a00RB00002Cb9PNYAZ,a04RB00000nQDdJYAW,001RB00001VTqWFYA1,a0CRB0000CcXZ6Q2QW,Rendery Proプラン,true,Rendery Proプラン,2,8000,,8000,16000,1600,17600,10,,2026-08-03T02:28:15.000+0000
a01RB00001ds2nUYAQ,INVL-0000000503,a00RB00002Cb9PNYAZ,a04RB00000nQDdJYAW,001RB00001VTqWFYA1,a0CRB0000CcXZ6Q2QW,Rendery Proプラン,true,Rendery Proプラン,2,8000,,8000,16000,1600,17600,10,,2026-08-03T02:28:15.000+0000
a01RB00001ds2nVYAQ,INVL-0000000504,a00RB00002Cb9PNYAZ,a04RB00000nQDdJYAW,001RB00001VTqWFYA1,a0CRB0000CcXZ6Q2QW,Rendery Proプラン,true,Rendery Proプラン,2,8000,,8000,16000,1600,17600,10,,2026-08-03T02:28:15.000+0000
a01RB00001ds2nWYAQ,INVL-0000000505,a00RB00002Cb9PNYAZ,a04RB00000nQDdJYAW,001RB00001VTqWFYA1,a0CRB0000CcXZ6Q2QW,Rendery Proプラン,true,Rendery Proプラン,2,8000,,8000,16000,1600,17600,10,,2026-08-03T02:28:15.000+0000
a01RB00001dy1VJYAY,INVL-0000000506,a00RB00002CgDsDYAV,a04RB00000nRlg9YAC,001RB00001dxx1tYAA,,,,Rendery Enterpriseプラン 年間利用料,1,240000,,240000,240000,24000,264000,10,,2026-08-03T09:12:17.000+0000
a01RB00001e6bJtYAI,INVL-0000000507,a00RB00002Crja9YAB,a04RB00000nUMA9YAO,001RB00001VTrqmYAD,a0CRB0000CcXZ6Q2QW,Rendery Proプラン,true,Rendery Proプラン_月額,1,8000,,8000,8000,800,8800,10,,2026-08-04T04:16:49.000+0000
