"Id","OwnerId","IsDeleted","Name","CreatedDate","CreatedById","LastModifiedDate","LastModifiedById","SystemModstamp","LastActivityDate","LastViewedDate","LastReferencedDate","ACV__c","Account__c","Contact__c","ContractUpdate__c","Description__c","Event__c","ExpectedCloseDate__c","ExpectedDuration__c","HearingStatus__c","LostDate__c","LostReason__c","MRR__c","NextActivityDate__c","NextStep__c","Pricebook2__c","ProposalStatus__c","SourceChannel__c","StageName__c","StandardCloseDate__c","StandardProbability__c","StandardStartDate__c","StartDate__c","ARR__c","ExpectedRevenue__c","IsClosed__c","IsWon__c","AccountCount__c","PlanCategory__c","ProductCategory__c","CsStage__c","ContractStartMonth__c"
"a08RB00001Z16Q6YAJ","005d5000005X5qEAAS","false","[サンプル] EmpowerMove","2026-06-21T16:02:53.000Z","005d5000005X5qEAAS","2026-07-19T04:40:23.000Z","005d5000005X5qEAAS","2026-07-19T04:40:23.000Z","","","","0.0","","","月","","","2025-02-26","12.0","","2025-02-26","","0.0","","","","","","Closed Lost","2025-02-26","","","","0.0","0.0","true","false","","","Rendery","",""
"a08RB00001Z16Q7YAJ","005d5000005X5qEAAS","false","Renderyエンプラ導入","2026-06-21T16:02:53.000Z","005d5000005X5qEAAS","2026-07-19T04:40:23.000Z","005d5000005X5qEAAS","2026-07-19T04:40:23.000Z","","","","660000.0","001RB00001VTqkLYAT","","月","","","","12.0","","2025-06-25","Budget shortage - running cost","55000.0","","","","","","Closed Lost","2025-06-25","","","","660000.0","0.0","true","false","5.0","Enterprise","Rendery","",""
"a08RB00001Z16Q8YAJ","005d5000005X5qEAAS","false","さくらホームグループ株式会社 の取引","2026-06-21T16:02:53.000Z","005d5000005X5qEAAS","2026-07-19T04:40:23.000Z","005d5000005X5qEAAS","2026-07-19T04:40:23.000Z","","","","288000.0","001RB00001VTCY7YAP","","月","","","","12.0","","","","24000.0","2025-09-05","","","","","Prospecting","","10.0","","","288000.0","28800.0","false","false","3.0","Pro","Rendery","",""
"a08RB00001Z16Q9YAJ","005d5000005X5qEAAS","false","株式会社フジタ","2026-06-21T16:02:53.000Z","005d5000005X5qEAAS","2026-07-28T01:24:06.000Z","005d5000005X5qEAAS","2026-07-28T01:24:06.000Z","","","","900000.0","001RB00001VTrwFYAT","","月","","","","12.0","","","","75000.0","","","","","","Closed Won","2026-01-29","100.0","","","900000.0","900000.0","true","true","5.0","Enterprise","Rendery","S1",""
"a08RB00001Z16QAYAZ","005d5000005X5qEAAS","false","ハウジング・ジャパン株式会社 の取引","2026-06-21T16:02:53.000Z","005d5000005X5qEAAS","2026-07-19T04:40:23.000Z","005d5000005X5qEAAS","2026-07-19T04:40:23.000Z","","","","660000.0","001RB00001VTCY8YAP","","月","","","","12.0","","2025-06-02","Needs mismatch","55000.0","","","","","","Closed Lost","2025-06-02","","","","660000.0","0.0","true","false","5.0","Enterprise","Rendery","",""
"a08RB00001Z16QBYAZ","005d5000005X5qEAAS","false","株式会社リロケーション・ジャパン の取引","2026-06-21T16:02:53.000Z","005d5000005X5qEAAS","2026-07-19T04:40:23.000Z","005d5000005X5qEAAS","2026-07-19T04:40:23.000Z","","","","435600.0","001RB00001VTCYAYA5","003RB00001NpNcsYAF","月","","","","12.0","","","","36300.0","","","","","","Negotiation","","80.0","","","435600.0","348480.0","false","false","3.0","Basic","knock knock AI","",""
"a08RB00001Z16QCYAZ","005d5000005X5qEAAS","false","チルホーム株式会社 の取引","2026-06-21T16:02:53.000Z","005d5000005X5qEAAS","2026-07-19T04:40:23.000Z","005d5000005X5qEAAS","2026-07-19T04:40:23.000Z","","","","105600.0","001RB00001VTCYBYA5","003RB00001NpNcuYAF","月","","","","12.0","","2025-09-04","Key person unreachable","8800.0","","","","","","Closed Lost","2025-09-04","","","","105600.0","0.0","true","false","1.0","Pro","Rendery","",""
"a08RB00001Z16QDYAZ","005d5000005X5qEAAS","false","髙松テクノサービス株式会社 の取引","2026-06-21T16:02:53.000Z","005d5000005X5qEAAS","2026-07-19T04:40:23.000Z","005d5000005X5qEAAS","2026-07-19T04:40:23.000Z","","","","192000.0","001RB00001VTCYCYA5","003RB00001NpNcvYAF","月","","","","12.0","","","","16000.0","","","","","","Closed Won","2025-05-06","100.0","","","192000.0","192000.0","true","true","2.0","Pro","Rendery","",""
"a08RB00001Z16QEYAZ","005d5000005X5qEAAS","false","有限会社汗青社 の取引","2026-06-21T16:02:53.000Z","005d5000005X5qEAAS","2026-07-19T04:40:23.000Z","005d5000005X5qEAAS","2026-07-19T04:40:23.000Z","","","","132000.0","001RB00001VTCYDYA5","003RB00001NpNcwYAF","月","","","","12.0","","","","11000.0","2025-11-21","","","","","Prospecting","","10.0","","","132000.0","13200.0","false","false","1.0","Basic","knock knock AI","",""
"a08RB00001Z16QFYAZ","005d5000005X5qEAAS","false","野村不動産 Rendery エンプラ導入の取引","2026-06-21T16:02:53.000Z","005d5000005X5qEAAS","2026-07-07T16:18:45.000Z","005d5000005X5qEAAS","2026-07-07T16:18:45.000Z","","2026-07-02T11:29:38.000Z","2026-07-02T11:29:38.000Z","2260000.0","001RB00001VTCYEYA5","003RB00001NsWvhYAF","月","","","2026-03-12","12.0","","","","2040000.0","2026-03-11","","","","","Closed Won","2026-03-11","100.0","","","2.448E7","2.448E7","true","true","","","","",""
"a08RB00001Z16QGYAZ","005d5000005X5qEAAS","false","サムティアセットマネジメント株式会社","2026-06-21T16:02:53.000Z","005d5000005X5qEAAS","2026-07-19T04:40:23.000Z","005d5000005X5qEAAS","2026-07-19T04:40:23.000Z","","","","145200.0","001RB00001VTqarYAD","","月","","","","12.0","","","","12100.0","","","","","","ValueProposition","","50.0","","","145200.0","72600.0","false","false","1.0","Basic","knock knock AI","",""
"a08RB00001Z16QHYAZ","005d5000005X5qEAAS","false","株式会社現代建築研究所 の取引","2026-06-21T16:02:53.000Z","005d5000005X5qEAAS","2026-07-19T04:40:23.000Z","005d5000005X5qEAAS","2026-07-19T04:40:23.000Z","","","","0.0","001RB00001VTqasYAD","003RB00001NsMQcYAN","月","","","","12.0","","2025-10-15","No agreement on issue or setup","0.0","","","","","","Closed Lost","2025-10-15","","","","0.0","0.0","true","false","","","Rendery","",""
"a08RB00001Z16QIYAZ","005d5000005X5qEAAS","false","ユニオンテック株式会社 の取引","2026-06-21T16:02:53.000Z","005d5000005X5qEAAS","2026-07-19T04:40:23.000Z","005d5000005X5qEAAS","2026-07-19T04:40:23.000Z","","","","316800.0","001RB00001VTCZSYA5","","月","","","","12.0","","","","26400.0","2025-12-17","","","","","Closed Lost","","","","","316800.0","0.0","true","false","3.0","Pro","Rendery","",""
"a08RB00001Z16QJYAZ","005d5000005X5qEAAS","false","西日本旅客鉄道株式会社　金沢支社　金沢建築区 の取引","2026-06-21T16:02:53.000Z","005d5000005X5qEAAS","2026-07-19T04:40:23.000Z","005d5000005X5qEAAS","2026-07-19T04:40:23.000Z","","","","66000.0","001RB00001VTqaZYAT","","月","","","","12.0","","","","5500.0","","","","","","Closed Won","2025-11-26","100.0","","","66000.0","66000.0","true","true","1.0","Basic","Rendery","",""
"a08RB00001Z16QLYAZ","005d5000005X5qEAAS","false","株式会社三福管理センター の取引","2026-06-21T16:02:53.000Z","005d5000005X5qEAAS","2026-07-19T04:40:23.000Z","005d5000005X5qEAAS","2026-07-19T04:40:23.000Z","","","","726000.0","001RB00001VTqatYAD","003RB00001NsMQeYAN","月","","","","12.0","","","","60500.0","","","","","","Closed Won","2025-10-20","100.0","","","726000.0","726000.0","true","true","1.0","Pro","knock knock AI","",""
"a08RB00001Z16QMYAZ","005d5000005X5qEAAS","false","株式会社ケイミックス の取引","2026-06-21T16:02:53.000Z","005d5000005X5qEAAS","2026-07-19T04:40:23.000Z","005d5000005X5qEAAS","2026-07-19T04:40:23.000Z","","","","105600.0","001RB00001VTqauYAD","","月","","","","12.0","","2025-08-28","Key person unreachable","8800.0","","","","","","Closed Lost","2025-08-28","","","","105600.0","0.0","true","false","1.0","Pro","Rendery","",""
"a08RB00001Z16QNYAZ","005d5000005X5qEAAS","false","株式会社オーナーズ・スタイル の取引","2026-06-21T16:02:53.000Z","005d5000005X5qEAAS","2026-07-19T04:40:23.000Z","005d5000005X5qEAAS","2026-07-19T04:40:23.000Z","","","","0.0","001RB00001VTqj2YAD","003RB00001NsNIIYA3","月","","","","12.0","","2025-06-16","Out of scope","0.0","","","","","","Closed Lost","2025-06-16","","","","0.0","0.0","true","false","","","knock knock AI","",""
"a08RB00001Z16QOYAZ","005d5000005X5qEAAS","false","三井不動産レジデンシャルリース株式会社(ソリ推)の取引","2026-06-21T16:02:53.000Z","005d5000005X5qEAAS","2026-07-28T01:24:06.000Z","005d5000005X5qEAAS","2026-07-28T01:24:06.000Z","","","","1320000.0","001RB00001VTqbXYAT","003RB00001NsMpCYAV","月","","","","12.0","","","","110000.0","","","","","","Closed Won","2025-09-18","100.0","","","1320000.0","1320000.0","true","true","10.0","Enterprise","Rendery","S1",""
"a08RB00001Z16QPYAZ","005d5000005X5qEAAS","false","TC神鋼不動産株式会社 の取引","2026-06-21T16:02:53.000Z","005d5000005X5qEAAS","2026-07-19T04:40:23.000Z","005d5000005X5qEAAS","2026-07-19T04:40:23.000Z","","","","145200.0","001RB00001VTqfsYAD","003RB00001NsMpuYAF","月","","","","12.0","","","","12100.0","","","","","","Closed Won","2026-06-30","100.0","2025-07-01","","145200.0","145200.0","true","true","1.0","Basic","knock knock AI","",""
"a08RB00001Z16QQYAZ","005d5000005X5qEAAS","false","不動産業 の取引","2026-06-21T16:02:53.000Z","005d5000005X5qEAAS","2026-07-19T04:40:23.000Z","005d5000005X5qEAAS","2026-07-19T04:40:23.000Z","","","","0.0","001RB00001VTqkGYAT","003RB00001NsMpRYAV","月","","","","12.0","","2025-06-15","Needs mismatch","0.0","","","","","","Closed Lost","2025-06-15","","","","0.0","0.0","true","false","","","knock knock AI","",""
"a08RB00001Z16QRYAZ","005d5000005X5qEAAS","false","Nowhere Group株式会社 の取引","2026-06-21T16:02:53.000Z","005d5000005X5qEAAS","2026-07-19T04:40:23.000Z","005d5000005X5qEAAS","2026-07-19T04:40:23.000Z","","","","316800.0","001RB00001VTqlRYAT","","月","","","","12.0","","","","26400.0","","","","","","Closed Lost","","","","","316800.0","0.0","true","false","3.0","Pro","Rendery","",""
"a08RB00001Z16QSYAZ","005RB00000grTzlYAE","false","株式会社リペア の取引","2026-06-21T16:02:53.000Z","005d5000005X5qEAAS","2026-07-30T04:29:21.000Z","005RB00000grTzlYAE","2026-07-30T04:29:21.000Z","","","","0.0","001RB00001VTqklYAD","003RB00001NsNJKYA3","月","","","","12.0","","","","8800.0","","","","","","Closed Lost","","","","2025-06-01","105600.0","0.0","true","false","1.0","Pro","Rendery","","2025/06"
"a08RB00001Z16QTYAZ","005d5000005X5qEAAS","false","株式会社ひかり工務店 の取引","2026-06-21T16:02:53.000Z","005d5000005X5qEAAS","2026-07-19T04:40:23.000Z","005d5000005X5qEAAS","2026-07-19T04:40:23.000Z","","","","105600.0","001RB00001VTqkmYAD","003RB00001NsWvpYAF","月","","","","12.0","","","","8800.0","","","","","","Closed Won","2025-07-04","100.0","","","105600.0","105600.0","true","true","1.0","Pro","Rendery","",""
"a08RB00001Z16QUYAZ","005d5000005X5qEAAS","false","株式会社オークハウス（本社） の取引","2026-06-21T16:02:53.000Z","005d5000005X5qEAAS","2026-07-19T04:40:23.000Z","005d5000005X5qEAAS","2026-07-19T04:40:23.000Z","","","","0.0","001RB00001VTqkkYAD","","月","","","","12.0","","2025-10-09","Needs mismatch","0.0","","","","","","Closed Lost","2025-10-09","","","","0.0","0.0","true","false","","","受託開発","",""
"a08RB00001Z16QVYAZ","005d5000005X5qEAAS","false","中央日本土地建物株式会社 の取引","2026-06-21T16:02:53.000Z","005d5000005X5qEAAS","2026-07-19T04:40:23.000Z","005d5000005X5qEAAS","2026-07-19T04:40:23.000Z","","","","660000.0","001RB00001VTqkJYAT","003RB00001NsWwfYAF","月","","","","12.0","","2026-01-05","Support or track record concern","55000.0","","","","","","Closed Lost","2026-01-05","","","","660000.0","0.0","true","false","5.0","Enterprise","Rendery","",""
"a08RB00001Z16QWYAZ","005d5000005X5qEAAS","false","株式会社レーベントラスト の取引","2026-06-21T16:02:53.000Z","005d5000005X5qEAAS","2026-07-19T04:40:23.000Z","005d5000005X5qEAAS","2026-07-19T04:40:23.000Z","","","","726000.0","001RB00001VTqbqYAD","","月","","","","12.0","","","","60500.0","2025-12-15","","","","","Closed Won","2025-08-28","100.0","","","726000.0","726000.0","true","true","1.0","Pro","knock knock AI","",""
"a08RB00001Z16QXYAZ","005d5000005X5qEAAS","false","矢作建設工業株式会社 の取引","2026-06-21T16:02:53.000Z","005d5000005X5qEAAS","2026-07-28T01:24:06.000Z","005d5000005X5qEAAS","2026-07-28T01:24:06.000Z","","","","660000.0","001RB00001VTqlfYAD","","月","","","","12.0","","","","55000.0","","","","","","Closed Won","2025-06-12","100.0","","","660000.0","660000.0","true","true","5.0","Enterprise","Rendery","S1",""
"a08RB00001Z16QYYAZ","005d5000005X5qEAAS","false","三井不動産レジデンシャルリース株式会社 の取引","2026-06-21T16:02:53.000Z","005d5000005X5qEAAS","2026-07-19T04:40:23.000Z","005d5000005X5qEAAS","2026-07-19T04:40:23.000Z","","","","2244000.0","001RB00001VTqbXYAT","003RB00001NsN9uYAF","月","","","","12.0","","2025-10-15","Competitor comparison","187000.0","","","","","","Closed Lost","2025-10-15","","","","2244000.0","0.0","true","false","2.0","Enterprise","knock knock AI","",""
"a08RB00001Z16QZYAZ","005d5000005X5qEAAS","false","東急建設株式会社 の取引","2026-06-21T16:02:53.000Z","005d5000005X5qEAAS","2026-07-19T04:40:23.000Z","005d5000005X5qEAAS","2026-07-19T04:40:23.000Z","","","","105600.0","001RB00001VTrseYAD","003RB00001NsWvBYAV","月","","","","12.0","","","","8800.0","2025-08-04","","","","","ValueProposition","","50.0","","","105600.0","52800.0","false","false","1.0","Pro","Rendery","",""
"a08RB00001Z16QaYAJ","005d5000005X5qEAAS","false","一条工務店 の取引","2026-06-21T16:02:53.000Z","005d5000005X5qEAAS","2026-07-19T04:40:23.000Z","005d5000005X5qEAAS","2026-07-19T04:40:23.000Z","","","","211200.0","001RB00001VTqbnYAD","003RB00001NsMbLYAV","月","","","","12.0","","","","17600.0","","","","","","Closed Won","2025-08-05","100.0","","","211200.0","211200.0","true","true","2.0","Pro","Rendery","",""
"a08RB00001Z16QbYAJ","005d5000005X5qEAAS","false","株式会社コスモスイニシア の取引","2026-06-21T16:02:53.000Z","005d5000005X5qEAAS","2026-07-19T04:40:23.000Z","005d5000005X5qEAAS","2026-07-19T04:40:23.000Z","","","","145200.0","001RB00001VTqgBYAT","003RB00001NsMqHYAV","月","","","","12.0","","2025-10-15","Needs mismatch","12100.0","","","","","","Closed Lost","2025-10-15","","","","145200.0","0.0","true","false","1.0","Basic","knock knock AI","",""
"a08RB00001Z16QcYAJ","005d5000005X5qEAAS","false","株式会社賃貸メイト の取引","2026-06-21T16:02:53.000Z","005d5000005X5qEAAS","2026-07-19T04:40:23.000Z","005d5000005X5qEAAS","2026-07-19T04:40:23.000Z","","","","2244000.0","001RB00001VTqlmYAD","003RB00001NsNcjYAF","月","","","","12.0","","2025-08-29","Competitor comparison","187000.0","","","","","","Closed Lost","2025-08-29","","","","2244000.0","0.0","true","false","2.0","Enterprise","knock knock AI","",""
"a08RB00001Z16QdYAJ","005d5000005X5qEAAS","false","株式会社ゼンリン東海 の取引","2026-06-21T16:02:53.000Z","005d5000005X5qEAAS","2026-06-21T16:02:53.000Z","005d5000005X5qEAAS","2026-06-21T16:02:53.000Z","","","","0.0","001RB00001VTqdzYAD","003RB00001NsMc9YAF","月","","","","12.0","","","","0.0","","","","","","Prospecting","","10.0","","","0.0","0.0","false","false","","","","",""
"a08RB00001Z16QeYAJ","005d5000005X5qEAAS","false","株式会社クラッチワークス の取引","2026-06-21T16:02:53.000Z","005d5000005X5qEAAS","2026-07-08T03:39:25.000Z","005RB00000YoJyLYAV","2026-07-08T03:39:25.000Z","","","","0.0","001RB00001VTqb9YAD","","月","","","","12.0","","2026-01-01","Needs mismatch","0.0","2025-10-20","","","","","Negotiation","","80.0","","","0.0","0.0","false","false","","","","",""
"a08RB00001Z16QfYAJ","005d5000005X5qEAAS","false","株式会社オープンハウス・ディベロップメント の取引","2026-06-21T16:02:53.000Z","005d5000005X5qEAAS","2026-07-19T04:40:23.000Z","005d5000005X5qEAAS","2026-07-19T04:40:23.000Z","","","","0.0","001RB00001VTqV6YAL","003RB00001NsNctYAF","月","","","","12.0","","2025-08-28","Timing mismatch","0.0","","","","","","Closed Lost","2025-08-28","","","","0.0","0.0","true","false","","","Rendery","",""
"a08RB00001Z16QgYAJ","005d5000005X5qEAAS","false","株式会社ゴールドクレスト の取引","2026-06-21T16:02:53.000Z","005d5000005X5qEAAS","2026-07-19T04:40:23.000Z","005d5000005X5qEAAS","2026-07-19T04:40:23.000Z","","","","660000.0","001RB00001VTrOfYAL","","月","","","","12.0","","","","55000.0","","","","","","ValueProposition","","50.0","","","660000.0","330000.0","false","false","5.0","Enterprise","Rendery","",""
"a08RB00001Z16QhYAJ","005d5000005X5qEAAS","false","東建コーポレーション株式会社 の取引","2026-06-21T16:02:53.000Z","005d5000005X5qEAAS","2026-07-19T04:40:23.000Z","005d5000005X5qEAAS","2026-07-19T04:40:23.000Z","","","","726000.0","001RB00001VTrxGYAT","003RB00001NsMbAYAV","月","","","","12.0","","2025-09-03","Out of scope","60500.0","","","","","","Closed Lost","2025-09-03","","","","726000.0","0.0","true","false","1.0","Pro","knock knock AI","",""
"a08RB00001Z16QiYAJ","005d5000005X5qEAAS","false","株式会社クラス の取引","2026-06-21T16:02:53.000Z","005d5000005X5qEAAS","2026-07-19T04:40:23.000Z","005d5000005X5qEAAS","2026-07-19T04:40:23.000Z","","","","105600.0","001RB00001VTqkSYAT","","月","","","","12.0","","","","8800.0","","","","","","Closed Won","2025-09-08","100.0","","","105600.0","105600.0","true","true","1.0","Pro","Rendery","",""
"a08RB00001Z16QjYAJ","005d5000005X5qEAAS","false","生和コーポレーション株式会社 の取引","2026-06-21T16:02:53.000Z","005d5000005X5qEAAS","2026-07-19T04:40:23.000Z","005d5000005X5qEAAS","2026-07-19T04:40:23.000Z","","","","105600.0","001RB00001VTqmcYAD","","月","","","","12.0","","","","8800.0","2026-03-01","","","","","Closed Won","2025-11-10","100.0","","","105600.0","105600.0","true","true","1.0","Pro","Rendery","",""
"a08RB00001Z16QkYAJ","005RB00000grTzlYAE","false","株式会社アル.パートナーズ建築設計 の取引","2026-06-21T16:02:53.000Z","005d5000005X5qEAAS","2026-07-30T04:29:21.000Z","005RB00000grTzlYAE","2026-07-30T04:29:21.000Z","","","","316800.0","001RB00001VTqlvYAD","003RB00001NsWvtYAF","月","","","","12.0","","","","26400.0","2026-02-25","","","","","Closed Lost","","10.0","","2025-06-01","316800.0","31680.0","true","false","3.0","Pro","Rendery","","2025/06"
"a08RB00001Z16QlYAJ","005d5000005X5qEAAS","false","株式会社グローバルセンター の取引","2026-06-21T16:02:53.000Z","005d5000005X5qEAAS","2026-07-19T04:40:23.000Z","005d5000005X5qEAAS","2026-07-19T04:40:23.000Z","","","","145200.0","001RB00001VTqm2YAD","","月","","","","12.0","","","","12100.0","","","","","","Closed Won","2025-07-16","100.0","","","145200.0","145200.0","true","true","1.0","Basic","knock knock AI","",""
"a08RB00001Z16QnYAJ","005d5000005X5qEAAS","false","アイリスチトセ株式会社 の取引","2026-06-21T16:02:53.000Z","005d5000005X5qEAAS","2026-07-19T04:40:23.000Z","005d5000005X5qEAAS","2026-07-19T04:40:23.000Z","","","","600000.0","001RB00001VTqlZYAT","","月","","","2026-03-01","12.0","","2026-04-22","Key person unreachable","50000.0","","","","","","Closed Lost","2026-04-22","","","","600000.0","0.0","true","false","5.0","Enterprise","Rendery","",""
"a08RB00001Z16QoYAJ","005d5000005X5qEAAS","false","株式会社白水社 の取引","2026-06-21T16:02:53.000Z","005d5000005X5qEAAS","2026-07-19T04:40:23.000Z","005d5000005X5qEAAS","2026-07-19T04:40:23.000Z","","","","2440000.0","001RB00001VTqm4YAD","","月","","","2026-07-01","12.0","","","","195000.0","2026-04-01","","","","","ValueProposition","","50.0","","","2340000.0","1170000.0","false","false","13.0","Enterprise","Rendery","",""
"a08RB00001Z16QpYAJ","005d5000005X5qEAAS","false","プラナス株式会社一級建築士事務所 の取引","2026-06-21T16:02:53.000Z","005d5000005X5qEAAS","2026-07-19T04:40:23.000Z","005d5000005X5qEAAS","2026-07-19T04:40:23.000Z","","","","66000.0","001RB00001VTqmCYAT","","月","","","","12.0","","","","5500.0","2025-07-28","","","","","Closed Won","2025-08-28","100.0","","","66000.0","66000.0","true","true","1.0","Basic","Rendery","",""
"a08RB00001Z16QqYAJ","005d5000005X5qEAAS","false","大東建託株式会社 設計センター（アップセル）","2026-06-21T16:02:53.000Z","005d5000005X5qEAAS","2026-07-29T05:48:46.000Z","005RB00000YoJyLYAV","2026-07-29T05:48:46.000Z","","","","1584000.0","001RB00001VTruMYAT","003RB00001NsM8HYAV","月","","","","12.0","初回打合せ完了","","","132000.0","","","","提案済み","","Negotiation","","80.0","","2026-10-01","1584000.0","1267200.0","false","false","12.0","Enterprise","Rendery","S1","2026/10"
"a08RB00001Z16QrYAJ","005d5000005X5qEAAS","false","株式会社アルファ建築設計事務所 の取引","2026-06-21T16:02:53.000Z","005d5000005X5qEAAS","2026-07-19T04:40:23.000Z","005d5000005X5qEAAS","2026-07-19T04:40:23.000Z","","","","105600.0","001RB00001VTqnBYAT","","月","","","","12.0","","","","8800.0","","","","","","Closed Won","2025-07-15","100.0","","","105600.0","105600.0","true","true","1.0","Pro","Rendery","",""
"a08RB00001Z16QsYAJ","005d5000005X5qEAAS","false","株式会社JR東日本建築設計 の取引","2026-06-21T16:02:53.000Z","005d5000005X5qEAAS","2026-07-19T04:40:23.000Z","005d5000005X5qEAAS","2026-07-19T04:40:23.000Z","","","","105600.0","001RB00001VTrHVYA1","","月","","","","12.0","","","","8800.0","","","","","","Closed Won","2025-07-15","100.0","","","105600.0","105600.0","true","true","1.0","Pro","Rendery","",""
"a08RB00001Z16QtYAJ","005d5000005X5qEAAS","false","株式会社石勝エクステリア の取引","2026-06-21T16:02:53.000Z","005d5000005X5qEAAS","2026-07-28T01:24:06.000Z","005d5000005X5qEAAS","2026-07-28T01:24:06.000Z","","","","1780000.0","001RB00001VTqnMYAT","","月","","","","12.0","","","","140000.0","","","","","","Closed Won","2025-10-02","100.0","","","1680000.0","1680000.0","true","true","12.0","Enterprise","Rendery","S1",""
"a08RB00001Z16QvYAJ","005d5000005X5qEAAS","false","株式会社マルク の取引","2026-06-21T16:02:53.000Z","005d5000005X5qEAAS","2026-07-19T04:40:23.000Z","005d5000005X5qEAAS","2026-07-19T04:40:23.000Z","","","","726000.0","001RB00001VTqlrYAD","","月","","","","12.0","","","","60500.0","","","","","","Closed Won","2025-07-18","100.0","","","726000.0","726000.0","true","true","1.0","Pro","knock knock AI","",""
"a08RB00001Z16QwYAJ","005d5000005X5qEAAS","false","Atelier Ohtaki architecture の取引","2026-06-21T16:02:53.000Z","005d5000005X5qEAAS","2026-07-19T04:40:23.000Z","005d5000005X5qEAAS","2026-07-19T04:40:23.000Z","","","","66000.0","001RB00001VTqmGYAT","","月","","","","12.0","","","","5500.0","","","","","","Closed Won","2025-07-18","100.0","","","66000.0","66000.0","true","true","1.0","Basic","Rendery","",""
"a08RB00001Z16QxYAJ","005d5000005X5qEAAS","false","JOA株式会社 の取引","2026-06-21T16:02:53.000Z","005d5000005X5qEAAS","2026-08-10T02:16:15.000Z","005RB00000eezKIYAY","2026-08-10T02:16:15.000Z","","","","660000.0","001RB00001VTqmBYAT","003RB00001NsWwPYAV","月","","","","12.0","","","","55000.0","","","","","","Closed Won","2025-08-22","100.0","","2026-04-01","660000.0","660000.0","true","true","5.0","Enterprise","Rendery","S4","2026/04"
"a08RB00001Z16QyYAJ","005d5000005X5qEAAS","false","ホームトレードセンター株式会社 の取引","2026-06-21T16:02:53.000Z","005d5000005X5qEAAS","2026-07-19T04:40:23.000Z","005d5000005X5qEAAS","2026-07-19T04:40:23.000Z","","","","145200.0","001RB00001VTqnbYAD","","月","","","","12.0","","","","12100.0","","","","","","Closed Won","2025-07-25","100.0","","","145200.0","145200.0","true","true","1.0","Basic","knock knock AI","",""
"a08RB00001Z16QzYAJ","005d5000005X5qEAAS","false","株式会社日立プラントサービス の取引","2026-06-21T16:02:53.000Z","005d5000005X5qEAAS","2026-07-19T04:40:23.000Z","005d5000005X5qEAAS","2026-07-19T04:40:23.000Z","","","","1320000.0","001RB00001VTqnJYAT","","月","","","2026-06-01","12.0","","2026-05-22","Needs mismatch","110000.0","2026-02-16","","","","","Closed Lost","2026-05-22","","","","1320000.0","0.0","true","false","10.0","Enterprise","Rendery","",""
"a08RB00001Z16R0YAJ","005d5000005X5qEAAS","false","エコワークス の取引","2026-06-21T16:02:53.000Z","005d5000005X5qEAAS","2026-07-19T04:40:23.000Z","005d5000005X5qEAAS","2026-07-19T04:40:23.000Z","","","","145200.0","001RB00001VTqjqYAD","003RB00001NsShHYAV","月","","","","12.0","","","","12100.0","","","","","","Prospecting","","10.0","","","145200.0","14520.0","false","false","1.0","Basic","knock knock AI","",""
"a08RB00001Z16R1YAJ","005d5000005X5qEAAS","true","戸田建設株式会社 Upsell の取引","2026-06-21T16:02:53.000Z","005d5000005X5qEAAS","2026-08-10T02:55:01.000Z","005RB00000eezKIYAY","2026-08-10T02:55:01.000Z","","","","396000.0","001RB00001VTrmnYAD","","月","","","","12.0","","","","33000.0","","","","","","Closed Won","2025-07-30","100.0","","","396000.0","396000.0","true","true","3.0","Enterprise","Rendery","S1",""
"a08RB00001Z16R2YAJ","005d5000005X5qEAAS","false","ノムラメディアス の取引","2026-06-21T16:02:53.000Z","005d5000005X5qEAAS","2026-07-22T12:00:15.000Z","005RB00000YoJyLYAV","2026-07-22T12:00:15.000Z","","","","1056000.0","001RB00001VTCZGYA5","","月","","","","12.0","","","","88000.0","2025-11-19","","","","","Closed Lost","","10.0","","","1056000.0","105600.0","true","false","8.0","Enterprise","Rendery","",""
"a08RB00001Z16R3YAJ","005d5000005X5qEAAS","false","プラス株式会社ファニチャーカンパニー の取引","2026-06-21T16:02:53.000Z","005d5000005X5qEAAS","2026-07-19T04:40:23.000Z","005d5000005X5qEAAS","2026-07-19T04:40:23.000Z","","","","924000.0","001RB00001VTCZPYA5","","月","","","2026-03-01","12.0","","","","77000.0","","","","","","Closed Lost","","","","","924000.0","0.0","true","false","7.0","Enterprise","Rendery","",""
"a08RB00001Z16R4YAJ","005d5000005X5qEAAS","false","乃村工藝社 の取引","2026-06-21T16:02:53.000Z","005d5000005X5qEAAS","2026-07-31T04:46:13.000Z","005RB00000YoJyLYAV","2026-07-31T04:46:13.000Z","","","","","001RB00001VTCZZYA5","003RB00001UZzy7YAD","月","https://app.notion.com/p/samuraiarchitects/3979ae94fd3e80699ee8e618b4d5f448?v=36fc0f9f828542db9b28c5a3f6260af1&source=copy_link","","2026-08-31","12.0","","","","75000.0","","","","","","ValueProposition","","50.0","","2026-09-01","900000.0","450000.0","false","false","5.0","Enterprise","Rendery","","2026/09"
"a08RB00001Z16R5YAJ","005d5000005X5qEAAS","false","株式会社 アイエス不動産 の取引","2026-06-21T16:02:53.000Z","005d5000005X5qEAAS","2026-07-19T04:40:23.000Z","005d5000005X5qEAAS","2026-07-19T04:40:23.000Z","","","","162700.0","001RB00001VTqnrYAD","","月","","","","12.0","","","","12100.0","","","","","","Closed Won","2025-08-06","100.0","","","145200.0","145200.0","true","true","6.0","Basic","knock knock AI","",""
"a08RB00001Z16R6YAJ","005d5000005X5qEAAS","false","株式会社飯田組 の取引","2026-06-21T16:02:53.000Z","005d5000005X5qEAAS","2026-07-19T04:40:23.000Z","005d5000005X5qEAAS","2026-07-19T04:40:23.000Z","","","","211200.0","001RB00001VTrvIYAT","","月","","","","12.0","","","","17600.0","","","","","","Closed Won","2025-10-08","100.0","","","211200.0","211200.0","true","true","2.0","Pro","Rendery","",""
"a08RB00001Z16R7YAJ","005d5000005X5qEAAS","false","株式会社ディア・ライフ の取引","2026-06-21T16:02:53.000Z","005d5000005X5qEAAS","2026-07-19T04:40:23.000Z","005d5000005X5qEAAS","2026-07-19T04:40:23.000Z","","","","0.0","001RB00001VTqkeYAD","","月","","","","12.0","","","","0.0","","","","","","Closed Lost","","","","","0.0","0.0","true","false","","","Rendery","",""
"a08RB00001Z16R8YAJ","005d5000005X5qEAAS","false","清水建設株式会社 の取引","2026-06-21T16:02:53.000Z","005d5000005X5qEAAS","2026-07-19T04:40:23.000Z","005d5000005X5qEAAS","2026-07-19T04:40:23.000Z","","","","660000.0","001RB00001VTrvxYAD","","月","","","","12.0","","","","55000.0","","","","","","Closed Lost","","","","","660000.0","0.0","true","false","5.0","Enterprise","Rendery","",""
"a08RB00001Z16R9YAJ","005d5000005X5qEAAS","false","大東建託株式会社 の取引","2026-06-21T16:02:53.000Z","005d5000005X5qEAAS","2026-07-19T04:40:23.000Z","005d5000005X5qEAAS","2026-07-19T04:40:23.000Z","","","","0.0","001RB00001VTruMYAT","","月","","","","12.0","","2025-11-28","Needs mismatch","0.0","","","","","","Closed Lost","2025-11-28","","","","0.0","0.0","true","false","","","受託開発","",""
"a08RB00001Z16RAYAZ","005d5000005X5qEAAS","false","TOPPAN株式会社 の取引","2026-06-21T16:02:53.000Z","005d5000005X5qEAAS","2026-06-21T16:02:53.000Z","005d5000005X5qEAAS","2026-06-21T16:02:53.000Z","","","","0.0","001RB00001VTqb8YAD","","月","","","","12.0","","","","0.0","","","","","","Negotiation","","80.0","","","0.0","0.0","false","false","","","","",""
"a08RB00001Z16RBYAZ","005d5000005X5qEAAS","false","東急不動産ホールディングス株式会社/東急不動産株式会社 の取引","2026-06-21T16:02:53.000Z","005d5000005X5qEAAS","2026-07-22T12:48:35.000Z","005RB00000YoJyLYAV","2026-07-22T12:48:35.000Z","","","","2640000.0","001RB00001VTqkvYAD","","月","","","","12.0","","2026-06-30","","220000.0","","","","","","Closed Lost","","100.0","","","2640000.0","2640000.0","true","false","20.0","Enterprise","Rendery","",""
"a08RB00001Z16RCYAZ","005d5000005X5qEAAS","false","大林ファシリティーズ株式会社 の取引","2026-06-21T16:02:53.000Z","005d5000005X5qEAAS","2026-07-19T04:40:23.000Z","005d5000005X5qEAAS","2026-07-19T04:40:23.000Z","","","","105600.0","001RB00001VTqjfYAD","","月","","","","12.0","","","","8800.0","2025-08-20","","","","","Closed Won","2025-08-20","100.0","","","105600.0","105600.0","true","true","1.0","Pro","Rendery","",""
"a08RB00001Z16RDYAZ","005d5000005X5qEAAS","false","TBCグループ株式会社 の取引","2026-06-21T16:02:53.000Z","005d5000005X5qEAAS","2026-07-19T04:40:23.000Z","005d5000005X5qEAAS","2026-07-19T04:40:23.000Z","","","","0.0","001RB00001VTqnXYAT","003RB00001NsV40YAF","月","","","","12.0","","","","0.0","","","","","","Closed Lost","","","","","0.0","0.0","true","false","0.0","Enterprise","Rendery","",""
"a08RB00001Z16REYAZ","005d5000005X5qEAAS","false","Asplead株式会社 の取引","2026-06-21T16:02:53.000Z","005d5000005X5qEAAS","2026-07-19T04:40:23.000Z","005d5000005X5qEAAS","2026-07-19T04:40:23.000Z","","","","211200.0","001RB00001VTqnvYAD","003RB00001NsUI3YAN","月","","","2026-03-30","12.0","","","","17600.0","","","","","","Closed Won","2026-03-25","100.0","","","211200.0","211200.0","true","true","2.0","Pro","Rendery","",""
"a08RB00001Z16RFYAZ","005d5000005X5qEAAS","false","三菱地所レジデンス の取引","2026-06-21T16:02:53.000Z","005d5000005X5qEAAS","2026-07-19T04:40:23.000Z","005d5000005X5qEAAS","2026-07-19T04:40:23.000Z","","","","211200.0","001RB00001VTqf7YAD","","月","","","","12.0","","","","17600.0","","","","","","Closed Won","2026-01-08","100.0","","","211200.0","211200.0","true","true","2.0","Pro","Rendery","",""
"a08RB00001Z16RGYAZ","005d5000005X5qEAAS","false","TOPPAN株式会社 の取引","2026-06-21T16:02:53.000Z","005d5000005X5qEAAS","2026-07-19T04:40:23.000Z","005d5000005X5qEAAS","2026-07-19T04:40:23.000Z","","","","211200.0","001RB00001VTqb8YAD","","月","","","","12.0","","","","17600.0","2025-12-19","","","","","Closed Lost","","","","","211200.0","0.0","true","false","2.0","Pro","Rendery","",""
"a08RB00001Z16RHYAZ","005d5000005X5qEAAS","false","ビルド・ワークス の取引","2026-06-21T16:02:53.000Z","005d5000005X5qEAAS","2026-07-19T04:40:23.000Z","005d5000005X5qEAAS","2026-07-19T04:40:23.000Z","","","","105600.0","001RB00001VTqnwYAD","003RB00001NsUI5YAN","月","","","","12.0","","","","8800.0","","","","","","Closed Won","2025-09-01","100.0","","","105600.0","105600.0","true","true","1.0","Pro","Rendery","",""
"a08RB00001Z16RIYAZ","005RB00000grTzlYAE","false","YAF の取引","2026-06-21T16:02:53.000Z","005d5000005X5qEAAS","2026-07-30T04:29:21.000Z","005RB00000grTzlYAE","2026-07-30T04:29:21.000Z","","","","0.0","001RB00001VTqnxYAD","","月","","","","12.0","","","","8800.0","2026-02-24","","","","","Closed Lost","","","","2025-10-01","105600.0","0.0","true","false","1.0","Pro","Rendery","","2025/10"
"a08RB00001Z16RJYAZ","005d5000005X5qEAAS","false","清水建設株式会社(スマートシティ) の取引","2026-06-21T16:02:53.000Z","005d5000005X5qEAAS","2026-07-22T12:07:54.000Z","005RB00000YoJyLYAV","2026-07-22T12:07:54.000Z","","","","660000.0","001RB00001VTrvxYAD","","月","","","","12.0","","2025-05-14","No agreement on issue or setup","55000.0","2025-11-05","","","","","Closed Lost","","10.0","","","660000.0","66000.0","true","false","5.0","Enterprise","Rendery","",""
"a08RB00001Z16RKYAZ","005d5000005X5qEAAS","false","東京建物株式会社 の取引","2026-06-21T16:02:53.000Z","005d5000005X5qEAAS","2026-07-19T04:40:23.000Z","005d5000005X5qEAAS","2026-07-19T04:40:23.000Z","","","","0.0","001RB00001VTqf9YAD","","月","","","","12.0","","","","0.0","","","","","","Closed Lost","","","","","0.0","0.0","true","false","","","Rendery","",""
"a08RB00001Z16RLYAZ","005d5000005X5qEAAS","false","大成建設株式会社 の取引","2026-06-21T16:02:53.000Z","005d5000005X5qEAAS","2026-07-19T04:40:23.000Z","005d5000005X5qEAAS","2026-07-19T04:40:23.000Z","","","","1320000.0","001RB00001VTqblYAD","003RB00001NsWwiYAF","月","","","","12.0","","2025-11-17","Needs mismatch","110000.0","","","","","","Closed Lost","2025-11-17","","","","1320000.0","0.0","true","false","10.0","Enterprise","Rendery","",""
"a08RB00001Z16RMYAZ","005d5000005X5qEAAS","false","生和コーポレーション株式会社(関東) の取引","2026-06-21T16:02:53.000Z","005d5000005X5qEAAS","2026-07-19T04:40:23.000Z","005d5000005X5qEAAS","2026-07-19T04:40:23.000Z","","","","0.0","001RB00001VTqmcYAD","003RB00001NsVxXYAV","月","","","","12.0","","","","0.0","","","","","","Closed Lost","","","","","0.0","0.0","true","false","","","Rendery","",""
"a08RB00001Z16RNYAZ","005d5000005X5qEAAS","false","株式会社ユタカコーポレーション の取引","2026-06-21T16:02:53.000Z","005d5000005X5qEAAS","2026-07-19T04:40:23.000Z","005d5000005X5qEAAS","2026-07-19T04:40:23.000Z","","","","3500.0","001RB00001VTqnzYAD","003RB00001NsUICYA3","月","","","","12.0","","","","0.0","","","","","","Closed Won","2025-09-24","100.0","","","0.0","0.0","true","true","1.0","","knock knock AI","",""
"a08RB00001Z16ROYAZ","005d5000005X5qEAAS","false","ソーシャルインテリア の取引","2026-06-21T16:02:53.000Z","005d5000005X5qEAAS","2026-07-19T04:40:23.000Z","005d5000005X5qEAAS","2026-07-19T04:40:23.000Z","","","","900000.0","001RB00001VTqo0YAD","","月","","","","12.0","","2026-05-26","No agreement on issue or setup","75000.0","2025-12-17","","","","","Closed Lost","2026-05-26","","","","900000.0","0.0","true","false","5.0","Enterprise","Rendery","",""
"a08RB00001Z16RPYAZ","005d5000005X5qEAAS","false","東京海上日動ファシリティーズ株式会社 の取引","2026-06-21T16:02:53.000Z","005d5000005X5qEAAS","2026-07-19T04:40:23.000Z","005d5000005X5qEAAS","2026-07-19T04:40:23.000Z","","","","900000.0","001RB00001VTqnUYAT","","月","","","","12.0","","","","75000.0","2025-12-10","","","","","Closed Lost","","","","","900000.0","0.0","true","false","5.0","Enterprise","Rendery","",""
"a08RB00001Z16RQYAZ","005d5000005X5qEAAS","false","株式会社ほりきり太郎不動産 の取引","2026-06-21T16:02:53.000Z","005d5000005X5qEAAS","2026-07-19T04:40:23.000Z","005d5000005X5qEAAS","2026-07-19T04:40:23.000Z","","","","3500.0","001RB00001VTqoCYAT","003RB00001NsUIXYA3","月","","","","12.0","","","","0.0","","","","","","Closed Won","2025-09-24","100.0","","","0.0","0.0","true","true","1.0","","knock knock AI","",""
"a08RB00001Z16RRYAZ","005d5000005X5qEAAS","false","株式会社エイブル","2026-06-21T16:02:53.000Z","005d5000005X5qEAAS","2026-07-19T04:40:23.000Z","005d5000005X5qEAAS","2026-07-19T04:40:23.000Z","","","","290000.0","001RB00001VTrKGYA1","","月","","","","12.0","","","","0.0","","","","","","Closed Won","2025-10-03","100.0","","","0.0","0.0","true","true","2.0","Enterprise","knock knock AI","",""
"a08RB00001Z16RSYAZ","005d5000005X5qEAAS","false","生和コーポレーション株式会社(西日本支社)","2026-06-21T16:02:53.000Z","005d5000005X5qEAAS","2026-07-19T04:40:23.000Z","005d5000005X5qEAAS","2026-07-19T04:40:23.000Z","","","","1800000.0","001RB00001VTqmcYAD","","月","","","","12.0","","","","150000.0","","","","","","Closed Lost","","","","","1800000.0","0.0","true","false","10.0","Enterprise","Rendery","",""
"a08RB00001Z16RTYAZ","005d5000005X5qEAAS","false","日鉄興和不動産株式会社","2026-06-21T16:02:53.000Z","005d5000005X5qEAAS","2026-07-28T01:24:06.000Z","005d5000005X5qEAAS","2026-07-28T01:24:06.000Z","","","","2340000.0","001RB00001VTrnKYAT","","月","","","2026-02-13","12.0","","","","195000.0","2026-01-06","","","","","Closed Won","2026-02-12","100.0","","","2340000.0","2340000.0","true","true","13.0","Enterprise","Rendery","S1",""
"a08RB00001Z16RUYAZ","005d5000005X5qEAAS","false","相鉄アーバンクリエイツ　西口事業部 の取引","2026-06-21T16:02:53.000Z","005d5000005X5qEAAS","2026-07-19T04:40:23.000Z","005d5000005X5qEAAS","2026-07-19T04:40:23.000Z","","","","105600.0","001RB00001VTqs2YAD","003RB00001NsWwjYAF","月","","","","12.0","","","","8800.0","","","","","","Closed Lost","","","","","105600.0","0.0","true","false","1.0","Pro","Rendery","",""
"a08RB00001Z16RVYAZ","005d5000005X5qEAAS","false","日本社宅サービス株式会社","2026-06-21T16:02:53.000Z","005d5000005X5qEAAS","2026-06-21T16:02:53.000Z","005d5000005X5qEAAS","2026-06-21T16:02:53.000Z","","","","0.0","001RB00001VTqvSYAT","003RB00001NsUcsYAF","月","","","","12.0","","","","0.0","","","","","","Qualification","","20.0","","","0.0","0.0","false","false","","","","",""
"a08RB00001Z16RWYAZ","005d5000005X5qEAAS","false","株式会社JPMC","2026-06-21T16:02:53.000Z","005d5000005X5qEAAS","2026-07-19T04:40:23.000Z","005d5000005X5qEAAS","2026-07-19T04:40:23.000Z","","","","0.0","001RB00001VTqoXYAT","","月","","","","12.0","","","","0.0","","","","","","Prospecting","","10.0","","","0.0","0.0","false","false","","","knock knock AI","",""
"a08RB00001Z16RXYAZ","005d5000005X5qEAAS","false","森ビル株式会社 の取引","2026-06-21T16:02:53.000Z","005d5000005X5qEAAS","2026-07-19T04:40:23.000Z","005d5000005X5qEAAS","2026-07-19T04:40:23.000Z","","","","105600.0","001RB00001VTqWFYA1","003RB00001NsVhqYAF","月","","","2026-03-01","12.0","","","","8800.0","","","","","","Closed Won","2026-03-12","100.0","","","105600.0","105600.0","true","true","1.0","Pro","Rendery","",""
"a08RB00001Z16RYYAZ","005d5000005X5qEAAS","false","三弘建築事務所株式会社","2026-06-21T16:02:53.000Z","005d5000005X5qEAAS","2026-07-19T04:40:23.000Z","005d5000005X5qEAAS","2026-07-19T04:40:23.000Z","","","","672000.0","001RB00001VTqxpYAD","","月","","","2026-03-01","12.0","","2026-05-21","Customer concern unresolved","56000.0","","","","","","Closed Lost","2026-05-21","","","","672000.0","0.0","true","false","60.0","Enterprise","Rendery","",""
"a08RB00001Z16RZYAZ","005d5000005X5qEAAS","false","株式会社大阪ガスファシリティーズ の取引","2026-06-21T16:02:53.000Z","005d5000005X5qEAAS","2026-07-19T04:40:23.000Z","005d5000005X5qEAAS","2026-07-19T04:40:23.000Z","","","","0.0","001RB00001VTqxqYAD","003RB00001NsVhrYAF","月","","","","12.0","","2026-01-21","","0.0","","","","","","Closed Lost","2026-01-21","","","","0.0","0.0","true","false","","","knock knock AI","",""
"a08RB00001Z16RaYAJ","005d5000005X5qEAAS","false","TR-Archi Office の取引","2026-06-21T16:02:53.000Z","005d5000005X5qEAAS","2026-07-19T04:40:23.000Z","005d5000005X5qEAAS","2026-07-19T04:40:23.000Z","","","","0.0","001RB00001VTqnPYAT","","月","","","","12.0","","","","0.0","","","","","","Closed Lost","","","","","0.0","0.0","true","false","","","Rendery","",""
"a08RB00001Z16RbYAJ","005d5000005X5qEAAS","false","東急建設株式会社","2026-06-21T16:02:53.000Z","005d5000005X5qEAAS","2026-06-21T16:02:53.000Z","005d5000005X5qEAAS","2026-06-21T16:02:53.000Z","","","","0.0","001RB00001VTrseYAD","","月","","","","12.0","","","","0.0","2025-10-24","","","","","ValueProposition","","50.0","","","0.0","0.0","false","false","","","","",""
"a08RB00001Z16RcYAJ","005d5000005X5qEAAS","false","福井コンピュータースマート株式会社","2026-06-21T16:02:53.000Z","005d5000005X5qEAAS","2026-06-21T16:02:53.000Z","005d5000005X5qEAAS","2026-06-21T16:02:53.000Z","","","","0.0","001RB00001VTqxrYAD","","月","","","","12.0","","","","0.0","2026-01-16","","","","","Closed Won","","100.0","","","0.0","0.0","true","true","","","","",""
"a08RB00001Z16RdYAJ","005d5000005X5qEAAS","false","三越伊勢丹プロパティデザイン株式会社","2026-06-21T16:02:53.000Z","005d5000005X5qEAAS","2026-07-19T04:40:23.000Z","005d5000005X5qEAAS","2026-07-19T04:40:23.000Z","","","","528000.0","001RB00001VTqxsYAD","","月","","","","12.0","","","","44000.0","","","","","","Closed Won","2025-12-17","100.0","","","528000.0","528000.0","true","true","5.0","Pro","Rendery","",""
"a08RB00001Z16ReYAJ","005d5000005X5qEAAS","false","株式会社住研川越 の取引","2026-06-21T16:02:53.000Z","005d5000005X5qEAAS","2026-07-19T04:40:23.000Z","005d5000005X5qEAAS","2026-07-19T04:40:23.000Z","","","","145200.0","001RB00001VTqxtYAD","003RB00001NsVhuYAF","月","","","","12.0","","","","12100.0","","","","","","Closed Won","2025-11-04","100.0","","","145200.0","145200.0","true","true","1.0","Basic","knock knock AI","",""
"a08RB00001Z16RfYAJ","005d5000005X5qEAAS","false","荏原環境プラント株式会社 の取引","2026-06-21T16:02:53.000Z","005d5000005X5qEAAS","2026-07-22T12:33:35.000Z","005RB00000YoJyLYAV","2026-07-22T12:33:35.000Z","","","","2390000.0","001RB00001VTqxuYAD","003RB00001NsVhvYAF","年","","","2026-05-01","12.0","","","","170000.0","","","","","","Negotiation","","80.0","","2026-09-01","2040000.0","1632000.0","false","false","5.0","Enterprise","Rendery","","2026/09"
"a08RB00001Z16RgYAJ","005d5000005X5qEAAS","false","株式会社ホープハウスシステム の取引","2026-06-21T16:02:53.000Z","005d5000005X5qEAAS","2026-07-19T04:40:23.000Z","005d5000005X5qEAAS","2026-07-19T04:40:23.000Z","","","","0.0","001RB00001VTqliYAD","003RB00001NsNceYAF","月","","","","12.0","","","","0.0","","","","","","Prospecting","","10.0","","","0.0","0.0","false","false","","","knock knock AI","",""
"a08RB00001Z1G65YAF","005d5000005X5qEAAS","false","株式会社ビヨンドボーダーズ の取引","2026-06-21T16:02:53.000Z","005d5000005X5qEAAS","2026-07-19T04:40:23.000Z","005d5000005X5qEAAS","2026-07-19T04:40:23.000Z","","","","0.0","001RB00001VTqxvYAD","003RB00001NsVhwYAF","月","","","","12.0","","2026-02-25","Needs mismatch","0.0","","","","","","Closed Lost","2026-02-25","","","","0.0","0.0","true","false","","","Rendery","",""
"a08RB00001Z1G66YAF","005d5000005X5qEAAS","false","株式会社brackets の取引","2026-06-21T16:02:53.000Z","005d5000005X5qEAAS","2026-07-19T04:40:23.000Z","005d5000005X5qEAAS","2026-07-19T04:40:23.000Z","","","","105600.0","001RB00001VTqxwYAD","003RB00001NsWwlYAF","月","","","","12.0","","","","8800.0","","","","","","Prospecting","","10.0","","","105600.0","10560.0","false","false","1.0","Pro","Rendery","",""
"a08RB00001Z1G67YAF","005d5000005X5qEAAS","false","株式会社エムアールビジネス の取引","2026-06-21T16:02:53.000Z","005d5000005X5qEAAS","2026-06-21T16:02:53.000Z","005d5000005X5qEAAS","2026-06-21T16:02:53.000Z","","","","0.0","001RB00001VTqxxYAD","003RB00001NsVi3YAF","月","","","","12.0","","","","0.0","","","","","","Negotiation","","80.0","","","0.0","0.0","false","false","","","","",""
"a08RB00001Z1G68YAF","005d5000005X5qEAAS","false","株式会社ホープハウスシステム","2026-06-21T16:02:53.000Z","005d5000005X5qEAAS","2026-06-21T16:02:53.000Z","005d5000005X5qEAAS","2026-06-21T16:02:53.000Z","","","","0.0","001RB00001VTqliYAD","003RB00001NsNceYAF","月","","","","12.0","","","","0.0","","","","","","Negotiation","","80.0","","","0.0","0.0","false","false","","","","",""
"a08RB00001Z1G69YAF","005d5000005X5qEAAS","false","株式会社店研創意","2026-06-21T16:02:53.000Z","005d5000005X5qEAAS","2026-08-03T08:32:44.000Z","005RB00000YoJyLYAV","2026-08-03T08:32:44.000Z","","2026-07-28T10:33:34.000Z","2026-07-28T10:33:34.000Z","","001RB00001VTqxyYAD","","月","【CS引継ぎ】株式会社店研創意 — Rendery Enterprise
1. 契約サマリ

顧客：株式会社店研創意（てんけんそうい）
プラン：Enterprise（Proからアップセル）
アカウント／ユーザー数：7アカウント／14ユーザー
金額：標準単価（¥15,000/アカウント）ベースで月額 ¥105,000 
利用開始：2026年8月1日（トライアル→本契約へ切替）
請求先：山中様宛
営業担当：妹尾 ／ CS担当：玉木


2. 会社概要
1975年1月設立、資本金9,000万円、従業員数290名（2026年5月時点）の空間づくり企業。大阪・東京に本社を構え、株式会社大西のグループ事業。事業は二本柱で、全国の物販店・飲食店・サービス店など幅広い業種で年間約2,000件を手掛ける「空間プロデュース」（設計施工）事業と、店舗什器・ディスプレイ用品・販促グッズ等を販売する通販事業「ストア・エキスプレス」。ストア・エキスプレスは2018年に会員数60万人を突破し、自社オリジナル商品開発のノウハウを活かしたオーダーメイド什器の企画・製作も展開している。近年は店舗にとどまらずオフィス・住空間へと領域を広げている。
CSが押さえる要点：単なる設計会社ではなく「設計施工」と「自社什器・家具のEC／製品ブランド」の両方を持つ。自社製品を空間提案に載せて売りたい動機が構造的に強く、ここがRendery定着のカギ（§8-6・§9参照）。3. 顧客プロファイル
店舗デザイン／内装・外観設計に加えオフィス・住空間、さらに自社什器・家具ブランド（ストア・エキスプレス）を持つ。デザイナーが手描きスケッチやパースで顧客とイメージをすり合わせる業務が中心。ユーザー会に参加いただいたProユーザーからの拡大案件。
4. キーパーソン

山中 秀一 様：意思決定・社内推進の窓口。予算・稟議・請求もこの方経由。
川﨑 智 様：空間プロデュース事業部 第1設計チーム マネージャー（東京・新宿）。設計側の実務キーパーソン。トライアル中に実案件で使用。
5. 利用メンバー（14名／@onisi.jp）

6. 導入の背景（なぜ買ったか）
昨年11月から商談。ユーザー会で再会。以前から利用意欲はあったが「使いこなしのところで止まっていた」状態。初歩的なつまずきで活用が広がらず、勉強会前の打ち合わせで妹尾がAIアーキテクト編集を使って詰まりをその場で解消して見せたことが転機。個人スキルではなく組織のナレッジ共有で解決する＝Enterpriseの価値、という位置づけで着地。
7. これまでの経緯（要点のみ）

勉強会前の打ち合わせ：現状のつまずきを把握し、支援方針をすり合わせ。
2週間トライアル実施：実案件「原宿竹下通り店」の外装／内装パース修正で川﨑様が使用。トライアルで固まった主ユースケースは**「スケッチからのパース作成」と「外注パースの仕様変更対応」**の2つ。
7/31 本契約へ切替・利用開始。


8. 主要ユースケース（機能マッピング）

スケッチ→パース化（AIアーキテクト編集）：箱レベルのラフでOK。← トライアルの主用途。
外注パースの仕様変更対応：外注で作ったパースの手直し。← トライアルの主用途。「原宿竹下通り店」で実践。
パース編集で要素を保持：「その他の部分は一切変更しない」の指示でロゴ等が勝手に変わる問題を回避。
平面図→立ち上げ：オフィス／住空間向け。勉強会前打ち合わせで最も刺さった点。
文字・寸法の削除：赤枠で囲って画像書き出し→AIアーキテクト編集で除去。
部分差し替え／参照画像の部分適用：椅子だけ変える等。← §9の“自社什器入れ込み“の中核機能。
ワークフロー機能でのテンプレ化：店研独自の型を登録し「何も考えず使える」状態へ。初期整備はこちらでヒアリングして作り込む合意あり。
9. オンボーディング設計

勉強会（1時間）＋2週間トライアルは完了。以降は定例で活用の深化と定着を支援するフェーズ。
定着の要はワークフローテンプレ（部門別・什器入れ込み）の整備。使いこなし止まりの再発を防ぐ。


① 営業と設計で使い方が分かれる → 定例で使い分けを把握 営業と設計の両部門が使う。両者は求める出力・ワークフロー上の位置づけが異なるはずなので、定例で「営業のユースケース」「設計のユースケース」を切り分けて把握・整理していく。


営業：顧客への提案・イメージ共有。スピード重視でラフから提案パース／自社什器を載せた提案ビジュアル。
設計：実案件のデザイン検討。スケッチ→パース、外注パース修正、平面図立ち上げ、文字・寸法処理など作り込み寄り。 → 部門ごとにテンプレを分けて整備。どちらの部門が何にどう使っているかを定例でトラッキングし、テンプレとナレッジに反映。
② 自社什器（ストア・エキスプレス製品）の入れ込みニーズ ← 最重要の定着ドライバー 自社で店舗什器・家具ブランドを持つため、空間パースに自社什器を入れ込みたいニーズが構造的に大きい。「提案パースに自社什器を配置する」ワークフローが確立できれば、Renderyが提案業務と自社EC売上の両方に効く＝抜けられないツールになる。

直結機能：§8-6「参照画像の部分適用」。
CSアクション：早期に「自社什器を入れ込む」テンプレを一緒に作る。定例で「今どの製品を入れ込みたいか」を継続ヒアリングしプロンプト集に蓄積。
10. 運用・請求メモ（要注意）

go-live時に組織作成の訂正あり：当初「新規組織」を誤作成→削除し、トライアル利用組織をアップグレードして継続、メンバー入替・権限変更、組織名から「トライアル」表記を削除、という経緯。トライアルからの既存ユーザーは同じアカウントで継続ログイン可、新規追加分は別途招待メールから。→ 初回サポート時に「どの組織・どのアカウントか」の混乱が残っていないか確認。
請求サイクル：毎月20日前後の平日に前月利用分をPDFで送付、振込期日は翌月末（例：7月分→8月末）。
11. アップセル・拡大方針

設計サイドはほぼ入り切っており、アップセル余地は限定的。 特に大阪拠点は設計人数が多く、今回の14名で設計の主要層はカバー済みの想定。
主なアップセル余地は営業サイド。 営業の展開は現状数名にとどまるため、営業メンバーへの利用拡大がアカウント増の本命ルート。
CSアクション：定例で「営業サイドの利用が広がっているか」を主要KPIとしてウォッチ。§9①の営業ユースケースと§9②の什器入れ込みは営業に刺さる訴求なので、営業向けテンプレを整えて横展開のフックにする。設計側は新規増員時の自然増を見込む温度感でよい。
12. リスク・注意点

メンバーが「難しそう」で離脱すると定着が崩れる。早期に一人ずつ「自分の案件で解けた」体験を作る。
使いこなし止まりの再発。ワークフローテンプレ（部門別・什器入れ込み）の整備を後回しにしない。
go-live時の組織訂正に起因する混乱が現場に残っていないか要確認（§10）。
13. CS初動アクション

定例を設計：営業／設計の使い分け把握（§9①）と自社什器入れ込みニーズ（§9②）、営業サイド拡大（§11）を継続議題に。
ワークフロー初期テンプレ（部門別＋什器入れ込み）の叩きを準備。","","2026-04-01","12.0","","","","105000.0","2025-12-17","","","","","Closed Won","","100.0","","2026-08-01","1260000.0","1260000.0","true","true","7.0","Enterprise","Rendery","S1","2026/08"
"a08RB00001Z1G6AYAV","005d5000005X5qEAAS","false","株式会社FUNC DESIGN の取引","2026-06-21T16:02:53.000Z","005d5000005X5qEAAS","2026-07-19T04:40:23.000Z","005d5000005X5qEAAS","2026-07-19T04:40:23.000Z","","","","105600.0","001RB00001VTqxzYAD","003RB00001NsWwmYAF","月","","","","12.0","","","","8800.0","","","","","","Prospecting","","10.0","","","105600.0","10560.0","false","false","1.0","Pro","Rendery","",""
"a08RB00001Z1G6BYAV","005d5000005X5qEAAS","false","株式会社サイバーエージェント の取引","2026-06-21T16:02:53.000Z","005d5000005X5qEAAS","2026-07-19T04:40:23.000Z","005d5000005X5qEAAS","2026-07-19T04:40:23.000Z","","","","316800.0","001RB00001VTqy0YAD","003RB00001NsVi5YAF","月","","","","12.0","","","","26400.0","","","","","","Closed Lost","","","","","316800.0","0.0","true","false","3.0","Pro","Rendery","",""
"a08RB00001Z1G6CYAV","005d5000005X5qEAAS","false","豊通ファシリティーズ株式会社 の取引","2026-06-21T16:02:53.000Z","005d5000005X5qEAAS","2026-07-19T04:40:23.000Z","005d5000005X5qEAAS","2026-07-19T04:40:23.000Z","","","","105600.0","001RB00001VTqy1YAD","003RB00001NsWwnYAF","月","","","","12.0","","","","8800.0","","","","","","Closed Won","2026-01-05","100.0","","","105600.0","105600.0","true","true","1.0","Pro","Rendery","",""
"a08RB00001Z1G6DYAV","005d5000005X5qEAAS","false","東急リバブル株式会社","2026-06-21T16:02:53.000Z","005d5000005X5qEAAS","2026-07-22T12:48:23.000Z","005RB00000YoJyLYAV","2026-07-22T12:48:23.000Z","","","","1800000.0","001RB00001VTqy2YAD","","月","","","2026-04-01","12.0","","2026-05-13","Needs mismatch","150000.0","2026-01-14","","","","","Closed Lost","","100.0","","","1800000.0","1800000.0","true","false","10.0","Enterprise","Rendery","",""
"a08RB00001Z1G6EYAV","005d5000005X5qEAAS","false","株式会社アルテ","2026-06-21T16:02:53.000Z","005d5000005X5qEAAS","2026-07-19T04:40:23.000Z","005d5000005X5qEAAS","2026-07-19T04:40:23.000Z","","","","1584000.0","001RB00001VTqy3YAD","","月","","","","12.0","","2026-01-04","Support or track record concern","132000.0","","","","","","Closed Lost","2026-01-04","","","","1584000.0","0.0","true","false","120.0","Enterprise","Rendery","",""
"a08RB00001Z1G6FYAV","005d5000005X5qEAAS","false","8175 STUDIO の取引","2026-06-21T16:02:53.000Z","005d5000005X5qEAAS","2026-07-19T04:40:23.000Z","005d5000005X5qEAAS","2026-07-19T04:40:23.000Z","","","","105600.0","001RB00001VTqy4YAD","003RB00001NsVi6YAF","月","","","2026-04-15","12.0","","","","8800.0","","","","","","Closed Lost","","","","","105600.0","0.0","true","false","1.0","Pro","Rendery","",""
"a08RB00001Z1G6GYAV","005d5000005X5qEAAS","false","株式会社日企設計","2026-06-21T16:02:53.000Z","005d5000005X5qEAAS","2026-07-19T04:40:23.000Z","005d5000005X5qEAAS","2026-07-19T04:40:23.000Z","","","","460800.0","001RB00001VTqy6YAD","","月","","","2026-02-20","12.0","","","","38400.0","","","","","","Closed Lost","","","","","460800.0","0.0","true","false","6.0","Pro","Rendery","",""
"a08RB00001Z1G6HYAV","005d5000005X5qEAAS","false","地盤ネット株式会社 の取引","2026-06-21T16:02:53.000Z","005d5000005X5qEAAS","2026-07-19T04:40:23.000Z","005d5000005X5qEAAS","2026-07-19T04:40:23.000Z","","","","422400.0","001RB00001VTrtxYAD","003RB00001NsMP3YAN","月","","","","12.0","","","","35200.0","","","","","","Prospecting","","10.0","","","422400.0","42240.0","false","false","4.0","Pro","Rendery","",""
"a08RB00001Z1G6IYAV","005d5000005X5qEAAS","false","株式会社Lakke の取引","2026-06-21T16:02:53.000Z","005d5000005X5qEAAS","2026-07-19T04:40:23.000Z","005d5000005X5qEAAS","2026-07-19T04:40:23.000Z","","","","145200.0","001RB00001VTqy7YAD","003RB00001NsWwpYAF","月","","","","12.0","","","","12100.0","","","","","","Closed Won","2025-11-10","100.0","","","145200.0","145200.0","true","true","1.0","Basic","knock knock AI","",""
"a08RB00001Z1G6JYAV","005d5000005X5qEAAS","false","株式会社ササキハウス の取引","2026-06-21T16:02:53.000Z","005d5000005X5qEAAS","2026-07-19T04:40:23.000Z","005d5000005X5qEAAS","2026-07-19T04:40:23.000Z","","","","145200.0","001RB00001VTreSYAT","003RB00001NsWwqYAF","月","","","","12.0","","","","12100.0","","","","","","Closed Won","2025-11-24","100.0","","","145200.0","145200.0","true","true","1.0","Basic","knock knock AI","",""
"a08RB00001Z1G6KYAV","005d5000005X5qEAAS","false","生和コーポレーション株式会社 Update","2026-06-21T16:02:53.000Z","005d5000005X5qEAAS","2026-07-19T04:40:23.000Z","005d5000005X5qEAAS","2026-07-19T04:40:23.000Z","","","","1800000.0","001RB00001VTqmcYAD","","月","","","","12.0","","","","150000.0","","","","","","ValueProposition","","50.0","","","1800000.0","900000.0","false","false","10.0","Enterprise","Rendery","",""
"a08RB00001Z1G6LYAV","005d5000005X5qEAAS","false","群馬セキスイハイム株式会社","2026-06-21T16:02:53.000Z","005d5000005X5qEAAS","2026-07-19T04:40:23.000Z","005d5000005X5qEAAS","2026-07-19T04:40:23.000Z","","","","211200.0","001RB00001VTrvkYAD","","月","","","2026-03-01","12.0","","","","17600.0","","","","","","Negotiation","","80.0","","","211200.0","168960.0","false","false","2.0","Pro","Rendery","",""
"a08RB00001Z1G6MYAV","005d5000005X5qEAAS","false","石友ホーム株式会社 の取引","2026-06-21T16:02:53.000Z","005d5000005X5qEAAS","2026-07-19T04:40:23.000Z","005d5000005X5qEAAS","2026-07-19T04:40:23.000Z","","","","0.0","001RB00001VTrdXYAT","003RB00001NsViZYAV","月","","","","12.0","","","","0.0","","","","","","Prospecting","","10.0","","","0.0","0.0","false","false","","","knock knock AI","",""
"a08RB00001Z1G6NYAV","005d5000005X5qEAAS","false","JR九州コンサルタンツ株式会社","2026-06-21T16:02:53.000Z","005d5000005X5qEAAS","2026-07-19T04:40:23.000Z","005d5000005X5qEAAS","2026-07-19T04:40:23.000Z","","","","105600.0","001RB00001VTqnyYAD","003RB00001NsUI8YAN","月","","","","12.0","","","","8800.0","","","","","","Closed Won","2025-11-14","100.0","","","105600.0","105600.0","true","true","1.0","Pro","Rendery","",""
"a08RB00001Z1G6OYAV","005d5000005X5qEAAS","false","ハゼモト建設株式会社","2026-06-21T16:02:53.000Z","005d5000005X5qEAAS","2026-07-19T04:40:23.000Z","005d5000005X5qEAAS","2026-07-19T04:40:23.000Z","","","","726000.0","001RB00001VTqyAYAT","003RB00001NsViCYAV","月","","","","12.0","","","","60500.0","","","","","","Closed Won","2025-11-17","100.0","","","726000.0","726000.0","true","true","1.0","Pro","knock knock AI","",""
"a08RB00001Z1G6PYAV","005d5000005X5qEAAS","false","(株)ビ・ハウス","2026-06-21T16:02:53.000Z","005d5000005X5qEAAS","2026-07-19T04:40:23.000Z","005d5000005X5qEAAS","2026-07-19T04:40:23.000Z","","","","528000.0","001RB00001VTqyTYAT","003RB00001NsWwyYAF","月","","","","12.0","","","","44000.0","2025-11-17","","","","","Closed Lost","","","","","528000.0","0.0","true","false","5.0","Pro","Rendery","",""
"a08RB00001Z1G6QYAV","005d5000005X5qEAAS","false","株式会社IAO竹田設計 の取引","2026-06-21T16:02:53.000Z","005d5000005X5qEAAS","2026-07-19T04:40:23.000Z","005d5000005X5qEAAS","2026-07-19T04:40:23.000Z","","","","0.0","001RB00001VTr0JYAT","","月","","","","12.0","","","","0.0","","","","","","Closed Lost","","","","","0.0","0.0","true","false","","","Rendery","",""
"a08RB00001Z1G6RYAV","005d5000005X5qEAAS","false","イナバインターナショナル株式会社 の取引","2026-06-21T16:02:53.000Z","005d5000005X5qEAAS","2026-07-19T04:40:23.000Z","005d5000005X5qEAAS","2026-07-19T04:40:23.000Z","","","","900000.0","001RB00001VTr0MYAT","003RB00001NsVidYAF","月","","","","12.0","","","","75000.0","","","","","","Closed Lost","","","","","900000.0","0.0","true","false","5.0","Enterprise","Rendery","",""
"a08RB00001Z1G6SYAV","005d5000005X5qEAAS","false","株式会社THREE","2026-06-21T16:02:53.000Z","005d5000005X5qEAAS","2026-07-19T04:40:23.000Z","005d5000005X5qEAAS","2026-07-19T04:40:23.000Z","","","","211200.0","001RB00001VTr0KYAT","003RB00001NsVibYAF","月","","","","12.0","","","","17600.0","","","","","","Closed Won","2025-11-21","100.0","","","211200.0","211200.0","true","true","2.0","Pro","Rendery","",""
"a08RB00001Z1G6TYAV","005d5000005X5qEAAS","false","株式会社オフィスネット","2026-06-21T16:02:53.000Z","005d5000005X5qEAAS","2026-07-19T04:40:23.000Z","005d5000005X5qEAAS","2026-07-19T04:40:23.000Z","","","","211200.0","001RB00001VTrFnYAL","","月","","","","12.0","","","","17600.0","","","","","","Prospecting","","10.0","","","211200.0","21120.0","false","false","2.0","Pro","Rendery","",""
"a08RB00001Z1G6UYAV","005d5000005X5qEAAS","false","株式会社エドケンハウス の取引","2026-06-21T16:02:53.000Z","005d5000005X5qEAAS","2026-07-19T04:40:23.000Z","005d5000005X5qEAAS","2026-07-19T04:40:23.000Z","","","","0.0","001RB00001VTrFoYAL","","月","","","","12.0","","2026-03-02","Budget shortage - initial or migration cost","0.0","","","","","","Closed Lost","2026-03-02","","","","0.0","0.0","true","false","","","Rendery","",""
"a08RB00001Z1G6VYAV","005d5000005X5qEAAS","false","株式会社スタジオ・ノア の取引","2026-06-21T16:02:53.000Z","005d5000005X5qEAAS","2026-07-19T04:40:23.000Z","005d5000005X5qEAAS","2026-07-19T04:40:23.000Z","","","","105600.0","001RB00001VTrFpYAL","003RB00001NsWx3YAF","月","","","","12.0","","","","8800.0","","","","","","Prospecting","","10.0","","","105600.0","10560.0","false","false","1.0","Pro","Rendery","",""
"a08RB00001Z1G6WYAV","005d5000005X5qEAAS","false","株式会社アイリン の取引","2026-06-21T16:02:53.000Z","005d5000005X5qEAAS","2026-07-19T04:40:23.000Z","005d5000005X5qEAAS","2026-07-19T04:40:23.000Z","","","","211200.0","001RB00001VTqnPYAT","003RB00001NsVigYAF","月","","","","12.0","","","","17600.0","","","","","","Prospecting","","10.0","","","211200.0","21120.0","false","false","2.0","Pro","Rendery","",""
"a08RB00001Z1G6XYAV","005d5000005X5qEAAS","false","三井住友建設 の取引","2026-06-21T16:02:53.000Z","005d5000005X5qEAAS","2026-07-19T04:40:23.000Z","005d5000005X5qEAAS","2026-07-19T04:40:23.000Z","","","","105600.0","001RB00001VTqeXYAT","","月","","","","12.0","","","","8800.0","2026-03-17","","","","","Closed Won","2026-03-24","100.0","","","105600.0","105600.0","true","true","1.0","Pro","Rendery","",""
"a08RB00001Z1G6YYAV","005d5000005X5qEAAS","false","株式会社エサキホーム の取引","2026-06-21T16:02:53.000Z","005d5000005X5qEAAS","2026-07-19T04:40:23.000Z","005d5000005X5qEAAS","2026-07-19T04:40:23.000Z","","","","0.0","001RB00001VTrFqYAL","003RB00001NsViiYAF","月","","","","12.0","","","","0.0","","","","","","ValueProposition","","50.0","","","0.0","0.0","false","false","","","knock knock AI","",""
"a08RB00001Z1G6ZYAV","005d5000005X5qEAAS","false","株式会社ケン・プロパティマネジメント","2026-06-21T16:02:53.000Z","005d5000005X5qEAAS","2026-07-19T04:40:23.000Z","005d5000005X5qEAAS","2026-07-19T04:40:23.000Z","","","","145200.0","001RB00001VTrGkYAL","","月","","","","12.0","","","","12100.0","","","","","","Closed Won","2025-11-28","100.0","","","145200.0","145200.0","true","true","1.0","Basic","knock knock AI","",""
"a08RB00001Z1G6aYAF","005RB00000grTzlYAE","false","株式会社エドケンハウス","2026-06-21T16:02:53.000Z","005d5000005X5qEAAS","2026-07-30T04:29:21.000Z","005RB00000grTzlYAE","2026-07-30T04:29:21.000Z","","","","105600.0","001RB00001VTrFoYAL","","月","","","","12.0","","","","8800.0","","","","","","Closed Lost","","10.0","","2026-03-01","105600.0","10560.0","true","false","1.0","Pro","Rendery","","2026/03"
"a08RB00001Z1G6bYAF","005d5000005X5qEAAS","false","創建ホーム株式会社","2026-06-21T16:02:53.000Z","005d5000005X5qEAAS","2026-07-28T01:24:06.000Z","005d5000005X5qEAAS","2026-07-28T01:24:06.000Z","","","","1008000.0","001RB00001VTrm3YAD","","月","","","2026-04-30","12.0","","","","84000.0","2026-03-03","","","","","Closed Won","2026-06-04","100.0","","","1008000.0","1008000.0","true","true","72.0","Enterprise","Rendery","S1",""
"a08RB00001Z1G6cYAF","005d5000005X5qEAAS","false","株式会社中村不動産開発","2026-06-21T16:02:53.000Z","005d5000005X5qEAAS","2026-07-19T04:40:23.000Z","005d5000005X5qEAAS","2026-07-19T04:40:23.000Z","","","","145200.0","001RB00001VTrGlYAL","003RB00001NsVoeYAF","月","","","","12.0","","","","12100.0","","","","","","Closed Won","2025-12-08","100.0","","","145200.0","145200.0","true","true","1.0","Basic","knock knock AI","",""
"a08RB00001Z1G6dYAF","005d5000005X5qEAAS","false","オフィスコム株式会社","2026-06-21T16:02:53.000Z","005d5000005X5qEAAS","2026-07-19T04:40:23.000Z","005d5000005X5qEAAS","2026-07-19T04:40:23.000Z","","","","211200.0","001RB00001VTrGnYAL","003RB00001NsWx6YAF","月","","","2026-03-01","12.0","","","","17600.0","2026-02-09","","","","","ValueProposition","","50.0","","","211200.0","105600.0","false","false","2.0","Pro","Rendery","",""
"a08RB00001Z1G6eYAF","005d5000005X5qEAAS","false","株式会社丹青社","2026-06-21T16:02:53.000Z","005d5000005X5qEAAS","2026-07-23T04:22:06.000Z","005RB00000YoJyLYAV","2026-07-23T04:22:06.000Z","","","","","001RB00001VTr2tYAD","003RB00001NsVohYAF","月","","","2026-07-01","12.0","","","","250000.0","2025-12-16","","","","","ValueProposition","","50.0","","2026-09-01","3000000.0","1500000.0","false","false","10.0","Enterprise","Rendery","","2026/09"
"a08RB00001Z1G6fYAF","005d5000005X5qEAAS","false","田中土建工業株式会社","2026-06-21T16:02:53.000Z","005d5000005X5qEAAS","2026-07-22T12:12:00.000Z","005RB00000YoJyLYAV","2026-07-22T12:12:00.000Z","","","","844800.0","001RB00001VTqnhYAD","","月","","","","12.0","","2026-07-22","Key person unreachable","70400.0","","","","","","Closed Lost","","10.0","","","844800.0","84480.0","true","false","8.0","Pro","Rendery","",""
"a08RB00001Z1G6gYAF","005d5000005X5qEAAS","false","東急株式会社","2026-06-21T16:02:53.000Z","005d5000005X5qEAAS","2026-07-19T04:40:23.000Z","005d5000005X5qEAAS","2026-07-19T04:40:23.000Z","","","","0.0","001RB00001VTrs0YAD","","月","","","","12.0","","","","0.0","","","","","","ValueProposition","","50.0","","","0.0","0.0","false","false","","","Rendery","",""
"a08RB00001Z1G6hYAF","005d5000005X5qEAAS","false","株式会社竹中工務店","2026-06-21T16:02:53.000Z","005d5000005X5qEAAS","2026-07-19T04:40:23.000Z","005d5000005X5qEAAS","2026-07-19T04:40:23.000Z","","","","900000.0","001RB00001VTrmaYAD","","月","","","2026-07-01","12.0","","","","75000.0","","","","","","Prospecting","","10.0","","","900000.0","90000.0","false","false","5.0","Enterprise","Rendery","",""
"a08RB00001Z1G6iYAF","005d5000005X5qEAAS","false","大京穴吹不動産株式会社","2026-06-21T16:02:53.000Z","005d5000005X5qEAAS","2026-07-19T04:40:23.000Z","005d5000005X5qEAAS","2026-07-19T04:40:23.000Z","","","","1122000.0","001RB00001VTrUmYAL","","月","","","","12.0","","","","93500.0","","","","","","ValueProposition","","50.0","","","1122000.0","561000.0","false","false","1.0","Enterprise","knock knock AI","",""
"a08RB00001Z1G6jYAF","005d5000005X5qEAAS","false","信和不動産株式会社 の取引","2026-06-21T16:02:53.000Z","005d5000005X5qEAAS","2026-07-19T04:40:23.000Z","005d5000005X5qEAAS","2026-07-19T04:40:23.000Z","","","","2450000.0","001RB00001VTrGoYAL","","月","","","2026-06-01","12.0","","","","175000.0","","","","","","Negotiation","","80.0","","","2100000.0","1680000.0","false","false","7.0","Enterprise","Rendery","",""
"a08RB00001Z1G6kYAF","005d5000005X5qEAAS","false","株式会社ひなたや の取引","2026-06-21T16:02:53.000Z","005d5000005X5qEAAS","2026-07-19T04:40:23.000Z","005d5000005X5qEAAS","2026-07-19T04:40:23.000Z","","","","105600.0","001RB00001VTrGqYAL","003RB00001NsVomYAF","月","","","","12.0","","","","8800.0","","","","","","Closed Lost","","","","","105600.0","0.0","true","false","1.0","Pro","Rendery","",""
"a08RB00001Z1G6lYAF","005d5000005X5qEAAS","false","株式会社キムラタン の取引","2026-06-21T16:02:53.000Z","005d5000005X5qEAAS","2026-07-19T04:40:23.000Z","005d5000005X5qEAAS","2026-07-19T04:40:23.000Z","","","","7000.0","001RB00001VTrUQYA1","","月","","","","12.0","","","","0.0","","","","","","Closed Won","2026-01-05","100.0","","","0.0","0.0","true","true","2.0","","knock knock AI","",""
"a08RB00001Z1G6mYAF","005d5000005X5qEAAS","false","大東建託株式会社 設計センター","2026-06-21T16:02:53.000Z","005d5000005X5qEAAS","2026-07-31T07:30:19.000Z","005RB00000YoJyLYAV","2026-07-31T07:30:19.000Z","","","","","001RB00001VTruMYAT","003RB00001NsM8HYAV","月","","","2026-07-22","12.0","","","","75000.0","2026-04-21","","","","","ValueProposition","","50.0","","2026-08-17","900000.0","450000.0","false","false","5.0","Enterprise","Rendery","","2026/08"
"a08RB00001Z1G6nYAF","005d5000005X5qEAAS","false","前田建設工業株式会社","2026-06-21T16:02:53.000Z","005d5000005X5qEAAS","2026-07-28T01:24:06.000Z","005d5000005X5qEAAS","2026-07-28T01:24:06.000Z","","","","900000.0","001RB00001VTrvVYAT","003RB00001NsLcHYAV","月","","","","12.0","","","","75000.0","","","","","","Closed Won","2026-01-15","100.0","","","900000.0","900000.0","true","true","5.0","Enterprise","Rendery","S1",""
"a08RB00001Z1G6oYAF","005d5000005X5qEAAS","false","（株）えん道エステート の取引","2026-06-21T16:02:53.000Z","005d5000005X5qEAAS","2026-07-19T04:40:23.000Z","005d5000005X5qEAAS","2026-07-19T04:40:23.000Z","","2026-07-19T03:54:16.000Z","2026-07-19T03:54:16.000Z","0.0","001RB00001VTqmIYAT","003RB00001NsWwQYAV","月","","","","12.0","","","","0.0","","","","","","Qualification","","20.0","","","0.0","0.0","false","false","","","knock knock AI","",""
"a08RB00001Z1G6pYAF","005d5000005X5qEAAS","true","柏井建設 株式会社","2026-06-21T16:02:53.000Z","005d5000005X5qEAAS","2026-08-10T02:52:23.000Z","005RB00000eezKIYAY","2026-08-10T02:52:23.000Z","","","","900000.0","001RB00001VTrI5YAL","","月","","","2026-03-05","12.0","","","","75000.0","","","","","","Closed Won","2026-03-05","100.0","","","900000.0","900000.0","true","true","5.0","Enterprise","Rendery","S1",""
"a08RB00001Z1G6qYAF","005d5000005X5qEAAS","false","株式会社エディオン","2026-06-21T16:02:53.000Z","005d5000005X5qEAAS","2026-07-19T04:40:23.000Z","005d5000005X5qEAAS","2026-07-19T04:40:23.000Z","","","","0.0","001RB00001VTrURYA1","","月","","","","12.0","","2026-02-13","Timing mismatch","0.0","","","","","","Closed Lost","2026-02-13","","","","0.0","0.0","true","false","","","Rendery","",""
"a08RB00001Z1G6rYAF","005d5000005X5qEAAS","false","株式会社 トーケン","2026-06-21T16:02:53.000Z","005d5000005X5qEAAS","2026-07-19T04:40:23.000Z","005d5000005X5qEAAS","2026-07-19T04:40:23.000Z","","","","1056000.0","001RB00001VTrHrYAL","003RB00001NsLbNYAV","月","","","2026-03-01","12.0","","","","88000.0","","","","","","Closed Won","2026-02-27","100.0","","","1056000.0","1056000.0","true","true","10.0","Pro","Rendery","",""
"a08RB00001Z1G6sYAF","005d5000005X5qEAAS","false","株式会社紀伊國屋書店","2026-06-21T16:02:53.000Z","005d5000005X5qEAAS","2026-07-19T04:40:23.000Z","005d5000005X5qEAAS","2026-07-19T04:40:23.000Z","","","","480000.0","001RB00001VTrUSYA1","","月","","","2026-03-17","12.0","","","","40000.0","2026-01-27","","","","","Closed Won","2026-03-17","100.0","","","480000.0","480000.0","true","true","5.0","Pro","Rendery","",""
"a08RB00001Z1G6tYAF","005d5000005X5qEAAS","false","ヤマハ株式会社","2026-06-21T16:02:53.000Z","005d5000005X5qEAAS","2026-07-19T04:40:23.000Z","005d5000005X5qEAAS","2026-07-19T04:40:23.000Z","","","","0.0","001RB00001VTrPrYAL","","月","","","","12.0","","","","0.0","","","","","","Closed Lost","","","","","0.0","0.0","true","false","","","Rendery","",""
"a08RB00001Z1G6uYAF","005d5000005X5qEAAS","false","コンチネンタルホーム株式会社","2026-06-21T16:02:53.000Z","005d5000005X5qEAAS","2026-07-16T05:07:34.000Z","005RB00000eIlkbYAC","2026-07-16T05:07:34.000Z","","2026-07-24T11:30:21.000Z","2026-07-24T11:30:21.000Z","316800.0","001RB00001VTqgHYAT","","月","","","","12.0","","","","40000.0","","","","","","Closed Won","","100.0","","2026-07-01","480000.0","480000.0","true","true","","","","","2026/07"
"a08RB00001Z1G6vYAF","005d5000005X5qEAAS","false","京王建設株式会社 の取引","2026-06-21T16:02:53.000Z","005d5000005X5qEAAS","2026-07-19T04:40:23.000Z","005d5000005X5qEAAS","2026-07-19T04:40:23.000Z","","","","0.0","001RB00001VTrUTYA1","003RB00001NsLbQYAV","月","","","","12.0","","","","0.0","","","","","","Prospecting","","10.0","","","0.0","0.0","false","false","","","Rendery","",""
"a08RB00001Z1G6wYAF","005d5000005X5qEAAS","false","テスト","2026-06-21T16:02:53.000Z","005d5000005X5qEAAS","2026-07-19T04:40:23.000Z","005d5000005X5qEAAS","2026-07-19T04:40:23.000Z","","","","0.0","","","月","","","","12.0","","","","0.0","","","","","","Closed Won","2025-12-25","100.0","","","0.0","0.0","true","true","","","Rendery","",""
"a08RB00001Z1G6xYAF","005d5000005X5qEAAS","false","株式会社アールシーコア","2026-06-21T16:02:53.000Z","005d5000005X5qEAAS","2026-08-10T02:49:11.000Z","005RB00000eezKIYAY","2026-08-10T02:49:11.000Z","","","","3350000.0","","","月","","","","12.0","","","","250000.0","","","","","","Closed Won","2026-01-16","100.0","","2026-05-01","3000000.0","3000000.0","true","true","12.0","Enterprise","Rendery","S3","2026/05"
"a08RB00001Z1G6yYAF","005d5000005X5qEAAS","false","株式会社REデザイン の取引","2026-06-21T16:02:53.000Z","005d5000005X5qEAAS","2026-07-19T04:40:23.000Z","005d5000005X5qEAAS","2026-07-19T04:40:23.000Z","","","","361200.0","","","月","","","2026-09-01","12.0","","","","17600.0","","","","","","ValueProposition","","50.0","","","211200.0","105600.0","false","false","3.0","Pro","Rendery","",""
"a08RB00001Z1G6zYAF","005d5000005X5qEAAS","false","株式会社長谷工コーポレーション","2026-06-21T16:02:53.000Z","005d5000005X5qEAAS","2026-07-19T04:40:23.000Z","005d5000005X5qEAAS","2026-07-19T04:40:23.000Z","","","","900000.0","","","月","","","","12.0","","","","75000.0","","","","","","Closed Lost","","","","","900000.0","0.0","true","false","5.0","Enterprise","Rendery","",""
"a08RB00001Z1G70YAF","005d5000005X5qEAAS","false","ナックハウスパートナー 株式会社","2026-06-21T16:02:53.000Z","005d5000005X5qEAAS","2026-07-19T04:40:23.000Z","005d5000005X5qEAAS","2026-07-19T04:40:23.000Z","","","","356400.0","","","月","","","","12.0","","","","29700.0","","","","","","Prospecting","","10.0","","","356400.0","35640.0","false","false","3.0","Basic","knock knock AI","",""
"a08RB00001Z1G71YAF","005d5000005X5qEAAS","false","ジェイアール東海コンサルタンツ株式会社 の取引","2026-06-21T16:02:53.000Z","005d5000005X5qEAAS","2026-07-19T04:40:23.000Z","005d5000005X5qEAAS","2026-07-19T04:40:23.000Z","","","","0.0","","","月","","","2026-03-30","12.0","","","","0.0","","","","","","Qualification","","20.0","","","0.0","0.0","false","false","","","Rendery","",""
"a08RB00001Z1G72YAF","005d5000005X5qEAAS","false","Metricon株式会社","2026-06-21T16:02:53.000Z","005d5000005X5qEAAS","2026-07-19T04:40:23.000Z","005d5000005X5qEAAS","2026-07-19T04:40:23.000Z","","2026-07-28T01:26:16.000Z","2026-07-28T01:26:16.000Z","0.0","","","月","","","","12.0","","","","0.0","","","","","","Qualification","","20.0","","","0.0","0.0","false","false","","","受託開発","",""
"a08RB00001Z1G73YAF","005d5000005X5qEAAS","false","阪急阪神不動産","2026-06-21T16:02:53.000Z","005d5000005X5qEAAS","2026-07-22T12:07:35.000Z","005RB00000YoJyLYAV","2026-07-22T12:07:35.000Z","","","","1360000.0","001RB00001VTrUXYA1","003RB00001NsLbkYAF","月","","","2026-08-31","12.0","初回打合せ完了","","","180000.0","","","","トライアル中","Event","Negotiation","","80.0","2026-04-22","2026-09-01","2160000.0","1728000.0","false","false","10.0","Enterprise","Rendery","","2026/09"
"a08RB00001Z1G74YAF","005d5000005X5qEAAS","false","エスコンリビングサービス取引","2026-06-21T16:02:53.000Z","005d5000005X5qEAAS","2026-07-19T04:40:23.000Z","005d5000005X5qEAAS","2026-07-19T04:40:23.000Z","","","","3500.0","","","月","","","","12.0","","","","0.0","","","","","","ValueProposition","","50.0","","","0.0","0.0","false","false","1.0","","knock knock AI","",""
"a08RB00001Z1G75YAF","005d5000005X5qEAAS","false","YKK AP 株式会社","2026-06-21T16:02:53.000Z","005d5000005X5qEAAS","2026-07-19T04:40:23.000Z","005d5000005X5qEAAS","2026-07-19T04:40:23.000Z","","","","1800000.0","","","月","","","2026-05-01","12.0","","","","150000.0","2026-04-15","","","","","Closed Lost","","","","","1800000.0","0.0","true","false","10.0","Enterprise","Rendery","",""
"a08RB00001Z1G76YAF","005d5000005X5qEAAS","false","くらし研究室の取引","2026-06-21T16:02:53.000Z","005d5000005X5qEAAS","2026-07-19T04:40:23.000Z","005d5000005X5qEAAS","2026-07-19T04:40:23.000Z","","","","0.0","","","月","","","","12.0","","","","0.0","","","","","","Prospecting","","10.0","","","0.0","0.0","false","false","","","Rendery","",""
"a08RB00001Z1G77YAF","005d5000005X5qEAAS","false","株式会社大伸社ディライト の取引","2026-06-21T16:02:53.000Z","005d5000005X5qEAAS","2026-07-19T04:40:23.000Z","005d5000005X5qEAAS","2026-07-19T04:40:23.000Z","","","","211200.0","","","月","","","2026-04-01","12.0","","","","17600.0","","","","","","Negotiation","","80.0","","","211200.0","168960.0","false","false","2.0","Pro","Rendery","",""
"a08RB00001Z1G78YAF","005d5000005X5qEAAS","false","株式会社 えん道エステート","2026-06-21T16:02:53.000Z","005d5000005X5qEAAS","2026-07-19T04:40:23.000Z","005d5000005X5qEAAS","2026-07-19T04:40:23.000Z","","","","0.0","","","月","","","","12.0","","2026-03-16","Needs mismatch","0.0","","","","","","Closed Lost","2026-03-16","","","","0.0","0.0","true","false","","","knock knock AI","",""
"a08RB00001Z1G79YAF","005d5000005X5qEAAS","false","京王建設株式会社","2026-06-21T16:02:53.000Z","005d5000005X5qEAAS","2026-07-19T04:40:23.000Z","005d5000005X5qEAAS","2026-07-19T04:40:23.000Z","","","","0.0","","","月","","","","12.0","","","","0.0","","","","","","Prospecting","","10.0","","","0.0","0.0","false","false","","","Rendery","",""
"a08RB00001Z1G7AYAV","005d5000005X5qEAAS","false","個人 の取引","2026-06-21T16:02:53.000Z","005d5000005X5qEAAS","2026-06-21T16:02:53.000Z","005d5000005X5qEAAS","2026-06-21T16:02:53.000Z","","","","0.0","","","月","","","","12.0","","","","0.0","","","","","","Closed Won","2025-07-07","100.0","","","0.0","0.0","true","true","","","","",""
"a08RB00001Z1G7BYAV","005d5000005X5qEAAS","false","公益財団法人・NPO等RIM系団体 の取引","2026-06-21T16:02:53.000Z","005d5000005X5qEAAS","2026-07-19T04:40:23.000Z","005d5000005X5qEAAS","2026-07-19T04:40:23.000Z","","","","5500.0","","","月","","","","12.0","","","","0.0","","","","","","Closed Won","2025-05-23","100.0","","","0.0","0.0","true","true","1.0","Basic","Rendery","",""
"a08RB00001Z1G7CYAV","005d5000005X5qEAAS","false","DEF BAUM の取引","2026-06-21T16:02:53.000Z","005d5000005X5qEAAS","2026-07-19T04:40:23.000Z","005d5000005X5qEAAS","2026-07-19T04:40:23.000Z","","","","5500.0","","","月","","","","12.0","","","","0.0","","","","","","Closed Won","2025-08-12","100.0","","","0.0","0.0","true","true","1.0","Basic","Rendery","",""
"a08RB00001Z1G7DYAV","005d5000005X5qEAAS","false","横松建設株式会社 等 の取引","2026-06-21T16:02:53.000Z","005d5000005X5qEAAS","2026-06-21T16:02:53.000Z","005d5000005X5qEAAS","2026-06-21T16:02:53.000Z","","","","8800.0","","","月","","","","12.0","","","","0.0","","","","","","Closed Won","2025-04-22","100.0","","","0.0","0.0","true","true","","","","",""
"a08RB00001Z1G7EYAV","005d5000005X5qEAAS","false","個人 の取引","2026-06-21T16:02:53.000Z","005d5000005X5qEAAS","2026-06-21T16:02:53.000Z","005d5000005X5qEAAS","2026-06-21T16:02:53.000Z","","","","0.0","","","月","","","","12.0","","","","0.0","","","","","","Closed Won","2025-09-05","100.0","","","0.0","0.0","true","true","","","","",""
"a08RB00001Z1G7FYAV","005d5000005X5qEAAS","false","IB設計 の取引","2026-06-21T16:02:53.000Z","005d5000005X5qEAAS","2026-06-21T16:02:53.000Z","005d5000005X5qEAAS","2026-06-21T16:02:53.000Z","","","","8800.0","","","月","","","","12.0","","","","0.0","","","","","","Closed Won","2025-03-02","100.0","","","0.0","0.0","true","true","","","","",""
"a08RB00001Z1G7GYAV","005d5000005X5qEAAS","false","株式会社ひかり工務店 の取引","2026-06-21T16:02:53.000Z","005d5000005X5qEAAS","2026-07-19T04:40:23.000Z","005d5000005X5qEAAS","2026-07-19T04:40:23.000Z","","","","0.0","","","月","","","","12.0","","","","0.0","","","","","","Closed Won","2025-06-24","100.0","","","0.0","0.0","true","true","","","Rendery","",""
"a08RB00001Z1G7HYAV","005d5000005X5qEAAS","false","個人 の取引","2026-06-21T16:02:53.000Z","005d5000005X5qEAAS","2026-06-21T16:02:53.000Z","005d5000005X5qEAAS","2026-06-21T16:02:53.000Z","","","","8800.0","","","月","","","","12.0","","","","0.0","","","","","","Closed Won","2025-04-04","100.0","","","0.0","0.0","true","true","","","","",""
"a08RB00001Z1G7IYAV","005d5000005X5qEAAS","false","個人 の取引","2026-06-21T16:02:53.000Z","005d5000005X5qEAAS","2026-06-21T16:02:53.000Z","005d5000005X5qEAAS","2026-06-21T16:02:53.000Z","","","","8800.0","","","月","","","","12.0","","","","0.0","","","","","","Closed Won","2025-02-19","100.0","","","0.0","0.0","true","true","","","","",""
"a08RB00001Z1G7JYAV","005d5000005X5qEAAS","false","秋好建築設計事務所 の取引","2026-06-21T16:02:53.000Z","005d5000005X5qEAAS","2026-07-19T04:40:23.000Z","005d5000005X5qEAAS","2026-07-19T04:40:23.000Z","","","","8800.0","","","月","","","","12.0","","","","0.0","","","","","","Closed Won","2025-02-27","100.0","","","0.0","0.0","true","true","1.0","Pro","Rendery","",""
"a08RB00001Z1G7KYAV","005d5000005X5qEAAS","false","IB設計 の取引","2026-06-21T16:02:53.000Z","005d5000005X5qEAAS","2026-06-21T16:02:53.000Z","005d5000005X5qEAAS","2026-06-21T16:02:53.000Z","","","","8800.0","","","月","","","","12.0","","","","0.0","","","","","","Closed Won","2025-03-02","100.0","","","0.0","0.0","true","true","","","","",""
"a08RB00001Z1G7LYAV","005d5000005X5qEAAS","false","個人 の取引","2026-06-21T16:02:53.000Z","005d5000005X5qEAAS","2026-06-21T16:02:53.000Z","005d5000005X5qEAAS","2026-06-21T16:02:53.000Z","","","","0.0","","","月","","","","12.0","","","","0.0","","","","","","Closed Won","2025-09-05","100.0","","","0.0","0.0","true","true","","","","",""
"a08RB00001Z1G7MYAV","005d5000005X5qEAAS","false","有限会社ジャモアソシエイツ の取引","2026-06-21T16:02:53.000Z","005d5000005X5qEAAS","2026-07-19T04:40:23.000Z","005d5000005X5qEAAS","2026-07-19T04:40:23.000Z","","","","8800.0","","","月","","","","12.0","","","","0.0","","","","","","Closed Won","2025-03-31","100.0","","","0.0","0.0","true","true","1.0","Pro","Rendery","",""
"a08RB00001Z1G7NYAV","005d5000005X5qEAAS","false","の取引","2026-06-21T16:02:53.000Z","005d5000005X5qEAAS","2026-06-21T16:02:53.000Z","005d5000005X5qEAAS","2026-06-21T16:02:53.000Z","","","","0.0","","","月","","","","12.0","","","","0.0","","","","","","Closed Won","2025-12-19","100.0","","","0.0","0.0","true","true","","","","",""
"a08RB00001Z1G7OYAV","005d5000005X5qEAAS","false","プロバイダ型ドメイン の取引","2026-06-21T16:02:53.000Z","005d5000005X5qEAAS","2026-07-19T04:40:23.000Z","005d5000005X5qEAAS","2026-07-19T04:40:23.000Z","","","","8800.0","","","月","","","","12.0","","","","0.0","","","","","","Closed Won","2025-09-01","100.0","","","0.0","0.0","true","true","1.0","Pro","Rendery","",""
"a08RB00001Z1G7PYAV","005d5000005X5qEAAS","false","横松建設株式会社 等 の取引","2026-06-21T16:02:53.000Z","005d5000005X5qEAAS","2026-06-21T16:02:53.000Z","005d5000005X5qEAAS","2026-06-21T16:02:53.000Z","","","","8800.0","","","月","","","","12.0","","","","0.0","","","","","","Closed Won","2025-04-22","100.0","","","0.0","0.0","true","true","","","","",""
"a08RB00001Z1G7QYAV","005d5000005X5qEAAS","false","株式会社JTBアセットマネジメント の取引","2026-06-21T16:02:53.000Z","005d5000005X5qEAAS","2026-07-19T04:40:23.000Z","005d5000005X5qEAAS","2026-07-19T04:40:23.000Z","","","","0.0","","","月","","","","12.0","","","","0.0","","","","","","Closed Won","2025-11-11","100.0","","","0.0","0.0","true","true","","","Rendery","",""
"a08RB00001Z1G7RYAV","005d5000005X5qEAAS","false","ゴールドクレスト株式会社 の取引","2026-06-21T16:02:53.000Z","005d5000005X5qEAAS","2026-07-19T04:40:23.000Z","005d5000005X5qEAAS","2026-07-19T04:40:23.000Z","","","","8800.0","","","月","","","","12.0","","","","0.0","","","","","","Closed Won","2025-05-14","100.0","","","0.0","0.0","true","true","1.0","Pro","Rendery","",""
"a08RB00001Z1G7SYAV","005d5000005X5qEAAS","false","株式会社WIZU の取引","2026-06-21T16:02:53.000Z","005d5000005X5qEAAS","2026-07-19T04:40:23.000Z","005d5000005X5qEAAS","2026-07-19T04:40:23.000Z","","","","17600.0","","","月","","","","12.0","","","","0.0","","","","","","Closed Won","2025-09-17","100.0","","","0.0","0.0","true","true","2.0","Pro","Rendery","",""
"a08RB00001Z1G7TYAV","005d5000005X5qEAAS","false","株式会社テンランド の取引","2026-06-21T16:02:53.000Z","005d5000005X5qEAAS","2026-07-19T04:40:23.000Z","005d5000005X5qEAAS","2026-07-19T04:40:23.000Z","","","","8800.0","","","月","","","","12.0","","","","0.0","","","","","","Closed Won","2025-06-23","100.0","","","0.0","0.0","true","true","1.0","Pro","Rendery","",""
"a08RB00001Z1G7UYAV","005d5000005X5qEAAS","false","個人 の取引","2026-06-21T16:02:53.000Z","005d5000005X5qEAAS","2026-06-21T16:02:53.000Z","005d5000005X5qEAAS","2026-06-21T16:02:53.000Z","","","","8800.0","","","月","","","","12.0","","","","0.0","","","","","","Closed Won","2025-07-14","100.0","","","0.0","0.0","true","true","","","","",""
"a08RB00001Z1G7VYAV","005d5000005X5qEAAS","false","株式会社ぷららネットワークス の取引","2026-06-21T16:02:53.000Z","005d5000005X5qEAAS","2026-07-19T04:40:23.000Z","005d5000005X5qEAAS","2026-07-19T04:40:23.000Z","","","","8800.0","","","月","","","","12.0","","","","0.0","","","","","","Closed Won","2025-06-29","100.0","","","0.0","0.0","true","true","1.0","Pro","Rendery","",""
"a08RB00001Z1G7WYAV","005d5000005X5qEAAS","false","個人 の取引","2026-06-21T16:02:53.000Z","005d5000005X5qEAAS","2026-06-21T16:02:53.000Z","005d5000005X5qEAAS","2026-06-21T16:02:53.000Z","","","","8800.0","","","月","","","","12.0","","","","0.0","","","","","","Closed Won","2025-07-09","100.0","","","0.0","0.0","true","true","","","","",""
"a08RB00001Z1G7XYAV","005d5000005X5qEAAS","false","mizuiro architects 一級建築士事務所 の取引","2026-06-21T16:02:53.000Z","005d5000005X5qEAAS","2026-07-19T04:40:23.000Z","005d5000005X5qEAAS","2026-07-19T04:40:23.000Z","","","","0.0","","","月","","","","12.0","","","","0.0","","","","","","Closed Won","2025-07-20","100.0","","","0.0","0.0","true","true","","","Rendery","",""
"a08RB00001Z1G7YYAV","005d5000005X5qEAAS","false","株式会社ライフステージ の取引","2026-06-21T16:02:53.000Z","005d5000005X5qEAAS","2026-07-19T04:40:23.000Z","005d5000005X5qEAAS","2026-07-19T04:40:23.000Z","","","","17600.0","","","月","","","","12.0","","","","0.0","","","","","","Closed Won","2025-07-11","100.0","","","0.0","0.0","true","true","2.0","Pro","Rendery","",""
"a08RB00001Z1G7ZYAV","005d5000005X5qEAAS","false","個人 の取引","2026-06-21T16:02:53.000Z","005d5000005X5qEAAS","2026-06-21T16:02:53.000Z","005d5000005X5qEAAS","2026-06-21T16:02:53.000Z","","","","8800.0","","","月","","","","12.0","","","","0.0","","","","","","Closed Won","2025-07-14","100.0","","","0.0","0.0","true","true","","","","",""
"a08RB00001Z1G7aYAF","005d5000005X5qEAAS","false","個人 の取引","2026-06-21T16:02:53.000Z","005d5000005X5qEAAS","2026-06-21T16:02:53.000Z","005d5000005X5qEAAS","2026-06-21T16:02:53.000Z","","","","8800.0","","","月","","","","12.0","","","","0.0","","","","","","Closed Won","2025-07-15","100.0","","","0.0","0.0","true","true","","","","",""
"a08RB00001Z1G7bYAF","005d5000005X5qEAAS","false","野村不動産ホールディングス株式会社 の取引","2026-06-21T16:02:53.000Z","005d5000005X5qEAAS","2026-07-19T04:40:23.000Z","005d5000005X5qEAAS","2026-07-19T04:40:23.000Z","","","","8800.0","","","月","","","","12.0","","","","0.0","","","","","","Closed Won","2025-07-18","100.0","","","0.0","0.0","true","true","1.0","Pro","Rendery","",""
"a08RB00001Z1G7cYAF","005d5000005X5qEAAS","false","Apple Inc. の取引","2026-06-21T16:02:53.000Z","005d5000005X5qEAAS","2026-07-19T04:40:23.000Z","005d5000005X5qEAAS","2026-07-19T04:40:23.000Z","","","","8800.0","","","月","","","","12.0","","","","0.0","","","","","","Closed Won","2025-11-21","100.0","","","0.0","0.0","true","true","1.0","Pro","Rendery","",""
"a08RB00001Z1G7dYAF","005d5000005X5qEAAS","false","昭和建設株式会社 等 の取引","2026-06-21T16:02:53.000Z","005d5000005X5qEAAS","2026-07-19T04:40:23.000Z","005d5000005X5qEAAS","2026-07-19T04:40:23.000Z","","","","17600.0","","","月","","","","12.0","","","","0.0","","","","","","Closed Won","2025-09-24","100.0","","","0.0","0.0","true","true","2.0","Pro","Rendery","",""
"a08RB00001Z1G7eYAF","005d5000005X5qEAAS","false","個人 の取引","2026-06-21T16:02:53.000Z","005d5000005X5qEAAS","2026-06-21T16:02:53.000Z","005d5000005X5qEAAS","2026-06-21T16:02:53.000Z","","","","0.0","","","月","","","","12.0","","","","0.0","","","","","","Closed Won","2025-09-01","100.0","","","0.0","0.0","true","true","","","","",""
"a08RB00001Z1G7fYAF","005d5000005X5qEAAS","false","株式会社一条工務店 の取引","2026-06-21T16:02:53.000Z","005d5000005X5qEAAS","2026-07-19T04:40:23.000Z","005d5000005X5qEAAS","2026-07-19T04:40:23.000Z","","","","0.0","","","月","","","","12.0","","","","0.0","","","","","","Closed Won","2025-08-29","100.0","","","0.0","0.0","true","true","","","Rendery","",""
"a08RB00001Z1G7gYAF","005d5000005X5qEAAS","false","夢企工 の取引","2026-06-21T16:02:53.000Z","005d5000005X5qEAAS","2026-07-19T04:40:23.000Z","005d5000005X5qEAAS","2026-07-19T04:40:23.000Z","","","","8800.0","","","月","","","","12.0","","","","0.0","","","","","","Closed Won","2025-09-04","100.0","","","0.0","0.0","true","true","1.0","Pro","Rendery","",""
"a08RB00001Z1G7hYAF","005d5000005X5qEAAS","false","個人 の取引","2026-06-21T16:02:53.000Z","005d5000005X5qEAAS","2026-06-21T16:02:53.000Z","005d5000005X5qEAAS","2026-06-21T16:02:53.000Z","","","","8800.0","","","月","","","","12.0","","","","0.0","","","","","","Closed Won","2025-11-13","100.0","","","0.0","0.0","true","true","","","","",""
"a08RB00001Z1G7iYAF","005d5000005X5qEAAS","false","の取引","2026-06-21T16:02:54.000Z","005d5000005X5qEAAS","2026-07-19T04:40:23.000Z","005d5000005X5qEAAS","2026-07-19T04:40:23.000Z","","","","8800.0","","","月","","","","12.0","","","","0.0","","","","","","Closed Won","2025-12-17","100.0","","","0.0","0.0","true","true","1.0","Pro","Rendery","",""
"a08RB00001Z1G7jYAF","005d5000005X5qEAAS","false","㈱ライフステージ の取引","2026-06-21T16:02:54.000Z","005d5000005X5qEAAS","2026-07-19T04:40:23.000Z","005d5000005X5qEAAS","2026-07-19T04:40:23.000Z","","2026-07-28T11:23:40.000Z","2026-07-28T11:23:40.000Z","17600.0","","","月","","","","12.0","","","","0.0","","","","","","Closed Won","2025-07-11","100.0","","","0.0","0.0","true","true","2.0","Pro","Rendery","",""
"a08RB00001Z1G7kYAF","005d5000005X5qEAAS","false","の取引","2026-06-21T16:02:54.000Z","005d5000005X5qEAAS","2026-06-21T16:02:54.000Z","005d5000005X5qEAAS","2026-06-21T16:02:54.000Z","","","","0.0","","","月","","","","12.0","","","","0.0","","","","","","Closed Won","2025-12-19","100.0","","","0.0","0.0","true","true","","","","",""
"a08RB00001Z1G7lYAF","005d5000005X5qEAAS","false","株式会社リアルゲイト","2026-06-21T16:02:54.000Z","005d5000005X5qEAAS","2026-07-19T04:40:23.000Z","005d5000005X5qEAAS","2026-07-19T04:40:23.000Z","","","","1800000.0","","","月","","","2026-05-01","12.0","","2026-05-19","Needs mismatch","150000.0","2026-03-18","","","","","Closed Lost","2026-05-19","","","","1800000.0","0.0","true","false","10.0","Enterprise","Rendery","",""
"a08RB00001Z1G7mYAF","005d5000005X5qEAAS","false","株式会社NTTファシリティーズ の取引","2026-06-21T16:02:54.000Z","005d5000005X5qEAAS","2026-08-10T02:16:33.000Z","005RB00000eezKIYAY","2026-08-10T02:16:33.000Z","","","","1800000.0","","","月","","","2026-06-02","12.0","","","","150000.0","","","","","","Closed Won","2026-05-29","100.0","","2026-06-01","1800000.0","1800000.0","true","true","10.0","Enterprise","Rendery","S2","2026/06"
"a08RB00001Z1G7nYAF","005RB00000grTzlYAE","false","フロアマイスター株式会社 の取引","2026-06-21T16:02:54.000Z","005d5000005X5qEAAS","2026-07-30T04:29:21.000Z","005RB00000grTzlYAE","2026-07-30T04:29:21.000Z","","","","105600.0","","","月","","","","12.0","","","","8800.0","2026-02-25","","","","","Closed Lost","","20.0","","2026-06-01","105600.0","21120.0","true","false","1.0","Pro","Rendery","","2026/06"
"a08RB00001Z1G7oYAF","005d5000005X5qEAAS","false","大和ハウス工業 株式会社","2026-06-21T16:02:54.000Z","005d5000005X5qEAAS","2026-07-19T04:40:23.000Z","005d5000005X5qEAAS","2026-07-19T04:40:23.000Z","","","","900000.0","","","月","","","","12.0","","2026-05-25","Needs mismatch","75000.0","","","","","","Closed Lost","2026-05-25","","","","900000.0","0.0","true","false","5.0","Enterprise","Rendery","",""
"a08RB00001Z1G7pYAF","005d5000005X5qEAAS","false","株式会社グッドライフ の取引","2026-06-21T16:02:54.000Z","005d5000005X5qEAAS","2026-07-29T06:21:00.000Z","005RB00000YoJyLYAV","2026-07-29T06:21:00.000Z","","","","","001RB00001VTrYmYAL","003RB00001UardWYAR","月","1. 確定事項
・初回レクチャー：07/27（月）15:00〜16:00／先方オフィス（対面）
・使用者登録フォームは別途送付済み（トライアル参加メンバー確定待ち）
・プラン方針：Enterprise 推奨（組織導入のため。Proは個人・小規模向けと整理済み）
2. 案件サマリ
・会社：株式会社グッドライフ（オフィス内装・移転の提案／設計）
・主担当：平田様（設計）。CC：前納様（営業企画・前担当）、三島様
・組織規模：設計 約8名（少数精鋭）。営業の人数が比較的多い
・導入の号令元：経営層（平田様の上長＋さらに上）から「全社でAIを使う」方針。「みんなが使える状態」を求めている（＝個人商店化を嫌う）
・検討フェーズ：3社比較・トライアルフェーズ。Rendery は各社の最後に試用予定
・競合：アーキエックス、マイレンダラー、Rendery の3社
・予算：下期スタートの見込み（予算都合）。社内発表会・営業への説明も必要
・図面環境：AutoCAD（DWG）。※直接連携は現状なし、書き出し取り込み運用を案内済み
・情報環境：Google Workspace
3. 顧客の業務フローと課題（レクチャー設計の前提）
現状フロー：
・ヒアリング・要件整理の段階から設計が参加 → 平面レイアウト／ゾーニング → 図面に手書きでパース指示 → ベトナムに外注（日本語堪能なカウンターパートあり、メールでやり取り）
・パース納期：初稿アングル確認 1〜2日 → テスト 3日 → 確認 4〜5日 → チェックバック2〜3回 → 約1週間で完成（他社比では速いと自負）
・案件比率：デザイン案件 : レイアウト変更のみ ≒ 4 : 6
・モデリングは現状ほぼ使っていない（過去にライトウェイブ等）
課題（＝レクチャーで解消を見せたい痛点）：
・初回提案（ファーストプレゼン）で苦労している。イメージ出し → 修正 → 資料再作成のループに時間がかかる
・チェックバック資料の作成そのものに工数がかかっている
・自分（設計/営業）側で直せる部分を内製化できると効果が大きい、という期待
4. トライアル／レクチャー要件（CSへの依頼）
4-1. Renderyトライアルの型（維持したい方針）
・「とりあえず使ってください」ではなく、「2週間でここまで行く」ゴールを先に握る
・初回レクチャー1時間 → 期間中は業務内で自由に使用 → 中盤にQ&A会（使えていない箇所・詰まりを一緒に解消）
・フロンティアコンサル事例と同様、御社仕様にカスタマイズしたテンプレートボードを用意した状態でレクチャーに臨む
4-2. レクチャーで用意・カスタマイズしてほしいもの

グッドライフ仕様のテンプレートボード（デザインマトリックス／よく使うプロンプトのワンクリック呼び出し）。オフィス内装の提案シーンに寄せる。フロンティア事例のマニュアル構成が参考
設計ユースケース：ベトナム外注前の社内パース高速化、チェックバック内製化、部分修正（ペンツール囲み）、マテリアルシミュレーション
営業ユースケース：現況写真ベースにホワイトボードで顧客とリアルタイムにレイアウト検討（A案／B案比較）
既存のテクスチャ／施工写真データのライブラリ一括取り込みの案内

4-3. トライアル対象者・想定人数
・当初 前納様との会話では約20名想定だったが、営業がどう使うかは未確定
・設計内でも「デザインをやる人／図面だけの人」で温度差あり。トライアルは5名規模の可能性も
・Enterprise 前提（15万円/月〜、10アカウントミニマム、20名登録・同時10名）。営業が使えないと枠が余る構造なので、参加者選定時に要注意
4-4. 【要フォロー】未確定・オープン事項
・平田様への宿題：営業のユースケース整理（設計側は整理済み。営業側の使いどころを先方が持ち帰り中）→ 参加メンバー確定・レクチャー内容の営業パート設計に直結するため、07/27前に回収したい
・トライアル正式開始日（下期／予算次第。最短7月上旬という話も出たが、比較順序でRenderyが最後のため後ろ倒しの可能性）
5. 補足メモ
・先方は「体験版だけでは使いこなせないのでは」という懸念を持っている。サポート・レクチャー付きで確実に立ち上がるという点がRendery選定の決め手になり得る（＝レクチャーの完成度が受注に直結）
・社内発表会・営業向け勉強会（「設計とAIの未来」的なライトな会も可）のニーズあり。CSからの提案余地あり","","2026-09-30","12.0","初回打合せ完了","","","75000.0","2026-03-06","","","トライアル中","HP","ValueProposition","","50.0","","2026-10-01","900000.0","450000.0","false","false","5.0","Enterprise","Rendery","","2026/10"
"a08RB00001Z1G7qYAF","005d5000005X5qEAAS","false","株式会社ReGo","2026-06-21T16:02:54.000Z","005d5000005X5qEAAS","2026-07-19T04:40:23.000Z","005d5000005X5qEAAS","2026-07-19T04:40:23.000Z","","","","145200.0","","","月","","","","12.0","","","","12100.0","","","","","","Closed Won","2026-01-31","100.0","","","145200.0","145200.0","true","true","1.0","Basic","knock knock AI","",""
"a08RB00001Z1G7rYAF","005d5000005X5qEAAS","false","東京ガスリノベーション株式会社","2026-06-21T16:02:54.000Z","005d5000005X5qEAAS","2026-07-19T04:40:23.000Z","005d5000005X5qEAAS","2026-07-19T04:40:23.000Z","","","","145200.0","","","月","","","","12.0","","","","12100.0","","","","","","Prospecting","","10.0","","","145200.0","14520.0","false","false","1.0","Basic","knock knock AI","",""
"a08RB00001Z1G7sYAF","005RB00000grTzlYAE","false","笹木産業株式会社","2026-06-21T16:02:54.000Z","005d5000005X5qEAAS","2026-07-30T04:29:21.000Z","005RB00000grTzlYAE","2026-07-30T04:29:21.000Z","","","","0.0","","","月","","","","12.0","","","","8800.0","","","","","","Closed Lost","","20.0","","2026-04-01","105600.0","21120.0","true","false","1.0","Pro","Rendery","","2026/04"
"a08RB00001Z1G7tYAF","005d5000005X5qEAAS","false","ヒューリックプロパティソリューション株式会社","2026-06-21T16:02:54.000Z","005d5000005X5qEAAS","2026-07-22T03:59:31.000Z","005RB00000YoJyLYAV","2026-07-22T03:59:31.000Z","","","","2450000.0","","","月","","","2026-05-14","12.0","","2026-06-15","Budget shortage - running cost","175000.0","","","","","","Closed Lost","","50.0","","","2100000.0","1050000.0","true","false","7.0","Enterprise","Rendery","",""
"a08RB00001Z1G7uYAF","005d5000005X5qEAAS","false","株式会社田中建設 の取引","2026-06-21T16:02:54.000Z","005d5000005X5qEAAS","2026-07-19T04:40:23.000Z","005d5000005X5qEAAS","2026-07-19T04:40:23.000Z","","","","0.0","","","月","","","","12.0","","","","0.0","","","","","","Qualification","","20.0","","","0.0","0.0","false","false","","","Rendery","",""
"a08RB00001Z1G7vYAF","005RB00000grTzlYAE","false","京阪電鉄不動産株式会社","2026-06-21T16:02:54.000Z","005d5000005X5qEAAS","2026-07-30T04:29:21.000Z","005RB00000grTzlYAE","2026-07-30T04:29:21.000Z","","","","105600.0","","","月","","","","12.0","","","","8800.0","2026-02-25","","","","","Qualification","","20.0","","2026-03-01","105600.0","21120.0","false","false","1.0","Pro","Rendery","","2026/03"
"a08RB00001Z1G7wYAF","005d5000005X5qEAAS","false","株式会社久保建築設計 の取引","2026-06-21T16:02:54.000Z","005d5000005X5qEAAS","2026-07-19T04:40:23.000Z","005d5000005X5qEAAS","2026-07-19T04:40:23.000Z","","","","900000.0","","","月","","","","12.0","","","","75000.0","","","","","","Qualification","","20.0","","","900000.0","180000.0","false","false","5.0","Enterprise","Rendery","",""
"a08RB00001Z1G7xYAF","005RB00000grTzlYAE","false","北斗工業エンヂニアリング　株式会社 の取引","2026-06-21T16:02:54.000Z","005d5000005X5qEAAS","2026-07-30T04:29:21.000Z","005RB00000grTzlYAE","2026-07-30T04:29:21.000Z","","","","0.0","","","月","","","","12.0","","","","8800.0","","","","","","Closed Lost","","20.0","","2026-04-01","105600.0","21120.0","true","false","1.0","Pro","Rendery","","2026/04"
"a08RB00001Z1G7yYAF","005d5000005X5qEAAS","false","東宝ハウス調布","2026-06-21T16:02:54.000Z","005d5000005X5qEAAS","2026-07-19T04:40:23.000Z","005d5000005X5qEAAS","2026-07-19T04:40:23.000Z","","","","726000.0","","","月","","","","12.0","","","","60500.0","","","","","","Closed Won","2026-02-02","100.0","","","726000.0","726000.0","true","true","1.0","Pro","knock knock AI","",""
"a08RB00001Z1G7zYAF","005d5000005X5qEAAS","false","株式会社 未来建築工房 の取引","2026-06-21T16:02:54.000Z","005d5000005X5qEAAS","2026-07-19T04:40:23.000Z","005d5000005X5qEAAS","2026-07-19T04:40:23.000Z","","","","0.0","","","月","","","","12.0","","","","0.0","","","","","","Qualification","","20.0","","","0.0","0.0","false","false","","","Rendery","",""
"a08RB00001Z1G80YAF","005d5000005X5qEAAS","false","ジーク株式会社","2026-06-21T16:02:54.000Z","005d5000005X5qEAAS","2026-08-10T02:16:23.000Z","005RB00000eezKIYAY","2026-08-10T02:16:23.000Z","","","","900000.0","","","月","","","","12.0","","","","75000.0","","","","","","Closed Won","2026-01-26","100.0","","2026-04-01","900000.0","900000.0","true","true","5.0","Enterprise","Rendery","S3","2026/04"
"a08RB00001Z1G81YAF","005d5000005X5qEAAS","false","株式会社さくら総合地所","2026-06-21T16:02:54.000Z","005d5000005X5qEAAS","2026-07-19T04:40:23.000Z","005d5000005X5qEAAS","2026-07-19T04:40:23.000Z","","","","0.0","","","月","","","","12.0","","","","0.0","2026-04-23","","","","","Prospecting","","10.0","","","0.0","0.0","false","false","","","knock knock AI","",""
"a08RB00001Z1G82YAF","005d5000005X5qEAAS","false","株式会社田中建設","2026-06-21T16:02:54.000Z","005d5000005X5qEAAS","2026-07-19T04:40:23.000Z","005d5000005X5qEAAS","2026-07-19T04:40:23.000Z","","","","0.0","","","月","","","","12.0","","","","0.0","","","","","","Prospecting","","10.0","","","0.0","0.0","false","false","","","Rendery","",""
"a08RB00001Z1G83YAF","005d5000005X5qEAAS","false","亀飼遼太 様","2026-06-21T16:02:54.000Z","005d5000005X5qEAAS","2026-07-19T04:40:23.000Z","005d5000005X5qEAAS","2026-07-19T04:40:23.000Z","","","","0.0","","","月","","","","12.0","","","","0.0","","","","","","Closed Lost","","","","","0.0","0.0","true","false","","","Rendery","",""
"a08RB00001Z1G84YAF","005d5000005X5qEAAS","false","(株)ビ・ハウス","2026-06-21T16:02:54.000Z","005d5000005X5qEAAS","2026-07-19T04:40:23.000Z","005d5000005X5qEAAS","2026-07-19T04:40:23.000Z","","","","0.0","","","月","","","","12.0","","","","0.0","","","","","","Closed Lost","","","","","0.0","0.0","true","false","","","Rendery","",""
"a08RB00001Z1G85YAF","005d5000005X5qEAAS","false","Act Amuse Japan 株式会社","2026-06-21T16:02:54.000Z","005d5000005X5qEAAS","2026-07-19T04:40:23.000Z","005d5000005X5qEAAS","2026-07-28T01:56:03.000Z","","2026-07-28T01:55:55.000Z","2026-07-28T01:55:55.000Z","0.0","","","月","","","","12.0","","","","0.0","2026-06-01","","","","","Prospecting","","10.0","","","0.0","0.0","false","false","","","knock knock AI","",""
"a08RB00001Z1G86YAF","005RB00000grTzlYAE","false","realize の取引","2026-06-21T16:02:54.000Z","005d5000005X5qEAAS","2026-07-30T04:29:21.000Z","005RB00000grTzlYAE","2026-07-30T04:29:21.000Z","","","","0.0","","","月","","","","12.0","","","","8800.0","","","","","","Qualification","","20.0","","2026-09-01","105600.0","21120.0","false","false","1.0","Pro","Rendery","","2026/09"
"a08RB00001Z1G87YAF","005d5000005X5qEAAS","false","Phantom株式会社","2026-06-21T16:02:54.000Z","005d5000005X5qEAAS","2026-07-19T04:40:23.000Z","005d5000005X5qEAAS","2026-07-19T04:40:23.000Z","","","","211200.0","","","月","","","","12.0","","","","17600.0","","","","","","Closed Won","2026-01-29","100.0","","","211200.0","211200.0","true","true","2.0","Pro","Rendery","",""
"a08RB00001Z1G88YAF","005d5000005X5qEAAS","false","梅林建設株式会社 の取引","2026-06-21T16:02:54.000Z","005d5000005X5qEAAS","2026-07-28T01:24:06.000Z","005d5000005X5qEAAS","2026-07-28T01:24:06.000Z","","","","900000.0","","","月","","","2026-05-31","12.0","","","","75000.0","","","","","","Closed Won","2026-05-20","100.0","","","900000.0","900000.0","true","true","5.0","Enterprise","Rendery","S1",""
"a08RB00001Z1G89YAF","005d5000005X5qEAAS","false","株式会社小林創建","2026-06-21T16:02:54.000Z","005d5000005X5qEAAS","2026-07-19T04:40:23.000Z","005d5000005X5qEAAS","2026-07-19T04:40:23.000Z","","","","105600.0","","","月","","","","12.0","","","","8800.0","","","","","","Prospecting","","10.0","","","105600.0","10560.0","false","false","1.0","Pro","Rendery","",""
"a08RB00001Z1G8AYAV","005d5000005X5qEAAS","false","東建コーポレーション株式会社","2026-06-21T16:02:54.000Z","005d5000005X5qEAAS","2026-07-28T11:55:20.000Z","005RB00000YoJyLYAV","2026-07-28T11:55:20.000Z","","","","211200.0","","","月","","","","12.0","","","","17600.0","","","","","","Prospecting","","10.0","2026-07-20","2026-10-01","211200.0","21120.0","false","false","2.0","Pro","Rendery","","2026/10"
"a08RB00001Z1G8BYAV","005d5000005X5qEAAS","false","錢高組","2026-06-21T16:02:54.000Z","005d5000005X5qEAAS","2026-06-21T16:02:54.000Z","005d5000005X5qEAAS","2026-06-21T16:02:54.000Z","","","","316800.0","","","月","","","2026-02-06","12.0","","","","26400.0","","","","","","Closed Won","2026-02-04","100.0","","","316800.0","316800.0","true","true","","","","",""
"a08RB00001Z1G8CYAV","005d5000005X5qEAAS","false","トヨタコニックプロ株式会社 の取引","2026-06-21T16:02:54.000Z","005d5000005X5qEAAS","2026-08-03T03:16:05.000Z","005RB00000YoJyLYAV","2026-08-03T03:16:05.000Z","","","","","001RB00001VTrkUYAT","003RB00001NsNCfYAN","月","# トヨタ・コニック・プロ株式会社｜Rendery 導入 CS引き継ぎ資料

作成日：2026年8月3日／作成：営業（妹尾）
対象：初回レクチャー（今週末実施予定）に向けたCSへの商談経緯・ユースケース共有

---

## 1. 顧客概要

| 項目 | 内容 |
|---|---|
| 会社名 | トヨタ・コニック・プロ株式会社（TOYOTA CONIQ Pro, Inc） |
| 概要 | トヨタ自動車と電通グループが出資するマーケティング会社。広告会社と事業会社が融合したユニークな企業体で、2021年1月設立。トヨタのブランディング／マーケティングと、モビリティ領域の新規事業開発を担う。従業員規模は約600名。 |
| 契約ご担当 | 小野 剛之（Takayuki Ono）様 |
| ご所属 | リテール事業本部・リテールマーケティング部・第1リテールプランニングユニット |
| 連絡先 | takayuki_ono@toyotaconiq.co.jp / Mobile 080-6551-1402 |
| 所在地 | 〒101-8343 東京都千代田区神田淡路町2-101 ワテラスタワー10F（TEL 03-6757-8200） |

**担当者の人物像・進め方**
小野様は終始丁寧かつ論理的で、社内（情報システム部門・稟議部署）との調整を一つずつ着実に進めるタイプ。質問は具体的で、回答内容を必ず社内展開して確認を取る。**情報システム部門のセキュリティ要件が非常に厳格**な会社で、今回もそこが導入の最大の論点だった（SSO必須化・SOC2/ISO27001等の第三者認証確認・詳細なセキュリティチェックシート運用）。CS対応でも、セキュリティ・データ取扱いに関わる話題は正確性を最優先に。

---

## 2. 受注内容（確定事項）

- **プラン：Rendery Enterprise 5アカウント（シングルサインオン付帯）**
  - 見積番号：Q-0000000492
- **契約期間・支払い：初月一括払い＝実質8か月契約**
  - 社内的には「まずは来年3月までのトライアル」として予算化。好評なら**4月以降の継続利用を想定**（継続に向けて環境を作っていきたい、との意向あり）。
  - 請求は初月一括（8か月分）。月末締め・翌月末払い。
- **アカウント仕様**
  - 登録ユーザー10名／同時接続5名。6人目がログインすると、最終ログイン日が最も古いユーザーが自動サインアウトされる（データは随時保存され、自動ログアウト時も保持）。
  - ※Enterpriseは通常10アカウント〜だが、当初Pro5アカウント検討からの経緯を踏まえ、**特例的にミニマム5アカウント**で契約。
- **サポート：Enterprise標準の初回レクチャー（1時間）＋月次専任サポート付き。**
- **セキュリティ：SSO（セキュリティオプション）で導入。**
  - 情シスは当初「セキュリティオプション＋」を推奨したが、コスト面から今回はSSOのみで導入決着（オプション＋は非加入）。
  - データのAI学習利用は、**全プラン共通で運用上オプトアウト対応済み**。契約上の正式担保（覚書締結）はオプション＋加入時のみで、今回はそこまでは行っていない。この点は小野様も理解済み。

---

## 3. 商談経緯（時系列サマリー）

| 時期 | 出来事 |
|---|---|
| 2026/2/10 | **初回デモ**（弊社・古川＋妹尾）。小野様がWeb検索経由で問い合わせ。サービス概要説明＋デモ実施。 |
| 2/17 | 情シス説明用にサービス概要資料を送付（当初送付が遅れたお詫び含む）。 |
| 3/11 | セキュリティ要件書の記入依頼。レクチャーの有償対応可否を相談。当初5名予定→セミナー費を加味し初年度は4名スタートで検討との意向。 |
| 3/12–13 | Pro 4/5アカウントの見積・利用開始フロー・料金計算（月起算、日割りなし）を案内。 |
| 3/17 | 要件書への回答を提出→情シス確認へ。 |
| 3/31–4/27 | 来期経費予算の**社内稟議待ち**。稟議が想定以上に長期化。 |
| 5/14 | 情シス事前会議で導入確度が上昇。一方で**「クラウド導入にはSSO必須」**と指摘→Enterpriseへ方針変更、再見積依頼（①SSO付帯 ②オプション＋付帯）。 |
| 5/18 | Enterprise 5アカウントの2案見積を提示（特例5名設定・解約条件も案内）。 |
| 6/5–6/30 | 予算組が一度不成立となり、**再度予算獲得の調整**に。回答保留が続く。 |
| 7/2–7/9 | 情シスはオプション＋推奨だが、コスト面からSSO（#1）で導入できるか判断するため、データ取扱い・保管リージョン・削除・ログ・インシデント体制・第三者認証など**7項目のQ&A**に対応。オプトアウトは運用上無償対応、契約担保はオプション＋のみと回答。 |
| 7/29 | **社内稟議が完了し受注確定。** SSO前提の添付見積で導入。来年3月までのトライアルとして予算化。CS（玉木）をCCに追加。 |
| 7/29–8/3 | 発注書（8か月版）・口座登録・適格請求書番号等の事務手続き。**8/3に発注書を受領。** |

> 補足：問い合わせ（2月）から受注（7月末）まで約5.5か月。長期化した主因は**先方の社内予算稟議と情シスのセキュリティ（SSO必須化）要件**であり、サービス評価自体は一貫して好意的だった。

---

## 4. ユースケース（用途）

**背景・課題**
- 建物の設計・パース作成は基本的に**社内では行わず、外部のデザイナー／設計事務所に委託**。1案あたり1〜2週間かかり、検討段階でも手間と時間がかかっていた。
- 「検討段階なら、もっと手軽に・バリエーションを多く・早く出したい」というのが導入の動機。

**主な想定用途**
1. **顧客との初期段階のイメージ擦り合わせ（最重要）**
   - プロでない顧客の大雑把な要望をその場でビジュアル化し、認識齟齬・後工程での手戻りを削減。
2. **提案・検討の中間工程の効率化**
   - 複数デザインを短時間で作成し、スピーディに一貫性を保って提案。
3. **元素材からの生成**
   - 白モデル／手書きスケッチ／立面図／既存の部屋写真などを起点に、参照画像設定・マスク編集での部分変更・マテリアル（床材・壁紙等）差し替えを活用。

**期待値調整（デモ時に合意済みのポイント）**
- **3Dモデリング（寸法指定での立体の立ち上げ）は不可。** 簡易な線画スケッチを白模型風に変換することは可能だが、他モデリングツールで作った箱をスクショで取り込む運用が前提。
- **スケール感は正確ではない**ため、最終確定・検定用ではなく**初期〜中間検討フェーズ向け**。この点は小野様も理解済み。
- 日本語プロンプトでOK（建築専門用語も一定対応）。取り込みは**JPEG／PNG／WebP**。
- クラウド（ブラウザ）サービスのため、インストール不要。ネット環境・回線速度に動作は影響。

---

## 5. 初回レクチャー・CS対応の要点

- **今週末：初回レクチャー（1時間）。** 用途が「初期提案のイメージ擦り合わせ」中心である点を踏まえ、**プロンプト生成 → 参照画像設定 → マスク編集 → マテリアル挿入**の流れを軸に。3Dモデリング不可・スケール非正確という期待値は共有済みなので、初期〜中間検討での実務活用にフォーカス。
- **5アカウント分の登録メールアドレスを回収 → ユーザー登録 → SSO設定。**
- **請求まわり：** 初月一括（8か月分）、月末締め翌月末払い。適格請求書番号・振込先は経理（中山Mio）と連携。
- **継続の芽：** 来年3月までがトライアル位置づけ。4月以降の継続を先方も意識しているため、**トライアル期間中の定着・活用実績づくりが継続受注のカギ**。CS側でも活用状況を丁寧にフォローしたい。","","2026-05-01","12.0","","","","105000.0","","","","","","Closed Won","","100.0","","2026-08-01","1260000.0","1260000.0","true","true","5.0","Enterprise","Rendery","S1","2026/08"
"a08RB00001Z1G8DYAV","005d5000005X5qEAAS","false","株式会社おきなわアセットブリッジ","2026-06-21T16:02:54.000Z","005d5000005X5qEAAS","2026-07-19T04:40:24.000Z","005d5000005X5qEAAS","2026-07-19T04:40:24.000Z","","","","145200.0","","","月","","","","12.0","","","","12100.0","","","","","","Prospecting","","10.0","","","145200.0","14520.0","false","false","1.0","Basic","knock knock AI","",""
"a08RB00001Z1G8EYAV","005d5000005X5qEAAS","false","相鉄不動産株式会社","2026-06-21T16:02:54.000Z","005d5000005X5qEAAS","2026-07-22T12:10:51.000Z","005RB00000YoJyLYAV","2026-07-22T12:10:51.000Z","","","","1800000.0","","","月","","","2026-05-27","12.0","","2026-07-22","Key person unreachable","150000.0","2026-03-17","","","","","Closed Lost","","50.0","","","1800000.0","900000.0","true","false","10.0","Enterprise","Rendery","",""
"a08RB00001Z1G8FYAV","005d5000005X5qEAAS","false","株式会社E・M・LUMBER","2026-06-21T16:02:54.000Z","005d5000005X5qEAAS","2026-07-19T04:40:24.000Z","005d5000005X5qEAAS","2026-07-19T04:40:24.000Z","","","","105600.0","","","月","","","","12.0","","","","8800.0","","","","","","Closed Won","2026-02-09","100.0","","","105600.0","105600.0","true","true","1.0","Pro","Rendery","",""
"a08RB00001Z1G8GYAV","005d5000005X5qEAAS","false","株式会社小河原建設 の取引","2026-06-21T16:02:54.000Z","005d5000005X5qEAAS","2026-07-19T04:40:24.000Z","005d5000005X5qEAAS","2026-07-19T04:40:24.000Z","","","","105600.0","","","月","","","2026-04-30","12.0","","","","8800.0","","","","","","Closed Lost","","","","","105600.0","0.0","true","false","1.0","Pro","Rendery","",""
"a08RB00001Z1G8HYAV","005d5000005X5qEAAS","false","ストレッチテント・カンパニー","2026-06-21T16:02:54.000Z","005d5000005X5qEAAS","2026-07-19T04:40:24.000Z","005d5000005X5qEAAS","2026-07-19T04:40:24.000Z","","","","105600.0","","","月","","","2026-02-06","12.0","","","","8800.0","","","","","","Closed Won","2026-02-09","100.0","","","105600.0","105600.0","true","true","1.0","Pro","Rendery","",""
"a08RB00001Z1G8JYAV","005d5000005X5qEAAS","true","三井不動産レジデンシャルリース株式会社(ソリ推)のCS","2026-06-21T16:02:54.000Z","005d5000005X5qEAAS","2026-08-10T02:55:29.000Z","005RB00000eezKIYAY","2026-08-10T02:55:29.000Z","","","","1584000.0","","","月","","","","12.0","","","","132000.0","","","","","","Closed Won","","100.0","","","1584000.0","1584000.0","true","true","12.0","Enterprise","Rendery","S1",""
"a08RB00001Z1G8KYAV","005d5000005X5qEAAS","false","錢高組","2026-06-21T16:02:54.000Z","005d5000005X5qEAAS","2026-06-21T16:02:54.000Z","005d5000005X5qEAAS","2026-06-21T16:02:54.000Z","","","","316800.0","","","月","","","2026-02-06","12.0","","","","26400.0","","","","","","ValueProposition","","50.0","","","316800.0","158400.0","false","false","","","","",""
"a08RB00001Z1G8LYAV","005d5000005X5qEAAS","true","日鉄興和不動産株式会社（S)","2026-06-21T16:02:54.000Z","005d5000005X5qEAAS","2026-08-10T02:53:47.000Z","005RB00000eezKIYAY","2026-08-10T02:53:47.000Z","","","","2340000.0","","","月","","","2026-03-31","12.0","","","","195000.0","","","","","","Closed Won","","100.0","","","2340000.0","2340000.0","true","true","13.0","Enterprise","Rendery","S1",""
"a08RB00001Z1G8MYAV","005d5000005X5qEAAS","false","株式会社B-PROJECT の取引 (B)","2026-06-21T16:02:54.000Z","005d5000005X5qEAAS","2026-07-19T04:40:24.000Z","005d5000005X5qEAAS","2026-07-19T04:40:24.000Z","","","","792000.0","","","月","","","","12.0","","2026-04-22","No response or other reason","66000.0","","","","","","Closed Lost","2026-04-22","","","","792000.0","0.0","true","false","6.0","Enterprise","Rendery","",""
"a08RB00001Z1G8NYAV","005d5000005X5qEAAS","false","株式会社アールシーコア","2026-06-21T16:02:54.000Z","005d5000005X5qEAAS","2026-07-19T04:40:24.000Z","005d5000005X5qEAAS","2026-07-19T04:40:24.000Z","","","","0.0","","","月","","","","12.0","","","","0.0","","","","","","Prospecting","","10.0","","","0.0","0.0","false","false","","","Rendery","",""
"a08RB00001Z1G8OYAV","005d5000005X5qEAAS","true","株式会社フジタ(A)","2026-06-21T16:02:54.000Z","005d5000005X5qEAAS","2026-08-10T02:16:05.000Z","005RB00000eezKIYAY","2026-08-10T02:16:05.000Z","","","","900000.0","","","月","","","","12.0","","","","75000.0","","","","","","Closed Won","","100.0","","","900000.0","900000.0","true","true","5.0","Enterprise","Rendery","S1",""
"a08RB00001Z1G8PYAV","005d5000005X5qEAAS","true","株式会社石勝エクステリア の取引 (A)","2026-06-21T16:02:54.000Z","005d5000005X5qEAAS","2026-08-10T02:54:35.000Z","005RB00000eezKIYAY","2026-08-10T02:54:35.000Z","","","","1780000.0","","","月","","","","12.0","","","","140000.0","","","","","","Closed Won","","100.0","","","1680000.0","1680000.0","true","true","12.0","Enterprise","Rendery","S1",""
"a08RB00001Z1G8RYAV","005d5000005X5qEAAS","false","iFIND株式会社 (アイリスグループ)","2026-06-21T16:02:54.000Z","005d5000005X5qEAAS","2026-07-19T04:40:24.000Z","005d5000005X5qEAAS","2026-07-19T04:40:24.000Z","","","","1584000.0","","","月","","","","12.0","","2026-04-21","No response or other reason","132000.0","","","","","","Closed Lost","2026-04-21","","","","1584000.0","0.0","true","false","12.0","Enterprise","Rendery","",""
"a08RB00001Z1G8SYAV","005d5000005X5qEAAS","false","東急リゾーツ&ステイ株式会社","2026-06-21T16:02:54.000Z","005d5000005X5qEAAS","2026-07-28T01:24:06.000Z","005d5000005X5qEAAS","2026-07-28T01:24:06.000Z","","","","1188000.0","","","月","","","","12.0","","","","99000.0","","","","","","Closed Won","2024-11-12","100.0","","","1188000.0","1188000.0","true","true","9.0","Enterprise","Rendery","S1",""
"a08RB00001Z1G8TYAV","005d5000005X5qEAAS","true","東急リゾーツ&ステイ株式会社 (S)","2026-06-21T16:02:54.000Z","005d5000005X5qEAAS","2026-08-10T02:54:08.000Z","005RB00000eezKIYAY","2026-08-10T02:54:08.000Z","","","","1188000.0","","","月","","","","12.0","","","","99000.0","","","","","","Closed Won","","100.0","","","1188000.0","1188000.0","true","true","9.0","Enterprise","Rendery","S1",""
"a08RB00001Z1G8UYAV","005d5000005X5qEAAS","false","大東建託株式会社 流通設計部 (コピー)","2026-06-21T16:02:54.000Z","005d5000005X5qEAAS","2026-07-28T01:24:06.000Z","005d5000005X5qEAAS","2026-07-28T01:24:06.000Z","","","","180000.0","","","月","","","2026-04-01","12.0","","","","15000.0","","","","","","Closed Won","2026-02-13","100.0","","","180000.0","180000.0","true","true","1.0","Enterprise","Rendery","S1",""
"a08RB00001Z1G8VYAV","005d5000005X5qEAAS","false","サンフロンティア不動産株式会社(アップセル)","2026-06-21T16:02:54.000Z","005d5000005X5qEAAS","2026-07-22T12:31:58.000Z","005RB00000YoJyLYAV","2026-07-22T12:31:58.000Z","","","","900000.0","001RB00001VTqlYYAT","003RB00001NsQHiYAN","月","","","2026-09-01","12.0","初回打合せ完了","","","75000.0","","","","導入意向","Referral","ValueProposition","","50.0","","2026-09-01","900000.0","450000.0","false","false","5.0","Enterprise","Rendery","","2026/09"
"a08RB00001Z1G8WYAV","005d5000005X5qEAAS","false","大和財託株式会社(A)","2026-06-21T16:02:54.000Z","005d5000005X5qEAAS","2026-07-28T01:24:06.000Z","005d5000005X5qEAAS","2026-07-28T01:24:06.000Z","","","","1800000.0","","","月","","","","12.0","","","","150000.0","","","","","","Closed Won","","100.0","","","1800000.0","1800000.0","true","true","10.0","Enterprise","Rendery","S1",""
"a08RB00001Z1G8XYAV","005d5000005X5qEAAS","false","株式会社ルミネ","2026-06-21T16:02:54.000Z","005d5000005X5qEAAS","2026-07-19T04:40:24.000Z","005d5000005X5qEAAS","2026-07-19T04:40:24.000Z","","","","105600.0","","","月","","","2026-04-15","12.0","","","","8800.0","2026-02-15","","","","","Closed Won","2026-04-13","100.0","","","105600.0","105600.0","true","true","1.0","Pro","Rendery","",""
"a08RB00001Z1G8YYAV","005d5000005X5qEAAS","false","株式会社夢のおてつだい","2026-06-21T16:02:54.000Z","005d5000005X5qEAAS","2026-07-19T04:40:24.000Z","005d5000005X5qEAAS","2026-07-19T04:40:24.000Z","","","","660000.0","","","月","","","","12.0","","","","55000.0","","","","","","Closed Won","2026-02-19","100.0","","","660000.0","660000.0","true","true","1.0","Pro","knock knock AI","",""
"a08RB00001Z1G8ZYAV","005d5000005X5qEAAS","false","株式会社久家設計事務所","2026-06-21T16:02:54.000Z","005d5000005X5qEAAS","2026-07-19T04:40:24.000Z","005d5000005X5qEAAS","2026-07-19T04:40:24.000Z","","","","105600.0","","","月","","","","12.0","","","","8800.0","","","","","","Closed Won","2026-03-10","100.0","","","105600.0","105600.0","true","true","1.0","Pro","Rendery","",""
"a08RB00001Z1G8aYAF","005d5000005X5qEAAS","false","株式会社アースウィンド","2026-06-21T16:02:54.000Z","005d5000005X5qEAAS","2026-07-19T04:40:24.000Z","005d5000005X5qEAAS","2026-07-19T04:40:24.000Z","","","","105600.0","","","月","","","2026-03-13","12.0","","","","8800.0","","","","","","ValueProposition","","50.0","","","105600.0","52800.0","false","false","1.0","Pro","Rendery","",""
"a08RB00001Z1G8bYAF","005d5000005X5qEAAS","false","福岡地所株式会社","2026-06-21T16:02:54.000Z","005d5000005X5qEAAS","2026-07-19T04:40:24.000Z","005d5000005X5qEAAS","2026-07-19T04:40:24.000Z","","","","105600.0","","","月","","","","12.0","","2026-03-12","Needs mismatch","8800.0","2026-02-25","","","","","Closed Lost","2026-03-12","","","","105600.0","0.0","true","false","1.0","Pro","Rendery","",""
"a08RB00001Z1G8cYAF","005d5000005X5qEAAS","false","東邦レオ 株式会社","2026-06-21T16:02:54.000Z","005d5000005X5qEAAS","2026-07-19T04:40:24.000Z","005d5000005X5qEAAS","2026-07-19T04:40:24.000Z","","","","0.0","","","月","","","2026-03-01","12.0","","2026-03-05","Needs mismatch","0.0","","","","","","Closed Lost","2026-03-05","","","","0.0","0.0","true","false","0.0","Pro","Rendery","",""
"a08RB00001Z1G8dYAF","005d5000005X5qEAAS","false","株式会社サンケイビル","2026-06-21T16:02:54.000Z","005d5000005X5qEAAS","2026-08-10T02:16:39.000Z","005RB00000eezKIYAY","2026-08-10T02:16:39.000Z","","","","840000.0","","","月","","","2026-03-11","12.0","","","","70000.0","","","","","","Closed Won","2026-03-23","100.0","","2026-05-01","840000.0","840000.0","true","true","5.0","Enterprise","Rendery","S3","2026/05"
"a08RB00001Z1G8eYAF","005d5000005X5qEAAS","false","47内装株式会社(B)","2026-06-21T16:02:54.000Z","005d5000005X5qEAAS","2026-07-19T04:40:24.000Z","005d5000005X5qEAAS","2026-07-19T04:40:24.000Z","","","","900000.0","","","月","","","","12.0","","","","75000.0","2026-05-31","","","","","Closed Lost","","","","","900000.0","0.0","true","false","5.0","Enterprise","Rendery","",""
"a08RB00001Z1G8fYAF","005d5000005X5qEAAS","false","関西不動産販売株式会社","2026-06-21T16:02:54.000Z","005d5000005X5qEAAS","2026-07-19T04:40:24.000Z","005d5000005X5qEAAS","2026-07-19T04:40:24.000Z","","","","900000.0","","","月","","","","12.0","","2026-03-12","Budget shortage - initial or migration cost","75000.0","2026-02-26","","","","","Closed Lost","2026-03-12","","","","900000.0","0.0","true","false","5.0","Enterprise","Rendery","",""
"a08RB00001Z1G8gYAF","005d5000005X5qEAAS","false","株式会社スタイルテック総合計画","2026-06-21T16:02:54.000Z","005d5000005X5qEAAS","2026-06-21T16:02:54.000Z","005d5000005X5qEAAS","2026-06-21T16:02:54.000Z","","","","900000.0","","","月","","","2026-04-01","12.0","","","","75000.0","","","","","","Closed Won","2026-04-03","100.0","","","900000.0","900000.0","true","true","","","","",""
"a08RB00001Z1G8hYAF","005d5000005X5qEAAS","true","矢作建設工業株式会社(B)","2026-06-21T16:02:54.000Z","005d5000005X5qEAAS","2026-08-07T08:09:25.000Z","005RB00000eezKIYAY","2026-08-07T08:09:25.000Z","","","","900000.0","","","月","","","","12.0","","","","75000.0","","","","","","Closed Won","","100.0","","","900000.0","900000.0","true","true","5.0","Enterprise","Rendery","S1",""
"a08RB00001Z1G8iYAF","005d5000005X5qEAAS","false","株式会社フロンティアコンサルティング","2026-06-21T16:02:54.000Z","005d5000005X5qEAAS","2026-07-19T04:40:24.000Z","005d5000005X5qEAAS","2026-07-19T04:40:24.000Z","","","","460000.0","","","月","","","2026-03-31","12.0","","","","30000.0","","","","","","Applove","","","","","360000.0","0.0","false","false","2.0","","Rendery","",""
"a08RB00001Z1G8jYAF","005d5000005X5qEAAS","false","株式会社建創社 の取引","2026-06-21T16:02:54.000Z","005d5000005X5qEAAS","2026-07-19T04:40:24.000Z","005d5000005X5qEAAS","2026-07-19T04:40:24.000Z","","","","0.0","","","月","","","","12.0","","","","0.0","","","","","","Qualification","","20.0","","","0.0","0.0","false","false","","","Rendery","",""
"a08RB00001Z1G8kYAF","005d5000005X5qEAAS","false","三井不動産株式会社","2026-06-21T16:02:54.000Z","005d5000005X5qEAAS","2026-07-19T04:40:24.000Z","005d5000005X5qEAAS","2026-07-19T04:40:24.000Z","","","","1800000.0","","","月","","","2026-04-01","12.0","","2026-06-01","Needs mismatch","150000.0","2026-02-20","","","","","Closed Lost","2026-06-01","","","","1800000.0","0.0","true","false","10.0","Enterprise","Rendery","",""
"a08RB00001Z1G8lYAF","005d5000005X5qEAAS","false","NOD&W","2026-06-21T16:02:54.000Z","005d5000005X5qEAAS","2026-07-19T04:40:24.000Z","005d5000005X5qEAAS","2026-07-19T04:40:24.000Z","","","","105600.0","","","月","","","2026-04-30","12.0","","","","8800.0","","","","","","Closed Lost","","","","","105600.0","0.0","true","false","1.0","Pro","Rendery","",""
"a08RB00001Z1G8mYAF","005d5000005X5qEAAS","false","明石建築設計事務所 の取引","2026-06-21T16:02:54.000Z","005d5000005X5qEAAS","2026-07-19T04:40:24.000Z","005d5000005X5qEAAS","2026-07-19T04:40:24.000Z","","","","105600.0","","","月","","","2026-03-20","12.0","","","","8800.0","","","","","","Closed Lost","","","","","105600.0","0.0","true","false","1.0","Pro","Rendery","",""
"a08RB00001Z1G8nYAF","005d5000005X5qEAAS","false","三菱地所レジデンス　株式会社","2026-06-21T16:02:54.000Z","005d5000005X5qEAAS","2026-07-22T12:37:16.000Z","005RB00000YoJyLYAV","2026-07-22T12:37:16.000Z","","","","576000.0","001RB00001VTqf7YAD","003RB00001NsO7DYAV","月","","","2026-06-01","12.0","","","","48000.0","","","","","","Closed Lost","","100.0","","2026-07-01","576000.0","576000.0","true","false","3.0","Enterprise","Rendery","","2026/07"
"a08RB00001Z1G8oYAF","005d5000005X5qEAAS","false","（株）トピアホーム","2026-06-21T16:02:54.000Z","005d5000005X5qEAAS","2026-07-19T04:40:24.000Z","005d5000005X5qEAAS","2026-07-19T04:40:24.000Z","","","","422400.0","","","月","","","2026-07-01","12.0","","","","35200.0","","","","","","ValueProposition","","50.0","","","422400.0","211200.0","false","false","4.0","Pro","Rendery","",""
"a08RB00001Z1G8pYAF","005d5000005X5qEAAS","false","アイリスオーヤマ株式会社(S)","2026-06-21T16:02:54.000Z","005d5000005X5qEAAS","2026-08-10T02:16:18.000Z","005RB00000eezKIYAY","2026-08-10T02:16:18.000Z","","","","1080000.0","","","月","","","","12.0","","","","90000.0","","","","","","Closed Won","","100.0","","2026-07-01","1080000.0","1080000.0","true","true","6.0","Enterprise","Rendery","S3","2026/07"
"a08RB00001Z1G8qYAF","005d5000005X5qEAAS","false","8Y8 の取引","2026-06-21T16:02:54.000Z","005d5000005X5qEAAS","2026-07-19T04:40:24.000Z","005d5000005X5qEAAS","2026-07-19T04:40:24.000Z","","","","316800.0","","","月","","","2026-04-30","12.0","","","","26400.0","","","","","","Closed Lost","","","","","316800.0","0.0","true","false","3.0","Pro","Rendery","",""
"a08RB00001Z1G8rYAF","005d5000005X5qEAAS","false","前田建設工業 株式会社(S)","2026-06-21T16:02:54.000Z","005d5000005X5qEAAS","2026-07-19T04:40:24.000Z","005d5000005X5qEAAS","2026-07-19T04:40:24.000Z","","","","900000.0","","","月","","","","12.0","","2026-04-01","Support or track record concern","75000.0","","","","","","Closed Lost","2026-04-01","","","","900000.0","0.0","true","false","5.0","Enterprise","Rendery","",""
"a08RB00001Z1G8sYAF","005d5000005X5qEAAS","false","CREATIVETREE","2026-06-21T16:02:54.000Z","005d5000005X5qEAAS","2026-07-19T04:40:24.000Z","005d5000005X5qEAAS","2026-07-19T04:40:24.000Z","","","","3500.0","","","月","","","","12.0","","2026-03-16","Customer concern unresolved","0.0","","","","","","Closed Lost","2026-03-16","","","","0.0","0.0","true","false","1.0","","knock knock AI","",""
"a08RB00001Z1G8tYAF","005d5000005X5qEAAS","false","株式会社a-tech","2026-06-21T16:02:54.000Z","005d5000005X5qEAAS","2026-07-19T04:40:24.000Z","005d5000005X5qEAAS","2026-07-19T04:40:24.000Z","","","","316800.0","","","月","","","2026-06-01","12.0","","","","26400.0","","","","","","ValueProposition","","50.0","","","316800.0","158400.0","false","false","3.0","Pro","Rendery","",""
"a08RB00001Z1G8uYAF","005d5000005X5qEAAS","false","株式会社コロワイド","2026-06-21T16:02:54.000Z","005d5000005X5qEAAS","2026-07-19T04:40:24.000Z","005d5000005X5qEAAS","2026-07-19T04:40:24.000Z","","","","900000.0","","","月","","","","12.0","","","","75000.0","","","","","","Prospecting","","10.0","","","900000.0","90000.0","false","false","5.0","Enterprise","Rendery","",""
"a08RB00001Z1G8vYAF","005d5000005X5qEAAS","false","株式会社　渡辺工務店","2026-06-21T16:02:54.000Z","005d5000005X5qEAAS","2026-07-19T04:40:24.000Z","005d5000005X5qEAAS","2026-07-19T04:40:24.000Z","","","","105600.0","","","月","","","2026-04-08","12.0","","","","8800.0","","","","","","ValueProposition","","50.0","","","105600.0","52800.0","false","false","1.0","Pro","Rendery","",""
"a08RB00001Z1G8wYAF","005d5000005X5qEAAS","false","有限会社　めかる設計","2026-06-21T16:02:54.000Z","005d5000005X5qEAAS","2026-07-19T04:40:24.000Z","005d5000005X5qEAAS","2026-07-19T04:40:24.000Z","","","","0.0","","","月","","","","12.0","","","","0.0","","","","","","Prospecting","","10.0","","","0.0","0.0","false","false","","","Rendery","",""
"a08RB00001Z1G8xYAF","005d5000005X5qEAAS","false","マーケットクリエイティブ株式会社","2026-06-21T16:02:54.000Z","005d5000005X5qEAAS","2026-07-19T04:40:24.000Z","005d5000005X5qEAAS","2026-07-19T04:40:24.000Z","","","","105600.0","","","月","","","2026-03-20","12.0","","","","8800.0","","","","","","Closed Lost","","","","","105600.0","0.0","true","false","1.0","Pro","Rendery","",""
"a08RB00001Z1G8yYAF","005d5000005X5qEAAS","false","株式会社ONE　HOUSE","2026-06-21T16:02:54.000Z","005d5000005X5qEAAS","2026-07-19T04:40:24.000Z","005d5000005X5qEAAS","2026-07-19T04:40:24.000Z","","","","105600.0","","","月","","","2026-03-13","12.0","","","","8800.0","","","","","","Closed Lost","","","","","105600.0","0.0","true","false","1.0","Pro","Rendery","",""
"a08RB00001Z1G8zYAF","005d5000005X5qEAAS","false","苅田建設工業","2026-06-21T16:02:54.000Z","005d5000005X5qEAAS","2026-07-19T04:40:24.000Z","005d5000005X5qEAAS","2026-07-19T04:40:24.000Z","","","","0.0","","","月","","","","12.0","","","","0.0","","","","","","Closed Lost","","","","","0.0","0.0","true","false","","","Rendery","",""
"a08RB00001Z1G90YAF","005d5000005X5qEAAS","false","株式会社宮工房","2026-06-21T16:02:54.000Z","005d5000005X5qEAAS","2026-07-19T04:40:24.000Z","005d5000005X5qEAAS","2026-07-19T04:40:24.000Z","","","","0.0","","","月","","","","12.0","","","","0.0","","","","","","Closed Lost","","","","","0.0","0.0","true","false","","","Rendery","",""
"a08RB00001Z1G91YAF","005d5000005X5qEAAS","false","株式会社サンアイ岡本","2026-06-21T16:02:54.000Z","005d5000005X5qEAAS","2026-07-19T04:40:24.000Z","005d5000005X5qEAAS","2026-07-19T04:40:24.000Z","","","","0.0","","","月","","","","12.0","","","","0.0","2026-04-03","","","","","Closed Lost","","","","","0.0","0.0","true","false","","","Rendery","",""
"a08RB00001Z1G92YAF","005d5000005X5qEAAS","false","柏井建設株式会社　建築設計部（B)","2026-06-21T16:02:54.000Z","005d5000005X5qEAAS","2026-07-28T01:24:06.000Z","005d5000005X5qEAAS","2026-07-28T01:24:06.000Z","","","","900000.0","","","月","","","","12.0","","","","75000.0","","","","","","Closed Won","","100.0","","","900000.0","900000.0","true","true","5.0","Enterprise","Rendery","S1",""
"a08RB00001Z1G93YAF","005d5000005X5qEAAS","false","株式会社アイ・キューブ","2026-06-21T16:02:54.000Z","005d5000005X5qEAAS","2026-07-19T04:40:24.000Z","005d5000005X5qEAAS","2026-07-19T04:40:24.000Z","","","","900000.0","","","月","","","2026-04-01","12.0","","","","75000.0","","","","","","Prospecting","","10.0","","","900000.0","90000.0","false","false","5.0","Enterprise","Rendery","",""
"a08RB00001Z1G94YAF","005d5000005X5qEAAS","false","花菱不動産株式会社","2026-06-21T16:02:54.000Z","005d5000005X5qEAAS","2026-07-19T04:40:24.000Z","005d5000005X5qEAAS","2026-07-19T04:40:24.000Z","","","","211200.0","","","月","","","2026-03-20","12.0","","","","17600.0","","","","","","Closed Won","2026-03-13","100.0","","","211200.0","211200.0","true","true","2.0","Pro","Rendery","",""
"a08RB00001Z1G95YAF","005d5000005X5qEAAS","false","株式会社　東日本朝日株式会社","2026-06-21T16:02:54.000Z","005d5000005X5qEAAS","2026-07-19T04:40:24.000Z","005d5000005X5qEAAS","2026-07-19T04:40:24.000Z","","","","105600.0","","","月","","","2026-03-20","12.0","","","","8800.0","","","","","","Prospecting","","10.0","","","105600.0","10560.0","false","false","1.0","Pro","Rendery","",""
"a08RB00001Z1G96YAF","005d5000005X5qEAAS","false","株式会社コンセプション","2026-06-21T16:02:54.000Z","005d5000005X5qEAAS","2026-07-19T04:40:24.000Z","005d5000005X5qEAAS","2026-07-19T04:40:24.000Z","","","","105600.0","","","月","","","2026-03-06","12.0","","","","8800.0","","","","","","Closed Won","2026-03-06","100.0","","","105600.0","105600.0","true","true","1.0","Pro","Rendery","",""
"a08RB00001Z1G97YAF","005d5000005X5qEAAS","false","オフィスナビ株式会社","2026-06-21T16:02:54.000Z","005d5000005X5qEAAS","2026-07-19T04:40:24.000Z","005d5000005X5qEAAS","2026-07-19T04:40:24.000Z","","","","105600.0","","","月","","","2026-03-31","12.0","","","","8800.0","","","","","","Closed Won","2026-03-11","100.0","","","105600.0","105600.0","true","true","1.0","Pro","Rendery","",""
"a08RB00001Z1G98YAF","005d5000005X5qEAAS","false","デザインスタジオ BOTH SIDES","2026-06-21T16:02:54.000Z","005d5000005X5qEAAS","2026-07-19T04:40:24.000Z","005d5000005X5qEAAS","2026-07-19T04:40:24.000Z","","","","0.0","","","月","","","","12.0","","","","0.0","","","","","","Prospecting","","10.0","","","0.0","0.0","false","false","","","Rendery","",""
"a08RB00001Z1G99YAF","005d5000005X5qEAAS","false","文化財保存活用計画株式会社","2026-06-21T16:02:54.000Z","005d5000005X5qEAAS","2026-07-19T04:40:24.000Z","005d5000005X5qEAAS","2026-07-19T04:40:24.000Z","","","","0.0","","","月","","","","12.0","","","","0.0","","","","","","Prospecting","","10.0","","","0.0","0.0","false","false","","","Rendery","",""
"a08RB00001Z1G9AYAV","005d5000005X5qEAAS","false","株式会社MYAT の取引","2026-06-21T16:02:54.000Z","005d5000005X5qEAAS","2026-07-19T04:40:24.000Z","005d5000005X5qEAAS","2026-07-19T04:40:24.000Z","","","","105600.0","","","月","","","2026-03-26","12.0","","","","8800.0","","","","","","Closed Won","2026-05-13","100.0","","","105600.0","105600.0","true","true","1.0","Pro","Rendery","",""
"a08RB00001Z1G9BYAV","005d5000005X5qEAAS","false","株式会社WAKA","2026-06-21T16:02:54.000Z","005d5000005X5qEAAS","2026-07-19T04:40:24.000Z","005d5000005X5qEAAS","2026-07-19T04:40:24.000Z","","","","316800.0","","","月","","","2026-04-15","12.0","","","","26400.0","","","","","","Qualification","","20.0","","","316800.0","63360.0","false","false","3.0","Pro","Rendery","",""
"a08RB00001Z1G9CYAV","005d5000005X5qEAAS","false","株式会社アーバンスペース","2026-06-21T16:02:54.000Z","005d5000005X5qEAAS","2026-07-19T04:40:24.000Z","005d5000005X5qEAAS","2026-07-19T04:40:24.000Z","","","","0.0","","","月","","","","12.0","","","","0.0","2026-04-01","","","","","ValueProposition","","50.0","","","0.0","0.0","false","false","","","Rendery","",""
"a08RB00001Z1G9DYAV","005d5000005X5qEAAS","false","日本アセットアドバンス株式会社","2026-06-21T16:02:54.000Z","005d5000005X5qEAAS","2026-07-19T04:40:24.000Z","005d5000005X5qEAAS","2026-07-19T04:40:24.000Z","","","","0.0","","","月","","","","12.0","","","","0.0","","","","","","Qualification","","20.0","","","0.0","0.0","false","false","","","knock knock AI","",""
"a08RB00001Z1G9EYAV","005d5000005X5qEAAS","false","野村不動産株式会社(S)","2026-06-21T16:02:54.000Z","005d5000005X5qEAAS","2026-07-19T04:40:24.000Z","005d5000005X5qEAAS","2026-07-19T04:40:24.000Z","","","","1800000.0","","","月","","","","12.0","","","","150000.0","","","","","","Closed Lost","","","","","1800000.0","0.0","true","false","10.0","Enterprise","Rendery","",""
"a08RB00001Z1G9FYAV","005d5000005X5qEAAS","false","株式会社WIZU","2026-06-21T16:02:54.000Z","005d5000005X5qEAAS","2026-07-19T04:40:24.000Z","005d5000005X5qEAAS","2026-07-19T04:40:24.000Z","","","","0.0","","","月","","","","12.0","","","","0.0","","","","","","Prospecting","","10.0","","","0.0","0.0","false","false","0.0","Pro","Rendery","",""
"a08RB00001Z1G9GYAV","005d5000005X5qEAAS","false","森ビル株式会社　設計部","2026-06-21T16:02:54.000Z","005d5000005X5qEAAS","2026-08-06T09:19:17.000Z","005RB00000YoJyLYAV","2026-08-06T09:19:17.000Z","","","","","001RB00001VTqWFYA1","003RB00001Ub3oLYAR","月","","","2026-05-01","12.0","","","","16000.0","","","","","Referral","Closed Won","","100.0","","2026-08-01","192000.0","192000.0","true","true","2.0","Pro","Rendery","","2026/08"
"a08RB00001Z1G9HYAV","005d5000005X5qEAAS","false","近鉄不動産株式会社","2026-06-21T16:02:54.000Z","005d5000005X5qEAAS","2026-06-25T08:59:56.000Z","005RB00000YoJyLYAV","2026-06-25T08:59:56.000Z","","","","3530000.0","","","月","","","2026-04-01","12.0","","","","345000.0","2026-03-12","","","","","Closed Won","2026-04-10","100.0","","","4140000.0","4140000.0","true","true","","","","",""
"a08RB00001Z1G9IYAV","005d5000005X5qEAAS","false","FUJITA の取引","2026-06-21T16:02:54.000Z","005d5000005X5qEAAS","2026-08-10T02:15:51.000Z","005RB00000eezKIYAY","2026-08-10T02:15:51.000Z","","2026-08-04T23:54:21.000Z","2026-08-04T23:54:21.000Z","1680000.0","","","月","","","2026-03-26","12.0","","","","140000.0","","","","","","Closed Won","2026-04-15","100.0","","2026-04-01","1680000.0","1680000.0","true","true","10.0","Enterprise","Rendery","S4","2026/04"
"a08RB00001Z1G9JYAV","005d5000005X5qEAAS","false","株式会社日本プロテック","2026-06-21T16:02:54.000Z","005d5000005X5qEAAS","2026-07-19T04:40:24.000Z","005d5000005X5qEAAS","2026-07-19T04:40:24.000Z","","","","0.0","","","月","","","","12.0","","","","0.0","","","","","","Qualification","","20.0","","","0.0","0.0","false","false","","","Rendery","",""
"a08RB00001Z1G9KYAV","005RB00000grTzlYAE","false","AURLA","2026-06-21T16:02:54.000Z","005d5000005X5qEAAS","2026-07-30T04:29:21.000Z","005RB00000grTzlYAE","2026-07-30T04:29:21.000Z","","","","0.0","","","月","","","","12.0","","","","8800.0","","","","","","Closed Lost","","20.0","","2026-04-01","105600.0","21120.0","true","false","1.0","Pro","Rendery","","2026/04"
"a08RB00001Z1G9LYAV","005RB00000grTzlYAE","false","Egg design works","2026-06-21T16:02:54.000Z","005d5000005X5qEAAS","2026-07-30T04:29:21.000Z","005RB00000grTzlYAE","2026-07-30T04:29:21.000Z","","","","0.0","","","月","","","","12.0","","","","8800.0","","","","","","Closed Lost","","20.0","","2026-04-01","105600.0","21120.0","true","false","1.0","Pro","Rendery","","2026/04"
"a08RB00001Z1G9MYAV","005d5000005X5qEAAS","false","アーキエムズグループ株式会社","2026-06-21T16:02:54.000Z","005d5000005X5qEAAS","2026-07-19T04:40:24.000Z","005d5000005X5qEAAS","2026-07-19T04:40:24.000Z","","","","0.0","","","月","","","","12.0","","","","0.0","","","","","","Qualification","","20.0","","","0.0","0.0","false","false","","","Rendery","",""
"a08RB00001Z1G9NYAV","005d5000005X5qEAAS","false","第一建設株式会社","2026-06-21T16:02:54.000Z","005d5000005X5qEAAS","2026-07-19T04:40:24.000Z","005d5000005X5qEAAS","2026-07-19T04:40:24.000Z","","","","0.0","","","月","","","","12.0","","","","0.0","","","","","","Qualification","","20.0","","","0.0","0.0","false","false","","","Rendery","",""
"a08RB00001Z1G9OYAV","005RB00000grTzlYAE","false","軒軒設計一級建築士事務所","2026-06-21T16:02:54.000Z","005d5000005X5qEAAS","2026-07-30T04:29:21.000Z","005RB00000grTzlYAE","2026-07-30T04:29:21.000Z","","","","0.0","","","月","","","","12.0","","","","8800.0","","","","","","Closed Lost","","20.0","","2026-05-01","105600.0","21120.0","true","false","1.0","Pro","Rendery","","2026/05"
"a08RB00001Z1G9PYAV","005d5000005X5qEAAS","false","株式会社シータ","2026-06-21T16:02:54.000Z","005d5000005X5qEAAS","2026-07-19T04:40:24.000Z","005d5000005X5qEAAS","2026-07-19T04:40:24.000Z","","","","0.0","","","月","","","","12.0","","","","0.0","2026-03-27","","","","","Qualification","","20.0","","","0.0","0.0","false","false","","","Rendery","",""
"a08RB00001Z1G9QYAV","005d5000005X5qEAAS","false","有限会社双建工業","2026-06-21T16:02:54.000Z","005d5000005X5qEAAS","2026-07-19T04:40:24.000Z","005d5000005X5qEAAS","2026-07-19T04:40:24.000Z","","","","316800.0","","","月","","","2026-04-30","12.0","","","","26400.0","2026-04-01","","","","","Prospecting","","10.0","","","316800.0","31680.0","false","false","3.0","Pro","Rendery","",""
"a08RB00001Z1G9RYAV","005RB00000grTzlYAE","false","遠藤友羅","2026-06-21T16:02:54.000Z","005d5000005X5qEAAS","2026-07-30T04:29:21.000Z","005RB00000grTzlYAE","2026-07-30T04:29:21.000Z","","","","0.0","","","月","","","","12.0","","","","11000.0","","","","","","Closed Lost","","20.0","","2026-04-01","132000.0","26400.0","true","false","1.0","Basic","knock knock AI","","2026/04"
"a08RB00001Z1G9SYAV","005d5000005X5qEAAS","false","森ビル株式会社設計部","2026-06-21T16:02:54.000Z","005d5000005X5qEAAS","2026-07-19T04:40:24.000Z","005d5000005X5qEAAS","2026-07-19T04:40:24.000Z","","","","316800.0","","","月","","","","12.0","","2026-04-02","Needs mismatch","26400.0","","","","","","Closed Lost","2026-04-02","","","","316800.0","0.0","true","false","3.0","Pro","Rendery","",""
"a08RB00001Z1G9TYAV","005RB00000grTzlYAE","false","LOLT","2026-06-21T16:02:54.000Z","005d5000005X5qEAAS","2026-07-30T04:29:21.000Z","005RB00000grTzlYAE","2026-07-30T04:29:21.000Z","","","","0.0","","","月","","","","12.0","","","","11000.0","","","","","","Closed Lost","","20.0","","2026-03-01","132000.0","26400.0","true","false","1.0","Basic","knock knock AI","","2026/03"
"a08RB00001Z1G9UYAV","005d5000005X5qEAAS","false","武田利佳","2026-06-21T16:02:54.000Z","005d5000005X5qEAAS","2026-07-19T04:40:24.000Z","005d5000005X5qEAAS","2026-07-19T04:40:24.000Z","","","","0.0","","","月","","","","12.0","","","","0.0","","","","","","Qualification","","20.0","","","0.0","0.0","false","false","","","knock knock AI","",""
"a08RB00001Z1G9WYAV","005d5000005X5qEAAS","false","ファブリックスアート","2026-06-21T16:02:54.000Z","005d5000005X5qEAAS","2026-07-19T04:40:24.000Z","005d5000005X5qEAAS","2026-07-19T04:40:24.000Z","","","","0.0","","","月","","","","12.0","","","","0.0","","","","","","Qualification","","20.0","","","0.0","0.0","false","false","","","knock knock AI","",""
"a08RB00001Z1G9XYAV","005RB00000grTzlYAE","false","花十色","2026-06-21T16:02:54.000Z","005d5000005X5qEAAS","2026-07-30T04:29:21.000Z","005RB00000grTzlYAE","2026-07-30T04:29:21.000Z","","","","0.0","","","月","","","","12.0","","","","11000.0","","","","","","Closed Lost","","20.0","","2026-04-01","132000.0","26400.0","true","false","1.0","Basic","knock knock AI","","2026/04"
"a08RB00001Z1G9YYAV","005d5000005X5qEAAS","false","日本アセットアドバンス株式会社","2026-06-21T16:02:54.000Z","005d5000005X5qEAAS","2026-07-19T04:40:24.000Z","005d5000005X5qEAAS","2026-07-19T04:40:24.000Z","","","","145200.0","","","月","","","","12.0","","","","12100.0","","","","","","Prospecting","","10.0","","","145200.0","14520.0","false","false","1.0","Basic","knock knock AI","",""
"a08RB00001Z1G9ZYAV","005RB00000grTzlYAE","false","ＨＴリフォ株式会社","2026-06-21T16:02:54.000Z","005d5000005X5qEAAS","2026-07-30T04:29:21.000Z","005RB00000grTzlYAE","2026-07-30T04:29:21.000Z","","","","0.0","","","月","","","","12.0","","","","11000.0","","","","","","Closed Lost","","20.0","","2026-04-01","132000.0","26400.0","true","false","1.0","Basic","knock knock AI","","2026/04"
"a08RB00001Z1G9aYAF","005d5000005X5qEAAS","false","（株）リアルトハーツ","2026-06-21T16:02:54.000Z","005d5000005X5qEAAS","2026-07-19T04:40:24.000Z","005d5000005X5qEAAS","2026-07-19T04:40:24.000Z","","","","0.0","","","月","","","","12.0","","","","0.0","2026-03-16","","","","","Qualification","","20.0","","","0.0","0.0","false","false","","","knock knock AI","",""
"a08RB00001Z1G9cYAF","005d5000005X5qEAAS","false","株式会社レイズコーポレーション","2026-06-21T16:02:54.000Z","005d5000005X5qEAAS","2026-07-19T04:40:24.000Z","005d5000005X5qEAAS","2026-07-19T04:40:24.000Z","","","","0.0","","","月","","","","12.0","","","","0.0","","","","","","Qualification","","20.0","","","0.0","0.0","false","false","","","knock knock AI","",""
"a08RB00001Z1G9dYAF","005d5000005X5qEAAS","false","㈱エー・ディー・ウォール","2026-06-21T16:02:54.000Z","005d5000005X5qEAAS","2026-07-19T04:40:24.000Z","005d5000005X5qEAAS","2026-07-19T04:40:24.000Z","","","","0.0","","","月","","","","12.0","","","","0.0","","","","","","Qualification","","20.0","","","0.0","0.0","false","false","","","knock knock AI","",""
"a08RB00001Z1G9eYAF","005d5000005X5qEAAS","false","相模湖basshouse","2026-06-21T16:02:54.000Z","005d5000005X5qEAAS","2026-07-19T04:40:24.000Z","005d5000005X5qEAAS","2026-07-19T04:40:24.000Z","","","","0.0","","","月","","","","12.0","","","","0.0","","","","","","Qualification","","20.0","","","0.0","0.0","false","false","","","knock knock AI","",""
"a08RB00001Z1G9fYAF","005d5000005X5qEAAS","false","株式会社リビング住販","2026-06-21T16:02:54.000Z","005d5000005X5qEAAS","2026-07-19T04:40:24.000Z","005d5000005X5qEAAS","2026-07-19T04:40:24.000Z","","","","0.0","","","月","","","","12.0","","","","0.0","","","","","","ValueProposition","","50.0","","","0.0","0.0","false","false","","","knock knock AI","",""
"a08RB00001Z1G9gYAF","005d5000005X5qEAAS","false","株式会社J.フロントプライムスペース","2026-06-21T16:02:54.000Z","005d5000005X5qEAAS","2026-07-27T01:13:32.000Z","005RB00000YoJyLYAV","2026-07-27T01:13:32.000Z","","","","1800000.0","","","月","","","2026-10-01","12.0","","","","150000.0","","","","","","Prospecting","","10.0","","","1800000.0","180000.0","false","false","10.0","Enterprise","Rendery","",""
"a08RB00001Z1G9hYAF","005d5000005X5qEAAS","false","株式会社MUJI HOUSE","2026-06-21T16:02:54.000Z","005d5000005X5qEAAS","2026-07-19T04:40:24.000Z","005d5000005X5qEAAS","2026-07-19T04:40:24.000Z","","","","422400.0","","","月","","","2026-05-01","12.0","","","","35200.0","","","","","","Negotiation","","80.0","","","422400.0","337920.0","false","false","4.0","Pro","Rendery","",""
"a08RB00001Z1G9iYAF","005d5000005X5qEAAS","false","東急建設株式会社","2026-06-21T16:02:54.000Z","005d5000005X5qEAAS","2026-06-21T16:02:54.000Z","005d5000005X5qEAAS","2026-06-21T16:02:54.000Z","","","","0.0","","","月","","","","12.0","","","","0.0","","","","","","Qualification","","20.0","","","0.0","0.0","false","false","","","","",""
"a08RB00001Z1G9jYAF","005d5000005X5qEAAS","false","タマホーム株式会社","2026-06-21T16:02:54.000Z","005d5000005X5qEAAS","2026-07-22T12:32:10.000Z","005RB00000YoJyLYAV","2026-07-22T12:32:10.000Z","","","","900000.0","","","月","","","2026-04-30","12.0","","2026-07-15","Needs mismatch","75000.0","","","","","","Closed Lost","","50.0","","","900000.0","450000.0","true","false","5.0","Enterprise","Rendery","",""
"a08RB00001Z1G9kYAF","005d5000005X5qEAAS","false","株式会社フケタ設計 の取引","2026-06-21T16:02:54.000Z","005d5000005X5qEAAS","2026-07-19T04:40:24.000Z","005d5000005X5qEAAS","2026-07-19T04:40:24.000Z","","","","105600.0","","","月","","","2026-04-15","12.0","","","","8800.0","","","","","","Prospecting","","10.0","","","105600.0","10560.0","false","false","1.0","Pro","Rendery","",""
"a08RB00001Z1G9lYAF","005d5000005X5qEAAS","false","エムザジャパン株式会社","2026-06-21T16:02:54.000Z","005d5000005X5qEAAS","2026-07-19T04:40:24.000Z","005d5000005X5qEAAS","2026-07-19T04:40:24.000Z","","","","0.0","","","月","","","","12.0","","","","0.0","2026-03-19","","","","","Qualification","","20.0","","","0.0","0.0","false","false","","","Rendery","",""
"a08RB00001Z1G9mYAF","005d5000005X5qEAAS","false","株式会社とくら建築設計社","2026-06-21T16:02:54.000Z","005d5000005X5qEAAS","2026-07-19T04:40:24.000Z","005d5000005X5qEAAS","2026-07-19T04:40:24.000Z","","","","105600.0","","","月","","","","12.0","","","","8800.0","","","","","","Closed Won","2026-03-25","100.0","","","105600.0","105600.0","true","true","1.0","Pro","Rendery","",""
"a08RB00001Z1G9nYAF","005d5000005X5qEAAS","false","丹羽 洋文","2026-06-21T16:02:54.000Z","005d5000005X5qEAAS","2026-07-19T04:40:24.000Z","005d5000005X5qEAAS","2026-07-19T04:40:24.000Z","","","","105600.0","","","月","","","2026-03-23","12.0","","","","8800.0","","","","","","Closed Won","2026-03-23","100.0","","","105600.0","105600.0","true","true","1.0","Pro","Rendery","",""
"a08RB00001Z1G9oYAF","005d5000005X5qEAAS","false","株式会社佐野修建築設計事務所","2026-06-21T16:02:54.000Z","005d5000005X5qEAAS","2026-07-19T04:40:24.000Z","005d5000005X5qEAAS","2026-07-19T04:40:24.000Z","","","","105600.0","","","月","","","2026-03-20","12.0","","","","8800.0","","","","","","Closed Won","2026-03-23","100.0","","","105600.0","105600.0","true","true","1.0","Pro","Rendery","",""
"a08RB00001Z1G9pYAF","005RB00000grTzlYAE","false","&labo.","2026-06-21T16:02:54.000Z","005d5000005X5qEAAS","2026-07-30T04:29:21.000Z","005RB00000grTzlYAE","2026-07-30T04:29:21.000Z","","","","105600.0","","","月","","","2026-03-11","12.0","","","","8800.0","","","","","","Closed Won","2026-03-23","100.0","","2026-03-11","105600.0","105600.0","true","true","1.0","Pro","Rendery","","2026/03"
"a08RB00001Z1G9qYAF","005d5000005X5qEAAS","false","H.Sakamoto","2026-06-21T16:02:54.000Z","005d5000005X5qEAAS","2026-07-19T04:40:24.000Z","005d5000005X5qEAAS","2026-07-19T04:40:24.000Z","","","","66000.0","","","月","","","2026-03-23","12.0","","","","5500.0","","","","","","Closed Won","2026-03-23","100.0","","","66000.0","66000.0","true","true","1.0","Basic","Rendery","",""
"a08RB00001Z1G9rYAF","005d5000005X5qEAAS","false","悠 小林","2026-06-21T16:02:54.000Z","005d5000005X5qEAAS","2026-07-19T04:40:24.000Z","005d5000005X5qEAAS","2026-07-19T04:40:24.000Z","","","","105600.0","","","月","","","2026-03-03","12.0","","","","8800.0","","","","","","Closed Won","2026-03-23","100.0","","","105600.0","105600.0","true","true","1.0","Pro","Rendery","",""
"a08RB00001Z1G9sYAF","005d5000005X5qEAAS","false","株式会社アークドラフト","2026-06-21T16:02:54.000Z","005d5000005X5qEAAS","2026-07-19T04:40:24.000Z","005d5000005X5qEAAS","2026-07-19T04:40:24.000Z","","","","211200.0","","","月","","","","12.0","","","","17600.0","2026-03-24","","","","","Closed Won","2026-03-24","100.0","","","211200.0","211200.0","true","true","2.0","Pro","Rendery","",""
"a08RB00001Z1G9tYAF","005d5000005X5qEAAS","false","株式会社デザインアーク東京スペースソリューション第１営業所(S)","2026-06-21T16:02:54.000Z","005d5000005X5qEAAS","2026-07-28T01:24:06.000Z","005d5000005X5qEAAS","2026-07-28T01:24:06.000Z","","","","360000.0","","","月","","","2026-03-12","12.0","","","","30000.0","","","","","","Closed Won","","100.0","","","360000.0","360000.0","true","true","2.0","Enterprise","Rendery","S1",""
"a08RB00001Z1G9uYAF","005d5000005X5qEAAS","false","株式会社フロンティアコンサルティング（S)","2026-06-21T16:02:54.000Z","005d5000005X5qEAAS","2026-07-19T04:40:24.000Z","005d5000005X5qEAAS","2026-07-19T04:40:24.000Z","","","","0.0","","","月","","","","12.0","","","","0.0","","","","","","Prospecting","","10.0","","","0.0","0.0","false","false","","","Rendery","",""
"a08RB00001Z1G9vYAF","005d5000005X5qEAAS","false","株式会社サン創芸","2026-06-21T16:02:54.000Z","005d5000005X5qEAAS","2026-07-19T04:40:24.000Z","005d5000005X5qEAAS","2026-07-19T04:40:24.000Z","","","","0.0","","","月","","","","12.0","","","","0.0","2026-03-25","","","","","Prospecting","","10.0","","","0.0","0.0","false","false","","","Rendery","",""
"a08RB00001Z1G9wYAF","005d5000005X5qEAAS","false","株式会社京屋","2026-06-21T16:02:54.000Z","005d5000005X5qEAAS","2026-07-19T04:40:24.000Z","005d5000005X5qEAAS","2026-07-19T04:40:24.000Z","","","","0.0","","","月","","","","12.0","","","","0.0","2026-03-25","","","","","Prospecting","","10.0","","","0.0","0.0","false","false","","","Rendery","",""
"a08RB00001Z1G9xYAF","005d5000005X5qEAAS","false","Soo-create","2026-06-21T16:02:54.000Z","005d5000005X5qEAAS","2026-07-19T04:40:24.000Z","005d5000005X5qEAAS","2026-07-19T04:40:24.000Z","","","","0.0","","","月","","","","12.0","","","","0.0","","","","","","Prospecting","","10.0","","","0.0","0.0","false","false","","","Rendery","",""
"a08RB00001Z1G9yYAF","005d5000005X5qEAAS","false","株式会社バトンデザイン","2026-06-21T16:02:54.000Z","005d5000005X5qEAAS","2026-07-19T04:40:24.000Z","005d5000005X5qEAAS","2026-07-19T04:40:24.000Z","","","","0.0","","","月","","","2026-04-30","12.0","","","","0.0","","","","","","Prospecting","","10.0","","","0.0","0.0","false","false","","","Rendery","",""
"a08RB00001Z1G9zYAF","005d5000005X5qEAAS","false","三井住友建設株式会社","2026-06-21T16:02:54.000Z","005d5000005X5qEAAS","2026-07-22T12:21:24.000Z","005RB00000YoJyLYAV","2026-07-22T12:21:24.000Z","","","","","001RB00001VTqeXYAT","003RB00001NsNl0YAF","月","","","2026-06-01","12.0","","","","8000.0","","","","","","ValueProposition","","50.0","","","96000.0","48000.0","false","false","1.0","Pro","Rendery","",""
"a08RB00001Z1GA0YAN","005d5000005X5qEAAS","false","株式会社ジョイフル本田","2026-06-21T16:02:54.000Z","005d5000005X5qEAAS","2026-07-19T04:40:24.000Z","005d5000005X5qEAAS","2026-07-19T04:40:24.000Z","","","","0.0","","","月","","","","12.0","","2026-04-01","Support or track record concern","0.0","","","","","","Closed Lost","2026-04-01","","","","0.0","0.0","true","false","","","Rendery","",""
"a08RB00001Z1GA1YAN","005d5000005X5qEAAS","false","愛知株式会社","2026-06-21T16:02:54.000Z","005d5000005X5qEAAS","2026-07-19T04:40:24.000Z","005d5000005X5qEAAS","2026-07-19T04:40:24.000Z","","","","105600.0","","","月","","","2026-04-29","12.0","","","","8800.0","2026-04-13","","","","","Closed Won","2026-04-24","100.0","","","105600.0","105600.0","true","true","1.0","Pro","Rendery","",""
"a08RB00001Z1GA2YAN","005d5000005X5qEAAS","false","戸田建設株式会社","2026-06-21T16:02:54.000Z","005d5000005X5qEAAS","2026-07-28T01:24:06.000Z","005d5000005X5qEAAS","2026-07-28T01:24:06.000Z","","","","1260000.0","","","月","","","","12.0","","","","105000.0","","","","","","Closed Won","","100.0","","","1260000.0","1260000.0","true","true","7.0","Enterprise","Rendery","S1",""
"a08RB00001Z1GA3YAN","005d5000005X5qEAAS","false","株式会社ジョイフル本田","2026-06-21T16:02:54.000Z","005d5000005X5qEAAS","2026-07-19T04:40:24.000Z","005d5000005X5qEAAS","2026-07-19T04:40:24.000Z","","","","900000.0","","","月","","","","12.0","","2026-03-30","Key person unreachable","75000.0","","","","","","Closed Lost","2026-03-30","","","","900000.0","0.0","true","false","5.0","Enterprise","Rendery","",""
"a08RB00001Z1GA4YAN","005d5000005X5qEAAS","false","JOA株式会社","2026-06-21T16:02:54.000Z","005d5000005X5qEAAS","2026-07-19T04:40:24.000Z","005d5000005X5qEAAS","2026-07-19T04:40:24.000Z","","","","0.0","","","月","","","","12.0","","","","0.0","","","","","","Prospecting","","10.0","","","0.0","0.0","false","false","","","Rendery","",""
"a08RB00001Z1GA5YAN","005d5000005X5qEAAS","false","株式会社前田工務店","2026-06-21T16:02:54.000Z","005d5000005X5qEAAS","2026-07-19T04:40:24.000Z","005d5000005X5qEAAS","2026-07-19T04:40:24.000Z","","","","900000.0","","","月","","","","12.0","","","","75000.0","","","","","","Closed Lost","","","","","900000.0","0.0","true","false","5.0","Enterprise","Rendery","",""
"a08RB00001Z1GA6YAN","005d5000005X5qEAAS","false","株式会社ジーク","2026-06-21T16:02:54.000Z","005d5000005X5qEAAS","2026-07-22T12:37:55.000Z","005RB00000YoJyLYAV","2026-07-22T12:37:55.000Z","","","","900000.0","001RB00001VTqsxYAD","003RB00001NsWvkYAF","月","","","","12.0","","","","75000.0","","","","","","Prospecting","","10.0","","","900000.0","90000.0","false","false","5.0","Enterprise","Rendery","",""
"a08RB00001Z1GA7YAN","005d5000005X5qEAAS","false","東急不動産ホールディングス株式会社/東急不動産株式会社（S)","2026-06-21T16:02:54.000Z","005d5000005X5qEAAS","2026-07-19T04:40:24.000Z","005d5000005X5qEAAS","2026-07-19T04:40:24.000Z","","","","3420000.0","","","月","","","","12.0","","2026-05-29","Support or track record concern","285000.0","","","","","","Closed Lost","2026-05-29","","","","3420000.0","0.0","true","false","19.0","Enterprise","Rendery","",""
"a08RB00001Z1GA8YAN","005d5000005X5qEAAS","false","株式会社サンテン・コーポレーション","2026-06-21T16:02:54.000Z","005d5000005X5qEAAS","2026-07-19T04:40:24.000Z","005d5000005X5qEAAS","2026-07-19T04:40:24.000Z","","","","0.0","","","月","","","","12.0","","","","0.0","","","","","","Qualification","","20.0","","","0.0","0.0","false","false","","","Rendery","",""
"a08RB00001Z1GA9YAN","005RB00000grTzlYAE","false","株式会社ABC店舗","2026-06-21T16:02:54.000Z","005d5000005X5qEAAS","2026-07-30T04:29:21.000Z","005RB00000grTzlYAE","2026-07-30T04:29:21.000Z","","","","0.0","","","月","","","","12.0","","","","8800.0","","","","","","Closed Lost","","20.0","","2026-04-01","105600.0","21120.0","true","false","1.0","Pro","Rendery","","2026/04"
"a08RB00001Z1GAAYA3","005d5000005X5qEAAS","false","亜利 渡辺","2026-06-21T16:02:54.000Z","005d5000005X5qEAAS","2026-07-19T04:40:24.000Z","005d5000005X5qEAAS","2026-07-19T04:40:24.000Z","","","","105600.0","","","月","","","","12.0","","","","8800.0","","","","","","Closed Won","2026-03-30","100.0","","","105600.0","105600.0","true","true","1.0","Pro","Rendery","",""
"a08RB00001Z1GABYA3","005d5000005X5qEAAS","false","東京建物株式会社","2026-06-21T16:02:54.000Z","005d5000005X5qEAAS","2026-07-29T06:21:22.000Z","005RB00000YoJyLYAV","2026-07-29T06:21:22.000Z","","","","2660000.0","","","月","","","2026-10-01","12.0","","","","205000.0","2026-05-15","","","","","ValueProposition","","50.0","","2026-10-01","2460000.0","1230000.0","false","false","14.0","Enterprise","Rendery","","2026/10"
"a08RB00001Z1GACYA3","005d5000005X5qEAAS","false","株式会社ecoaハウス","2026-06-21T16:02:54.000Z","005d5000005X5qEAAS","2026-08-10T02:16:30.000Z","005RB00000eezKIYAY","2026-08-10T02:16:30.000Z","","","","900000.0","","","月","","","2026-04-01","12.0","","","","75000.0","","","","","","Closed Won","2026-04-09","100.0","","2026-04-01","900000.0","900000.0","true","true","5.0","Enterprise","Rendery","S4","2026/04"
"a08RB00001Z1GADYA3","005d5000005X5qEAAS","false","株式会社フォーデック の取引","2026-06-21T16:02:54.000Z","005d5000005X5qEAAS","2026-07-19T04:40:24.000Z","005d5000005X5qEAAS","2026-07-19T04:40:24.000Z","","","","422400.0","","","月","","","2026-04-30","12.0","","","","35200.0","2026-04-13","","","","","ValueProposition","","50.0","","","422400.0","211200.0","false","false","4.0","Pro","Rendery","",""
"a08RB00001Z1GAEYA3","005d5000005X5qEAAS","false","株式会社KOGA設計 の取引","2026-06-21T16:02:54.000Z","005d5000005X5qEAAS","2026-07-19T04:40:24.000Z","005d5000005X5qEAAS","2026-07-19T04:40:24.000Z","","","","316800.0","","","月","","","","12.0","","","","26400.0","2026-04-10","","","","","Closed Lost","","","","","316800.0","0.0","true","false","3.0","Pro","Rendery","",""
"a08RB00001Z1GAFYA3","005d5000005X5qEAAS","false","株式会社建築工房時温","2026-06-21T16:02:54.000Z","005d5000005X5qEAAS","2026-07-19T04:40:24.000Z","005d5000005X5qEAAS","2026-07-19T04:40:24.000Z","","","","0.0","","","月","","","","12.0","","","","0.0","","","","","","Qualification","","20.0","","","0.0","0.0","false","false","","","Rendery","",""
"a08RB00001Z1GAGYA3","005RB00000grTzlYAE","false","アルデ　アーキテクト＆アソシエイツ","2026-06-21T16:02:54.000Z","005d5000005X5qEAAS","2026-07-30T04:29:21.000Z","005RB00000grTzlYAE","2026-07-30T04:29:21.000Z","","","","105600.0","","","月","","","2026-04-22","12.0","","","","8800.0","","","","","","Closed Lost","","50.0","","2026-05-01","105600.0","52800.0","true","false","1.0","Pro","Rendery","","2026/05"
"a08RB00001Z1GAHYA3","005d5000005X5qEAAS","false","アルスホーム株式会社","2026-06-21T16:02:54.000Z","005d5000005X5qEAAS","2026-06-21T16:02:54.000Z","005d5000005X5qEAAS","2026-06-21T16:02:54.000Z","","","","2700000.0","","","月","","","","12.0","","","","225000.0","","","","","","ValueProposition","","50.0","","","2700000.0","1350000.0","false","false","","","","",""
"a08RB00001Z1GAIYA3","005RB00000grTzlYAE","false","小河建築設計事務所","2026-06-21T16:02:54.000Z","005d5000005X5qEAAS","2026-07-30T04:29:21.000Z","005RB00000grTzlYAE","2026-07-30T04:29:21.000Z","","","","211200.0","","","月","","","2026-04-22","12.0","","","","17600.0","","","","","","ValueProposition","","50.0","","2026-05-01","211200.0","105600.0","false","false","2.0","Pro","Rendery","","2026/05"
"a08RB00001Z1GAJYA3","005RB00000grTzlYAE","false","株式会社蔵王建設","2026-06-21T16:02:54.000Z","005d5000005X5qEAAS","2026-07-30T04:29:21.000Z","005RB00000grTzlYAE","2026-07-30T04:29:21.000Z","","","","105600.0","","","月","","","","12.0","","","","8800.0","","","","","","ValueProposition","","50.0","","2026-05-01","105600.0","52800.0","false","false","1.0","Pro","Rendery","","2026/05"
"a08RB00001Z1GAKYA3","005d5000005X5qEAAS","false","福島県インテリアコーディネーター協会","2026-06-21T16:02:54.000Z","005d5000005X5qEAAS","2026-07-19T04:40:24.000Z","005d5000005X5qEAAS","2026-07-19T04:40:24.000Z","","","","0.0","","","月","","","","12.0","","","","0.0","","","","","","Qualification","","20.0","","","0.0","0.0","false","false","","","Rendery","",""
"a08RB00001Z1GALYA3","005d5000005X5qEAAS","false","株式会社プラスチックアーキテクツ","2026-06-21T16:02:54.000Z","005d5000005X5qEAAS","2026-07-19T04:40:24.000Z","005d5000005X5qEAAS","2026-07-19T04:40:24.000Z","","","","0.0","","","月","","","","12.0","","","","0.0","","","","","","Qualification","","20.0","","","0.0","0.0","false","false","","","Rendery","",""
"a08RB00001Z1GAMYA3","005d5000005X5qEAAS","false","建築事務所TESSEN","2026-06-21T16:02:54.000Z","005d5000005X5qEAAS","2026-07-19T04:40:24.000Z","005d5000005X5qEAAS","2026-07-19T04:40:24.000Z","","","","105600.0","","","月","","","2026-04-08","12.0","","","","8800.0","","","","","","Closed Won","2026-04-10","100.0","","","105600.0","105600.0","true","true","1.0","Pro","Rendery","",""
"a08RB00001Z1GANYA3","005d5000005X5qEAAS","false","大成建設ハウジング株式会社","2026-06-21T16:02:54.000Z","005d5000005X5qEAAS","2026-07-19T04:40:24.000Z","005d5000005X5qEAAS","2026-07-19T04:40:24.000Z","","","","0.0","","","月","","","","12.0","","","","0.0","","","","","","Qualification","","20.0","","","0.0","0.0","false","false","","","Rendery","",""
"a08RB00001Z1GAOYA3","005d5000005X5qEAAS","false","立花産業株式会社","2026-06-21T16:02:54.000Z","005d5000005X5qEAAS","2026-07-19T04:40:24.000Z","005d5000005X5qEAAS","2026-07-19T04:40:24.000Z","","","","316800.0","","","月","","","2026-05-01","12.0","","","","26400.0","2026-04-13","","","","","Prospecting","","10.0","","","316800.0","31680.0","false","false","3.0","Pro","Rendery","",""
"a08RB00001Z1GAPYA3","005d5000005X5qEAAS","false","大日本土木株式会社","2026-06-21T16:02:54.000Z","005d5000005X5qEAAS","2026-07-19T04:40:24.000Z","005d5000005X5qEAAS","2026-07-19T04:40:24.000Z","","","","0.0","","","月","","","2026-05-31","12.0","","","","0.0","2026-05-12","","","","","Prospecting","","10.0","","","0.0","0.0","false","false","","","Rendery","",""
"a08RB00001Z1GAQYA3","005d5000005X5qEAAS","false","株式会社スタイルテック総合計画","2026-06-21T16:02:54.000Z","005d5000005X5qEAAS","2026-06-21T16:02:54.000Z","005d5000005X5qEAAS","2026-06-21T16:02:54.000Z","","","","900000.0","","","月","","","","12.0","","","","75000.0","","","","","","Prospecting","","10.0","","","900000.0","90000.0","false","false","","","","",""
"a08RB00001Z1GARYA3","005d5000005X5qEAAS","false","株式会社CPO設計","2026-06-21T16:02:54.000Z","005d5000005X5qEAAS","2026-07-19T04:40:24.000Z","005d5000005X5qEAAS","2026-07-19T04:40:24.000Z","","","","0.0","","","月","","","","12.0","","","","0.0","2026-04-03","","","","","Qualification","","20.0","","","0.0","0.0","false","false","","","Rendery","",""
"a08RB00001Z1GASYA3","005d5000005X5qEAAS","false","花岡徳秋建築設計事務所","2026-06-21T16:02:54.000Z","005d5000005X5qEAAS","2026-07-19T04:40:24.000Z","005d5000005X5qEAAS","2026-07-19T04:40:24.000Z","","","","0.0","","","月","","","","12.0","","","","0.0","2026-04-03","","","","","Qualification","","20.0","","","0.0","0.0","false","false","","","Rendery","",""
"a08RB00001Z1GATYA3","005d5000005X5qEAAS","false","株式会社スリースター","2026-06-21T16:02:54.000Z","005d5000005X5qEAAS","2026-07-19T04:40:24.000Z","005d5000005X5qEAAS","2026-07-19T04:40:24.000Z","","","","0.0","","","月","","","","12.0","","","","0.0","","","","","","Qualification","","20.0","","","0.0","0.0","false","false","","","Rendery","",""
"a08RB00001Z1GAUYA3","005d5000005X5qEAAS","false","株式会社カプテリ","2026-06-21T16:02:54.000Z","005d5000005X5qEAAS","2026-07-19T04:40:24.000Z","005d5000005X5qEAAS","2026-07-19T04:40:24.000Z","","","","105600.0","","","月","","","","12.0","","","","8800.0","2026-04-13","","","","","Closed Lost","","","","","105600.0","0.0","true","false","1.0","Pro","Rendery","",""
"a08RB00001Z1GAVYA3","005d5000005X5qEAAS","false","株式会社ワカタケ","2026-06-21T16:02:54.000Z","005d5000005X5qEAAS","2026-07-19T04:40:24.000Z","005d5000005X5qEAAS","2026-07-19T04:40:24.000Z","","","","0.0","","","月","","","","12.0","","","","0.0","","","","","","Qualification","","20.0","","","0.0","0.0","false","false","","","Rendery","",""
"a08RB00001Z1GAWYA3","005d5000005X5qEAAS","false","株式会社ワンズ・レーニア","2026-06-21T16:02:54.000Z","005d5000005X5qEAAS","2026-07-19T04:40:24.000Z","005d5000005X5qEAAS","2026-07-19T04:40:24.000Z","","","","316800.0","","","月","","","","12.0","","","","26400.0","","","","","","Closed Won","2026-04-22","100.0","","","316800.0","316800.0","true","true","3.0","Pro","Rendery","",""
"a08RB00001Z1GAXYA3","005RB00000grTzlYAE","false","ABC店舗 の取引","2026-06-21T16:02:54.000Z","005d5000005X5qEAAS","2026-07-30T04:29:21.000Z","005RB00000grTzlYAE","2026-07-30T04:29:21.000Z","","","","0.0","","","月","","","","12.0","","","","0.0","","","","","","Closed Lost","","","","2026-04-01","0.0","0.0","true","false","","","Rendery","","2026/04"
"a08RB00001Z1GAYYA3","005d5000005X5qEAAS","false","株式会社ココディレクション の取引","2026-06-21T16:02:54.000Z","005d5000005X5qEAAS","2026-07-19T04:40:24.000Z","005d5000005X5qEAAS","2026-07-19T04:40:24.000Z","","","","105600.0","","","月","","","2026-04-28","12.0","","","","8800.0","","","","","","Closed Won","2026-05-11","100.0","","","105600.0","105600.0","true","true","1.0","Pro","Rendery","",""
"a08RB00001Z1GAZYA3","005d5000005X5qEAAS","false","伊藤喜商事株式会社","2026-06-21T16:02:54.000Z","005d5000005X5qEAAS","2026-07-19T04:40:24.000Z","005d5000005X5qEAAS","2026-07-19T04:40:24.000Z","","","","0.0","","","月","","","","12.0","","","","0.0","","","","","","Qualification","","20.0","","","0.0","0.0","false","false","","","Rendery","",""
"a08RB00001Z1GAaYAN","005RB00000grTzlYAE","false","株式会社ABC店舗","2026-06-21T16:02:54.000Z","005d5000005X5qEAAS","2026-07-30T04:29:21.000Z","005RB00000grTzlYAE","2026-07-30T04:29:21.000Z","","","","0.0","","","月","","","","12.0","","","","8800.0","","","","","","Closed Lost","","","","2026-04-01","105600.0","0.0","true","false","1.0","Pro","Rendery","","2026/04"
"a08RB00001Z1GAbYAN","005d5000005X5qEAAS","false","西畑設計","2026-06-21T16:02:54.000Z","005d5000005X5qEAAS","2026-07-19T04:40:24.000Z","005d5000005X5qEAAS","2026-07-19T04:40:24.000Z","","","","105600.0","","","月","","","2026-04-08","12.0","","","","8800.0","","","","","","Closed Won","2026-04-08","100.0","","","105600.0","105600.0","true","true","1.0","Pro","Rendery","",""
"a08RB00001Z1GAcYAN","005d5000005X5qEAAS","false","富田商事株式会社","2026-06-21T16:02:54.000Z","005d5000005X5qEAAS","2026-07-19T04:40:24.000Z","005d5000005X5qEAAS","2026-07-19T04:40:24.000Z","","","","900000.0","","","月","","","","12.0","","","","75000.0","","","","","","Prospecting","","10.0","","","900000.0","90000.0","false","false","5.0","Enterprise","Rendery","",""
"a08RB00001Z1GAdYAN","005d5000005X5qEAAS","false","株式会社DAN都市デザイン","2026-06-21T16:02:54.000Z","005d5000005X5qEAAS","2026-07-22T12:20:33.000Z","005RB00000YoJyLYAV","2026-07-22T12:20:33.000Z","","","","1440000.0","001RB00001VTrnRYAT","003RB00001NsNwyYAF","月","","","2026-07-01","12.0","","","","120000.0","","","","","","Prospecting","","10.0","","","1440000.0","144000.0","false","false","8.0","Enterprise","Rendery","",""
"a08RB00001Z1GAeYAN","005d5000005X5qEAAS","false","佑亮 西浦","2026-06-21T16:02:54.000Z","005d5000005X5qEAAS","2026-07-19T04:40:24.000Z","005d5000005X5qEAAS","2026-07-19T04:40:24.000Z","","","","105600.0","","","月","","","","12.0","","","","8800.0","","","","","","Closed Won","2026-04-08","100.0","","","105600.0","105600.0","true","true","1.0","Pro","Rendery","",""
"a08RB00001Z1GAfYAN","005d5000005X5qEAAS","false","Leon TSE","2026-06-21T16:02:54.000Z","005d5000005X5qEAAS","2026-07-19T04:40:24.000Z","005d5000005X5qEAAS","2026-07-19T04:40:24.000Z","","","","66000.0","","","月","","","","12.0","","","","5500.0","","","","","","Closed Won","2026-04-08","100.0","","","66000.0","66000.0","true","true","1.0","Basic","Rendery","",""
"a08RB00001Z1GAgYAN","005d5000005X5qEAAS","false","株式会社ドムコス","2026-06-21T16:02:54.000Z","005d5000005X5qEAAS","2026-07-19T04:40:24.000Z","005d5000005X5qEAAS","2026-07-19T04:40:24.000Z","","","","105600.0","","","月","","","2026-04-29","12.0","","","","8800.0","","","","","","Closed Won","2026-04-09","100.0","","","105600.0","105600.0","true","true","1.0","Pro","Rendery","",""
"a08RB00001Z1GAhYAN","005d5000005X5qEAAS","false","株式会社龍美一級建築士事務所","2026-06-21T16:02:54.000Z","005d5000005X5qEAAS","2026-07-19T04:40:24.000Z","005d5000005X5qEAAS","2026-07-19T04:40:24.000Z","","","","0.0","","","月","","","","12.0","","","","0.0","","","","","","Qualification","","20.0","","","0.0","0.0","false","false","","","Rendery","",""
"a08RB00001Z1GAiYAN","005d5000005X5qEAAS","false","株式会社フィールド・デザイン・アーキテクツ一級建築士事務所","2026-06-21T16:02:54.000Z","005d5000005X5qEAAS","2026-07-19T04:40:24.000Z","005d5000005X5qEAAS","2026-07-19T04:40:24.000Z","","","","105600.0","","","月","","","2026-04-10","12.0","","","","8800.0","","","","","","Closed Won","2026-04-10","100.0","","","105600.0","105600.0","true","true","1.0","Pro","Rendery","",""
"a08RB00001Z1GAjYAN","005d5000005X5qEAAS","false","若築建設株式会社","2026-06-21T16:02:54.000Z","005d5000005X5qEAAS","2026-06-21T16:02:54.000Z","005d5000005X5qEAAS","2026-06-21T16:02:54.000Z","","","","0.0","","","月","","","","12.0","","","","0.0","","","","","","Closed Won","2026-06-04","100.0","","","0.0","0.0","true","true","","","","",""
"a08RB00001Z1GAkYAN","005d5000005X5qEAAS","false","杉本興業株式会社","2026-06-21T16:02:54.000Z","005d5000005X5qEAAS","2026-07-19T04:40:24.000Z","005d5000005X5qEAAS","2026-07-19T04:40:24.000Z","","","","0.0","","","月","","","","12.0","","","","0.0","","","","","","Closed Lost","","","","","0.0","0.0","true","false","","","Rendery","",""
"a08RB00001Z1GAlYAN","005RB00000grTzlYAE","false","株式会社イーマックエンジニアリング","2026-06-21T16:02:54.000Z","005d5000005X5qEAAS","2026-07-30T04:29:21.000Z","005RB00000grTzlYAE","2026-07-30T04:29:21.000Z","","","","0.0","","","月","","","","12.0","","","","8800.0","","","","","","Closed Lost","","20.0","","2026-05-01","105600.0","21120.0","true","false","1.0","Pro","Rendery","","2026/05"
"a08RB00001Z1GAmYAN","005d5000005X5qEAAS","false","リストデベロップメント株式会社","2026-06-21T16:02:54.000Z","005d5000005X5qEAAS","2026-07-19T04:40:24.000Z","005d5000005X5qEAAS","2026-07-19T04:40:24.000Z","","","","0.0","","","月","","","2026-05-31","12.0","","","","0.0","2026-04-15","","","","","Prospecting","","10.0","","","0.0","0.0","false","false","","","Rendery","",""
"a08RB00001Z1GAnYAN","005d5000005X5qEAAS","false","JBリアルエステート株式会社","2026-06-21T16:02:54.000Z","005d5000005X5qEAAS","2026-07-19T04:40:24.000Z","005d5000005X5qEAAS","2026-07-19T04:40:24.000Z","","","","145200.0","","","月","","","","12.0","","","","12100.0","","","","","","Closed Won","2026-04-10","100.0","","","145200.0","145200.0","true","true","1.0","Basic","knock knock AI","",""
"a08RB00001Z1GAoYAN","005d5000005X5qEAAS","false","安井建築設計事務所","2026-06-21T16:02:54.000Z","005d5000005X5qEAAS","2026-07-19T04:40:24.000Z","005d5000005X5qEAAS","2026-07-19T04:40:24.000Z","","","","105600.0","","","月","","","2026-04-15","12.0","","","","8800.0","","","","","","Closed Won","2026-04-22","100.0","","","105600.0","105600.0","true","true","1.0","Pro","Rendery","",""
"a08RB00001Z1GApYAN","005d5000005X5qEAAS","false","株式会社良品計画","2026-06-21T16:02:54.000Z","005d5000005X5qEAAS","2026-07-22T12:38:45.000Z","005RB00000YoJyLYAV","2026-07-22T12:38:45.000Z","","","","2140000.0","001RB00001VTrqgYAD","003RB00001NsO5aYAF","月","","","2026-09-01","12.0","","","","170000.0","","","","","","Prospecting","","10.0","","2026-09-01","2040000.0","204000.0","false","false","12.0","Enterprise","Rendery","","2026/09"
"a08RB00001Z1GAqYAN","005d5000005X5qEAAS","false","株式会社マルモリカンパニー","2026-06-21T16:02:54.000Z","005d5000005X5qEAAS","2026-07-19T04:40:24.000Z","005d5000005X5qEAAS","2026-07-19T04:40:24.000Z","","","","0.0","","","月","","","","12.0","","","","0.0","","","","","","Qualification","","20.0","","","0.0","0.0","false","false","","","Rendery","",""
"a08RB00001Z1GArYAN","005d5000005X5qEAAS","false","匠堂 合同会社","2026-06-21T16:02:54.000Z","005d5000005X5qEAAS","2026-07-19T04:40:24.000Z","005d5000005X5qEAAS","2026-07-19T04:40:24.000Z","","","","0.0","","","月","","","","12.0","","","","0.0","","","","","","Qualification","","20.0","","","0.0","0.0","false","false","","","Rendery","",""
"a08RB00001Z1GAsYAN","005d5000005X5qEAAS","false","株式会社CABON","2026-06-21T16:02:54.000Z","005d5000005X5qEAAS","2026-07-19T04:40:24.000Z","005d5000005X5qEAAS","2026-07-19T04:40:24.000Z","","","","105600.0","","","月","","","2026-04-15","12.0","","","","8800.0","","","","","","Closed Won","2026-04-15","100.0","","","105600.0","105600.0","true","true","1.0","Pro","Rendery","",""
"a08RB00001Z1GAtYAN","005d5000005X5qEAAS","false","株式会社 ヨネダ","2026-06-21T16:02:54.000Z","005d5000005X5qEAAS","2026-07-19T04:40:24.000Z","005d5000005X5qEAAS","2026-07-19T04:40:24.000Z","","","","900000.0","","","月","","","2026-05-13","12.0","","2026-06-01","Budget shortage - initial or migration cost","75000.0","","","","","","Closed Lost","2026-06-01","","","","900000.0","0.0","true","false","5.0","Enterprise","Rendery","",""
"a08RB00001Z1GAuYAN","005d5000005X5qEAAS","false","四反田建築設計事務所","2026-06-21T16:02:54.000Z","005d5000005X5qEAAS","2026-07-19T04:40:24.000Z","005d5000005X5qEAAS","2026-07-19T04:40:24.000Z","","","","0.0","","","月","","","","12.0","","","","0.0","","","","","","Qualification","","20.0","","","0.0","0.0","false","false","","","Rendery","",""
"a08RB00001Z1GAvYAN","005d5000005X5qEAAS","false","平倉建設株式会社","2026-06-21T16:02:54.000Z","005d5000005X5qEAAS","2026-07-19T04:40:24.000Z","005d5000005X5qEAAS","2026-07-19T04:40:24.000Z","","","","0.0","","","月","","","","12.0","","","","0.0","","","","","","Qualification","","20.0","","","0.0","0.0","false","false","","","Rendery","",""
"a08RB00001Z1GAwYAN","005d5000005X5qEAAS","false","株式会社フジタ 建築本部 BIM推進統括部","2026-06-21T16:02:54.000Z","005d5000005X5qEAAS","2026-06-21T16:02:54.000Z","005d5000005X5qEAAS","2026-06-21T16:02:54.000Z","","","","0.0","","","月","","","","12.0","","","","0.0","2026-04-28","","","","","Prospecting","","10.0","","","0.0","0.0","false","false","","","","",""
"a08RB00001Z1GAxYAN","005d5000005X5qEAAS","false","西日本旅客鉄道株式会社","2026-06-21T16:02:54.000Z","005d5000005X5qEAAS","2026-07-19T04:40:24.000Z","005d5000005X5qEAAS","2026-07-19T04:40:24.000Z","","","","105600.0","","","月","","","2026-04-30","12.0","","","","8800.0","","","","","","Closed Won","2026-05-11","100.0","","","105600.0","105600.0","true","true","1.0","Pro","Rendery","",""
"a08RB00001Z1GAyYAN","005d5000005X5qEAAS","false","株式会社ecoaハウス","2026-06-21T16:02:54.000Z","005d5000005X5qEAAS","2026-06-21T16:02:54.000Z","005d5000005X5qEAAS","2026-06-21T16:02:54.000Z","","","","0.0","","","月","","","","12.0","","","","0.0","","","","","","Prospecting","","10.0","","","0.0","0.0","false","false","","","","",""
"a08RB00001Z1GAzYAN","005d5000005X5qEAAS","false","株式会社クラウドトップ","2026-06-21T16:02:54.000Z","005d5000005X5qEAAS","2026-06-21T16:02:54.000Z","005d5000005X5qEAAS","2026-06-21T16:02:54.000Z","","","","105600.0","","","月","","","","12.0","","","","8800.0","","","","","","Qualification","","20.0","","","105600.0","21120.0","false","false","","","","",""
"a08RB00001Z1GB0YAN","005d5000005X5qEAAS","false","株式会社グリーンズ","2026-06-21T16:02:54.000Z","005d5000005X5qEAAS","2026-07-19T04:40:24.000Z","005d5000005X5qEAAS","2026-07-19T04:40:24.000Z","","","","0.0","","","月","","","","12.0","","","","0.0","","","","","","Qualification","","20.0","","","0.0","0.0","false","false","","","Rendery","",""
"a08RB00001Z1GB1YAN","005d5000005X5qEAAS","false","近鉄不動産株式会社","2026-06-21T16:02:54.000Z","005d5000005X5qEAAS","2026-07-19T04:40:24.000Z","005d5000005X5qEAAS","2026-07-19T04:40:24.000Z","","","","0.0","","","月","","","","12.0","","","","0.0","","","","","","Prospecting","","10.0","","","0.0","0.0","false","false","","","Rendery","",""
"a08RB00001Z1GB2YAN","005d5000005X5qEAAS","false","株式会社コスモスイニシア","2026-06-21T16:02:54.000Z","005d5000005X5qEAAS","2026-07-19T04:40:24.000Z","005d5000005X5qEAAS","2026-07-19T04:40:24.000Z","","","","0.0","","","月","","","","12.0","","","","0.0","","","","","","Prospecting","","10.0","","","0.0","0.0","false","false","","","Rendery","",""
"a08RB00001Z1GB3YAN","005d5000005X5qEAAS","false","センコー産業株式会社","2026-06-21T16:02:54.000Z","005d5000005X5qEAAS","2026-08-04T04:16:32.000Z","005RB00000eIlkbYAC","2026-08-04T04:16:32.000Z","","","","0.0","001RB00001VTrqmYAD","003RB00001NsORXYA3","月","","","","12.0","","","","8000.0","","","","","","Closed Won","","100.0","","2026-08-01","96000.0","96000.0","true","true","1.0","Pro","Rendery","","2026/08"
"a08RB00001Z1GB4YAN","005d5000005X5qEAAS","false","株式会社ノットコーポレーション","2026-06-21T16:02:54.000Z","005d5000005X5qEAAS","2026-07-19T04:40:24.000Z","005d5000005X5qEAAS","2026-07-19T04:40:24.000Z","","","","900000.0","","","月","","","2026-06-01","12.0","","2026-05-26","No agreement on issue or setup","75000.0","","","","","","Closed Lost","2026-05-26","","","","900000.0","0.0","true","false","5.0","Enterprise","Rendery","",""
"a08RB00001Z1GB5YAN","005d5000005X5qEAAS","false","株式会社クラウドトップ","2026-06-21T16:02:54.000Z","005d5000005X5qEAAS","2026-06-21T16:02:54.000Z","005d5000005X5qEAAS","2026-06-21T16:02:54.000Z","","","","105600.0","","","月","","","2026-04-29","12.0","","","","8800.0","","","","","","Negotiation","","80.0","","","105600.0","84480.0","false","false","","","","",""
"a08RB00001Z1GB6YAN","005d5000005X5qEAAS","false","株式会社 秋山立花","2026-06-21T16:02:54.000Z","005d5000005X5qEAAS","2026-07-19T04:40:24.000Z","005d5000005X5qEAAS","2026-07-19T04:40:24.000Z","","","","105600.0","","","月","","","2026-04-24","12.0","","","","8800.0","","","","","","Closed Won","2026-04-24","100.0","","","105600.0","105600.0","true","true","1.0","Pro","Rendery","",""
"a08RB00001Z1GB7YAN","005d5000005X5qEAAS","false","株式会社 秋山立花","2026-06-21T16:02:54.000Z","005d5000005X5qEAAS","2026-07-19T04:40:24.000Z","005d5000005X5qEAAS","2026-07-19T04:40:24.000Z","","","","900000.0","","","月","","","2026-06-30","12.0","","","","75000.0","","","","","","ValueProposition","","50.0","","","900000.0","450000.0","false","false","5.0","Enterprise","Rendery","",""
"a08RB00001Z1GB8YAN","005d5000005X5qEAAS","false","TAKUYA RIKIMARU","2026-06-21T16:02:54.000Z","005d5000005X5qEAAS","2026-07-19T04:40:24.000Z","005d5000005X5qEAAS","2026-07-19T04:40:24.000Z","","","","105600.0","","","月","","","","12.0","","","","8800.0","","","","","","Closed Won","2026-04-27","100.0","","","105600.0","105600.0","true","true","1.0","Pro","Rendery","",""
"a08RB00001Z1GB9YAN","005d5000005X5qEAAS","false","ノーマンズランドアソシエイツ1級建築士事務所","2026-06-21T16:02:54.000Z","005d5000005X5qEAAS","2026-07-19T04:40:24.000Z","005d5000005X5qEAAS","2026-07-19T04:40:24.000Z","","","","105600.0","","","月","","","","12.0","","","","8800.0","","","","","","Qualification","","20.0","","","105600.0","21120.0","false","false","1.0","Pro","Rendery","",""
"a08RB00001Z1GBAYA3","005RB00000grTzlYAE","false","オゾン設計室","2026-06-21T16:02:54.000Z","005d5000005X5qEAAS","2026-07-30T04:29:21.000Z","005RB00000grTzlYAE","2026-07-30T04:29:21.000Z","","","","105600.0","","","月","","","","12.0","","","","8800.0","","","","","","Closed Won","","100.0","","2026-07-18","105600.0","105600.0","true","true","1.0","Pro","Rendery","","2026/07"
"a08RB00001Z1GBBYA3","005d5000005X5qEAAS","false","株式会社テイクアンドギヴ・ニーズ","2026-06-21T16:02:54.000Z","005d5000005X5qEAAS","2026-07-08T03:39:39.000Z","005RB00000YoJyLYAV","2026-07-08T03:39:39.000Z","","","","528000.0","","","月","","","2026-06-26","12.0","","","","44000.0","","","","","","Applove","","50.0","","","528000.0","264000.0","false","false","","","","",""
"a08RB00001Z1GBCYA3","005d5000005X5qEAAS","false","K2デザインオフィス","2026-06-21T16:02:54.000Z","005d5000005X5qEAAS","2026-08-06T07:10:00.000Z","005RB00000grTmrYAE","2026-08-06T07:10:00.000Z","","","","105600.0","","","月","","","","12.0","","","","8800.0","2026-05-14","","","","","Negotiation","","80.0","","2026-06-01","105600.0","84480.0","false","false","1.0","Pro","Rendery","","2026/06"
"a08RB00001Z1GBDYA3","005d5000005X5qEAAS","false","株式会社ウィローズクラフト","2026-06-21T16:02:54.000Z","005d5000005X5qEAAS","2026-07-19T04:40:24.000Z","005d5000005X5qEAAS","2026-07-19T04:40:24.000Z","","","","316800.0","","","月","","","","12.0","","","","26400.0","","","","","","Qualification","","20.0","","","316800.0","63360.0","false","false","3.0","Pro","Rendery","",""
"a08RB00001Z1GBEYA3","005d5000005X5qEAAS","false","株式会社三木組","2026-06-21T16:02:54.000Z","005d5000005X5qEAAS","2026-07-19T04:40:24.000Z","005d5000005X5qEAAS","2026-07-19T04:40:24.000Z","","","","211200.0","","","月","","","","12.0","","","","17600.0","","","","","","Qualification","","20.0","","","211200.0","42240.0","false","false","2.0","Pro","Rendery","",""
"a08RB00001Z1GBFYA3","005d5000005X5qEAAS","false","エステック不動産投資顧問株式会社","2026-06-21T16:02:54.000Z","005d5000005X5qEAAS","2026-07-19T04:40:24.000Z","005d5000005X5qEAAS","2026-07-19T04:40:24.000Z","","","","316800.0","","","月","","","","12.0","","","","26400.0","","","","","","Qualification","","20.0","","","316800.0","63360.0","false","false","3.0","Pro","Rendery","",""
"a08RB00001Z1GBGYA3","005d5000005X5qEAAS","false","株式会社フロンティアコンサルティング","2026-06-21T16:02:54.000Z","005d5000005X5qEAAS","2026-07-28T01:24:06.000Z","005d5000005X5qEAAS","2026-07-28T01:24:06.000Z","","","","264000.0","","","月","","","2026-05-01","12.0","","","","22000.0","","","","","","Closed Won","2026-05-01","100.0","","","264000.0","264000.0","true","true","2.0","Enterprise","Rendery","S1",""
"a08RB00001Z1GBHYA3","005d5000005X5qEAAS","false","株式会社RYアーキテクツ","2026-06-21T16:02:54.000Z","005d5000005X5qEAAS","2026-07-19T04:40:24.000Z","005d5000005X5qEAAS","2026-07-19T04:40:24.000Z","","","","316800.0","","","月","","","2026-05-28","12.0","","","","26400.0","","","","","","Prospecting","","10.0","","","316800.0","31680.0","false","false","3.0","Pro","Rendery","",""
"a08RB00001Z1GBIYA3","005d5000005X5qEAAS","false","株式会社モーラデザイン","2026-06-21T16:02:54.000Z","005d5000005X5qEAAS","2026-07-19T04:40:24.000Z","005d5000005X5qEAAS","2026-07-19T04:40:24.000Z","","","","0.0","","","月","","","","12.0","","","","0.0","","","","","","Qualification","","20.0","","","0.0","0.0","false","false","","","Rendery","",""
"a08RB00001Z1GBJYA3","005d5000005X5qEAAS","false","株式会社ユニフィット","2026-06-21T16:02:54.000Z","005d5000005X5qEAAS","2026-07-19T04:40:24.000Z","005d5000005X5qEAAS","2026-07-19T04:40:24.000Z","","","","0.0","","","月","","","","12.0","","","","0.0","","","","","","Qualification","","20.0","","","0.0","0.0","false","false","","","Rendery","",""
"a08RB00001Z1GBKYA3","005d5000005X5qEAAS","false","カモン・アンド・アソシエイツ","2026-06-21T16:02:54.000Z","005d5000005X5qEAAS","2026-07-19T04:40:24.000Z","005d5000005X5qEAAS","2026-07-19T04:40:24.000Z","","","","105600.0","","","月","","","2026-05-31","12.0","","","","8800.0","","","","","","Closed Won","2026-05-11","100.0","","","105600.0","105600.0","true","true","1.0","Pro","Rendery","",""
"a08RB00001Z1GBLYA3","005d5000005X5qEAAS","false","有限会社芝田工務店","2026-06-21T16:02:54.000Z","005d5000005X5qEAAS","2026-06-21T16:02:54.000Z","005d5000005X5qEAAS","2026-06-21T16:02:54.000Z","","","","0.0","","","月","","","","12.0","","","","0.0","","","","","","Qualification","","20.0","","","0.0","0.0","false","false","","","","",""
"a08RB00001Z1GBMYA3","005RB00000grTzlYAE","false","株式会社ｎｅｓｔ建築設計室","2026-06-21T16:02:54.000Z","005d5000005X5qEAAS","2026-07-30T04:29:21.000Z","005RB00000grTzlYAE","2026-07-30T04:29:21.000Z","","","","105600.0","","","月","","","2026-06-04","12.0","","","","8800.0","","","","","","Qualification","","20.0","","2026-08-01","105600.0","21120.0","false","false","1.0","Pro","Rendery","","2026/08"
"a08RB00001Z1GBNYA3","005d5000005X5qEAAS","false","株式会社野村工務店（大塚商会）","2026-06-21T16:02:54.000Z","005d5000005X5qEAAS","2026-08-07T08:42:55.000Z","005RB00000YoJyLYAV","2026-08-07T08:42:55.000Z","","","","1444000.0","001RB00001VTrr2YAD","003RB00001NsORoYAN","年","","","2026-06-17","12.0","初回打合せ完了","","","120000.0","2026-05-12","","","提案済み","Referral","Closed Won","","100.0","","2026-07-01","1440000.0","1440000.0","true","true","10.0","Enterprise","Rendery","S1","2026/07"
"a08RB00001Z1GBOYA3","005d5000005X5qEAAS","false","株式会社デザインアーク","2026-06-21T16:02:54.000Z","005d5000005X5qEAAS","2026-07-28T01:24:06.000Z","005d5000005X5qEAAS","2026-07-28T01:24:06.000Z","","","","360000.0","","","月","","","2026-05-12","12.0","","","","30000.0","","","","","","Closed Won","2026-05-26","100.0","","","360000.0","360000.0","true","true","2.0","Enterprise","Rendery","S1",""
"a08RB00001Z1GBPYA3","005d5000005X5qEAAS","false","ジーク株式会社（福岡）","2026-06-21T16:02:54.000Z","005d5000005X5qEAAS","2026-08-10T02:16:26.000Z","005RB00000eezKIYAY","2026-08-10T02:16:26.000Z","","","","900000.0","","","月","","","2026-06-12","12.0","","","","75000.0","","","","","","Closed Won","","100.0","","2026-07-01","900000.0","900000.0","true","true","5.0","Enterprise","Rendery","S3","2026/07"
"a08RB00001Z1GBQYA3","005d5000005X5qEAAS","false","OPERA","2026-06-21T16:02:54.000Z","005d5000005X5qEAAS","2026-07-19T04:40:24.000Z","005d5000005X5qEAAS","2026-07-19T04:40:24.000Z","","","","105600.0","","","月","","","","12.0","","","","8800.0","","","","","","Closed Won","2026-05-12","100.0","","","105600.0","105600.0","true","true","1.0","Pro","Rendery","",""
"a08RB00001Z1GBRYA3","005d5000005X5qEAAS","false","JUNICHI HIGUCHI","2026-06-21T16:02:54.000Z","005d5000005X5qEAAS","2026-07-19T04:40:24.000Z","005d5000005X5qEAAS","2026-07-19T04:40:24.000Z","","","","105600.0","","","月","","","","12.0","","","","8800.0","","","","","","Closed Won","2026-05-12","100.0","","","105600.0","105600.0","true","true","1.0","Pro","Rendery","",""
"a08RB00001Z1GBTYA3","005d5000005X5qEAAS","false","豊通ファシリティーズ株式会社","2026-06-21T16:02:54.000Z","005d5000005X5qEAAS","2026-07-19T04:40:24.000Z","005d5000005X5qEAAS","2026-07-19T04:40:24.000Z","","","","105600.0","","","月","","","","12.0","","","","8800.0","","","","","","Closed Won","2026-05-18","100.0","","","105600.0","105600.0","true","true","1.0","Pro","Rendery","",""
"a08RB00001Z1GBUYA3","005d5000005X5qEAAS","false","グローアップ","2026-06-21T16:02:54.000Z","005d5000005X5qEAAS","2026-07-19T04:40:24.000Z","005d5000005X5qEAAS","2026-07-19T04:40:24.000Z","","","","105600.0","","","月","","","2026-05-27","12.0","","","","8800.0","","","","","","Negotiation","","80.0","","","105600.0","84480.0","false","false","1.0","Pro","Rendery","",""
"a08RB00001Z1GBVYA3","005d5000005X5qEAAS","false","大建興産株式会社","2026-06-21T16:02:54.000Z","005d5000005X5qEAAS","2026-07-19T04:40:24.000Z","005d5000005X5qEAAS","2026-07-19T04:40:24.000Z","","","","105600.0","","","月","","","2026-05-29","12.0","","","","8800.0","","","","","","ValueProposition","","50.0","","","105600.0","52800.0","false","false","1.0","Pro","Rendery","",""
"a08RB00001Z1GBWYA3","005d5000005X5qEAAS","false","有限会社芝田工務店","2026-06-21T16:02:54.000Z","005d5000005X5qEAAS","2026-06-21T16:02:54.000Z","005d5000005X5qEAAS","2026-06-21T16:02:54.000Z","","","","0.0","","","月","","","2026-05-29","12.0","","","","0.0","","","","","","Prospecting","","10.0","","","0.0","0.0","false","false","","","","",""
"a08RB00001Z1GBXYA3","005d5000005X5qEAAS","false","エステック不動産投資顧問株式会社","2026-06-21T16:02:54.000Z","005d5000005X5qEAAS","2026-07-19T04:40:24.000Z","005d5000005X5qEAAS","2026-07-19T04:40:24.000Z","","","","0.0","","","月","","","2026-06-30","12.0","","","","0.0","","","","","","Prospecting","","10.0","","","0.0","0.0","false","false","","","Rendery","",""
"a08RB00001Z1GBYYA3","005d5000005X5qEAAS","false","株式会社サンケイビル","2026-06-21T16:02:54.000Z","005d5000005X5qEAAS","2026-07-19T04:40:24.000Z","005d5000005X5qEAAS","2026-07-19T04:40:24.000Z","","","","0.0","","","月","","","","12.0","","","","0.0","","","","","","Prospecting","","10.0","","","0.0","0.0","false","false","","","Rendery","",""
"a08RB00001Z1GBZYA3","005d5000005X5qEAAS","false","株式会社フューチャースケッチ","2026-06-21T16:02:54.000Z","005d5000005X5qEAAS","2026-06-21T16:02:54.000Z","005d5000005X5qEAAS","2026-06-21T16:02:54.000Z","","","","0.0","","","月","","","","12.0","","","","0.0","","","","","","Qualification","","20.0","","","0.0","0.0","false","false","","","","",""
"a08RB00001Z1GBaYAN","005d5000005X5qEAAS","false","ミサワホーム株式会社","2026-06-21T16:02:54.000Z","005d5000005X5qEAAS","2026-07-19T04:40:24.000Z","005d5000005X5qEAAS","2026-07-19T04:40:24.000Z","","","","0.0","","","月","","","","12.0","","","","0.0","","","","","","Qualification","","20.0","","","0.0","0.0","false","false","","","Rendery","",""
"a08RB00001Z1GBbYAN","005d5000005X5qEAAS","false","株式会社AYNZ","2026-06-21T16:02:54.000Z","005d5000005X5qEAAS","2026-07-19T04:40:24.000Z","005d5000005X5qEAAS","2026-07-19T04:40:24.000Z","","","","0.0","","","月","","","","12.0","","","","0.0","","","","","","Qualification","","20.0","","","0.0","0.0","false","false","","","Rendery","",""
"a08RB00001Z1GBcYAN","005d5000005X5qEAAS","false","MtoMカンパニー","2026-06-21T16:02:54.000Z","005d5000005X5qEAAS","2026-07-19T04:40:24.000Z","005d5000005X5qEAAS","2026-07-19T04:40:24.000Z","","","","105600.0","","","月","","","2026-05-31","12.0","","","","8800.0","2026-05-21","","","","","ValueProposition","","50.0","","","105600.0","52800.0","false","false","1.0","Pro","Rendery","",""
"a08RB00001Z1GBdYAN","005RB00000grTzlYAE","false","株式会社東畑建築事務所","2026-06-21T16:02:54.000Z","005d5000005X5qEAAS","2026-07-30T04:29:21.000Z","005RB00000grTzlYAE","2026-07-30T04:29:21.000Z","","","","0.0","","","月","","","","12.0","","","","150000.0","","","","","","ValueProposition","","50.0","","2026-10-01","1800000.0","900000.0","false","false","10.0","Enterprise","Rendery","","2026/10"
"a08RB00001Z1GBeYAN","005d5000005X5qEAAS","false","株式会社よねざわ工業","2026-06-21T16:02:54.000Z","005d5000005X5qEAAS","2026-07-19T04:40:24.000Z","005d5000005X5qEAAS","2026-07-19T04:40:24.000Z","","","","105600.0","","","月","","","","12.0","","","","8800.0","","","","","","ValueProposition","","50.0","","","105600.0","52800.0","false","false","1.0","Pro","Rendery","",""
"a08RB00001Z1GBfYAN","005d5000005X5qEAAS","false","株式会社ニッセイ","2026-06-21T16:02:54.000Z","005d5000005X5qEAAS","2026-07-19T04:40:24.000Z","005d5000005X5qEAAS","2026-07-19T04:40:24.000Z","","","","0.0","","","月","","","","12.0","","","","0.0","","","","","","Prospecting","","10.0","","","0.0","0.0","false","false","","","Rendery","",""
"a08RB00001Z1GBgYAN","005d5000005X5qEAAS","false","ｉ設計エンジニアリング","2026-06-21T16:02:54.000Z","005d5000005X5qEAAS","2026-07-19T04:40:24.000Z","005d5000005X5qEAAS","2026-07-19T04:40:24.000Z","","","","105600.0","","","月","","","","12.0","","","","8800.0","","","","","","ValueProposition","","50.0","","","105600.0","52800.0","false","false","1.0","Pro","Rendery","",""
"a08RB00001Z1GBhYAN","005d5000005X5qEAAS","false","株式会社ヒトバデザイン","2026-06-21T16:02:54.000Z","005d5000005X5qEAAS","2026-07-19T04:40:24.000Z","005d5000005X5qEAAS","2026-07-19T04:40:24.000Z","","","","105600.0","","","月","","","","12.0","","","","8800.0","","","","","","Closed Won","2026-05-25","100.0","","","105600.0","105600.0","true","true","1.0","Pro","Rendery","",""
"a08RB00001Z1GBiYAN","005d5000005X5qEAAS","false","KEISUKE NARISAWA","2026-06-21T16:02:54.000Z","005d5000005X5qEAAS","2026-07-19T04:40:24.000Z","005d5000005X5qEAAS","2026-07-19T04:40:24.000Z","","","","105600.0","","","月","","","","12.0","","","","8800.0","","","","","","Closed Won","2026-05-25","100.0","","","105600.0","105600.0","true","true","1.0","Pro","Rendery","",""
"a08RB00001Z1GBjYAN","005d5000005X5qEAAS","false","RYO KAWAGUCHI","2026-06-21T16:02:54.000Z","005d5000005X5qEAAS","2026-07-19T04:40:24.000Z","005d5000005X5qEAAS","2026-07-19T04:40:24.000Z","","","","211200.0","","","月","","","","12.0","","","","17600.0","","","","","","Closed Won","2026-05-25","100.0","","","211200.0","211200.0","true","true","2.0","Pro","Rendery","",""
"a08RB00001Z1GBkYAN","005d5000005X5qEAAS","false","株式会社YUASA","2026-06-21T16:02:54.000Z","005d5000005X5qEAAS","2026-07-19T04:40:24.000Z","005d5000005X5qEAAS","2026-07-19T04:40:24.000Z","","","","1800000.0","","","月","","","","12.0","","","","150000.0","","","","","","Negotiation","","80.0","","","1800000.0","1440000.0","false","false","10.0","Enterprise","Rendery","",""
"a08RB00001Z1GBlYAN","005d5000005X5qEAAS","false","株式会社NOW","2026-06-21T16:02:54.000Z","005d5000005X5qEAAS","2026-07-19T04:40:24.000Z","005d5000005X5qEAAS","2026-07-19T04:40:24.000Z","","","","316800.0","","","月","","","2026-06-01","12.0","","","","26400.0","","","","","","ValueProposition","","50.0","","","316800.0","158400.0","false","false","3.0","Pro","Rendery","",""
"a08RB00001Z1GBmYAN","005d5000005X5qEAAS","false","株式会社エッグハウジング","2026-06-21T16:02:54.000Z","005d5000005X5qEAAS","2026-07-19T04:40:24.000Z","005d5000005X5qEAAS","2026-07-19T04:40:24.000Z","","","","105600.0","","","月","","","2026-05-25","12.0","","","","8800.0","","","","","","Negotiation","","80.0","","","105600.0","84480.0","false","false","1.0","Pro","Rendery","",""
"a08RB00001Z1GBnYAN","005d5000005X5qEAAS","false","株式会社GEN INOUE","2026-06-21T16:02:54.000Z","005d5000005X5qEAAS","2026-07-19T04:40:24.000Z","005d5000005X5qEAAS","2026-07-19T04:40:24.000Z","","","","105600.0","","","月","","","","12.0","","","","8800.0","","","","","","Closed Won","2026-05-26","100.0","","","105600.0","105600.0","true","true","1.0","Pro","Rendery","",""
"a08RB00001Z1GBoYAN","005RB00000grTmrYAE","false","株式会社デュアルタップ","2026-06-21T16:02:54.000Z","005d5000005X5qEAAS","2026-08-10T02:54:13.000Z","005RB00000grTmrYAE","2026-08-10T02:54:13.000Z","","","","0.0","001RB00001VTrxRYAT","003RB00001NsPARYA3","月","","","","12.0","","","","8800.0","2026-05-27","","","","","Negotiation","","50.0","2026-08-10","2026-08-24","105600.0","52800.0","false","false","1.0","Pro","Rendery","","2026/08"
"a08RB00001Z1GBpYAN","005RB00000grTzlYAE","false","竹下和宏建築設計事務所","2026-06-21T16:02:54.000Z","005d5000005X5qEAAS","2026-07-30T04:29:21.000Z","005RB00000grTzlYAE","2026-07-30T04:29:21.000Z","","","","0.0","","","月","","","","12.0","","","","8800.0","","","","","","Qualification","","20.0","","2026-07-01","105600.0","21120.0","false","false","1.0","Pro","Rendery","","2026/07"
"a08RB00001Z1GBqYAN","005d5000005X5qEAAS","false","fragment.archoffice","2026-06-21T16:02:54.000Z","005d5000005X5qEAAS","2026-07-19T04:40:24.000Z","005d5000005X5qEAAS","2026-07-19T04:40:24.000Z","","","","105600.0","","","月","","","","12.0","","","","8800.0","","","","","","ValueProposition","","50.0","","","105600.0","52800.0","false","false","1.0","Pro","Rendery","",""
"a08RB00001Z1GBrYAN","005RB00000grTzlYAE","false","株式会社IGK","2026-06-21T16:02:54.000Z","005d5000005X5qEAAS","2026-07-30T04:29:21.000Z","005RB00000grTzlYAE","2026-07-30T04:29:21.000Z","","","","0.0","","","月","","","","12.0","","","","8800.0","","","","","","Closed Lost","","10.0","","2026-07-01","105600.0","10560.0","true","false","1.0","Pro","Rendery","","2026/07"
"a08RB00001Z1GBsYAN","005d5000005X5qEAAS","false","三越伊勢丹プロパティデザイン株式会社","2026-06-21T16:02:54.000Z","005d5000005X5qEAAS","2026-07-19T04:40:24.000Z","005d5000005X5qEAAS","2026-07-19T04:40:24.000Z","","","","105600.0","","","月","","","","12.0","","","","8800.0","","","","","","Closed Won","2026-05-29","100.0","","","105600.0","105600.0","true","true","1.0","Pro","Rendery","",""
"a08RB00001Z1GBtYAN","005d5000005X5qEAAS","false","NTTファシリティーズ","2026-06-21T16:02:54.000Z","005d5000005X5qEAAS","2026-06-21T16:02:54.000Z","005d5000005X5qEAAS","2026-06-21T16:02:54.000Z","","","","0.0","","","月","","","","12.0","","","","0.0","","","","","","Prospecting","","10.0","","","0.0","0.0","false","false","","","","",""
"a08RB00001Z1GBuYAN","005d5000005X5qEAAS","false","株式会社コスモスイニシア","2026-06-21T16:02:54.000Z","005d5000005X5qEAAS","2026-07-22T12:48:08.000Z","005RB00000YoJyLYAV","2026-07-22T12:48:08.000Z","","","","180000.0","","","月","","","2026-06-02","12.0","","","","15000.0","","","","","","Closed Lost","","100.0","","","180000.0","180000.0","true","false","1.0","Enterprise","Rendery","",""
"a08RB00001Z1GBvYAN","005d5000005X5qEAAS","false","アーキデザイン株式会社","2026-06-21T16:02:54.000Z","005d5000005X5qEAAS","2026-07-19T04:40:24.000Z","005d5000005X5qEAAS","2026-07-19T04:40:24.000Z","","","","76800.0","","","月","","","","12.0","","","","6400.0","","","","","","Negotiation","","80.0","","","76800.0","61440.0","false","false","1.0","Pro","Rendery","",""
"a08RB00001Z1GBxYAN","005d5000005X5qEAAS","false","コクヨマーケティング株式会社","2026-06-21T16:02:54.000Z","005d5000005X5qEAAS","2026-07-22T12:08:56.000Z","005RB00000YoJyLYAV","2026-07-22T12:08:56.000Z","","","","1800000.0","001RB00001VTrxXYAT","003RB00001NsPAZYA3","月","","","2026-08-31","12.0","初回打合せ完了","","","150000.0","2026-06-01","","","提案作成済み","Referral","ValueProposition","","50.0","","2026-09-01","1800000.0","900000.0","false","false","10.0","Enterprise","Rendery","","2026/09"
"a08RB00001Z1GByYAN","005d5000005X5qEAAS","false","近鉄不動産株式会社","2026-06-21T16:02:54.000Z","005d5000005X5qEAAS","2026-06-25T06:06:42.000Z","005RB00000eIlkbYAC","2026-06-25T06:06:42.000Z","","","","360000.0","","","月","","","","12.0","","","","0.0","","","","","","Closed Won","2026-06-01","100.0","","","0.0","0.0","true","true","","","","",""
"a08RB00001Z1GBzYAN","005d5000005X5qEAAS","false","小島屋","2026-06-21T16:02:54.000Z","005d5000005X5qEAAS","2026-07-19T04:40:24.000Z","005d5000005X5qEAAS","2026-07-19T04:40:24.000Z","","","","105600.0","","","月","","","","12.0","","","","8800.0","","","","","","Closed Won","2026-06-02","100.0","","","105600.0","105600.0","true","true","1.0","Pro","Rendery","",""
"a08RB00001Z1GC0YAN","005d5000005X5qEAAS","false","株式会社フューチャースケッチ","2026-06-21T16:02:54.000Z","005d5000005X5qEAAS","2026-06-21T16:02:54.000Z","005d5000005X5qEAAS","2026-06-21T16:02:54.000Z","","","","0.0","","","月","","","","12.0","","","","0.0","","","","","","Qualification","","20.0","","","0.0","0.0","false","false","","","","",""
"a08RB00001Z1GC1YAN","005d5000005X5qEAAS","false","株式会社エリオクリエイト","2026-06-21T16:02:54.000Z","005d5000005X5qEAAS","2026-07-19T04:40:24.000Z","005d5000005X5qEAAS","2026-07-19T04:40:24.000Z","","","","105600.0","","","月","","","","12.0","","","","8800.0","","","","","","Closed Won","2026-06-03","100.0","","","105600.0","105600.0","true","true","1.0","Pro","Rendery","",""
"a08RB00001Z1GC2YAN","005d5000005X5qEAAS","false","デザインアーク","2026-06-21T16:02:54.000Z","005d5000005X5qEAAS","2026-07-19T04:40:24.000Z","005d5000005X5qEAAS","2026-07-19T04:40:24.000Z","","","","0.0","","","月","","","","12.0","","","","0.0","","","","","","ValueProposition","","50.0","","","0.0","0.0","false","false","","","Rendery","",""
"a08RB00001Z1GC3YAN","005RB00000grTzlYAE","false","Shiny’s Creative","2026-06-21T16:02:54.000Z","005d5000005X5qEAAS","2026-07-30T04:29:21.000Z","005RB00000grTzlYAE","2026-07-30T04:29:21.000Z","","","","0.0","","","月","","","","12.0","","","","8800.0","","","","","","Closed Lost","","10.0","","2026-08-01","105600.0","10560.0","true","false","1.0","Pro","Rendery","","2026/08"
"a08RB00001Z1GC4YAN","005d5000005X5qEAAS","false","asazu design office","2026-06-21T16:02:54.000Z","005d5000005X5qEAAS","2026-07-19T04:40:24.000Z","005d5000005X5qEAAS","2026-07-19T04:40:24.000Z","","","","105600.0","","","月","","","","12.0","","","","8800.0","","","","","","Qualification","","20.0","","","105600.0","21120.0","false","false","1.0","Pro","Rendery","",""
"a08RB00001Z1GC5YAN","005d5000005X5qEAAS","false","デザインアーク（大阪）","2026-06-21T16:02:54.000Z","005d5000005X5qEAAS","2026-06-21T16:02:54.000Z","005d5000005X5qEAAS","2026-06-21T16:02:54.000Z","","","","900000.0","","","月","","","","12.0","","","","75000.0","","","","","","Prospecting","","10.0","","","900000.0","90000.0","false","false","","","","",""
"a08RB00001Z1GC6YAN","005d5000005X5qEAAS","false","株式会社ウチダシステムズ","2026-06-21T16:02:54.000Z","005d5000005X5qEAAS","2026-07-19T04:40:24.000Z","005d5000005X5qEAAS","2026-07-19T04:40:24.000Z","","","","0.0","","","月","","","","12.0","","","","0.0","","","","","","Prospecting","","10.0","","","0.0","0.0","false","false","","","Rendery","",""
"a08RB00001Z1GC7YAN","005d5000005X5qEAAS","false","株式会社エルシード","2026-06-21T16:02:54.000Z","005d5000005X5qEAAS","2026-07-19T04:40:24.000Z","005d5000005X5qEAAS","2026-07-19T04:40:24.000Z","","","","105600.0","","","月","","","","12.0","","","","8800.0","","","","","","Closed Won","2026-06-03","100.0","","","105600.0","105600.0","true","true","1.0","Pro","Rendery","",""
"a08RB00001Z1GC8YAN","005d5000005X5qEAAS","false","あおぞら工務店株式会社","2026-06-21T16:02:54.000Z","005d5000005X5qEAAS","2026-07-19T04:40:24.000Z","005d5000005X5qEAAS","2026-07-19T04:40:24.000Z","","","","0.0","","","月","","","","12.0","","","","0.0","","","","","","Qualification","","20.0","","","0.0","0.0","false","false","","","Rendery","",""
"a08RB00001Z1GC9YAN","005d5000005X5qEAAS","false","株式会社MONO-GRAPH","2026-06-21T16:02:54.000Z","005d5000005X5qEAAS","2026-06-21T16:02:54.000Z","005d5000005X5qEAAS","2026-06-21T16:02:54.000Z","","","","0.0","","","月","","","","12.0","","","","0.0","2026-06-04","","","","","Qualification","","20.0","","","0.0","0.0","false","false","","","","",""
"a08RB00001Z1GCAYA3","005RB00000grTmrYAE","false","株式会社グレート","2026-06-21T16:02:54.000Z","005d5000005X5qEAAS","2026-08-10T02:52:03.000Z","005RB00000grTmrYAE","2026-08-10T02:52:03.000Z","","","","0.0","001RB00001VTrtbYAD","003RB00001NsOjvYAF","月","","","","12.0","","","","35200.0","2026-06-19","","","","","Negotiation","","80.0","2026-08-10","2026-08-24","422400.0","337920.0","false","false","4.0","Pro","Rendery","","2026/08"
"a08RB00001Z1GCBYA3","005RB00000grTmrYAE","false","株式会社インテリジェントフォース","2026-06-21T16:02:54.000Z","005d5000005X5qEAAS","2026-08-10T02:49:36.000Z","005RB00000grTmrYAE","2026-08-10T02:49:36.000Z","","","","0.0","001RB00001VTrxgYAD","003RB00001NsPAiYAN","月","","","","12.0","","","","8800.0","2026-06-19","","","","","Negotiation","","30.0","2026-08-10","2026-09-07","105600.0","31680.0","false","false","1.0","Pro","Rendery","","2026/09"
"a08RB00001Z1GCCYA3","005RB00000grTzlYAE","false","株式会社TwinCompany","2026-06-21T16:02:54.000Z","005d5000005X5qEAAS","2026-07-30T04:29:21.000Z","005RB00000grTzlYAE","2026-07-30T04:29:21.000Z","","","","0.0","","","月","","","","12.0","","","","8800.0","","","","","","Closed Lost","","20.0","","2026-06-01","105600.0","21120.0","true","false","1.0","Pro","Rendery","","2026/06"
"a08RB00001Z1GCDYA3","005d5000005X5qEAAS","false","blanco graphics","2026-06-21T16:02:54.000Z","005d5000005X5qEAAS","2026-06-21T16:02:54.000Z","005d5000005X5qEAAS","2026-06-21T16:02:54.000Z","","","","0.0","","","月","","","","12.0","","","","0.0","","","","","","Prospecting","","10.0","","","0.0","0.0","false","false","","","","",""
"a08RB00001Z1GCEYA3","005RB00000grTzlYAE","false","Tofu 設計事務所","2026-06-21T16:02:54.000Z","005d5000005X5qEAAS","2026-07-30T04:29:21.000Z","005RB00000grTzlYAE","2026-07-30T04:29:21.000Z","","","","0.0","","","月","","","","12.0","","","","8800.0","","","","","","Qualification","","20.0","","2026-09-01","105600.0","21120.0","false","false","1.0","Pro","Rendery","","2026/09"
"a08RB00001Z1GCFYA3","005RB00000grTzlYAE","false","カリコ株式会社","2026-06-21T16:02:54.000Z","005d5000005X5qEAAS","2026-07-30T04:29:21.000Z","005RB00000grTzlYAE","2026-07-30T04:29:21.000Z","","","","0.0","","","月","","","","12.0","","","","8800.0","","","","","","Closed Won","","100.0","","2026-08-01","105600.0","105600.0","true","true","1.0","Pro","Rendery","","2026/08"
"a08RB00001Z1GCGYA3","005d5000005X5qEAAS","false","株式会社ローザ","2026-06-21T16:02:54.000Z","005d5000005X5qEAAS","2026-06-21T16:02:54.000Z","005d5000005X5qEAAS","2026-06-21T16:02:54.000Z","","","","132000.0","","","月","","","2026-07-01","12.0","","","","11000.0","","","","","","Prospecting","","10.0","","","132000.0","13200.0","false","false","","","","",""
"a08RB00001bBu13YAC","005d5000005X5qEAAS","false","株式会社サンテン・コーポレーションRendery導入","2026-07-02T03:46:53.000Z","005d5000005X5qEAAS","2026-07-15T06:55:18.000Z","005RB00000eIlkbYAC","2026-07-15T06:55:18.000Z","","2026-07-14T10:34:08.000Z","2026-07-14T10:34:08.000Z","","001RB00001VTrRuYAL","003RB00001NsOGIYA3","月","Rendery 商談記録 - ㈱サンテン・コーポレーション
■ 商談サマリー（3行以内）

🎯 目的：Rendery（AI画像生成ツール）の機能説明とデモンストレーション
🎯 顧客主目的：店舗内装設計の提案フロー効率化（スケッチ→パース作成の時間短縮）
🎯 現時点の合意点：Renderyの基本機能・操作感を理解。社内トライアル実施の方向で検討開始

■ 顧客情報
項目	内容
会社名	㈱サンテン・コーポレーション
部署 / 役職	設計部（部長：吉田真経）
参加者	吉田真経、中、浦、山下、門川、吉田（専務・聴講）
利用想定人数	16名（設計部全員）
■ 顧客要件（Must / Want）
【Must】

✅ スケッチ/ラフ図面から高速にパース生成できること

現状：外注パース屋に依頼→1週間以上かかる
要望：数時間～1日で複数案を提案したい

✅ 社内コミュニケーション用ツールとして機能すること

設計メンバー間で統一的にイメージ出しできる仕組み
現状：各メンバーのやり方がバラバラ

✅ 手書き図面でも対応できること

完成度の高い図面がなくても使える
初期段階のラフなスケッチから立体化したい
【Want】

🔄 複数視点（鳥瞰図＋アイレベル）の整合性が取れた提案

同一プランで複数パターンを効率的に出したい

🔄 外観（ファサード）提案にも対応

テナント改装だけでなく、新築や外観改装にも使いたい

🔄 既存写真からの部分改装提案

図面がない状態で現状写真から一部変更提案したい
■ 現状の課題・不満
課題	詳細
提案スピードの遅さ	スケッチ→DXF変換→外注パース→修正で1週間以上。顧客との初回商談で即座にイメージ共有できない
外注依存	パース作成を外注に依存。指示書のやり取り、修正ラリーが煩雑
設計メンバー間の属人性	16名の設計者が各々異なるやり方でイメージ出し。統一的なプロセスがない
スケッチ品質への不安	吉田（部長）：「スケッチが下手だと顧客に見せられない」という心理的障壁
手戻りの多さ	初期段階でイメージ共有が不十分→施工段階での大きなズレが発生
■ Renderyで刺さったポイント
🎯 最大の訴求点

「ホワイトボード型UI + ワークフロー機能」による統一化

04:11：中（設計者）の感想「この部分、こう変更してほしいという流れが画面で全部わかる。直感的に触りやすい」
17:11：ワークフロー機能により「一人が上手く使えた使い方を他の誰でも再現できる」
💡 具体的に響いた機能
機能	顧客の反応
立面図→パース自動生成	20:22：吉田「あります」（頷き）。実務で頻繁に発生するシーン
30秒での生成速度	23:15：サンテン中「初めでは十分かな」と評価
鳥瞰図生成	13:18：吉田「これあるとめっちゃいいな。平面できた段階で立ち上げれると、こっちもイメージできてないところが大儀さんで、調整ができる」
マテリアルシミュレーション	15:29：マテリアルクラブ機能で「スケール感・向き・光の当たり方が施工に限りなく近い」
複数画像インプット	34:13：複数の立面図＋イメージ写真を組み合わせて生成可能
🔧 他のAI（Gemini/ChatGPT）との差別化
15:15：「建築に尖っている、特に日本の建築」
31:01：山下「Geminiだと図面通りにやってくれない。Renderyなら立面として使える」
35:54：サンテン中「Geminiだと写真に引っ張られてしまう。図面のレイアウトが保持される」
■ 懸念点・未解消事項
⚠️ 技術的懸念
懸念	顧客発言	対応状況
寸法精度	25:06：吉田「高さは寸法とほぼニアリーなのか」	妹尾：躯体線は維持するが、数値の自動調整はAIの苦手領域。補助線を引いて指示する方法を推奨
複数視点の整合性	40:23：サンテン中「朝刊と目線のパースで整合性が取れるか」	妹尾：平面から立体化は可能だが、逆側からの視点は見えない部分をAIが推測するため難しい。SketchUpで立体化推奨
生成精度のばらつき	35:17：妹尾「4～5枚目で出来上がった」	複数回の試行が必要。確率的な精度向上
📋 運用・契約面の未解消事項
項目	状況
セキュリティ要件	56:33：吉田「セキュリティオプションについて説明してほしい」→妹尾が説明。検討中
BIM化システム	59:37：吉田「図面のBIM化システムはいつリリース？」→妹尾「秋口予定。ベクター対応は未定」
導入アカウント数	53:19：吉田「16人全員からは入らず、段階的に増やす」→未定
■ 決裁・導入条件
項目	内容
決裁者	吉田真経（設計部長）+ 吉田（専務・聴講）
予算感	未確定。以下の3プランを提示：
• Pro：1アカウント1人、月額15,000円
• Enterprise：10アカウント以上、1人頭7,500円（推奨）
• Enterprise+セキュリティオプション：別途費用
導入時期	未定。段階的導入の方針
契約形態	PoC → 段階的拡大
53:19：吉田「まずトライアルして、2～3ヶ月使ってから増やす」
初期アカウント数	5～8アカウント（設計部内の主要メンバー）から開始予定
■ 現在の商談フェーズ
🔵 PoC検討
根拠：
27:51：デモ実施完了
53:19：「トライアルして2～3ヶ月使ってから」という段階的導入の方針が明確
技術的懸念（寸法精度、複数視点整合性）の解消が必要
セキュリティ要件の最終確認待ち
■ 次アクション（誰が・いつまでに）
🔴 営業（妹尾）
アクション	期限	優先度
セキュリティオプション詳細資料の提供	1週間以内	🔴 高
BIM化システムの対応状況（ベクター対応含む）を確認・報告	2週間以内	🟡 中
PoC用の初期アカウント（5～8個）の準備	契約後	🔴 高
社内確認：Enterprise+セキュリティオプションの月額費用確定	1週間以内	🔴 高
フォローアップメール送付（契約内容・アカウント数・開始時期の最終確認）	3営業日以内	🔴 高
🟢 顧客（吉田・設計部）
アクション	期限	優先度
社内検討：契約形態・アカウント数・開始時期の決定	2週間以内	🔴 高
セキュリティ要件の最終確認（IT部門との調整）	1週間以内	🟡 中
設計部メンバーへの事前説明・合意取得	契約前	🟡 中
🔵 技術/CS（Rendery側）
アクション	期限	優先度
PoC期間中のサポート体制確認	契約時	🟡 中
初期トレーニング（ワークフロー機能の使い方）の実施	PoC開始後1週間	🟡 中
■ 営業メモ（戦略・注意点）
🎯 受注確度の評価

現在の温度感：🔥 中～高（65-75%）

根拠：

✅ 課題の明確化：「提案スピード」「外注依存」「属人性排除」が具体的
✅ 機能への納得度：デモ後、複数メンバーから肯定的フィードバック
✅ 導入意欲：「段階的導入」という現実的なアプローチを提示
⚠️ 決裁プロセス：専務も聴講しており、経営層の関心あり
⚠️ 予算：未確定だが、月額7,500円/人（16人で月120,000円）は許容範囲と推測

リスク要因：

🔴 セキュリティ要件の厳格化で契約条件が変わる可能性
🔴 BIM化システムの対応状況（ベクター）が決定打になる可能性
🔴 PoC期間中に「期待値 vs 実際」のギャップが生じるリスク
💡 次の営業戦略
Phase 1：信頼構築（1週間以内）

セキュリティ資料を迅速に提供

吉田（部長）の懸念を早期に解消
「シングルサインオンだけで十分」という提案も用意

BIM化システムの進捗を正直に報告

ベクター対応の見通しを明確に
秋口リリース予定を確認し、期待値調整

フォローアップメール

本日の合意点を整理
次回打合せ日程を提案（2週間後）
Phase 2：PoC準備（2週間以内）

顧客の社内検討をサポート

吉田から「アカウント数・開始時期」の決定を引き出す
必要に応じて、専務への簡潔な説明資料を提供

初期トレーニング計画の提示

ワークフロー機能の使い方（重要）
設計部全体への説明会の実施
Phase 3：PoC実行（3ヶ月）

月1回のチェックインを設定

使用状況の確認
課題・要望の吸い上げ
アップセル機会の発掘（セキュリティオプション、BIM化システム）

成功事例の共有

フロンティアコンサルティング（100名導入）の事例を活用
「初稿で案件を取る」という成果を目指す
⚠️ 注意点・落とし穴
注意点	対策
吉田（部長）の「スケッチ品質への不安」	Renderyなら「ラフなスケッチでも高品質なパースになる」という安心感を強調。デモで手書き図面の例を見せる
複数視点の整合性への期待値	「SketchUpで立体化してからRenderyで仕上げる」というハイブリッドアプローチを早期に提案。完全自動化は難しいことを明確に
セキュリティ要件の後付け	初期段階で「シングルサインオン」の必要性を確認。後から「IP制限も必要」となると契約条件が変わる
PoC期間中の期待値ギャップ	初期トレーニングで「4～5回試行で精度が上がる」ことを説明。1回目で完璧を期待させない
BIM化システムへの過度な期待	「秋口予定、ベクター対応は未定」を明確に。これを理由に導入を遅延させないよう注意
🚀 アップセル・拡大機会
機会	タイミング	提案内容
セキュリティオプション	PoC中	IT部門の要件が明確になったら、シングルサインオン+IP制限を提案
アカウント数の拡大	PoC後（3ヶ月）	「効果が出た」という実績をもとに、全16名への拡大を提案
BIM化システム	秋口リリース後	ベクター対応が確定したら、「図面の自動CAD化」の価値を説明
学習モデル機能	PoC後期	「御社の施工事例を学習させて、ナチュラルテイストを自動生成」という差別化提案
📊 顧客プロファイル
項目	評価
導入意欲	🔥🔥🔥 高い
技術リテラシー	🔥🔥 中程度（既にGemini/ChatGPTを試している）
決裁スピード	🔥🔥 中程度（段階的導入で慎重）
予算規模	🔥🔥🔥 十分（月120,000円程度は許容）
競合リスク	🔥 低い（Gemini/ChatGPTとの比較で優位性が明確）

作成日：2026年7月2日
営業担当：妹尾一生
顧客：㈱サンテン・コーポレーション 設計部","","2026-07-16","12.0","初回打合せ完了","","","32000.0","","🎁 次回打合せの提案内容

日程：2週間後（7月15日前後）

アジェンダ：

セキュリティ要件の最終確認
PoC契約書の内容確認
初期トレーニング計画の説明
開始時期・アカウント数の最終決定

参加者：吉田（部長）、吉田（専務）、設計部メンバー（希望者）","","導入意向","","Closed Won","","100.0","2026-07-02","2026-07-01","384000.0","384000.0","true","true","","","","","2026/07"
"a08RB00001dLVHzYAO","005RB00000YoJyLYAV","false","清水建設株式会社 九州支店 リニューアル推進部","2026-07-14T03:39:59.000Z","005RB00000YoJyLYAV","2026-07-31T08:09:09.000Z","005RB00000eIlkbYAC","2026-07-31T08:09:09.000Z","","","","","001RB00001VTrvxYAD","003RB00001NsWxBYAV","月","","","2026-07-17","12.0","初回打合せ完了","","","8000.0","","","","提案済み","Referral","Closed Won","2026-07-17","100.0","2026-06-17","2026-08-01","96000.0","96000.0","true","true","1.0","Pro","Rendery","","2026/08"
"a08RB00001ds1L7YAI","005RB00000eIlkbYAC","false","株式会社パインウェル","2026-07-16T05:52:06.000Z","005RB00000eIlkbYAC","2026-07-16T05:53:46.000Z","005RB00000eIlkbYAC","2026-07-16T05:53:46.000Z","","","","","001RB00001b3qNeYAI","","月","","","","12.0","","","","8000.0","","","","","","Closed Won","","100.0","2026-07-01","2026-07-01","96000.0","96000.0","true","true","","","","","2026/07"
"a08RB00001dtYIDYA2","005RB00000eIlkbYAC","false","株式会社ワンズ・レーニア","2026-07-16T07:18:26.000Z","005RB00000eIlkbYAC","2026-08-10T02:15:30.000Z","005RB00000eezKIYAY","2026-08-10T02:15:30.000Z","","","","","001RB00001VTrrHYAT","","月","","","","12.0","","","","75000.0","","","","","","Closed Won","","100.0","2026-07-01","2026-07-01","900000.0","900000.0","true","true","5.0","Enterprise","Rendery","S1","2026/07"
"a08RB00001el1SaYAI","005RB00000YoJyLYAV","false","清水建設株式会社 九州支店設計部","2026-07-22T09:32:11.000Z","005RB00000YoJyLYAV","2026-07-28T06:51:48.000Z","005RB00000eIlkbYAC","2026-07-28T06:51:48.000Z","","","","","001RB00001VTrvxYAD","003RB00001UZ3pIYAT","月","","","2026-07-30","12.0","初回打合せ完了","","","150000.0","","","","提案済み","Referral","Closed Won","","100.0","2026-07-22","2026-08-01","1800000.0","1800000.0","true","true","10.0","Enterprise","Rendery","S1","2026/08"
"a08RB00001eo5GHYAY","005RB00000YoJyLYAV","false","株式会社MUJIHOUSE様 Rendery導入","2026-07-22T11:28:44.000Z","005RB00000YoJyLYAV","2026-07-28T12:01:41.000Z","005RB00000YoJyLYAV","2026-07-28T12:01:41.000Z","","","","","001RB00001VTrlMYAT","","月","read.ai によって生成された回答:

■ 商談サマリー（3行以内）

Renderyの機能説明と、既存AI（Gemini）からの置き換え/補完検討の初回商談

顧客は「営業提案用パースの高品質化・運用効率化」が主目的

資料確認・社内検討後に見積依頼の流れで合意

■ 顧客情報

会社名：株式会社MUJI HOUSE

部署 / 役職：リノベーション部門（担当：間瀬口様）

利用想定人数：10名程度（将来的に他部署含め増加可能性あり）

導入背景（なぜ今）：

・営業提案用パース作成の内製化・高度化を推進中

・現状Gemini活用しているが運用/品質に課題あり

■ 顧客要件（Must / Want）

【Must】

・既存のベタ塗りパースをフォトリアル化

・営業提案資料として使える品質

・誰でも使える運用（属人化回避）

【Want】

・自社家具/建材の再現・テンプレ化

・プロンプト不要の運用

・社内共有/コミュニケーション効率化

・将来的な自動モデリング/DXF生成

■ 現状の課題・不満

・Geminiはプロンプト依存で再現性が低い

・意図しないイラスト調出力が発生

・生成制限（回数制限）あり

・生成を重ねると画質が劣化

■ Renderyで刺さったポイント

・機能ごとに最適AIを切替（品質担保）

・プロンプト不要で誰でも操作可能

・テンプレ化による運用標準化

・画質劣化なし・4K出力

・家具/建材の登録・再現性

■ 懸念点・未解消事項

・社内での利用人数確定（10名以上か不明）

・セキュリティ要件（情報システム確認必要）

・予算未確保

・全社トライアルの実行可否（2週間は難色）

・Knock等の高度機能の適合性（フルリノベとの相性）

■ 決裁・導入条件

決裁者：未特定（社内確認必要）

予算感：未確定（上限次第で意思決定）

導入時期：最短で5月1日開始希望（前提：社内調整完了）

契約形態（PoC / 年契約 / 未定）：未定（まずは検討・見積段階）

■ 現在の商談フェーズ（1つだけ）

情報収集

■ 次アクション（誰が・いつまでに）

営業：資料送付・トライアル案内・見積準備

顧客：社内で利用人数/予算/導入可否の確認

技術/CS：トライアル時の運用設計（必要に応じて）

■ 営業メモ（戦略・注意点）

・初期は「営業用パース生成」にユースケース限定して提案すべき

・PoCは3名チームでのスモールスタートが現実的

・エンタープライズ前提ではなくPro含めた柔軟提案が必要

・価格感がボトルネック→人数×単価ではなくROI訴求

・将来的な家具データ連携/協業（MUJI家具活用）は中長期アップセル軸

・まずは「Gemini置き換えでの即効性」を強く押すことが重要

ステージ
興味あり（商談打診）
お打ち合わせセッティング完了
年3月19日 18:21
妹尾一生 (ウェブアプリ)

事前ヒアリング
年3月17日
妹尾一生
間瀬口 純一
株式会社MUJI HOUSE
レンダリングソフト的な形で使いたいと考え資料請求。

設計はモデリングしている（白モデル立ち上げ）



geminiを使い、現在はパースに色付けをしている。

→相川さまからのご紹介で、使いやすい建築専門のAIがあれば、と思い問い合わせ。



free使ってみたが、使い方がよく分からず想像と違うものが出た。

打ち合わせでは使い方を教えていただき、どう業務で活用できるか考えたい。





Budget（予算）：予算未確保
Authority（決裁権）：担当者のため上席となる。詳細は未確認
Need（必要性）：nice to haveであり訴求が必要
Timeframe（導入時期）：特に決まっていない","","2026-07-31","12.0","初回打合せ完了","","","24000.0","","","","提案済み","Referral","Negotiation","","80.0","2026-03-17","2026-09-01","288000.0","230400.0","false","false","3.0","Pro","Rendery","","2026/09"
"a08RB00001eo9oXYAQ","005RB00000YoJyLYAV","false","NTTファシリティーズエンジニアリング株式会社","2026-07-22T11:45:31.000Z","005RB00000YoJyLYAV","2026-08-05T05:56:19.000Z","005RB00000YoJyLYAV","2026-08-05T05:56:19.000Z","","","","","001RB00001VTrr4YAD","003RB00001NsORsYAN","月","","","2026-08-31","12.0","初回打合せ完了","","","90000.0","","","","提案済み","Referral","Negotiation","","80.0","2026-05-14","2026-09-01","1080000.0","864000.0","false","false","6.0","Enterprise","Rendery","","2026/09"
"a08RB00001eoJRKYA2","005RB00000YoJyLYAV","false","近鉄・都ホテルズ株式会社","2026-07-22T12:30:57.000Z","005RB00000YoJyLYAV","2026-07-28T11:06:57.000Z","005RB00000YoJyLYAV","2026-07-28T11:06:57.000Z","","","","","001RB00001c11bZYAQ","003RB00001UbCwTYAV","月","","","2026-07-31","12.0","初回打合せ完了","","","250000.0","","","","提案済み","Referral","Negotiation","","80.0","","2026-08-05","3000000.0","2400000.0","false","false","10.0","Enterprise","Rendery","","2026/08"
"a08RB00001etCloYAE","005RB00000YoJyLYAV","false","株式会社ネオデザイン事務所(大塚商会)","2026-07-23T03:49:32.000Z","005RB00000YoJyLYAV","2026-08-06T09:18:58.000Z","005RB00000YoJyLYAV","2026-08-06T09:18:58.000Z","","","","","001RB00001VTqleYAD","003RB00001VGu77YAD","年","□■━━━━━━━━━━━━━━━━━━━━━━━━━━━━━━━━━━
株式会社大塚商会 仙台支店
PLMソリューション営業部 CAD販売課 建設ソリューション
藤野　祐介
〒983-0864　仙台市宮城野区名掛丁205-1
電話：022-292-8831（18時以降留守番電話）
FAX：022-292-8839
E-mail　Yuusuke.Fujino@otsuka-shokai.co.jp

☆建設業&製造業CAD/CAM/CAE情報サイト　CAD　JAPAN☆
BIM・CIMその他作業効率を図れるツールの情報が満載！！
多くの最新情報が記載されておりますので是非お気に入りに登録して下さい！！
　http://www.cadjapan.com/
▼大塚商会ホームページ
　http://www.otsuka-shokai.co.jp/
▼大塚商会ERPナビ　　
　https://www.otsuka-shokai.co.jp/erpnavi/?02=03_erpnavi_89_23636-ktn
▼出かける必要なし！自席で参加のオンラインセミナー
　http://www.cadjapan.com/topics/event/online.html
━━━━━━━━━━━━━━━━━━━━━━━━━━━━━━━━━━■□","","","12.0","初回打合せ完了","","","8000.0","","","","提案作成済み","","Closed Won","","100.0","","2026-08-01","96000.0","96000.0","true","true","1.0","Pro","Rendery","","2026/08"
"a08RB00001eu7aQYAQ","005RB00000YoJyLYAV","false","名古屋鉄道株式会社","2026-07-23T03:42:59.000Z","005RB00000YoJyLYAV","2026-07-23T04:33:03.000Z","005RB00000YoJyLYAV","2026-07-23T04:33:03.000Z","","","","","001RB00001c6YTfYAM","003RB00001Ui5OnYAJ","月","","","","12.0","初回打合せ完了","","","8000.0","","","","提案作成済み","HP","ValueProposition","","50.0","2026-07-22","2026-09-01","96000.0","48000.0","false","false","2.0","Pro","Rendery","","2026/09"
"a08RB00001euRKaYAM","005RB00000YoJyLYAV","false","近畿日本鉄道株式会社","2026-07-23T04:00:50.000Z","005RB00000YoJyLYAV","2026-07-28T11:14:03.000Z","005RB00000YoJyLYAV","2026-07-28T11:14:03.000Z","","","","","001RB00001c6PYQYA2","003RB00001UhmcIYAR","年","","","","12.0","社内検討中","","","75000.0","","","","","Referral","NeedsAnalysis","","40.0","2026-06-22","2026-09-01","900000.0","360000.0","false","false","5.0","Enterprise","Rendery","","2026/09"
"a08RB00001ewScLYAU","005RB00000YoJyLYAV","false","JR東日本建築設計（アップセル）","2026-07-23T07:34:35.000Z","005RB00000YoJyLYAV","2026-08-17T05:28:33.000Z","005RB00000YoJyLYAV","2026-08-17T05:28:33.000Z","","","","","001RB00001VTrHVYA1","003RB00001UkIMkYAN","年","","","2026-09-18","12.0","初回打合せ完了","","","1580000.0","","","","導入意向","Referral","NeedsAnalysis","","40.0","2026-07-21","2026-10-01","1.896E7","7584000.0","false","false","7.0","Enterprise","Rendery","","2026/10"
"a08RB00001ewzmkYAA","005RB00000eezKIYAY","false","飯島建設株式会社","2026-07-23T07:39:29.000Z","005RB00000eezKIYAY","2026-07-30T04:42:59.000Z","005RB00000YoJyLYAV","2026-07-30T04:42:59.000Z","","","","","001RB00001VTrk8YAD","003RB00001UlGh3YAF","月","","","","12.0","","","","75000.0","","","","","","NeedsAnalysis","","40.0","","2026-08-17","900000.0","360000.0","false","false","5.0","Enterprise","Rendery","","2026/08"
"a08RB00001f7XjtYAE","005RB00000YoJyLYAV","false","株式会社石本建築事務所","2026-07-24T04:16:38.000Z","005RB00000YoJyLYAV","2026-07-24T05:58:01.000Z","005RB00000YoJyLYAV","2026-07-24T05:58:01.000Z","","2026-07-28T10:36:46.000Z","2026-07-28T10:36:46.000Z","","001RB00001cJZIDYA4","","月","","","","12.0","初回打合せ完了","","","150000.0","","","","導入意向","Referral","Applove","","","2026-07-24","2026-08-01","1800000.0","0.0","false","false","10.0","Enterprise","Rendery","","2026/08"
"a08RB00001fC2sNYAS","005RB00000YoJyLYAV","false","清水建設株式会社 北九州営業所","2026-07-24T09:49:44.000Z","005RB00000YoJyLYAV","2026-07-28T06:45:59.000Z","005RB00000eIlkbYAC","2026-07-28T06:45:59.000Z","","","","","001RB00001VTrvxYAD","003RB00001UxzbzYAB","月","","","2026-07-17","12.0","初回打合せ完了","","","8000.0","","","","提案済み","Referral","Closed Won","2026-07-17","100.0","2026-06-17","2026-08-01","96000.0","96000.0","true","true","1.0","Pro","Rendery","","2026/08"
"a08RB00001fc1z4YAA","005RB00000YoJyLYAV","false","株式会社ローザ様(大塚商会)","2026-07-28T01:48:26.000Z","005RB00000YoJyLYAV","2026-07-31T04:45:46.000Z","005RB00000YoJyLYAV","2026-07-31T04:45:46.000Z","","","","","001RB00001VTqleYAD","003RB00001VSYkLYAX","年","","","","12.0","初回打合せ完了","","","32000.0","","","","提案済み","Referral","Applove","2026-07-31","","2026-06-28","2026-09-01","384000.0","0.0","false","false","5.0","Pro","Rendery","","2026/09"
"a08RB00001fjgFtYAI","005RB00000YoJyLYAV","false","S PLUS ONE 建築設計事務所","2026-07-28T10:54:14.000Z","005RB00000YoJyLYAV","2026-07-28T10:54:14.000Z","005RB00000YoJyLYAV","2026-07-28T10:54:14.000Z","","","","","001RB00001csl8SYAQ","003RB00001VYsOeYAL","月","","","","12.0","初回打合せ完了","","","8000.0","","","","トライアル中","HP","NeedsAnalysis","","40.0","","2026-08-04","96000.0","38400.0","false","false","1.0","Pro","Rendery","","2026/08"
"a08RB00001fsrdVYAQ","005RB00000YoJyLYAV","false","東海旅客鉄道株式会社","2026-07-29T06:24:17.000Z","005RB00000YoJyLYAV","2026-07-29T06:32:14.000Z","005RB00000YoJyLYAV","2026-07-29T06:32:14.000Z","","","","","001RB00001VTr3AYAT","003RB00001NsOsUYAV","月","","","","12.0","","","","16000.0","","","","","","ValueProposition","","50.0","","2026-09-01","192000.0","96000.0","false","false","2.0","Pro","Rendery","","2026/09"
"a08RB00001fuC6TYAU","005RB00000YoJyLYAV","true","株式会社ライフステージ（アップセル）","2026-07-29T08:35:14.000Z","005RB00000YoJyLYAV","2026-08-10T02:55:52.000Z","005RB00000eezKIYAY","2026-08-10T02:55:52.000Z","","","","","001RB00001VTr0AYAT","003RB00001NsWwWYAV","月","","","","12.0","初回打合せ完了","","","75000.0","","","","","Referral","Closed Won","","100.0","","2026-08-01","900000.0","900000.0","true","true","5.0","Enterprise","Rendery","S1","2026/08"
"a08RB00001g4qddYAA","005RB00000grTzlYAE","false","プリ・テック株式会社","2026-07-30T05:17:37.000Z","005RB00000grTzlYAE","2026-08-05T03:10:42.000Z","005RB00000grTzlYAE","2026-08-05T03:10:42.000Z","","","","","001RB00001dM4E5YAK","003RB00001VtGzRYAV","月","■ 商談サマリー（3行以内）
Renderyのデモを実施し、展示会・ショールームなどの空間デザイン業務への活用可能性を確認。
展示会ブースのデザイン検討やプレゼン時のアイデア出し用途には関心を示した一方、平面図・立面図から高精度なパース生成については再現性を確認したいとの認識。
まずはFreeプランで操作感・生成品質を確認し、約1〜2か月かけて実業務への適用可否を検証する方針。
■ 顧客情報
会社名： プリ・テック株式会社
部署 / 役職： 加藤様、宮本様
利用想定人数： 2～3名程度（空間デザイン担当）
導入背景（なぜ今）：
展示会・ショールーム・什器設計などの空間デザイン業務でもAIを活用し、デザイン検討や提案業務を効率化したい。
■ 顧客要件（Must / Want）
Must
展示会ブース・ショールームパースの作成
CAD・3Dモデルを活用したフォトリアル化
デザイン変更・素材変更を容易に行えること
実業務で活用できる品質・再現性
Want
プレゼン初期段階でのアイデア出し
ラフスケッチからイメージ作成
オリジナル什器・家具デザインの検討
将来的な図面⇔AI生成の双方向変換
■ 現状の課題・不満
空間デザイン領域ではAIをまだ活用できていない
展示会ブースは形状が複雑でAIの再現性に不安がある
寸法・奥行き・視点変更などの精度を重視
どの業務工程で活用できるか判断したい
■ Renderyで刺さったポイント
ラフスケッチからフォトリアル化
部分編集・マスク編集
建材・床・壁・グラフィック変更
ホワイトボードによる比較検討
プレゼン時のデザインブラッシュアップ
家具・什器画像の部分適用
■ 懸念点・未解消事項
展示会ブースのような複雑な形状の再現性
平面図・立面図からの生成精度
寸法・奥行き・視点変更の再現性
実案件でどこまで業務に組み込めるか
プレゼン資料作成まで活用できるか
■ 決裁・導入条件
決裁者： 未確認
予算感： Proプラン（月額8,000円/アカウント）を案内済み
導入時期： 未定（まずは1〜2か月程度検証予定）
契約形態： 未定
■ 現在の商談フェーズ
PoC検討
■ 次アクション（誰が・いつまでに）
営業：
利用マニュアル・セットアップマニュアルを送付
Freeプランでの利用開始を案内
約1か月後に利用状況・検討状況をヒアリング
顧客：
Freeプランで操作感・生成品質を確認
実業務への適用可否を1〜2か月かけて検証
技術/CS：
特になし
■ 営業メモ（戦略・注意点）
展示会・ショールーム・什器デザインが主な用途。
完成パース制作というよりも、プレゼン初期のアイデア出し・デザイン検討用途への評価が高かった。
一方で、展示会ブース特有の複雑な形状については、再現性に慎重な姿勢。
Freeプランで十分に検証してもらい、実業務で有効性を感じてもらえたタイミングでProプランを提案する。
約1〜2か月で検証予定のため、フォロー時には「どの業務で活用できそうだったか」「再現性への評価」を重点的にヒアリングする。","","","12.0","社内検討中","","","","2026-08-05","フォローメール＆架電","","","","Qualification","","20.0","2026-07-30","2026-09-01","0.0","0.0","false","false","","","","","2026/09"
"a08RB00001gLEotYAG","005RB00000grTzlYAE","false","Rendery","2026-07-31T08:33:49.000Z","005RB00000grTzlYAE","2026-07-31T08:33:49.000Z","005RB00000grTzlYAE","2026-07-31T08:33:49.000Z","","","","","001RB00001dax0zYAA","","月","■ 商談サマリー（3行以内）
Renderyのデモを実施し、内観パースの内製化や外注パース修正業務への活用可能性を確認。
顧客はAIによるレンダリング品質には期待している一方で、AI特有の意図しない変更やプロンプト調整の難しさを懸念。
まずはProトライアルで実案件を用いて操作性・再現性・運用可能性を検証する方針。
■ 顧客情報
会社名：株式会社フリークス
担当者：中山様
利用予定人数：2名（社長・中山様）
■ 顧客要件（Must / Want）
Must
外観・内観パースのレンダリング
パースの色・素材変更を内製化
実案件で使える品質・再現性
操作しながら業務に取り入れられること
Want
外注パース修正費用の削減
間接照明や天井形状の検証
提案資料の作成効率化
SketchUpや既存パースとの併用
■ 現状の課題・不満
現在利用中のAIでは意図しない編集が発生する
プロンプト調整が難しく、業務利用に踏み切れない
AIが勝手に補完してしまう点に不安
トライアル期間2週間では十分に評価できないと感じている
他業務があり、短期間では使い込みが難しい
■ Renderyで刺さったポイント
部分編集マスク
マテリアル張り替え
躯体を維持したまま素材変更
建築特化AIによるレンダリング品質
サポート体制（質問対応）
生成速度（約30秒/枚）
■ 懸念点・未解消事項
寸法やマテリアルサイズの再現精度
AIによる自動補完
プロンプト習熟までの時間
トライアル期間の短さ
実案件で運用できるかは試して判断したい
■ 決裁・導入条件
社長と中山様で判断
実際にトライアルで操作した上で導入可否を判断
Proプラン（1アカウント）を想定
■ 現在の商談フェーズ
トライアル開始前（実案件で評価予定）
■ 次アクション
8月17日まで利用可能なProトライアルコード送付
利用マニュアル・セットアップマニュアル・料金資料送付
トライアル期間中は適宜サポート
トライアル終了後に使用感をヒアリングし、導入可否を確認","","","12.0","","","","8800.0","2026-08-18","","","","","ValueProposition","","50.0","","2026-09-01","105600.0","52800.0","false","false","1.0","Pro","Rendery","","2026/09"
"a08RB00001gindqYAA","005RB00000YoJyLYAV","false","株式会社フジタ　生産性向上推進部（アップセル）","2026-08-03T09:06:13.000Z","005RB00000YoJyLYAV","2026-08-06T09:15:12.000Z","005RB00000YoJyLYAV","2026-08-06T09:15:12.000Z","","","","","001RB00001dxx1tYAA","003RB00001WX8aDYAT","年","","","","12.0","初回打合せ完了","","","30000.0","","","","提案済み","Referral","Closed Won","","100.0","2026-07-07","2026-08-01","360000.0","360000.0","true","true","2.0","Enterprise","Rendery","S1","2026/08"
"a08RB00001h4W9iYAE","005RB00000YoJyLYAV","false","大東建託株式会社　商品開発部(アップセル)","2026-08-05T04:11:38.000Z","005RB00000YoJyLYAV","2026-08-07T11:34:24.000Z","005RB00000YoJyLYAV","2026-08-07T11:34:24.000Z","","","","","001RB00001VTruMYAT","003RB00001NsVGXYA3","月","","","","12.0","初回打合せ完了","","","24000.0","","","","提案済み","Referral","Closed Won","","100.0","2026-08-05","2026-09-01","288000.0","288000.0","true","true","3.0","Pro","Rendery","","2026/09"
"a08RB00001h53onYAA","005RB00000grTzlYAE","false","株式会社池田工務店","2026-08-05T04:44:04.000Z","005RB00000grTzlYAE","2026-08-05T06:05:25.000Z","005RB00000grTzlYAE","2026-08-05T06:05:25.000Z","","","","","001RB00001eIu0zYAC","","月","","","","12.0","","","","8000.0","","","","提案済み","","Closed Won","2026-08-05","100.0","","2026-08-06","96000.0","96000.0","true","true","","","","","2026/08"
"a08RB00001h5mnVYAQ","005RB00000grTzlYAE","false","株式会社VISIO","2026-08-05T05:32:41.000Z","005RB00000grTzlYAE","2026-08-05T05:37:16.000Z","005RB00000grTzlYAE","2026-08-05T05:37:16.000Z","","","","","001RB00001eJbdpYAC","003RB00001Ww9HiYAJ","月","現在外注しているパースを内製化したい
設計部から上がってくる図面の立ち上げ
外壁の色検討などに使いたい","","","12.0","","","","","2026-08-21","初回商談","","","","Prospecting","2026-08-31","10.0","2026-08-05","2026-09-01","0.0","0.0","false","false","","Pro","Rendery","","2026/09"
"a08RB00001h7yNyYAI","005RB00000grTzlYAE","false","株式会社新宅工務店","2026-08-05T07:41:08.000Z","005RB00000grTzlYAE","2026-08-05T07:48:22.000Z","005RB00000grTzlYAE","2026-08-05T07:48:22.000Z","","","","","001RB00001eL6faYAC","003RB00001WzsYPYAZ","月","■ 商談サマリー（3行以内）
株式会社新宅工務店様へRenderyのデモを実施し、外観・内観パース作成やBCP対策としての活用可能性を紹介。
平面図からアイレベルパース生成を最重要要件としている一方、現時点では外観生成や部分編集機能には高い評価をいただいた。
まずはFreeプランで操作感を確認し、8月末に検討状況をヒアリングすることで合意。
■ 顧客情報
会社名： 株式会社新宅工務店
部署 / 役職： 中村様（設計部長）、寺田様（設計担当）
利用想定人数： 2名（将来的に4〜5名）
導入背景（なぜ今）：
パース担当者が長期離脱しており、属人化解消・BCP対策としてAIによるパース作成を検討。営業や設計担当でも短時間でパースを作成できる体制を構築したい。
■ 顧客要件（Must / Want）
Must
平面図からアイレベル視点のパース生成
外観・内観パースの作成
実案件で活用できる再現性
営業担当でも扱える操作性
現地写真との自然な合成
Want
外壁材・建材・サッシ色などの細かな変更
リフォーム提案への活用
手書きパースからフォトリアル化
ナレッジ共有・属人化防止
■ 現状の課題・不満
パース作成担当者が長期離脱している
外注パースは1案件約12万円かかり費用負担が大きい
平面図からアイレベルパース生成を実現できるサービスがまだ少ない
AIだけでは寸法や配置の正確性に不安がある
リーシング用途では誇大表現にならない精度が求められる
■ Renderyで刺さったポイント
2面の立面図から外観パース生成
ホワイトボードによるワークフロー管理
部分編集・マスク編集
現地写真との合成
建材・マテリアルの差し替え
ナレッジをテンプレートとして蓄積できる点
■ 懸念点・未解消事項
平面図からアイレベルパース生成が未実装
AIによる配置・寸法の正確性
プロンプト作成の難易度
作業時間が本当に短縮されるか
ArchiXとの比較検討
■ 決裁・導入条件
決裁者： 社内検討（中村様中心）
予算感： 2アカウント程度を想定
導入時期： 未定
契約形態： 未定
■ 現在の商談フェーズ
情報収集
■ 次アクション（誰が・いつまでに）
営業
利用マニュアル・セットアップマニュアル・提案資料を送付
Freeプラン利用を案内
8月末に検討状況をフォロー
顧客
Freeプランで操作感を確認
ArchiXとの比較検討
社内で導入可否を検討
技術/CS
なし
■ 営業メモ（戦略・注意点）
最重要要件は平面図からアイレベルパース生成であり、現時点では未実装のため、この点が導入可否を左右する。
一方で、立面図2面からの外観生成、現地写真との合成、部分編集機能はArchiXとの差別化ポイントとして高評価。
パース担当者の離脱によるBCP対策と属人化解消へのニーズは強い。
外注費（1案件約12万円）の削減ニーズもあり、中長期的には導入余地がある。
8月末のフォローでは、Freeプランの使用感に加え、「現状の機能でも導入するか」「平面図→アイレベル機能の実装待ちにするか」の判断軸を確認する。","","","12.0","","","","","","8月末に状況確認架電","","","","NeedsAnalysis","","40.0","","2026-09-01","0.0","0.0","false","false","","","","","2026/09"
"a08RB00001hKG2YYAW","005RB00000eezKIYAY","false","ジーク株式会社（大阪）","2026-08-06T07:32:31.000Z","005RB00000eezKIYAY","2026-08-12T03:19:14.000Z","005RB00000eezKIYAY","2026-08-12T03:19:14.000Z","","","","","","","月","","","","12.0","","","","150000.0","","","","","","Negotiation","","80.0","2026-08-06","2026-09-01","1800000.0","1440000.0","false","false","10.0","Enterprise","Rendery","","2026/09"
"a08RB00001hKGgsYAG","005RB00000grTmrYAE","false","株式会社秀建","2026-08-06T07:16:31.000Z","005RB00000grTmrYAE","2026-08-06T07:27:05.000Z","005RB00000grTmrYAE","2026-08-06T07:27:05.000Z","","","","","001RB00001VTtIgYAL","003RB00001XBNKLYA5","月","","","","12.0","","","","32000.0","","","","","","Closed Won","","100.0","","2026-09-01","384000.0","384000.0","true","true","4.0","Pro","Rendery","","2026/09"
"a08RB00001hXKt8YAG","005RB00000grTmrYAE","false","センブンノイチ株式会社","2026-08-07T07:44:54.000Z","005RB00000grTmrYAE","2026-08-10T00:38:18.000Z","005RB00000grTmrYAE","2026-08-10T00:38:18.000Z","","","","","001RB00001ei9eNYAQ","003RB00001XeurBYAR","月","","","","12.0","","","","8800.0","","","","","","Negotiation","","80.0","2026-08-06","2026-08-17","105600.0","84480.0","false","false","1.0","Pro","Rendery","","2026/08"
"a08RB00001hjrJqYAI","005RB00000grTmrYAE","false","メッシュ景観設計事務所","2026-08-10T00:50:10.000Z","005RB00000grTmrYAE","2026-08-10T00:50:10.000Z","005RB00000grTmrYAE","2026-08-10T00:50:10.000Z","","","","","001RB00001exZQPYA2","003RB00001XeDvvYAF","月","","","","12.0","","","","8800.0","","","","","","Negotiation","","80.0","2026-08-10","2026-08-17","105600.0","84480.0","false","false","1.0","Pro","Rendery","","2026/08"
"a08RB00001hkHFuYAM","005RB00000grTmrYAE","false","株式会社tide line creates","2026-08-10T00:45:04.000Z","005RB00000grTmrYAE","2026-08-10T00:45:04.000Z","005RB00000grTmrYAE","2026-08-10T00:45:04.000Z","","","","","001RB00001exUCEYA2","003RB00001Xf0tNYAR","月","","","","12.0","","","","8800.0","","","","","","Negotiation","","80.0","2026-08-10","2026-08-23","105600.0","84480.0","false","false","1.0","Pro","Rendery","","2026/08"
"a08RB00001hmJLdYAM","005RB00000grTmrYAE","false","パナソニックリビング株式会社　首都圏・関東社","2026-08-10T02:45:05.000Z","005RB00000grTmrYAE","2026-08-10T02:45:20.000Z","005RB00000grTmrYAE","2026-08-10T02:45:20.000Z","","","","","001RB00001exbqPYAQ","003RB00001Xf7JlYAJ","月","","","","12.0","","","","8800.0","","","","","","Negotiation","","50.0","2026-08-10","2026-08-24","105600.0","52800.0","false","false","1.0","Pro","Rendery","","2026/08"
"a08RB00001i0QOrYAM","005RB00000eezKIYAY","false","三菱地所レジデンス（アップセル）","2026-08-12T02:37:16.000Z","005RB00000eezKIYAY","2026-08-12T02:41:02.000Z","005RB00000eezKIYAY","2026-08-12T02:41:02.000Z","","","","","001RB00001VTqf7YAD","","月","","","","12.0","社内検討中","","","45000.0","","社内情シス審査中。突破後契約巻く","","導入意向","","Negotiation","2026-09-30","80.0","2026-08-12","2026-09-30","540000.0","432000.0","false","false","3.0","Enterprise","Rendery","","2026/09"
"a08RB00001iY1awYAC","005RB00000eezKIYAY","false","合同会社ＳＷ建築設計事務所","2026-08-17T01:36:19.000Z","005RB00000eezKIYAY","2026-08-17T01:36:19.000Z","005RB00000eezKIYAY","2026-08-17T01:36:19.000Z","","","","","","","月","","","","12.0","","","","","","","","","","Applove","2026-08-17","","2026-08-17","2026-08-17","0.0","0.0","false","false","1.0","Pro","Rendery","","2026/08"
