Id,Name,MasterContract__c,MasterContract__r.ContractUpdate__c,Account__c,Month__c,PeriodStartDate__c,RelatedInvoice__c,RelatedInvoice__r.ParentContract__c,RelatedInvoice__r.Account__c,RelatedInvoice__r.Billing_Date__c
a03RB00001NswUHYAZ,サンフロンティア不動産株式会社_2024/06,a04RB00000kUANdYAO,月,001RB00001VTqlYYAT,2024/06,2024-06-01,a00RB00002Am2BhYAJ,a04RB00000kUANdYAO,001RB00001VTqlYYAT,2026-07-20
a03RB00001NswUIYAZ,サンフロンティア不動産株式会社_2024/07,a04RB00000kUANdYAO,月,001RB00001VTqlYYAT,2024/07,2024-07-01,a00RB00002Am2BhYAJ,a04RB00000kUANdYAO,001RB00001VTqlYYAT,2026-07-20
a03RB00001NswUJYAZ,サンフロンティア不動産株式会社_2024/08,a04RB00000kUANdYAO,月,001RB00001VTqlYYAT,2024/08,2024-08-01,a00RB00002Am2BhYAJ,a04RB00000kUANdYAO,001RB00001VTqlYYAT,2026-07-20
a03RB00001NswUKYAZ,サンフロンティア不動産株式会社_2024/09,a04RB00000kUANdYAO,月,001RB00001VTqlYYAT,2024/09,2024-09-01,a00RB00002Am2BhYAJ,a04RB00000kUANdYAO,001RB00001VTqlYYAT,2026-07-20
a03RB00001NswULYAZ,サンフロンティア不動産株式会社_2024/10,a04RB00000kUANdYAO,月,001RB00001VTqlYYAT,2024/10,2024-10-01,a00RB00002Am2BhYAJ,a04RB00000kUANdYAO,001RB00001VTqlYYAT,2026-07-20
a03RB00001NswUMYAZ,サンフロンティア不動産株式会社_2024/11,a04RB00000kUANdYAO,月,001RB00001VTqlYYAT,2024/11,2024-11-01,a00RB00002Am2BhYAJ,a04RB00000kUANdYAO,001RB00001VTqlYYAT,2026-07-20
a03RB00001NswUNYAZ,サンフロンティア不動産株式会社_2024/12,a04RB00000kUANdYAO,月,001RB00001VTqlYYAT,2024/12,2024-12-01,a00RB00002Am2BhYAJ,a04RB00000kUANdYAO,001RB00001VTqlYYAT,2026-07-20
a03RB00001NswUOYAZ,サンフロンティア不動産株式会社_2025/01,a04RB00000kUANdYAO,月,001RB00001VTqlYYAT,2025/01,2025-01-01,a00RB00002Am2BhYAJ,a04RB00000kUANdYAO,001RB00001VTqlYYAT,2026-07-20
a03RB00001NswUPYAZ,サンフロンティア不動産株式会社_2025/02,a04RB00000kUANdYAO,月,001RB00001VTqlYYAT,2025/02,2025-02-01,a00RB00002Am2BhYAJ,a04RB00000kUANdYAO,001RB00001VTqlYYAT,2026-07-20
a03RB00001NswUQYAZ,サンフロンティア不動産株式会社_2025/03,a04RB00000kUANdYAO,月,001RB00001VTqlYYAT,2025/03,2025-03-01,a00RB00002Am2BhYAJ,a04RB00000kUANdYAO,001RB00001VTqlYYAT,2026-07-20
a03RB00001NswURYAZ,サンフロンティア不動産株式会社_2025/04,a04RB00000kUANdYAO,月,001RB00001VTqlYYAT,2025/04,2025-04-01,a00RB00002Am2BhYAJ,a04RB00000kUANdYAO,001RB00001VTqlYYAT,2026-07-20
a03RB00001NswUSYAZ,サンフロンティア不動産株式会社_2025/05,a04RB00000kUANdYAO,月,001RB00001VTqlYYAT,2025/05,2025-05-01,a00RB00002Am2BhYAJ,a04RB00000kUANdYAO,001RB00001VTqlYYAT,2026-07-20
a03RB00001NswUTYAZ,サンフロンティア不動産株式会社_2025/06,a04RB00000kUANdYAO,月,001RB00001VTqlYYAT,2025/06,2025-06-01,a00RB00002Am2BhYAJ,a04RB00000kUANdYAO,001RB00001VTqlYYAT,2026-07-20
a03RB00001NswUUYAZ,サンフロンティア不動産株式会社_2025/07,a04RB00000kUANdYAO,月,001RB00001VTqlYYAT,2025/07,2025-07-01,a00RB00002Am2BhYAJ,a04RB00000kUANdYAO,001RB00001VTqlYYAT,2026-07-20
a03RB00001NswUVYAZ,サンフロンティア不動産株式会社_2025/08,a04RB00000kUANdYAO,月,001RB00001VTqlYYAT,2025/08,2025-08-01,a00RB00002Am2BhYAJ,a04RB00000kUANdYAO,001RB00001VTqlYYAT,2026-07-20
a03RB00001NswUWYAZ,サンフロンティア不動産株式会社_2025/09,a04RB00000kUANdYAO,月,001RB00001VTqlYYAT,2025/09,2025-09-01,a00RB00002Am2BhYAJ,a04RB00000kUANdYAO,001RB00001VTqlYYAT,2026-07-20
a03RB00001NswUXYAZ,サンフロンティア不動産株式会社_2025/10,a04RB00000kUANdYAO,月,001RB00001VTqlYYAT,2025/10,2025-10-01,a00RB00002Am2BhYAJ,a04RB00000kUANdYAO,001RB00001VTqlYYAT,2026-07-20
a03RB00001NswUYYAZ,サンフロンティア不動産株式会社_2025/11,a04RB00000kUANdYAO,月,001RB00001VTqlYYAT,2025/11,2025-11-01,a00RB00002Am2BhYAJ,a04RB00000kUANdYAO,001RB00001VTqlYYAT,2026-07-20
a03RB00001NswUZYAZ,サンフロンティア不動産株式会社_2025/12,a04RB00000kUANdYAO,月,001RB00001VTqlYYAT,2025/12,2025-12-01,a00RB00002Am2BhYAJ,a04RB00000kUANdYAO,001RB00001VTqlYYAT,2026-07-20
a03RB00001NswUaYAJ,サンフロンティア不動産株式会社_2026/01,a04RB00000kUANdYAO,月,001RB00001VTqlYYAT,2026/01,2026-01-01,a00RB00002Am2BhYAJ,a04RB00000kUANdYAO,001RB00001VTqlYYAT,2026-07-20
a03RB00001NswUbYAJ,サンフロンティア不動産株式会社_2026/02,a04RB00000kUANdYAO,月,001RB00001VTqlYYAT,2026/02,2026-02-01,a00RB00002Am2BhYAJ,a04RB00000kUANdYAO,001RB00001VTqlYYAT,2026-07-20
a03RB00001NswUcYAJ,サンフロンティア不動産株式会社_2026/03,a04RB00000kUANdYAO,月,001RB00001VTqlYYAT,2026/03,2026-03-01,a00RB00002Am2BhYAJ,a04RB00000kUANdYAO,001RB00001VTqlYYAT,2026-07-20
a03RB00001NswUdYAJ,サンフロンティア不動産株式会社_2026/04,a04RB00000kUANdYAO,月,001RB00001VTqlYYAT,2026/04,2026-04-01,a00RB00002Am2BhYAJ,a04RB00000kUANdYAO,001RB00001VTqlYYAT,2026-07-20
a03RB00001NswUeYAJ,サンフロンティア不動産株式会社_2026/05,a04RB00000kUANdYAO,月,001RB00001VTqlYYAT,2026/05,2026-05-01,a00RB00002Am2BhYAJ,a04RB00000kUANdYAO,001RB00001VTqlYYAT,2026-07-20
a03RB00001NswUfYAJ,東急不動産株式会社_2024/08,a04RB00000kUANeYAO,月,001RB00001VTqUVYA1,2024/08,2024-08-01,,,,
a03RB00001NswUgYAJ,東急不動産株式会社_2024/09,a04RB00000kUANeYAO,月,001RB00001VTqUVYA1,2024/09,2024-09-01,,,,
a03RB00001NswUhYAJ,東急不動産株式会社_2024/10,a04RB00000kUANeYAO,月,001RB00001VTqUVYA1,2024/10,2024-10-01,,,,
a03RB00001NswUiYAJ,東急不動産株式会社_2024/11,a04RB00000kUANeYAO,月,001RB00001VTqUVYA1,2024/11,2024-11-01,,,,
a03RB00001NswUjYAJ,東急不動産株式会社_2024/12,a04RB00000kUANeYAO,月,001RB00001VTqUVYA1,2024/12,2024-12-01,,,,
a03RB00001NswUkYAJ,東急不動産株式会社_2025/01,a04RB00000kUANeYAO,月,001RB00001VTqUVYA1,2025/01,2025-01-01,,,,
a03RB00001NswUlYAJ,東急不動産株式会社_2025/02,a04RB00000kUANeYAO,月,001RB00001VTqUVYA1,2025/02,2025-02-01,,,,
a03RB00001NswUmYAJ,東急不動産株式会社_2025/03,a04RB00000kUANeYAO,月,001RB00001VTqUVYA1,2025/03,2025-03-01,,,,
a03RB00001NswUnYAJ,東急不動産株式会社_2025/04,a04RB00000kUANeYAO,月,001RB00001VTqUVYA1,2025/04,2025-04-01,,,,
a03RB00001NswUoYAJ,東急不動産株式会社_2025/05,a04RB00000kUANeYAO,月,001RB00001VTqUVYA1,2025/05,2025-05-01,,,,
a03RB00001NswUpYAJ,東急不動産株式会社_2025/06,a04RB00000kUANeYAO,月,001RB00001VTqUVYA1,2025/06,2025-06-01,,,,
a03RB00001NswUqYAJ,東急不動産株式会社_2025/07,a04RB00000kUANeYAO,月,001RB00001VTqUVYA1,2025/07,2025-07-01,,,,
a03RB00001NswUrYAJ,東急不動産株式会社_2025/08,a04RB00000kUANeYAO,月,001RB00001VTqUVYA1,2025/08,2025-08-01,,,,
a03RB00001NswUsYAJ,東急不動産株式会社_2025/09,a04RB00000kUANeYAO,月,001RB00001VTqUVYA1,2025/09,2025-09-01,,,,
a03RB00001NswUtYAJ,東急不動産株式会社_2025/10,a04RB00000kUANeYAO,月,001RB00001VTqUVYA1,2025/10,2025-10-01,,,,
a03RB00001NswUuYAJ,東急不動産株式会社_2025/11,a04RB00000kUANeYAO,月,001RB00001VTqUVYA1,2025/11,2025-11-01,,,,
a03RB00001NswUvYAJ,東急不動産株式会社_2025/12,a04RB00000kUANeYAO,月,001RB00001VTqUVYA1,2025/12,2025-12-01,,,,
a03RB00001NswUwYAJ,東急不動産株式会社_2026/01,a04RB00000kUANeYAO,月,001RB00001VTqUVYA1,2026/01,2026-01-01,,,,
a03RB00001NswUxYAJ,東急不動産株式会社_2026/02,a04RB00000kUANeYAO,月,001RB00001VTqUVYA1,2026/02,2026-02-01,,,,
a03RB00001NswUyYAJ,東急不動産株式会社_2026/03,a04RB00000kUANeYAO,月,001RB00001VTqUVYA1,2026/03,2026-03-01,,,,
a03RB00001NswUzYAJ,東急不動産株式会社_2026/04,a04RB00000kUANeYAO,月,001RB00001VTqUVYA1,2026/04,2026-04-01,,,,
a03RB00001NswV0YAJ,東急不動産株式会社_2026/05,a04RB00000kUANeYAO,月,001RB00001VTqUVYA1,2026/05,2026-05-01,,,,
a03RB00001NswV1YAJ,東急不動産株式会社_2026/06,a04RB00000kUANeYAO,月,001RB00001VTqUVYA1,2026/06,2026-06-01,,,,
a03RB00001NswV2YAJ,株式会社 ノムラメディアス_2024/08,a04RB00000kUANfYAO,月,001RB00001VTCZGYA5,2024/08,2024-08-01,,,,
a03RB00001NswV3YAJ,株式会社 ノムラメディアス_2024/09,a04RB00000kUANfYAO,月,001RB00001VTCZGYA5,2024/09,2024-09-01,,,,
a03RB00001NswV4YAJ,株式会社 ノムラメディアス_2024/10,a04RB00000kUANfYAO,月,001RB00001VTCZGYA5,2024/10,2024-10-01,,,,
a03RB00001NswV5YAJ,株式会社 ノムラメディアス_2024/11,a04RB00000kUANfYAO,月,001RB00001VTCZGYA5,2024/11,2024-11-01,,,,
a03RB00001NswV6YAJ,株式会社 ノムラメディアス_2024/12,a04RB00000kUANfYAO,月,001RB00001VTCZGYA5,2024/12,2024-12-01,,,,
a03RB00001NswV7YAJ,株式会社 ノムラメディアス_2025/01,a04RB00000kUANfYAO,月,001RB00001VTCZGYA5,2025/01,2025-01-01,,,,
a03RB00001NswV8YAJ,株式会社 ノムラメディアス_2025/02,a04RB00000kUANfYAO,月,001RB00001VTCZGYA5,2025/02,2025-02-01,,,,
a03RB00001NswV9YAJ,東急株式会社_2024/10,a04RB00000kUANgYAO,月,001RB00001VTrs0YAD,2024/10,2024-10-01,a00RB00002Am2BKYAZ,a04RB00000kUANgYAO,001RB00001VTrs0YAD,2026-03-20
a03RB00001NswVAYAZ,東急株式会社_2024/11,a04RB00000kUANgYAO,月,001RB00001VTrs0YAD,2024/11,2024-11-01,a00RB00002Am2BKYAZ,a04RB00000kUANgYAO,001RB00001VTrs0YAD,2026-03-20
a03RB00001NswVBYAZ,東急株式会社_2024/12,a04RB00000kUANgYAO,月,001RB00001VTrs0YAD,2024/12,2024-12-01,a00RB00002Am2BKYAZ,a04RB00000kUANgYAO,001RB00001VTrs0YAD,2026-03-20
a03RB00001NswVCYAZ,東急株式会社_2025/01,a04RB00000kUANgYAO,月,001RB00001VTrs0YAD,2025/01,2025-01-01,a00RB00002Am2BKYAZ,a04RB00000kUANgYAO,001RB00001VTrs0YAD,2026-03-20
a03RB00001NswVDYAZ,東急株式会社_2025/02,a04RB00000kUANgYAO,月,001RB00001VTrs0YAD,2025/02,2025-02-01,a00RB00002Am2BKYAZ,a04RB00000kUANgYAO,001RB00001VTrs0YAD,2026-03-20
a03RB00001NswVEYAZ,東急株式会社_2025/03,a04RB00000kUANgYAO,月,001RB00001VTrs0YAD,2025/03,2025-03-01,a00RB00002Am2BKYAZ,a04RB00000kUANgYAO,001RB00001VTrs0YAD,2026-03-20
a03RB00001NswVFYAZ,東急株式会社_2025/04,a04RB00000kUANgYAO,月,001RB00001VTrs0YAD,2025/04,2025-04-01,a00RB00002Am2BKYAZ,a04RB00000kUANgYAO,001RB00001VTrs0YAD,2026-03-20
a03RB00001NswVGYAZ,東急株式会社_2025/05,a04RB00000kUANgYAO,月,001RB00001VTrs0YAD,2025/05,2025-05-01,a00RB00002Am2BKYAZ,a04RB00000kUANgYAO,001RB00001VTrs0YAD,2026-03-20
a03RB00001NswVHYAZ,東急株式会社_2025/06,a04RB00000kUANgYAO,月,001RB00001VTrs0YAD,2025/06,2025-06-01,a00RB00002Am2BKYAZ,a04RB00000kUANgYAO,001RB00001VTrs0YAD,2026-03-20
a03RB00001NswVIYAZ,東急株式会社_2025/07,a04RB00000kUANgYAO,月,001RB00001VTrs0YAD,2025/07,2025-07-01,a00RB00002Am2BKYAZ,a04RB00000kUANgYAO,001RB00001VTrs0YAD,2026-03-20
a03RB00001NswVJYAZ,東急株式会社_2025/08,a04RB00000kUANgYAO,月,001RB00001VTrs0YAD,2025/08,2025-08-01,a00RB00002Am2BKYAZ,a04RB00000kUANgYAO,001RB00001VTrs0YAD,2026-03-20
a03RB00001NswVKYAZ,東急株式会社_2025/09,a04RB00000kUANgYAO,月,001RB00001VTrs0YAD,2025/09,2025-09-01,a00RB00002Am2BKYAZ,a04RB00000kUANgYAO,001RB00001VTrs0YAD,2026-03-20
a03RB00001NswVLYAZ,東急株式会社_2025/10,a04RB00000kUANgYAO,月,001RB00001VTrs0YAD,2025/10,2025-10-01,a00RB00002Am2BKYAZ,a04RB00000kUANgYAO,001RB00001VTrs0YAD,2026-03-20
a03RB00001NswVMYAZ,東急株式会社_2025/11,a04RB00000kUANgYAO,月,001RB00001VTrs0YAD,2025/11,2025-11-01,a00RB00002Am2BKYAZ,a04RB00000kUANgYAO,001RB00001VTrs0YAD,2026-03-20
a03RB00001NswVNYAZ,東急株式会社_2025/12,a04RB00000kUANgYAO,月,001RB00001VTrs0YAD,2025/12,2025-12-01,a00RB00002Am2BKYAZ,a04RB00000kUANgYAO,001RB00001VTrs0YAD,2026-03-20
a03RB00001NswVOYAZ,東急株式会社_2026/01,a04RB00000kUANgYAO,月,001RB00001VTrs0YAD,2026/01,2026-01-01,a00RB00002Am2BKYAZ,a04RB00000kUANgYAO,001RB00001VTrs0YAD,2026-03-20
a03RB00001NswVPYAZ,東急株式会社_2026/02,a04RB00000kUANgYAO,月,001RB00001VTrs0YAD,2026/02,2026-02-01,a00RB00002Am2BKYAZ,a04RB00000kUANgYAO,001RB00001VTrs0YAD,2026-03-20
a03RB00001NswVQYAZ,東急株式会社_2026/03,a04RB00000kUANgYAO,月,001RB00001VTrs0YAD,2026/03,2026-03-01,a00RB00002Am2BKYAZ,a04RB00000kUANgYAO,001RB00001VTrs0YAD,2026-03-20
a03RB00001NswVRYAZ,東急株式会社_2026/04,a04RB00000kUANgYAO,月,001RB00001VTrs0YAD,2026/04,2026-04-01,a00RB00002Am2BKYAZ,a04RB00000kUANgYAO,001RB00001VTrs0YAD,2026-03-20
a03RB00001NswVSYAZ,東急株式会社_2026/05,a04RB00000kUANgYAO,月,001RB00001VTrs0YAD,2026/05,2026-05-01,a00RB00002Am2BKYAZ,a04RB00000kUANgYAO,001RB00001VTrs0YAD,2026-03-20
a03RB00001NswVTYAZ,東急建設 ○独特の請求書式あり_2024/09,a04RB00000kUANhYAO,年,001RB00001VTrseYAD,2024/09,2024-09-01,a00RB00002B5oL9YAJ,a04RB00000kUANhYAO,001RB00001VTrseYAD,2026-04-20
a03RB00001NswVUYAZ,東急建設 ○独特の請求書式あり_2024/10,a04RB00000kUANhYAO,年,001RB00001VTrseYAD,2024/10,2024-10-01,a00RB00002B5oL9YAJ,a04RB00000kUANhYAO,001RB00001VTrseYAD,2026-04-20
a03RB00001NswVVYAZ,東急建設 ○独特の請求書式あり_2024/11,a04RB00000kUANhYAO,年,001RB00001VTrseYAD,2024/11,2024-11-01,a00RB00002B5oL9YAJ,a04RB00000kUANhYAO,001RB00001VTrseYAD,2026-04-20
a03RB00001NswVWYAZ,東急建設 ○独特の請求書式あり_2024/12,a04RB00000kUANhYAO,年,001RB00001VTrseYAD,2024/12,2024-12-01,a00RB00002B5oL9YAJ,a04RB00000kUANhYAO,001RB00001VTrseYAD,2026-04-20
a03RB00001NswVXYAZ,東急建設 ○独特の請求書式あり_2025/01,a04RB00000kUANhYAO,年,001RB00001VTrseYAD,2025/01,2025-01-01,a00RB00002B5oL9YAJ,a04RB00000kUANhYAO,001RB00001VTrseYAD,2026-04-20
a03RB00001NswVYYAZ,東急建設 ○独特の請求書式あり_2025/02,a04RB00000kUANhYAO,年,001RB00001VTrseYAD,2025/02,2025-02-01,a00RB00002B5oL9YAJ,a04RB00000kUANhYAO,001RB00001VTrseYAD,2026-04-20
a03RB00001NswVZYAZ,東急建設 ○独特の請求書式あり_2025/03,a04RB00000kUANhYAO,年,001RB00001VTrseYAD,2025/03,2025-03-01,a00RB00002B5oL9YAJ,a04RB00000kUANhYAO,001RB00001VTrseYAD,2026-04-20
a03RB00001NswVaYAJ,東急建設 ○独特の請求書式あり_2025/04,a04RB00000kUANhYAO,年,001RB00001VTrseYAD,2025/04,2025-04-01,a00RB00002B5oL9YAJ,a04RB00000kUANhYAO,001RB00001VTrseYAD,2026-04-20
a03RB00001NswVbYAJ,東急建設 ○独特の請求書式あり_2025/07,a04RB00000kUANhYAO,年,001RB00001VTrseYAD,2025/07,2025-07-01,a00RB00002B5oL9YAJ,a04RB00000kUANhYAO,001RB00001VTrseYAD,2026-04-20
a03RB00001NswVcYAJ,東急建設 ○独特の請求書式あり_2025/08,a04RB00000kUANhYAO,年,001RB00001VTrseYAD,2025/08,2025-08-01,a00RB00002B5oL9YAJ,a04RB00000kUANhYAO,001RB00001VTrseYAD,2026-04-20
a03RB00001NswVdYAJ,東急建設 ○独特の請求書式あり_2025/09,a04RB00000kUANhYAO,年,001RB00001VTrseYAD,2025/09,2025-09-01,a00RB00002B5oL9YAJ,a04RB00000kUANhYAO,001RB00001VTrseYAD,2026-04-20
a03RB00001NswVeYAJ,東急建設 ○独特の請求書式あり_2025/10,a04RB00000kUANhYAO,年,001RB00001VTrseYAD,2025/10,2025-10-01,a00RB00002B5oL9YAJ,a04RB00000kUANhYAO,001RB00001VTrseYAD,2026-04-20
a03RB00001NswVfYAJ,東急建設 ○独特の請求書式あり_2025/11,a04RB00000kUANhYAO,年,001RB00001VTrseYAD,2025/11,2025-11-01,a00RB00002B5oL9YAJ,a04RB00000kUANhYAO,001RB00001VTrseYAD,2026-04-20
a03RB00001NswVgYAJ,東急建設 ○独特の請求書式あり_2025/12,a04RB00000kUANhYAO,年,001RB00001VTrseYAD,2025/12,2025-12-01,a00RB00002B5oL9YAJ,a04RB00000kUANhYAO,001RB00001VTrseYAD,2026-04-20
a03RB00001NswVhYAJ,東急建設 ○独特の請求書式あり_2026/01,a04RB00000kUANhYAO,年,001RB00001VTrseYAD,2026/01,2026-01-01,a00RB00002B5oL9YAJ,a04RB00000kUANhYAO,001RB00001VTrseYAD,2026-04-20
a03RB00001NswViYAJ,東急建設 ○独特の請求書式あり_2026/02,a04RB00000kUANhYAO,年,001RB00001VTrseYAD,2026/02,2026-02-01,a00RB00002B5oL9YAJ,a04RB00000kUANhYAO,001RB00001VTrseYAD,2026-04-20
a03RB00001NswVjYAJ,東急建設 ○独特の請求書式あり_2026/03,a04RB00000kUANhYAO,年,001RB00001VTrseYAD,2026/03,2026-03-01,a00RB00002B5oL9YAJ,a04RB00000kUANhYAO,001RB00001VTrseYAD,2026-04-20
a03RB00001NswVkYAJ,東急建設 ○独特の請求書式あり_2026/04,a04RB00000kUANhYAO,年,001RB00001VTrseYAD,2026/04,2026-04-01,a00RB00002B5oL9YAJ,a04RB00000kUANhYAO,001RB00001VTrseYAD,2026-04-20
a03RB00001NswVlYAJ,東急建設 ○独特の請求書式あり_2026/05,a04RB00000kUANhYAO,年,001RB00001VTrseYAD,2026/05,2026-05-01,a00RB00002B5oL9YAJ,a04RB00000kUANhYAO,001RB00001VTrseYAD,2026-04-20
a03RB00001NswVmYAJ,東急建設 ○独特の請求書式あり_2026/06,a04RB00000kUANhYAO,年,001RB00001VTrseYAD,2026/06,2026-06-01,a00RB00002B5oL9YAJ,a04RB00000kUANhYAO,001RB00001VTrseYAD,2026-04-20
a03RB00001NswVnYAJ,東急建設 ○独特の請求書式あり_2026/07,a04RB00000kUANhYAO,年,001RB00001VTrseYAD,2026/07,2026-07-01,a00RB00002B5oL9YAJ,a04RB00000kUANhYAO,001RB00001VTrseYAD,2026-04-20
a03RB00001NswVoYAJ,東急建設 ○独特の請求書式あり_2026/08,a04RB00000kUANhYAO,年,001RB00001VTrseYAD,2026/08,2026-08-01,a00RB00002B5oL9YAJ,a04RB00000kUANhYAO,001RB00001VTrseYAD,2026-04-20
a03RB00001NswVpYAJ,東急建設 ○独特の請求書式あり_2026/09,a04RB00000kUANhYAO,年,001RB00001VTrseYAD,2026/09,2026-09-01,a00RB00002B5oL9YAJ,a04RB00000kUANhYAO,001RB00001VTrseYAD,2026-04-20
a03RB00001NswVqYAJ,東急建設 ○独特の請求書式あり_2026/10,a04RB00000kUANhYAO,年,001RB00001VTrseYAD,2026/10,2026-10-01,a00RB00002B5oL9YAJ,a04RB00000kUANhYAO,001RB00001VTrseYAD,2026-04-20
a03RB00001NswVrYAJ,東急建設 ○独特の請求書式あり_2026/11,a04RB00000kUANhYAO,年,001RB00001VTrseYAD,2026/11,2026-11-01,a00RB00002B5oL9YAJ,a04RB00000kUANhYAO,001RB00001VTrseYAD,2026-04-20
a03RB00001NswVsYAJ,東急建設 ○独特の請求書式あり_2026/12,a04RB00000kUANhYAO,年,001RB00001VTrseYAD,2026/12,2026-12-01,a00RB00002B5oL9YAJ,a04RB00000kUANhYAO,001RB00001VTrseYAD,2026-04-20
a03RB00001NswVtYAJ,東急建設 ○独特の請求書式あり_2027/01,a04RB00000kUANhYAO,年,001RB00001VTrseYAD,2027/01,2027-01-01,a00RB00002B5oL9YAJ,a04RB00000kUANhYAO,001RB00001VTrseYAD,2026-04-20
a03RB00001NswVuYAJ,東急建設 ○独特の請求書式あり_2027/02,a04RB00000kUANhYAO,年,001RB00001VTrseYAD,2027/02,2027-02-01,a00RB00002B5oL9YAJ,a04RB00000kUANhYAO,001RB00001VTrseYAD,2026-04-20
a03RB00001NswVvYAJ,東急建設 ○独特の請求書式あり_2027/03,a04RB00000kUANhYAO,年,001RB00001VTrseYAD,2027/03,2027-03-01,a00RB00002B5oL9YAJ,a04RB00000kUANhYAO,001RB00001VTrseYAD,2026-04-20
a03RB00001NswVwYAJ,株式会社フロンティアコンサルティング_2024/08,a04RB00000kUANiYAO,月,001RB00001VTqlHYAT,2024/08,2024-08-01,a00RB00002Am2BiYAJ,a04RB00000kUANiYAO,001RB00001VTqlHYAT,2026-07-20
a03RB00001NswVxYAJ,株式会社フロンティアコンサルティング_2024/09,a04RB00000kUANiYAO,月,001RB00001VTqlHYAT,2024/09,2024-09-01,a00RB00002Am2BiYAJ,a04RB00000kUANiYAO,001RB00001VTqlHYAT,2026-07-20
a03RB00001NswVyYAJ,株式会社フロンティアコンサルティング_2024/10,a04RB00000kUANiYAO,月,001RB00001VTqlHYAT,2024/10,2024-10-01,a00RB00002Am2BiYAJ,a04RB00000kUANiYAO,001RB00001VTqlHYAT,2026-07-20
a03RB00001NswVzYAJ,株式会社フロンティアコンサルティング_2024/11,a04RB00000kUANiYAO,月,001RB00001VTqlHYAT,2024/11,2024-11-01,a00RB00002Am2BiYAJ,a04RB00000kUANiYAO,001RB00001VTqlHYAT,2026-07-20
a03RB00001NswW0YAJ,株式会社フロンティアコンサルティング_2024/12,a04RB00000kUANiYAO,月,001RB00001VTqlHYAT,2024/12,2024-12-01,a00RB00002Am2BiYAJ,a04RB00000kUANiYAO,001RB00001VTqlHYAT,2026-07-20
a03RB00001NswW1YAJ,株式会社フロンティアコンサルティング_2025/01,a04RB00000kUANiYAO,月,001RB00001VTqlHYAT,2025/01,2025-01-01,a00RB00002Am2BiYAJ,a04RB00000kUANiYAO,001RB00001VTqlHYAT,2026-07-20
a03RB00001NswW2YAJ,株式会社フロンティアコンサルティング_2025/02,a04RB00000kUANiYAO,月,001RB00001VTqlHYAT,2025/02,2025-02-01,a00RB00002Am2BiYAJ,a04RB00000kUANiYAO,001RB00001VTqlHYAT,2026-07-20
a03RB00001NswW3YAJ,株式会社フロンティアコンサルティング_2025/03,a04RB00000kUANiYAO,月,001RB00001VTqlHYAT,2025/03,2025-03-01,a00RB00002Am2BiYAJ,a04RB00000kUANiYAO,001RB00001VTqlHYAT,2026-07-20
a03RB00001NswW4YAJ,株式会社フロンティアコンサルティング_2025/04,a04RB00000kUANiYAO,月,001RB00001VTqlHYAT,2025/04,2025-04-01,a00RB00002Am2BiYAJ,a04RB00000kUANiYAO,001RB00001VTqlHYAT,2026-07-20
a03RB00001NswW5YAJ,株式会社フロンティアコンサルティング_2025/05,a04RB00000kUANiYAO,月,001RB00001VTqlHYAT,2025/05,2025-05-01,a00RB00002Am2BiYAJ,a04RB00000kUANiYAO,001RB00001VTqlHYAT,2026-07-20
a03RB00001NswW6YAJ,株式会社フロンティアコンサルティング_2025/06,a04RB00000kUANiYAO,月,001RB00001VTqlHYAT,2025/06,2025-06-01,a00RB00002Am2BiYAJ,a04RB00000kUANiYAO,001RB00001VTqlHYAT,2026-07-20
a03RB00001NswW7YAJ,株式会社フロンティアコンサルティング_2025/07,a04RB00000kUANiYAO,月,001RB00001VTqlHYAT,2025/07,2025-07-01,a00RB00002Am2BiYAJ,a04RB00000kUANiYAO,001RB00001VTqlHYAT,2026-07-20
a03RB00001NswW8YAJ,株式会社フロンティアコンサルティング_2025/08,a04RB00000kUANiYAO,月,001RB00001VTqlHYAT,2025/08,2025-08-01,a00RB00002Am2BiYAJ,a04RB00000kUANiYAO,001RB00001VTqlHYAT,2026-07-20
a03RB00001NswW9YAJ,株式会社フロンティアコンサルティング_2025/09,a04RB00000kUANiYAO,月,001RB00001VTqlHYAT,2025/09,2025-09-01,a00RB00002Am2BiYAJ,a04RB00000kUANiYAO,001RB00001VTqlHYAT,2026-07-20
a03RB00001NswWAYAZ,株式会社フロンティアコンサルティング_2025/10,a04RB00000kUANiYAO,月,001RB00001VTqlHYAT,2025/10,2025-10-01,a00RB00002Am2BiYAJ,a04RB00000kUANiYAO,001RB00001VTqlHYAT,2026-07-20
a03RB00001NswWBYAZ,株式会社フロンティアコンサルティング_2025/11,a04RB00000kUANiYAO,月,001RB00001VTqlHYAT,2025/11,2025-11-01,a00RB00002Am2BiYAJ,a04RB00000kUANiYAO,001RB00001VTqlHYAT,2026-07-20
a03RB00001NswWCYAZ,株式会社フロンティアコンサルティング_2025/12,a04RB00000kUANiYAO,月,001RB00001VTqlHYAT,2025/12,2025-12-01,a00RB00002Am2BiYAJ,a04RB00000kUANiYAO,001RB00001VTqlHYAT,2026-07-20
a03RB00001NswWDYAZ,株式会社フロンティアコンサルティング_2026/01,a04RB00000kUANiYAO,月,001RB00001VTqlHYAT,2026/01,2026-01-01,a00RB00002Am2BiYAJ,a04RB00000kUANiYAO,001RB00001VTqlHYAT,2026-07-20
a03RB00001NswWEYAZ,株式会社フロンティアコンサルティング_2026/02,a04RB00000kUANiYAO,月,001RB00001VTqlHYAT,2026/02,2026-02-01,a00RB00002Am2BiYAJ,a04RB00000kUANiYAO,001RB00001VTqlHYAT,2026-07-20
a03RB00001NswWFYAZ,株式会社フロンティアコンサルティング_2026/03,a04RB00000kUANiYAO,月,001RB00001VTqlHYAT,2026/03,2026-03-01,a00RB00002Am2BiYAJ,a04RB00000kUANiYAO,001RB00001VTqlHYAT,2026-07-20
a03RB00001NswWGYAZ,株式会社フロンティアコンサルティング_2026/04,a04RB00000kUANiYAO,月,001RB00001VTqlHYAT,2026/04,2026-04-01,a00RB00002Am2BiYAJ,a04RB00000kUANiYAO,001RB00001VTqlHYAT,2026-07-20
a03RB00001NswWHYAZ,株式会社フロンティアコンサルティング_2026/05,a04RB00000kUANiYAO,月,001RB00001VTqlHYAT,2026/05,2026-05-01,a00RB00002Am2BiYAJ,a04RB00000kUANiYAO,001RB00001VTqlHYAT,2026-07-20
a03RB00001NswWIYAZ,株式会社フロンティアコンサルティング_2026/06,a04RB00000kUANiYAO,月,001RB00001VTqlHYAT,2026/06,2026-06-01,a00RB00002Am2BiYAJ,a04RB00000kUANiYAO,001RB00001VTqlHYAT,2026-07-20
a03RB00001NswWJYAZ,前田工務店_2024/10,a04RB00000kUANjYAO,月,001RB00001VTCYmYAP,2024/10,2024-10-01,a00RB00002B5oLIYAZ,a04RB00000kUANjYAO,001RB00001VTCYmYAP,2026-03-20
a03RB00001NswWKYAZ,前田工務店_2024/11,a04RB00000kUANjYAO,月,001RB00001VTCYmYAP,2024/11,2024-11-01,a00RB00002B5oLIYAZ,a04RB00000kUANjYAO,001RB00001VTCYmYAP,2026-03-20
a03RB00001NswWLYAZ,前田工務店_2024/12,a04RB00000kUANjYAO,月,001RB00001VTCYmYAP,2024/12,2024-12-01,a00RB00002B5oLIYAZ,a04RB00000kUANjYAO,001RB00001VTCYmYAP,2026-03-20
a03RB00001NswWMYAZ,前田工務店_2025/01,a04RB00000kUANjYAO,月,001RB00001VTCYmYAP,2025/01,2025-01-01,a00RB00002B5oLIYAZ,a04RB00000kUANjYAO,001RB00001VTCYmYAP,2026-03-20
a03RB00001NswWNYAZ,前田工務店_2025/02,a04RB00000kUANjYAO,月,001RB00001VTCYmYAP,2025/02,2025-02-01,a00RB00002B5oLIYAZ,a04RB00000kUANjYAO,001RB00001VTCYmYAP,2026-03-20
a03RB00001NswWOYAZ,前田工務店_2025/03,a04RB00000kUANjYAO,月,001RB00001VTCYmYAP,2025/03,2025-03-01,a00RB00002B5oLIYAZ,a04RB00000kUANjYAO,001RB00001VTCYmYAP,2026-03-20
a03RB00001NswWPYAZ,前田工務店_2025/04,a04RB00000kUANjYAO,月,001RB00001VTCYmYAP,2025/04,2025-04-01,a00RB00002B5oLIYAZ,a04RB00000kUANjYAO,001RB00001VTCYmYAP,2026-03-20
a03RB00001NswWQYAZ,前田工務店_2025/05,a04RB00000kUANjYAO,月,001RB00001VTCYmYAP,2025/05,2025-05-01,a00RB00002B5oLIYAZ,a04RB00000kUANjYAO,001RB00001VTCYmYAP,2026-03-20
a03RB00001NswWRYAZ,前田工務店_2025/06,a04RB00000kUANjYAO,月,001RB00001VTCYmYAP,2025/06,2025-06-01,a00RB00002B5oLIYAZ,a04RB00000kUANjYAO,001RB00001VTCYmYAP,2026-03-20
a03RB00001NswWSYAZ,前田工務店_2025/07,a04RB00000kUANjYAO,月,001RB00001VTCYmYAP,2025/07,2025-07-01,a00RB00002B5oLIYAZ,a04RB00000kUANjYAO,001RB00001VTCYmYAP,2026-03-20
a03RB00001NswWTYAZ,前田工務店_2025/08,a04RB00000kUANjYAO,月,001RB00001VTCYmYAP,2025/08,2025-08-01,a00RB00002B5oLIYAZ,a04RB00000kUANjYAO,001RB00001VTCYmYAP,2026-03-20
a03RB00001NswWUYAZ,前田工務店_2025/09,a04RB00000kUANjYAO,月,001RB00001VTCYmYAP,2025/09,2025-09-01,a00RB00002B5oLIYAZ,a04RB00000kUANjYAO,001RB00001VTCYmYAP,2026-03-20
a03RB00001NswWVYAZ,前田工務店_2025/10,a04RB00000kUANjYAO,月,001RB00001VTCYmYAP,2025/10,2025-10-01,a00RB00002B5oLIYAZ,a04RB00000kUANjYAO,001RB00001VTCYmYAP,2026-03-20
a03RB00001NswWWYAZ,前田工務店_2025/11,a04RB00000kUANjYAO,月,001RB00001VTCYmYAP,2025/11,2025-11-01,a00RB00002B5oLIYAZ,a04RB00000kUANjYAO,001RB00001VTCYmYAP,2026-03-20
a03RB00001NswWXYAZ,前田工務店_2025/12,a04RB00000kUANjYAO,月,001RB00001VTCYmYAP,2025/12,2025-12-01,a00RB00002B5oLIYAZ,a04RB00000kUANjYAO,001RB00001VTCYmYAP,2026-03-20
a03RB00001NswWYYAZ,前田工務店_2026/01,a04RB00000kUANjYAO,月,001RB00001VTCYmYAP,2026/01,2026-01-01,a00RB00002B5oLIYAZ,a04RB00000kUANjYAO,001RB00001VTCYmYAP,2026-03-20
a03RB00001NswWZYAZ,前田工務店_2026/02,a04RB00000kUANjYAO,月,001RB00001VTCYmYAP,2026/02,2026-02-01,a00RB00002B5oLIYAZ,a04RB00000kUANjYAO,001RB00001VTCYmYAP,2026-03-20
a03RB00001NswWaYAJ,前田工務店_2026/03,a04RB00000kUANjYAO,月,001RB00001VTCYmYAP,2026/03,2026-03-01,a00RB00002B5oLIYAZ,a04RB00000kUANjYAO,001RB00001VTCYmYAP,2026-03-20
a03RB00001NswWbYAJ,前田工務店_2026/04,a04RB00000kUANjYAO,月,001RB00001VTCYmYAP,2026/04,2026-04-01,a00RB00002B5oLIYAZ,a04RB00000kUANjYAO,001RB00001VTCYmYAP,2026-03-20
a03RB00001NswWcYAJ,東京建物_2024/09,a04RB00000kUANkYAO,月,001RB00001VTqf9YAD,2024/09,2024-09-01,,,,
a03RB00001NswWdYAJ,東京建物_2024/10,a04RB00000kUANkYAO,月,001RB00001VTqf9YAD,2024/10,2024-10-01,,,,
a03RB00001NswWeYAJ,東京建物_2024/11,a04RB00000kUANkYAO,月,001RB00001VTqf9YAD,2024/11,2024-11-01,,,,
a03RB00001NswWfYAJ,東京建物_2024/12,a04RB00000kUANkYAO,月,001RB00001VTqf9YAD,2024/12,2024-12-01,,,,
a03RB00001NswWgYAJ,三井デザインテック_2024/09,a04RB00000kUANlYAO,月,001RB00001VTrtaYAD,2024/09,2024-09-01,,,,
a03RB00001NswWhYAJ,三井デザインテック_2024/10,a04RB00000kUANlYAO,月,001RB00001VTrtaYAD,2024/10,2024-10-01,,,,
a03RB00001NswWiYAJ,三井デザインテック_2024/11,a04RB00000kUANlYAO,月,001RB00001VTrtaYAD,2024/11,2024-11-01,,,,
a03RB00001NswWjYAJ,三井デザインテック_2024/12,a04RB00000kUANlYAO,月,001RB00001VTrtaYAD,2024/12,2024-12-01,,,,
a03RB00001NswWkYAJ,三井デザインテック_2025/01,a04RB00000kUANlYAO,月,001RB00001VTrtaYAD,2025/01,2025-01-01,,,,
a03RB00001NswWlYAJ,三井デザインテック_2025/02,a04RB00000kUANlYAO,月,001RB00001VTrtaYAD,2025/02,2025-02-01,,,,
a03RB00001NswWmYAJ,三井デザインテック_2025/03,a04RB00000kUANlYAO,月,001RB00001VTrtaYAD,2025/03,2025-03-01,,,,
a03RB00001NswWnYAJ,ムゲンエステート_2024/10,a04RB00000kUANmYAO,月,001RB00001VTqlOYAT,2024/10,2024-10-01,,,,
a03RB00001NswWoYAJ,ムゲンエステート_2024/11,a04RB00000kUANmYAO,月,001RB00001VTqlOYAT,2024/11,2024-11-01,,,,
a03RB00001NswWpYAJ,ムゲンエステート_2024/12,a04RB00000kUANmYAO,月,001RB00001VTqlOYAT,2024/12,2024-12-01,,,,
a03RB00001NswWqYAJ,ムゲンエステート_2025/01,a04RB00000kUANmYAO,月,001RB00001VTqlOYAT,2025/01,2025-01-01,,,,
a03RB00001NswWrYAJ,ムゲンエステート_2025/02,a04RB00000kUANmYAO,月,001RB00001VTqlOYAT,2025/02,2025-02-01,,,,
a03RB00001NswWsYAJ,ムゲンエステート_2025/03,a04RB00000kUANmYAO,月,001RB00001VTqlOYAT,2025/03,2025-03-01,,,,
a03RB00001NswWtYAJ,ムゲンエステート_2025/04,a04RB00000kUANmYAO,月,001RB00001VTqlOYAT,2025/04,2025-04-01,,,,
a03RB00001NswWuYAJ,ムゲンエステート_2025/05,a04RB00000kUANmYAO,月,001RB00001VTqlOYAT,2025/05,2025-05-01,,,,
a03RB00001NswWvYAJ,ムゲンエステート_2025/06,a04RB00000kUANmYAO,月,001RB00001VTqlOYAT,2025/06,2025-06-01,,,,
a03RB00001NswWwYAJ,ムゲンエステート_2025/07,a04RB00000kUANmYAO,月,001RB00001VTqlOYAT,2025/07,2025-07-01,,,,
a03RB00001NswWxYAJ,ムゲンエステート_2025/08,a04RB00000kUANmYAO,月,001RB00001VTqlOYAT,2025/08,2025-08-01,,,,
a03RB00001NswWyYAJ,ムゲンエステート_2025/09,a04RB00000kUANmYAO,月,001RB00001VTqlOYAT,2025/09,2025-09-01,,,,
a03RB00001NswWzYAJ,ムゲンエステート_2025/10,a04RB00000kUANmYAO,月,001RB00001VTqlOYAT,2025/10,2025-10-01,,,,
a03RB00001NswX0YAJ,ムゲンエステート_2025/11,a04RB00000kUANmYAO,月,001RB00001VTqlOYAT,2025/11,2025-11-01,,,,
a03RB00001NswX1YAJ,ムゲンエステート_2025/12,a04RB00000kUANmYAO,月,001RB00001VTqlOYAT,2025/12,2025-12-01,,,,
a03RB00001NswX2YAJ,ムゲンエステート_2026/01,a04RB00000kUANmYAO,月,001RB00001VTqlOYAT,2026/01,2026-01-01,,,,
a03RB00001NswX3YAJ,ムゲンエステート_2026/02,a04RB00000kUANmYAO,月,001RB00001VTqlOYAT,2026/02,2026-02-01,,,,
a03RB00001NswX4YAJ,ムゲンエステート_2026/03,a04RB00000kUANmYAO,月,001RB00001VTqlOYAT,2026/03,2026-03-01,a00RB00002Am2BpYAJ,a04RB00000kUANmYAO,001RB00001VTqlOYAT,2026-07-20
a03RB00001NswX5YAJ,ムゲンエステート_2026/04,a04RB00000kUANmYAO,月,001RB00001VTqlOYAT,2026/04,2026-04-01,a00RB00002Am2BpYAJ,a04RB00000kUANmYAO,001RB00001VTqlOYAT,2026-07-20
a03RB00001NswX6YAJ,ムゲンエステート_2026/05,a04RB00000kUANmYAO,月,001RB00001VTqlOYAT,2026/05,2026-05-01,a00RB00002Am2BpYAJ,a04RB00000kUANmYAO,001RB00001VTqlOYAT,2026-07-20
a03RB00001NswX7YAJ,studio55_2024/09,a04RB00000kUANnYAO,月,001RB00001VTrOjYAL,2024/09,2024-09-01,,,,
a03RB00001NswX8YAJ,studio55_2024/10,a04RB00000kUANnYAO,月,001RB00001VTrOjYAL,2024/10,2024-10-01,,,,
a03RB00001NswX9YAJ,studio55_2024/11,a04RB00000kUANnYAO,月,001RB00001VTrOjYAL,2024/11,2024-11-01,,,,
a03RB00001NswXAYAZ,コクヨ_2024/11,a04RB00000kUANoYAO,月,001RB00001VTCZ9YAP,2024/11,2024-11-01,,,,
a03RB00001NswXBYAZ,コクヨ_2024/12,a04RB00000kUANoYAO,月,001RB00001VTCZ9YAP,2024/12,2024-12-01,,,,
a03RB00001NswXCYAZ,コクヨ_2025/01,a04RB00000kUANoYAO,月,001RB00001VTCZ9YAP,2025/01,2025-01-01,,,,
a03RB00001NswXDYAZ,コクヨ_2025/02,a04RB00000kUANoYAO,月,001RB00001VTCZ9YAP,2025/02,2025-02-01,,,,
a03RB00001NswXEYAZ,コクヨ_2025/03,a04RB00000kUANoYAO,月,001RB00001VTCZ9YAP,2025/03,2025-03-01,,,,
a03RB00001NswXFYAZ,戸田建設(開発推進部:年額)_2024/11,a04RB00000kUANpYAO,月,001RB00001VTrmnYAD,2024/11,2024-11-01,,,,
a03RB00001NswXGYAZ,戸田建設(開発推進部:年額)_2024/12,a04RB00000kUANpYAO,月,001RB00001VTrmnYAD,2024/12,2024-12-01,,,,
a03RB00001NswXHYAZ,戸田建設(開発推進部:年額)_2025/01,a04RB00000kUANpYAO,月,001RB00001VTrmnYAD,2025/01,2025-01-01,,,,
a03RB00001NswXIYAZ,戸田建設(開発推進部:年額)_2025/02,a04RB00000kUANpYAO,月,001RB00001VTrmnYAD,2025/02,2025-02-01,,,,
a03RB00001NswXJYAZ,戸田建設(開発推進部:年額)_2025/03,a04RB00000kUANpYAO,月,001RB00001VTrmnYAD,2025/03,2025-03-01,,,,
a03RB00001NswXKYAZ,戸田建設(開発推進部:年額)_2025/04,a04RB00000kUANpYAO,月,001RB00001VTrmnYAD,2025/04,2025-04-01,,,,
a03RB00001NswXLYAZ,戸田建設(開発推進部:年額)_2025/05,a04RB00000kUANpYAO,月,001RB00001VTrmnYAD,2025/05,2025-05-01,,,,
a03RB00001NswXMYAZ,戸田建設(開発推進部:年額)_2025/06,a04RB00000kUANpYAO,月,001RB00001VTrmnYAD,2025/06,2025-06-01,,,,
a03RB00001NswXNYAZ,戸田建設(開発推進部:年額)_2025/07,a04RB00000kUANpYAO,月,001RB00001VTrmnYAD,2025/07,2025-07-01,,,,
a03RB00001NswXOYAZ,戸田建設(開発推進部:年額)_2025/08,a04RB00000kUANpYAO,月,001RB00001VTrmnYAD,2025/08,2025-08-01,,,,
a03RB00001NswXPYAZ,戸田建設(開発推進部:年額)_2025/09,a04RB00000kUANpYAO,月,001RB00001VTrmnYAD,2025/09,2025-09-01,,,,
a03RB00001NswXQYAZ,戸田建設(開発推進部:年額)_2025/10,a04RB00000kUANpYAO,月,001RB00001VTrmnYAD,2025/10,2025-10-01,,,,
a03RB00001NswXRYAZ,戸田建設(開発推進部:年額)_2025/11,a04RB00000kUANpYAO,月,001RB00001VTrmnYAD,2025/11,2025-11-01,,,,
a03RB00001NswXSYAZ,戸田建設(開発推進部:年額)_2025/12,a04RB00000kUANpYAO,月,001RB00001VTrmnYAD,2025/12,2025-12-01,,,,
a03RB00001NswXTYAZ,戸田建設(開発推進部:年額)_2026/01,a04RB00000kUANpYAO,月,001RB00001VTrmnYAD,2026/01,2026-01-01,,,,
a03RB00001NswXUYAZ,東急リゾーツ＆ステイ_2024/11,a04RB00000kUANqYAO,月,001RB00001VTrkXYAT,2024/11,2024-11-01,,,,
a03RB00001NswXVYAZ,東急リゾーツ＆ステイ_2024/12,a04RB00000kUANqYAO,月,001RB00001VTrkXYAT,2024/12,2024-12-01,,,,
a03RB00001NswXWYAZ,東急リゾーツ＆ステイ_2025/01,a04RB00000kUANqYAO,月,001RB00001VTrkXYAT,2025/01,2025-01-01,,,,
a03RB00001NswXXYAZ,東急リゾーツ＆ステイ_2025/02,a04RB00000kUANqYAO,月,001RB00001VTrkXYAT,2025/02,2025-02-01,,,,
a03RB00001NswXYYAZ,東急リゾーツ＆ステイ_2025/03,a04RB00000kUANqYAO,月,001RB00001VTrkXYAT,2025/03,2025-03-01,,,,
a03RB00001NswXZYAZ,東急リゾーツ＆ステイ_2025/04,a04RB00000kUANqYAO,月,001RB00001VTrkXYAT,2025/04,2025-04-01,,,,
a03RB00001NswXaYAJ,東急リゾーツ＆ステイ_2025/05,a04RB00000kUANqYAO,月,001RB00001VTrkXYAT,2025/05,2025-05-01,,,,
a03RB00001NswXbYAJ,東急リゾーツ＆ステイ_2025/06,a04RB00000kUANqYAO,月,001RB00001VTrkXYAT,2025/06,2025-06-01,,,,
a03RB00001NswXcYAJ,東急リゾーツ＆ステイ_2025/07,a04RB00000kUANqYAO,月,001RB00001VTrkXYAT,2025/07,2025-07-01,,,,
a03RB00001NswXdYAJ,東急リゾーツ＆ステイ_2025/08,a04RB00000kUANqYAO,月,001RB00001VTrkXYAT,2025/08,2025-08-01,,,,
a03RB00001NswXeYAJ,東急リゾーツ＆ステイ_2025/09,a04RB00000kUANqYAO,月,001RB00001VTrkXYAT,2025/09,2025-09-01,,,,
a03RB00001NswXfYAJ,東急リゾーツ＆ステイ_2025/10,a04RB00000kUANqYAO,月,001RB00001VTrkXYAT,2025/10,2025-10-01,,,,
a03RB00001NswXgYAJ,東急リゾーツ＆ステイ_2025/11,a04RB00000kUANqYAO,月,001RB00001VTrkXYAT,2025/11,2025-11-01,,,,
a03RB00001NswXhYAJ,東急リゾーツ＆ステイ_2025/12,a04RB00000kUANqYAO,月,001RB00001VTrkXYAT,2025/12,2025-12-01,,,,
a03RB00001NswXiYAJ,東急リゾーツ＆ステイ_2026/01,a04RB00000kUANqYAO,月,001RB00001VTrkXYAT,2026/01,2026-01-01,,,,
a03RB00001NswXjYAJ,東急リゾーツ＆ステイ_2026/02,a04RB00000kUANqYAO,月,001RB00001VTrkXYAT,2026/02,2026-02-01,,,,
a03RB00001NswXkYAJ,東急リゾーツ＆ステイ_2026/03,a04RB00000kUANqYAO,月,001RB00001VTrkXYAT,2026/03,2026-03-01,,,,
a03RB00001NswXlYAJ,東急リゾーツ＆ステイ_2026/04,a04RB00000kUANqYAO,月,001RB00001VTrkXYAT,2026/04,2026-04-01,,,,
a03RB00001NswXmYAJ,東急リゾーツ＆ステイ_2026/05,a04RB00000kUANqYAO,月,001RB00001VTrkXYAT,2026/05,2026-05-01,,,,
a03RB00001NswXnYAJ,東急リゾーツ＆ステイ_2026/06,a04RB00000kUANqYAO,月,001RB00001VTrkXYAT,2026/06,2026-06-01,,,,
a03RB00001NswXoYAJ,インフィニティ株式会社_2024/11,a04RB00000kUANrYAO,月,001RB00001VTCYwYAP,2024/11,2024-11-01,,,,
a03RB00001NswXpYAJ,インフィニティ株式会社_2024/12,a04RB00000kUANrYAO,月,001RB00001VTCYwYAP,2024/12,2024-12-01,,,,
a03RB00001NswXqYAJ,インフィニティ株式会社_2025/01,a04RB00000kUANrYAO,月,001RB00001VTCYwYAP,2025/01,2025-01-01,,,,
a03RB00001NswXrYAJ,インフィニティ株式会社_2025/02,a04RB00000kUANrYAO,月,001RB00001VTCYwYAP,2025/02,2025-02-01,,,,
a03RB00001NswXsYAJ,インフィニティ株式会社_2025/03,a04RB00000kUANrYAO,月,001RB00001VTCYwYAP,2025/03,2025-03-01,,,,
a03RB00001NswXtYAJ,インフィニティ株式会社_2025/04,a04RB00000kUANrYAO,月,001RB00001VTCYwYAP,2025/04,2025-04-01,,,,
a03RB00001NswXuYAJ,インフィニティ株式会社_2025/05,a04RB00000kUANrYAO,月,001RB00001VTCYwYAP,2025/05,2025-05-01,,,,
a03RB00001NswXvYAJ,インフィニティ株式会社_2025/06,a04RB00000kUANrYAO,月,001RB00001VTCYwYAP,2025/06,2025-06-01,,,,
a03RB00001NswXwYAJ,インフィニティ株式会社_2025/07,a04RB00000kUANrYAO,月,001RB00001VTCYwYAP,2025/07,2025-07-01,,,,
a03RB00001NswXxYAJ,インフィニティ株式会社_2025/08,a04RB00000kUANrYAO,月,001RB00001VTCYwYAP,2025/08,2025-08-01,,,,
a03RB00001NswXyYAJ,インフィニティ株式会社_2025/09,a04RB00000kUANrYAO,月,001RB00001VTCYwYAP,2025/09,2025-09-01,,,,
a03RB00001NswXzYAJ,インフィニティ株式会社_2025/10,a04RB00000kUANrYAO,月,001RB00001VTCYwYAP,2025/10,2025-10-01,,,,
a03RB00001NswY0YAJ,インフィニティ株式会社_2025/11,a04RB00000kUANrYAO,月,001RB00001VTCYwYAP,2025/11,2025-11-01,,,,
a03RB00001NswY1YAJ,インフィニティ株式会社_2025/12,a04RB00000kUANrYAO,月,001RB00001VTCYwYAP,2025/12,2025-12-01,,,,
a03RB00001NswY2YAJ,インフィニティ株式会社_2026/01,a04RB00000kUANrYAO,月,001RB00001VTCYwYAP,2026/01,2026-01-01,,,,
a03RB00001NswY3YAJ,インフィニティ株式会社_2026/02,a04RB00000kUANrYAO,月,001RB00001VTCYwYAP,2026/02,2026-02-01,,,,
a03RB00001NswY4YAJ,インフィニティ株式会社_2026/03,a04RB00000kUANrYAO,月,001RB00001VTCYwYAP,2026/03,2026-03-01,,,,
a03RB00001NswY5YAJ,インフィニティ株式会社_2026/04,a04RB00000kUANrYAO,月,001RB00001VTCYwYAP,2026/04,2026-04-01,,,,
a03RB00001NswY6YAJ,インフィニティ株式会社_2026/05,a04RB00000kUANrYAO,月,001RB00001VTCYwYAP,2026/05,2026-05-01,,,,
a03RB00001NswY7YAJ,株式会社リノシスコーポレーション_2024/10,a04RB00000kUANsYAO,月,001RB00001VTrtuYAD,2024/10,2024-10-01,,,,
a03RB00001NswY8YAJ,株式会社リノシスコーポレーション_2024/11,a04RB00000kUANsYAO,月,001RB00001VTrtuYAD,2024/11,2024-11-01,,,,
a03RB00001NswY9YAJ,株式会社リノシスコーポレーション_2024/12,a04RB00000kUANsYAO,月,001RB00001VTrtuYAD,2024/12,2024-12-01,,,,
a03RB00001NswYAYAZ,株式会社リノシスコーポレーション_2025/01,a04RB00000kUANsYAO,月,001RB00001VTrtuYAD,2025/01,2025-01-01,,,,
a03RB00001NswYBYAZ,株式会社リノシスコーポレーション_2025/02,a04RB00000kUANsYAO,月,001RB00001VTrtuYAD,2025/02,2025-02-01,,,,
a03RB00001NswYCYAZ,株式会社リノシスコーポレーション_2025/03,a04RB00000kUANsYAO,月,001RB00001VTrtuYAD,2025/03,2025-03-01,,,,
a03RB00001NswYDYAZ,株式会社リノシスコーポレーション_2025/04,a04RB00000kUANsYAO,月,001RB00001VTrtuYAD,2025/04,2025-04-01,,,,
a03RB00001NswYEYAZ,株式会社リノシスコーポレーション_2025/05,a04RB00000kUANsYAO,月,001RB00001VTrtuYAD,2025/05,2025-05-01,,,,
a03RB00001NswYFYAZ,株式会社リノシスコーポレーション_2025/06,a04RB00000kUANsYAO,月,001RB00001VTrtuYAD,2025/06,2025-06-01,,,,
a03RB00001NswYGYAZ,株式会社リノシスコーポレーション_2025/07,a04RB00000kUANsYAO,月,001RB00001VTrtuYAD,2025/07,2025-07-01,,,,
a03RB00001NswYHYAZ,株式会社リノシスコーポレーション_2025/08,a04RB00000kUANsYAO,月,001RB00001VTrtuYAD,2025/08,2025-08-01,,,,
a03RB00001NswYIYAZ,株式会社リノシスコーポレーション_2025/09,a04RB00000kUANsYAO,月,001RB00001VTrtuYAD,2025/09,2025-09-01,,,,
a03RB00001NswYJYAZ,株式会社リノシスコーポレーション_2025/10,a04RB00000kUANsYAO,月,001RB00001VTrtuYAD,2025/10,2025-10-01,,,,
a03RB00001NswYKYAZ,ジェイアール北海道エンジニアリング株式会社(大塚商会)_2024/12,a04RB00000kUANtYAO,月,001RB00001VTr0TYAT,2024/12,2024-12-01,,,,
a03RB00001NswYLYAZ,ジェイアール北海道エンジニアリング株式会社(大塚商会)_2025/11,a04RB00000kUANtYAO,月,001RB00001VTr0TYAT,2025/11,2025-11-01,,,,
a03RB00001NswYMYAZ,ジェイアール北海道エンジニアリング株式会社(大塚商会)_2025/12,a04RB00000kUANtYAO,月,001RB00001VTr0TYAT,2025/12,2025-12-01,,,,
a03RB00001NswYNYAZ,ジェイアール北海道エンジニアリング株式会社(大塚商会)_2026/05,a04RB00000kUANtYAO,月,001RB00001VTr0TYAT,2026/05,2026-05-01,,,,
a03RB00001NswYOYAZ,ジェイアール北海道エンジニアリング株式会社(大塚商会)_2026/06,a04RB00000kUANtYAO,月,001RB00001VTr0TYAT,2026/06,2026-06-01,,,,
a03RB00001NswYPYAZ,ジェイアール北海道エンジニアリング株式会社(大塚商会)_2026/07,a04RB00000kUANtYAO,月,001RB00001VTr0TYAT,2026/07,2026-07-01,,,,
a03RB00001NswYQYAZ,ジェイアール北海道エンジニアリング株式会社(大塚商会)_2026/08,a04RB00000kUANtYAO,月,001RB00001VTr0TYAT,2026/08,2026-08-01,,,,
a03RB00001NswYRYAZ,ジェイアール北海道エンジニアリング株式会社(大塚商会)_2026/09,a04RB00000kUANtYAO,月,001RB00001VTr0TYAT,2026/09,2026-09-01,,,,
a03RB00001NswYSYAZ,ジェイアール北海道エンジニアリング株式会社(大塚商会)_2026/10,a04RB00000kUANtYAO,月,001RB00001VTr0TYAT,2026/10,2026-10-01,,,,
a03RB00001NswYTYAZ,リリカラ(大塚商会)_2024/11,a04RB00000kUANuYAO,月,001RB00001VTr1PYAT,2024/11,2024-11-01,,,,
a03RB00001NswYUYAZ,リリカラ(大塚商会)_2024/12,a04RB00000kUANuYAO,月,001RB00001VTr1PYAT,2024/12,2024-12-01,,,,
a03RB00001NswYVYAZ,リリカラ(大塚商会)_2025/01,a04RB00000kUANuYAO,月,001RB00001VTr1PYAT,2025/01,2025-01-01,,,,
a03RB00001NswYWYAZ,リリカラ(大塚商会)_2025/02,a04RB00000kUANuYAO,月,001RB00001VTr1PYAT,2025/02,2025-02-01,,,,
a03RB00001NswYXYAZ,リリカラ(大塚商会)_2025/03,a04RB00000kUANuYAO,月,001RB00001VTr1PYAT,2025/03,2025-03-01,,,,
a03RB00001NswYYYAZ,リリカラ(大塚商会)_2025/04,a04RB00000kUANuYAO,月,001RB00001VTr1PYAT,2025/04,2025-04-01,,,,
a03RB00001NswYZYAZ,リリカラ(大塚商会)_2025/05,a04RB00000kUANuYAO,月,001RB00001VTr1PYAT,2025/05,2025-05-01,,,,
a03RB00001NswYaYAJ,リリカラ(大塚商会)_2025/06,a04RB00000kUANuYAO,月,001RB00001VTr1PYAT,2025/06,2025-06-01,,,,
a03RB00001NswYbYAJ,リリカラ(大塚商会)_2025/07,a04RB00000kUANuYAO,月,001RB00001VTr1PYAT,2025/07,2025-07-01,,,,
a03RB00001NswYcYAJ,リリカラ(大塚商会)_2025/08,a04RB00000kUANuYAO,月,001RB00001VTr1PYAT,2025/08,2025-08-01,,,,
a03RB00001NswYdYAJ,リリカラ(大塚商会)_2025/09,a04RB00000kUANuYAO,月,001RB00001VTr1PYAT,2025/09,2025-09-01,,,,
a03RB00001NswYeYAJ,リリカラ(大塚商会)_2025/10,a04RB00000kUANuYAO,月,001RB00001VTr1PYAT,2025/10,2025-10-01,,,,
a03RB00001NswYfYAJ,リリカラ(大塚商会)_2025/11,a04RB00000kUANuYAO,月,001RB00001VTr1PYAT,2025/11,2025-11-01,,,,
a03RB00001NswYgYAJ,リリカラ(大塚商会)_2025/12,a04RB00000kUANuYAO,月,001RB00001VTr1PYAT,2025/12,2025-12-01,,,,
a03RB00001NswYhYAJ,リリカラ(大塚商会)_2026/01,a04RB00000kUANuYAO,月,001RB00001VTr1PYAT,2026/01,2026-01-01,,,,
a03RB00001NswYiYAJ,リリカラ(大塚商会)_2026/02,a04RB00000kUANuYAO,月,001RB00001VTr1PYAT,2026/02,2026-02-01,,,,
a03RB00001NswYjYAJ,リリカラ(大塚商会)_2026/03,a04RB00000kUANuYAO,月,001RB00001VTr1PYAT,2026/03,2026-03-01,,,,
a03RB00001NswYkYAJ,リリカラ(大塚商会)_2026/04,a04RB00000kUANuYAO,月,001RB00001VTr1PYAT,2026/04,2026-04-01,,,,
a03RB00001NswYlYAJ,リリカラ(大塚商会)_2026/05,a04RB00000kUANuYAO,月,001RB00001VTr1PYAT,2026/05,2026-05-01,,,,
a03RB00001NswYmYAJ,リリカラ(大塚商会)_2026/06,a04RB00000kUANuYAO,月,001RB00001VTr1PYAT,2026/06,2026-06-01,,,,
a03RB00001NswYnYAJ,リリカラ(大塚商会)_2026/07,a04RB00000kUANuYAO,月,001RB00001VTr1PYAT,2026/07,2026-07-01,,,,
a03RB00001NswYoYAJ,リリカラ(大塚商会)_2026/08,a04RB00000kUANuYAO,月,001RB00001VTr1PYAT,2026/08,2026-08-01,,,,
a03RB00001NswYpYAJ,リリカラ(大塚商会)_2026/09,a04RB00000kUANuYAO,月,001RB00001VTr1PYAT,2026/09,2026-09-01,,,,
a03RB00001NswYqYAJ,リリカラ(大塚商会)_2026/10,a04RB00000kUANuYAO,月,001RB00001VTr1PYAT,2026/10,2026-10-01,,,,
a03RB00001NswYrYAJ,株式会社イトーキ_2024/12,a04RB00000kUANvYAO,月,001RB00001VTCYyYAP,2024/12,2024-12-01,,,,
a03RB00001NswYsYAJ,株式会社イトーキ_2025/01,a04RB00000kUANvYAO,月,001RB00001VTCYyYAP,2025/01,2025-01-01,,,,
a03RB00001NswYtYAJ,株式会社イトーキ_2025/02,a04RB00000kUANvYAO,月,001RB00001VTCYyYAP,2025/02,2025-02-01,,,,
a03RB00001NswYuYAJ,株式会社イトーキ_2025/03,a04RB00000kUANvYAO,月,001RB00001VTCYyYAP,2025/03,2025-03-01,,,,
a03RB00001NswYvYAJ,株式会社イトーキ_2025/04,a04RB00000kUANvYAO,月,001RB00001VTCYyYAP,2025/04,2025-04-01,,,,
a03RB00001NswYwYAJ,株式会社イトーキ_2025/05,a04RB00000kUANvYAO,月,001RB00001VTCYyYAP,2025/05,2025-05-01,,,,
a03RB00001NswYxYAJ,株式会社イトーキ_2025/06,a04RB00000kUANvYAO,月,001RB00001VTCYyYAP,2025/06,2025-06-01,,,,
a03RB00001NswYyYAJ,株式会社イトーキ_2025/07,a04RB00000kUANvYAO,月,001RB00001VTCYyYAP,2025/07,2025-07-01,,,,
a03RB00001NswYzYAJ,株式会社イトーキ_2025/08,a04RB00000kUANvYAO,月,001RB00001VTCYyYAP,2025/08,2025-08-01,,,,
a03RB00001NswZ0YAJ,株式会社イトーキ_2025/09,a04RB00000kUANvYAO,月,001RB00001VTCYyYAP,2025/09,2025-09-01,,,,
a03RB00001NswZ1YAJ,株式会社イトーキ_2025/10,a04RB00000kUANvYAO,月,001RB00001VTCYyYAP,2025/10,2025-10-01,,,,
a03RB00001NswZ2YAJ,株式会社イトーキ_2025/11,a04RB00000kUANvYAO,月,001RB00001VTCYyYAP,2025/11,2025-11-01,,,,
a03RB00001NswZ3YAJ,株式会社イトーキ_2025/12,a04RB00000kUANvYAO,月,001RB00001VTCYyYAP,2025/12,2025-12-01,,,,
a03RB00001NswZ4YAJ,株式会社TRIAD_2025/01,a04RB00000kUANwYAO,月,001RB00001VTqUoYAL,2025/01,2025-01-01,a00RB00002Am2BoYAJ,a04RB00000kUANwYAO,001RB00001VTqUoYAL,2026-07-20
a03RB00001NswZ5YAJ,株式会社TRIAD_2025/02,a04RB00000kUANwYAO,月,001RB00001VTqUoYAL,2025/02,2025-02-01,a00RB00002Am2BoYAJ,a04RB00000kUANwYAO,001RB00001VTqUoYAL,2026-07-20
a03RB00001NswZ6YAJ,株式会社TRIAD_2025/03,a04RB00000kUANwYAO,月,001RB00001VTqUoYAL,2025/03,2025-03-01,a00RB00002Am2BoYAJ,a04RB00000kUANwYAO,001RB00001VTqUoYAL,2026-07-20
a03RB00001NswZ7YAJ,株式会社TRIAD_2025/04,a04RB00000kUANwYAO,月,001RB00001VTqUoYAL,2025/04,2025-04-01,a00RB00002Am2BoYAJ,a04RB00000kUANwYAO,001RB00001VTqUoYAL,2026-07-20
a03RB00001NswZ8YAJ,株式会社TRIAD_2025/05,a04RB00000kUANwYAO,月,001RB00001VTqUoYAL,2025/05,2025-05-01,a00RB00002Am2BoYAJ,a04RB00000kUANwYAO,001RB00001VTqUoYAL,2026-07-20
a03RB00001NswZ9YAJ,株式会社TRIAD_2025/06,a04RB00000kUANwYAO,月,001RB00001VTqUoYAL,2025/06,2025-06-01,a00RB00002Am2BoYAJ,a04RB00000kUANwYAO,001RB00001VTqUoYAL,2026-07-20
a03RB00001NswZAYAZ,株式会社TRIAD_2025/07,a04RB00000kUANwYAO,月,001RB00001VTqUoYAL,2025/07,2025-07-01,a00RB00002Am2BoYAJ,a04RB00000kUANwYAO,001RB00001VTqUoYAL,2026-07-20
a03RB00001NswZBYAZ,株式会社TRIAD_2025/08,a04RB00000kUANwYAO,月,001RB00001VTqUoYAL,2025/08,2025-08-01,a00RB00002Am2BoYAJ,a04RB00000kUANwYAO,001RB00001VTqUoYAL,2026-07-20
a03RB00001NswZCYAZ,株式会社TRIAD_2025/09,a04RB00000kUANwYAO,月,001RB00001VTqUoYAL,2025/09,2025-09-01,a00RB00002Am2BoYAJ,a04RB00000kUANwYAO,001RB00001VTqUoYAL,2026-07-20
a03RB00001NswZDYAZ,株式会社TRIAD_2025/10,a04RB00000kUANwYAO,月,001RB00001VTqUoYAL,2025/10,2025-10-01,a00RB00002Am2BoYAJ,a04RB00000kUANwYAO,001RB00001VTqUoYAL,2026-07-20
a03RB00001NswZEYAZ,株式会社TRIAD_2025/11,a04RB00000kUANwYAO,月,001RB00001VTqUoYAL,2025/11,2025-11-01,a00RB00002Am2BoYAJ,a04RB00000kUANwYAO,001RB00001VTqUoYAL,2026-07-20
a03RB00001NswZFYAZ,株式会社TRIAD_2025/12,a04RB00000kUANwYAO,月,001RB00001VTqUoYAL,2025/12,2025-12-01,a00RB00002Am2BoYAJ,a04RB00000kUANwYAO,001RB00001VTqUoYAL,2026-07-20
a03RB00001NswZGYAZ,株式会社TRIAD_2026/01,a04RB00000kUANwYAO,月,001RB00001VTqUoYAL,2026/01,2026-01-01,a00RB00002Am2BoYAJ,a04RB00000kUANwYAO,001RB00001VTqUoYAL,2026-07-20
a03RB00001NswZHYAZ,株式会社TRIAD_2026/02,a04RB00000kUANwYAO,月,001RB00001VTqUoYAL,2026/02,2026-02-01,a00RB00002Am2BoYAJ,a04RB00000kUANwYAO,001RB00001VTqUoYAL,2026-07-20
a03RB00001NswZIYAZ,株式会社TRIAD_2026/03,a04RB00000kUANwYAO,月,001RB00001VTqUoYAL,2026/03,2026-03-01,a00RB00002Am2BoYAJ,a04RB00000kUANwYAO,001RB00001VTqUoYAL,2026-07-20
a03RB00001NswZJYAZ,株式会社TRIAD_2026/04,a04RB00000kUANwYAO,月,001RB00001VTqUoYAL,2026/04,2026-04-01,a00RB00002Am2BoYAJ,a04RB00000kUANwYAO,001RB00001VTqUoYAL,2026-07-20
a03RB00001NswZKYAZ,株式会社TRIAD_2026/05,a04RB00000kUANwYAO,月,001RB00001VTqUoYAL,2026/05,2026-05-01,a00RB00002Am2BoYAJ,a04RB00000kUANwYAO,001RB00001VTqUoYAL,2026-07-20
a03RB00001NswZLYAZ,九州旅客鉄道株式会社 工事部施設課_2024/12,a04RB00000kUANxYAO,月,001RB00001VTrOlYAL,2024/12,2024-12-01,,,,
a03RB00001NswZMYAZ,九州旅客鉄道株式会社 工事部施設課_2025/01,a04RB00000kUANxYAO,月,001RB00001VTrOlYAL,2025/01,2025-01-01,,,,
a03RB00001NswZNYAZ,九州旅客鉄道株式会社 工事部施設課_2025/02,a04RB00000kUANxYAO,月,001RB00001VTrOlYAL,2025/02,2025-02-01,,,,
a03RB00001NswZOYAZ,九州旅客鉄道株式会社 工事部施設課_2025/03,a04RB00000kUANxYAO,月,001RB00001VTrOlYAL,2025/03,2025-03-01,,,,
a03RB00001NswZPYAZ,九州旅客鉄道株式会社 工事部施設課_2025/04,a04RB00000kUANxYAO,月,001RB00001VTrOlYAL,2025/04,2025-04-01,,,,
a03RB00001NswZQYAZ,九州旅客鉄道株式会社 工事部施設課_2025/05,a04RB00000kUANxYAO,月,001RB00001VTrOlYAL,2025/05,2025-05-01,,,,
a03RB00001NswZRYAZ,九州旅客鉄道株式会社 工事部施設課_2025/06,a04RB00000kUANxYAO,月,001RB00001VTrOlYAL,2025/06,2025-06-01,,,,
a03RB00001NswZSYAZ,九州旅客鉄道株式会社 工事部施設課_2025/07,a04RB00000kUANxYAO,月,001RB00001VTrOlYAL,2025/07,2025-07-01,,,,
a03RB00001NswZTYAZ,九州旅客鉄道株式会社 工事部施設課_2025/08,a04RB00000kUANxYAO,月,001RB00001VTrOlYAL,2025/08,2025-08-01,,,,
a03RB00001NswZUYAZ,九州旅客鉄道株式会社 工事部施設課_2025/09,a04RB00000kUANxYAO,月,001RB00001VTrOlYAL,2025/09,2025-09-01,,,,
a03RB00001NswZVYAZ,九州旅客鉄道株式会社 工事部施設課_2025/10,a04RB00000kUANxYAO,月,001RB00001VTrOlYAL,2025/10,2025-10-01,,,,
a03RB00001NswZWYAZ,九州旅客鉄道株式会社 工事部施設課_2025/11,a04RB00000kUANxYAO,月,001RB00001VTrOlYAL,2025/11,2025-11-01,,,,
a03RB00001NswZXYAZ,九州旅客鉄道株式会社 工事部施設課_2025/12,a04RB00000kUANxYAO,月,001RB00001VTrOlYAL,2025/12,2025-12-01,,,,
a03RB00001NswZYYAZ,九州旅客鉄道株式会社 工事部施設課_2026/01,a04RB00000kUANxYAO,月,001RB00001VTrOlYAL,2026/01,2026-01-01,,,,
a03RB00001NswZZYAZ,九州旅客鉄道株式会社 工事部施設課_2026/02,a04RB00000kUANxYAO,月,001RB00001VTrOlYAL,2026/02,2026-02-01,,,,
a03RB00001NswZaYAJ,九州旅客鉄道株式会社 工事部施設課_2026/03,a04RB00000kUANxYAO,月,001RB00001VTrOlYAL,2026/03,2026-03-01,,,,
a03RB00001NswZbYAJ,九州旅客鉄道株式会社 工事部施設課_2026/04,a04RB00000kUANxYAO,月,001RB00001VTrOlYAL,2026/04,2026-04-01,,,,
a03RB00001NswZcYAJ,九州旅客鉄道株式会社 工事部施設課_2026/05,a04RB00000kUANxYAO,月,001RB00001VTrOlYAL,2026/05,2026-05-01,,,,
a03RB00001NswZdYAJ,株式会社オリバー_2025/01,a04RB00000kUANyYAO,月,001RB00001VTqjbYAD,2025/01,2025-01-01,,,,
a03RB00001NswZeYAJ,株式会社オリバー_2025/02,a04RB00000kUANyYAO,月,001RB00001VTqjbYAD,2025/02,2025-02-01,,,,
a03RB00001NswZfYAJ,株式会社オリバー_2025/03,a04RB00000kUANyYAO,月,001RB00001VTqjbYAD,2025/03,2025-03-01,,,,
a03RB00001NswZgYAJ,株式会社オリバー_2025/04,a04RB00000kUANyYAO,月,001RB00001VTqjbYAD,2025/04,2025-04-01,,,,
a03RB00001NswZhYAJ,株式会社オリバー_2025/05,a04RB00000kUANyYAO,月,001RB00001VTqjbYAD,2025/05,2025-05-01,,,,
a03RB00001NswZiYAJ,株式会社オリバー_2025/06,a04RB00000kUANyYAO,月,001RB00001VTqjbYAD,2025/06,2025-06-01,,,,
a03RB00001NswZjYAJ,株式会社オリバー_2025/07,a04RB00000kUANyYAO,月,001RB00001VTqjbYAD,2025/07,2025-07-01,,,,
a03RB00001NswZkYAJ,アイリスチトセ株式会社_2025/04,a04RB00000kUANzYAO,月,001RB00001VTqlZYAT,2025/04,2025-04-01,,,,
a03RB00001NswZlYAJ,アイリスチトセ株式会社_2025/05,a04RB00000kUANzYAO,月,001RB00001VTqlZYAT,2025/05,2025-05-01,,,,
a03RB00001NswZmYAJ,戸田建設(設計部:月額)_2025/02,a04RB00000kUAO0YAO,月,001RB00001VTrmnYAD,2025/02,2025-02-01,a00RB00002Am2BqYAJ,a04RB00000kUAO0YAO,001RB00001VTrmnYAD,2026-07-20
a03RB00001NswZnYAJ,戸田建設(設計部:月額)_2025/03,a04RB00000kUAO0YAO,月,001RB00001VTrmnYAD,2025/03,2025-03-01,a00RB00002Am2BqYAJ,a04RB00000kUAO0YAO,001RB00001VTrmnYAD,2026-07-20
a03RB00001NswZoYAJ,戸田建設(設計部:月額)_2025/04,a04RB00000kUAO0YAO,月,001RB00001VTrmnYAD,2025/04,2025-04-01,a00RB00002Am2BqYAJ,a04RB00000kUAO0YAO,001RB00001VTrmnYAD,2026-07-20
a03RB00001NswZpYAJ,戸田建設(設計部:月額)_2025/05,a04RB00000kUAO0YAO,月,001RB00001VTrmnYAD,2025/05,2025-05-01,a00RB00002Am2BqYAJ,a04RB00000kUAO0YAO,001RB00001VTrmnYAD,2026-07-20
a03RB00001NswZqYAJ,戸田建設(設計部:月額)_2025/06,a04RB00000kUAO0YAO,月,001RB00001VTrmnYAD,2025/06,2025-06-01,a00RB00002Am2BqYAJ,a04RB00000kUAO0YAO,001RB00001VTrmnYAD,2026-07-20
a03RB00001NswZrYAJ,戸田建設(設計部:月額)_2025/07,a04RB00000kUAO0YAO,月,001RB00001VTrmnYAD,2025/07,2025-07-01,a00RB00002Am2BqYAJ,a04RB00000kUAO0YAO,001RB00001VTrmnYAD,2026-07-20
a03RB00001NswZsYAJ,戸田建設(設計部:月額)_2025/08,a04RB00000kUAO0YAO,月,001RB00001VTrmnYAD,2025/08,2025-08-01,a00RB00002Am2BqYAJ,a04RB00000kUAO0YAO,001RB00001VTrmnYAD,2026-07-20
a03RB00001NswZtYAJ,戸田建設(設計部:月額)_2025/09,a04RB00000kUAO0YAO,月,001RB00001VTrmnYAD,2025/09,2025-09-01,a00RB00002Am2BqYAJ,a04RB00000kUAO0YAO,001RB00001VTrmnYAD,2026-07-20
a03RB00001NswZuYAJ,戸田建設(設計部:月額)_2025/10,a04RB00000kUAO0YAO,月,001RB00001VTrmnYAD,2025/10,2025-10-01,a00RB00002Am2BqYAJ,a04RB00000kUAO0YAO,001RB00001VTrmnYAD,2026-07-20
a03RB00001NswZvYAJ,戸田建設(設計部:月額)_2025/11,a04RB00000kUAO0YAO,月,001RB00001VTrmnYAD,2025/11,2025-11-01,a00RB00002Am2BqYAJ,a04RB00000kUAO0YAO,001RB00001VTrmnYAD,2026-07-20
a03RB00001NswZwYAJ,戸田建設(設計部:月額)_2025/12,a04RB00000kUAO0YAO,月,001RB00001VTrmnYAD,2025/12,2025-12-01,a00RB00002Am2BqYAJ,a04RB00000kUAO0YAO,001RB00001VTrmnYAD,2026-07-20
a03RB00001NswZxYAJ,戸田建設(設計部:月額)_2026/01,a04RB00000kUAO0YAO,月,001RB00001VTrmnYAD,2026/01,2026-01-01,a00RB00002Am2BqYAJ,a04RB00000kUAO0YAO,001RB00001VTrmnYAD,2026-07-20
a03RB00001NswZyYAJ,戸田建設(設計部:月額)_2026/02,a04RB00000kUAO0YAO,月,001RB00001VTrmnYAD,2026/02,2026-02-01,a00RB00002Am2BqYAJ,a04RB00000kUAO0YAO,001RB00001VTrmnYAD,2026-07-20
a03RB00001NswZzYAJ,戸田建設(設計部:月額)_2026/03,a04RB00000kUAO0YAO,月,001RB00001VTrmnYAD,2026/03,2026-03-01,a00RB00002Am2BqYAJ,a04RB00000kUAO0YAO,001RB00001VTrmnYAD,2026-07-20
a03RB00001Nswa0YAB,戸田建設(設計部:月額)_2026/04,a04RB00000kUAO0YAO,月,001RB00001VTrmnYAD,2026/04,2026-04-01,a00RB00002Am2BqYAJ,a04RB00000kUAO0YAO,001RB00001VTrmnYAD,2026-07-20
a03RB00001Nswa1YAB,戸田建設(設計部:月額)_2026/05,a04RB00000kUAO0YAO,月,001RB00001VTrmnYAD,2026/05,2026-05-01,a00RB00002Am2BqYAJ,a04RB00000kUAO0YAO,001RB00001VTrmnYAD,2026-07-20
a03RB00001Nswa2YAB,47内装株式会社_2025/03,a04RB00000kUAO1YAO,月,001RB00001VTCYGYA5,2025/03,2025-03-01,a00RB00002Am2BmYAJ,a04RB00000kUAO1YAO,001RB00001VTCYGYA5,2026-07-20
a03RB00001Nswa3YAB,47内装株式会社_2025/04,a04RB00000kUAO1YAO,月,001RB00001VTCYGYA5,2025/04,2025-04-01,a00RB00002Am2BmYAJ,a04RB00000kUAO1YAO,001RB00001VTCYGYA5,2026-07-20
a03RB00001Nswa4YAB,47内装株式会社_2025/05,a04RB00000kUAO1YAO,月,001RB00001VTCYGYA5,2025/05,2025-05-01,a00RB00002Am2BmYAJ,a04RB00000kUAO1YAO,001RB00001VTCYGYA5,2026-07-20
a03RB00001Nswa5YAB,47内装株式会社_2025/06,a04RB00000kUAO1YAO,月,001RB00001VTCYGYA5,2025/06,2025-06-01,a00RB00002Am2BmYAJ,a04RB00000kUAO1YAO,001RB00001VTCYGYA5,2026-07-20
a03RB00001Nswa6YAB,47内装株式会社_2025/07,a04RB00000kUAO1YAO,月,001RB00001VTCYGYA5,2025/07,2025-07-01,a00RB00002Am2BmYAJ,a04RB00000kUAO1YAO,001RB00001VTCYGYA5,2026-07-20
a03RB00001Nswa7YAB,47内装株式会社_2025/08,a04RB00000kUAO1YAO,月,001RB00001VTCYGYA5,2025/08,2025-08-01,a00RB00002Am2BmYAJ,a04RB00000kUAO1YAO,001RB00001VTCYGYA5,2026-07-20
a03RB00001Nswa8YAB,47内装株式会社_2025/09,a04RB00000kUAO1YAO,月,001RB00001VTCYGYA5,2025/09,2025-09-01,a00RB00002Am2BmYAJ,a04RB00000kUAO1YAO,001RB00001VTCYGYA5,2026-07-20
a03RB00001Nswa9YAB,47内装株式会社_2025/10,a04RB00000kUAO1YAO,月,001RB00001VTCYGYA5,2025/10,2025-10-01,a00RB00002Am2BmYAJ,a04RB00000kUAO1YAO,001RB00001VTCYGYA5,2026-07-20
a03RB00001NswaAYAR,47内装株式会社_2025/11,a04RB00000kUAO1YAO,月,001RB00001VTCYGYA5,2025/11,2025-11-01,a00RB00002Am2BmYAJ,a04RB00000kUAO1YAO,001RB00001VTCYGYA5,2026-07-20
a03RB00001NswaBYAR,47内装株式会社_2025/12,a04RB00000kUAO1YAO,月,001RB00001VTCYGYA5,2025/12,2025-12-01,a00RB00002Am2BmYAJ,a04RB00000kUAO1YAO,001RB00001VTCYGYA5,2026-07-20
a03RB00001NswaCYAR,47内装株式会社_2026/01,a04RB00000kUAO1YAO,月,001RB00001VTCYGYA5,2026/01,2026-01-01,a00RB00002Am2BmYAJ,a04RB00000kUAO1YAO,001RB00001VTCYGYA5,2026-07-20
a03RB00001NswaDYAR,47内装株式会社_2026/02,a04RB00000kUAO1YAO,月,001RB00001VTCYGYA5,2026/02,2026-02-01,a00RB00002Am2BmYAJ,a04RB00000kUAO1YAO,001RB00001VTCYGYA5,2026-07-20
a03RB00001NswaEYAR,47内装株式会社_2026/03,a04RB00000kUAO1YAO,月,001RB00001VTCYGYA5,2026/03,2026-03-01,a00RB00002Am2BmYAJ,a04RB00000kUAO1YAO,001RB00001VTCYGYA5,2026-07-20
a03RB00001NswaFYAR,47内装株式会社_2026/04,a04RB00000kUAO1YAO,月,001RB00001VTCYGYA5,2026/04,2026-04-01,a00RB00002Am2BmYAJ,a04RB00000kUAO1YAO,001RB00001VTCYGYA5,2026-07-20
a03RB00001NswaGYAR,47内装株式会社_2026/05,a04RB00000kUAO1YAO,月,001RB00001VTCYGYA5,2026/05,2026-05-01,a00RB00002Am2BmYAJ,a04RB00000kUAO1YAO,001RB00001VTCYGYA5,2026-07-20
a03RB00001NswaHYAR,ANAスカイビルサービス株式会社 ※郵送希望_2025/04,a04RB00000kUAO2YAO,月,001RB00001VTCYFYA5,2025/04,2025-04-01,a00RB00002Am2BlYAJ,a04RB00000kUAO2YAO,001RB00001VTCYFYA5,2026-07-20
a03RB00001NswaIYAR,ANAスカイビルサービス株式会社 ※郵送希望_2025/05,a04RB00000kUAO2YAO,月,001RB00001VTCYFYA5,2025/05,2025-05-01,a00RB00002Am2BlYAJ,a04RB00000kUAO2YAO,001RB00001VTCYFYA5,2026-07-20
a03RB00001NswaJYAR,ANAスカイビルサービス株式会社 ※郵送希望_2025/06,a04RB00000kUAO2YAO,月,001RB00001VTCYFYA5,2025/06,2025-06-01,a00RB00002Am2BlYAJ,a04RB00000kUAO2YAO,001RB00001VTCYFYA5,2026-07-20
a03RB00001NswaKYAR,ANAスカイビルサービス株式会社 ※郵送希望_2025/07,a04RB00000kUAO2YAO,月,001RB00001VTCYFYA5,2025/07,2025-07-01,a00RB00002Am2BlYAJ,a04RB00000kUAO2YAO,001RB00001VTCYFYA5,2026-07-20
a03RB00001NswaLYAR,ANAスカイビルサービス株式会社 ※郵送希望_2025/08,a04RB00000kUAO2YAO,月,001RB00001VTCYFYA5,2025/08,2025-08-01,a00RB00002Am2BlYAJ,a04RB00000kUAO2YAO,001RB00001VTCYFYA5,2026-07-20
a03RB00001NswaMYAR,ANAスカイビルサービス株式会社 ※郵送希望_2025/09,a04RB00000kUAO2YAO,月,001RB00001VTCYFYA5,2025/09,2025-09-01,a00RB00002Am2BlYAJ,a04RB00000kUAO2YAO,001RB00001VTCYFYA5,2026-07-20
a03RB00001NswaNYAR,ANAスカイビルサービス株式会社 ※郵送希望_2025/10,a04RB00000kUAO2YAO,月,001RB00001VTCYFYA5,2025/10,2025-10-01,a00RB00002Am2BlYAJ,a04RB00000kUAO2YAO,001RB00001VTCYFYA5,2026-07-20
a03RB00001NswaOYAR,ANAスカイビルサービス株式会社 ※郵送希望_2025/11,a04RB00000kUAO2YAO,月,001RB00001VTCYFYA5,2025/11,2025-11-01,a00RB00002Am2BlYAJ,a04RB00000kUAO2YAO,001RB00001VTCYFYA5,2026-07-20
a03RB00001NswaPYAR,ANAスカイビルサービス株式会社 ※郵送希望_2025/12,a04RB00000kUAO2YAO,月,001RB00001VTCYFYA5,2025/12,2025-12-01,a00RB00002Am2BlYAJ,a04RB00000kUAO2YAO,001RB00001VTCYFYA5,2026-07-20
a03RB00001NswaQYAR,ANAスカイビルサービス株式会社 ※郵送希望_2026/01,a04RB00000kUAO2YAO,月,001RB00001VTCYFYA5,2026/01,2026-01-01,a00RB00002Am2BlYAJ,a04RB00000kUAO2YAO,001RB00001VTCYFYA5,2026-07-20
a03RB00001NswaRYAR,ANAスカイビルサービス株式会社 ※郵送希望_2026/02,a04RB00000kUAO2YAO,月,001RB00001VTCYFYA5,2026/02,2026-02-01,a00RB00002Am2BlYAJ,a04RB00000kUAO2YAO,001RB00001VTCYFYA5,2026-07-20
a03RB00001NswaSYAR,ANAスカイビルサービス株式会社 ※郵送希望_2026/03,a04RB00000kUAO2YAO,月,001RB00001VTCYFYA5,2026/03,2026-03-01,a00RB00002Am2BlYAJ,a04RB00000kUAO2YAO,001RB00001VTCYFYA5,2026-07-20
a03RB00001NswaTYAR,ANAスカイビルサービス株式会社 ※郵送希望_2026/04,a04RB00000kUAO2YAO,月,001RB00001VTCYFYA5,2026/04,2026-04-01,a00RB00002Am2BlYAJ,a04RB00000kUAO2YAO,001RB00001VTCYFYA5,2026-07-20
a03RB00001NswaUYAR,ANAスカイビルサービス株式会社 ※郵送希望_2026/05,a04RB00000kUAO2YAO,月,001RB00001VTCYFYA5,2026/05,2026-05-01,a00RB00002Am2BlYAJ,a04RB00000kUAO2YAO,001RB00001VTCYFYA5,2026-07-20
a03RB00001NswaVYAR,株式会社 ノムラメディアス_2025/03,a04RB00000kUAO3YAO,月,001RB00001VTCZGYA5,2025/03,2025-03-01,,,,
a03RB00001NswaWYAR,株式会社 ノムラメディアス_2025/04,a04RB00000kUAO3YAO,月,001RB00001VTCZGYA5,2025/04,2025-04-01,,,,
a03RB00001NswaXYAR,株式会社 ノムラメディアス_2025/05,a04RB00000kUAO3YAO,月,001RB00001VTCZGYA5,2025/05,2025-05-01,,,,
a03RB00001NswaYYAR,株式会社 ノムラメディアス_2025/06,a04RB00000kUAO3YAO,月,001RB00001VTCZGYA5,2025/06,2025-06-01,,,,
a03RB00001NswaZYAR,株式会社 ノムラメディアス_2025/07,a04RB00000kUAO3YAO,月,001RB00001VTCZGYA5,2025/07,2025-07-01,,,,
a03RB00001NswaaYAB,株式会社 ノムラメディアス_2025/08,a04RB00000kUAO3YAO,月,001RB00001VTCZGYA5,2025/08,2025-08-01,,,,
a03RB00001NswabYAB,株式会社 ノムラメディアス_2025/09,a04RB00000kUAO3YAO,月,001RB00001VTCZGYA5,2025/09,2025-09-01,,,,
a03RB00001NswacYAB,株式会社 ノムラメディアス_2025/10,a04RB00000kUAO3YAO,月,001RB00001VTCZGYA5,2025/10,2025-10-01,,,,
a03RB00001NswadYAB,株式会社 ノムラメディアス_2025/11,a04RB00000kUAO3YAO,月,001RB00001VTCZGYA5,2025/11,2025-11-01,,,,
a03RB00001NswaeYAB,株式会社 ノムラメディアス_2025/12,a04RB00000kUAO3YAO,月,001RB00001VTCZGYA5,2025/12,2025-12-01,,,,
a03RB00001NswafYAB,株式会社 ノムラメディアス_2026/01,a04RB00000kUAO3YAO,月,001RB00001VTCZGYA5,2026/01,2026-01-01,,,,
a03RB00001NswagYAB,株式会社 ノムラメディアス_2026/02,a04RB00000kUAO3YAO,月,001RB00001VTCZGYA5,2026/02,2026-02-01,,,,
a03RB00001NswahYAB,株式会社URリンケージ(月額払い)_2025/03,a04RB00000kUAO4YAO,月,001RB00001VTtIPYA1,2025/03,2025-03-01,,,,
a03RB00001NswaiYAB,株式会社URリンケージ(月額払い)_2025/04,a04RB00000kUAO4YAO,月,001RB00001VTtIPYA1,2025/04,2025-04-01,,,,
a03RB00001NswajYAB,株式会社URリンケージ(年額払い)_2025/03,a04RB00000kUAO5YAO,月,001RB00001VTtIPYA1,2025/03,2025-03-01,,,,
a03RB00001NswakYAB,株式会社URリンケージ(年額払い)_2025/04,a04RB00000kUAO5YAO,月,001RB00001VTtIPYA1,2025/04,2025-04-01,,,,
a03RB00001NswalYAB,株式会社URリンケージ(年額払い)_2025/05,a04RB00000kUAO5YAO,月,001RB00001VTtIPYA1,2025/05,2025-05-01,,,,
a03RB00001NswamYAB,株式会社URリンケージ(年額払い)_2025/06,a04RB00000kUAO5YAO,月,001RB00001VTtIPYA1,2025/06,2025-06-01,,,,
a03RB00001NswanYAB,株式会社URリンケージ(年額払い)_2025/07,a04RB00000kUAO5YAO,月,001RB00001VTtIPYA1,2025/07,2025-07-01,,,,
a03RB00001NswaoYAB,株式会社URリンケージ(年額払い)_2025/08,a04RB00000kUAO5YAO,月,001RB00001VTtIPYA1,2025/08,2025-08-01,,,,
a03RB00001NswapYAB,株式会社URリンケージ(年額払い)_2025/09,a04RB00000kUAO5YAO,月,001RB00001VTtIPYA1,2025/09,2025-09-01,,,,
a03RB00001NswaqYAB,株式会社URリンケージ(年額払い)_2025/10,a04RB00000kUAO5YAO,月,001RB00001VTtIPYA1,2025/10,2025-10-01,,,,
a03RB00001NswarYAB,株式会社URリンケージ(年額払い)_2025/11,a04RB00000kUAO5YAO,月,001RB00001VTtIPYA1,2025/11,2025-11-01,,,,
a03RB00001NswasYAB,株式会社URリンケージ(年額払い)_2025/12,a04RB00000kUAO5YAO,月,001RB00001VTtIPYA1,2025/12,2025-12-01,,,,
a03RB00001NswatYAB,株式会社URリンケージ(年額払い)_2026/01,a04RB00000kUAO5YAO,月,001RB00001VTtIPYA1,2026/01,2026-01-01,,,,
a03RB00001NswauYAB,株式会社URリンケージ(年額払い)_2026/02,a04RB00000kUAO5YAO,月,001RB00001VTtIPYA1,2026/02,2026-02-01,,,,
a03RB00001NswavYAB,佐伯綜合建設(大塚商会)_2025/02,a04RB00000kUAO6YAO,年,001RB00001VTtIQYA1,2025/02,2025-02-01,,,,
a03RB00001NswawYAB,佐伯綜合建設(大塚商会)_2025/03,a04RB00000kUAO6YAO,年,001RB00001VTtIQYA1,2025/03,2025-03-01,,,,
a03RB00001NswaxYAB,佐伯綜合建設(大塚商会)_2025/04,a04RB00000kUAO6YAO,年,001RB00001VTtIQYA1,2025/04,2025-04-01,,,,
a03RB00001NswayYAB,佐伯綜合建設(大塚商会)_2025/05,a04RB00000kUAO6YAO,年,001RB00001VTtIQYA1,2025/05,2025-05-01,,,,
a03RB00001NswazYAB,佐伯綜合建設(大塚商会)_2025/06,a04RB00000kUAO6YAO,年,001RB00001VTtIQYA1,2025/06,2025-06-01,,,,
a03RB00001Nswb0YAB,佐伯綜合建設(大塚商会)_2025/07,a04RB00000kUAO6YAO,年,001RB00001VTtIQYA1,2025/07,2025-07-01,,,,
a03RB00001Nswb1YAB,佐伯綜合建設(大塚商会)_2025/08,a04RB00000kUAO6YAO,年,001RB00001VTtIQYA1,2025/08,2025-08-01,,,,
a03RB00001Nswb2YAB,佐伯綜合建設(大塚商会)_2025/09,a04RB00000kUAO6YAO,年,001RB00001VTtIQYA1,2025/09,2025-09-01,,,,
a03RB00001Nswb3YAB,佐伯綜合建設(大塚商会)_2025/10,a04RB00000kUAO6YAO,年,001RB00001VTtIQYA1,2025/10,2025-10-01,,,,
a03RB00001Nswb4YAB,佐伯綜合建設(大塚商会)_2025/11,a04RB00000kUAO6YAO,年,001RB00001VTtIQYA1,2025/11,2025-11-01,,,,
a03RB00001Nswb5YAB,佐伯綜合建設(大塚商会)_2025/12,a04RB00000kUAO6YAO,年,001RB00001VTtIQYA1,2025/12,2025-12-01,,,,
a03RB00001Nswb6YAB,佐伯綜合建設(大塚商会)_2026/01,a04RB00000kUAO6YAO,年,001RB00001VTtIQYA1,2026/01,2026-01-01,,,,
a03RB00001Nswb7YAB,佐伯綜合建設(大塚商会)_2026/02,a04RB00000kUAO6YAO,年,001RB00001VTtIQYA1,2026/02,2026-02-01,,,,
a03RB00001Nswb8YAB,佐伯綜合建設(大塚商会)_2026/03,a04RB00000kUAO6YAO,年,001RB00001VTtIQYA1,2026/03,2026-03-01,,,,
a03RB00001Nswb9YAB,佐伯綜合建設(大塚商会)_2026/04,a04RB00000kUAO6YAO,年,001RB00001VTtIQYA1,2026/04,2026-04-01,,,,
a03RB00001NswbAYAR,佐伯綜合建設(大塚商会)_2026/05,a04RB00000kUAO6YAO,年,001RB00001VTtIQYA1,2026/05,2026-05-01,,,,
a03RB00001NswbBYAR,佐伯綜合建設(大塚商会)_2026/06,a04RB00000kUAO6YAO,年,001RB00001VTtIQYA1,2026/06,2026-06-01,,,,
a03RB00001NswbCYAR,佐伯綜合建設(大塚商会)_2026/07,a04RB00000kUAO6YAO,年,001RB00001VTtIQYA1,2026/07,2026-07-01,,,,
a03RB00001NswbDYAR,佐伯綜合建設(大塚商会)_2026/08,a04RB00000kUAO6YAO,年,001RB00001VTtIQYA1,2026/08,2026-08-01,,,,
a03RB00001NswbEYAR,佐伯綜合建設(大塚商会)_2026/09,a04RB00000kUAO6YAO,年,001RB00001VTtIQYA1,2026/09,2026-09-01,,,,
a03RB00001NswbFYAR,佐伯綜合建設(大塚商会)_2026/10,a04RB00000kUAO6YAO,年,001RB00001VTtIQYA1,2026/10,2026-10-01,,,,
a03RB00001NswbGYAR,佐伯綜合建設(大塚商会)_2026/11,a04RB00000kUAO6YAO,年,001RB00001VTtIQYA1,2026/11,2026-11-01,,,,
a03RB00001NswbHYAR,佐伯綜合建設(大塚商会)_2026/12,a04RB00000kUAO6YAO,年,001RB00001VTtIQYA1,2026/12,2026-12-01,,,,
a03RB00001NswbIYAR,佐伯綜合建設(大塚商会)_2027/01,a04RB00000kUAO6YAO,年,001RB00001VTtIQYA1,2027/01,2027-01-01,,,,
a03RB00001NswbJYAR,吉村紳 一級建築士事務所_2025/04,a04RB00000kUAO7YAO,月,001RB00001VTqU3YAL,2025/04,2025-04-01,a00RB00002Am2BkYAJ,a04RB00000kUAO7YAO,001RB00001VTqU3YAL,2026-07-20
a03RB00001NswbKYAR,吉村紳 一級建築士事務所_2025/05,a04RB00000kUAO7YAO,月,001RB00001VTqU3YAL,2025/05,2025-05-01,a00RB00002Am2BkYAJ,a04RB00000kUAO7YAO,001RB00001VTqU3YAL,2026-07-20
a03RB00001NswbLYAR,吉村紳 一級建築士事務所_2025/06,a04RB00000kUAO7YAO,月,001RB00001VTqU3YAL,2025/06,2025-06-01,a00RB00002Am2BkYAJ,a04RB00000kUAO7YAO,001RB00001VTqU3YAL,2026-07-20
a03RB00001NswbMYAR,吉村紳 一級建築士事務所_2025/07,a04RB00000kUAO7YAO,月,001RB00001VTqU3YAL,2025/07,2025-07-01,a00RB00002Am2BkYAJ,a04RB00000kUAO7YAO,001RB00001VTqU3YAL,2026-07-20
a03RB00001NswbNYAR,吉村紳 一級建築士事務所_2025/08,a04RB00000kUAO7YAO,月,001RB00001VTqU3YAL,2025/08,2025-08-01,a00RB00002Am2BkYAJ,a04RB00000kUAO7YAO,001RB00001VTqU3YAL,2026-07-20
a03RB00001NswbOYAR,吉村紳 一級建築士事務所_2025/09,a04RB00000kUAO7YAO,月,001RB00001VTqU3YAL,2025/09,2025-09-01,a00RB00002Am2BkYAJ,a04RB00000kUAO7YAO,001RB00001VTqU3YAL,2026-07-20
a03RB00001NswbPYAR,吉村紳 一級建築士事務所_2025/10,a04RB00000kUAO7YAO,月,001RB00001VTqU3YAL,2025/10,2025-10-01,a00RB00002Am2BkYAJ,a04RB00000kUAO7YAO,001RB00001VTqU3YAL,2026-07-20
a03RB00001NswbQYAR,吉村紳 一級建築士事務所_2025/11,a04RB00000kUAO7YAO,月,001RB00001VTqU3YAL,2025/11,2025-11-01,a00RB00002Am2BkYAJ,a04RB00000kUAO7YAO,001RB00001VTqU3YAL,2026-07-20
a03RB00001NswbRYAR,吉村紳 一級建築士事務所_2025/12,a04RB00000kUAO7YAO,月,001RB00001VTqU3YAL,2025/12,2025-12-01,a00RB00002Am2BkYAJ,a04RB00000kUAO7YAO,001RB00001VTqU3YAL,2026-07-20
a03RB00001NswbSYAR,吉村紳 一級建築士事務所_2026/01,a04RB00000kUAO7YAO,月,001RB00001VTqU3YAL,2026/01,2026-01-01,a00RB00002Am2BkYAJ,a04RB00000kUAO7YAO,001RB00001VTqU3YAL,2026-07-20
a03RB00001NswbTYAR,吉村紳 一級建築士事務所_2026/02,a04RB00000kUAO7YAO,月,001RB00001VTqU3YAL,2026/02,2026-02-01,a00RB00002Am2BkYAJ,a04RB00000kUAO7YAO,001RB00001VTqU3YAL,2026-07-20
a03RB00001NswbUYAR,吉村紳 一級建築士事務所_2026/03,a04RB00000kUAO7YAO,月,001RB00001VTqU3YAL,2026/03,2026-03-01,a00RB00002Am2BkYAJ,a04RB00000kUAO7YAO,001RB00001VTqU3YAL,2026-07-20
a03RB00001NswbVYAR,吉村紳 一級建築士事務所_2026/04,a04RB00000kUAO7YAO,月,001RB00001VTqU3YAL,2026/04,2026-04-01,a00RB00002Am2BkYAJ,a04RB00000kUAO7YAO,001RB00001VTqU3YAL,2026-07-20
a03RB00001NswbWYAR,吉村紳 一級建築士事務所_2026/05,a04RB00000kUAO7YAO,月,001RB00001VTqU3YAL,2026/05,2026-05-01,a00RB00002Am2BkYAJ,a04RB00000kUAO7YAO,001RB00001VTqU3YAL,2026-07-20
a03RB00001NswbXYAR,株式会社乃村工藝社_2025/01,a04RB00000kUAO8YAO,月,001RB00001VTCZZYA5,2025/01,2025-01-01,,,,
a03RB00001NswbYYAR,株式会社乃村工藝社_2025/02,a04RB00000kUAO8YAO,月,001RB00001VTCZZYA5,2025/02,2025-02-01,,,,
a03RB00001NswbZYAR,株式会社乃村工藝社_2025/03,a04RB00000kUAO8YAO,月,001RB00001VTCZZYA5,2025/03,2025-03-01,,,,
a03RB00001NswbaYAB,株式会社乃村工藝社_2025/04,a04RB00000kUAO8YAO,月,001RB00001VTCZZYA5,2025/04,2025-04-01,,,,
a03RB00001NswbbYAB,矢作建設工業株式会社_2025/04,a04RB00000kUAO9YAO,年,001RB00001VTqlfYAD,2025/04,2025-04-01,,,,
a03RB00001NswbcYAB,矢作建設工業株式会社_2025/07,a04RB00000kUAO9YAO,年,001RB00001VTqlfYAD,2025/07,2025-07-01,,,,
a03RB00001NswbdYAB,矢作建設工業株式会社_2025/08,a04RB00000kUAO9YAO,年,001RB00001VTqlfYAD,2025/08,2025-08-01,,,,
a03RB00001NswbeYAB,矢作建設工業株式会社_2025/09,a04RB00000kUAO9YAO,年,001RB00001VTqlfYAD,2025/09,2025-09-01,,,,
a03RB00001NswbfYAB,矢作建設工業株式会社_2025/10,a04RB00000kUAO9YAO,年,001RB00001VTqlfYAD,2025/10,2025-10-01,,,,
a03RB00001NswbgYAB,矢作建設工業株式会社_2025/11,a04RB00000kUAO9YAO,年,001RB00001VTqlfYAD,2025/11,2025-11-01,,,,
a03RB00001NswbhYAB,矢作建設工業株式会社_2025/12,a04RB00000kUAO9YAO,年,001RB00001VTqlfYAD,2025/12,2025-12-01,,,,
a03RB00001NswbiYAB,矢作建設工業株式会社_2026/01,a04RB00000kUAO9YAO,年,001RB00001VTqlfYAD,2026/01,2026-01-01,,,,
a03RB00001NswbjYAB,矢作建設工業株式会社_2026/02,a04RB00000kUAO9YAO,年,001RB00001VTqlfYAD,2026/02,2026-02-01,,,,
a03RB00001NswbkYAB,矢作建設工業株式会社_2026/03,a04RB00000kUAO9YAO,年,001RB00001VTqlfYAD,2026/03,2026-03-01,,,,
a03RB00001NswblYAB,矢作建設工業株式会社_2026/04,a04RB00000kUAO9YAO,年,001RB00001VTqlfYAD,2026/04,2026-04-01,,,,
a03RB00001NswbmYAB,矢作建設工業株式会社_2026/05,a04RB00000kUAO9YAO,年,001RB00001VTqlfYAD,2026/05,2026-05-01,,,,
a03RB00001NswbnYAB,矢作建設工業株式会社_2026/06,a04RB00000kUAO9YAO,年,001RB00001VTqlfYAD,2026/06,2026-06-01,,,,
a03RB00001NswboYAB,矢作建設工業株式会社_2026/07,a04RB00000kUAO9YAO,年,001RB00001VTqlfYAD,2026/07,2026-07-01,,,,
a03RB00001NswbpYAB,株式会社デザインアーク_2025/05,a04RB00000kUAOAYA4,月,001RB00001VTruAYAT,2025/05,2025-05-01,a00RB000027lnMsYAI,a04RB00000kUAOAYA4,001RB00001VTruAYAT,2026-04-20
a03RB00001NswbqYAB,株式会社デザインアーク_2025/06,a04RB00000kUAOAYA4,月,001RB00001VTruAYAT,2025/06,2025-06-01,a00RB000027lnMsYAI,a04RB00000kUAOAYA4,001RB00001VTruAYAT,2026-04-20
a03RB00001NswbrYAB,株式会社デザインアーク_2025/07,a04RB00000kUAOAYA4,月,001RB00001VTruAYAT,2025/07,2025-07-01,a00RB000027lnMsYAI,a04RB00000kUAOAYA4,001RB00001VTruAYAT,2026-04-20
a03RB00001NswbsYAB,株式会社デザインアーク_2025/08,a04RB00000kUAOAYA4,月,001RB00001VTruAYAT,2025/08,2025-08-01,a00RB000027lnMsYAI,a04RB00000kUAOAYA4,001RB00001VTruAYAT,2026-04-20
a03RB00001NswbtYAB,株式会社デザインアーク_2025/09,a04RB00000kUAOAYA4,月,001RB00001VTruAYAT,2025/09,2025-09-01,a00RB000027lnMsYAI,a04RB00000kUAOAYA4,001RB00001VTruAYAT,2026-04-20
a03RB00001NswbuYAB,株式会社デザインアーク_2025/10,a04RB00000kUAOAYA4,月,001RB00001VTruAYAT,2025/10,2025-10-01,a00RB000027lnMsYAI,a04RB00000kUAOAYA4,001RB00001VTruAYAT,2026-04-20
a03RB00001NswbvYAB,株式会社デザインアーク_2025/11,a04RB00000kUAOAYA4,月,001RB00001VTruAYAT,2025/11,2025-11-01,a00RB000027lnMsYAI,a04RB00000kUAOAYA4,001RB00001VTruAYAT,2026-04-20
a03RB00001NswbwYAB,株式会社デザインアーク_2025/12,a04RB00000kUAOAYA4,月,001RB00001VTruAYAT,2025/12,2025-12-01,a00RB000027lnMsYAI,a04RB00000kUAOAYA4,001RB00001VTruAYAT,2026-04-20
a03RB00001NswbxYAB,株式会社デザインアーク_2026/01,a04RB00000kUAOAYA4,月,001RB00001VTruAYAT,2026/01,2026-01-01,a00RB000027lnMsYAI,a04RB00000kUAOAYA4,001RB00001VTruAYAT,2026-04-20
a03RB00001NswbyYAB,株式会社デザインアーク_2026/02,a04RB00000kUAOAYA4,月,001RB00001VTruAYAT,2026/02,2026-02-01,a00RB000027lnMsYAI,a04RB00000kUAOAYA4,001RB00001VTruAYAT,2026-04-20
a03RB00001NswbzYAB,株式会社デザインアーク_2026/03,a04RB00000kUAOAYA4,月,001RB00001VTruAYAT,2026/03,2026-03-01,a00RB000027lnMsYAI,a04RB00000kUAOAYA4,001RB00001VTruAYAT,2026-04-20
a03RB00001Nswc0YAB,株式会社デザインアーク_2026/04,a04RB00000kUAOAYA4,月,001RB00001VTruAYAT,2026/04,2026-04-01,a00RB000027lnMsYAI,a04RB00000kUAOAYA4,001RB00001VTruAYAT,2026-04-20
a03RB00001Nswc1YAB,株式会社デザインアーク_2026/05,a04RB00000kUAOAYA4,月,001RB00001VTruAYAT,2026/05,2026-05-01,a00RB000027lnMsYAI,a04RB00000kUAOAYA4,001RB00001VTruAYAT,2026-04-20
a03RB00001Nswc2YAB,大塚商会(株式会社長谷建築設計事務所様)_2025/04,a04RB00000kUAOBYA4,月,001RB00001VTqleYAD,2025/04,2025-04-01,,,,
a03RB00001Nswc3YAB,大塚商会(株式会社長谷建築設計事務所様)_2025/05,a04RB00000kUAOBYA4,月,001RB00001VTqleYAD,2025/05,2025-05-01,,,,
a03RB00001Nswc4YAB,大塚商会(株式会社長谷建築設計事務所様)_2026/04,a04RB00000kUAOBYA4,月,001RB00001VTqleYAD,2026/04,2026-04-01,,,,
a03RB00001Nswc5YAB,アイリスオーヤマ（ストアデザイン部）_2025/05,a04RB00000kUAOCYA4,月,001RB00001VTqkwYAD,2025/05,2025-05-01,,,,
a03RB00001Nswc6YAB,アイリスオーヤマ（空間デザイン部）_2025/05,a04RB00000kUAODYA4,月,001RB00001VTqkwYAD,2025/05,2025-05-01,,,,
a03RB00001Nswc7YAB,株式会社アーキテクト・ディベロッパー（5月1日より帝国不動産株式会社）_2025/05,a04RB00000kUAOEYA4,月,001RB00001VTrtrYAD,2025/05,2025-05-01,a00RB000024Ux4NYAS,a04RB00000kUAOEYA4,001RB00001VTrtrYAD,2026-03-18
a03RB00001Nswc8YAB,株式会社アーキテクト・ディベロッパー（5月1日より帝国不動産株式会社）_2025/06,a04RB00000kUAOEYA4,月,001RB00001VTrtrYAD,2025/06,2025-06-01,a00RB000024Ux4NYAS,a04RB00000kUAOEYA4,001RB00001VTrtrYAD,2026-03-18
a03RB00001Nswc9YAB,株式会社アーキテクト・ディベロッパー（5月1日より帝国不動産株式会社）_2025/07,a04RB00000kUAOEYA4,月,001RB00001VTrtrYAD,2025/07,2025-07-01,a00RB000024Ux4NYAS,a04RB00000kUAOEYA4,001RB00001VTrtrYAD,2026-03-18
a03RB00001NswcAYAR,株式会社アーキテクト・ディベロッパー（5月1日より帝国不動産株式会社）_2025/08,a04RB00000kUAOEYA4,月,001RB00001VTrtrYAD,2025/08,2025-08-01,a00RB000024Ux4NYAS,a04RB00000kUAOEYA4,001RB00001VTrtrYAD,2026-03-18
a03RB00001NswcBYAR,株式会社アーキテクト・ディベロッパー（5月1日より帝国不動産株式会社）_2025/09,a04RB00000kUAOEYA4,月,001RB00001VTrtrYAD,2025/09,2025-09-01,a00RB000024Ux4NYAS,a04RB00000kUAOEYA4,001RB00001VTrtrYAD,2026-03-18
a03RB00001NswcCYAR,株式会社アーキテクト・ディベロッパー（5月1日より帝国不動産株式会社）_2025/10,a04RB00000kUAOEYA4,月,001RB00001VTrtrYAD,2025/10,2025-10-01,a00RB000024Ux4NYAS,a04RB00000kUAOEYA4,001RB00001VTrtrYAD,2026-03-18
a03RB00001NswcDYAR,株式会社アーキテクト・ディベロッパー（5月1日より帝国不動産株式会社）_2025/11,a04RB00000kUAOEYA4,月,001RB00001VTrtrYAD,2025/11,2025-11-01,a00RB000024Ux4NYAS,a04RB00000kUAOEYA4,001RB00001VTrtrYAD,2026-03-18
a03RB00001NswcEYAR,株式会社アーキテクト・ディベロッパー（5月1日より帝国不動産株式会社）_2025/12,a04RB00000kUAOEYA4,月,001RB00001VTrtrYAD,2025/12,2025-12-01,a00RB000024Ux4NYAS,a04RB00000kUAOEYA4,001RB00001VTrtrYAD,2026-03-18
a03RB00001NswcFYAR,株式会社アーキテクト・ディベロッパー（5月1日より帝国不動産株式会社）_2026/01,a04RB00000kUAOEYA4,月,001RB00001VTrtrYAD,2026/01,2026-01-01,a00RB000024Ux4NYAS,a04RB00000kUAOEYA4,001RB00001VTrtrYAD,2026-03-18
a03RB00001NswcGYAR,株式会社アーキテクト・ディベロッパー（5月1日より帝国不動産株式会社）_2026/02,a04RB00000kUAOEYA4,月,001RB00001VTrtrYAD,2026/02,2026-02-01,a00RB000024Ux4NYAS,a04RB00000kUAOEYA4,001RB00001VTrtrYAD,2026-03-18
a03RB00001NswcHYAR,株式会社アーキテクト・ディベロッパー（5月1日より帝国不動産株式会社）_2026/03,a04RB00000kUAOEYA4,月,001RB00001VTrtrYAD,2026/03,2026-03-01,a00RB000024Ux4NYAS,a04RB00000kUAOEYA4,001RB00001VTrtrYAD,2026-03-18
a03RB00001NswcIYAR,株式会社アーキテクト・ディベロッパー（5月1日より帝国不動産株式会社）_2026/04,a04RB00000kUAOEYA4,月,001RB00001VTrtrYAD,2026/04,2026-04-01,a00RB000024Ux4NYAS,a04RB00000kUAOEYA4,001RB00001VTrtrYAD,2026-03-18
a03RB00001NswcJYAR,株式会社アーキテクト・ディベロッパー（5月1日より帝国不動産株式会社）_2026/05,a04RB00000kUAOEYA4,月,001RB00001VTrtrYAD,2026/05,2026-05-01,a00RB000024Ux4NYAS,a04RB00000kUAOEYA4,001RB00001VTrtrYAD,2026-03-18
a03RB00001NswcKYAR,株式会社アーキテクト・ディベロッパー（5月1日より帝国不動産株式会社）_2026/06,a04RB00000kUAOEYA4,月,001RB00001VTrtrYAD,2026/06,2026-06-01,a00RB000024Ux4NYAS,a04RB00000kUAOEYA4,001RB00001VTrtrYAD,2026-03-18
a03RB00001NswcLYAR,野原グループ株式会社_2025/05,a04RB00000kUAOFYA4,月,001RB00001VTqbbYAD,2025/05,2025-05-01,a00RB00002Am2BjYAJ,a04RB00000kUAOFYA4,001RB00001VTqbbYAD,2026-07-20
a03RB00001NswcMYAR,野原グループ株式会社_2025/06,a04RB00000kUAOFYA4,月,001RB00001VTqbbYAD,2025/06,2025-06-01,a00RB00002Am2BjYAJ,a04RB00000kUAOFYA4,001RB00001VTqbbYAD,2026-07-20
a03RB00001NswcNYAR,野原グループ株式会社_2025/07,a04RB00000kUAOFYA4,月,001RB00001VTqbbYAD,2025/07,2025-07-01,a00RB00002Am2BjYAJ,a04RB00000kUAOFYA4,001RB00001VTqbbYAD,2026-07-20
a03RB00001NswcOYAR,野原グループ株式会社_2025/08,a04RB00000kUAOFYA4,月,001RB00001VTqbbYAD,2025/08,2025-08-01,a00RB00002Am2BjYAJ,a04RB00000kUAOFYA4,001RB00001VTqbbYAD,2026-07-20
a03RB00001NswcPYAR,野原グループ株式会社_2025/09,a04RB00000kUAOFYA4,月,001RB00001VTqbbYAD,2025/09,2025-09-01,a00RB00002Am2BjYAJ,a04RB00000kUAOFYA4,001RB00001VTqbbYAD,2026-07-20
a03RB00001NswcQYAR,野原グループ株式会社_2025/10,a04RB00000kUAOFYA4,月,001RB00001VTqbbYAD,2025/10,2025-10-01,a00RB00002Am2BjYAJ,a04RB00000kUAOFYA4,001RB00001VTqbbYAD,2026-07-20
a03RB00001NswcRYAR,野原グループ株式会社_2025/11,a04RB00000kUAOFYA4,月,001RB00001VTqbbYAD,2025/11,2025-11-01,a00RB00002Am2BjYAJ,a04RB00000kUAOFYA4,001RB00001VTqbbYAD,2026-07-20
a03RB00001NswcSYAR,野原グループ株式会社_2025/12,a04RB00000kUAOFYA4,月,001RB00001VTqbbYAD,2025/12,2025-12-01,a00RB00002Am2BjYAJ,a04RB00000kUAOFYA4,001RB00001VTqbbYAD,2026-07-20
a03RB00001NswcTYAR,野原グループ株式会社_2026/01,a04RB00000kUAOFYA4,月,001RB00001VTqbbYAD,2026/01,2026-01-01,a00RB00002Am2BjYAJ,a04RB00000kUAOFYA4,001RB00001VTqbbYAD,2026-07-20
a03RB00001NswcUYAR,野原グループ株式会社_2026/02,a04RB00000kUAOFYA4,月,001RB00001VTqbbYAD,2026/02,2026-02-01,a00RB00002Am2BjYAJ,a04RB00000kUAOFYA4,001RB00001VTqbbYAD,2026-07-20
a03RB00001NswcVYAR,野原グループ株式会社_2026/03,a04RB00000kUAOFYA4,月,001RB00001VTqbbYAD,2026/03,2026-03-01,a00RB00002Am2BjYAJ,a04RB00000kUAOFYA4,001RB00001VTqbbYAD,2026-07-20
a03RB00001NswcWYAR,野原グループ株式会社_2026/04,a04RB00000kUAOFYA4,月,001RB00001VTqbbYAD,2026/04,2026-04-01,a00RB00002Am2BjYAJ,a04RB00000kUAOFYA4,001RB00001VTqbbYAD,2026-07-20
a03RB00001NswcXYAR,野原グループ株式会社_2026/05,a04RB00000kUAOFYA4,月,001RB00001VTqbbYAD,2026/05,2026-05-01,a00RB00002Am2BjYAJ,a04RB00000kUAOFYA4,001RB00001VTqbbYAD,2026-07-20
a03RB00001NswcYYAR,高松テクノサービス株式会社 ＊年払い、特別価格_2025/05,a04RB00000kUAOGYA4,月,001RB00001VTqWXYA1,2025/05,2025-05-01,,,,
a03RB00001NswcZYAR,高松テクノサービス株式会社 ＊年払い、特別価格_2025/06,a04RB00000kUAOGYA4,月,001RB00001VTqWXYA1,2025/06,2025-06-01,,,,
a03RB00001NswcaYAB,高松テクノサービス株式会社 ＊年払い、特別価格_2025/07,a04RB00000kUAOGYA4,月,001RB00001VTqWXYA1,2025/07,2025-07-01,,,,
a03RB00001NswcbYAB,高松テクノサービス株式会社 ＊年払い、特別価格_2025/08,a04RB00000kUAOGYA4,月,001RB00001VTqWXYA1,2025/08,2025-08-01,,,,
a03RB00001NswccYAB,高松テクノサービス株式会社 ＊年払い、特別価格_2025/09,a04RB00000kUAOGYA4,月,001RB00001VTqWXYA1,2025/09,2025-09-01,,,,
a03RB00001NswcdYAB,高松テクノサービス株式会社 ＊年払い、特別価格_2025/10,a04RB00000kUAOGYA4,月,001RB00001VTqWXYA1,2025/10,2025-10-01,,,,
a03RB00001NswceYAB,高松テクノサービス株式会社 ＊年払い、特別価格_2025/11,a04RB00000kUAOGYA4,月,001RB00001VTqWXYA1,2025/11,2025-11-01,,,,
a03RB00001NswcfYAB,高松テクノサービス株式会社 ＊年払い、特別価格_2025/12,a04RB00000kUAOGYA4,月,001RB00001VTqWXYA1,2025/12,2025-12-01,,,,
a03RB00001NswcgYAB,高松テクノサービス株式会社 ＊年払い、特別価格_2026/01,a04RB00000kUAOGYA4,月,001RB00001VTqWXYA1,2026/01,2026-01-01,,,,
a03RB00001NswchYAB,高松テクノサービス株式会社 ＊年払い、特別価格_2026/02,a04RB00000kUAOGYA4,月,001RB00001VTqWXYA1,2026/02,2026-02-01,,,,
a03RB00001NswciYAB,高松テクノサービス株式会社 ＊年払い、特別価格_2026/03,a04RB00000kUAOGYA4,月,001RB00001VTqWXYA1,2026/03,2026-03-01,,,,
a03RB00001NswcjYAB,高松テクノサービス株式会社 ＊年払い、特別価格_2026/04,a04RB00000kUAOGYA4,月,001RB00001VTqWXYA1,2026/04,2026-04-01,,,,
a03RB00001NswckYAB,株式会社ジョイフル本田_2025/05,a04RB00000kUAOHYA4,月,001RB00001VTqkQYAT,2025/05,2025-05-01,,,,
a03RB00001NswclYAB,株式会社ジョイフル本田_2025/06,a04RB00000kUAOHYA4,月,001RB00001VTqkQYAT,2025/06,2025-06-01,,,,
a03RB00001NswcmYAB,株式会社ジョイフル本田_2025/07,a04RB00000kUAOHYA4,月,001RB00001VTqkQYAT,2025/07,2025-07-01,,,,
a03RB00001NswcnYAB,株式会社ジョイフル本田_2025/08,a04RB00000kUAOHYA4,月,001RB00001VTqkQYAT,2025/08,2025-08-01,,,,
a03RB00001NswcoYAB,株式会社ジョイフル本田_2025/09,a04RB00000kUAOHYA4,月,001RB00001VTqkQYAT,2025/09,2025-09-01,,,,
a03RB00001NswcpYAB,株式会社ジョイフル本田_2025/10,a04RB00000kUAOHYA4,月,001RB00001VTqkQYAT,2025/10,2025-10-01,,,,
a03RB00001NswcqYAB,株式会社ジョイフル本田_2025/11,a04RB00000kUAOHYA4,月,001RB00001VTqkQYAT,2025/11,2025-11-01,,,,
a03RB00001NswcrYAB,株式会社ジョイフル本田_2025/12,a04RB00000kUAOHYA4,月,001RB00001VTqkQYAT,2025/12,2025-12-01,,,,
a03RB00001NswcsYAB,株式会社ジョイフル本田_2026/01,a04RB00000kUAOHYA4,月,001RB00001VTqkQYAT,2026/01,2026-01-01,,,,
a03RB00001NswctYAB,株式会社ジョイフル本田_2026/02,a04RB00000kUAOHYA4,月,001RB00001VTqkQYAT,2026/02,2026-02-01,,,,
a03RB00001NswcuYAB,株式会社ジョイフル本田_2026/03,a04RB00000kUAOHYA4,月,001RB00001VTqkQYAT,2026/03,2026-03-01,,,,
a03RB00001NswcvYAB,株式会社ジョイフル本田_2026/04,a04RB00000kUAOHYA4,月,001RB00001VTqkQYAT,2026/04,2026-04-01,,,,
a03RB00001NswcwYAB,株式会社ジョイフル本田_2026/05,a04RB00000kUAOHYA4,月,001RB00001VTqkQYAT,2026/05,2026-05-01,,,,
a03RB00001NswcxYAB,九州旅客鉄道株式会社 博多設備区_2025/05,a04RB00000kUAOIYA4,月,001RB00001VTrOlYAL,2025/05,2025-05-01,,,,
a03RB00001NswcyYAB,九州旅客鉄道株式会社 博多設備区_2025/06,a04RB00000kUAOIYA4,月,001RB00001VTrOlYAL,2025/06,2025-06-01,,,,
a03RB00001NswczYAB,九州旅客鉄道株式会社 博多設備区_2025/07,a04RB00000kUAOIYA4,月,001RB00001VTrOlYAL,2025/07,2025-07-01,,,,
a03RB00001Nswd0YAB,九州旅客鉄道株式会社 博多設備区_2025/08,a04RB00000kUAOIYA4,月,001RB00001VTrOlYAL,2025/08,2025-08-01,,,,
a03RB00001Nswd1YAB,九州旅客鉄道株式会社 博多設備区_2025/09,a04RB00000kUAOIYA4,月,001RB00001VTrOlYAL,2025/09,2025-09-01,,,,
a03RB00001Nswd2YAB,九州旅客鉄道株式会社 博多設備区_2025/10,a04RB00000kUAOIYA4,月,001RB00001VTrOlYAL,2025/10,2025-10-01,,,,
a03RB00001Nswd3YAB,九州旅客鉄道株式会社 博多設備区_2025/11,a04RB00000kUAOIYA4,月,001RB00001VTrOlYAL,2025/11,2025-11-01,,,,
a03RB00001Nswd4YAB,九州旅客鉄道株式会社 博多設備区_2025/12,a04RB00000kUAOIYA4,月,001RB00001VTrOlYAL,2025/12,2025-12-01,,,,
a03RB00001Nswd5YAB,九州旅客鉄道株式会社 博多設備区_2026/01,a04RB00000kUAOIYA4,月,001RB00001VTrOlYAL,2026/01,2026-01-01,,,,
a03RB00001Nswd6YAB,九州旅客鉄道株式会社 博多設備区_2026/02,a04RB00000kUAOIYA4,月,001RB00001VTrOlYAL,2026/02,2026-02-01,,,,
a03RB00001Nswd7YAB,九州旅客鉄道株式会社 博多設備区_2026/03,a04RB00000kUAOIYA4,月,001RB00001VTrOlYAL,2026/03,2026-03-01,,,,
a03RB00001Nswd8YAB,九州旅客鉄道株式会社 博多設備区_2026/04,a04RB00000kUAOIYA4,月,001RB00001VTrOlYAL,2026/04,2026-04-01,,,,
a03RB00001Nswd9YAB,九州旅客鉄道株式会社 博多設備区_2026/05,a04RB00000kUAOIYA4,月,001RB00001VTrOlYAL,2026/05,2026-05-01,,,,
a03RB00001NswdAYAR,アイリスチトセ株式会社_2025/06,a04RB00000kUAOJYA4,月,001RB00001VTqlZYAT,2025/06,2025-06-01,,,,
a03RB00001NswdBYAR,アイリスチトセ株式会社_2025/07,a04RB00000kUAOJYA4,月,001RB00001VTqlZYAT,2025/07,2025-07-01,,,,
a03RB00001NswdCYAR,アイリスチトセ株式会社_2025/08,a04RB00000kUAOJYA4,月,001RB00001VTqlZYAT,2025/08,2025-08-01,,,,
a03RB00001NswdDYAR,アイリスチトセ株式会社_2025/09,a04RB00000kUAOJYA4,月,001RB00001VTqlZYAT,2025/09,2025-09-01,,,,
a03RB00001NswdEYAR,アイリスチトセ株式会社_2025/10,a04RB00000kUAOJYA4,月,001RB00001VTqlZYAT,2025/10,2025-10-01,,,,
a03RB00001NswdFYAR,アイリスチトセ株式会社_2025/11,a04RB00000kUAOJYA4,月,001RB00001VTqlZYAT,2025/11,2025-11-01,,,,
a03RB00001NswdGYAR,アイリスチトセ株式会社_2025/12,a04RB00000kUAOJYA4,月,001RB00001VTqlZYAT,2025/12,2025-12-01,,,,
a03RB00001NswdHYAR,アイリスチトセ株式会社_2026/01,a04RB00000kUAOJYA4,月,001RB00001VTqlZYAT,2026/01,2026-01-01,,,,
a03RB00001NswdIYAR,アイリスチトセ株式会社_2026/02,a04RB00000kUAOJYA4,月,001RB00001VTqlZYAT,2026/02,2026-02-01,,,,
a03RB00001NswdJYAR,アイリスチトセ株式会社_2026/03,a04RB00000kUAOJYA4,月,001RB00001VTqlZYAT,2026/03,2026-03-01,,,,
a03RB00001NswdKYAR,アイリスチトセ株式会社_2026/04,a04RB00000kUAOJYA4,月,001RB00001VTqlZYAT,2026/04,2026-04-01,,,,
a03RB00001NswdLYAR,アイリスチトセ株式会社_2026/05,a04RB00000kUAOJYA4,月,001RB00001VTqlZYAT,2026/05,2026-05-01,,,,
a03RB00001NswdMYAR,アイリスオーヤマ（ストアデザイン部）_2025/06,a04RB00000kUAOKYA4,月,001RB00001VTqkwYAD,2025/06,2025-06-01,,,,
a03RB00001NswdNYAR,アイリスオーヤマ（ストアデザイン部）_2025/07,a04RB00000kUAOKYA4,月,001RB00001VTqkwYAD,2025/07,2025-07-01,,,,
a03RB00001NswdOYAR,アイリスオーヤマ（ストアデザイン部）_2025/08,a04RB00000kUAOKYA4,月,001RB00001VTqkwYAD,2025/08,2025-08-01,,,,
a03RB00001NswdPYAR,アイリスオーヤマ（ストアデザイン部）_2025/09,a04RB00000kUAOKYA4,月,001RB00001VTqkwYAD,2025/09,2025-09-01,,,,
a03RB00001NswdQYAR,アイリスオーヤマ（ストアデザイン部）_2025/10,a04RB00000kUAOKYA4,月,001RB00001VTqkwYAD,2025/10,2025-10-01,,,,
a03RB00001NswdRYAR,アイリスオーヤマ（ストアデザイン部）_2025/11,a04RB00000kUAOKYA4,月,001RB00001VTqkwYAD,2025/11,2025-11-01,,,,
a03RB00001NswdSYAR,アイリスオーヤマ（ストアデザイン部）_2025/12,a04RB00000kUAOKYA4,月,001RB00001VTqkwYAD,2025/12,2025-12-01,,,,
a03RB00001NswdTYAR,アイリスオーヤマ（ストアデザイン部）_2026/01,a04RB00000kUAOKYA4,月,001RB00001VTqkwYAD,2026/01,2026-01-01,,,,
a03RB00001NswdUYAR,アイリスオーヤマ（ストアデザイン部）_2026/02,a04RB00000kUAOKYA4,月,001RB00001VTqkwYAD,2026/02,2026-02-01,,,,
a03RB00001NswdVYAR,アイリスオーヤマ（ストアデザイン部）_2026/03,a04RB00000kUAOKYA4,月,001RB00001VTqkwYAD,2026/03,2026-03-01,,,,
a03RB00001NswdWYAR,アイリスオーヤマ（ストアデザイン部）_2026/04,a04RB00000kUAOKYA4,月,001RB00001VTqkwYAD,2026/04,2026-04-01,,,,
a03RB00001NswdXYAR,アイリスオーヤマ（ストアデザイン部）_2026/05,a04RB00000kUAOKYA4,月,001RB00001VTqkwYAD,2026/05,2026-05-01,,,,
a03RB00001NswdYYAR,アイリスオーヤマ（空間デザイン部）_2025/06,a04RB00000kUAOLYA4,月,001RB00001VTqkwYAD,2025/06,2025-06-01,,,,
a03RB00001NswdZYAR,アイリスオーヤマ（空間デザイン部）_2025/07,a04RB00000kUAOLYA4,月,001RB00001VTqkwYAD,2025/07,2025-07-01,,,,
a03RB00001NswdaYAB,アイリスオーヤマ（空間デザイン部）_2025/08,a04RB00000kUAOLYA4,月,001RB00001VTqkwYAD,2025/08,2025-08-01,,,,
a03RB00001NswdbYAB,アイリスオーヤマ（空間デザイン部）_2025/09,a04RB00000kUAOLYA4,月,001RB00001VTqkwYAD,2025/09,2025-09-01,,,,
a03RB00001NswdcYAB,アイリスオーヤマ（空間デザイン部）_2025/10,a04RB00000kUAOLYA4,月,001RB00001VTqkwYAD,2025/10,2025-10-01,,,,
a03RB00001NswddYAB,アイリスオーヤマ（空間デザイン部）_2025/11,a04RB00000kUAOLYA4,月,001RB00001VTqkwYAD,2025/11,2025-11-01,,,,
a03RB00001NswdeYAB,アイリスオーヤマ（空間デザイン部）_2025/12,a04RB00000kUAOLYA4,月,001RB00001VTqkwYAD,2025/12,2025-12-01,,,,
a03RB00001NswdfYAB,アイリスオーヤマ（空間デザイン部）_2026/01,a04RB00000kUAOLYA4,月,001RB00001VTqkwYAD,2026/01,2026-01-01,,,,
a03RB00001NswdgYAB,アイリスオーヤマ（空間デザイン部）_2026/02,a04RB00000kUAOLYA4,月,001RB00001VTqkwYAD,2026/02,2026-02-01,,,,
a03RB00001NswdhYAB,アイリスオーヤマ（空間デザイン部）_2026/03,a04RB00000kUAOLYA4,月,001RB00001VTqkwYAD,2026/03,2026-03-01,,,,
a03RB00001NswdiYAB,アイリスオーヤマ（空間デザイン部）_2026/04,a04RB00000kUAOLYA4,月,001RB00001VTqkwYAD,2026/04,2026-04-01,,,,
a03RB00001NswdjYAB,アイリスオーヤマ（空間デザイン部）_2026/05,a04RB00000kUAOLYA4,月,001RB00001VTqkwYAD,2026/05,2026-05-01,,,,
a03RB00001NswdkYAB,ショウワ グループ株式会社_2024/12,a04RB00000kUAOMYA4,月,001RB00001VTtIRYA1,2024/12,2024-12-01,,,,
a03RB00001NswdlYAB,ショウワ グループ株式会社_2025/01,a04RB00000kUAOMYA4,月,001RB00001VTtIRYA1,2025/01,2025-01-01,,,,
a03RB00001NswdmYAB,ショウワ グループ株式会社_2025/02,a04RB00000kUAOMYA4,月,001RB00001VTtIRYA1,2025/02,2025-02-01,,,,
a03RB00001NswdnYAB,ショウワ グループ株式会社_2025/03,a04RB00000kUAOMYA4,月,001RB00001VTtIRYA1,2025/03,2025-03-01,,,,
a03RB00001NswdoYAB,ショウワ グループ株式会社_2025/04,a04RB00000kUAOMYA4,月,001RB00001VTtIRYA1,2025/04,2025-04-01,,,,
a03RB00001NswdpYAB,ショウワ グループ株式会社_2025/05,a04RB00000kUAOMYA4,月,001RB00001VTtIRYA1,2025/05,2025-05-01,,,,
a03RB00001NswdqYAB,九州旅客鉄道株式会社 開発工事部_2025/06,a04RB00000kUAONYA4,月,001RB00001VTrOlYAL,2025/06,2025-06-01,,,,
a03RB00001NswdrYAB,九州旅客鉄道株式会社 開発工事部_2025/07,a04RB00000kUAONYA4,月,001RB00001VTrOlYAL,2025/07,2025-07-01,,,,
a03RB00001NswdsYAB,九州旅客鉄道株式会社 開発工事部_2025/08,a04RB00000kUAONYA4,月,001RB00001VTrOlYAL,2025/08,2025-08-01,,,,
a03RB00001NswdtYAB,九州旅客鉄道株式会社 開発工事部_2025/09,a04RB00000kUAONYA4,月,001RB00001VTrOlYAL,2025/09,2025-09-01,,,,
a03RB00001NswduYAB,九州旅客鉄道株式会社 開発工事部_2025/10,a04RB00000kUAONYA4,月,001RB00001VTrOlYAL,2025/10,2025-10-01,,,,
a03RB00001NswdvYAB,九州旅客鉄道株式会社 開発工事部_2025/11,a04RB00000kUAONYA4,月,001RB00001VTrOlYAL,2025/11,2025-11-01,,,,
a03RB00001NswdwYAB,九州旅客鉄道株式会社 開発工事部_2025/12,a04RB00000kUAONYA4,月,001RB00001VTrOlYAL,2025/12,2025-12-01,,,,
a03RB00001NswdxYAB,九州旅客鉄道株式会社 開発工事部_2026/01,a04RB00000kUAONYA4,月,001RB00001VTrOlYAL,2026/01,2026-01-01,,,,
a03RB00001NswdyYAB,九州旅客鉄道株式会社 開発工事部_2026/02,a04RB00000kUAONYA4,月,001RB00001VTrOlYAL,2026/02,2026-02-01,,,,
a03RB00001NswdzYAB,九州旅客鉄道株式会社 開発工事部_2026/03,a04RB00000kUAONYA4,月,001RB00001VTrOlYAL,2026/03,2026-03-01,,,,
a03RB00001Nswe0YAB,九州旅客鉄道株式会社 開発工事部_2026/04,a04RB00000kUAONYA4,月,001RB00001VTrOlYAL,2026/04,2026-04-01,,,,
a03RB00001Nswe1YAB,九州旅客鉄道株式会社 開発工事部_2026/05,a04RB00000kUAONYA4,月,001RB00001VTrOlYAL,2026/05,2026-05-01,,,,
a03RB00001Nswe2YAB,株式会社JR東日本建築設計_2025/07,a04RB00000kUAOOYA4,月,001RB00001VTrHVYA1,2025/07,2025-07-01,,,,
a03RB00001Nswe3YAB,株式会社JR東日本建築設計_2025/08,a04RB00000kUAOOYA4,月,001RB00001VTrHVYA1,2025/08,2025-08-01,,,,
a03RB00001Nswe4YAB,株式会社JR東日本建築設計_2025/09,a04RB00000kUAOOYA4,月,001RB00001VTrHVYA1,2025/09,2025-09-01,,,,
a03RB00001Nswe5YAB,株式会社JR東日本建築設計_2025/10,a04RB00000kUAOOYA4,月,001RB00001VTrHVYA1,2025/10,2025-10-01,,,,
a03RB00001Nswe6YAB,株式会社JR東日本建築設計_2025/11,a04RB00000kUAOOYA4,月,001RB00001VTrHVYA1,2025/11,2025-11-01,,,,
a03RB00001Nswe7YAB,株式会社JR東日本建築設計_2025/12,a04RB00000kUAOOYA4,月,001RB00001VTrHVYA1,2025/12,2025-12-01,,,,
a03RB00001Nswe8YAB,株式会社JR東日本建築設計_2026/01,a04RB00000kUAOOYA4,月,001RB00001VTrHVYA1,2026/01,2026-01-01,,,,
a03RB00001Nswe9YAB,株式会社JR東日本建築設計_2026/02,a04RB00000kUAOOYA4,月,001RB00001VTrHVYA1,2026/02,2026-02-01,,,,
a03RB00001NsweAYAR,株式会社JR東日本建築設計_2026/03,a04RB00000kUAOOYA4,月,001RB00001VTrHVYA1,2026/03,2026-03-01,,,,
a03RB00001NsweBYAR,株式会社JR東日本建築設計_2026/04,a04RB00000kUAOOYA4,月,001RB00001VTrHVYA1,2026/04,2026-04-01,,,,
a03RB00001NsweCYAR,株式会社JR東日本建築設計_2026/05,a04RB00000kUAOOYA4,月,001RB00001VTrHVYA1,2026/05,2026-05-01,,,,
a03RB00001NsweDYAR,株式会社JR東日本建築設計_2026/06,a04RB00000kUAOOYA4,月,001RB00001VTrHVYA1,2026/06,2026-06-01,,,,
a03RB00001NsweEYAR,株式会社JR東日本建築設計_2026/07,a04RB00000kUAOOYA4,月,001RB00001VTrHVYA1,2026/07,2026-07-01,,,,
a03RB00001NsweFYAR,株式会社JR東日本建築設計_2026/08,a04RB00000kUAOOYA4,月,001RB00001VTrHVYA1,2026/08,2026-08-01,,,,
a03RB00001NsweGYAR,株式会社JR東日本建築設計_2026/09,a04RB00000kUAOOYA4,月,001RB00001VTrHVYA1,2026/09,2026-09-01,,,,
a03RB00001NsweHYAR,株式会社JR東日本建築設計_2026/10,a04RB00000kUAOOYA4,月,001RB00001VTrHVYA1,2026/10,2026-10-01,,,,
a03RB00001NsweIYAR,株式会社JR東日本建築設計_2026/11,a04RB00000kUAOOYA4,月,001RB00001VTrHVYA1,2026/11,2026-11-01,,,,
a03RB00001NsweJYAR,株式会社JR東日本建築設計_2026/12,a04RB00000kUAOOYA4,月,001RB00001VTrHVYA1,2026/12,2026-12-01,,,,
a03RB00001NsweKYAR,株式会社JR東日本建築設計_2027/01,a04RB00000kUAOOYA4,月,001RB00001VTrHVYA1,2027/01,2027-01-01,,,,
a03RB00001NsweLYAR,株式会社JR東日本建築設計_2027/02,a04RB00000kUAOOYA4,月,001RB00001VTrHVYA1,2027/02,2027-02-01,,,,
a03RB00001NsweMYAR,株式会社JR東日本建築設計_2027/03,a04RB00000kUAOOYA4,月,001RB00001VTrHVYA1,2027/03,2027-03-01,,,,
a03RB00001NsweNYAR,大東建託株式会社_2025/08,a04RB00000kUAOPYA4,月,001RB00001VTruMYAT,2025/08,2025-08-01,,,,
a03RB00001NsweOYAR,大東建託株式会社_2025/09,a04RB00000kUAOPYA4,月,001RB00001VTruMYAT,2025/09,2025-09-01,,,,
a03RB00001NswePYAR,大東建託株式会社_2025/10,a04RB00000kUAOPYA4,月,001RB00001VTruMYAT,2025/10,2025-10-01,,,,
a03RB00001NsweQYAR,大東建託株式会社_2025/11,a04RB00000kUAOPYA4,月,001RB00001VTruMYAT,2025/11,2025-11-01,,,,
a03RB00001NsweRYAR,株式会社 一条工務店_2025/08,a04RB00000kUAOQYA4,月,001RB00001VTqbnYAD,2025/08,2025-08-01,,,,
a03RB00001NsweSYAR,株式会社 一条工務店_2025/09,a04RB00000kUAOQYA4,月,001RB00001VTqbnYAD,2025/09,2025-09-01,,,,
a03RB00001NsweTYAR,株式会社 一条工務店_2025/10,a04RB00000kUAOQYA4,月,001RB00001VTqbnYAD,2025/10,2025-10-01,,,,
a03RB00001NsweUYAR,JOA株式会社_2025/09,a04RB00000kUAORYA4,月,001RB00001VTqmBYAT,2025/09,2025-09-01,a00RB00002Am2BrYAJ,a04RB00000kUAORYA4,001RB00001VTqmBYAT,2026-07-20
a03RB00001NsweVYAR,JOA株式会社_2025/10,a04RB00000kUAORYA4,月,001RB00001VTqmBYAT,2025/10,2025-10-01,a00RB00002Am2BrYAJ,a04RB00000kUAORYA4,001RB00001VTqmBYAT,2026-07-20
a03RB00001NsweWYAR,JOA株式会社_2025/11,a04RB00000kUAORYA4,月,001RB00001VTqmBYAT,2025/11,2025-11-01,a00RB00002Am2BrYAJ,a04RB00000kUAORYA4,001RB00001VTqmBYAT,2026-07-20
a03RB00001NsweXYAR,JOA株式会社_2025/12,a04RB00000kUAORYA4,月,001RB00001VTqmBYAT,2025/12,2025-12-01,a00RB00002Am2BrYAJ,a04RB00000kUAORYA4,001RB00001VTqmBYAT,2026-07-20
a03RB00001NsweYYAR,JOA株式会社_2026/01,a04RB00000kUAORYA4,月,001RB00001VTqmBYAT,2026/01,2026-01-01,a00RB00002Am2BrYAJ,a04RB00000kUAORYA4,001RB00001VTqmBYAT,2026-07-20
a03RB00001NsweZYAR,JOA株式会社_2026/02,a04RB00000kUAORYA4,月,001RB00001VTqmBYAT,2026/02,2026-02-01,a00RB00002Am2BrYAJ,a04RB00000kUAORYA4,001RB00001VTqmBYAT,2026-07-20
a03RB00001NsweaYAB,JOA株式会社_2026/03,a04RB00000kUAORYA4,月,001RB00001VTqmBYAT,2026/03,2026-03-01,a00RB00002Am2BrYAJ,a04RB00000kUAORYA4,001RB00001VTqmBYAT,2026-07-20
a03RB00001NswebYAB,JOA株式会社_2026/04,a04RB00000kUAORYA4,月,001RB00001VTqmBYAT,2026/04,2026-04-01,a00RB00002Am2BrYAJ,a04RB00000kUAORYA4,001RB00001VTqmBYAT,2026-07-20
a03RB00001NswecYAB,JOA株式会社_2026/05,a04RB00000kUAORYA4,月,001RB00001VTqmBYAT,2026/05,2026-05-01,a00RB00002Am2BrYAJ,a04RB00000kUAORYA4,001RB00001VTqmBYAT,2026-07-20
a03RB00001NswedYAB,株式会社B-PROJECT_2025/09,a04RB00000kUAOSYA4,月,001RB00001VTqm7YAD,2025/09,2025-09-01,,,,
a03RB00001NsweeYAB,株式会社B-PROJECT_2025/10,a04RB00000kUAOSYA4,月,001RB00001VTqm7YAD,2025/10,2025-10-01,,,,
a03RB00001NswefYAB,株式会社B-PROJECT_2025/11,a04RB00000kUAOSYA4,月,001RB00001VTqm7YAD,2025/11,2025-11-01,,,,
a03RB00001NswegYAB,株式会社B-PROJECT_2025/12,a04RB00000kUAOSYA4,月,001RB00001VTqm7YAD,2025/12,2025-12-01,,,,
a03RB00001NswehYAB,株式会社B-PROJECT_2026/01,a04RB00000kUAOSYA4,月,001RB00001VTqm7YAD,2026/01,2026-01-01,,,,
a03RB00001NsweiYAB,三井不動産レジデンシャルリース株式会社(ソリューション推進部)_2025/09,a04RB00000kUAOTYA4,月,001RB00001VTqbXYAT,2025/09,2025-09-01,a00RB000024Vf27YAC,a04RB00000kUAOTYA4,001RB00001VTqbXYAT,2026-06-20
a03RB00001NswejYAB,三井不動産レジデンシャルリース株式会社(ソリューション推進部)_2025/10,a04RB00000kUAOTYA4,月,001RB00001VTqbXYAT,2025/10,2025-10-01,a00RB000024Vf27YAC,a04RB00000kUAOTYA4,001RB00001VTqbXYAT,2026-06-20
a03RB00001NswekYAB,三井不動産レジデンシャルリース株式会社(ソリューション推進部)_2025/11,a04RB00000kUAOTYA4,月,001RB00001VTqbXYAT,2025/11,2025-11-01,a00RB000024Vf27YAC,a04RB00000kUAOTYA4,001RB00001VTqbXYAT,2026-06-20
a03RB00001NswelYAB,三井不動産レジデンシャルリース株式会社(ソリューション推進部)_2025/12,a04RB00000kUAOTYA4,月,001RB00001VTqbXYAT,2025/12,2025-12-01,a00RB000024Vf27YAC,a04RB00000kUAOTYA4,001RB00001VTqbXYAT,2026-06-20
a03RB00001NswemYAB,三井不動産レジデンシャルリース株式会社(ソリューション推進部)_2026/01,a04RB00000kUAOTYA4,月,001RB00001VTqbXYAT,2026/01,2026-01-01,a00RB000024Vf27YAC,a04RB00000kUAOTYA4,001RB00001VTqbXYAT,2026-06-20
a03RB00001NswenYAB,三井不動産レジデンシャルリース株式会社(ソリューション推進部)_2026/02,a04RB00000kUAOTYA4,月,001RB00001VTqbXYAT,2026/02,2026-02-01,a00RB000024Vf27YAC,a04RB00000kUAOTYA4,001RB00001VTqbXYAT,2026-06-20
a03RB00001NsweoYAB,三井不動産レジデンシャルリース株式会社(ソリューション推進部)_2026/03,a04RB00000kUAOTYA4,月,001RB00001VTqbXYAT,2026/03,2026-03-01,a00RB000024Vf27YAC,a04RB00000kUAOTYA4,001RB00001VTqbXYAT,2026-06-20
a03RB00001NswepYAB,三井不動産レジデンシャルリース株式会社(ソリューション推進部)_2026/04,a04RB00000kUAOTYA4,月,001RB00001VTqbXYAT,2026/04,2026-04-01,a00RB000024Vf27YAC,a04RB00000kUAOTYA4,001RB00001VTqbXYAT,2026-06-20
a03RB00001NsweqYAB,三井不動産レジデンシャルリース株式会社(ソリューション推進部)_2026/05,a04RB00000kUAOTYA4,月,001RB00001VTqbXYAT,2026/05,2026-05-01,a00RB000024Vf27YAC,a04RB00000kUAOTYA4,001RB00001VTqbXYAT,2026-06-20
a03RB00001NswerYAB,株式会社LIXIL住宅研究所 リノベーション推進室_2025/09,a04RB00000kUAOUYA4,月,001RB00001VTraTYAT,2025/09,2025-09-01,a00RB000024Ux4oYAC,a04RB00000kUAOUYA4,001RB00001VTraTYAT,2026-03-27
a03RB00001NswesYAB,株式会社LIXIL住宅研究所 リノベーション推進室_2025/10,a04RB00000kUAOUYA4,月,001RB00001VTraTYAT,2025/10,2025-10-01,a00RB000024Ux4oYAC,a04RB00000kUAOUYA4,001RB00001VTraTYAT,2026-03-27
a03RB00001NswetYAB,株式会社LIXIL住宅研究所 リノベーション推進室_2025/11,a04RB00000kUAOUYA4,月,001RB00001VTraTYAT,2025/11,2025-11-01,a00RB000024Ux4oYAC,a04RB00000kUAOUYA4,001RB00001VTraTYAT,2026-03-27
a03RB00001NsweuYAB,株式会社LIXIL住宅研究所 リノベーション推進室_2025/12,a04RB00000kUAOUYA4,月,001RB00001VTraTYAT,2025/12,2025-12-01,a00RB000024Ux4oYAC,a04RB00000kUAOUYA4,001RB00001VTraTYAT,2026-03-27
a03RB00001NswevYAB,株式会社LIXIL住宅研究所 リノベーション推進室_2026/01,a04RB00000kUAOUYA4,月,001RB00001VTraTYAT,2026/01,2026-01-01,a00RB000024Ux4oYAC,a04RB00000kUAOUYA4,001RB00001VTraTYAT,2026-03-27
a03RB00001NswewYAB,株式会社LIXIL住宅研究所 リノベーション推進室_2026/02,a04RB00000kUAOUYA4,月,001RB00001VTraTYAT,2026/02,2026-02-01,a00RB000024Ux4oYAC,a04RB00000kUAOUYA4,001RB00001VTraTYAT,2026-03-27
a03RB00001NswexYAB,株式会社LIXIL住宅研究所 リノベーション推進室_2026/03,a04RB00000kUAOUYA4,月,001RB00001VTraTYAT,2026/03,2026-03-01,a00RB000024Ux4oYAC,a04RB00000kUAOUYA4,001RB00001VTraTYAT,2026-03-27
a03RB00001NsweyYAB,株式会社LIXIL住宅研究所 リノベーション推進室_2026/04,a04RB00000kUAOUYA4,月,001RB00001VTraTYAT,2026/04,2026-04-01,a00RB000024Ux4oYAC,a04RB00000kUAOUYA4,001RB00001VTraTYAT,2026-03-27
a03RB00001NswezYAB,株式会社LIXIL住宅研究所 リノベーション推進室_2026/05,a04RB00000kUAOUYA4,月,001RB00001VTraTYAT,2026/05,2026-05-01,a00RB000024Ux4oYAC,a04RB00000kUAOUYA4,001RB00001VTraTYAT,2026-03-27
a03RB00001Nswf0YAB,三菱地所株式会社(DX推進部)_2025/10,a04RB00000kUAOVYA4,月,001RB00001VTqeCYAT,2025/10,2025-10-01,,,,
a03RB00001Nswf1YAB,三菱地所株式会社(DX推進部)_2025/11,a04RB00000kUAOVYA4,月,001RB00001VTqeCYAT,2025/11,2025-11-01,,,,
a03RB00001Nswf2YAB,三菱地所株式会社(DX推進部)_2025/12,a04RB00000kUAOVYA4,月,001RB00001VTqeCYAT,2025/12,2025-12-01,,,,
a03RB00001Nswf3YAB,三菱地所株式会社(DX推進部)_2026/01,a04RB00000kUAOVYA4,月,001RB00001VTqeCYAT,2026/01,2026-01-01,,,,
a03RB00001Nswf4YAB,三菱地所株式会社(DX推進部)_2026/02,a04RB00000kUAOVYA4,月,001RB00001VTqeCYAT,2026/02,2026-02-01,,,,
a03RB00001Nswf5YAB,三菱地所株式会社(DX推進部)_2026/03,a04RB00000kUAOVYA4,月,001RB00001VTqeCYAT,2026/03,2026-03-01,,,,
a03RB00001Nswf6YAB,三菱地所株式会社(DX推進部)_2026/04,a04RB00000kUAOVYA4,月,001RB00001VTqeCYAT,2026/04,2026-04-01,,,,
a03RB00001Nswf7YAB,三菱地所株式会社(DX推進部)_2026/05,a04RB00000kUAOVYA4,月,001RB00001VTqeCYAT,2026/05,2026-05-01,,,,
a03RB00001Nswf8YAB,株式会社コスモスイニシア デジタル推進部門_2025/10,a04RB00000kUAOWYA4,月,001RB00001VTqgBYAT,2025/10,2025-10-01,,,,
a03RB00001Nswf9YAB,株式会社コスモスイニシア デジタル推進部門_2025/11,a04RB00000kUAOWYA4,月,001RB00001VTqgBYAT,2025/11,2025-11-01,,,,
a03RB00001NswfAYAR,株式会社コスモスイニシア デジタル推進部門_2025/12,a04RB00000kUAOWYA4,月,001RB00001VTqgBYAT,2025/12,2025-12-01,,,,
a03RB00001NswfBYAR,株式会社コスモスイニシア デジタル推進部門_2026/01,a04RB00000kUAOWYA4,月,001RB00001VTqgBYAT,2026/01,2026-01-01,,,,
a03RB00001NswfCYAR,株式会社コスモスイニシア デジタル推進部門_2026/02,a04RB00000kUAOWYA4,月,001RB00001VTqgBYAT,2026/02,2026-02-01,,,,
a03RB00001NswfDYAR,株式会社コスモスイニシア デジタル推進部門_2026/03,a04RB00000kUAOWYA4,月,001RB00001VTqgBYAT,2026/03,2026-03-01,,,,
a03RB00001NswfEYAR,株式会社コスモスイニシア 建築本部_2025/10,a04RB00000kUAOXYA4,月,001RB00001VTqgBYAT,2025/10,2025-10-01,,,,
a03RB00001NswfFYAR,株式会社コスモスイニシア 建築本部_2025/11,a04RB00000kUAOXYA4,月,001RB00001VTqgBYAT,2025/11,2025-11-01,,,,
a03RB00001NswfGYAR,株式会社コスモスイニシア 建築本部_2025/12,a04RB00000kUAOXYA4,月,001RB00001VTqgBYAT,2025/12,2025-12-01,,,,
a03RB00001NswfHYAR,株式会社コスモスイニシア 建築本部_2026/01,a04RB00000kUAOXYA4,月,001RB00001VTqgBYAT,2026/01,2026-01-01,,,,
a03RB00001NswfIYAR,株式会社コスモスイニシア 建築本部_2026/02,a04RB00000kUAOXYA4,月,001RB00001VTqgBYAT,2026/02,2026-02-01,,,,
a03RB00001NswfJYAR,株式会社コスモスイニシア 建築本部_2026/03,a04RB00000kUAOXYA4,月,001RB00001VTqgBYAT,2026/03,2026-03-01,,,,
a03RB00001NswfKYAR,株式会社コスモスイニシア 建築本部_2026/04,a04RB00000kUAOXYA4,月,001RB00001VTqgBYAT,2026/04,2026-04-01,,,,
a03RB00001NswfLYAR,株式会社コスモスイニシア 建築本部_2026/05,a04RB00000kUAOXYA4,月,001RB00001VTqgBYAT,2026/05,2026-05-01,,,,
a03RB00001NswfMYAR,株式会社コスモスイニシア 建築本部_2026/06,a04RB00000kUAOXYA4,月,001RB00001VTqgBYAT,2026/06,2026-06-01,,,,
a03RB00001NswfNYAR,株式会社コスモスイニシア 建築本部_2026/07,a04RB00000kUAOXYA4,月,001RB00001VTqgBYAT,2026/07,2026-07-01,,,,
a03RB00001NswfOYAR,株式会社コスモスイニシア 建築本部_2026/08,a04RB00000kUAOXYA4,月,001RB00001VTqgBYAT,2026/08,2026-08-01,,,,
a03RB00001NswfPYAR,株式会社コスモスイニシア 建築本部_2026/09,a04RB00000kUAOXYA4,月,001RB00001VTqgBYAT,2026/09,2026-09-01,,,,
a03RB00001NswfQYAR,株式会社コスモスイニシア 建築本部_2026/10,a04RB00000kUAOXYA4,月,001RB00001VTqgBYAT,2026/10,2026-10-01,,,,
a03RB00001NswfRYAR,株式会社コスモスイニシア 建築本部_2026/11,a04RB00000kUAOXYA4,月,001RB00001VTqgBYAT,2026/11,2026-11-01,,,,
a03RB00001NswfSYAR,株式会社コスモスイニシア 建築本部_2026/12,a04RB00000kUAOXYA4,月,001RB00001VTqgBYAT,2026/12,2026-12-01,,,,
a03RB00001NswfTYAR,株式会社コスモスイニシア 建築本部_2027/01,a04RB00000kUAOXYA4,月,001RB00001VTqgBYAT,2027/01,2027-01-01,,,,
a03RB00001NswfUYAR,株式会社コスモスイニシア 建築本部_2027/02,a04RB00000kUAOXYA4,月,001RB00001VTqgBYAT,2027/02,2027-02-01,,,,
a03RB00001NswfVYAR,株式会社コスモスイニシア 建築本部_2027/03,a04RB00000kUAOXYA4,月,001RB00001VTqgBYAT,2027/03,2027-03-01,,,,
a03RB00001NswfWYAR,株式会社コスモスイニシア 建築本部(セキュリティオプション年払い）_2026/04,a04RB00000kUAOYYA4,年,001RB00001VTqgBYAT,2026/04,2026-04-01,,,,
a03RB00001NswfXYAR,株式会社コスモスイニシア 建築本部(セキュリティオプション年払い）_2026/05,a04RB00000kUAOYYA4,年,001RB00001VTqgBYAT,2026/05,2026-05-01,,,,
a03RB00001NswfYYAR,株式会社コスモスイニシア 建築本部(セキュリティオプション年払い）_2026/06,a04RB00000kUAOYYA4,年,001RB00001VTqgBYAT,2026/06,2026-06-01,,,,
a03RB00001NswfZYAR,株式会社コスモスイニシア 建築本部(セキュリティオプション年払い）_2026/07,a04RB00000kUAOYYA4,年,001RB00001VTqgBYAT,2026/07,2026-07-01,,,,
a03RB00001NswfaYAB,株式会社コスモスイニシア 建築本部(セキュリティオプション年払い）_2026/08,a04RB00000kUAOYYA4,年,001RB00001VTqgBYAT,2026/08,2026-08-01,,,,
a03RB00001NswfbYAB,株式会社コスモスイニシア 建築本部(セキュリティオプション年払い）_2026/09,a04RB00000kUAOYYA4,年,001RB00001VTqgBYAT,2026/09,2026-09-01,,,,
a03RB00001NswfcYAB,株式会社コスモスイニシア 建築本部(セキュリティオプション年払い）_2026/10,a04RB00000kUAOYYA4,年,001RB00001VTqgBYAT,2026/10,2026-10-01,,,,
a03RB00001NswfdYAB,株式会社コスモスイニシア 建築本部(セキュリティオプション年払い）_2026/11,a04RB00000kUAOYYA4,年,001RB00001VTqgBYAT,2026/11,2026-11-01,,,,
a03RB00001NswfeYAB,株式会社コスモスイニシア 建築本部(セキュリティオプション年払い）_2026/12,a04RB00000kUAOYYA4,年,001RB00001VTqgBYAT,2026/12,2026-12-01,,,,
a03RB00001NswffYAB,株式会社コスモスイニシア 建築本部(セキュリティオプション年払い）_2027/01,a04RB00000kUAOYYA4,年,001RB00001VTqgBYAT,2027/01,2027-01-01,,,,
a03RB00001NswfgYAB,株式会社コスモスイニシア 建築本部(セキュリティオプション年払い）_2027/02,a04RB00000kUAOYYA4,年,001RB00001VTqgBYAT,2027/02,2027-02-01,,,,
a03RB00001NswfhYAB,株式会社コスモスイニシア 建築本部(セキュリティオプション年払い）_2027/03,a04RB00000kUAOYYA4,年,001RB00001VTqgBYAT,2027/03,2027-03-01,,,,
a03RB00001NswfiYAB,株式会社コスモスイニシア 事業本部（流通事業）_2025/10,a04RB00000kUAOZYA4,年,001RB00001VTqgBYAT,2025/10,2025-10-01,,,,
a03RB00001NswfjYAB,株式会社コスモスイニシア 事業本部（流通事業）_2025/11,a04RB00000kUAOZYA4,年,001RB00001VTqgBYAT,2025/11,2025-11-01,,,,
a03RB00001NswfkYAB,株式会社コスモスイニシア 事業本部（流通事業）_2025/12,a04RB00000kUAOZYA4,年,001RB00001VTqgBYAT,2025/12,2025-12-01,,,,
a03RB00001NswflYAB,株式会社コスモスイニシア 事業本部（流通事業）_2026/01,a04RB00000kUAOZYA4,年,001RB00001VTqgBYAT,2026/01,2026-01-01,,,,
a03RB00001NswfmYAB,株式会社コスモスイニシア 事業本部（流通事業）_2026/02,a04RB00000kUAOZYA4,年,001RB00001VTqgBYAT,2026/02,2026-02-01,,,,
a03RB00001NswfnYAB,株式会社コスモスイニシア 事業本部（流通事業）_2026/03,a04RB00000kUAOZYA4,年,001RB00001VTqgBYAT,2026/03,2026-03-01,,,,
a03RB00001NswfoYAB,株式会社コスモスイニシア 事業本部（流通事業）_2026/04,a04RB00000kUAOZYA4,年,001RB00001VTqgBYAT,2026/04,2026-04-01,,,,
a03RB00001NswfpYAB,株式会社コスモスイニシア 事業本部（流通事業）_2026/05,a04RB00000kUAOZYA4,年,001RB00001VTqgBYAT,2026/05,2026-05-01,,,,
a03RB00001NswfqYAB,株式会社コスモスイニシア 事業本部（流通事業）_2026/06,a04RB00000kUAOZYA4,年,001RB00001VTqgBYAT,2026/06,2026-06-01,,,,
a03RB00001NswfrYAB,株式会社コスモスイニシア 事業本部（流通事業）_2026/07,a04RB00000kUAOZYA4,年,001RB00001VTqgBYAT,2026/07,2026-07-01,,,,
a03RB00001NswfsYAB,株式会社コスモスイニシア 事業本部（流通事業）_2026/08,a04RB00000kUAOZYA4,年,001RB00001VTqgBYAT,2026/08,2026-08-01,,,,
a03RB00001NswftYAB,株式会社コスモスイニシア 事業本部（流通事業）_2026/09,a04RB00000kUAOZYA4,年,001RB00001VTqgBYAT,2026/09,2026-09-01,,,,
a03RB00001NswfuYAB,株式会社コスモスイニシア 事業本部（流通事業）_2026/10,a04RB00000kUAOZYA4,年,001RB00001VTqgBYAT,2026/10,2026-10-01,,,,
a03RB00001NswfvYAB,株式会社コスモスイニシア 事業本部（流通事業）_2026/11,a04RB00000kUAOZYA4,年,001RB00001VTqgBYAT,2026/11,2026-11-01,,,,
a03RB00001NswfwYAB,株式会社コスモスイニシア 事業本部（流通事業）_2026/12,a04RB00000kUAOZYA4,年,001RB00001VTqgBYAT,2026/12,2026-12-01,,,,
a03RB00001NswfxYAB,株式会社コスモスイニシア 事業本部（流通事業）_2027/01,a04RB00000kUAOZYA4,年,001RB00001VTqgBYAT,2027/01,2027-01-01,,,,
a03RB00001NswfyYAB,株式会社コスモスイニシア 事業本部（流通事業）_2027/02,a04RB00000kUAOZYA4,年,001RB00001VTqgBYAT,2027/02,2027-02-01,,,,
a03RB00001NswfzYAB,株式会社コスモスイニシア 事業本部（流通事業）_2027/03,a04RB00000kUAOZYA4,年,001RB00001VTqgBYAT,2027/03,2027-03-01,,,,
a03RB00001Nswg0YAB,株式会社コスモスイニシア 流通事業部(セキュリティオプション年払い）_2026/04,a04RB00000kUAOaYAO,年,001RB00001VTqgBYAT,2026/04,2026-04-01,,,,
a03RB00001Nswg1YAB,株式会社コスモスイニシア 流通事業部(セキュリティオプション年払い）_2026/05,a04RB00000kUAOaYAO,年,001RB00001VTqgBYAT,2026/05,2026-05-01,,,,
a03RB00001Nswg2YAB,株式会社コスモスイニシア 流通事業部(セキュリティオプション年払い）_2026/06,a04RB00000kUAOaYAO,年,001RB00001VTqgBYAT,2026/06,2026-06-01,,,,
a03RB00001Nswg3YAB,株式会社コスモスイニシア 流通事業部(セキュリティオプション年払い）_2026/07,a04RB00000kUAOaYAO,年,001RB00001VTqgBYAT,2026/07,2026-07-01,,,,
a03RB00001Nswg4YAB,株式会社コスモスイニシア 流通事業部(セキュリティオプション年払い）_2026/08,a04RB00000kUAOaYAO,年,001RB00001VTqgBYAT,2026/08,2026-08-01,,,,
a03RB00001Nswg5YAB,株式会社コスモスイニシア 流通事業部(セキュリティオプション年払い）_2026/09,a04RB00000kUAOaYAO,年,001RB00001VTqgBYAT,2026/09,2026-09-01,,,,
a03RB00001Nswg6YAB,株式会社コスモスイニシア 流通事業部(セキュリティオプション年払い）_2026/10,a04RB00000kUAOaYAO,年,001RB00001VTqgBYAT,2026/10,2026-10-01,,,,
a03RB00001Nswg7YAB,株式会社コスモスイニシア 流通事業部(セキュリティオプション年払い）_2026/11,a04RB00000kUAOaYAO,年,001RB00001VTqgBYAT,2026/11,2026-11-01,,,,
a03RB00001Nswg8YAB,株式会社コスモスイニシア 流通事業部(セキュリティオプション年払い）_2026/12,a04RB00000kUAOaYAO,年,001RB00001VTqgBYAT,2026/12,2026-12-01,,,,
a03RB00001Nswg9YAB,株式会社コスモスイニシア 流通事業部(セキュリティオプション年払い）_2027/01,a04RB00000kUAOaYAO,年,001RB00001VTqgBYAT,2027/01,2027-01-01,,,,
a03RB00001NswgAYAR,株式会社コスモスイニシア 流通事業部(セキュリティオプション年払い）_2027/02,a04RB00000kUAOaYAO,年,001RB00001VTqgBYAT,2027/02,2027-02-01,,,,
a03RB00001NswgBYAR,株式会社コスモスイニシア 流通事業部(セキュリティオプション年払い）_2027/03,a04RB00000kUAOaYAO,年,001RB00001VTqgBYAT,2027/03,2027-03-01,,,,
a03RB00001NswgCYAR,大塚商会（大和財宅）_2025/09,a04RB00000kUAObYAO,年,001RB00001VTqleYAD,2025/09,2025-09-01,a00RB00002B5oLLYAZ,a04RB00000kUAObYAO,001RB00001VTqleYAD,2026-07-20
a03RB00001NswgDYAR,大塚商会（大和財宅）_2025/10,a04RB00000kUAObYAO,年,001RB00001VTqleYAD,2025/10,2025-10-01,a00RB00002B5oLLYAZ,a04RB00000kUAObYAO,001RB00001VTqleYAD,2026-07-20
a03RB00001NswgEYAR,大塚商会（大和財宅）_2025/11,a04RB00000kUAObYAO,年,001RB00001VTqleYAD,2025/11,2025-11-01,a00RB00002B5oLLYAZ,a04RB00000kUAObYAO,001RB00001VTqleYAD,2026-07-20
a03RB00001NswgFYAR,大塚商会（大和財宅）_2025/12,a04RB00000kUAObYAO,年,001RB00001VTqleYAD,2025/12,2025-12-01,a00RB00002B5oLLYAZ,a04RB00000kUAObYAO,001RB00001VTqleYAD,2026-07-20
a03RB00001NswgGYAR,大塚商会（大和財宅）_2026/01,a04RB00000kUAObYAO,年,001RB00001VTqleYAD,2026/01,2026-01-01,a00RB00002B5oLLYAZ,a04RB00000kUAObYAO,001RB00001VTqleYAD,2026-07-20
a03RB00001NswgHYAR,大塚商会（大和財宅）_2026/02,a04RB00000kUAObYAO,年,001RB00001VTqleYAD,2026/02,2026-02-01,a00RB00002B5oLLYAZ,a04RB00000kUAObYAO,001RB00001VTqleYAD,2026-07-20
a03RB00001NswgIYAR,大塚商会（大和財宅）_2026/03,a04RB00000kUAObYAO,年,001RB00001VTqleYAD,2026/03,2026-03-01,a00RB00002B5oLLYAZ,a04RB00000kUAObYAO,001RB00001VTqleYAD,2026-07-20
a03RB00001NswgJYAR,大塚商会（大和財宅）_2026/04,a04RB00000kUAObYAO,年,001RB00001VTqleYAD,2026/04,2026-04-01,a00RB00002B5oLLYAZ,a04RB00000kUAObYAO,001RB00001VTqleYAD,2026-07-20
a03RB00001NswgKYAR,大塚商会（大和財宅）_2026/05,a04RB00000kUAObYAO,年,001RB00001VTqleYAD,2026/05,2026-05-01,a00RB00002B5oLLYAZ,a04RB00000kUAObYAO,001RB00001VTqleYAD,2026-07-20
a03RB00001NswgLYAR,大塚商会（大和財宅）_2026/06,a04RB00000kUAObYAO,年,001RB00001VTqleYAD,2026/06,2026-06-01,a00RB00002B5oLLYAZ,a04RB00000kUAObYAO,001RB00001VTqleYAD,2026-07-20
a03RB00001NswgMYAR,大塚商会（大和財宅）_2026/07,a04RB00000kUAObYAO,年,001RB00001VTqleYAD,2026/07,2026-07-01,a00RB00002B5oLLYAZ,a04RB00000kUAObYAO,001RB00001VTqleYAD,2026-07-20
a03RB00001NswgNYAR,大塚商会（大和財宅）_2026/08,a04RB00000kUAObYAO,年,001RB00001VTqleYAD,2026/08,2026-08-01,a00RB00002B5oLLYAZ,a04RB00000kUAObYAO,001RB00001VTqleYAD,2026-07-20
a03RB00001NswgOYAR,株式会社アットオフィス デザイン企画部_2025/10,a04RB00000kUAOcYAO,月,001RB00001VTqlgYAD,2025/10,2025-10-01,,,,
a03RB00001NswgPYAR,株式会社アットオフィス デザイン企画部_2025/11,a04RB00000kUAOcYAO,月,001RB00001VTqlgYAD,2025/11,2025-11-01,,,,
a03RB00001NswgQYAR,株式会社アットオフィス デザイン企画部_2025/12,a04RB00000kUAOcYAO,月,001RB00001VTqlgYAD,2025/12,2025-12-01,,,,
a03RB00001NswgRYAR,株式会社アットオフィス デザイン企画部_2026/01,a04RB00000kUAOcYAO,月,001RB00001VTqlgYAD,2026/01,2026-01-01,,,,
a03RB00001NswgSYAR,生和コーポレーション株式会社_2025/11,a04RB00000kUAOdYAO,月,001RB00001VTqmcYAD,2025/11,2025-11-01,,,,
a03RB00001NswgTYAR,生和コーポレーション株式会社_2025/12,a04RB00000kUAOdYAO,月,001RB00001VTqmcYAD,2025/12,2025-12-01,,,,
a03RB00001NswgUYAR,生和コーポレーション株式会社_2026/01,a04RB00000kUAOdYAO,月,001RB00001VTqmcYAD,2026/01,2026-01-01,,,,
a03RB00001NswgVYAR,生和コーポレーション株式会社_2026/02,a04RB00000kUAOdYAO,月,001RB00001VTqmcYAD,2026/02,2026-02-01,,,,
a03RB00001NswgWYAR,生和コーポレーション株式会社_2026/03,a04RB00000kUAOdYAO,月,001RB00001VTqmcYAD,2026/03,2026-03-01,,,,
a03RB00001NswgXYAR,生和コーポレーション株式会社_2026/04,a04RB00000kUAOdYAO,月,001RB00001VTqmcYAD,2026/04,2026-04-01,,,,
a03RB00001NswgYYAR,西日本旅客鉄道株式会社 金沢支社 金沢建築区_2025/11,a04RB00000kUAOeYAO,月,001RB00001VTqaZYAT,2025/11,2025-11-01,,,,
a03RB00001NswgZYAR,西日本旅客鉄道株式会社 金沢支社 金沢建築区_2025/12,a04RB00000kUAOeYAO,月,001RB00001VTqaZYAT,2025/12,2025-12-01,,,,
a03RB00001NswgaYAB,西日本旅客鉄道株式会社 金沢支社 金沢建築区_2026/01,a04RB00000kUAOeYAO,月,001RB00001VTqaZYAT,2026/01,2026-01-01,,,,
a03RB00001NswgbYAB,西日本旅客鉄道株式会社 金沢支社 金沢建築区_2026/02,a04RB00000kUAOeYAO,月,001RB00001VTqaZYAT,2026/02,2026-02-01,,,,
a03RB00001NswgcYAB,西日本旅客鉄道株式会社 金沢支社 金沢建築区_2026/03,a04RB00000kUAOeYAO,月,001RB00001VTqaZYAT,2026/03,2026-03-01,,,,
a03RB00001NswgdYAB,株式会社三越伊勢丹プロパティデザイン_2026/01,a04RB00000kUAOfYAO,月,001RB00001VTqxsYAD,2026/01,2026-01-01,a00RB000024Vf29YAC,a04RB00000kUAOfYAO,001RB00001VTqxsYAD,2026-06-20
a03RB00001NswgeYAB,株式会社三越伊勢丹プロパティデザイン_2026/02,a04RB00000kUAOfYAO,月,001RB00001VTqxsYAD,2026/02,2026-02-01,a00RB000024Vf29YAC,a04RB00000kUAOfYAO,001RB00001VTqxsYAD,2026-06-20
a03RB00001NswgfYAB,株式会社三越伊勢丹プロパティデザイン_2026/03,a04RB00000kUAOfYAO,月,001RB00001VTqxsYAD,2026/03,2026-03-01,a00RB000024Vf29YAC,a04RB00000kUAOfYAO,001RB00001VTqxsYAD,2026-06-20
a03RB00001NswggYAB,株式会社三越伊勢丹プロパティデザイン_2026/04,a04RB00000kUAOfYAO,月,001RB00001VTqxsYAD,2026/04,2026-04-01,a00RB000024Vf29YAC,a04RB00000kUAOfYAO,001RB00001VTqxsYAD,2026-06-20
a03RB00001NswghYAB,株式会社三越伊勢丹プロパティデザイン_2026/05,a04RB00000kUAOfYAO,月,001RB00001VTqxsYAD,2026/05,2026-05-01,a00RB000024Vf29YAC,a04RB00000kUAOfYAO,001RB00001VTqxsYAD,2026-06-20
a03RB00001NswgiYAB,株式会社三越伊勢丹プロパティデザイン_2026/06,a04RB00000kUAOfYAO,月,001RB00001VTqxsYAD,2026/06,2026-06-01,a00RB000024Vf29YAC,a04RB00000kUAOfYAO,001RB00001VTqxsYAD,2026-06-20
a03RB00001NswgjYAB,豊通ファシリティーズ株式会社 建築・設計部_2026/01,a04RB00000kUAOgYAO,月,001RB00001VTqy1YAD,2026/01,2026-01-01,a00RB00002Am2BPYAZ,a04RB00000kUAOgYAO,001RB00001VTqy1YAD,2026-07-20
a03RB00001NswgkYAB,豊通ファシリティーズ株式会社 建築・設計部_2026/02,a04RB00000kUAOgYAO,月,001RB00001VTqy1YAD,2026/02,2026-02-01,a00RB00002Am2BPYAZ,a04RB00000kUAOgYAO,001RB00001VTqy1YAD,2026-07-20
a03RB00001NswglYAB,豊通ファシリティーズ株式会社 建築・設計部_2026/03,a04RB00000kUAOgYAO,月,001RB00001VTqy1YAD,2026/03,2026-03-01,a00RB00002Am2BPYAZ,a04RB00000kUAOgYAO,001RB00001VTqy1YAD,2026-07-20
a03RB00001NswgmYAB,豊通ファシリティーズ株式会社 建築・設計部_2026/04,a04RB00000kUAOgYAO,月,001RB00001VTqy1YAD,2026/04,2026-04-01,a00RB00002Am2BPYAZ,a04RB00000kUAOgYAO,001RB00001VTqy1YAD,2026-07-20
a03RB00001NswgnYAB,豊通ファシリティーズ株式会社 建築・設計部_2026/05,a04RB00000kUAOgYAO,月,001RB00001VTqy1YAD,2026/05,2026-05-01,a00RB00002Am2BPYAZ,a04RB00000kUAOgYAO,001RB00001VTqy1YAD,2026-07-20
a03RB00001NswgoYAB,豊通ファシリティーズ株式会社 建築・設計部_2026/06,a04RB00000kUAOgYAO,月,001RB00001VTqy1YAD,2026/06,2026-06-01,a00RB00002Am2BPYAZ,a04RB00000kUAOgYAO,001RB00001VTqy1YAD,2026-07-20
a03RB00001NswgpYAB,フロンヴィルホームズ名古屋株式会社_2026/03,a04RB00000kUAOhYAO,月,001RB00001VTr0hYAD,2026/03,2026-03-01,a00RB00002Am2BRYAZ,a04RB00000kUAOhYAO,001RB00001VTr0hYAD,2026-07-20
a03RB00001NswgqYAB,フロンヴィルホームズ名古屋株式会社_2026/04,a04RB00000kUAOhYAO,月,001RB00001VTr0hYAD,2026/04,2026-04-01,a00RB00002Am2BRYAZ,a04RB00000kUAOhYAO,001RB00001VTr0hYAD,2026-07-20
a03RB00001NswgrYAB,フロンヴィルホームズ名古屋株式会社_2026/05,a04RB00000kUAOhYAO,月,001RB00001VTr0hYAD,2026/05,2026-05-01,a00RB00002Am2BRYAZ,a04RB00000kUAOhYAO,001RB00001VTr0hYAD,2026-07-20
a03RB00001NswgsYAB,フロンヴィルホームズ名古屋株式会社_2026/08,a04RB00000kUAOhYAO,月,001RB00001VTr0hYAD,2026/08,2026-08-01,a00RB00002Am2BRYAZ,a04RB00000kUAOhYAO,001RB00001VTr0hYAD,2026-07-20
a03RB00001NswgtYAB,大東建託株式会社 商品開発部_2026/01,a04RB00000kUAOiYAO,年,001RB00001VTruMYAT,2026/01,2026-01-01,,,,
a03RB00001NswguYAB,大東建託株式会社 商品開発部_2026/02,a04RB00000kUAOiYAO,年,001RB00001VTruMYAT,2026/02,2026-02-01,,,,
a03RB00001NswgvYAB,大東建託株式会社 商品開発部_2026/03,a04RB00000kUAOiYAO,年,001RB00001VTruMYAT,2026/03,2026-03-01,,,,
a03RB00001NswgwYAB,大東建託株式会社 商品開発部_2026/04,a04RB00000kUAOiYAO,年,001RB00001VTruMYAT,2026/04,2026-04-01,,,,
a03RB00001NswgxYAB,大東建託株式会社 商品開発部_2026/05,a04RB00000kUAOiYAO,年,001RB00001VTruMYAT,2026/05,2026-05-01,,,,
a03RB00001NswgyYAB,大東建託株式会社 商品開発部_2026/06,a04RB00000kUAOiYAO,年,001RB00001VTruMYAT,2026/06,2026-06-01,,,,
a03RB00001NswgzYAB,大東建託株式会社 商品開発部_2026/07,a04RB00000kUAOiYAO,年,001RB00001VTruMYAT,2026/07,2026-07-01,,,,
a03RB00001Nswh0YAB,大東建託株式会社 商品開発部_2026/08,a04RB00000kUAOiYAO,年,001RB00001VTruMYAT,2026/08,2026-08-01,,,,
a03RB00001Nswh1YAB,大東建託株式会社 商品開発部_2026/09,a04RB00000kUAOiYAO,年,001RB00001VTruMYAT,2026/09,2026-09-01,,,,
a03RB00001Nswh2YAB,大東建託株式会社 商品開発部_2026/10,a04RB00000kUAOiYAO,年,001RB00001VTruMYAT,2026/10,2026-10-01,,,,
a03RB00001Nswh3YAB,大東建託株式会社 商品開発部_2026/11,a04RB00000kUAOiYAO,年,001RB00001VTruMYAT,2026/11,2026-11-01,,,,
a03RB00001Nswh4YAB,大東建託株式会社 商品開発部_2026/12,a04RB00000kUAOiYAO,年,001RB00001VTruMYAT,2026/12,2026-12-01,,,,
a03RB00001Nswh5YAB,三菱地所レジデンス株式会社_2026/01,a04RB00000kUAOjYAO,月,001RB00001VTqf7YAD,2026/01,2026-01-01,a00RB00002B4i4HYAR,a04RB00000kUAOjYAO,001RB00001VTqf7YAD,2026-07-20
a03RB00001Nswh6YAB,三菱地所レジデンス株式会社_2026/02,a04RB00000kUAOjYAO,月,001RB00001VTqf7YAD,2026/02,2026-02-01,a00RB00002B4i4HYAR,a04RB00000kUAOjYAO,001RB00001VTqf7YAD,2026-07-20
a03RB00001Nswh7YAB,三菱地所レジデンス株式会社_2026/03,a04RB00000kUAOjYAO,月,001RB00001VTqf7YAD,2026/03,2026-03-01,a00RB00002B4i4HYAR,a04RB00000kUAOjYAO,001RB00001VTqf7YAD,2026-07-20
a03RB00001Nswh8YAB,三菱地所レジデンス株式会社_2026/04,a04RB00000kUAOjYAO,月,001RB00001VTqf7YAD,2026/04,2026-04-01,a00RB00002B4i4HYAR,a04RB00000kUAOjYAO,001RB00001VTqf7YAD,2026-07-20
a03RB00001Nswh9YAB,三菱地所レジデンス株式会社_2026/05,a04RB00000kUAOjYAO,月,001RB00001VTqf7YAD,2026/05,2026-05-01,a00RB00002B4i4HYAR,a04RB00000kUAOjYAO,001RB00001VTqf7YAD,2026-07-20
a03RB00001NswhAYAR,三菱地所レジデンス株式会社_2026/06,a04RB00000kUAOjYAO,月,001RB00001VTqf7YAD,2026/06,2026-06-01,a00RB00002B4i4HYAR,a04RB00000kUAOjYAO,001RB00001VTqf7YAD,2026-07-20
a03RB00001NswhBYAR,三菱地所レジデンス株式会社_2026/08,a04RB00000kUAOjYAO,月,001RB00001VTqf7YAD,2026/08,2026-08-01,a00RB00002B4i4HYAR,a04RB00000kUAOjYAO,001RB00001VTqf7YAD,2026-07-20
a03RB00001NswhCYAR,株式会社石勝エクステリア_2025/10,a04RB00000kUAOkYAO,年,001RB00001VTqnMYAT,2025/10,2025-10-01,,,,
a03RB00001NswhDYAR,株式会社石勝エクステリア_2025/11,a04RB00000kUAOkYAO,年,001RB00001VTqnMYAT,2025/11,2025-11-01,,,,
a03RB00001NswhEYAR,株式会社石勝エクステリア_2025/12,a04RB00000kUAOkYAO,年,001RB00001VTqnMYAT,2025/12,2025-12-01,,,,
a03RB00001NswhFYAR,株式会社石勝エクステリア_2026/01,a04RB00000kUAOkYAO,年,001RB00001VTqnMYAT,2026/01,2026-01-01,,,,
a03RB00001NswhGYAR,株式会社石勝エクステリア_2026/02,a04RB00000kUAOkYAO,年,001RB00001VTqnMYAT,2026/02,2026-02-01,,,,
a03RB00001NswhHYAR,株式会社石勝エクステリア_2026/03,a04RB00000kUAOkYAO,年,001RB00001VTqnMYAT,2026/03,2026-03-01,,,,
a03RB00001NswhIYAR,株式会社石勝エクステリア_2026/04,a04RB00000kUAOkYAO,年,001RB00001VTqnMYAT,2026/04,2026-04-01,,,,
a03RB00001NswhJYAR,株式会社石勝エクステリア_2026/05,a04RB00000kUAOkYAO,年,001RB00001VTqnMYAT,2026/05,2026-05-01,,,,
a03RB00001NswhKYAR,株式会社石勝エクステリア_2026/06,a04RB00000kUAOkYAO,年,001RB00001VTqnMYAT,2026/06,2026-06-01,,,,
a03RB00001NswhLYAR,株式会社石勝エクステリア_2026/07,a04RB00000kUAOkYAO,年,001RB00001VTqnMYAT,2026/07,2026-07-01,,,,
a03RB00001NswhMYAR,株式会社石勝エクステリア_2026/08,a04RB00000kUAOkYAO,年,001RB00001VTqnMYAT,2026/08,2026-08-01,,,,
a03RB00001NswhNYAR,株式会社石勝エクステリア_2026/09,a04RB00000kUAOkYAO,年,001RB00001VTqnMYAT,2026/09,2026-09-01,,,,
a03RB00001NswhOYAR,株式会社石勝エクステリア_2026/10,a04RB00000kUAOkYAO,年,001RB00001VTqnMYAT,2026/10,2026-10-01,,,,
a03RB00001NswhPYAR,株式会社石勝エクステリア_2026/11,a04RB00000kUAOkYAO,年,001RB00001VTqnMYAT,2026/11,2026-11-01,,,,
a03RB00001NswhQYAR,株式会社石勝エクステリア_2026/12,a04RB00000kUAOkYAO,年,001RB00001VTqnMYAT,2026/12,2026-12-01,,,,
a03RB00001NswhRYAR,株式会社石勝エクステリア_2027/01,a04RB00000kUAOkYAO,年,001RB00001VTqnMYAT,2027/01,2027-01-01,,,,
a03RB00001NswhSYAR,株式会社石勝エクステリア_2027/02,a04RB00000kUAOkYAO,年,001RB00001VTqnMYAT,2027/02,2027-02-01,,,,
a03RB00001NswhTYAR,株式会社石勝エクステリア_2027/03,a04RB00000kUAOkYAO,年,001RB00001VTqnMYAT,2027/03,2027-03-01,,,,
a03RB00001NswhUYAR,株式会社フジタ（調達本部 インテリア・ソリューション統括部 インテリア部）_2026/02,a04RB00000kUAOlYAO,年,001RB00001VTrwFYAT,2026/02,2026-02-01,,,,
a03RB00001NswhVYAR,株式会社フジタ（調達本部 インテリア・ソリューション統括部 インテリア部）_2026/03,a04RB00000kUAOlYAO,年,001RB00001VTrwFYAT,2026/03,2026-03-01,,,,
a03RB00001NswhWYAR,株式会社フジタ（調達本部 インテリア・ソリューション統括部 インテリア部）_2026/04,a04RB00000kUAOlYAO,年,001RB00001VTrwFYAT,2026/04,2026-04-01,,,,
a03RB00001NswhXYAR,株式会社フジタ（調達本部 インテリア・ソリューション統括部 インテリア部）_2026/05,a04RB00000kUAOlYAO,年,001RB00001VTrwFYAT,2026/05,2026-05-01,,,,
a03RB00001NswhYYAR,株式会社フジタ（調達本部 インテリア・ソリューション統括部 インテリア部）_2026/06,a04RB00000kUAOlYAO,年,001RB00001VTrwFYAT,2026/06,2026-06-01,,,,
a03RB00001NswhZYAR,株式会社フジタ（調達本部 インテリア・ソリューション統括部 インテリア部）_2026/07,a04RB00000kUAOlYAO,年,001RB00001VTrwFYAT,2026/07,2026-07-01,,,,
a03RB00001NswhaYAB,株式会社フジタ（調達本部 インテリア・ソリューション統括部 インテリア部）_2026/08,a04RB00000kUAOlYAO,年,001RB00001VTrwFYAT,2026/08,2026-08-01,,,,
a03RB00001NswhbYAB,株式会社フジタ（調達本部 インテリア・ソリューション統括部 インテリア部）_2026/09,a04RB00000kUAOlYAO,年,001RB00001VTrwFYAT,2026/09,2026-09-01,,,,
a03RB00001NswhcYAB,株式会社フジタ（調達本部 インテリア・ソリューション統括部 インテリア部）_2026/10,a04RB00000kUAOlYAO,年,001RB00001VTrwFYAT,2026/10,2026-10-01,,,,
a03RB00001NswhdYAB,株式会社フジタ（調達本部 インテリア・ソリューション統括部 インテリア部）_2026/11,a04RB00000kUAOlYAO,年,001RB00001VTrwFYAT,2026/11,2026-11-01,,,,
a03RB00001NswheYAB,株式会社フジタ（調達本部 インテリア・ソリューション統括部 インテリア部）_2026/12,a04RB00000kUAOlYAO,年,001RB00001VTrwFYAT,2026/12,2026-12-01,,,,
a03RB00001NswhfYAB,株式会社フジタ（調達本部 インテリア・ソリューション統括部 インテリア部）_2027/01,a04RB00000kUAOlYAO,年,001RB00001VTrwFYAT,2027/01,2027-01-01,,,,
a03RB00001NswhgYAB,株式会社フジタ（調達本部 インテリア・ソリューション統括部 インテリア部）_2027/02,a04RB00000kUAOlYAO,年,001RB00001VTrwFYAT,2027/02,2027-02-01,,,,
a03RB00001NswhhYAB,株式会社フジタ（調達本部 インテリア・ソリューション統括部 インテリア部）_2027/03,a04RB00000kUAOlYAO,年,001RB00001VTrwFYAT,2027/03,2027-03-01,,,,
a03RB00001NswhiYAB,（三ヶ月のみ契約）前田建設工業株式会社_2026/01,a04RB00000kUAOmYAO,月,001RB00001VTrvVYAT,2026/01,2026-01-01,,,,
a03RB00001NswhjYAB,（三ヶ月のみ契約）前田建設工業株式会社_2026/02,a04RB00000kUAOmYAO,月,001RB00001VTrvVYAT,2026/02,2026-02-01,,,,
a03RB00001NswhkYAB,（三ヶ月のみ契約）前田建設工業株式会社_2026/03,a04RB00000kUAOmYAO,月,001RB00001VTrvVYAT,2026/03,2026-03-01,,,,
a03RB00001NswhlYAB,ジーク株式会社_2026/02,a04RB00000kUAOnYAO,年,001RB00001VTqsxYAD,2026/02,2026-02-01,a00RB00002Am2BgYAJ,a04RB00000kUAOnYAO,001RB00001VTqsxYAD,2026-07-20
a03RB00001NswhmYAB,ジーク株式会社_2026/03,a04RB00000kUAOnYAO,年,001RB00001VTqsxYAD,2026/03,2026-03-01,a00RB00002Am2BgYAJ,a04RB00000kUAOnYAO,001RB00001VTqsxYAD,2026-07-20
a03RB00001NswhnYAB,ジーク株式会社_2026/04,a04RB00000kUAOnYAO,年,001RB00001VTqsxYAD,2026/04,2026-04-01,a00RB00002Am2BgYAJ,a04RB00000kUAOnYAO,001RB00001VTqsxYAD,2026-07-20
a03RB00001NswhoYAB,ジーク株式会社_2026/05,a04RB00000kUAOnYAO,年,001RB00001VTqsxYAD,2026/05,2026-05-01,a00RB00002Am2BgYAJ,a04RB00000kUAOnYAO,001RB00001VTqsxYAD,2026-07-20
a03RB00001NswhpYAB,ジーク株式会社_2026/06,a04RB00000kUAOnYAO,年,001RB00001VTqsxYAD,2026/06,2026-06-01,a00RB00002Am2BgYAJ,a04RB00000kUAOnYAO,001RB00001VTqsxYAD,2026-07-20
a03RB00001NswhqYAB,ジーク株式会社_2026/07,a04RB00000kUAOnYAO,年,001RB00001VTqsxYAD,2026/07,2026-07-01,a00RB00002Am2BgYAJ,a04RB00000kUAOnYAO,001RB00001VTqsxYAD,2026-07-20
a03RB00001NswhrYAB,ジーク株式会社_2026/08,a04RB00000kUAOnYAO,年,001RB00001VTqsxYAD,2026/08,2026-08-01,a00RB00002Am2BgYAJ,a04RB00000kUAOnYAO,001RB00001VTqsxYAD,2026-07-20
a03RB00001NswhsYAB,ジーク株式会社_2026/09,a04RB00000kUAOnYAO,年,001RB00001VTqsxYAD,2026/09,2026-09-01,a00RB00002Am2BgYAJ,a04RB00000kUAOnYAO,001RB00001VTqsxYAD,2026-07-20
a03RB00001NswhtYAB,ジーク株式会社_2026/10,a04RB00000kUAOnYAO,年,001RB00001VTqsxYAD,2026/10,2026-10-01,a00RB00002Am2BgYAJ,a04RB00000kUAOnYAO,001RB00001VTqsxYAD,2026-07-20
a03RB00001NswhuYAB,ジーク株式会社_2026/11,a04RB00000kUAOnYAO,年,001RB00001VTqsxYAD,2026/11,2026-11-01,a00RB00002Am2BgYAJ,a04RB00000kUAOnYAO,001RB00001VTqsxYAD,2026-07-20
a03RB00001NswhvYAB,ジーク株式会社_2026/12,a04RB00000kUAOnYAO,年,001RB00001VTqsxYAD,2026/12,2026-12-01,a00RB00002Am2BgYAJ,a04RB00000kUAOnYAO,001RB00001VTqsxYAD,2026-07-20
a03RB00001NswhwYAB,ジーク株式会社_2027/01,a04RB00000kUAOnYAO,年,001RB00001VTqsxYAD,2027/01,2027-01-01,a00RB00002Am2BgYAJ,a04RB00000kUAOnYAO,001RB00001VTqsxYAD,2026-07-20
a03RB00001NswhxYAB,株式会社アールシーコア_2026/01,a04RB00000kUAOoYAO,月,001RB00001VTqxQYAT,2026/01,2026-01-01,,,,
a03RB00001NswhyYAB,株式会社アールシーコア_2026/02,a04RB00000kUAOoYAO,月,001RB00001VTqxQYAT,2026/02,2026-02-01,,,,
a03RB00001NswhzYAB,株式会社アールシーコア_2026/04,a04RB00000kUAOoYAO,月,001RB00001VTqxQYAT,2026/04,2026-04-01,,,,
a03RB00001Nswi0YAB,株式会社アールシーコア_2026/05,a04RB00000kUAOoYAO,月,001RB00001VTqxQYAT,2026/05,2026-05-01,,,,
a03RB00001Nswi1YAB,株式会社錢高組_2026/02,a04RB00000kUAOpYAO,月,001RB00001VTqW8YAL,2026/02,2026-02-01,a00RB000024Vf2DYAS,a04RB00000kUAOpYAO,001RB00001VTqW8YAL,2026-06-20
a03RB00001Nswi2YAB,株式会社錢高組_2026/03,a04RB00000kUAOpYAO,月,001RB00001VTqW8YAL,2026/03,2026-03-01,a00RB000024Vf2DYAS,a04RB00000kUAOpYAO,001RB00001VTqW8YAL,2026-06-20
a03RB00001Nswi3YAB,株式会社錢高組_2026/04,a04RB00000kUAOpYAO,月,001RB00001VTqW8YAL,2026/04,2026-04-01,a00RB000024Vf2DYAS,a04RB00000kUAOpYAO,001RB00001VTqW8YAL,2026-06-20
a03RB00001Nswi4YAB,株式会社錢高組_2026/05,a04RB00000kUAOpYAO,月,001RB00001VTqW8YAL,2026/05,2026-05-01,a00RB000024Vf2DYAS,a04RB00000kUAOpYAO,001RB00001VTqW8YAL,2026-06-20
a03RB00001Nswi5YAB,日鉄興和不動産株式会社_2026/02,a04RB00000kUAOqYAO,年,001RB00001VTrnKYAT,2026/02,2026-02-01,a00RB00002B5oLFYAZ,a04RB00000kUAOqYAO,001RB00001VTrnKYAT,2026-05-20
a03RB00001Nswi6YAB,日鉄興和不動産株式会社_2026/03,a04RB00000kUAOqYAO,年,001RB00001VTrnKYAT,2026/03,2026-03-01,a00RB00002B5oLFYAZ,a04RB00000kUAOqYAO,001RB00001VTrnKYAT,2026-05-20
a03RB00001Nswi7YAB,日鉄興和不動産株式会社_2026/05,a04RB00000kUAOqYAO,年,001RB00001VTrnKYAT,2026/05,2026-05-01,a00RB00002B5oLFYAZ,a04RB00000kUAOqYAO,001RB00001VTrnKYAT,2026-05-20
a03RB00001Nswi8YAB,日鉄興和不動産株式会社_2026/06,a04RB00000kUAOqYAO,年,001RB00001VTrnKYAT,2026/06,2026-06-01,a00RB00002B5oLFYAZ,a04RB00000kUAOqYAO,001RB00001VTrnKYAT,2026-05-20
a03RB00001Nswi9YAB,日鉄興和不動産株式会社_2026/07,a04RB00000kUAOqYAO,年,001RB00001VTrnKYAT,2026/07,2026-07-01,a00RB00002B5oLFYAZ,a04RB00000kUAOqYAO,001RB00001VTrnKYAT,2026-05-20
a03RB00001NswiAYAR,日鉄興和不動産株式会社_2026/08,a04RB00000kUAOqYAO,年,001RB00001VTrnKYAT,2026/08,2026-08-01,a00RB00002B5oLFYAZ,a04RB00000kUAOqYAO,001RB00001VTrnKYAT,2026-05-20
a03RB00001NswiBYAR,日鉄興和不動産株式会社_2026/09,a04RB00000kUAOqYAO,年,001RB00001VTrnKYAT,2026/09,2026-09-01,a00RB00002B5oLFYAZ,a04RB00000kUAOqYAO,001RB00001VTrnKYAT,2026-05-20
a03RB00001NswiCYAR,日鉄興和不動産株式会社_2026/10,a04RB00000kUAOqYAO,年,001RB00001VTrnKYAT,2026/10,2026-10-01,a00RB00002B5oLFYAZ,a04RB00000kUAOqYAO,001RB00001VTrnKYAT,2026-05-20
a03RB00001NswiDYAR,日鉄興和不動産株式会社_2026/11,a04RB00000kUAOqYAO,年,001RB00001VTrnKYAT,2026/11,2026-11-01,a00RB00002B5oLFYAZ,a04RB00000kUAOqYAO,001RB00001VTrnKYAT,2026-05-20
a03RB00001NswiEYAR,日鉄興和不動産株式会社_2026/12,a04RB00000kUAOqYAO,年,001RB00001VTrnKYAT,2026/12,2026-12-01,a00RB00002B5oLFYAZ,a04RB00000kUAOqYAO,001RB00001VTrnKYAT,2026-05-20
a03RB00001NswiFYAR,日鉄興和不動産株式会社_2027/01,a04RB00000kUAOqYAO,年,001RB00001VTrnKYAT,2027/01,2027-01-01,a00RB00002B5oLFYAZ,a04RB00000kUAOqYAO,001RB00001VTrnKYAT,2026-05-20
a03RB00001NswiGYAR,日鉄興和不動産株式会社_2027/02,a04RB00000kUAOqYAO,年,001RB00001VTrnKYAT,2027/02,2027-02-01,a00RB00002B5oLFYAZ,a04RB00000kUAOqYAO,001RB00001VTrnKYAT,2026-05-20
a03RB00001NswiHYAR,日鉄興和不動産株式会社_2027/03,a04RB00000kUAOqYAO,年,001RB00001VTrnKYAT,2027/03,2027-03-01,a00RB00002B5oLFYAZ,a04RB00000kUAOqYAO,001RB00001VTrnKYAT,2026-05-20
a03RB00001NswiIYAR,日鉄興和不動産株式会社_2027/04,a04RB00000kUAOqYAO,年,001RB00001VTrnKYAT,2027/04,2027-04-01,a00RB00002B5oLFYAZ,a04RB00000kUAOqYAO,001RB00001VTrnKYAT,2026-05-20
a03RB00001NswiJYAR,株式会社石勝エクステリア(シングルサインオン分）_2025/10,a04RB00000kUAOrYAO,年,001RB00001VTqnMYAT,2025/10,2025-10-01,,,,
a03RB00001NswiKYAR,株式会社石勝エクステリア(シングルサインオン分）_2025/11,a04RB00000kUAOrYAO,年,001RB00001VTqnMYAT,2025/11,2025-11-01,,,,
a03RB00001NswiLYAR,株式会社石勝エクステリア(シングルサインオン分）_2025/12,a04RB00000kUAOrYAO,年,001RB00001VTqnMYAT,2025/12,2025-12-01,,,,
a03RB00001NswiMYAR,株式会社石勝エクステリア(シングルサインオン分）_2026/01,a04RB00000kUAOrYAO,年,001RB00001VTqnMYAT,2026/01,2026-01-01,,,,
a03RB00001NswiNYAR,株式会社石勝エクステリア(シングルサインオン分）_2026/02,a04RB00000kUAOrYAO,年,001RB00001VTqnMYAT,2026/02,2026-02-01,,,,
a03RB00001NswiOYAR,株式会社石勝エクステリア(シングルサインオン分）_2026/03,a04RB00000kUAOrYAO,年,001RB00001VTqnMYAT,2026/03,2026-03-01,,,,
a03RB00001NswiPYAR,株式会社石勝エクステリア(シングルサインオン分）_2026/04,a04RB00000kUAOrYAO,年,001RB00001VTqnMYAT,2026/04,2026-04-01,,,,
a03RB00001NswiQYAR,株式会社石勝エクステリア(シングルサインオン分）_2026/05,a04RB00000kUAOrYAO,年,001RB00001VTqnMYAT,2026/05,2026-05-01,,,,
a03RB00001NswiRYAR,株式会社石勝エクステリア(シングルサインオン分）_2026/06,a04RB00000kUAOrYAO,年,001RB00001VTqnMYAT,2026/06,2026-06-01,,,,
a03RB00001NswiSYAR,株式会社石勝エクステリア(シングルサインオン分）_2026/07,a04RB00000kUAOrYAO,年,001RB00001VTqnMYAT,2026/07,2026-07-01,,,,
a03RB00001NswiTYAR,株式会社石勝エクステリア(シングルサインオン分）_2026/08,a04RB00000kUAOrYAO,年,001RB00001VTqnMYAT,2026/08,2026-08-01,,,,
a03RB00001NswiUYAR,株式会社石勝エクステリア(シングルサインオン分）_2026/09,a04RB00000kUAOrYAO,年,001RB00001VTqnMYAT,2026/09,2026-09-01,,,,
a03RB00001NswiVYAR,株式会社石勝エクステリア(シングルサインオン分）_2026/10,a04RB00000kUAOrYAO,年,001RB00001VTqnMYAT,2026/10,2026-10-01,,,,
a03RB00001NswiWYAR,株式会社石勝エクステリア(シングルサインオン分）_2026/11,a04RB00000kUAOrYAO,年,001RB00001VTqnMYAT,2026/11,2026-11-01,,,,
a03RB00001NswiXYAR,株式会社石勝エクステリア(シングルサインオン分）_2026/12,a04RB00000kUAOrYAO,年,001RB00001VTqnMYAT,2026/12,2026-12-01,,,,
a03RB00001NswiYYAR,株式会社石勝エクステリア(シングルサインオン分）_2027/01,a04RB00000kUAOrYAO,年,001RB00001VTqnMYAT,2027/01,2027-01-01,,,,
a03RB00001NswiZYAR,株式会社石勝エクステリア(シングルサインオン分）_2027/02,a04RB00000kUAOrYAO,年,001RB00001VTqnMYAT,2027/02,2027-02-01,,,,
a03RB00001NswiaYAB,株式会社石勝エクステリア(シングルサインオン分）_2027/03,a04RB00000kUAOrYAO,年,001RB00001VTqnMYAT,2027/03,2027-03-01,,,,
a03RB00001NswibYAB,株式会社アールシーコア(セキュリティオプション月額）_2026/01,a04RB00000kUAOsYAO,月,001RB00001VTqxQYAT,2026/01,2026-01-01,,,,
a03RB00001NswicYAB,株式会社アールシーコア(セキュリティオプション月額）_2026/02,a04RB00000kUAOsYAO,月,001RB00001VTqxQYAT,2026/02,2026-02-01,,,,
a03RB00001NswidYAB,株式会社アールシーコア(セキュリティオプション月額）_2026/03,a04RB00000kUAOsYAO,月,001RB00001VTqxQYAT,2026/03,2026-03-01,,,,
a03RB00001NswieYAB,株式会社アールシーコア(セキュリティオプション月額）_2026/04,a04RB00000kUAOsYAO,月,001RB00001VTqxQYAT,2026/04,2026-04-01,,,,
a03RB00001NswifYAB,株式会社アールシーコア(セキュリティオプション月額）_2026/05,a04RB00000kUAOsYAO,月,001RB00001VTqxQYAT,2026/05,2026-05-01,,,,
a03RB00001NswigYAB,Phantom株式会社_2026/02,a04RB00000kUAOtYAO,月,001RB00001VTrkRYAT,2026/02,2026-02-01,a00RB00002Am2BTYAZ,a04RB00000kUAOtYAO,001RB00001VTrkRYAT,2026-07-20
a03RB00001NswihYAB,Phantom株式会社_2026/03,a04RB00000kUAOtYAO,月,001RB00001VTrkRYAT,2026/03,2026-03-01,a00RB00002Am2BTYAZ,a04RB00000kUAOtYAO,001RB00001VTrkRYAT,2026-07-20
a03RB00001NswiiYAB,Phantom株式会社_2026/04,a04RB00000kUAOtYAO,月,001RB00001VTrkRYAT,2026/04,2026-04-01,a00RB00002Am2BTYAZ,a04RB00000kUAOtYAO,001RB00001VTrkRYAT,2026-07-20
a03RB00001NswijYAB,Phantom株式会社_2026/05,a04RB00000kUAOtYAO,月,001RB00001VTrkRYAT,2026/05,2026-05-01,a00RB00002Am2BTYAZ,a04RB00000kUAOtYAO,001RB00001VTrkRYAT,2026-07-20
a03RB00001NswikYAB,大東建託株式会社 流通設計部_2026/02,a04RB00000kUAOuYAO,月,001RB00001VTruMYAT,2026/02,2026-02-01,,,,
a03RB00001NswilYAB,野村不動産株式会社_2026/04,a04RB00000kUAOvYAO,月,001RB00001VTCYEYA5,2026/04,2026-04-01,,,,
a03RB00001NswimYAB,野村不動産株式会社_2026/05,a04RB00000kUAOvYAO,月,001RB00001VTCYEYA5,2026/05,2026-05-01,,,,
a03RB00001NswinYAB,野村不動産株式会社_2026/06,a04RB00000kUAOvYAO,月,001RB00001VTCYEYA5,2026/06,2026-06-01,,,,
a03RB00001NswioYAB,野村不動産株式会社（シングルサインオン分）_2026/04,a04RB00000kUAOwYAO,月,001RB00001VTCYEYA5,2026/04,2026-04-01,,,,
a03RB00001NswipYAB,野村不動産株式会社（シングルサインオン分）_2026/05,a04RB00000kUAOwYAO,月,001RB00001VTCYEYA5,2026/05,2026-05-01,,,,
a03RB00001NswiqYAB,野村不動産株式会社（シングルサインオン分）_2026/06,a04RB00000kUAOwYAO,月,001RB00001VTCYEYA5,2026/06,2026-06-01,,,,
a03RB00001NswirYAB,株式会社トーケン_2026/03,a04RB00000kUAOxYAO,年,001RB00001VTrHrYAL,2026/03,2026-03-01,,,,
a03RB00001NswisYAB,株式会社トーケン_2026/04,a04RB00000kUAOxYAO,年,001RB00001VTrHrYAL,2026/04,2026-04-01,,,,
a03RB00001NswitYAB,株式会社トーケン_2026/05,a04RB00000kUAOxYAO,年,001RB00001VTrHrYAL,2026/05,2026-05-01,,,,
a03RB00001NswiuYAB,株式会社トーケン_2026/06,a04RB00000kUAOxYAO,年,001RB00001VTrHrYAL,2026/06,2026-06-01,,,,
a03RB00001NswivYAB,株式会社トーケン_2026/07,a04RB00000kUAOxYAO,年,001RB00001VTrHrYAL,2026/07,2026-07-01,,,,
a03RB00001NswiwYAB,株式会社トーケン_2026/08,a04RB00000kUAOxYAO,年,001RB00001VTrHrYAL,2026/08,2026-08-01,,,,
a03RB00001NswixYAB,株式会社トーケン_2026/09,a04RB00000kUAOxYAO,年,001RB00001VTrHrYAL,2026/09,2026-09-01,,,,
a03RB00001NswiyYAB,株式会社トーケン_2026/10,a04RB00000kUAOxYAO,年,001RB00001VTrHrYAL,2026/10,2026-10-01,,,,
a03RB00001NswizYAB,株式会社トーケン_2026/11,a04RB00000kUAOxYAO,年,001RB00001VTrHrYAL,2026/11,2026-11-01,,,,
a03RB00001Nswj0YAB,株式会社トーケン_2026/12,a04RB00000kUAOxYAO,年,001RB00001VTrHrYAL,2026/12,2026-12-01,,,,
a03RB00001Nswj1YAB,株式会社トーケン_2027/01,a04RB00000kUAOxYAO,年,001RB00001VTrHrYAL,2027/01,2027-01-01,,,,
a03RB00001Nswj2YAB,株式会社トーケン_2027/02,a04RB00000kUAOxYAO,年,001RB00001VTrHrYAL,2027/02,2027-02-01,,,,
a03RB00001Nswj3YAB,花菱不動産株式会社_2026/04,a04RB00000kUAOyYAO,月,001RB00001VTrlBYAT,2026/04,2026-04-01,a00RB00002Am2BUYAZ,a04RB00000kUAOyYAO,001RB00001VTrlBYAT,2026-07-20
a03RB00001Nswj4YAB,花菱不動産株式会社_2026/05,a04RB00000kUAOyYAO,月,001RB00001VTrlBYAT,2026/05,2026-05-01,a00RB00002Am2BUYAZ,a04RB00000kUAOyYAO,001RB00001VTrlBYAT,2026-07-20
a03RB00001Nswj5YAB,コンチネンタルホーム株式会社_2026/04,a04RB00000kUAOzYAO,月,001RB00001VTqgHYAT,2026/04,2026-04-01,a00RB00002Am2AiYAJ,a04RB00000kUAOzYAO,001RB00001VTqgHYAT,2026-04-20
a03RB00001Nswj6YAB,コンチネンタルホーム株式会社_2026/05,a04RB00000kUAOzYAO,月,001RB00001VTqgHYAT,2026/05,2026-05-01,a00RB00002Am2AiYAJ,a04RB00000kUAOzYAO,001RB00001VTqgHYAT,2026-04-20
a03RB00001Nswj7YAB,柏井建設株式会社_2026/03,a04RB00000kUAP0YAO,月,001RB00001VTrI5YAL,2026/03,2026-03-01,a00RB000024Vf2IYAS,a04RB00000kUAP0YAO,001RB00001VTrI5YAL,2026-06-20
a03RB00001Nswj8YAB,柏井建設株式会社_2026/04,a04RB00000kUAP0YAO,月,001RB00001VTrI5YAL,2026/04,2026-04-01,a00RB000024Vf2IYAS,a04RB00000kUAP0YAO,001RB00001VTrI5YAL,2026-06-20
a03RB00001Nswj9YAB,柏井建設株式会社_2026/05,a04RB00000kUAP0YAO,月,001RB00001VTrI5YAL,2026/05,2026-05-01,a00RB000024Vf2IYAS,a04RB00000kUAP0YAO,001RB00001VTrI5YAL,2026-06-20
a03RB00001NswjAYAR,株式会社紀伊國屋書店_2026/04,a04RB00000kUAP1YAO,月,001RB00001VTrUSYA1,2026/04,2026-04-01,a00RB00002Am2BbYAJ,a04RB00000kUAP1YAO,001RB00001VTrUSYA1,2026-07-20
a03RB00001NswjBYAR,株式会社紀伊國屋書店_2026/05,a04RB00000kUAP1YAO,月,001RB00001VTrUSYA1,2026/05,2026-05-01,a00RB00002Am2BbYAJ,a04RB00000kUAP1YAO,001RB00001VTrUSYA1,2026-07-20
a03RB00001NswjCYAR,株式会社サンケイビル_2026/04,a04RB00000kUAP2YAO,年,001RB00001VTrvXYAT,2026/04,2026-04-01,,,,
a03RB00001NswjDYAR,株式会社サンケイビル_2026/05,a04RB00000kUAP2YAO,年,001RB00001VTrvXYAT,2026/05,2026-05-01,,,,
a03RB00001NswjEYAR,株式会社サンケイビル_2026/06,a04RB00000kUAP2YAO,年,001RB00001VTrvXYAT,2026/06,2026-06-01,,,,
a03RB00001NswjFYAR,株式会社サンケイビル_2026/07,a04RB00000kUAP2YAO,年,001RB00001VTrvXYAT,2026/07,2026-07-01,,,,
a03RB00001NswjGYAR,株式会社サンケイビル_2026/08,a04RB00000kUAP2YAO,年,001RB00001VTrvXYAT,2026/08,2026-08-01,,,,
a03RB00001NswjHYAR,株式会社サンケイビル_2026/09,a04RB00000kUAP2YAO,年,001RB00001VTrvXYAT,2026/09,2026-09-01,,,,
a03RB00001NswjIYAR,株式会社サンケイビル_2026/10,a04RB00000kUAP2YAO,年,001RB00001VTrvXYAT,2026/10,2026-10-01,,,,
a03RB00001NswjJYAR,株式会社サンケイビル_2026/11,a04RB00000kUAP2YAO,年,001RB00001VTrvXYAT,2026/11,2026-11-01,,,,
a03RB00001NswjKYAR,株式会社サンケイビル_2026/12,a04RB00000kUAP2YAO,年,001RB00001VTrvXYAT,2026/12,2026-12-01,,,,
a03RB00001NswjLYAR,株式会社サンケイビル_2027/01,a04RB00000kUAP2YAO,年,001RB00001VTrvXYAT,2027/01,2027-01-01,,,,
a03RB00001NswjMYAR,株式会社サンケイビル_2027/02,a04RB00000kUAP2YAO,年,001RB00001VTrvXYAT,2027/02,2027-02-01,,,,
a03RB00001NswjNYAR,株式会社サンケイビル_2027/03,a04RB00000kUAP2YAO,年,001RB00001VTrvXYAT,2027/03,2027-03-01,,,,
a03RB00001NswjOYAR,三井住友建設株式会社_2026/03,a04RB00000kUAP3YAO,月,001RB00001VTqeXYAT,2026/03,2026-03-01,a00RB00002Am2BVYAZ,a04RB00000kUAP3YAO,001RB00001VTqeXYAT,2026-07-20
a03RB00001NswjPYAR,三井住友建設株式会社_2026/04,a04RB00000kUAP3YAO,月,001RB00001VTqeXYAT,2026/04,2026-04-01,a00RB00002Am2BVYAZ,a04RB00000kUAP3YAO,001RB00001VTqeXYAT,2026-07-20
a03RB00001NswjQYAR,三井住友建設株式会社_2026/05,a04RB00000kUAP3YAO,月,001RB00001VTqeXYAT,2026/05,2026-05-01,a00RB00002Am2BVYAZ,a04RB00000kUAP3YAO,001RB00001VTqeXYAT,2026-07-20
a03RB00001NswjRYAR,Asplead株式会社_2026/04,a04RB00000kUAP4YAO,月,001RB00001VTqnvYAD,2026/04,2026-04-01,a00RB00002Am2BZYAZ,a04RB00000kUAP4YAO,001RB00001VTqnvYAD,2026-07-20
a03RB00001NswjSYAR,Asplead株式会社_2026/05,a04RB00000kUAP4YAO,月,001RB00001VTqnvYAD,2026/05,2026-05-01,a00RB00002Am2BZYAZ,a04RB00000kUAP4YAO,001RB00001VTqnvYAD,2026-07-20
a03RB00001NswjTYAR,スタイルテック総合計画_2026/04,a04RB00000kUAP5YAO,月,001RB00001VTrkbYAD,2026/04,2026-04-01,a00RB00002Am2BWYAZ,a04RB00000kUAP5YAO,001RB00001VTrkbYAD,2026-07-20
a03RB00001NswjUYAR,スタイルテック総合計画_2026/05,a04RB00000kUAP5YAO,月,001RB00001VTrkbYAD,2026/05,2026-05-01,a00RB00002Am2BWYAZ,a04RB00000kUAP5YAO,001RB00001VTrkbYAD,2026-07-20
a03RB00001NswjVYAR,株式会社ecoaハウス_2026/04,a04RB00000kUAP6YAO,月,001RB00001VTrlqYAD,2026/04,2026-04-01,a00RB00002Am2BXYAZ,a04RB00000kUAP6YAO,001RB00001VTrlqYAD,2026-07-20
a03RB00001NswjWYAR,株式会社ecoaハウス_2026/05,a04RB00000kUAP6YAO,月,001RB00001VTrlqYAD,2026/05,2026-05-01,a00RB00002Am2BXYAZ,a04RB00000kUAP6YAO,001RB00001VTrlqYAD,2026-07-20
a03RB00001NswjXYAR,株式会社ドムコス_2026/04,a04RB00000kUAP7YAO,月,001RB00001VTrqdYAD,2026/04,2026-04-01,a00RB00002Am2BYYAZ,a04RB00000kUAP7YAO,001RB00001VTrqdYAD,2026-07-20
a03RB00001NswjYYAR,株式会社ドムコス_2026/05,a04RB00000kUAP7YAO,月,001RB00001VTrqdYAD,2026/05,2026-05-01,a00RB00002Am2BYYAZ,a04RB00000kUAP7YAO,001RB00001VTrqdYAD,2026-07-20
a03RB00001NswjZYAR,近鉄不動産_2026/04,a04RB00000kUAP8YAO,月,001RB00001VTrvcYAD,2026/04,2026-04-01,,,,
a03RB00001NswjaYAB,近鉄不動産_2026/05,a04RB00000kUAP8YAO,月,001RB00001VTrvcYAD,2026/05,2026-05-01,,,,
a03RB00001NswjbYAB,近鉄不動産_2026/06,a04RB00000kUAP8YAO,月,001RB00001VTrvcYAD,2026/06,2026-06-01,,,,
a03RB00001NswjcYAB,近鉄不動産(セキュリティオプション月額）_2026/04,a04RB00000kUAP9YAO,月,001RB00001VTrvcYAD,2026/04,2026-04-01,,,,
a03RB00001NswjdYAB,近鉄不動産(セキュリティオプション月額）_2026/05,a04RB00000kUAP9YAO,月,001RB00001VTrvcYAD,2026/05,2026-05-01,,,,
a03RB00001NswjeYAB,フィールド・デザイン・アーキテクツ一級建築士事務所_2026/04,a04RB00000kUAPAYA4,月,001RB00001VTrqeYAD,2026/04,2026-04-01,a00RB00002Am2BaYAJ,a04RB00000kUAPAYA4,001RB00001VTrqeYAD,2026-07-20
a03RB00001NswjfYAB,フィールド・デザイン・アーキテクツ一級建築士事務所_2026/05,a04RB00000kUAPAYA4,月,001RB00001VTrqeYAD,2026/05,2026-05-01,a00RB00002Am2BaYAJ,a04RB00000kUAPAYA4,001RB00001VTrqeYAD,2026-07-20
a03RB00001NswjgYAB,株式会社ルミネ_2026/04,a04RB00000kUAPBYA4,月,001RB00001VTrYEYA1,2026/04,2026-04-01,a00RB00002Am2BdYAJ,a04RB00000kUAPBYA4,001RB00001VTrYEYA1,2026-07-20
a03RB00001NswjhYAB,株式会社ルミネ_2026/05,a04RB00000kUAPBYA4,月,001RB00001VTrYEYA1,2026/05,2026-05-01,a00RB00002Am2BdYAJ,a04RB00000kUAPBYA4,001RB00001VTrYEYA1,2026-07-20
a03RB00001NswjiYAB,株式会社フジタ BIM推進部_2026/04,a04RB00000kUAPCYA4,年,001RB00001VTrwFYAT,2026/04,2026-04-01,,,,
a03RB00001NswjjYAB,株式会社フジタ BIM推進部_2026/05,a04RB00000kUAPCYA4,年,001RB00001VTrwFYAT,2026/05,2026-05-01,,,,
a03RB00001NswjkYAB,株式会社フジタ BIM推進部_2026/06,a04RB00000kUAPCYA4,年,001RB00001VTrwFYAT,2026/06,2026-06-01,,,,
a03RB00001NswjlYAB,株式会社フジタ BIM推進部_2026/07,a04RB00000kUAPCYA4,年,001RB00001VTrwFYAT,2026/07,2026-07-01,,,,
a03RB00001NswjmYAB,株式会社フジタ BIM推進部_2026/08,a04RB00000kUAPCYA4,年,001RB00001VTrwFYAT,2026/08,2026-08-01,,,,
a03RB00001NswjnYAB,株式会社フジタ BIM推進部_2026/09,a04RB00000kUAPCYA4,年,001RB00001VTrwFYAT,2026/09,2026-09-01,,,,
a03RB00001NswjoYAB,株式会社フジタ BIM推進部_2026/10,a04RB00000kUAPCYA4,年,001RB00001VTrwFYAT,2026/10,2026-10-01,,,,
a03RB00001NswjpYAB,株式会社フジタ BIM推進部_2026/11,a04RB00000kUAPCYA4,年,001RB00001VTrwFYAT,2026/11,2026-11-01,,,,
a03RB00001NswjqYAB,株式会社フジタ BIM推進部_2026/12,a04RB00000kUAPCYA4,年,001RB00001VTrwFYAT,2026/12,2026-12-01,,,,
a03RB00001NswjrYAB,株式会社フジタ BIM推進部_2027/01,a04RB00000kUAPCYA4,年,001RB00001VTrwFYAT,2027/01,2027-01-01,,,,
a03RB00001NswjsYAB,株式会社フジタ BIM推進部_2027/02,a04RB00000kUAPCYA4,年,001RB00001VTrwFYAT,2027/02,2027-02-01,,,,
a03RB00001NswjtYAB,株式会社フジタ BIM推進部_2027/03,a04RB00000kUAPCYA4,年,001RB00001VTrwFYAT,2027/03,2027-03-01,,,,
a03RB00001NswjuYAB,株式会社フジタ 設計統括部_2026/04,a04RB00000kUAPDYA4,年,001RB00001VTrwFYAT,2026/04,2026-04-01,,,,
a03RB00001NswjvYAB,株式会社フジタ 設計統括部_2026/05,a04RB00000kUAPDYA4,年,001RB00001VTrwFYAT,2026/05,2026-05-01,,,,
a03RB00001NswjwYAB,株式会社フジタ 設計統括部_2026/06,a04RB00000kUAPDYA4,年,001RB00001VTrwFYAT,2026/06,2026-06-01,,,,
a03RB00001NswjxYAB,株式会社フジタ 設計統括部_2026/07,a04RB00000kUAPDYA4,年,001RB00001VTrwFYAT,2026/07,2026-07-01,,,,
a03RB00001NswjyYAB,株式会社フジタ 設計統括部_2026/08,a04RB00000kUAPDYA4,年,001RB00001VTrwFYAT,2026/08,2026-08-01,,,,
a03RB00001NswjzYAB,株式会社フジタ 設計統括部_2026/09,a04RB00000kUAPDYA4,年,001RB00001VTrwFYAT,2026/09,2026-09-01,,,,
a03RB00001Nswk0YAB,株式会社フジタ 設計統括部_2026/10,a04RB00000kUAPDYA4,年,001RB00001VTrwFYAT,2026/10,2026-10-01,,,,
a03RB00001Nswk1YAB,株式会社フジタ 設計統括部_2026/11,a04RB00000kUAPDYA4,年,001RB00001VTrwFYAT,2026/11,2026-11-01,,,,
a03RB00001Nswk2YAB,株式会社フジタ 設計統括部_2026/12,a04RB00000kUAPDYA4,年,001RB00001VTrwFYAT,2026/12,2026-12-01,,,,
a03RB00001Nswk3YAB,株式会社フジタ 設計統括部_2027/01,a04RB00000kUAPDYA4,年,001RB00001VTrwFYAT,2027/01,2027-01-01,,,,
a03RB00001Nswk4YAB,株式会社フジタ 設計統括部_2027/02,a04RB00000kUAPDYA4,年,001RB00001VTrwFYAT,2027/02,2027-02-01,,,,
a03RB00001Nswk5YAB,株式会社フジタ 設計統括部_2027/03,a04RB00000kUAPDYA4,年,001RB00001VTrwFYAT,2027/03,2027-03-01,,,,
a03RB00001Nswk6YAB,株式会社安井建築設計事務所_2026/04,a04RB00000kUAPEYA4,月,001RB00001VTqU8YAL,2026/04,2026-04-01,a00RB00002Am2BcYAJ,a04RB00000kUAPEYA4,001RB00001VTqU8YAL,2026-07-20
a03RB00001Nswk7YAB,株式会社安井建築設計事務所_2026/05,a04RB00000kUAPEYA4,月,001RB00001VTqU8YAL,2026/05,2026-05-01,a00RB00002Am2BcYAJ,a04RB00000kUAPEYA4,001RB00001VTqU8YAL,2026-07-20
a03RB00001Nswk8YAB,株式会社ジョイフル本田（Pro１アカウント）_2026/06,a04RB00000kUAPFYA4,月,001RB00001VTqkQYAT,2026/06,2026-06-01,a00RB00002Am2BfYAJ,a04RB00000kUAPFYA4,001RB00001VTqkQYAT,2026-07-20
a03RB00001Nswk9YAB,若築建設株式会社_2026/05,a04RB00000kUAPGYA4,年,001RB00001VTrmvYAD,2026/05,2026-05-01,a00RB00002B5oLGYAZ,a04RB00000kUAPGYA4,001RB00001VTrmvYAD,2026-05-20
a03RB00001NswkAYAR,若築建設株式会社_2026/06,a04RB00000kUAPGYA4,年,001RB00001VTrmvYAD,2026/06,2026-06-01,a00RB00002B5oLGYAZ,a04RB00000kUAPGYA4,001RB00001VTrmvYAD,2026-05-20
a03RB00001NswkBYAR,若築建設株式会社_2026/07,a04RB00000kUAPGYA4,年,001RB00001VTrmvYAD,2026/07,2026-07-01,a00RB00002B5oLGYAZ,a04RB00000kUAPGYA4,001RB00001VTrmvYAD,2026-05-20
a03RB00001NswkCYAR,若築建設株式会社_2026/08,a04RB00000kUAPGYA4,年,001RB00001VTrmvYAD,2026/08,2026-08-01,a00RB00002B5oLGYAZ,a04RB00000kUAPGYA4,001RB00001VTrmvYAD,2026-05-20
a03RB00001NswkDYAR,若築建設株式会社_2026/09,a04RB00000kUAPGYA4,年,001RB00001VTrmvYAD,2026/09,2026-09-01,a00RB00002B5oLGYAZ,a04RB00000kUAPGYA4,001RB00001VTrmvYAD,2026-05-20
a03RB00001NswkEYAR,若築建設株式会社_2026/10,a04RB00000kUAPGYA4,年,001RB00001VTrmvYAD,2026/10,2026-10-01,a00RB00002B5oLGYAZ,a04RB00000kUAPGYA4,001RB00001VTrmvYAD,2026-05-20
a03RB00001NswkFYAR,若築建設株式会社_2026/11,a04RB00000kUAPGYA4,年,001RB00001VTrmvYAD,2026/11,2026-11-01,a00RB00002B5oLGYAZ,a04RB00000kUAPGYA4,001RB00001VTrmvYAD,2026-05-20
a03RB00001NswkGYAR,若築建設株式会社_2026/12,a04RB00000kUAPGYA4,年,001RB00001VTrmvYAD,2026/12,2026-12-01,a00RB00002B5oLGYAZ,a04RB00000kUAPGYA4,001RB00001VTrmvYAD,2026-05-20
a03RB00001NswkHYAR,若築建設株式会社_2027/01,a04RB00000kUAPGYA4,年,001RB00001VTrmvYAD,2027/01,2027-01-01,a00RB00002B5oLGYAZ,a04RB00000kUAPGYA4,001RB00001VTrmvYAD,2026-05-20
a03RB00001NswkIYAR,若築建設株式会社_2027/02,a04RB00000kUAPGYA4,年,001RB00001VTrmvYAD,2027/02,2027-02-01,a00RB00002B5oLGYAZ,a04RB00000kUAPGYA4,001RB00001VTrmvYAD,2026-05-20
a03RB00001NswkJYAR,若築建設株式会社_2027/03,a04RB00000kUAPGYA4,年,001RB00001VTrmvYAD,2027/03,2027-03-01,a00RB00002B5oLGYAZ,a04RB00000kUAPGYA4,001RB00001VTrmvYAD,2026-05-20
a03RB00001NswkKYAR,若築建設株式会社_2027/04,a04RB00000kUAPGYA4,年,001RB00001VTrmvYAD,2027/04,2027-04-01,a00RB00002B5oLGYAZ,a04RB00000kUAPGYA4,001RB00001VTrmvYAD,2026-05-20
a03RB00001NswkLYAR,西日本旅客鉄道株式会社 ビジネスデザイン部 JCLaaS事業部_2026/05,a04RB00000kUAPHYA4,月,001RB00001VTro2YAD,2026/05,2026-05-01,a00RB00002Am2BeYAJ,a04RB00000kUAPHYA4,001RB00001VTro2YAD,2026-07-20
a03RB00001NswkMYAR,株式会社乃村工藝社 カルチャー・コミュニケーション推進本部_2026/05,a04RB00000kUAPIYA4,月,001RB00001VTCZZYA5,2026/05,2026-05-01,a00RB00002Am2BAYAZ,a04RB00000kUAPIYA4,001RB00001VTCZZYA5,2026-05-18
a03RB00001NswkNYAR,株式会社乃村工藝社 カルチャー・コミュニケーション推進本部_2026/06,a04RB00000kUAPIYA4,月,001RB00001VTCZZYA5,2026/06,2026-06-01,a00RB00002Am2BAYAZ,a04RB00000kUAPIYA4,001RB00001VTCZZYA5,2026-05-18
a03RB00001NswkOYAR,梅林建設株式会社_2026/06,a04RB00000kUAPJYA4,年,001RB00001VTrkSYAT,2026/06,2026-06-01,a00RB00002B5oL3YAJ,a04RB00000kUAPJYA4,001RB00001VTrkSYAT,2026-06-20
a03RB00001NswkPYAR,梅林建設株式会社_2026/07,a04RB00000kUAPJYA4,年,001RB00001VTrkSYAT,2026/07,2026-07-01,a00RB00002B5oL3YAJ,a04RB00000kUAPJYA4,001RB00001VTrkSYAT,2026-06-20
a03RB00001NswkQYAR,梅林建設株式会社_2026/08,a04RB00000kUAPJYA4,年,001RB00001VTrkSYAT,2026/08,2026-08-01,a00RB00002B5oL3YAJ,a04RB00000kUAPJYA4,001RB00001VTrkSYAT,2026-06-20
a03RB00001NswkRYAR,梅林建設株式会社_2026/09,a04RB00000kUAPJYA4,年,001RB00001VTrkSYAT,2026/09,2026-09-01,a00RB00002B5oL3YAJ,a04RB00000kUAPJYA4,001RB00001VTrkSYAT,2026-06-20
a03RB00001NswkSYAR,梅林建設株式会社_2026/10,a04RB00000kUAPJYA4,年,001RB00001VTrkSYAT,2026/10,2026-10-01,a00RB00002B5oL3YAJ,a04RB00000kUAPJYA4,001RB00001VTrkSYAT,2026-06-20
a03RB00001NswkTYAR,梅林建設株式会社_2026/11,a04RB00000kUAPJYA4,年,001RB00001VTrkSYAT,2026/11,2026-11-01,a00RB00002B5oL3YAJ,a04RB00000kUAPJYA4,001RB00001VTrkSYAT,2026-06-20
a03RB00001NswkUYAR,梅林建設株式会社_2026/12,a04RB00000kUAPJYA4,年,001RB00001VTrkSYAT,2026/12,2026-12-01,a00RB00002B5oL3YAJ,a04RB00000kUAPJYA4,001RB00001VTrkSYAT,2026-06-20
a03RB00001NswkVYAR,梅林建設株式会社_2027/01,a04RB00000kUAPJYA4,年,001RB00001VTrkSYAT,2027/01,2027-01-01,a00RB00002B5oL3YAJ,a04RB00000kUAPJYA4,001RB00001VTrkSYAT,2026-06-20
a03RB00001NswkWYAR,梅林建設株式会社_2027/02,a04RB00000kUAPJYA4,年,001RB00001VTrkSYAT,2027/02,2027-02-01,a00RB00002B5oL3YAJ,a04RB00000kUAPJYA4,001RB00001VTrkSYAT,2026-06-20
a03RB00001NswkXYAR,梅林建設株式会社_2027/03,a04RB00000kUAPJYA4,年,001RB00001VTrkSYAT,2027/03,2027-03-01,a00RB00002B5oL3YAJ,a04RB00000kUAPJYA4,001RB00001VTrkSYAT,2026-06-20
a03RB00001NswkYYAR,梅林建設株式会社_2027/04,a04RB00000kUAPJYA4,年,001RB00001VTrkSYAT,2027/04,2027-04-01,a00RB00002B5oL3YAJ,a04RB00000kUAPJYA4,001RB00001VTrkSYAT,2026-06-20
a03RB00001NswkZYAR,梅林建設株式会社_2027/05,a04RB00000kUAPJYA4,年,001RB00001VTrkSYAT,2027/05,2027-05-01,a00RB00002B5oL3YAJ,a04RB00000kUAPJYA4,001RB00001VTrkSYAT,2026-06-20
a03RB00001NswkaYAB,株式会社デザインアーク 東京本店 東京スペースソリューション第１営業所_2026/06,a04RB00000kUAPKYA4,月,001RB00001VTruAYAT,2026/06,2026-06-01,,,,
a03RB00001NswkbYAB,NTTファシリティーズ株式会社_2026/06,a04RB00000kUAPLYA4,月,001RB00001VTrnrYAD,2026/06,2026-06-01,,,,
a03RB00001NswkcYAB,合同会社小島屋_2026/06,a04RB00000kUAPMYA4,月,001RB00001VTruZYAT,2026/06,2026-06-01,,,,
a03RB00001NswkdYAB,株式会社エリオクリエイト_2026/06,a04RB00000kUAPNYA4,年,001RB00001VTrxYYAT,2026/06,2026-06-01,a00RB000027fzNvYAI,a04RB00000kUAPNYA4,001RB00001VTrxYYAT,2026-06-20
a03RB00001NswkeYAB,株式会社創建ホーム_2026/06,a04RB00000kUAPOYA4,年,001RB00001VTrm3YAD,2026/06,2026-06-01,a00RB00002B5oL4YAJ,a04RB00000kUAPOYA4,001RB00001VTrm3YAD,2026-06-20
a03RB00001NswkfYAB,株式会社リアルエステートブラザーズ_2024/08,a04RB00000kUAPPYA4,月,001RB00001VTqVaYAL,2024/08,2024-08-01,,,,
a03RB00001NswkgYAB,株式会社リアルエステートブラザーズ_2024/09,a04RB00000kUAPPYA4,月,001RB00001VTqVaYAL,2024/09,2024-09-01,,,,
a03RB00001NswkhYAB,株式会社四ツ橋_2024/08,a04RB00000kUAPQYA4,月,001RB00001VTtISYA1,2024/08,2024-08-01,,,,
a03RB00001NswkiYAB,株式会社四ツ橋_2024/09,a04RB00000kUAPQYA4,月,001RB00001VTtISYA1,2024/09,2024-09-01,,,,
a03RB00001NswkjYAB,株式会社四ツ橋_2024/10,a04RB00000kUAPQYA4,月,001RB00001VTtISYA1,2024/10,2024-10-01,,,,
a03RB00001NswkkYAB,ムゲンエステート_2024/10,a04RB00000kUANmYAO,月,001RB00001VTqlOYAT,2024/10,2024-10-01,,,,
a03RB00001NswklYAB,ムゲンエステート_2024/11,a04RB00000kUANmYAO,月,001RB00001VTqlOYAT,2024/11,2024-11-01,,,,
a03RB00001NswkmYAB,ムゲンエステート_2024/12,a04RB00000kUANmYAO,月,001RB00001VTqlOYAT,2024/12,2024-12-01,,,,
a03RB00001NswknYAB,ムゲンエステート_2025/01,a04RB00000kUANmYAO,月,001RB00001VTqlOYAT,2025/01,2025-01-01,,,,
a03RB00001NswkoYAB,ムゲンエステート_2025/02,a04RB00000kUANmYAO,月,001RB00001VTqlOYAT,2025/02,2025-02-01,,,,
a03RB00001NswkpYAB,ムゲンエステート_2025/03,a04RB00000kUANmYAO,月,001RB00001VTqlOYAT,2025/03,2025-03-01,,,,
a03RB00001NswkqYAB,ムゲンエステート_2025/04,a04RB00000kUANmYAO,月,001RB00001VTqlOYAT,2025/04,2025-04-01,,,,
a03RB00001NswkrYAB,ムゲンエステート_2025/05,a04RB00000kUANmYAO,月,001RB00001VTqlOYAT,2025/05,2025-05-01,,,,
a03RB00001NswksYAB,ムゲンエステート_2025/06,a04RB00000kUANmYAO,月,001RB00001VTqlOYAT,2025/06,2025-06-01,,,,
a03RB00001NswktYAB,ムゲンエステート_2025/07,a04RB00000kUANmYAO,月,001RB00001VTqlOYAT,2025/07,2025-07-01,,,,
a03RB00001NswkuYAB,ムゲンエステート_2025/08,a04RB00000kUANmYAO,月,001RB00001VTqlOYAT,2025/08,2025-08-01,,,,
a03RB00001NswkvYAB,ムゲンエステート_2025/09,a04RB00000kUANmYAO,月,001RB00001VTqlOYAT,2025/09,2025-09-01,,,,
a03RB00001NswkwYAB,ムゲンエステート_2025/10,a04RB00000kUANmYAO,月,001RB00001VTqlOYAT,2025/10,2025-10-01,,,,
a03RB00001NswkxYAB,ムゲンエステート_2025/11,a04RB00000kUANmYAO,月,001RB00001VTqlOYAT,2025/11,2025-11-01,,,,
a03RB00001NswkyYAB,ムゲンエステート_2025/12,a04RB00000kUANmYAO,月,001RB00001VTqlOYAT,2025/12,2025-12-01,,,,
a03RB00001NswkzYAB,ムゲンエステート_2026/01,a04RB00000kUANmYAO,月,001RB00001VTqlOYAT,2026/01,2026-01-01,,,,
a03RB00001Nswl0YAB,ムゲンエステート_2026/02,a04RB00000kUANmYAO,月,001RB00001VTqlOYAT,2026/02,2026-02-01,,,,
a03RB00001Nswl1YAB,三井不動産レジデンシャルリース_2024/10,a04RB00000kUAPSYA4,月,001RB00001VTqbXYAT,2024/10,2024-10-01,,,,
a03RB00001Nswl2YAB,三井不動産レジデンシャルリース_2025/05,a04RB00000kUAPSYA4,月,001RB00001VTqbXYAT,2025/05,2025-05-01,,,,
a03RB00001Nswl3YAB,studio55_2024/09,a04RB00000kUANnYAO,月,001RB00001VTrOjYAL,2024/09,2024-09-01,,,,
a03RB00001Nswl4YAB,studio55_2024/10,a04RB00000kUANnYAO,月,001RB00001VTrOjYAL,2024/10,2024-10-01,,,,
a03RB00001Nswl5YAB,studio55_2024/11,a04RB00000kUANnYAO,月,001RB00001VTrOjYAL,2024/11,2024-11-01,,,,
a03RB00001Nswl6YAB,タクエーホーム株式会社_2024/09,a04RB00000kUAPTYA4,月,001RB00001VTqWsYAL,2024/09,2024-09-01,,,,
a03RB00001Nswl7YAB,タクエーホーム株式会社_2024/10,a04RB00000kUAPTYA4,月,001RB00001VTqWsYAL,2024/10,2024-10-01,,,,
a03RB00001Nswl8YAB,タクエーホーム株式会社_2024/11,a04RB00000kUAPTYA4,月,001RB00001VTqWsYAL,2024/11,2024-11-01,,,,
a03RB00001Nswl9YAB,タクエーホーム株式会社_2024/12,a04RB00000kUAPTYA4,月,001RB00001VTqWsYAL,2024/12,2024-12-01,,,,
a03RB00001NswlAYAR,タクエーホーム株式会社_2025/01,a04RB00000kUAPTYA4,月,001RB00001VTqWsYAL,2025/01,2025-01-01,,,,
a03RB00001NswlBYAR,タクエーホーム株式会社_2025/02,a04RB00000kUAPTYA4,月,001RB00001VTqWsYAL,2025/02,2025-02-01,,,,
a03RB00001NswlCYAR,タクエーホーム株式会社_2025/03,a04RB00000kUAPTYA4,月,001RB00001VTqWsYAL,2025/03,2025-03-01,,,,
a03RB00001NswlDYAR,タクエーホーム株式会社_2025/04,a04RB00000kUAPTYA4,月,001RB00001VTqWsYAL,2025/04,2025-04-01,,,,
a03RB00001NswlEYAR,タクエーホーム株式会社_2025/05,a04RB00000kUAPTYA4,月,001RB00001VTqWsYAL,2025/05,2025-05-01,,,,
a03RB00001NswlFYAR,タクエーホーム株式会社_2025/06,a04RB00000kUAPTYA4,月,001RB00001VTqWsYAL,2025/06,2025-06-01,,,,
a03RB00001NswlGYAR,タクエーホーム株式会社_2025/07,a04RB00000kUAPTYA4,月,001RB00001VTqWsYAL,2025/07,2025-07-01,,,,
a03RB00001NswlHYAR,タクエーホーム株式会社_2025/08,a04RB00000kUAPTYA4,月,001RB00001VTqWsYAL,2025/08,2025-08-01,,,,
a03RB00001NswlIYAR,タクエーホーム株式会社_2025/09,a04RB00000kUAPTYA4,月,001RB00001VTqWsYAL,2025/09,2025-09-01,,,,
a03RB00001NswlJYAR,㈱渚工務店 SmileHome_2024/09,a04RB00000kUAPUYA4,月,001RB00001VTqaFYAT,2024/09,2024-09-01,,,,
a03RB00001NswlKYAR,㈱渚工務店 SmileHome_2024/10,a04RB00000kUAPUYA4,月,001RB00001VTqaFYAT,2024/10,2024-10-01,,,,
a03RB00001NswlLYAR,㈱渚工務店 SmileHome_2024/11,a04RB00000kUAPUYA4,月,001RB00001VTqaFYAT,2024/11,2024-11-01,,,,
a03RB00001NswlMYAR,㈱渚工務店 SmileHome_2024/12,a04RB00000kUAPUYA4,月,001RB00001VTqaFYAT,2024/12,2024-12-01,,,,
a03RB00001NswlNYAR,㈱渚工務店 SmileHome_2025/01,a04RB00000kUAPUYA4,月,001RB00001VTqaFYAT,2025/01,2025-01-01,,,,
a03RB00001NswlOYAR,㈱渚工務店 SmileHome_2025/02,a04RB00000kUAPUYA4,月,001RB00001VTqaFYAT,2025/02,2025-02-01,,,,
a03RB00001NswlPYAR,ハウスプラザ_2024/10,a04RB00000kUAPVYA4,月,001RB00001VTqZpYAL,2024/10,2024-10-01,a00RB00002AyetiYAB,a04RB00000kUAPVYA4,001RB00001VTqZpYAL,2026-07-20
a03RB00001NswlQYAR,ハウスプラザ_2024/11,a04RB00000kUAPVYA4,月,001RB00001VTqZpYAL,2024/11,2024-11-01,a00RB00002AyetiYAB,a04RB00000kUAPVYA4,001RB00001VTqZpYAL,2026-07-20
a03RB00001NswlRYAR,ハウスプラザ_2024/12,a04RB00000kUAPVYA4,月,001RB00001VTqZpYAL,2024/12,2024-12-01,a00RB00002AyetiYAB,a04RB00000kUAPVYA4,001RB00001VTqZpYAL,2026-07-20
a03RB00001NswlSYAR,ハウスプラザ_2025/01,a04RB00000kUAPVYA4,月,001RB00001VTqZpYAL,2025/01,2025-01-01,a00RB00002AyetiYAB,a04RB00000kUAPVYA4,001RB00001VTqZpYAL,2026-07-20
a03RB00001NswlTYAR,ハウスプラザ_2025/02,a04RB00000kUAPVYA4,月,001RB00001VTqZpYAL,2025/02,2025-02-01,a00RB00002AyetiYAB,a04RB00000kUAPVYA4,001RB00001VTqZpYAL,2026-07-20
a03RB00001NswlUYAR,ハウスプラザ_2025/03,a04RB00000kUAPVYA4,月,001RB00001VTqZpYAL,2025/03,2025-03-01,a00RB00002AyetiYAB,a04RB00000kUAPVYA4,001RB00001VTqZpYAL,2026-07-20
a03RB00001NswlVYAR,ハウスプラザ_2025/04,a04RB00000kUAPVYA4,月,001RB00001VTqZpYAL,2025/04,2025-04-01,a00RB00002AyetiYAB,a04RB00000kUAPVYA4,001RB00001VTqZpYAL,2026-07-20
a03RB00001NswlWYAR,ハウスプラザ_2025/05,a04RB00000kUAPVYA4,月,001RB00001VTqZpYAL,2025/05,2025-05-01,a00RB00002AyetiYAB,a04RB00000kUAPVYA4,001RB00001VTqZpYAL,2026-07-20
a03RB00001NswlXYAR,ハウスプラザ_2025/06,a04RB00000kUAPVYA4,月,001RB00001VTqZpYAL,2025/06,2025-06-01,a00RB00002AyetiYAB,a04RB00000kUAPVYA4,001RB00001VTqZpYAL,2026-07-20
a03RB00001NswlYYAR,ハウスプラザ_2025/07,a04RB00000kUAPVYA4,月,001RB00001VTqZpYAL,2025/07,2025-07-01,a00RB00002AyetiYAB,a04RB00000kUAPVYA4,001RB00001VTqZpYAL,2026-07-20
a03RB00001NswlZYAR,ハウスプラザ_2025/08,a04RB00000kUAPVYA4,月,001RB00001VTqZpYAL,2025/08,2025-08-01,a00RB00002AyetiYAB,a04RB00000kUAPVYA4,001RB00001VTqZpYAL,2026-07-20
a03RB00001NswlaYAB,ハウスプラザ_2025/09,a04RB00000kUAPVYA4,月,001RB00001VTqZpYAL,2025/09,2025-09-01,a00RB00002AyetiYAB,a04RB00000kUAPVYA4,001RB00001VTqZpYAL,2026-07-20
a03RB00001NswlbYAB,ハウスプラザ_2025/10,a04RB00000kUAPVYA4,月,001RB00001VTqZpYAL,2025/10,2025-10-01,a00RB00002AyetiYAB,a04RB00000kUAPVYA4,001RB00001VTqZpYAL,2026-07-20
a03RB00001NswlcYAB,ハウスプラザ_2025/11,a04RB00000kUAPVYA4,月,001RB00001VTqZpYAL,2025/11,2025-11-01,a00RB00002AyetiYAB,a04RB00000kUAPVYA4,001RB00001VTqZpYAL,2026-07-20
a03RB00001NswldYAB,ハウスプラザ_2025/12,a04RB00000kUAPVYA4,月,001RB00001VTqZpYAL,2025/12,2025-12-01,a00RB00002AyetiYAB,a04RB00000kUAPVYA4,001RB00001VTqZpYAL,2026-07-20
a03RB00001NswleYAB,ハウスプラザ_2026/01,a04RB00000kUAPVYA4,月,001RB00001VTqZpYAL,2026/01,2026-01-01,a00RB00002AyetiYAB,a04RB00000kUAPVYA4,001RB00001VTqZpYAL,2026-07-20
a03RB00001NswlfYAB,ハウスプラザ_2026/02,a04RB00000kUAPVYA4,月,001RB00001VTqZpYAL,2026/02,2026-02-01,a00RB00002AyetiYAB,a04RB00000kUAPVYA4,001RB00001VTqZpYAL,2026-07-20
a03RB00001NswlgYAB,ハウスプラザ_2026/03,a04RB00000kUAPVYA4,月,001RB00001VTqZpYAL,2026/03,2026-03-01,a00RB00002AyetiYAB,a04RB00000kUAPVYA4,001RB00001VTqZpYAL,2026-07-20
a03RB00001NswlhYAB,ハウスプラザ_2026/04,a04RB00000kUAPVYA4,月,001RB00001VTqZpYAL,2026/04,2026-04-01,a00RB00002AyetiYAB,a04RB00000kUAPVYA4,001RB00001VTqZpYAL,2026-07-20
a03RB00001NswliYAB,ハウスプラザ_2026/05,a04RB00000kUAPVYA4,月,001RB00001VTqZpYAL,2026/05,2026-05-01,a00RB00002AyetiYAB,a04RB00000kUAPVYA4,001RB00001VTqZpYAL,2026-07-20
a03RB00001NswljYAB,アグレ都市デザイン株式会社_2024/09,a04RB00000kUAPWYA4,月,001RB00001VTCYzYAP,2024/09,2024-09-01,a00RB00002B5xxnYAB,a04RB00000kUAPWYA4,001RB00001VTCYzYAP,2026-04-20
a03RB00001NswlkYAB,アグレ都市デザイン株式会社_2024/10,a04RB00000kUAPWYA4,月,001RB00001VTCYzYAP,2024/10,2024-10-01,a00RB00002B5xxnYAB,a04RB00000kUAPWYA4,001RB00001VTCYzYAP,2026-04-20
a03RB00001NswllYAB,アグレ都市デザイン株式会社_2024/11,a04RB00000kUAPWYA4,月,001RB00001VTCYzYAP,2024/11,2024-11-01,a00RB00002B5xxnYAB,a04RB00000kUAPWYA4,001RB00001VTCYzYAP,2026-04-20
a03RB00001NswlmYAB,アグレ都市デザイン株式会社_2024/12,a04RB00000kUAPWYA4,月,001RB00001VTCYzYAP,2024/12,2024-12-01,a00RB00002B5xxnYAB,a04RB00000kUAPWYA4,001RB00001VTCYzYAP,2026-04-20
a03RB00001NswlnYAB,アグレ都市デザイン株式会社_2025/01,a04RB00000kUAPWYA4,月,001RB00001VTCYzYAP,2025/01,2025-01-01,a00RB00002B5xxnYAB,a04RB00000kUAPWYA4,001RB00001VTCYzYAP,2026-04-20
a03RB00001NswloYAB,アグレ都市デザイン株式会社_2025/02,a04RB00000kUAPWYA4,月,001RB00001VTCYzYAP,2025/02,2025-02-01,a00RB00002B5xxnYAB,a04RB00000kUAPWYA4,001RB00001VTCYzYAP,2026-04-20
a03RB00001NswlpYAB,アグレ都市デザイン株式会社_2025/03,a04RB00000kUAPWYA4,月,001RB00001VTCYzYAP,2025/03,2025-03-01,a00RB00002B5xxnYAB,a04RB00000kUAPWYA4,001RB00001VTCYzYAP,2026-04-20
a03RB00001NswlqYAB,アグレ都市デザイン株式会社_2025/04,a04RB00000kUAPWYA4,月,001RB00001VTCYzYAP,2025/04,2025-04-01,a00RB00002B5xxnYAB,a04RB00000kUAPWYA4,001RB00001VTCYzYAP,2026-04-20
a03RB00001NswlrYAB,アグレ都市デザイン株式会社_2025/05,a04RB00000kUAPWYA4,月,001RB00001VTCYzYAP,2025/05,2025-05-01,a00RB00002B5xxnYAB,a04RB00000kUAPWYA4,001RB00001VTCYzYAP,2026-04-20
a03RB00001NswlsYAB,アグレ都市デザイン株式会社_2025/06,a04RB00000kUAPWYA4,月,001RB00001VTCYzYAP,2025/06,2025-06-01,a00RB00002B5xxnYAB,a04RB00000kUAPWYA4,001RB00001VTCYzYAP,2026-04-20
a03RB00001NswltYAB,アグレ都市デザイン株式会社_2025/07,a04RB00000kUAPWYA4,月,001RB00001VTCYzYAP,2025/07,2025-07-01,a00RB00002B5xxnYAB,a04RB00000kUAPWYA4,001RB00001VTCYzYAP,2026-04-20
a03RB00001NswluYAB,アグレ都市デザイン株式会社_2025/08,a04RB00000kUAPWYA4,月,001RB00001VTCYzYAP,2025/08,2025-08-01,a00RB00002B5xxnYAB,a04RB00000kUAPWYA4,001RB00001VTCYzYAP,2026-04-20
a03RB00001NswlvYAB,アグレ都市デザイン株式会社_2025/09,a04RB00000kUAPWYA4,月,001RB00001VTCYzYAP,2025/09,2025-09-01,a00RB00002B5xxnYAB,a04RB00000kUAPWYA4,001RB00001VTCYzYAP,2026-04-20
a03RB00001NswlwYAB,アグレ都市デザイン株式会社_2025/10,a04RB00000kUAPWYA4,月,001RB00001VTCYzYAP,2025/10,2025-10-01,a00RB00002B5xxnYAB,a04RB00000kUAPWYA4,001RB00001VTCYzYAP,2026-04-20
a03RB00001NswlxYAB,アグレ都市デザイン株式会社_2025/11,a04RB00000kUAPWYA4,月,001RB00001VTCYzYAP,2025/11,2025-11-01,a00RB00002B5xxnYAB,a04RB00000kUAPWYA4,001RB00001VTCYzYAP,2026-04-20
a03RB00001NswlyYAB,アグレ都市デザイン株式会社_2025/12,a04RB00000kUAPWYA4,月,001RB00001VTCYzYAP,2025/12,2025-12-01,a00RB00002B5xxnYAB,a04RB00000kUAPWYA4,001RB00001VTCYzYAP,2026-04-20
a03RB00001NswlzYAB,アグレ都市デザイン株式会社_2026/01,a04RB00000kUAPWYA4,月,001RB00001VTCYzYAP,2026/01,2026-01-01,a00RB00002B5xxnYAB,a04RB00000kUAPWYA4,001RB00001VTCYzYAP,2026-04-20
a03RB00001Nswm0YAB,アグレ都市デザイン株式会社_2026/02,a04RB00000kUAPWYA4,月,001RB00001VTCYzYAP,2026/02,2026-02-01,a00RB00002B5xxnYAB,a04RB00000kUAPWYA4,001RB00001VTCYzYAP,2026-04-20
a03RB00001Nswm1YAB,アグレ都市デザイン株式会社_2026/03,a04RB00000kUAPWYA4,月,001RB00001VTCYzYAP,2026/03,2026-03-01,a00RB00002B5xxnYAB,a04RB00000kUAPWYA4,001RB00001VTCYzYAP,2026-04-20
a03RB00001Nswm2YAB,アグレ都市デザイン株式会社_2026/04,a04RB00000kUAPWYA4,月,001RB00001VTCYzYAP,2026/04,2026-04-01,a00RB00002B5xxnYAB,a04RB00000kUAPWYA4,001RB00001VTCYzYAP,2026-04-20
a03RB00001Nswm3YAB,アグレ都市デザイン株式会社_2026/05,a04RB00000kUAPWYA4,月,001RB00001VTCYzYAP,2026/05,2026-05-01,a00RB00002B5xxnYAB,a04RB00000kUAPWYA4,001RB00001VTCYzYAP,2026-04-20
a03RB00001Nswm4YAB,株式会社イーグランド_2024/11,a04RB00000kUAPXYA4,月,001RB00001VTqZVYA1,2024/11,2024-11-01,a00RB00002AyetlYAB,a04RB00000kUAPXYA4,001RB00001VTqZVYA1,2026-07-20
a03RB00001Nswm5YAB,株式会社イーグランド_2024/12,a04RB00000kUAPXYA4,月,001RB00001VTqZVYA1,2024/12,2024-12-01,a00RB00002AyetlYAB,a04RB00000kUAPXYA4,001RB00001VTqZVYA1,2026-07-20
a03RB00001Nswm6YAB,株式会社イーグランド_2025/01,a04RB00000kUAPXYA4,月,001RB00001VTqZVYA1,2025/01,2025-01-01,a00RB00002AyetlYAB,a04RB00000kUAPXYA4,001RB00001VTqZVYA1,2026-07-20
a03RB00001Nswm7YAB,株式会社イーグランド_2025/02,a04RB00000kUAPXYA4,月,001RB00001VTqZVYA1,2025/02,2025-02-01,a00RB00002AyetlYAB,a04RB00000kUAPXYA4,001RB00001VTqZVYA1,2026-07-20
a03RB00001Nswm8YAB,株式会社イーグランド_2025/03,a04RB00000kUAPXYA4,月,001RB00001VTqZVYA1,2025/03,2025-03-01,a00RB00002AyetlYAB,a04RB00000kUAPXYA4,001RB00001VTqZVYA1,2026-07-20
a03RB00001Nswm9YAB,株式会社イーグランド_2025/04,a04RB00000kUAPXYA4,月,001RB00001VTqZVYA1,2025/04,2025-04-01,a00RB00002AyetlYAB,a04RB00000kUAPXYA4,001RB00001VTqZVYA1,2026-07-20
a03RB00001NswmAYAR,株式会社イーグランド_2025/05,a04RB00000kUAPXYA4,月,001RB00001VTqZVYA1,2025/05,2025-05-01,a00RB00002AyetlYAB,a04RB00000kUAPXYA4,001RB00001VTqZVYA1,2026-07-20
a03RB00001NswmBYAR,株式会社イーグランド_2025/06,a04RB00000kUAPXYA4,月,001RB00001VTqZVYA1,2025/06,2025-06-01,a00RB00002AyetlYAB,a04RB00000kUAPXYA4,001RB00001VTqZVYA1,2026-07-20
a03RB00001NswmCYAR,株式会社イーグランド_2025/07,a04RB00000kUAPXYA4,月,001RB00001VTqZVYA1,2025/07,2025-07-01,a00RB00002AyetlYAB,a04RB00000kUAPXYA4,001RB00001VTqZVYA1,2026-07-20
a03RB00001NswmDYAR,株式会社イーグランド_2025/08,a04RB00000kUAPXYA4,月,001RB00001VTqZVYA1,2025/08,2025-08-01,a00RB00002AyetlYAB,a04RB00000kUAPXYA4,001RB00001VTqZVYA1,2026-07-20
a03RB00001NswmEYAR,株式会社イーグランド_2025/09,a04RB00000kUAPXYA4,月,001RB00001VTqZVYA1,2025/09,2025-09-01,a00RB00002AyetlYAB,a04RB00000kUAPXYA4,001RB00001VTqZVYA1,2026-07-20
a03RB00001NswmFYAR,株式会社イーグランド_2025/10,a04RB00000kUAPXYA4,月,001RB00001VTqZVYA1,2025/10,2025-10-01,a00RB00002AyetlYAB,a04RB00000kUAPXYA4,001RB00001VTqZVYA1,2026-07-20
a03RB00001NswmGYAR,株式会社イーグランド_2025/11,a04RB00000kUAPXYA4,月,001RB00001VTqZVYA1,2025/11,2025-11-01,a00RB00002AyetlYAB,a04RB00000kUAPXYA4,001RB00001VTqZVYA1,2026-07-20
a03RB00001NswmHYAR,株式会社イーグランド_2025/12,a04RB00000kUAPXYA4,月,001RB00001VTqZVYA1,2025/12,2025-12-01,a00RB00002AyetlYAB,a04RB00000kUAPXYA4,001RB00001VTqZVYA1,2026-07-20
a03RB00001NswmIYAR,株式会社イーグランド_2026/01,a04RB00000kUAPXYA4,月,001RB00001VTqZVYA1,2026/01,2026-01-01,a00RB00002AyetlYAB,a04RB00000kUAPXYA4,001RB00001VTqZVYA1,2026-07-20
a03RB00001NswmJYAR,株式会社イーグランド_2026/02,a04RB00000kUAPXYA4,月,001RB00001VTqZVYA1,2026/02,2026-02-01,a00RB00002AyetlYAB,a04RB00000kUAPXYA4,001RB00001VTqZVYA1,2026-07-20
a03RB00001NswmKYAR,株式会社イーグランド_2026/03,a04RB00000kUAPXYA4,月,001RB00001VTqZVYA1,2026/03,2026-03-01,a00RB00002AyetlYAB,a04RB00000kUAPXYA4,001RB00001VTqZVYA1,2026-07-20
a03RB00001NswmLYAR,株式会社イーグランド_2026/04,a04RB00000kUAPXYA4,月,001RB00001VTqZVYA1,2026/04,2026-04-01,a00RB00002AyetlYAB,a04RB00000kUAPXYA4,001RB00001VTqZVYA1,2026-07-20
a03RB00001NswmMYAR,株式会社イーグランド_2026/05,a04RB00000kUAPXYA4,月,001RB00001VTqZVYA1,2026/05,2026-05-01,a00RB00002AyetlYAB,a04RB00000kUAPXYA4,001RB00001VTqZVYA1,2026-07-20
a03RB00001NswmNYAR,ドアーズ株式会社_2024/11,a04RB00000kUAPYYA4,月,001RB00001VTqWuYAL,2024/11,2024-11-01,,,,
a03RB00001NswmOYAR,ドアーズ株式会社_2024/12,a04RB00000kUAPYYA4,月,001RB00001VTqWuYAL,2024/12,2024-12-01,,,,
a03RB00001NswmPYAR,ドアーズ株式会社_2025/01,a04RB00000kUAPYYA4,月,001RB00001VTqWuYAL,2025/01,2025-01-01,,,,
a03RB00001NswmQYAR,ドアーズ株式会社_2025/02,a04RB00000kUAPYYA4,月,001RB00001VTqWuYAL,2025/02,2025-02-01,,,,
a03RB00001NswmRYAR,株式会社西武開発_2024/12,a04RB00000kUAPZYA4,年,001RB00001VTqaIYAT,2024/12,2024-12-01,,,,
a03RB00001NswmSYAR,株式会社西武開発_2025/01,a04RB00000kUAPZYA4,年,001RB00001VTqaIYAT,2025/01,2025-01-01,,,,
a03RB00001NswmTYAR,株式会社西武開発_2026/01,a04RB00000kUAPuYAO,月,001RB00001VTqaIYAT,2026/01,2026-01-01,,,,
a03RB00001NswmUYAR,株式会社西武開発_2026/02,a04RB00000kUAPuYAO,月,001RB00001VTqaIYAT,2026/02,2026-02-01,,,,
a03RB00001NswmVYAR,株式会社西武開発_2026/03,a04RB00000kUAPuYAO,月,001RB00001VTqaIYAT,2026/03,2026-03-01,,,,
a03RB00001NswmWYAR,株式会社西武開発_2026/04,a04RB00000kUAPZYA4,年,001RB00001VTqaIYAT,2026/04,2026-04-01,,,,
a03RB00001NswmXYAR,株式会社西武開発_2026/05,a04RB00000kUAPZYA4,年,001RB00001VTqaIYAT,2026/05,2026-05-01,,,,
a03RB00001NswmYYAR,株式会社西武開発_2026/06,a04RB00000kUAPZYA4,年,001RB00001VTqaIYAT,2026/06,2026-06-01,,,,
a03RB00001NswmZYAR,株式会社西武開発_2026/07,a04RB00000kUAPZYA4,年,001RB00001VTqaIYAT,2026/07,2026-07-01,,,,
a03RB00001NswmaYAB,わくわく不動産_2024/12,a04RB00000kUAPaYAO,月,001RB00001VTqWhYAL,2024/12,2024-12-01,,,,
a03RB00001NswmbYAB,わくわく不動産_2025/01,a04RB00000kUAPaYAO,月,001RB00001VTqWhYAL,2025/01,2025-01-01,,,,
a03RB00001NswmcYAB,わくわく不動産_2025/02,a04RB00000kUAPaYAO,月,001RB00001VTqWhYAL,2025/02,2025-02-01,,,,
a03RB00001NswmdYAB,わくわく不動産_2025/03,a04RB00000kUAPaYAO,月,001RB00001VTqWhYAL,2025/03,2025-03-01,,,,
a03RB00001NswmeYAB,わくわく不動産_2025/04,a04RB00000kUAPaYAO,月,001RB00001VTqWhYAL,2025/04,2025-04-01,,,,
a03RB00001NswmfYAB,わくわく不動産_2025/05,a04RB00000kUAPaYAO,月,001RB00001VTqWhYAL,2025/05,2025-05-01,,,,
a03RB00001NswmgYAB,わくわく不動産_2025/06,a04RB00000kUAPaYAO,月,001RB00001VTqWhYAL,2025/06,2025-06-01,,,,
a03RB00001NswmhYAB,わくわく不動産_2025/07,a04RB00000kUAPaYAO,月,001RB00001VTqWhYAL,2025/07,2025-07-01,,,,
a03RB00001NswmiYAB,わくわく不動産_2025/08,a04RB00000kUAPaYAO,月,001RB00001VTqWhYAL,2025/08,2025-08-01,,,,
a03RB00001NswmjYAB,わくわく不動産_2025/09,a04RB00000kUAPaYAO,月,001RB00001VTqWhYAL,2025/09,2025-09-01,,,,
a03RB00001NswmkYAB,わくわく不動産_2025/10,a04RB00000kUAPaYAO,月,001RB00001VTqWhYAL,2025/10,2025-10-01,,,,
a03RB00001NswmlYAB,わくわく不動産_2025/11,a04RB00000kUAPaYAO,月,001RB00001VTqWhYAL,2025/11,2025-11-01,,,,
a03RB00001NswmmYAB,わくわく不動産_2025/12,a04RB00000kUAPaYAO,月,001RB00001VTqWhYAL,2025/12,2025-12-01,,,,
a03RB00001NswmnYAB,わくわく不動産_2026/01,a04RB00000kUAPaYAO,月,001RB00001VTqWhYAL,2026/01,2026-01-01,,,,
a03RB00001NswmoYAB,わくわく不動産_2026/02,a04RB00000kUAPaYAO,月,001RB00001VTqWhYAL,2026/02,2026-02-01,,,,
a03RB00001NswmpYAB,株式会社穂積住宅_2024/12,a04RB00000kUAPbYAO,月,001RB00001VTqaGYAT,2024/12,2024-12-01,a00RB000027fzNnYAI,a04RB00000kUAPbYAO,001RB00001VTqaGYAT,2026-06-20
a03RB00001NswmqYAB,株式会社穂積住宅_2025/01,a04RB00000kUAPbYAO,月,001RB00001VTqaGYAT,2025/01,2025-01-01,a00RB000027fzNnYAI,a04RB00000kUAPbYAO,001RB00001VTqaGYAT,2026-06-20
a03RB00001NswmrYAB,株式会社穂積住宅_2025/02,a04RB00000kUAPbYAO,月,001RB00001VTqaGYAT,2025/02,2025-02-01,a00RB000027fzNnYAI,a04RB00000kUAPbYAO,001RB00001VTqaGYAT,2026-06-20
a03RB00001NswmsYAB,株式会社穂積住宅_2025/03,a04RB00000kUAPbYAO,月,001RB00001VTqaGYAT,2025/03,2025-03-01,a00RB000027fzNnYAI,a04RB00000kUAPbYAO,001RB00001VTqaGYAT,2026-06-20
a03RB00001NswmtYAB,株式会社穂積住宅_2025/04,a04RB00000kUAPbYAO,月,001RB00001VTqaGYAT,2025/04,2025-04-01,a00RB000027fzNnYAI,a04RB00000kUAPbYAO,001RB00001VTqaGYAT,2026-06-20
a03RB00001NswmuYAB,株式会社穂積住宅_2025/05,a04RB00000kUAPbYAO,月,001RB00001VTqaGYAT,2025/05,2025-05-01,a00RB000027fzNnYAI,a04RB00000kUAPbYAO,001RB00001VTqaGYAT,2026-06-20
a03RB00001NswmvYAB,株式会社穂積住宅_2025/06,a04RB00000kUAPbYAO,月,001RB00001VTqaGYAT,2025/06,2025-06-01,a00RB000027fzNnYAI,a04RB00000kUAPbYAO,001RB00001VTqaGYAT,2026-06-20
a03RB00001NswmwYAB,株式会社穂積住宅_2025/07,a04RB00000kUAPbYAO,月,001RB00001VTqaGYAT,2025/07,2025-07-01,a00RB000027fzNnYAI,a04RB00000kUAPbYAO,001RB00001VTqaGYAT,2026-06-20
a03RB00001NswmxYAB,株式会社穂積住宅_2025/08,a04RB00000kUAPbYAO,月,001RB00001VTqaGYAT,2025/08,2025-08-01,a00RB000027fzNnYAI,a04RB00000kUAPbYAO,001RB00001VTqaGYAT,2026-06-20
a03RB00001NswmyYAB,株式会社穂積住宅_2025/09,a04RB00000kUAPbYAO,月,001RB00001VTqaGYAT,2025/09,2025-09-01,a00RB000027fzNnYAI,a04RB00000kUAPbYAO,001RB00001VTqaGYAT,2026-06-20
a03RB00001NswmzYAB,株式会社穂積住宅_2025/10,a04RB00000kUAPbYAO,月,001RB00001VTqaGYAT,2025/10,2025-10-01,a00RB000027fzNnYAI,a04RB00000kUAPbYAO,001RB00001VTqaGYAT,2026-06-20
a03RB00001Nswn0YAB,株式会社穂積住宅_2025/11,a04RB00000kUAPbYAO,月,001RB00001VTqaGYAT,2025/11,2025-11-01,a00RB000027fzNnYAI,a04RB00000kUAPbYAO,001RB00001VTqaGYAT,2026-06-20
a03RB00001Nswn1YAB,株式会社穂積住宅_2025/12,a04RB00000kUAPbYAO,月,001RB00001VTqaGYAT,2025/12,2025-12-01,a00RB000027fzNnYAI,a04RB00000kUAPbYAO,001RB00001VTqaGYAT,2026-06-20
a03RB00001Nswn2YAB,株式会社穂積住宅_2026/01,a04RB00000kUAPbYAO,月,001RB00001VTqaGYAT,2026/01,2026-01-01,a00RB000027fzNnYAI,a04RB00000kUAPbYAO,001RB00001VTqaGYAT,2026-06-20
a03RB00001Nswn3YAB,株式会社穂積住宅_2026/02,a04RB00000kUAPbYAO,月,001RB00001VTqaGYAT,2026/02,2026-02-01,a00RB000027fzNnYAI,a04RB00000kUAPbYAO,001RB00001VTqaGYAT,2026-06-20
a03RB00001Nswn4YAB,株式会社穂積住宅_2026/03,a04RB00000kUAPbYAO,月,001RB00001VTqaGYAT,2026/03,2026-03-01,a00RB000027fzNnYAI,a04RB00000kUAPbYAO,001RB00001VTqaGYAT,2026-06-20
a03RB00001Nswn5YAB,株式会社穂積住宅_2026/04,a04RB00000kUAPbYAO,月,001RB00001VTqaGYAT,2026/04,2026-04-01,a00RB000027fzNnYAI,a04RB00000kUAPbYAO,001RB00001VTqaGYAT,2026-06-20
a03RB00001Nswn6YAB,株式会社穂積住宅_2026/05,a04RB00000kUAPbYAO,月,001RB00001VTqaGYAT,2026/05,2026-05-01,a00RB000027fzNnYAI,a04RB00000kUAPbYAO,001RB00001VTqaGYAT,2026-06-20
a03RB00001Nswn7YAB,有限会社タイセイプラン_2024/11,a04RB00000kUAPcYAO,月,001RB00001VTtITYA1,2024/11,2024-11-01,,,,
a03RB00001Nswn8YAB,有限会社タイセイプラン_2024/12,a04RB00000kUAPcYAO,月,001RB00001VTtITYA1,2024/12,2024-12-01,,,,
a03RB00001Nswn9YAB,有限会社タイセイプラン_2025/01,a04RB00000kUAPcYAO,月,001RB00001VTtITYA1,2025/01,2025-01-01,,,,
a03RB00001NswnAYAR,有限会社タイセイプラン_2025/02,a04RB00000kUAPcYAO,月,001RB00001VTtITYA1,2025/02,2025-02-01,,,,
a03RB00001NswnBYAR,有限会社タイセイプラン_2025/03,a04RB00000kUAPcYAO,月,001RB00001VTtITYA1,2025/03,2025-03-01,,,,
a03RB00001NswnCYAR,有限会社タイセイプラン_2025/04,a04RB00000kUAPcYAO,月,001RB00001VTtITYA1,2025/04,2025-04-01,,,,
a03RB00001NswnDYAR,有限会社タイセイプラン_2025/05,a04RB00000kUAPcYAO,月,001RB00001VTtITYA1,2025/05,2025-05-01,,,,
a03RB00001NswnEYAR,有限会社タイセイプラン_2025/06,a04RB00000kUAPcYAO,月,001RB00001VTtITYA1,2025/06,2025-06-01,,,,
a03RB00001NswnFYAR,有限会社タイセイプラン_2025/07,a04RB00000kUAPcYAO,月,001RB00001VTtITYA1,2025/07,2025-07-01,,,,
a03RB00001NswnGYAR,有限会社タイセイプラン_2025/08,a04RB00000kUAPcYAO,月,001RB00001VTtITYA1,2025/08,2025-08-01,,,,
a03RB00001NswnHYAR,有限会社タイセイプラン_2025/09,a04RB00000kUAPcYAO,月,001RB00001VTtITYA1,2025/09,2025-09-01,,,,
a03RB00001NswnIYAR,有限会社タイセイプラン_2025/10,a04RB00000kUAPcYAO,月,001RB00001VTtITYA1,2025/10,2025-10-01,,,,
a03RB00001NswnJYAR,有限会社タイセイプラン_2025/11,a04RB00000kUAPcYAO,月,001RB00001VTtITYA1,2025/11,2025-11-01,,,,
a03RB00001NswnKYAR,有限会社タイセイプラン_2025/12,a04RB00000kUAPcYAO,月,001RB00001VTtITYA1,2025/12,2025-12-01,,,,
a03RB00001NswnLYAR,有限会社タイセイプラン_2026/01,a04RB00000kUAPcYAO,月,001RB00001VTtITYA1,2026/01,2026-01-01,,,,
a03RB00001NswnMYAR,有限会社タイセイプラン_2026/02,a04RB00000kUAPcYAO,月,001RB00001VTtITYA1,2026/02,2026-02-01,,,,
a03RB00001NswnNYAR,リアルティホールディングス株式会社_2025/01,a04RB00000kUAPdYAO,月,001RB00001VTtIUYA1,2025/01,2025-01-01,a00RB00002B5oLMYAZ,a04RB00000kUAPdYAO,001RB00001VTtIUYA1,2026-07-20
a03RB00001NswnOYAR,リアルティホールディングス株式会社_2025/02,a04RB00000kUAPdYAO,月,001RB00001VTtIUYA1,2025/02,2025-02-01,a00RB00002B5oLMYAZ,a04RB00000kUAPdYAO,001RB00001VTtIUYA1,2026-07-20
a03RB00001NswnPYAR,リアルティホールディングス株式会社_2025/03,a04RB00000kUAPdYAO,月,001RB00001VTtIUYA1,2025/03,2025-03-01,a00RB00002B5oLMYAZ,a04RB00000kUAPdYAO,001RB00001VTtIUYA1,2026-07-20
a03RB00001NswnQYAR,リアルティホールディングス株式会社_2025/04,a04RB00000kUAPdYAO,月,001RB00001VTtIUYA1,2025/04,2025-04-01,a00RB00002B5oLMYAZ,a04RB00000kUAPdYAO,001RB00001VTtIUYA1,2026-07-20
a03RB00001NswnRYAR,リアルティホールディングス株式会社_2025/05,a04RB00000kUAPdYAO,月,001RB00001VTtIUYA1,2025/05,2025-05-01,a00RB00002B5oLMYAZ,a04RB00000kUAPdYAO,001RB00001VTtIUYA1,2026-07-20
a03RB00001NswnSYAR,リアルティホールディングス株式会社_2025/06,a04RB00000kUAPdYAO,月,001RB00001VTtIUYA1,2025/06,2025-06-01,a00RB00002B5oLMYAZ,a04RB00000kUAPdYAO,001RB00001VTtIUYA1,2026-07-20
a03RB00001NswnTYAR,リアルティホールディングス株式会社_2025/07,a04RB00000kUAPdYAO,月,001RB00001VTtIUYA1,2025/07,2025-07-01,a00RB00002B5oLMYAZ,a04RB00000kUAPdYAO,001RB00001VTtIUYA1,2026-07-20
a03RB00001NswnUYAR,リアルティホールディングス株式会社_2025/08,a04RB00000kUAPdYAO,月,001RB00001VTtIUYA1,2025/08,2025-08-01,a00RB00002B5oLMYAZ,a04RB00000kUAPdYAO,001RB00001VTtIUYA1,2026-07-20
a03RB00001NswnVYAR,リアルティホールディングス株式会社_2025/09,a04RB00000kUAPdYAO,月,001RB00001VTtIUYA1,2025/09,2025-09-01,a00RB00002B5oLMYAZ,a04RB00000kUAPdYAO,001RB00001VTtIUYA1,2026-07-20
a03RB00001NswnWYAR,リアルティホールディングス株式会社_2025/10,a04RB00000kUAPdYAO,月,001RB00001VTtIUYA1,2025/10,2025-10-01,a00RB00002B5oLMYAZ,a04RB00000kUAPdYAO,001RB00001VTtIUYA1,2026-07-20
a03RB00001NswnXYAR,リアルティホールディングス株式会社_2025/11,a04RB00000kUAPdYAO,月,001RB00001VTtIUYA1,2025/11,2025-11-01,a00RB00002B5oLMYAZ,a04RB00000kUAPdYAO,001RB00001VTtIUYA1,2026-07-20
a03RB00001NswnYYAR,リアルティホールディングス株式会社_2025/12,a04RB00000kUAPdYAO,月,001RB00001VTtIUYA1,2025/12,2025-12-01,a00RB00002B5oLMYAZ,a04RB00000kUAPdYAO,001RB00001VTtIUYA1,2026-07-20
a03RB00001NswnZYAR,リアルティホールディングス株式会社_2026/01,a04RB00000kUAPdYAO,月,001RB00001VTtIUYA1,2026/01,2026-01-01,a00RB00002B5oLMYAZ,a04RB00000kUAPdYAO,001RB00001VTtIUYA1,2026-07-20
a03RB00001NswnaYAB,リアルティホールディングス株式会社_2026/02,a04RB00000kUAPdYAO,月,001RB00001VTtIUYA1,2026/02,2026-02-01,a00RB00002B5oLMYAZ,a04RB00000kUAPdYAO,001RB00001VTtIUYA1,2026-07-20
a03RB00001NswnbYAB,リアルティホールディングス株式会社_2026/03,a04RB00000kUAPdYAO,月,001RB00001VTtIUYA1,2026/03,2026-03-01,a00RB00002B5oLMYAZ,a04RB00000kUAPdYAO,001RB00001VTtIUYA1,2026-07-20
a03RB00001NswncYAB,リアルティホールディングス株式会社_2026/04,a04RB00000kUAPdYAO,月,001RB00001VTtIUYA1,2026/04,2026-04-01,a00RB00002B5oLMYAZ,a04RB00000kUAPdYAO,001RB00001VTtIUYA1,2026-07-20
a03RB00001NswndYAB,リアルティホールディングス株式会社_2026/05,a04RB00000kUAPdYAO,月,001RB00001VTtIUYA1,2026/05,2026-05-01,a00RB00002B5oLMYAZ,a04RB00000kUAPdYAO,001RB00001VTtIUYA1,2026-07-20
a03RB00001NswneYAB,株式会社ライフラインサービス_2025/01,a04RB00000kUAPeYAO,月,001RB00001VTqa6YAD,2025/01,2025-01-01,,,,
a03RB00001NswnfYAB,株式会社ライフラインサービス_2025/02,a04RB00000kUAPeYAO,月,001RB00001VTqa6YAD,2025/02,2025-02-01,,,,
a03RB00001NswngYAB,株式会社ライフラインサービス_2025/03,a04RB00000kUAPeYAO,月,001RB00001VTqa6YAD,2025/03,2025-03-01,,,,
a03RB00001NswnhYAB,株式会社ライフラインサービス_2025/04,a04RB00000kUAPeYAO,月,001RB00001VTqa6YAD,2025/04,2025-04-01,,,,
a03RB00001NswniYAB,株式会社ライフラインサービス_2025/05,a04RB00000kUAPeYAO,月,001RB00001VTqa6YAD,2025/05,2025-05-01,,,,
a03RB00001NswnjYAB,株式会社ライフラインサービス_2025/06,a04RB00000kUAPeYAO,月,001RB00001VTqa6YAD,2025/06,2025-06-01,,,,
a03RB00001NswnkYAB,株式会社ライフラインサービス_2025/07,a04RB00000kUAPeYAO,月,001RB00001VTqa6YAD,2025/07,2025-07-01,,,,
a03RB00001NswnlYAB,株式会社ライフラインサービス_2025/08,a04RB00000kUAPeYAO,月,001RB00001VTqa6YAD,2025/08,2025-08-01,,,,
a03RB00001NswnmYAB,株式会社シアーズホーム(旧：株式会社サンタ不動産）_2025/02,a04RB00000kUAPfYAO,月,001RB00001VTtIVYA1,2025/02,2025-02-01,,,,
a03RB00001NswnnYAB,株式会社シアーズホーム(旧：株式会社サンタ不動産）_2025/03,a04RB00000kUAPfYAO,月,001RB00001VTtIVYA1,2025/03,2025-03-01,,,,
a03RB00001NswnoYAB,株式会社シアーズホーム(旧：株式会社サンタ不動産）_2025/04,a04RB00000kUAPfYAO,月,001RB00001VTtIVYA1,2025/04,2025-04-01,,,,
a03RB00001NswnpYAB,株式会社シアーズホーム(旧：株式会社サンタ不動産）_2025/05,a04RB00000kUAPfYAO,月,001RB00001VTtIVYA1,2025/05,2025-05-01,,,,
a03RB00001NswnqYAB,株式会社シアーズホーム(旧：株式会社サンタ不動産）_2025/06,a04RB00000kUAPfYAO,月,001RB00001VTtIVYA1,2025/06,2025-06-01,,,,
a03RB00001NswnrYAB,株式会社シアーズホーム(旧：株式会社サンタ不動産）_2025/07,a04RB00000kUAPfYAO,月,001RB00001VTtIVYA1,2025/07,2025-07-01,,,,
a03RB00001NswnsYAB,株式会社シアーズホーム(旧：株式会社サンタ不動産）_2025/08,a04RB00000kUAPfYAO,月,001RB00001VTtIVYA1,2025/08,2025-08-01,,,,
a03RB00001NswntYAB,株式会社シアーズホーム(旧：株式会社サンタ不動産）_2025/09,a04RB00000kUAPfYAO,月,001RB00001VTtIVYA1,2025/09,2025-09-01,,,,
a03RB00001NswnuYAB,株式会社シアーズホーム(旧：株式会社サンタ不動産）_2025/10,a04RB00000kUAPfYAO,月,001RB00001VTtIVYA1,2025/10,2025-10-01,,,,
a03RB00001NswnvYAB,株式会社シアーズホーム(旧：株式会社サンタ不動産）_2025/11,a04RB00000kUAPfYAO,月,001RB00001VTtIVYA1,2025/11,2025-11-01,,,,
a03RB00001NswnwYAB,株式会社シアーズホーム(旧：株式会社サンタ不動産）_2025/12,a04RB00000kUAPfYAO,月,001RB00001VTtIVYA1,2025/12,2025-12-01,,,,
a03RB00001NswnxYAB,株式会社シアーズホーム(旧：株式会社サンタ不動産）_2026/01,a04RB00000kUAPfYAO,月,001RB00001VTtIVYA1,2026/01,2026-01-01,,,,
a03RB00001NswnyYAB,株式会社シアーズホーム(旧：株式会社サンタ不動産）_2026/02,a04RB00000kUAPfYAO,月,001RB00001VTtIVYA1,2026/02,2026-02-01,,,,
a03RB00001NswnzYAB,株式会社シアーズホーム(旧：株式会社サンタ不動産）_2026/03,a04RB00000kUAPfYAO,月,001RB00001VTtIVYA1,2026/03,2026-03-01,,,,
a03RB00001Nswo0YAB,株式会社ヨコハマ地所_2025/02,a04RB00000kUAPgYAO,月,001RB00001VTqYlYAL,2025/02,2025-02-01,,,,
a03RB00001Nswo1YAB,株式会社ヨコハマ地所_2025/03,a04RB00000kUAPgYAO,月,001RB00001VTqYlYAL,2025/03,2025-03-01,,,,
a03RB00001Nswo2YAB,株式会社ヨコハマ地所_2025/04,a04RB00000kUAPgYAO,月,001RB00001VTqYlYAL,2025/04,2025-04-01,,,,
a03RB00001Nswo3YAB,株式会社ヨコハマ地所_2025/05,a04RB00000kUAPgYAO,月,001RB00001VTqYlYAL,2025/05,2025-05-01,,,,
a03RB00001Nswo4YAB,株式会社ヨコハマ地所_2025/06,a04RB00000kUAPgYAO,月,001RB00001VTqYlYAL,2025/06,2025-06-01,,,,
a03RB00001Nswo5YAB,株式会社ヨコハマ地所_2025/07,a04RB00000kUAPgYAO,月,001RB00001VTqYlYAL,2025/07,2025-07-01,,,,
a03RB00001Nswo6YAB,株式会社ヨコハマ地所_2025/08,a04RB00000kUAPgYAO,月,001RB00001VTqYlYAL,2025/08,2025-08-01,,,,
a03RB00001Nswo7YAB,株式会社ヨコハマ地所_2025/09,a04RB00000kUAPgYAO,月,001RB00001VTqYlYAL,2025/09,2025-09-01,,,,
a03RB00001Nswo8YAB,株式会社ヨコハマ地所_2025/10,a04RB00000kUAPgYAO,月,001RB00001VTqYlYAL,2025/10,2025-10-01,,,,
a03RB00001Nswo9YAB,株式会社ヨコハマ地所_2025/11,a04RB00000kUAPgYAO,月,001RB00001VTqYlYAL,2025/11,2025-11-01,,,,
a03RB00001NswoAYAR,株式会社ヨコハマ地所_2025/12,a04RB00000kUAPgYAO,月,001RB00001VTqYlYAL,2025/12,2025-12-01,,,,
a03RB00001NswoBYAR,株式会社ヨコハマ地所_2026/01,a04RB00000kUAPgYAO,月,001RB00001VTqYlYAL,2026/01,2026-01-01,,,,
a03RB00001NswoCYAR,株式会社ヨコハマ地所_2026/02,a04RB00000kUAPgYAO,月,001RB00001VTqYlYAL,2026/02,2026-02-01,,,,
a03RB00001NswoDYAR,株式会社ヨコハマ地所_2026/03,a04RB00000kUAPgYAO,月,001RB00001VTqYlYAL,2026/03,2026-03-01,,,,
a03RB00001NswoEYAR,株式会社ヨコハマ地所_2026/04,a04RB00000kUAPgYAO,月,001RB00001VTqYlYAL,2026/04,2026-04-01,,,,
a03RB00001NswoFYAR,株式会社ヨコハマ地所_2026/05,a04RB00000kUAPgYAO,月,001RB00001VTqYlYAL,2026/05,2026-05-01,,,,
a03RB00001NswoGYAR,株式会社Housebank千葉_2025/01,a04RB00000kUAPhYAO,月,001RB00001VTtIWYA1,2025/01,2025-01-01,,,,
a03RB00001NswoHYAR,株式会社Housebank千葉_2025/02,a04RB00000kUAPhYAO,月,001RB00001VTtIWYA1,2025/02,2025-02-01,,,,
a03RB00001NswoIYAR,株式会社Housebank千葉_2025/01,a04RB00000kUAPhYAO,月,001RB00001VTtIWYA1,2025/01,2025-01-01,,,,
a03RB00001NswoJYAR,株式会社Housebank千葉_2025/02,a04RB00000kUAPhYAO,月,001RB00001VTtIWYA1,2025/02,2025-02-01,,,,
a03RB00001NswoKYAR,株式会社Housebank千葉_2025/03,a04RB00000kUAPhYAO,月,001RB00001VTtIWYA1,2025/03,2025-03-01,,,,
a03RB00001NswoLYAR,株式会社Housebank千葉_2025/04,a04RB00000kUAPhYAO,月,001RB00001VTtIWYA1,2025/04,2025-04-01,,,,
a03RB00001NswoMYAR,株式会社Housebank千葉_2025/05,a04RB00000kUAPhYAO,月,001RB00001VTtIWYA1,2025/05,2025-05-01,,,,
a03RB00001NswoNYAR,株式会社Housebank千葉_2025/06,a04RB00000kUAPhYAO,月,001RB00001VTtIWYA1,2025/06,2025-06-01,,,,
a03RB00001NswoOYAR,株式会社Housebank千葉_2025/07,a04RB00000kUAPhYAO,月,001RB00001VTtIWYA1,2025/07,2025-07-01,,,,
a03RB00001NswoPYAR,株式会社Housebank千葉_2025/08,a04RB00000kUAPhYAO,月,001RB00001VTtIWYA1,2025/08,2025-08-01,,,,
a03RB00001NswoQYAR,株式会社Housebank千葉_2025/09,a04RB00000kUAPhYAO,月,001RB00001VTtIWYA1,2025/09,2025-09-01,,,,
a03RB00001NswoRYAR,株式会社Housebank千葉_2025/10,a04RB00000kUAPhYAO,月,001RB00001VTtIWYA1,2025/10,2025-10-01,,,,
a03RB00001NswoSYAR,株式会社Housebank千葉_2025/11,a04RB00000kUAPhYAO,月,001RB00001VTtIWYA1,2025/11,2025-11-01,,,,
a03RB00001NswoTYAR,株式会社Housebank千葉_2025/12,a04RB00000kUAPhYAO,月,001RB00001VTtIWYA1,2025/12,2025-12-01,,,,
a03RB00001NswoUYAR,株式会社Housebank千葉_2026/01,a04RB00000kUAPhYAO,月,001RB00001VTtIWYA1,2026/01,2026-01-01,,,,
a03RB00001NswoVYAR,株式会社Housebank千葉_2026/02,a04RB00000kUAPhYAO,月,001RB00001VTtIWYA1,2026/02,2026-02-01,,,,
a03RB00001NswoWYAR,株式会社Housebank千葉_2026/03,a04RB00000kUAPhYAO,月,001RB00001VTtIWYA1,2026/03,2026-03-01,,,,
a03RB00001NswoXYAR,株式会社Housebank千葉_2026/04,a04RB00000kUAPhYAO,月,001RB00001VTtIWYA1,2026/04,2026-04-01,,,,
a03RB00001NswoYYAR,株式会社Housebank千葉_2026/05,a04RB00000kUAPhYAO,月,001RB00001VTtIWYA1,2026/05,2026-05-01,,,,
a03RB00001NswoZYAR,株式会社エージェント_2025/02,a04RB00000kUAPjYAO,月,001RB00001VTqZWYA1,2025/02,2025-02-01,a00RB00002B0dy8YAB,a04RB00000kUAPjYAO,001RB00001VTqZWYA1,2026-07-20
a03RB00001NswoaYAB,株式会社エージェント_2025/03,a04RB00000kUAPjYAO,月,001RB00001VTqZWYA1,2025/03,2025-03-01,a00RB00002B0dy8YAB,a04RB00000kUAPjYAO,001RB00001VTqZWYA1,2026-07-20
a03RB00001NswobYAB,株式会社エージェント_2025/04,a04RB00000kUAPjYAO,月,001RB00001VTqZWYA1,2025/04,2025-04-01,a00RB00002B0dy8YAB,a04RB00000kUAPjYAO,001RB00001VTqZWYA1,2026-07-20
a03RB00001NswocYAB,株式会社エージェント_2025/05,a04RB00000kUAPjYAO,月,001RB00001VTqZWYA1,2025/05,2025-05-01,a00RB00002B0dy8YAB,a04RB00000kUAPjYAO,001RB00001VTqZWYA1,2026-07-20
a03RB00001NswodYAB,株式会社エージェント_2025/06,a04RB00000kUAPjYAO,月,001RB00001VTqZWYA1,2025/06,2025-06-01,a00RB00002B0dy8YAB,a04RB00000kUAPjYAO,001RB00001VTqZWYA1,2026-07-20
a03RB00001NswoeYAB,株式会社エージェント_2025/07,a04RB00000kUAPjYAO,月,001RB00001VTqZWYA1,2025/07,2025-07-01,a00RB00002B0dy8YAB,a04RB00000kUAPjYAO,001RB00001VTqZWYA1,2026-07-20
a03RB00001NswofYAB,株式会社エージェント_2025/08,a04RB00000kUAPjYAO,月,001RB00001VTqZWYA1,2025/08,2025-08-01,a00RB00002B0dy8YAB,a04RB00000kUAPjYAO,001RB00001VTqZWYA1,2026-07-20
a03RB00001NswogYAB,株式会社エージェント_2025/09,a04RB00000kUAPjYAO,月,001RB00001VTqZWYA1,2025/09,2025-09-01,a00RB00002B0dy8YAB,a04RB00000kUAPjYAO,001RB00001VTqZWYA1,2026-07-20
a03RB00001NswohYAB,株式会社エージェント_2025/10,a04RB00000kUAPjYAO,月,001RB00001VTqZWYA1,2025/10,2025-10-01,a00RB00002B0dy8YAB,a04RB00000kUAPjYAO,001RB00001VTqZWYA1,2026-07-20
a03RB00001NswoiYAB,株式会社エージェント_2025/11,a04RB00000kUAPjYAO,月,001RB00001VTqZWYA1,2025/11,2025-11-01,a00RB00002B0dy8YAB,a04RB00000kUAPjYAO,001RB00001VTqZWYA1,2026-07-20
a03RB00001NswojYAB,株式会社エージェント_2025/12,a04RB00000kUAPjYAO,月,001RB00001VTqZWYA1,2025/12,2025-12-01,a00RB00002B0dy8YAB,a04RB00000kUAPjYAO,001RB00001VTqZWYA1,2026-07-20
a03RB00001NswokYAB,株式会社エージェント_2026/01,a04RB00000kUAPjYAO,月,001RB00001VTqZWYA1,2026/01,2026-01-01,a00RB00002B0dy8YAB,a04RB00000kUAPjYAO,001RB00001VTqZWYA1,2026-07-20
a03RB00001NswolYAB,株式会社エージェント_2026/02,a04RB00000kUAPjYAO,月,001RB00001VTqZWYA1,2026/02,2026-02-01,a00RB00002B0dy8YAB,a04RB00000kUAPjYAO,001RB00001VTqZWYA1,2026-07-20
a03RB00001NswomYAB,株式会社エージェント_2026/03,a04RB00000kUAPjYAO,月,001RB00001VTqZWYA1,2026/03,2026-03-01,a00RB00002B0dy8YAB,a04RB00000kUAPjYAO,001RB00001VTqZWYA1,2026-07-20
a03RB00001NswonYAB,株式会社エージェント_2026/04,a04RB00000kUAPjYAO,月,001RB00001VTqZWYA1,2026/04,2026-04-01,a00RB00002B0dy8YAB,a04RB00000kUAPjYAO,001RB00001VTqZWYA1,2026-07-20
a03RB00001NswooYAB,株式会社エージェント_2026/05,a04RB00000kUAPjYAO,月,001RB00001VTqZWYA1,2026/05,2026-05-01,a00RB00002B0dy8YAB,a04RB00000kUAPjYAO,001RB00001VTqZWYA1,2026-07-20
a03RB00001NswopYAB,株式会社ヤマユウ_2025/01,a04RB00000kUAPkYAO,月,001RB00001VTqZzYAL,2025/01,2025-01-01,,,,
a03RB00001NswoqYAB,株式会社ヤマユウ_2025/02,a04RB00000kUAPkYAO,月,001RB00001VTqZzYAL,2025/02,2025-02-01,,,,
a03RB00001NsworYAB,株式会社ヤマユウ_2025/03,a04RB00000kUAPkYAO,月,001RB00001VTqZzYAL,2025/03,2025-03-01,,,,
a03RB00001NswosYAB,株式会社ヤマユウ_2025/04,a04RB00000kUAPkYAO,月,001RB00001VTqZzYAL,2025/04,2025-04-01,,,,
a03RB00001NswotYAB,株式会社ヤマユウ_2025/05,a04RB00000kUAPkYAO,月,001RB00001VTqZzYAL,2025/05,2025-05-01,,,,
a03RB00001NswouYAB,株式会社ヤマユウ_2025/06,a04RB00000kUAPkYAO,月,001RB00001VTqZzYAL,2025/06,2025-06-01,,,,
a03RB00001NswovYAB,株式会社ヤマユウ_2025/07,a04RB00000kUAPkYAO,月,001RB00001VTqZzYAL,2025/07,2025-07-01,,,,
a03RB00001NswowYAB,株式会社ヤマユウ_2025/08,a04RB00000kUAPkYAO,月,001RB00001VTqZzYAL,2025/08,2025-08-01,,,,
a03RB00001NswoxYAB,株式会社ヤマユウ_2025/09,a04RB00000kUAPkYAO,月,001RB00001VTqZzYAL,2025/09,2025-09-01,,,,
a03RB00001NswoyYAB,株式会社ヤマユウ_2025/10,a04RB00000kUAPkYAO,月,001RB00001VTqZzYAL,2025/10,2025-10-01,,,,
a03RB00001NswozYAB,株式会社ヤマユウ_2025/11,a04RB00000kUAPkYAO,月,001RB00001VTqZzYAL,2025/11,2025-11-01,,,,
a03RB00001Nswp0YAB,株式会社ヤマユウ_2025/12,a04RB00000kUAPkYAO,月,001RB00001VTqZzYAL,2025/12,2025-12-01,,,,
a03RB00001Nswp1YAB,株式会社博進コスモプラザ_2025/02,a04RB00000kUAPlYAO,月,001RB00001VTtIXYA1,2025/02,2025-02-01,a00RB00002AyetkYAB,a04RB00000kUAPlYAO,001RB00001VTtIXYA1,2026-07-20
a03RB00001Nswp2YAB,株式会社博進コスモプラザ_2025/03,a04RB00000kUAPlYAO,月,001RB00001VTtIXYA1,2025/03,2025-03-01,a00RB00002AyetkYAB,a04RB00000kUAPlYAO,001RB00001VTtIXYA1,2026-07-20
a03RB00001Nswp3YAB,株式会社博進コスモプラザ_2025/04,a04RB00000kUAPlYAO,月,001RB00001VTtIXYA1,2025/04,2025-04-01,a00RB00002AyetkYAB,a04RB00000kUAPlYAO,001RB00001VTtIXYA1,2026-07-20
a03RB00001Nswp4YAB,株式会社博進コスモプラザ_2025/05,a04RB00000kUAPlYAO,月,001RB00001VTtIXYA1,2025/05,2025-05-01,a00RB00002AyetkYAB,a04RB00000kUAPlYAO,001RB00001VTtIXYA1,2026-07-20
a03RB00001Nswp5YAB,株式会社博進コスモプラザ_2025/06,a04RB00000kUAPlYAO,月,001RB00001VTtIXYA1,2025/06,2025-06-01,a00RB00002AyetkYAB,a04RB00000kUAPlYAO,001RB00001VTtIXYA1,2026-07-20
a03RB00001Nswp6YAB,株式会社博進コスモプラザ_2025/07,a04RB00000kUAPlYAO,月,001RB00001VTtIXYA1,2025/07,2025-07-01,a00RB00002AyetkYAB,a04RB00000kUAPlYAO,001RB00001VTtIXYA1,2026-07-20
a03RB00001Nswp7YAB,株式会社博進コスモプラザ_2025/08,a04RB00000kUAPlYAO,月,001RB00001VTtIXYA1,2025/08,2025-08-01,a00RB00002AyetkYAB,a04RB00000kUAPlYAO,001RB00001VTtIXYA1,2026-07-20
a03RB00001Nswp8YAB,株式会社博進コスモプラザ_2025/09,a04RB00000kUAPlYAO,月,001RB00001VTtIXYA1,2025/09,2025-09-01,a00RB00002AyetkYAB,a04RB00000kUAPlYAO,001RB00001VTtIXYA1,2026-07-20
a03RB00001Nswp9YAB,株式会社博進コスモプラザ_2025/10,a04RB00000kUAPlYAO,月,001RB00001VTtIXYA1,2025/10,2025-10-01,a00RB00002AyetkYAB,a04RB00000kUAPlYAO,001RB00001VTtIXYA1,2026-07-20
a03RB00001NswpAYAR,株式会社博進コスモプラザ_2025/11,a04RB00000kUAPlYAO,月,001RB00001VTtIXYA1,2025/11,2025-11-01,a00RB00002AyetkYAB,a04RB00000kUAPlYAO,001RB00001VTtIXYA1,2026-07-20
a03RB00001NswpBYAR,株式会社博進コスモプラザ_2025/12,a04RB00000kUAPlYAO,月,001RB00001VTtIXYA1,2025/12,2025-12-01,a00RB00002AyetkYAB,a04RB00000kUAPlYAO,001RB00001VTtIXYA1,2026-07-20
a03RB00001NswpCYAR,株式会社博進コスモプラザ_2026/01,a04RB00000kUAPlYAO,月,001RB00001VTtIXYA1,2026/01,2026-01-01,a00RB00002AyetkYAB,a04RB00000kUAPlYAO,001RB00001VTtIXYA1,2026-07-20
a03RB00001NswpDYAR,株式会社博進コスモプラザ_2026/02,a04RB00000kUAPlYAO,月,001RB00001VTtIXYA1,2026/02,2026-02-01,a00RB00002AyetkYAB,a04RB00000kUAPlYAO,001RB00001VTtIXYA1,2026-07-20
a03RB00001NswpEYAR,株式会社博進コスモプラザ_2026/03,a04RB00000kUAPlYAO,月,001RB00001VTtIXYA1,2026/03,2026-03-01,a00RB00002AyetkYAB,a04RB00000kUAPlYAO,001RB00001VTtIXYA1,2026-07-20
a03RB00001NswpFYAR,株式会社博進コスモプラザ_2026/04,a04RB00000kUAPlYAO,月,001RB00001VTtIXYA1,2026/04,2026-04-01,a00RB00002AyetkYAB,a04RB00000kUAPlYAO,001RB00001VTtIXYA1,2026-07-20
a03RB00001NswpGYAR,株式会社博進コスモプラザ_2026/05,a04RB00000kUAPlYAO,月,001RB00001VTtIXYA1,2026/05,2026-05-01,a00RB00002AyetkYAB,a04RB00000kUAPlYAO,001RB00001VTtIXYA1,2026-07-20
a03RB00001NswpHYAR,富士ハウジング神戸支店_2025/01,a04RB00000kUAPmYAO,月,001RB00001VTtIYYA1,2025/01,2025-01-01,,,,
a03RB00001NswpIYAR,富士ハウジング神戸支店_2025/02,a04RB00000kUAPmYAO,月,001RB00001VTtIYYA1,2025/02,2025-02-01,,,,
a03RB00001NswpJYAR,富士ハウジング神戸支店_2025/03,a04RB00000kUAPmYAO,月,001RB00001VTtIYYA1,2025/03,2025-03-01,,,,
a03RB00001NswpKYAR,富士ハウジング神戸支店_2025/04,a04RB00000kUAPmYAO,月,001RB00001VTtIYYA1,2025/04,2025-04-01,,,,
a03RB00001NswpLYAR,富士ハウジング神戸支店_2025/05,a04RB00000kUAPmYAO,月,001RB00001VTtIYYA1,2025/05,2025-05-01,,,,
a03RB00001NswpMYAR,富士ハウジング神戸支店_2025/06,a04RB00000kUAPmYAO,月,001RB00001VTtIYYA1,2025/06,2025-06-01,,,,
a03RB00001NswpNYAR,富士ハウジング神戸支店_2025/07,a04RB00000kUAPmYAO,月,001RB00001VTtIYYA1,2025/07,2025-07-01,,,,
a03RB00001NswpOYAR,富士ハウジング神戸支店_2025/08,a04RB00000kUAPmYAO,月,001RB00001VTtIYYA1,2025/08,2025-08-01,,,,
a03RB00001NswpPYAR,富士ハウジング神戸支店_2025/10,a04RB00000kUAPmYAO,月,001RB00001VTtIYYA1,2025/10,2025-10-01,,,,
a03RB00001NswpQYAR,富士ハウジング神戸支店_2025/11,a04RB00000kUAPmYAO,月,001RB00001VTtIYYA1,2025/11,2025-11-01,,,,
a03RB00001NswpRYAR,富士ハウジング神戸支店_2025/12,a04RB00000kUAPmYAO,月,001RB00001VTtIYYA1,2025/12,2025-12-01,,,,
a03RB00001NswpSYAR,富士ハウジング神戸支店_2026/01,a04RB00000kUAPmYAO,月,001RB00001VTtIYYA1,2026/01,2026-01-01,,,,
a03RB00001NswpTYAR,株式会社香川不動産買取センター_2025/03,a04RB00000kUAPnYAO,月,001RB00001VTqaKYAT,2025/03,2025-03-01,a00RB000027fzNlYAI,a04RB00000kUAPnYAO,001RB00001VTqaKYAT,2026-06-20
a03RB00001NswpUYAR,株式会社香川不動産買取センター_2025/04,a04RB00000kUAPnYAO,月,001RB00001VTqaKYAT,2025/04,2025-04-01,a00RB000027fzNlYAI,a04RB00000kUAPnYAO,001RB00001VTqaKYAT,2026-06-20
a03RB00001NswpVYAR,株式会社香川不動産買取センター_2025/05,a04RB00000kUAPnYAO,月,001RB00001VTqaKYAT,2025/05,2025-05-01,a00RB000027fzNlYAI,a04RB00000kUAPnYAO,001RB00001VTqaKYAT,2026-06-20
a03RB00001NswpWYAR,株式会社香川不動産買取センター_2025/06,a04RB00000kUAPnYAO,月,001RB00001VTqaKYAT,2025/06,2025-06-01,a00RB000027fzNlYAI,a04RB00000kUAPnYAO,001RB00001VTqaKYAT,2026-06-20
a03RB00001NswpXYAR,株式会社香川不動産買取センター_2025/07,a04RB00000kUAPnYAO,月,001RB00001VTqaKYAT,2025/07,2025-07-01,a00RB000027fzNlYAI,a04RB00000kUAPnYAO,001RB00001VTqaKYAT,2026-06-20
a03RB00001NswpYYAR,株式会社香川不動産買取センター_2025/08,a04RB00000kUAPnYAO,月,001RB00001VTqaKYAT,2025/08,2025-08-01,a00RB000027fzNlYAI,a04RB00000kUAPnYAO,001RB00001VTqaKYAT,2026-06-20
a03RB00001NswpZYAR,株式会社香川不動産買取センター_2025/09,a04RB00000kUAPnYAO,月,001RB00001VTqaKYAT,2025/09,2025-09-01,a00RB000027fzNlYAI,a04RB00000kUAPnYAO,001RB00001VTqaKYAT,2026-06-20
a03RB00001NswpaYAB,株式会社香川不動産買取センター_2025/10,a04RB00000kUAPnYAO,月,001RB00001VTqaKYAT,2025/10,2025-10-01,a00RB000027fzNlYAI,a04RB00000kUAPnYAO,001RB00001VTqaKYAT,2026-06-20
a03RB00001NswpbYAB,株式会社香川不動産買取センター_2025/11,a04RB00000kUAPnYAO,月,001RB00001VTqaKYAT,2025/11,2025-11-01,a00RB000027fzNlYAI,a04RB00000kUAPnYAO,001RB00001VTqaKYAT,2026-06-20
a03RB00001NswpcYAB,株式会社香川不動産買取センター_2025/12,a04RB00000kUAPnYAO,月,001RB00001VTqaKYAT,2025/12,2025-12-01,a00RB000027fzNlYAI,a04RB00000kUAPnYAO,001RB00001VTqaKYAT,2026-06-20
a03RB00001NswpdYAB,株式会社香川不動産買取センター_2026/01,a04RB00000kUAPnYAO,月,001RB00001VTqaKYAT,2026/01,2026-01-01,a00RB000027fzNlYAI,a04RB00000kUAPnYAO,001RB00001VTqaKYAT,2026-06-20
a03RB00001NswpeYAB,株式会社香川不動産買取センター_2026/02,a04RB00000kUAPnYAO,月,001RB00001VTqaKYAT,2026/02,2026-02-01,a00RB000027fzNlYAI,a04RB00000kUAPnYAO,001RB00001VTqaKYAT,2026-06-20
a03RB00001NswpfYAB,株式会社香川不動産買取センター_2026/03,a04RB00000kUAPnYAO,月,001RB00001VTqaKYAT,2026/03,2026-03-01,a00RB000027fzNlYAI,a04RB00000kUAPnYAO,001RB00001VTqaKYAT,2026-06-20
a03RB00001NswpgYAB,株式会社香川不動産買取センター_2026/04,a04RB00000kUAPnYAO,月,001RB00001VTqaKYAT,2026/04,2026-04-01,a00RB000027fzNlYAI,a04RB00000kUAPnYAO,001RB00001VTqaKYAT,2026-06-20
a03RB00001NswphYAB,株式会社香川不動産買取センター_2026/05,a04RB00000kUAPnYAO,月,001RB00001VTqaKYAT,2026/05,2026-05-01,a00RB000027fzNlYAI,a04RB00000kUAPnYAO,001RB00001VTqaKYAT,2026-06-20
a03RB00001NswpiYAB,リユースせいわ 西和不動産株式会社 栗東店_2025/04,a04RB00000kUAPoYAO,月,001RB00001VTtIZYA1,2025/04,2025-04-01,,,,
a03RB00001NswpjYAB,リユースせいわ 西和不動産株式会社 栗東店_2025/05,a04RB00000kUAPoYAO,月,001RB00001VTtIZYA1,2025/05,2025-05-01,,,,
a03RB00001NswpkYAB,リユースせいわ 西和不動産株式会社 栗東店_2025/06,a04RB00000kUAPoYAO,月,001RB00001VTtIZYA1,2025/06,2025-06-01,,,,
a03RB00001NswplYAB,リユースせいわ 西和不動産株式会社 栗東店_2025/07,a04RB00000kUAPoYAO,月,001RB00001VTtIZYA1,2025/07,2025-07-01,,,,
a03RB00001NswpmYAB,リユースせいわ 西和不動産株式会社 栗東店_2025/08,a04RB00000kUAPoYAO,月,001RB00001VTtIZYA1,2025/08,2025-08-01,,,,
a03RB00001NswpnYAB,リユースせいわ 西和不動産株式会社 栗東店_2025/09,a04RB00000kUAPoYAO,月,001RB00001VTtIZYA1,2025/09,2025-09-01,,,,
a03RB00001NswpoYAB,リユースせいわ 西和不動産株式会社 栗東店_2025/10,a04RB00000kUAPoYAO,月,001RB00001VTtIZYA1,2025/10,2025-10-01,,,,
a03RB00001NswppYAB,リユースせいわ 西和不動産株式会社 栗東店_2025/11,a04RB00000kUAPoYAO,月,001RB00001VTtIZYA1,2025/11,2025-11-01,,,,
a03RB00001NswpqYAB,リユースせいわ 西和不動産株式会社 栗東店_2025/12,a04RB00000kUAPoYAO,月,001RB00001VTtIZYA1,2025/12,2025-12-01,,,,
a03RB00001NswprYAB,リユースせいわ 西和不動産株式会社 栗東店_2026/01,a04RB00000kUAPoYAO,月,001RB00001VTtIZYA1,2026/01,2026-01-01,,,,
a03RB00001NswpsYAB,リユースせいわ 西和不動産株式会社 栗東店_2026/02,a04RB00000kUAPoYAO,月,001RB00001VTtIZYA1,2026/02,2026-02-01,,,,
a03RB00001NswptYAB,リユースせいわ 西和不動産株式会社 栗東店_2026/04,a04RB00000kUAPoYAO,月,001RB00001VTtIZYA1,2026/04,2026-04-01,,,,
a03RB00001NswpuYAB,リユースせいわ 西和不動産株式会社 栗東店_2026/05,a04RB00000kUAPoYAO,月,001RB00001VTtIZYA1,2026/05,2026-05-01,,,,
a03RB00001NswpvYAB,リユースせいわ 西和不動産株式会社 栗東店_2026/06,a04RB00000kUAPoYAO,月,001RB00001VTtIZYA1,2026/06,2026-06-01,,,,
a03RB00001NswpwYAB,西和不動産株式会社 イエしが 草津店_2025/04,a04RB00000kUAPpYAO,月,001RB00001VTqaNYAT,2025/04,2025-04-01,,,,
a03RB00001NswpxYAB,西和不動産株式会社 イエしが 草津店_2025/05,a04RB00000kUAPpYAO,月,001RB00001VTqaNYAT,2025/05,2025-05-01,,,,
a03RB00001NswpyYAB,西和不動産株式会社 イエしが 草津店_2025/06,a04RB00000kUAPpYAO,月,001RB00001VTqaNYAT,2025/06,2025-06-01,,,,
a03RB00001NswpzYAB,西和不動産株式会社 イエしが 大津店_2025/03,a04RB00000kUAPqYAO,月,001RB00001VTqaNYAT,2025/03,2025-03-01,,,,
a03RB00001Nswq0YAB,西和不動産株式会社 イエしが 大津店_2025/04,a04RB00000kUAPqYAO,月,001RB00001VTqaNYAT,2025/04,2025-04-01,,,,
a03RB00001Nswq1YAB,西和不動産株式会社 イエしが 大津店_2025/05,a04RB00000kUAPqYAO,月,001RB00001VTqaNYAT,2025/05,2025-05-01,,,,
a03RB00001Nswq2YAB,株式会社サンホームズ_2025/04,a04RB00000kUAPrYAO,月,001RB00001VTtIaYAL,2025/04,2025-04-01,,,,
a03RB00001Nswq3YAB,株式会社サンホームズ_2025/05,a04RB00000kUAPrYAO,月,001RB00001VTtIaYAL,2025/05,2025-05-01,,,,
a03RB00001Nswq4YAB,株式会社サンホームズ_2025/06,a04RB00000kUAPrYAO,月,001RB00001VTtIaYAL,2025/06,2025-06-01,,,,
a03RB00001Nswq5YAB,株式会社サンホームズ_2025/07,a04RB00000kUAPrYAO,月,001RB00001VTtIaYAL,2025/07,2025-07-01,,,,
a03RB00001Nswq6YAB,株式会社サンホームズ_2025/08,a04RB00000kUAPrYAO,月,001RB00001VTtIaYAL,2025/08,2025-08-01,,,,
a03RB00001Nswq7YAB,株式会社サンホームズ_2025/09,a04RB00000kUAPrYAO,月,001RB00001VTtIaYAL,2025/09,2025-09-01,,,,
a03RB00001Nswq8YAB,株式会社サンホームズ_2025/10,a04RB00000kUAPrYAO,月,001RB00001VTtIaYAL,2025/10,2025-10-01,,,,
a03RB00001Nswq9YAB,株式会社サンホームズ_2025/11,a04RB00000kUAPrYAO,月,001RB00001VTtIaYAL,2025/11,2025-11-01,,,,
a03RB00001NswqAYAR,株式会社サンホームズ_2025/12,a04RB00000kUAPrYAO,月,001RB00001VTtIaYAL,2025/12,2025-12-01,,,,
a03RB00001NswqBYAR,有限会社山陽不動産_2025/04,a04RB00000kUAPsYAO,月,001RB00001VTqYxYAL,2025/04,2025-04-01,,,,
a03RB00001NswqCYAR,株式会社Machidaホールディングス_2025/04,a04RB00000kUAPtYAO,月,001RB00001VTtIbYAL,2025/04,2025-04-01,,,,
a03RB00001NswqDYAR,株式会社Machidaホールディングス_2025/05,a04RB00000kUAPtYAO,月,001RB00001VTtIbYAL,2025/05,2025-05-01,,,,
a03RB00001NswqEYAR,株式会社Machidaホールディングス_2025/06,a04RB00000kUAPtYAO,月,001RB00001VTtIbYAL,2025/06,2025-06-01,,,,
a03RB00001NswqFYAR,株式会社Machidaホールディングス_2025/07,a04RB00000kUAPtYAO,月,001RB00001VTtIbYAL,2025/07,2025-07-01,,,,
a03RB00001NswqGYAR,株式会社Machidaホールディングス_2025/08,a04RB00000kUAPtYAO,月,001RB00001VTtIbYAL,2025/08,2025-08-01,,,,
a03RB00001NswqHYAR,株式会社Machidaホールディングス_2025/09,a04RB00000kUAPtYAO,月,001RB00001VTtIbYAL,2025/09,2025-09-01,,,,
a03RB00001NswqIYAR,株式会社Machidaホールディングス_2025/10,a04RB00000kUAPtYAO,月,001RB00001VTtIbYAL,2025/10,2025-10-01,,,,
a03RB00001NswqJYAR,株式会社Machidaホールディングス_2025/11,a04RB00000kUAPtYAO,月,001RB00001VTtIbYAL,2025/11,2025-11-01,,,,
a03RB00001NswqKYAR,株式会社Machidaホールディングス_2025/12,a04RB00000kUAPtYAO,月,001RB00001VTtIbYAL,2025/12,2025-12-01,,,,
a03RB00001NswqLYAR,株式会社西武開発_2025/04,a04RB00000kUAPuYAO,月,001RB00001VTqaIYAT,2025/04,2025-04-01,,,,
a03RB00001NswqMYAR,株式会社西武開発_2025/05,a04RB00000kUAPuYAO,月,001RB00001VTqaIYAT,2025/05,2025-05-01,,,,
a03RB00001NswqNYAR,株式会社西武開発_2025/06,a04RB00000kUAPuYAO,月,001RB00001VTqaIYAT,2025/06,2025-06-01,,,,
a03RB00001NswqOYAR,株式会社西武開発_2025/07,a04RB00000kUAPuYAO,月,001RB00001VTqaIYAT,2025/07,2025-07-01,,,,
a03RB00001NswqPYAR,株式会社西武開発_2025/08,a04RB00000kUAPuYAO,月,001RB00001VTqaIYAT,2025/08,2025-08-01,,,,
a03RB00001NswqQYAR,株式会社西武開発_2025/09,a04RB00000kUAPuYAO,月,001RB00001VTqaIYAT,2025/09,2025-09-01,,,,
a03RB00001NswqRYAR,株式会社西武開発_2025/10,a04RB00000kUAPuYAO,月,001RB00001VTqaIYAT,2025/10,2025-10-01,,,,
a03RB00001NswqSYAR,株式会社西武開発_2025/11,a04RB00000kUAPuYAO,月,001RB00001VTqaIYAT,2025/11,2025-11-01,,,,
a03RB00001NswqTYAR,株式会社西武開発_2025/12,a04RB00000kUAPuYAO,月,001RB00001VTqaIYAT,2025/12,2025-12-01,,,,
a03RB00001NswqUYAR,株式会社西武開発_2026/01,a04RB00000kUAPuYAO,月,001RB00001VTqaIYAT,2026/01,2026-01-01,,,,
a03RB00001NswqVYAR,株式会社西武開発_2026/02,a04RB00000kUAPuYAO,月,001RB00001VTqaIYAT,2026/02,2026-02-01,,,,
a03RB00001NswqWYAR,株式会社西武開発_2026/03,a04RB00000kUAPuYAO,月,001RB00001VTqaIYAT,2026/03,2026-03-01,,,,
a03RB00001NswqXYAR,中尾建設工業株式会社(ナカオホーム)_2025/04,a04RB00000kUAPvYAO,月,001RB00001VTCZcYAP,2025/04,2025-04-01,,,,
a03RB00001NswqYYAR,中尾建設工業株式会社(ナカオホーム)_2025/05,a04RB00000kUAPvYAO,月,001RB00001VTCZcYAP,2025/05,2025-05-01,,,,
a03RB00001NswqZYAR,中尾建設工業株式会社(ナカオホーム)_2025/06,a04RB00000kUAPvYAO,月,001RB00001VTCZcYAP,2025/06,2025-06-01,,,,
a03RB00001NswqaYAB,中尾建設工業株式会社(ナカオホーム)_2025/10,a04RB00000kUAPvYAO,月,001RB00001VTCZcYAP,2025/10,2025-10-01,,,,
a03RB00001NswqbYAB,株式会社ハートランド_2025/04,a04RB00000kUAPwYAO,月,001RB00001VTtIcYAL,2025/04,2025-04-01,,,,
a03RB00001NswqcYAB,株式会社ハートランド_2025/05,a04RB00000kUAPwYAO,月,001RB00001VTtIcYAL,2025/05,2025-05-01,,,,
a03RB00001NswqdYAB,株式会社ハートランド_2025/06,a04RB00000kUAPwYAO,月,001RB00001VTtIcYAL,2025/06,2025-06-01,,,,
a03RB00001NswqeYAB,株式会社ハートランド_2025/07,a04RB00000kUAPwYAO,月,001RB00001VTtIcYAL,2025/07,2025-07-01,,,,
a03RB00001NswqfYAB,株式会社ハートランド_2025/08,a04RB00000kUAPwYAO,月,001RB00001VTtIcYAL,2025/08,2025-08-01,,,,
a03RB00001NswqgYAB,株式会社ハートランド_2025/09,a04RB00000kUAPwYAO,月,001RB00001VTtIcYAL,2025/09,2025-09-01,,,,
a03RB00001NswqhYAB,株式会社ハートランド_2025/10,a04RB00000kUAPwYAO,月,001RB00001VTtIcYAL,2025/10,2025-10-01,,,,
a03RB00001NswqiYAB,株式会社ハートランド_2025/11,a04RB00000kUAPwYAO,月,001RB00001VTtIcYAL,2025/11,2025-11-01,,,,
a03RB00001NswqjYAB,株式会社ハートランド_2025/12,a04RB00000kUAPwYAO,月,001RB00001VTtIcYAL,2025/12,2025-12-01,,,,
a03RB00001NswqkYAB,株式会社ハートランド_2026/01,a04RB00000kUAPwYAO,月,001RB00001VTtIcYAL,2026/01,2026-01-01,,,,
a03RB00001NswqlYAB,株式会社ハートランド_2026/02,a04RB00000kUAPwYAO,月,001RB00001VTtIcYAL,2026/02,2026-02-01,,,,
a03RB00001NswqmYAB,株式会社ハートランド_2026/03,a04RB00000kUAPwYAO,月,001RB00001VTtIcYAL,2026/03,2026-03-01,,,,
a03RB00001NswqnYAB,株式会社ハートランド_2026/04,a04RB00000kUAPwYAO,月,001RB00001VTtIcYAL,2026/04,2026-04-01,,,,
a03RB00001NswqoYAB,株式会社ハートランド_2026/05,a04RB00000kUAPwYAO,月,001RB00001VTtIcYAL,2026/05,2026-05-01,,,,
a03RB00001NswqpYAB,株式会社ハートランド_2026/06,a04RB00000kUAPwYAO,月,001RB00001VTtIcYAL,2026/06,2026-06-01,,,,
a03RB00001NswqqYAB,ONETEAM不動産_2025/06,a04RB00000kUAPxYAO,月,001RB00001VTtIdYAL,2025/06,2025-06-01,a00RB00002AyetjYAB,a04RB00000kUAPxYAO,001RB00001VTtIdYAL,2026-07-20
a03RB00001NswqrYAB,ONETEAM不動産_2025/07,a04RB00000kUAPxYAO,月,001RB00001VTtIdYAL,2025/07,2025-07-01,a00RB00002AyetjYAB,a04RB00000kUAPxYAO,001RB00001VTtIdYAL,2026-07-20
a03RB00001NswqsYAB,ONETEAM不動産_2025/08,a04RB00000kUAPxYAO,月,001RB00001VTtIdYAL,2025/08,2025-08-01,a00RB00002AyetjYAB,a04RB00000kUAPxYAO,001RB00001VTtIdYAL,2026-07-20
a03RB00001NswqtYAB,ONETEAM不動産_2025/09,a04RB00000kUAPxYAO,月,001RB00001VTtIdYAL,2025/09,2025-09-01,a00RB00002AyetjYAB,a04RB00000kUAPxYAO,001RB00001VTtIdYAL,2026-07-20
a03RB00001NswquYAB,ONETEAM不動産_2025/10,a04RB00000kUAPxYAO,月,001RB00001VTtIdYAL,2025/10,2025-10-01,a00RB00002AyetjYAB,a04RB00000kUAPxYAO,001RB00001VTtIdYAL,2026-07-20
a03RB00001NswqvYAB,ONETEAM不動産_2025/11,a04RB00000kUAPxYAO,月,001RB00001VTtIdYAL,2025/11,2025-11-01,a00RB00002AyetjYAB,a04RB00000kUAPxYAO,001RB00001VTtIdYAL,2026-07-20
a03RB00001NswqwYAB,ONETEAM不動産_2025/12,a04RB00000kUAPxYAO,月,001RB00001VTtIdYAL,2025/12,2025-12-01,a00RB00002AyetjYAB,a04RB00000kUAPxYAO,001RB00001VTtIdYAL,2026-07-20
a03RB00001NswqxYAB,ONETEAM不動産_2026/01,a04RB00000kUAPxYAO,月,001RB00001VTtIdYAL,2026/01,2026-01-01,a00RB00002AyetjYAB,a04RB00000kUAPxYAO,001RB00001VTtIdYAL,2026-07-20
a03RB00001NswqyYAB,ONETEAM不動産_2026/02,a04RB00000kUAPxYAO,月,001RB00001VTtIdYAL,2026/02,2026-02-01,a00RB00002AyetjYAB,a04RB00000kUAPxYAO,001RB00001VTtIdYAL,2026-07-20
a03RB00001NswqzYAB,ONETEAM不動産_2026/03,a04RB00000kUAPxYAO,月,001RB00001VTtIdYAL,2026/03,2026-03-01,a00RB00002AyetjYAB,a04RB00000kUAPxYAO,001RB00001VTtIdYAL,2026-07-20
a03RB00001Nswr0YAB,ONETEAM不動産_2026/04,a04RB00000kUAPxYAO,月,001RB00001VTtIdYAL,2026/04,2026-04-01,a00RB00002AyetjYAB,a04RB00000kUAPxYAO,001RB00001VTtIdYAL,2026-07-20
a03RB00001Nswr1YAB,ONETEAM不動産_2026/05,a04RB00000kUAPxYAO,月,001RB00001VTtIdYAL,2026/05,2026-05-01,a00RB00002AyetjYAB,a04RB00000kUAPxYAO,001RB00001VTtIdYAL,2026-07-20
a03RB00001Nswr2YAB,松栄不動産株式会社_2025/06,a04RB00000kUAPyYAO,月,001RB00001VTtIeYAL,2025/06,2025-06-01,,,,
a03RB00001Nswr3YAB,松栄不動産株式会社_2025/07,a04RB00000kUAPyYAO,月,001RB00001VTtIeYAL,2025/07,2025-07-01,,,,
a03RB00001Nswr4YAB,松栄不動産株式会社_2025/08,a04RB00000kUAPyYAO,月,001RB00001VTtIeYAL,2025/08,2025-08-01,,,,
a03RB00001Nswr5YAB,松栄不動産株式会社_2025/09,a04RB00000kUAPyYAO,月,001RB00001VTtIeYAL,2025/09,2025-09-01,,,,
a03RB00001Nswr6YAB,松栄不動産株式会社_2025/10,a04RB00000kUAPyYAO,月,001RB00001VTtIeYAL,2025/10,2025-10-01,,,,
a03RB00001Nswr7YAB,松栄不動産株式会社_2025/11,a04RB00000kUAPyYAO,月,001RB00001VTtIeYAL,2025/11,2025-11-01,,,,
a03RB00001Nswr8YAB,松栄不動産株式会社_2025/12,a04RB00000kUAPyYAO,月,001RB00001VTtIeYAL,2025/12,2025-12-01,,,,
a03RB00001Nswr9YAB,松栄不動産株式会社_2026/01,a04RB00000kUAPyYAO,月,001RB00001VTtIeYAL,2026/01,2026-01-01,,,,
a03RB00001NswrAYAR,松栄不動産株式会社_2026/02,a04RB00000kUAPyYAO,月,001RB00001VTtIeYAL,2026/02,2026-02-01,,,,
a03RB00001NswrBYAR,松栄不動産株式会社_2026/03,a04RB00000kUAPyYAO,月,001RB00001VTtIeYAL,2026/03,2026-03-01,,,,
a03RB00001NswrCYAR,松栄不動産株式会社_2026/04,a04RB00000kUAPyYAO,月,001RB00001VTtIeYAL,2026/04,2026-04-01,,,,
a03RB00001NswrDYAR,松栄不動産株式会社_2026/05,a04RB00000kUAPyYAO,月,001RB00001VTtIeYAL,2026/05,2026-05-01,,,,
a03RB00001NswrEYAR,TC神鋼不動産株式会社_2025/07,a04RB00000kUAPzYAO,月,001RB00001VTqfsYAD,2025/07,2025-07-01,a00RB000027flsLYAQ,a04RB00000kUAPzYAO,001RB00001VTqfsYAD,2026-06-20
a03RB00001NswrFYAR,TC神鋼不動産株式会社_2025/08,a04RB00000kUAPzYAO,月,001RB00001VTqfsYAD,2025/08,2025-08-01,a00RB000027flsLYAQ,a04RB00000kUAPzYAO,001RB00001VTqfsYAD,2026-06-20
a03RB00001NswrGYAR,TC神鋼不動産株式会社_2025/09,a04RB00000kUAPzYAO,月,001RB00001VTqfsYAD,2025/09,2025-09-01,a00RB000027flsLYAQ,a04RB00000kUAPzYAO,001RB00001VTqfsYAD,2026-06-20
a03RB00001NswrHYAR,TC神鋼不動産株式会社_2025/10,a04RB00000kUAPzYAO,月,001RB00001VTqfsYAD,2025/10,2025-10-01,a00RB000027flsLYAQ,a04RB00000kUAPzYAO,001RB00001VTqfsYAD,2026-06-20
a03RB00001NswrIYAR,TC神鋼不動産株式会社_2025/11,a04RB00000kUAPzYAO,月,001RB00001VTqfsYAD,2025/11,2025-11-01,a00RB000027flsLYAQ,a04RB00000kUAPzYAO,001RB00001VTqfsYAD,2026-06-20
a03RB00001NswrJYAR,TC神鋼不動産株式会社_2025/12,a04RB00000kUAPzYAO,月,001RB00001VTqfsYAD,2025/12,2025-12-01,a00RB000027flsLYAQ,a04RB00000kUAPzYAO,001RB00001VTqfsYAD,2026-06-20
a03RB00001NswrKYAR,TC神鋼不動産株式会社_2026/01,a04RB00000kUAPzYAO,月,001RB00001VTqfsYAD,2026/01,2026-01-01,a00RB000027flsLYAQ,a04RB00000kUAPzYAO,001RB00001VTqfsYAD,2026-06-20
a03RB00001NswrLYAR,TC神鋼不動産株式会社_2026/02,a04RB00000kUAPzYAO,月,001RB00001VTqfsYAD,2026/02,2026-02-01,a00RB000027flsLYAQ,a04RB00000kUAPzYAO,001RB00001VTqfsYAD,2026-06-20
a03RB00001NswrMYAR,TC神鋼不動産株式会社_2026/03,a04RB00000kUAPzYAO,月,001RB00001VTqfsYAD,2026/03,2026-03-01,a00RB000027flsLYAQ,a04RB00000kUAPzYAO,001RB00001VTqfsYAD,2026-06-20
a03RB00001NswrNYAR,TC神鋼不動産株式会社_2026/04,a04RB00000kUAPzYAO,月,001RB00001VTqfsYAD,2026/04,2026-04-01,a00RB000027flsLYAQ,a04RB00000kUAPzYAO,001RB00001VTqfsYAD,2026-06-20
a03RB00001NswrOYAR,TC神鋼不動産株式会社_2026/05,a04RB00000kUAPzYAO,月,001RB00001VTqfsYAD,2026/05,2026-05-01,a00RB000027flsLYAQ,a04RB00000kUAPzYAO,001RB00001VTqfsYAD,2026-06-20
a03RB00001NswrPYAR,株式会社TAKUTO_2025/07,a04RB00000kUAQ0YAO,月,001RB00001VTtIfYAL,2025/07,2025-07-01,a00RB000027fzNjYAI,a04RB00000kUAQ0YAO,001RB00001VTtIfYAL,2026-06-20
a03RB00001NswrQYAR,株式会社TAKUTO_2025/08,a04RB00000kUAQ0YAO,月,001RB00001VTtIfYAL,2025/08,2025-08-01,a00RB000027fzNjYAI,a04RB00000kUAQ0YAO,001RB00001VTtIfYAL,2026-06-20
a03RB00001NswrRYAR,株式会社TAKUTO_2025/09,a04RB00000kUAQ0YAO,月,001RB00001VTtIfYAL,2025/09,2025-09-01,a00RB000027fzNjYAI,a04RB00000kUAQ0YAO,001RB00001VTtIfYAL,2026-06-20
a03RB00001NswrSYAR,株式会社TAKUTO_2025/10,a04RB00000kUAQ0YAO,月,001RB00001VTtIfYAL,2025/10,2025-10-01,a00RB000027fzNjYAI,a04RB00000kUAQ0YAO,001RB00001VTtIfYAL,2026-06-20
a03RB00001NswrTYAR,株式会社TAKUTO_2025/11,a04RB00000kUAQ0YAO,月,001RB00001VTtIfYAL,2025/11,2025-11-01,a00RB000027fzNjYAI,a04RB00000kUAQ0YAO,001RB00001VTtIfYAL,2026-06-20
a03RB00001NswrUYAR,株式会社TAKUTO_2025/12,a04RB00000kUAQ0YAO,月,001RB00001VTtIfYAL,2025/12,2025-12-01,a00RB000027fzNjYAI,a04RB00000kUAQ0YAO,001RB00001VTtIfYAL,2026-06-20
a03RB00001NswrVYAR,株式会社TAKUTO_2026/01,a04RB00000kUAQ0YAO,月,001RB00001VTtIfYAL,2026/01,2026-01-01,a00RB000027fzNjYAI,a04RB00000kUAQ0YAO,001RB00001VTtIfYAL,2026-06-20
a03RB00001NswrWYAR,株式会社TAKUTO_2026/02,a04RB00000kUAQ0YAO,月,001RB00001VTtIfYAL,2026/02,2026-02-01,a00RB000027fzNjYAI,a04RB00000kUAQ0YAO,001RB00001VTtIfYAL,2026-06-20
a03RB00001NswrXYAR,株式会社TAKUTO_2026/03,a04RB00000kUAQ0YAO,月,001RB00001VTtIfYAL,2026/03,2026-03-01,a00RB000027fzNjYAI,a04RB00000kUAQ0YAO,001RB00001VTtIfYAL,2026-06-20
a03RB00001NswrYYAR,株式会社TAKUTO_2026/04,a04RB00000kUAQ0YAO,月,001RB00001VTtIfYAL,2026/04,2026-04-01,a00RB000027fzNjYAI,a04RB00000kUAQ0YAO,001RB00001VTtIfYAL,2026-06-20
a03RB00001NswrZYAR,株式会社TAKUTO_2026/05,a04RB00000kUAQ0YAO,月,001RB00001VTtIfYAL,2026/05,2026-05-01,a00RB000027fzNjYAI,a04RB00000kUAQ0YAO,001RB00001VTtIfYAL,2026-06-20
a03RB00001NswraYAB,株式会社グローバルセンター_2025/08,a04RB00000kUAQ1YAO,月,001RB00001VTqm2YAD,2025/08,2025-08-01,,,,
a03RB00001NswrbYAB,株式会社グローバルセンター_2025/09,a04RB00000kUAQ1YAO,月,001RB00001VTqm2YAD,2025/09,2025-09-01,,,,
a03RB00001NswrcYAB,株式会社グローバルセンター_2025/10,a04RB00000kUAQ1YAO,月,001RB00001VTqm2YAD,2025/10,2025-10-01,,,,
a03RB00001NswrdYAB,ホームトレードセンター株式会社_2025/08,a04RB00000kUAQ2YAO,月,001RB00001VTqnbYAD,2025/08,2025-08-01,a00RB000027fzNaYAI,a04RB00000kUAQ2YAO,001RB00001VTqnbYAD,2026-06-20
a03RB00001NswreYAB,ホームトレードセンター株式会社_2025/09,a04RB00000kUAQ2YAO,月,001RB00001VTqnbYAD,2025/09,2025-09-01,a00RB000027fzNaYAI,a04RB00000kUAQ2YAO,001RB00001VTqnbYAD,2026-06-20
a03RB00001NswrfYAB,ホームトレードセンター株式会社_2025/10,a04RB00000kUAQ2YAO,月,001RB00001VTqnbYAD,2025/10,2025-10-01,a00RB000027fzNaYAI,a04RB00000kUAQ2YAO,001RB00001VTqnbYAD,2026-06-20
a03RB00001NswrgYAB,ホームトレードセンター株式会社_2025/11,a04RB00000kUAQ2YAO,月,001RB00001VTqnbYAD,2025/11,2025-11-01,a00RB000027fzNaYAI,a04RB00000kUAQ2YAO,001RB00001VTqnbYAD,2026-06-20
a03RB00001NswrhYAB,ホームトレードセンター株式会社_2025/12,a04RB00000kUAQ2YAO,月,001RB00001VTqnbYAD,2025/12,2025-12-01,a00RB000027fzNaYAI,a04RB00000kUAQ2YAO,001RB00001VTqnbYAD,2026-06-20
a03RB00001NswriYAB,ホームトレードセンター株式会社_2026/01,a04RB00000kUAQ2YAO,月,001RB00001VTqnbYAD,2026/01,2026-01-01,a00RB000027fzNaYAI,a04RB00000kUAQ2YAO,001RB00001VTqnbYAD,2026-06-20
a03RB00001NswrjYAB,ホームトレードセンター株式会社_2026/02,a04RB00000kUAQ2YAO,月,001RB00001VTqnbYAD,2026/02,2026-02-01,a00RB000027fzNaYAI,a04RB00000kUAQ2YAO,001RB00001VTqnbYAD,2026-06-20
a03RB00001NswrkYAB,ホームトレードセンター株式会社_2026/03,a04RB00000kUAQ2YAO,月,001RB00001VTqnbYAD,2026/03,2026-03-01,a00RB000027fzNaYAI,a04RB00000kUAQ2YAO,001RB00001VTqnbYAD,2026-06-20
a03RB00001NswrlYAB,ホームトレードセンター株式会社_2026/04,a04RB00000kUAQ2YAO,月,001RB00001VTqnbYAD,2026/04,2026-04-01,a00RB000027fzNaYAI,a04RB00000kUAQ2YAO,001RB00001VTqnbYAD,2026-06-20
a03RB00001NswrmYAB,ホームトレードセンター株式会社_2026/05,a04RB00000kUAQ2YAO,月,001RB00001VTqnbYAD,2026/05,2026-05-01,a00RB000027fzNaYAI,a04RB00000kUAQ2YAO,001RB00001VTqnbYAD,2026-06-20
a03RB00001NswrnYAB,株式会社アズスタット_2025/08,a04RB00000kUAQ3YAO,月,001RB00001VTqnHYAT,2025/08,2025-08-01,a00RB000027fzNbYAI,a04RB00000kUAQ3YAO,001RB00001VTqnHYAT,2026-06-20
a03RB00001NswroYAB,株式会社アズスタット_2025/09,a04RB00000kUAQ3YAO,月,001RB00001VTqnHYAT,2025/09,2025-09-01,a00RB000027fzNbYAI,a04RB00000kUAQ3YAO,001RB00001VTqnHYAT,2026-06-20
a03RB00001NswrpYAB,株式会社アズスタット_2025/10,a04RB00000kUAQ3YAO,月,001RB00001VTqnHYAT,2025/10,2025-10-01,a00RB000027fzNbYAI,a04RB00000kUAQ3YAO,001RB00001VTqnHYAT,2026-06-20
a03RB00001NswrqYAB,株式会社アズスタット_2025/11,a04RB00000kUAQ3YAO,月,001RB00001VTqnHYAT,2025/11,2025-11-01,a00RB000027fzNbYAI,a04RB00000kUAQ3YAO,001RB00001VTqnHYAT,2026-06-20
a03RB00001NswrrYAB,株式会社アズスタット_2025/12,a04RB00000kUAQ3YAO,月,001RB00001VTqnHYAT,2025/12,2025-12-01,a00RB000027fzNbYAI,a04RB00000kUAQ3YAO,001RB00001VTqnHYAT,2026-06-20
a03RB00001NswrsYAB,株式会社アズスタット_2026/01,a04RB00000kUAQ3YAO,月,001RB00001VTqnHYAT,2026/01,2026-01-01,a00RB000027fzNbYAI,a04RB00000kUAQ3YAO,001RB00001VTqnHYAT,2026-06-20
a03RB00001NswrtYAB,株式会社アズスタット_2026/02,a04RB00000kUAQ3YAO,月,001RB00001VTqnHYAT,2026/02,2026-02-01,a00RB000027fzNbYAI,a04RB00000kUAQ3YAO,001RB00001VTqnHYAT,2026-06-20
a03RB00001NswruYAB,株式会社アズスタット_2026/03,a04RB00000kUAQ3YAO,月,001RB00001VTqnHYAT,2026/03,2026-03-01,a00RB000027fzNbYAI,a04RB00000kUAQ3YAO,001RB00001VTqnHYAT,2026-06-20
a03RB00001NswrvYAB,株式会社アズスタット_2026/04,a04RB00000kUAQ3YAO,月,001RB00001VTqnHYAT,2026/04,2026-04-01,a00RB000027fzNbYAI,a04RB00000kUAQ3YAO,001RB00001VTqnHYAT,2026-06-20
a03RB00001NswrwYAB,株式会社アズスタット_2026/05,a04RB00000kUAQ3YAO,月,001RB00001VTqnHYAT,2026/05,2026-05-01,a00RB000027fzNbYAI,a04RB00000kUAQ3YAO,001RB00001VTqnHYAT,2026-06-20
a03RB00001NswrxYAB,株式会社 秀建_2025/08,a04RB00000kUAQ4YAO,月,001RB00001VTtIgYAL,2025/08,2025-08-01,,,,
a03RB00001NswryYAB,株式会社 秀建_2025/09,a04RB00000kUAQ4YAO,月,001RB00001VTtIgYAL,2025/09,2025-09-01,,,,
a03RB00001NswrzYAB,株式会社 秀建_2025/10,a04RB00000kUAQ4YAO,月,001RB00001VTtIgYAL,2025/10,2025-10-01,,,,
a03RB00001Nsws0YAB,株式会社 秀建_2025/11,a04RB00000kUAQ4YAO,月,001RB00001VTtIgYAL,2025/11,2025-11-01,,,,
a03RB00001Nsws1YAB,株式会社 秀建_2025/12,a04RB00000kUAQ4YAO,月,001RB00001VTtIgYAL,2025/12,2025-12-01,,,,
a03RB00001Nsws2YAB,株式会社アークフロンティア テラスエステート_2025/09,a04RB00000kUAQ5YAO,月,001RB00001VTtIhYAL,2025/09,2025-09-01,,,,
a03RB00001Nsws3YAB,株式会社アークフロンティア テラスエステート_2025/10,a04RB00000kUAQ5YAO,月,001RB00001VTtIhYAL,2025/10,2025-10-01,,,,
a03RB00001Nsws4YAB,株式会社アークフロンティア テラスエステート_2025/11,a04RB00000kUAQ5YAO,月,001RB00001VTtIhYAL,2025/11,2025-11-01,,,,
a03RB00001Nsws5YAB,株式会社アークフロンティア テラスエステート_2025/12,a04RB00000kUAQ5YAO,月,001RB00001VTtIhYAL,2025/12,2025-12-01,,,,
a03RB00001Nsws6YAB,株式会社アークフロンティア テラスエステート_2026/01,a04RB00000kUAQ5YAO,月,001RB00001VTtIhYAL,2026/01,2026-01-01,,,,
a03RB00001Nsws7YAB,株式会社アークフロンティア テラスエステート_2026/02,a04RB00000kUAQ5YAO,月,001RB00001VTtIhYAL,2026/02,2026-02-01,,,,
a03RB00001Nsws8YAB,株式会社アークフロンティア テラスエステート_2026/03,a04RB00000kUAQ5YAO,月,001RB00001VTtIhYAL,2026/03,2026-03-01,,,,
a03RB00001Nsws9YAB,株式会社レーベントラスト_2025/09,a04RB00000kUAQ6YAO,月,001RB00001VTqbqYAD,2025/09,2025-09-01,a00RB00002Am2BsYAJ,a04RB00000kUAQ6YAO,001RB00001VTqbqYAD,2026-07-20
a03RB00001NswsAYAR,株式会社レーベントラスト_2025/10,a04RB00000kUAQ6YAO,月,001RB00001VTqbqYAD,2025/10,2025-10-01,a00RB00002Am2BsYAJ,a04RB00000kUAQ6YAO,001RB00001VTqbqYAD,2026-07-20
a03RB00001NswsBYAR,株式会社レーベントラスト_2025/11,a04RB00000kUAQ6YAO,月,001RB00001VTqbqYAD,2025/11,2025-11-01,a00RB00002Am2BsYAJ,a04RB00000kUAQ6YAO,001RB00001VTqbqYAD,2026-07-20
a03RB00001NswsCYAR,株式会社レーベントラスト_2025/12,a04RB00000kUAQ6YAO,月,001RB00001VTqbqYAD,2025/12,2025-12-01,a00RB00002Am2BsYAJ,a04RB00000kUAQ6YAO,001RB00001VTqbqYAD,2026-07-20
a03RB00001NswsDYAR,株式会社レーベントラスト_2026/01,a04RB00000kUAQ6YAO,月,001RB00001VTqbqYAD,2026/01,2026-01-01,a00RB00002Am2BsYAJ,a04RB00000kUAQ6YAO,001RB00001VTqbqYAD,2026-07-20
a03RB00001NswsEYAR,株式会社レーベントラスト_2026/02,a04RB00000kUAQ6YAO,月,001RB00001VTqbqYAD,2026/02,2026-02-01,a00RB00002Am2BsYAJ,a04RB00000kUAQ6YAO,001RB00001VTqbqYAD,2026-07-20
a03RB00001NswsFYAR,株式会社レーベントラスト_2026/03,a04RB00000kUAQ6YAO,月,001RB00001VTqbqYAD,2026/03,2026-03-01,a00RB00002Am2BsYAJ,a04RB00000kUAQ6YAO,001RB00001VTqbqYAD,2026-07-20
a03RB00001NswsGYAR,株式会社レーベントラスト_2026/04,a04RB00000kUAQ6YAO,月,001RB00001VTqbqYAD,2026/04,2026-04-01,a00RB00002Am2BsYAJ,a04RB00000kUAQ6YAO,001RB00001VTqbqYAD,2026-07-20
a03RB00001NswsHYAR,株式会社レーベントラスト_2026/05,a04RB00000kUAQ6YAO,月,001RB00001VTqbqYAD,2026/05,2026-05-01,a00RB00002Am2BsYAJ,a04RB00000kUAQ6YAO,001RB00001VTqbqYAD,2026-07-20
a03RB00001NswsIYAR,株式会社CHINTAI_2025/10,a04RB00000kUAQ7YAO,月,001RB00001VTqxoYAD,2025/10,2025-10-01,,,,
a03RB00001NswsJYAR,株式会社CHINTAI_2025/11,a04RB00000kUAQ7YAO,月,001RB00001VTqxoYAD,2025/11,2025-11-01,,,,
a03RB00001NswsKYAR,株式会社CHINTAI_2026/02,a04RB00000kUAQ7YAO,月,001RB00001VTqxoYAD,2026/02,2026-02-01,,,,
a03RB00001NswsLYAR,東京建物不動産販売株式会社 ※10月のみ_2025/10,a04RB00000kUAQ8YAO,月,001RB00001VTqseYAD,2025/10,2025-10-01,,,,
a03RB00001NswsMYAR,株式会社 三福管理センター_2025/11,a04RB00000kUAQ9YAO,月,001RB00001VTqatYAD,2025/11,2025-11-01,a00RB00002Am2BQYAZ,a04RB00000kUAQ9YAO,001RB00001VTqatYAD,2026-07-20
a03RB00001NswsNYAR,株式会社 三福管理センター_2025/12,a04RB00000kUAQ9YAO,月,001RB00001VTqatYAD,2025/12,2025-12-01,a00RB00002Am2BQYAZ,a04RB00000kUAQ9YAO,001RB00001VTqatYAD,2026-07-20
a03RB00001NswsOYAR,株式会社 三福管理センター_2026/01,a04RB00000kUAQ9YAO,月,001RB00001VTqatYAD,2026/01,2026-01-01,a00RB00002Am2BQYAZ,a04RB00000kUAQ9YAO,001RB00001VTqatYAD,2026-07-20
a03RB00001NswsPYAR,株式会社 三福管理センター_2026/02,a04RB00000kUAQ9YAO,月,001RB00001VTqatYAD,2026/02,2026-02-01,a00RB00002Am2BQYAZ,a04RB00000kUAQ9YAO,001RB00001VTqatYAD,2026-07-20
a03RB00001NswsQYAR,株式会社 三福管理センター_2026/03,a04RB00000kUAQ9YAO,月,001RB00001VTqatYAD,2026/03,2026-03-01,a00RB00002Am2BQYAZ,a04RB00000kUAQ9YAO,001RB00001VTqatYAD,2026-07-20
a03RB00001NswsRYAR,株式会社 三福管理センター_2026/04,a04RB00000kUAQ9YAO,月,001RB00001VTqatYAD,2026/04,2026-04-01,a00RB00002Am2BQYAZ,a04RB00000kUAQ9YAO,001RB00001VTqatYAD,2026-07-20
a03RB00001NswsSYAR,株式会社ケン・プロパティマネジメント_2025/12,a04RB00000kUAQAYA4,月,001RB00001VTrGkYAL,2025/12,2025-12-01,a00RB00002AyE6JYAV,a04RB00000kUAQAYA4,001RB00001VTrGkYAL,2026-07-20
a03RB00001NswsTYAR,株式会社ケン・プロパティマネジメント_2026/01,a04RB00000kUAQAYA4,月,001RB00001VTrGkYAL,2026/01,2026-01-01,a00RB00002AyE6JYAV,a04RB00000kUAQAYA4,001RB00001VTrGkYAL,2026-07-20
a03RB00001NswsUYAR,株式会社ケン・プロパティマネジメント_2026/02,a04RB00000kUAQAYA4,月,001RB00001VTrGkYAL,2026/02,2026-02-01,a00RB00002AyE6JYAV,a04RB00000kUAQAYA4,001RB00001VTrGkYAL,2026-07-20
a03RB00001NswsVYAR,株式会社ケン・プロパティマネジメント_2026/03,a04RB00000kUAQAYA4,月,001RB00001VTrGkYAL,2026/03,2026-03-01,a00RB00002AyE6JYAV,a04RB00000kUAQAYA4,001RB00001VTrGkYAL,2026-07-20
a03RB00001NswsWYAR,株式会社ケン・プロパティマネジメント_2026/04,a04RB00000kUAQAYA4,月,001RB00001VTrGkYAL,2026/04,2026-04-01,a00RB00002AyE6JYAV,a04RB00000kUAQAYA4,001RB00001VTrGkYAL,2026-07-20
a03RB00001NswsXYAR,株式会社ケン・プロパティマネジメント_2026/05,a04RB00000kUAQAYA4,月,001RB00001VTrGkYAL,2026/05,2026-05-01,a00RB00002AyE6JYAV,a04RB00000kUAQAYA4,001RB00001VTrGkYAL,2026-07-20
a03RB00001NswsYYAR,株式会社建新_2026/02,a04RB00000kUAQBYA4,月,001RB00001VTtIiYAL,2026/02,2026-02-01,a00RB00002AyE6KYAV,a04RB00000kUAQBYA4,001RB00001VTtIiYAL,2026-07-20
a03RB00001NswsZYAR,株式会社建新_2026/03,a04RB00000kUAQBYA4,月,001RB00001VTtIiYAL,2026/03,2026-03-01,a00RB00002AyE6KYAV,a04RB00000kUAQBYA4,001RB00001VTtIiYAL,2026-07-20
a03RB00001NswsaYAB,株式会社建新_2026/04,a04RB00000kUAQBYA4,月,001RB00001VTtIiYAL,2026/04,2026-04-01,a00RB00002AyE6KYAV,a04RB00000kUAQBYA4,001RB00001VTtIiYAL,2026-07-20
a03RB00001NswsbYAB,株式会社建新_2026/05,a04RB00000kUAQBYA4,月,001RB00001VTtIiYAL,2026/05,2026-05-01,a00RB00002AyE6KYAV,a04RB00000kUAQBYA4,001RB00001VTtIiYAL,2026-07-20
a03RB00001NswscYAB,株式会社夢のおてつだい_2026/02,a04RB00000kUAQCYA4,月,001RB00001VTrkYYAT,2026/02,2026-02-01,a00RB00002Am2BSYAZ,a04RB00000kUAQCYA4,001RB00001VTrkYYAT,2026-07-20
a03RB00001NswsdYAB,株式会社夢のおてつだい_2026/03,a04RB00000kUAQCYA4,月,001RB00001VTrkYYAT,2026/03,2026-03-01,a00RB00002Am2BSYAZ,a04RB00000kUAQCYA4,001RB00001VTrkYYAT,2026-07-20
a03RB00001NswseYAB,株式会社夢のおてつだい_2026/04,a04RB00000kUAQCYA4,月,001RB00001VTrkYYAT,2026/04,2026-04-01,a00RB00002Am2BSYAZ,a04RB00000kUAQCYA4,001RB00001VTrkYYAT,2026-07-20
a03RB00001NswsfYAB,株式会社夢のおてつだい_2026/05,a04RB00000kUAQCYA4,月,001RB00001VTrkYYAT,2026/05,2026-05-01,a00RB00002Am2BSYAZ,a04RB00000kUAQCYA4,001RB00001VTrkYYAT,2026-07-20
a03RB00001NswsgYAB,株式会社JBリアルエステート_2026/04,a04RB00000kUAQDYA4,月,001RB00001VTrqfYAD,2026/04,2026-04-01,,,,
a03RB00001QugoIYAR,Mig_freee請求移行_アイリスチトセ株式会社_2026/05_INV-0000000078,a04RB00000kVL7JYAW,月,001RB00001VTqlZYAT,2026/05,2026-05-01,a00RB000024Ux5NYAS,a04RB00000kVL7JYAW,001RB00001VTqlZYAT,2026-05-19
a03RB00001QugoJYAR,Mig_freee請求移行_クウジット株式会社_2026/05_INV-0000000100,a04RB00000kVL7KYAW,月,001RB00001VcyFKYAZ,2026/05,2026-05-01,a00RB000024Ux5jYAC,a04RB00000kVL7KYAW,001RB00001VcyFKYAZ,2026-05-22
a03RB00001QugoKYAR,Mig_freee請求移行_コクヨ 株式会社_2026/06_INV-0000000110,a04RB00000kVL7LYAW,月,001RB00001VTCZ9YAP,2026/06,2026-06-01,a00RB000024Vf25YAC,a04RB00000kVL7LYAW,001RB00001VTCZ9YAP,2026-06-19
a03RB00001QugoLYAR,Mig_freee請求移行_さいたま家づくりネットワーク事務局_2026/03_INV-0000000010,a04RB00000kVL7MYAW,月,001RB00001VcyFLYAZ,2026/03,2026-03-01,a00RB000024Ux4HYAS,a04RB00000kVL7MYAW,001RB00001VcyFLYAZ,2026-03-02
a03RB00001QugoNYAR,Mig_freee請求移行_トヨタコニックプロ株式会社_2026/05_INV-0000000074,a04RB00000kVL7OYAW,月,001RB00001VTrkUYAT,2026/05,2026-05-01,a00RB000024Ux5JYAS,a04RB00000kVL7OYAW,001RB00001VTrkUYAT,2026-05-12
a03RB00001QugoOYAR,Mig_freee請求移行_プラス株式会社_2026/05_INV-0000000105,a04RB00000kVL7PYAW,月,001RB00001VTCZLYA5,2026/05,2026-05-01,a00RB000024Vf20YAC,a04RB00000kVL7PYAW,001RB00001VTCZLYA5,2026-05-31
a03RB00001QugoPYAR,Mig_freee請求移行_プラス株式会社_2026/06_INV-0000000131,a04RB00000kVL7PYAW,月,001RB00001VTCZLYA5,2026/06,2026-06-01,a00RB000024Vf2QYAS,a04RB00000kVL7PYAW,001RB00001VTCZLYA5,2026-06-30
a03RB00001QugoQYAR,Mig_freee請求移行_リユースせいわ 西和不動産株式会社 栗東店_2026/04_INV-0000000066,a04RB00000kVL7QYAW,月,001RB00001VTtIZYA1,2026/04,2026-04-01,a00RB000024Ux5BYAS,a04RB00000kVL7QYAW,001RB00001VTtIZYA1,2026-04-20
a03RB00001QugoRYAR,Mig_freee請求移行_株式会社LIXIL_2026/03_INV-0000000041,a04RB00000kVL7RYAW,月,001RB00001VTqidYAD,2026/03,2026-03-01,a00RB000024Ux4mYAC,a04RB00000kVL7RYAW,001RB00001VTqidYAD,2026-03-24
a03RB00001QugoSYAR,Mig_freee請求移行_株式会社アールシーコア_2026/03_INV-0000000024,a04RB00000kVL7SYAW,月,001RB00001VTqxQYAT,2026/03,2026-03-01,a00RB000024Ux4VYAS,a04RB00000kVL7SYAW,001RB00001VTqxQYAT,2026-03-20
a03RB00001QugoTYAR,Mig_freee請求移行_株式会社アールシーコア_2026/04_INV-0000000052,a04RB00000kVL7SYAW,月,001RB00001VTqxQYAT,2026/04,2026-04-01,a00RB000024Ux4xYAC,a04RB00000kVL7SYAW,001RB00001VTqxQYAT,2026-04-20
a03RB00001QugoUYAR,Mig_freee請求移行_株式会社アールシーコア_2026/05_INV-0000000083,a04RB00000kVL7SYAW,月,001RB00001VTqxQYAT,2026/05,2026-05-01,a00RB000024Ux5SYAS,a04RB00000kVL7SYAW,001RB00001VTqxQYAT,2026-05-20
a03RB00001QugoVYAR,Mig_freee請求移行_株式会社アールシーコア_2026/06_INV-0000000115,a04RB00000kVL7SYAW,月,001RB00001VTqxQYAT,2026/06,2026-06-01,a00RB000024Vf2AYAS,a04RB00000kVL7SYAW,001RB00001VTqxQYAT,2026-06-20
a03RB00001QugoWYAR,Mig_freee請求移行_株式会社アイ・キューブ_2026/03_INV-0000000042,a04RB00000kVL7TYAW,月,001RB00001VTrlAYAT,2026/03,2026-03-01,a00RB000024Ux4nYAC,a04RB00000kVL7TYAW,001RB00001VTrlAYAT,2026-03-27
a03RB00001QugoXYAR,Mig_freee請求移行_株式会社エリオクリエイト_2026/05_INV-0000000104,a04RB00000kVL7UYAW,月,001RB00001VTrxYYAT,2026/05,2026-05-01,a00RB000024Vf1zYAC,a04RB00000kVL7UYAW,001RB00001VTrxYYAT,2026-05-31
a03RB00001QugoYYAR,Mig_freee請求移行_株式会社コスモスイニシア_2026/03_INV-0000000009,a04RB00000kVL7VYAW,月,001RB00001VTqgBYAT,2026/03,2026-03-01,a00RB000024Ux4GYAS,a04RB00000kVL7VYAW,001RB00001VTqgBYAT,2026-03-19
a03RB00001QugoZYAR,Mig_freee請求移行_株式会社コスモスイニシア_2026/04_INV-0000000069,a04RB00000kVL7VYAW,月,001RB00001VTqgBYAT,2026/04,2026-04-01,a00RB000024Ux5EYAS,a04RB00000kVL7VYAW,001RB00001VTqgBYAT,2026-04-22
a03RB00001QugoaYAB,Mig_freee請求移行_株式会社コスモスイニシア_2026/04_INV-0000000070,a04RB00000kVL7VYAW,月,001RB00001VTqgBYAT,2026/04,2026-04-01,a00RB000024Ux5FYAS,a04RB00000kVL7VYAW,001RB00001VTqgBYAT,2026-04-22
a03RB00001QugobYAB,Mig_freee請求移行_株式会社コスモスイニシア_2026/05_INV-0000000099,a04RB00000kVL7VYAW,月,001RB00001VTqgBYAT,2026/05,2026-05-01,a00RB000024Ux5iYAC,a04RB00000kVL7VYAW,001RB00001VTqgBYAT,2026-05-22
a03RB00001QugocYAB,Mig_freee請求移行_株式会社サンケイビル_2026/03_INV-0000000004,a04RB00000kVL7WYAW,月,001RB00001VTrvXYAT,2026/03,2026-03-01,a00RB000024Ux4BYAS,a04RB00000kVL7WYAW,001RB00001VTrvXYAT,2026-03-23
a03RB00001QugodYAB,Mig_freee請求移行_株式会社スタッコ_2026/03_INV-0000000012,a04RB00000kVL7XYAW,月,001RB00001VcyFMYAZ,2026/03,2026-03-01,a00RB000024Ux4JYAS,a04RB00000kVL7XYAW,001RB00001VcyFMYAZ,2026-03-13
a03RB00001QugofYAB,Mig_freee請求移行_株式会社ハートランド_2026/03_INV-0000000038,a04RB00000kVL7ZYAW,月,001RB00001VTtIcYAL,2026/03,2026-03-01,a00RB000024Ux4jYAC,a04RB00000kVL7ZYAW,001RB00001VTtIcYAL,2026-03-20
a03RB00001QugogYAB,Mig_freee請求移行_株式会社ハートランド_2026/04_INV-0000000065,a04RB00000kVL7ZYAW,月,001RB00001VTtIcYAL,2026/04,2026-04-01,a00RB000024Ux5AYAS,a04RB00000kVL7ZYAW,001RB00001VTtIcYAL,2026-04-20
a03RB00001QugohYAB,Mig_freee請求移行_株式会社石勝エクステリア_2026/03_INV-0000000023,a04RB00000kVL7aYAG,月,001RB00001VTqnMYAT,2026/03,2026-03-01,a00RB000024Ux4UYAS,a04RB00000kVL7aYAG,001RB00001VTqnMYAT,2026-03-20
a03RB00001QugoiYAB,Mig_freee請求移行_株式会社中村不動産開発_2026/03_INV-0000000040,a04RB00000kVL7bYAG,月,001RB00001VTrGlYAL,2026/03,2026-03-01,a00RB000024Ux4lYAC,a04RB00000kVL7bYAG,001RB00001VTrGlYAL,2026-03-24
a03RB00001QugojYAB,Mig_freee請求移行_近鉄不動産株式会社_2026/05_INV-0000000103,a04RB00000kVL7cYAG,月,001RB00001VTrvcYAD,2026/05,2026-05-01,a00RB000024Vf1yYAC,a04RB00000kVL7cYAG,001RB00001VTrvcYAD,2026-05-27
a03RB00001QugokYAB,Mig_freee請求移行_近鉄不動産株式会社_2026/06_INV-0000000008,a04RB00000kVL7cYAG,月,001RB00001VTrvcYAD,2026/06,2026-06-01,a00RB000024Ux4FYAS,a04RB00000kVL7cYAG,001RB00001VTrvcYAD,2026-06-09
a03RB00001QugolYAB,Mig_freee請求移行_合同会社髙木秀太事務所 NOI STUDIO_2026/04_INV-0000000017,a04RB00000kVL7dYAG,月,001RB00001VcyFNYAZ,2026/04,2026-04-01,a00RB000024Ux4OYAS,a04RB00000kVL7dYAG,001RB00001VcyFNYAZ,2026-04-09
a03RB00001QugomYAB,Mig_freee請求移行_三菱商事 株式会社_2026/03_INV-0000000011,a04RB00000kVL7eYAG,月,001RB00001VTqkoYAD,2026/03,2026-03-01,a00RB000024Ux4IYAS,a04RB00000kVL7eYAG,001RB00001VTqkoYAD,2026-03-02
a03RB00001QugonYAB,Mig_freee請求移行_松栄不動産株式会社_2026/03_INV-0000000036,a04RB00000kVL7fYAG,月,001RB00001VTtIeYAL,2026/03,2026-03-01,a00RB000024Ux4hYAC,a04RB00000kVL7fYAG,001RB00001VTtIeYAL,2026-03-20
a03RB00001QugooYAB,Mig_freee請求移行_松栄不動産株式会社_2026/04_INV-0000000063,a04RB00000kVL7fYAG,月,001RB00001VTtIeYAL,2026/04,2026-04-01,a00RB000024Ux58YAC,a04RB00000kVL7fYAG,001RB00001VTtIeYAL,2026-04-20
a03RB00001QugoqYAB,Mig_freee請求移行_神奈川県知事　黒岩　祐治_2026/03_INV-0000000045,a04RB00000kVL7gYAG,月,001RB00001VcyFOYAZ,2026/03,2026-03-01,a00RB000027lnMpYAI,a04RB00000kVL7gYAG,001RB00001VcyFOYAZ,2026-03-31
a03RB00001QugosYAB,Mig_freee請求移行_帝国不動産株式会社_2026/06_INV-0000000109,a04RB00000kVL7hYAG,月,001RB00001VcyFPYAZ,2026/06,2026-06-01,a00RB000024Vf24YAC,a04RB00000kVL7hYAG,001RB00001VcyFPYAZ,2026-06-19
a03RB00001QugotYAB,Mig_freee請求移行_東急不動産株式会社_2026/03_INV-0000000019,a04RB00000kVL7iYAG,月,001RB00001VTqUVYA1,2026/03,2026-03-01,a00RB000024Ux4QYAS,a04RB00000kVL7iYAG,001RB00001VTqUVYA1,2026-03-20
a03RB00001QugouYAB,Mig_freee請求移行_東急不動産株式会社_2026/04_INV-0000000048,a04RB00000kVL7iYAG,月,001RB00001VTqUVYA1,2026/04,2026-04-01,a00RB000024Ux4tYAC,a04RB00000kVL7iYAG,001RB00001VTqUVYA1,2026-04-20
a03RB00001QugovYAB,Mig_freee請求移行_東急不動産株式会社_2026/05_INV-0000000079,a04RB00000kVL7iYAG,月,001RB00001VTqUVYA1,2026/05,2026-05-01,a00RB000024Ux5OYAS,a04RB00000kVL7iYAG,001RB00001VTqUVYA1,2026-05-20
a03RB00001QugowYAB,Mig_freee請求移行_東急不動産株式会社_2026/06_INV-0000000111,a04RB00000kVL7iYAG,月,001RB00001VTqUVYA1,2026/06,2026-06-01,a00RB000024Vf26YAC,a04RB00000kVL7iYAG,001RB00001VTqUVYA1,2026-06-20
a03RB00001QugoxYAB,Mig_freee請求移行_野村不動産株式会社_2026/04_INV-0000000068,a04RB00000kVL7jYAG,月,001RB00001VTCYEYA5,2026/04,2026-04-01,a00RB000024Ux5DYAS,a04RB00000kVL7jYAG,001RB00001VTCYEYA5,2026-04-22
a03RB00001QugoyYAB,Mig_freee請求移行_野村不動産株式会社_2026/04_INV-0000000071,a04RB00000kVL7jYAG,月,001RB00001VTCYEYA5,2026/04,2026-04-01,a00RB000024Ux5GYAS,a04RB00000kVL7jYAG,001RB00001VTCYEYA5,2026-04-22
a03RB00001RIREcYAP,サンフロンティア不動産株式会社_2026/06,a04RB00000kUANdYAO,月,001RB00001VTqlYYAT,2026/06,2026-06-01,a00RB00002Am2BhYAJ,a04RB00000kUANdYAO,001RB00001VTqlYYAT,2026-07-20
a03RB00001RIREdYAP,studio55_2026/06,a04RB00000kUANnYAO,月,001RB00001VTrOjYAL,2026/06,2026-06-01,,,,
a03RB00001RIREeYAP,東急株式会社_2026/06,a04RB00000kUANgYAO,月,001RB00001VTrs0YAD,2026/06,2026-06-01,a00RB00002Am2BKYAZ,a04RB00000kUANgYAO,001RB00001VTrs0YAD,2026-03-20
a03RB00001RIREfYAP,前田工務店_2026/06,a04RB00000kUANjYAO,月,001RB00001VTCYmYAP,2026/06,2026-06-01,a00RB00002B5oLIYAZ,a04RB00000kUANjYAO,001RB00001VTCYmYAP,2026-03-20
a03RB00001RIREgYAP,ムゲンエステート_2026/06,a04RB00000kUANmYAO,月,001RB00001VTqlOYAT,2026/06,2026-06-01,a00RB00002Am2BpYAJ,a04RB00000kUANmYAO,001RB00001VTqlOYAT,2026-07-20
a03RB00001RIREhYAP,ハウスプラザ_2026/06,a04RB00000kUAPVYA4,月,001RB00001VTqZpYAL,2026/06,2026-06-01,a00RB00002AyetiYAB,a04RB00000kUAPVYA4,001RB00001VTqZpYAL,2026-07-20
a03RB00001RIREiYAP,株式会社イーグランド_2026/06,a04RB00000kUAPXYA4,月,001RB00001VTqZVYA1,2026/06,2026-06-01,a00RB00002AyetlYAB,a04RB00000kUAPXYA4,001RB00001VTqZVYA1,2026-07-20
a03RB00001RIREjYAP,九州旅客鉄道株式会社　工事部施設課_2026/06,a04RB00000kUANxYAO,月,001RB00001VTrOlYAL,2026/06,2026-06-01,,,,
a03RB00001RIREkYAP,株式会社穂積住宅_2026/06,a04RB00000kUAPbYAO,月,001RB00001VTqaGYAT,2026/06,2026-06-01,a00RB000027fzNnYAI,a04RB00000kUAPbYAO,001RB00001VTqaGYAT,2026-06-20
a03RB00001RIRElYAP,株式会社TRIAD_2026/06,a04RB00000kUANwYAO,月,001RB00001VTqUoYAL,2026/06,2026-06-01,a00RB00002Am2BoYAJ,a04RB00000kUANwYAO,001RB00001VTqUoYAL,2026-07-20
a03RB00001RIREmYAP,リアルティホールディングス株式会社_2026/06,a04RB00000kUAPdYAO,月,001RB00001VTtIUYA1,2026/06,2026-06-01,a00RB00002B5oLMYAZ,a04RB00000kUAPdYAO,001RB00001VTtIUYA1,2026-07-20
a03RB00001RIREnYAP,戸田建設(設計部:月額)_2026/06,a04RB00000kUAO0YAO,月,001RB00001VTrmnYAD,2026/06,2026-06-01,a00RB00002Am2BqYAJ,a04RB00000kUAO0YAO,001RB00001VTrmnYAD,2026-07-20
a03RB00001RIREoYAP,株式会社ヨコハマ地所_2026/06,a04RB00000kUAPgYAO,月,001RB00001VTqYlYAL,2026/06,2026-06-01,,,,
a03RB00001RIREpYAP,株式会社エージェント_2026/06,a04RB00000kUAPjYAO,月,001RB00001VTqZWYA1,2026/06,2026-06-01,a00RB00002B0dy8YAB,a04RB00000kUAPjYAO,001RB00001VTqZWYA1,2026-07-20
a03RB00001RIREqYAP,株式会社博進コスモプラザ_2026/06,a04RB00000kUAPlYAO,月,001RB00001VTtIXYA1,2026/06,2026-06-01,a00RB00002AyetkYAB,a04RB00000kUAPlYAO,001RB00001VTtIXYA1,2026-07-20
a03RB00001RIRErYAP,47内装株式会社_2026/06,a04RB00000kUAO1YAO,月,001RB00001VTCYGYA5,2026/06,2026-06-01,a00RB00002Am2BmYAJ,a04RB00000kUAO1YAO,001RB00001VTCYGYA5,2026-07-20
a03RB00001RIREsYAP,株式会社香川不動産買取センター_2026/06,a04RB00000kUAPnYAO,月,001RB00001VTqaKYAT,2026/06,2026-06-01,a00RB000027fzNlYAI,a04RB00000kUAPnYAO,001RB00001VTqaKYAT,2026-06-20
a03RB00001RIREtYAP,ANAスカイビルサービス株式会社　※郵送希望_2026/06,a04RB00000kUAO2YAO,月,001RB00001VTCYFYA5,2026/06,2026-06-01,a00RB00002Am2BlYAJ,a04RB00000kUAO2YAO,001RB00001VTCYFYA5,2026-07-20
a03RB00001RIREuYAP,吉村紳　一級建築士事務所_2026/06,a04RB00000kUAO7YAO,月,001RB00001VTqU3YAL,2026/06,2026-06-01,a00RB00002Am2BkYAJ,a04RB00000kUAO7YAO,001RB00001VTqU3YAL,2026-07-20
a03RB00001RIREvYAP,株式会社デザインアーク_2026/06,a04RB00000kUAOAYA4,月,001RB00001VTruAYAT,2026/06,2026-06-01,a00RB000027lnMsYAI,a04RB00000kUAOAYA4,001RB00001VTruAYAT,2026-04-20
a03RB00001RIREwYAP,野原グループ株式会社_2026/06,a04RB00000kUAOFYA4,月,001RB00001VTqbbYAD,2026/06,2026-06-01,a00RB00002Am2BjYAJ,a04RB00000kUAOFYA4,001RB00001VTqbbYAD,2026-07-20
a03RB00001RIRExYAP,九州旅客鉄道株式会社　博多設備区_2026/06,a04RB00000kUAOIYA4,月,001RB00001VTrOlYAL,2026/06,2026-06-01,,,,
a03RB00001RIREyYAP,アイリスオーヤマ（ストアデザイン部）_2026/06,a04RB00000kUAOKYA4,月,001RB00001VTqkwYAD,2026/06,2026-06-01,,,,
a03RB00001RIREzYAP,アイリスオーヤマ（空間デザイン部）_2026/06,a04RB00000kUAOLYA4,月,001RB00001VTqkwYAD,2026/06,2026-06-01,,,,
a03RB00001RIRF0YAP,九州旅客鉄道株式会社　開発工事部_2026/06,a04RB00000kUAONYA4,月,001RB00001VTrOlYAL,2026/06,2026-06-01,,,,
a03RB00001RIRF1YAP,ONETEAM不動産_2026/06,a04RB00000kUAPxYAO,月,001RB00001VTtIdYAL,2026/06,2026-06-01,a00RB00002AyetjYAB,a04RB00000kUAPxYAO,001RB00001VTtIdYAL,2026-07-20
a03RB00001RIRF2YAP,TC神鋼不動産株式会社_2026/06,a04RB00000kUAPzYAO,月,001RB00001VTqfsYAD,2026/06,2026-06-01,a00RB000027flsLYAQ,a04RB00000kUAPzYAO,001RB00001VTqfsYAD,2026-06-20
a03RB00001RIRF3YAP,株式会社TAKUTO_2026/06,a04RB00000kUAQ0YAO,月,001RB00001VTtIfYAL,2026/06,2026-06-01,a00RB000027fzNjYAI,a04RB00000kUAQ0YAO,001RB00001VTtIfYAL,2026-06-20
a03RB00001RIRF4YAP,ホームトレードセンター株式会社_2026/06,a04RB00000kUAQ2YAO,月,001RB00001VTqnbYAD,2026/06,2026-06-01,a00RB000027fzNaYAI,a04RB00000kUAQ2YAO,001RB00001VTqnbYAD,2026-06-20
a03RB00001RIRF5YAP,株式会社アズスタット_2026/06,a04RB00000kUAQ3YAO,月,001RB00001VTqnHYAT,2026/06,2026-06-01,a00RB000027fzNbYAI,a04RB00000kUAQ3YAO,001RB00001VTqnHYAT,2026-06-20
a03RB00001RIRF6YAP,JOA株式会社_2026/06,a04RB00000kUAORYA4,月,001RB00001VTqmBYAT,2026/06,2026-06-01,a00RB00002Am2BrYAJ,a04RB00000kUAORYA4,001RB00001VTqmBYAT,2026-07-20
a03RB00001RIRF7YAP,株式会社レーベントラスト_2026/06,a04RB00000kUAQ6YAO,月,001RB00001VTqbqYAD,2026/06,2026-06-01,a00RB00002Am2BsYAJ,a04RB00000kUAQ6YAO,001RB00001VTqbqYAD,2026-07-20
a03RB00001RIRF8YAP,三菱地所株式会社(DX推進部)_2026/06,a04RB00000kUAOVYA4,月,001RB00001VTqeCYAT,2026/06,2026-06-01,,,,
a03RB00001RIRF9YAP,生和コーポレーション株式会社_2026/06,a04RB00000kUAOdYAO,月,001RB00001VTqmcYAD,2026/06,2026-06-01,,,,
a03RB00001RIRFAYA5,株式会社アールシーコア_2026/06,a04RB00000kUAOoYAO,月,001RB00001VTqxQYAT,2026/06,2026-06-01,,,,
a03RB00001RIRFBYA5,株式会社アールシーコア(セキュリティオプション月額）_2026/06,a04RB00000kUAOsYAO,月,001RB00001VTqxQYAT,2026/06,2026-06-01,,,,
a03RB00001RIRFCYA5,株式会社紀伊國屋書店_2026/06,a04RB00000kUAP1YAO,月,001RB00001VTrUSYA1,2026/06,2026-06-01,a00RB00002Am2BbYAJ,a04RB00000kUAP1YAO,001RB00001VTrUSYA1,2026-07-20
a03RB00001RIRFDYA5,近鉄不動産(セキュリティオプション月額）_2026/06,a04RB00000kUAP9YAO,月,001RB00001VTrvcYAD,2026/06,2026-06-01,,,,
a03RB00001RIRFEYA5,フィールド・デザイン・アーキテクツ一級建築士事務所_2026/06,a04RB00000kUAPAYA4,月,001RB00001VTrqeYAD,2026/06,2026-06-01,a00RB00002Am2BaYAJ,a04RB00000kUAPAYA4,001RB00001VTrqeYAD,2026-07-20
a03RB00001RIRFFYA5,株式会社ルミネ_2026/06,a04RB00000kUAPBYA4,月,001RB00001VTrYEYA1,2026/06,2026-06-01,a00RB00002Am2BdYAJ,a04RB00000kUAPBYA4,001RB00001VTrYEYA1,2026-07-20
a03RB00001RIRFGYA5,株式会社安井建築設計事務所_2026/06,a04RB00000kUAPEYA4,月,001RB00001VTqU8YAL,2026/06,2026-06-01,a00RB00002Am2BcYAJ,a04RB00000kUAPEYA4,001RB00001VTqU8YAL,2026-07-20
a03RB00001RIRFHYA5,西日本旅客鉄道株式会社 ビジネスデザイン部　JCLaaS事業部_2026/06,a04RB00000kUAPHYA4,月,001RB00001VTro2YAD,2026/06,2026-06-01,a00RB00002Am2BeYAJ,a04RB00000kUAPHYA4,001RB00001VTro2YAD,2026-07-20
a03RB00001RISiXYAX,Mig_freee請求移行_株式会社LIXIL住宅研究所 リノベーション推進室_2026/06_INV-0000000106,a04RB00000kUAOUYA4,月,001RB00001VTraTYAT,2026/06,2026-06-01,a00RB000024Ux4oYAC,a04RB00000kUAOUYA4,001RB00001VTraTYAT,2026-03-27
a03RB00001RISiYYAX,Mig_freee請求移行_三井不動産レジデンシャルリース株式会社(ソリューション推進部)_2026/06_INV-0000000112,a04RB00000kUAOTYA4,月,001RB00001VTqbXYAT,2026/06,2026-06-01,a00RB000024Vf27YAC,a04RB00000kUAOTYA4,001RB00001VTqbXYAT,2026-06-20
a03RB00001RISiZYAX,Mig_freee請求移行_株式会社ケン・プロパティマネジメント_2026/06_INV-0000000113,a04RB00000kUAQAYA4,月,001RB00001VTrGkYAL,2026/06,2026-06-01,a00RB00002AyE6JYAV,a04RB00000kUAQAYA4,001RB00001VTrGkYAL,2026-07-20
a03RB00001RISiaYAH,Mig_freee請求移行_株式会社 三福管理センター_2026/06_INV-0000000117,a04RB00000kUAQ9YAO,月,001RB00001VTqatYAD,2026/06,2026-06-01,a00RB00002Am2BQYAZ,a04RB00000kUAQ9YAO,001RB00001VTqatYAD,2026-07-20
a03RB00001RISibYAH,Mig_freee請求移行_株式会社錢高組_2026/06_INV-0000000118,a04RB00000kUAOpYAO,月,001RB00001VTqW8YAL,2026/06,2026-06-01,a00RB000024Vf2DYAS,a04RB00000kUAOpYAO,001RB00001VTqW8YAL,2026-06-20
a03RB00001RISicYAH,Mig_freee請求移行_フロンヴィルホームズ名古屋株式会社_2026/06_INV-0000000119,a04RB00000kUAOhYAO,月,001RB00001VTr0hYAD,2026/06,2026-06-01,a00RB00002Am2BRYAZ,a04RB00000kUAOhYAO,001RB00001VTr0hYAD,2026-07-20
a03RB00001RISidYAH,Mig_freee請求移行_株式会社夢のおてつだい_2026/06_INV-0000000120,a04RB00000kUAQCYA4,月,001RB00001VTrkYYAT,2026/06,2026-06-01,a00RB00002Am2BSYAZ,a04RB00000kUAQCYA4,001RB00001VTrkYYAT,2026-07-20
a03RB00001RISieYAH,Mig_freee請求移行_株式会社建新_2026/06_INV-0000000121,a04RB00000kUAQBYA4,月,001RB00001VTtIiYAL,2026/06,2026-06-01,a00RB00002AyE6KYAV,a04RB00000kUAQBYA4,001RB00001VTtIiYAL,2026-07-20
a03RB00001RISifYAH,Mig_freee請求移行_Phantom株式会社_2026/06_INV-0000000122,a04RB00000kUAOtYAO,月,001RB00001VTrkRYAT,2026/06,2026-06-01,a00RB00002Am2BTYAZ,a04RB00000kUAOtYAO,001RB00001VTrkRYAT,2026-07-20
a03RB00001RISigYAH,Mig_freee請求移行_柏井建設株式会社_2026/06_INV-0000000123,a04RB00000kUAP0YAO,月,001RB00001VTrI5YAL,2026/06,2026-06-01,a00RB000024Vf2IYAS,a04RB00000kUAP0YAO,001RB00001VTrI5YAL,2026-06-20
a03RB00001RISihYAH,Mig_freee請求移行_花菱不動産株式会社_2026/06_INV-0000000124,a04RB00000kUAOyYAO,月,001RB00001VTrlBYAT,2026/06,2026-06-01,a00RB00002Am2BUYAZ,a04RB00000kUAOyYAO,001RB00001VTrlBYAT,2026-07-20
a03RB00001RISiiYAH,Mig_freee請求移行_コンチネンタルホーム株式会社_2026/06_INV-0000000125,a04RB00000kUAOzYAO,月,001RB00001VTqgHYAT,2026/06,2026-06-01,a00RB00002Am2AiYAJ,a04RB00000kUAOzYAO,001RB00001VTqgHYAT,2026-04-20
a03RB00001RISijYAH,Mig_freee請求移行_三井住友建設株式会社_2026/06_INV-0000000126,a04RB00000kUAP3YAO,月,001RB00001VTqeXYAT,2026/06,2026-06-01,a00RB00002Am2BVYAZ,a04RB00000kUAP3YAO,001RB00001VTqeXYAT,2026-07-20
a03RB00001RISikYAH,Mig_freee請求移行_スタイルテック総合計画_2026/06_INV-0000000127,a04RB00000kUAP5YAO,月,001RB00001VTrkbYAD,2026/06,2026-06-01,a00RB00002Am2BWYAZ,a04RB00000kUAP5YAO,001RB00001VTrkbYAD,2026-07-20
a03RB00001RISilYAH,Mig_freee請求移行_株式会社ecoaハウス_2026/06_INV-0000000128,a04RB00000kUAP6YAO,月,001RB00001VTrlqYAD,2026/06,2026-06-01,a00RB00002Am2BXYAZ,a04RB00000kUAP6YAO,001RB00001VTrlqYAD,2026-07-20
a03RB00001RISimYAH,Mig_freee請求移行_株式会社ドムコス_2026/06_INV-0000000129,a04RB00000kUAP7YAO,月,001RB00001VTrqdYAD,2026/06,2026-06-01,a00RB00002Am2BYYAZ,a04RB00000kUAP7YAO,001RB00001VTrqdYAD,2026-07-20
a03RB00001RISinYAH,Mig_freee請求移行_Asplead株式会社_2026/06_INV-0000000130,a04RB00000kUAP4YAO,月,001RB00001VTqnvYAD,2026/06,2026-06-01,a00RB00002Am2BZYAZ,a04RB00000kUAP4YAO,001RB00001VTqnvYAD,2026-07-20
a03RB00001RcABBYA3,サンフロンティア不動産株式会社_2026/07,a04RB00000kUANdYAO,月,001RB00001VTqlYYAT,2026/07,2026-07-01,a00RB00002Am2BhYAJ,a04RB00000kUANdYAO,001RB00001VTqlYYAT,2026-07-20
a03RB00001RcABCYA3,株式会社フロンティアコンサルティング_2026/07,a04RB00000kUANiYAO,月,001RB00001VTqlHYAT,2026/07,2026-07-01,a00RB00002Am2BiYAJ,a04RB00000kUANiYAO,001RB00001VTqlHYAT,2026-07-20
a03RB00001RcABDYA3,studio55_2026/07,a04RB00000kUANnYAO,月,001RB00001VTrOjYAL,2026/07,2026-07-01,,,,
a03RB00001RcABEYA3,東急株式会社_2026/07,a04RB00000kUANgYAO,月,001RB00001VTrs0YAD,2026/07,2026-07-01,a00RB00002Am2BKYAZ,a04RB00000kUANgYAO,001RB00001VTrs0YAD,2026-03-20
a03RB00001RcABFYA3,前田工務店_2026/07,a04RB00000kUANjYAO,月,001RB00001VTCYmYAP,2026/07,2026-07-01,a00RB00002B5oLIYAZ,a04RB00000kUANjYAO,001RB00001VTCYmYAP,2026-03-20
a03RB00001RcABGYA3,ムゲンエステート_2026/07,a04RB00000kUANmYAO,月,001RB00001VTqlOYAT,2026/07,2026-07-01,a00RB00002Am2BpYAJ,a04RB00000kUANmYAO,001RB00001VTqlOYAT,2026-07-20
a03RB00001RcABHYA3,ハウスプラザ_2026/07,a04RB00000kUAPVYA4,月,001RB00001VTqZpYAL,2026/07,2026-07-01,a00RB00002AyetiYAB,a04RB00000kUAPVYA4,001RB00001VTqZpYAL,2026-07-20
a03RB00001RcABIYA3,東急リゾーツ＆ステイ_2026/07,a04RB00000kUANqYAO,月,001RB00001VTrkXYAT,2026/07,2026-07-01,,,,
a03RB00001RcABJYA3,株式会社イーグランド_2026/07,a04RB00000kUAPXYA4,月,001RB00001VTqZVYA1,2026/07,2026-07-01,a00RB00002AyetlYAB,a04RB00000kUAPXYA4,001RB00001VTqZVYA1,2026-07-20
a03RB00001RcABKYA3,九州旅客鉄道株式会社　工事部施設課_2026/07,a04RB00000kUANxYAO,月,001RB00001VTrOlYAL,2026/07,2026-07-01,,,,
a03RB00001RcABLYA3,株式会社穂積住宅_2026/07,a04RB00000kUAPbYAO,月,001RB00001VTqaGYAT,2026/07,2026-07-01,a00RB000027fzNnYAI,a04RB00000kUAPbYAO,001RB00001VTqaGYAT,2026-06-20
a03RB00001RcABMYA3,株式会社TRIAD_2026/07,a04RB00000kUANwYAO,月,001RB00001VTqUoYAL,2026/07,2026-07-01,a00RB00002Am2BoYAJ,a04RB00000kUANwYAO,001RB00001VTqUoYAL,2026-07-20
a03RB00001RcABNYA3,リアルティホールディングス株式会社_2026/07,a04RB00000kUAPdYAO,月,001RB00001VTtIUYA1,2026/07,2026-07-01,a00RB00002B5oLMYAZ,a04RB00000kUAPdYAO,001RB00001VTtIUYA1,2026-07-20
a03RB00001RcABOYA3,戸田建設(設計部:月額)_2026/07,a04RB00000kUAO0YAO,月,001RB00001VTrmnYAD,2026/07,2026-07-01,a00RB00002Am2BqYAJ,a04RB00000kUAO0YAO,001RB00001VTrmnYAD,2026-07-20
a03RB00001RcABPYA3,株式会社ヨコハマ地所_2026/07,a04RB00000kUAPgYAO,月,001RB00001VTqYlYAL,2026/07,2026-07-01,,,,
a03RB00001RcABQYA3,株式会社エージェント_2026/07,a04RB00000kUAPjYAO,月,001RB00001VTqZWYA1,2026/07,2026-07-01,a00RB00002B0dy8YAB,a04RB00000kUAPjYAO,001RB00001VTqZWYA1,2026-07-20
a03RB00001RcABRYA3,株式会社博進コスモプラザ_2026/07,a04RB00000kUAPlYAO,月,001RB00001VTtIXYA1,2026/07,2026-07-01,a00RB00002AyetkYAB,a04RB00000kUAPlYAO,001RB00001VTtIXYA1,2026-07-20
a03RB00001RcABSYA3,47内装株式会社_2026/07,a04RB00000kUAO1YAO,月,001RB00001VTCYGYA5,2026/07,2026-07-01,a00RB00002Am2BmYAJ,a04RB00000kUAO1YAO,001RB00001VTCYGYA5,2026-07-20
a03RB00001RcABTYA3,株式会社香川不動産買取センター_2026/07,a04RB00000kUAPnYAO,月,001RB00001VTqaKYAT,2026/07,2026-07-01,a00RB000027fzNlYAI,a04RB00000kUAPnYAO,001RB00001VTqaKYAT,2026-06-20
a03RB00001RcABUYA3,ANAスカイビルサービス株式会社　※郵送希望_2026/07,a04RB00000kUAO2YAO,月,001RB00001VTCYFYA5,2026/07,2026-07-01,a00RB00002Am2BlYAJ,a04RB00000kUAO2YAO,001RB00001VTCYFYA5,2026-07-20
a03RB00001RcABVYA3,吉村紳　一級建築士事務所_2026/07,a04RB00000kUAO7YAO,月,001RB00001VTqU3YAL,2026/07,2026-07-01,a00RB00002Am2BkYAJ,a04RB00000kUAO7YAO,001RB00001VTqU3YAL,2026-07-20
a03RB00001RcABWYA3,株式会社デザインアーク_2026/07,a04RB00000kUAOAYA4,月,001RB00001VTruAYAT,2026/07,2026-07-01,a00RB000027lnMsYAI,a04RB00000kUAOAYA4,001RB00001VTruAYAT,2026-04-20
a03RB00001RcABXYA3,株式会社アーキテクト・ディベロッパー（5月1日より帝国不動産株式会社）_2026/07,a04RB00000kUAOEYA4,月,001RB00001VTrtrYAD,2026/07,2026-07-01,a00RB000024Ux4NYAS,a04RB00000kUAOEYA4,001RB00001VTrtrYAD,2026-03-18
a03RB00001RcABYYA3,野原グループ株式会社_2026/07,a04RB00000kUAOFYA4,月,001RB00001VTqbbYAD,2026/07,2026-07-01,a00RB00002Am2BjYAJ,a04RB00000kUAOFYA4,001RB00001VTqbbYAD,2026-07-20
a03RB00001RcABZYA3,九州旅客鉄道株式会社　博多設備区_2026/07,a04RB00000kUAOIYA4,月,001RB00001VTrOlYAL,2026/07,2026-07-01,,,,
a03RB00001RcABaYAN,アイリスオーヤマ（ストアデザイン部）_2026/07,a04RB00000kUAOKYA4,月,001RB00001VTqkwYAD,2026/07,2026-07-01,,,,
a03RB00001RcABbYAN,アイリスオーヤマ（空間デザイン部）_2026/07,a04RB00000kUAOLYA4,月,001RB00001VTqkwYAD,2026/07,2026-07-01,,,,
a03RB00001RcABcYAN,九州旅客鉄道株式会社　開発工事部_2026/07,a04RB00000kUAONYA4,月,001RB00001VTrOlYAL,2026/07,2026-07-01,,,,
a03RB00001RcABdYAN,ONETEAM不動産_2026/07,a04RB00000kUAPxYAO,月,001RB00001VTtIdYAL,2026/07,2026-07-01,a00RB00002AyetjYAB,a04RB00000kUAPxYAO,001RB00001VTtIdYAL,2026-07-20
a03RB00001RcABeYAN,TC神鋼不動産株式会社_2026/07,a04RB00000kUAPzYAO,月,001RB00001VTqfsYAD,2026/07,2026-07-01,a00RB000027flsLYAQ,a04RB00000kUAPzYAO,001RB00001VTqfsYAD,2026-06-20
a03RB00001RcABfYAN,株式会社TAKUTO_2026/07,a04RB00000kUAQ0YAO,月,001RB00001VTtIfYAL,2026/07,2026-07-01,a00RB000027fzNjYAI,a04RB00000kUAQ0YAO,001RB00001VTtIfYAL,2026-06-20
a03RB00001RcABgYAN,ホームトレードセンター株式会社_2026/07,a04RB00000kUAQ2YAO,月,001RB00001VTqnbYAD,2026/07,2026-07-01,a00RB000027fzNaYAI,a04RB00000kUAQ2YAO,001RB00001VTqnbYAD,2026-06-20
a03RB00001RcABhYAN,株式会社アズスタット_2026/07,a04RB00000kUAQ3YAO,月,001RB00001VTqnHYAT,2026/07,2026-07-01,a00RB000027fzNbYAI,a04RB00000kUAQ3YAO,001RB00001VTqnHYAT,2026-06-20
a03RB00001RcABiYAN,JOA株式会社_2026/07,a04RB00000kUAORYA4,月,001RB00001VTqmBYAT,2026/07,2026-07-01,a00RB00002Am2BrYAJ,a04RB00000kUAORYA4,001RB00001VTqmBYAT,2026-07-20
a03RB00001RcABjYAN,三井不動産レジデンシャルリース株式会社(ソリューション推進部)_2026/07,a04RB00000kUAOTYA4,月,001RB00001VTqbXYAT,2026/07,2026-07-01,a00RB000024Vf27YAC,a04RB00000kUAOTYA4,001RB00001VTqbXYAT,2026-06-20
a03RB00001RcABkYAN,株式会社LIXIL住宅研究所 リノベーション推進室_2026/07,a04RB00000kUAOUYA4,月,001RB00001VTraTYAT,2026/07,2026-07-01,a00RB000024Ux4oYAC,a04RB00000kUAOUYA4,001RB00001VTraTYAT,2026-03-27
a03RB00001RcABlYAN,株式会社LIXIL住宅研究所 リノベーション推進室_2026/07,a04RB00000kUAOUYA4,月,001RB00001VTraTYAT,2026/07,2026-07-01,a00RB000024Ux4oYAC,a04RB00000kUAOUYA4,001RB00001VTraTYAT,2026-03-27
a03RB00001RcABmYAN,株式会社レーベントラスト_2026/07,a04RB00000kUAQ6YAO,月,001RB00001VTqbqYAD,2026/07,2026-07-01,a00RB00002Am2BsYAJ,a04RB00000kUAQ6YAO,001RB00001VTqbqYAD,2026-07-20
a03RB00001RcABnYAN,三菱地所株式会社(DX推進部)_2026/07,a04RB00000kUAOVYA4,月,001RB00001VTqeCYAT,2026/07,2026-07-01,,,,
a03RB00001RcABoYAN,生和コーポレーション株式会社_2026/07,a04RB00000kUAOdYAO,月,001RB00001VTqmcYAD,2026/07,2026-07-01,,,,
a03RB00001RcABpYAN,株式会社 三福管理センター_2026/07,a04RB00000kUAQ9YAO,月,001RB00001VTqatYAD,2026/07,2026-07-01,a00RB00002Am2BQYAZ,a04RB00000kUAQ9YAO,001RB00001VTqatYAD,2026-07-20
a03RB00001RcABqYAN,株式会社ケン・プロパティマネジメント_2026/07,a04RB00000kUAQAYA4,月,001RB00001VTrGkYAL,2026/07,2026-07-01,a00RB00002AyE6JYAV,a04RB00000kUAQAYA4,001RB00001VTrGkYAL,2026-07-20
a03RB00001RcABrYAN,株式会社三越伊勢丹プロパティデザイン_2026/07,a04RB00000kUAOfYAO,月,001RB00001VTqxsYAD,2026/07,2026-07-01,a00RB000024Vf29YAC,a04RB00000kUAOfYAO,001RB00001VTqxsYAD,2026-06-20
a03RB00001RcABsYAN,豊通ファシリティーズ株式会社　建築・設計部_2026/07,a04RB00000kUAOgYAO,月,001RB00001VTqy1YAD,2026/07,2026-07-01,a00RB00002Am2BPYAZ,a04RB00000kUAOgYAO,001RB00001VTqy1YAD,2026-07-20
a03RB00001RcABtYAN,三菱地所レジデンス株式会社_2026/07,a04RB00000kUAOjYAO,月,001RB00001VTqf7YAD,2026/07,2026-07-01,a00RB00002B4i4HYAR,a04RB00000kUAOjYAO,001RB00001VTqf7YAD,2026-07-20
a03RB00001RcABuYAN,株式会社アールシーコア_2026/07,a04RB00000kUAOoYAO,月,001RB00001VTqxQYAT,2026/07,2026-07-01,,,,
a03RB00001RcABvYAN,株式会社アールシーコア(セキュリティオプション月額）_2026/07,a04RB00000kUAOsYAO,月,001RB00001VTqxQYAT,2026/07,2026-07-01,,,,
a03RB00001RcABwYAN,株式会社錢高組_2026/07,a04RB00000kUAOpYAO,月,001RB00001VTqW8YAL,2026/07,2026-07-01,a00RB000024Vf2DYAS,a04RB00000kUAOpYAO,001RB00001VTqW8YAL,2026-06-20
a03RB00001RcABxYAN,Phantom株式会社_2026/07,a04RB00000kUAOtYAO,月,001RB00001VTrkRYAT,2026/07,2026-07-01,a00RB00002Am2BTYAZ,a04RB00000kUAOtYAO,001RB00001VTrkRYAT,2026-07-20
a03RB00001RcAByYAN,株式会社建新_2026/07,a04RB00000kUAQBYA4,月,001RB00001VTtIiYAL,2026/07,2026-07-01,a00RB00002AyE6KYAV,a04RB00000kUAQBYA4,001RB00001VTtIiYAL,2026-07-20
a03RB00001RcABzYAN,株式会社夢のおてつだい_2026/07,a04RB00000kUAQCYA4,月,001RB00001VTrkYYAT,2026/07,2026-07-01,a00RB00002Am2BSYAZ,a04RB00000kUAQCYA4,001RB00001VTrkYYAT,2026-07-20
a03RB00001RcAC0YAN,フロンヴィルホームズ名古屋株式会社_2026/07,a04RB00000kUAOhYAO,月,001RB00001VTr0hYAD,2026/07,2026-07-01,a00RB00002Am2BRYAZ,a04RB00000kUAOhYAO,001RB00001VTr0hYAD,2026-07-20
a03RB00001RcAC1YAN,柏井建設株式会社_2026/07,a04RB00000kUAP0YAO,月,001RB00001VTrI5YAL,2026/07,2026-07-01,a00RB000024Vf2IYAS,a04RB00000kUAP0YAO,001RB00001VTrI5YAL,2026-06-20
a03RB00001RcAC2YAN,三井住友建設株式会社_2026/07,a04RB00000kUAP3YAO,月,001RB00001VTqeXYAT,2026/07,2026-07-01,a00RB00002Am2BVYAZ,a04RB00000kUAP3YAO,001RB00001VTqeXYAT,2026-07-20
a03RB00001RcAC3YAN,野村不動産株式会社_2026/07,a04RB00000kUAOvYAO,月,001RB00001VTCYEYA5,2026/07,2026-07-01,,,,
a03RB00001RcAC4YAN,野村不動産株式会社（シングルサインオン分）_2026/07,a04RB00000kUAOwYAO,月,001RB00001VTCYEYA5,2026/07,2026-07-01,,,,
a03RB00001RcAC5YAN,花菱不動産株式会社_2026/07,a04RB00000kUAOyYAO,月,001RB00001VTrlBYAT,2026/07,2026-07-01,a00RB00002Am2BUYAZ,a04RB00000kUAOyYAO,001RB00001VTrlBYAT,2026-07-20
a03RB00001RcAC6YAN,コンチネンタルホーム株式会社_2026/07,a04RB00000kUAOzYAO,月,001RB00001VTqgHYAT,2026/07,2026-07-01,a00RB00002Am2AiYAJ,a04RB00000kUAOzYAO,001RB00001VTqgHYAT,2026-04-20
a03RB00001RcAC7YAN,株式会社紀伊國屋書店_2026/07,a04RB00000kUAP1YAO,月,001RB00001VTrUSYA1,2026/07,2026-07-01,a00RB00002Am2BbYAJ,a04RB00000kUAP1YAO,001RB00001VTrUSYA1,2026-07-20
a03RB00001RcAC8YAN,Asplead株式会社_2026/07,a04RB00000kUAP4YAO,月,001RB00001VTqnvYAD,2026/07,2026-07-01,a00RB00002Am2BZYAZ,a04RB00000kUAP4YAO,001RB00001VTqnvYAD,2026-07-20
a03RB00001RcAC9YAN,スタイルテック総合計画_2026/07,a04RB00000kUAP5YAO,月,001RB00001VTrkbYAD,2026/07,2026-07-01,a00RB00002Am2BWYAZ,a04RB00000kUAP5YAO,001RB00001VTrkbYAD,2026-07-20
a03RB00001RcACAYA3,株式会社ecoaハウス_2026/07,a04RB00000kUAP6YAO,月,001RB00001VTrlqYAD,2026/07,2026-07-01,a00RB00002Am2BXYAZ,a04RB00000kUAP6YAO,001RB00001VTrlqYAD,2026-07-20
a03RB00001RcACBYA3,株式会社ドムコス_2026/07,a04RB00000kUAP7YAO,月,001RB00001VTrqdYAD,2026/07,2026-07-01,a00RB00002Am2BYYAZ,a04RB00000kUAP7YAO,001RB00001VTrqdYAD,2026-07-20
a03RB00001RcACCYA3,近鉄不動産_2026/07,a04RB00000kUAP8YAO,月,001RB00001VTrvcYAD,2026/07,2026-07-01,,,,
a03RB00001RcACDYA3,近鉄不動産(セキュリティオプション月額）_2026/07,a04RB00000kUAP9YAO,月,001RB00001VTrvcYAD,2026/07,2026-07-01,,,,
a03RB00001RcACEYA3,フィールド・デザイン・アーキテクツ一級建築士事務所_2026/07,a04RB00000kUAPAYA4,月,001RB00001VTrqeYAD,2026/07,2026-07-01,a00RB00002Am2BaYAJ,a04RB00000kUAPAYA4,001RB00001VTrqeYAD,2026-07-20
a03RB00001RcACFYA3,株式会社ルミネ_2026/07,a04RB00000kUAPBYA4,月,001RB00001VTrYEYA1,2026/07,2026-07-01,a00RB00002Am2BdYAJ,a04RB00000kUAPBYA4,001RB00001VTrYEYA1,2026-07-20
a03RB00001RcACGYA3,株式会社安井建築設計事務所_2026/07,a04RB00000kUAPEYA4,月,001RB00001VTqU8YAL,2026/07,2026-07-01,a00RB00002Am2BcYAJ,a04RB00000kUAPEYA4,001RB00001VTqU8YAL,2026-07-20
a03RB00001RcACHYA3,西日本旅客鉄道株式会社 ビジネスデザイン部　JCLaaS事業部_2026/07,a04RB00000kUAPHYA4,月,001RB00001VTro2YAD,2026/07,2026-07-01,a00RB00002Am2BeYAJ,a04RB00000kUAPHYA4,001RB00001VTro2YAD,2026-07-20
a03RB00001RcACIYA3,株式会社乃村工藝社  カルチャー・コミュニケーション推進本部_2026/07,a04RB00000kUAPIYA4,月,001RB00001VTCZZYA5,2026/07,2026-07-01,a00RB00002Am2BAYAZ,a04RB00000kUAPIYA4,001RB00001VTCZZYA5,2026-05-18
a03RB00001RcACJYA3,株式会社ジョイフル本田（Pro１アカウント）_2026/07,a04RB00000kUAPFYA4,月,001RB00001VTqkQYAT,2026/07,2026-07-01,a00RB00002Am2BfYAJ,a04RB00000kUAPFYA4,001RB00001VTqkQYAT,2026-07-20
a03RB00001RcACKYA3,株式会社デザインアーク　東京本店　東京スペースソリューション第１営業所_2026/07,a04RB00000kUAPKYA4,月,001RB00001VTruAYAT,2026/07,2026-07-01,,,,
a03RB00001RcACLYA3,NTTファシリティーズ株式会社_2026/07,a04RB00000kUAPLYA4,月,001RB00001VTrnrYAD,2026/07,2026-07-01,,,,
a03RB00001RcACMYA3,合同会社小島屋_2026/07,a04RB00000kUAPMYA4,月,001RB00001VTruZYAT,2026/07,2026-07-01,,,,
a03RB00001RcACNYA3,株式会社エリオクリエイト_2026/07,a04RB00000kUAPNYA4,年,001RB00001VTrxYYAT,2026/07,2026-07-01,a00RB000027fzNvYAI,a04RB00000kUAPNYA4,001RB00001VTrxYYAT,2026-06-20
a03RB00001RcACOYA3,株式会社創建ホーム_2026/07,a04RB00000kUAPOYA4,年,001RB00001VTrm3YAD,2026/07,2026-07-01,a00RB00002B5oL4YAJ,a04RB00000kUAPOYA4,001RB00001VTrm3YAD,2026-06-20
a03RB00001RcAfpYAF,野村不動産株式会社　商業事業本部_2026/07,a04RB00000lZ54zYAC,年,001RB00001VTCYEYA5,2026/07,2026-07-01,,,,
a03RB00001RcAfqYAF,野村不動産株式会社　商業事業本部_2026/07,a04RB00000lZ54zYAC,年,001RB00001VTCYEYA5,2026/07,2026-07-01,,,,
a03RB00001STmGpYAL,サンフロンティア不動産株式会社_2026/08,a04RB00000kUANdYAO,月,001RB00001VTqlYYAT,2026/08,2026-08-01,,,,
a03RB00001STmGqYAL,東急株式会社_2026/08,a04RB00000kUANgYAO,月,001RB00001VTrs0YAD,2026/08,2026-08-01,,,,
a03RB00001STmGrYAL,株式会社フロンティアコンサルティング_2026/08,a04RB00000kUANiYAO,月,001RB00001VTqlHYAT,2026/08,2026-08-01,,,,
a03RB00001STmGsYAL,前田工務店_2026/08,a04RB00000kUANjYAO,月,001RB00001VTCYmYAP,2026/08,2026-08-01,,,,
a03RB00001STmGtYAL,ムゲンエステート_2026/08,a04RB00000kUANmYAO,月,001RB00001VTqlOYAT,2026/08,2026-08-01,,,,
a03RB00001STmGuYAL,studio55_2026/08,a04RB00000kUANnYAO,月,001RB00001VTrOjYAL,2026/08,2026-08-01,,,,
a03RB00001STmGvYAL,東急リゾーツ＆ステイ_2026/08,a04RB00000kUANqYAO,月,001RB00001VTrkXYAT,2026/08,2026-08-01,,,,
a03RB00001STmGwYAL,株式会社TRIAD_2026/08,a04RB00000kUANwYAO,月,001RB00001VTqUoYAL,2026/08,2026-08-01,,,,
a03RB00001STmGxYAL,九州旅客鉄道株式会社　工事部施設課_2026/08,a04RB00000kUANxYAO,月,001RB00001VTrOlYAL,2026/08,2026-08-01,,,,
a03RB00001STmGyYAL,戸田建設(設計部:月額)_2026/08,a04RB00000kUAO0YAO,月,001RB00001VTrmnYAD,2026/08,2026-08-01,,,,
a03RB00001STmGzYAL,47内装株式会社_2026/08,a04RB00000kUAO1YAO,月,001RB00001VTCYGYA5,2026/08,2026-08-01,,,,
a03RB00001STmH0YAL,ANAスカイビルサービス株式会社　※郵送希望_2026/08,a04RB00000kUAO2YAO,月,001RB00001VTCYFYA5,2026/08,2026-08-01,,,,
a03RB00001STmH1YAL,吉村紳　一級建築士事務所_2026/08,a04RB00000kUAO7YAO,月,001RB00001VTqU3YAL,2026/08,2026-08-01,,,,
a03RB00001STmH2YAL,株式会社デザインアーク_2026/08,a04RB00000kUAOAYA4,月,001RB00001VTruAYAT,2026/08,2026-08-01,,,,
a03RB00001STmH3YAL,株式会社アーキテクト・ディベロッパー（5月1日より帝国不動産株式会社）_2026/08,a04RB00000kUAOEYA4,月,001RB00001VTrtrYAD,2026/08,2026-08-01,,,,
a03RB00001STmH4YAL,野原グループ株式会社_2026/08,a04RB00000kUAOFYA4,月,001RB00001VTqbbYAD,2026/08,2026-08-01,,,,
a03RB00001STmH5YAL,九州旅客鉄道株式会社　博多設備区_2026/08,a04RB00000kUAOIYA4,月,001RB00001VTrOlYAL,2026/08,2026-08-01,,,,
a03RB00001STmH6YAL,アイリスオーヤマ（ストアデザイン部）_2026/08,a04RB00000kUAOKYA4,月,001RB00001VTqkwYAD,2026/08,2026-08-01,,,,
a03RB00001STmH7YAL,アイリスオーヤマ（空間デザイン部）_2026/08,a04RB00000kUAOLYA4,月,001RB00001VTqkwYAD,2026/08,2026-08-01,,,,
a03RB00001STmH8YAL,九州旅客鉄道株式会社　開発工事部_2026/08,a04RB00000kUAONYA4,月,001RB00001VTrOlYAL,2026/08,2026-08-01,,,,
a03RB00001STmH9YAL,JOA株式会社_2026/08,a04RB00000kUAORYA4,月,001RB00001VTqmBYAT,2026/08,2026-08-01,,,,
a03RB00001STmHAYA1,三井不動産レジデンシャルリース株式会社(ソリューション推進部)_2026/08,a04RB00000kUAOTYA4,月,001RB00001VTqbXYAT,2026/08,2026-08-01,,,,
a03RB00001STmHBYA1,株式会社LIXIL住宅研究所 リノベーション推進室_2026/08,a04RB00000kUAOUYA4,月,001RB00001VTraTYAT,2026/08,2026-08-01,,,,
a03RB00001STmHCYA1,株式会社LIXIL住宅研究所 リノベーション推進室_2026/08,a04RB00000kUAOUYA4,月,001RB00001VTraTYAT,2026/08,2026-08-01,,,,
a03RB00001STmHDYA1,三菱地所株式会社(DX推進部)_2026/08,a04RB00000kUAOVYA4,月,001RB00001VTqeCYAT,2026/08,2026-08-01,,,,
a03RB00001STmHEYA1,生和コーポレーション株式会社_2026/08,a04RB00000kUAOdYAO,月,001RB00001VTqmcYAD,2026/08,2026-08-01,,,,
a03RB00001STmHFYA1,株式会社三越伊勢丹プロパティデザイン_2026/08,a04RB00000kUAOfYAO,月,001RB00001VTqxsYAD,2026/08,2026-08-01,,,,
a03RB00001STmHGYA1,豊通ファシリティーズ株式会社　建築・設計部_2026/08,a04RB00000kUAOgYAO,月,001RB00001VTqy1YAD,2026/08,2026-08-01,,,,
a03RB00001STmHHYA1,株式会社アールシーコア_2026/08,a04RB00000kUAOoYAO,月,001RB00001VTqxQYAT,2026/08,2026-08-01,,,,
a03RB00001STmHIYA1,株式会社錢高組_2026/08,a04RB00000kUAOpYAO,月,001RB00001VTqW8YAL,2026/08,2026-08-01,,,,
a03RB00001STmHJYA1,株式会社アールシーコア(セキュリティオプション月額）_2026/08,a04RB00000kUAOsYAO,月,001RB00001VTqxQYAT,2026/08,2026-08-01,,,,
a03RB00001STmHKYA1,Phantom株式会社_2026/08,a04RB00000kUAOtYAO,月,001RB00001VTrkRYAT,2026/08,2026-08-01,,,,
a03RB00001STmHLYA1,野村不動産株式会社_2026/08,a04RB00000kUAOvYAO,月,001RB00001VTCYEYA5,2026/08,2026-08-01,,,,
a03RB00001STmHMYA1,野村不動産株式会社（シングルサインオン分）_2026/08,a04RB00000kUAOwYAO,月,001RB00001VTCYEYA5,2026/08,2026-08-01,,,,
a03RB00001STmHNYA1,花菱不動産株式会社_2026/08,a04RB00000kUAOyYAO,月,001RB00001VTrlBYAT,2026/08,2026-08-01,,,,
a03RB00001STmHOYA1,コンチネンタルホーム株式会社_2026/08,a04RB00000kUAOzYAO,月,001RB00001VTqgHYAT,2026/08,2026-08-01,,,,
a03RB00001STmHPYA1,柏井建設株式会社_2026/08,a04RB00000kUAP0YAO,月,001RB00001VTrI5YAL,2026/08,2026-08-01,,,,
a03RB00001STmHQYA1,株式会社紀伊國屋書店_2026/08,a04RB00000kUAP1YAO,月,001RB00001VTrUSYA1,2026/08,2026-08-01,,,,
a03RB00001STmHRYA1,三井住友建設株式会社_2026/08,a04RB00000kUAP3YAO,月,001RB00001VTqeXYAT,2026/08,2026-08-01,,,,
a03RB00001STmHSYA1,Asplead株式会社_2026/08,a04RB00000kUAP4YAO,月,001RB00001VTqnvYAD,2026/08,2026-08-01,,,,
a03RB00001STmHTYA1,スタイルテック総合計画_2026/08,a04RB00000kUAP5YAO,月,001RB00001VTrkbYAD,2026/08,2026-08-01,,,,
a03RB00001STmHUYA1,株式会社ecoaハウス_2026/08,a04RB00000kUAP6YAO,月,001RB00001VTrlqYAD,2026/08,2026-08-01,,,,
a03RB00001STmHVYA1,株式会社ドムコス_2026/08,a04RB00000kUAP7YAO,月,001RB00001VTrqdYAD,2026/08,2026-08-01,,,,
a03RB00001STmHWYA1,近鉄不動産_2026/08,a04RB00000kUAP8YAO,月,001RB00001VTrvcYAD,2026/08,2026-08-01,,,,
a03RB00001STmHXYA1,近鉄不動産(セキュリティオプション月額）_2026/08,a04RB00000kUAP9YAO,月,001RB00001VTrvcYAD,2026/08,2026-08-01,,,,
a03RB00001STmHYYA1,フィールド・デザイン・アーキテクツ一級建築士事務所_2026/08,a04RB00000kUAPAYA4,月,001RB00001VTrqeYAD,2026/08,2026-08-01,,,,
a03RB00001STmHZYA1,株式会社ルミネ_2026/08,a04RB00000kUAPBYA4,月,001RB00001VTrYEYA1,2026/08,2026-08-01,,,,
a03RB00001STmHaYAL,株式会社安井建築設計事務所_2026/08,a04RB00000kUAPEYA4,月,001RB00001VTqU8YAL,2026/08,2026-08-01,,,,
a03RB00001STmHbYAL,株式会社ジョイフル本田（Pro１アカウント）_2026/08,a04RB00000kUAPFYA4,月,001RB00001VTqkQYAT,2026/08,2026-08-01,,,,
a03RB00001STmHcYAL,西日本旅客鉄道株式会社 ビジネスデザイン部　JCLaaS事業部_2026/08,a04RB00000kUAPHYA4,月,001RB00001VTro2YAD,2026/08,2026-08-01,,,,
a03RB00001STmHdYAL,株式会社乃村工藝社  カルチャー・コミュニケーション推進本部_2026/08,a04RB00000kUAPIYA4,月,001RB00001VTCZZYA5,2026/08,2026-08-01,,,,
a03RB00001STmHeYAL,株式会社デザインアーク　東京本店　東京スペースソリューション第１営業所_2026/08,a04RB00000kUAPKYA4,月,001RB00001VTruAYAT,2026/08,2026-08-01,,,,
a03RB00001STmHfYAL,NTTファシリティーズ株式会社_2026/08,a04RB00000kUAPLYA4,月,001RB00001VTrnrYAD,2026/08,2026-08-01,,,,
a03RB00001STmHgYAL,合同会社小島屋_2026/08,a04RB00000kUAPMYA4,月,001RB00001VTruZYAT,2026/08,2026-08-01,,,,
a03RB00001STmHhYAL,ハウスプラザ_2026/08,a04RB00000kUAPVYA4,月,001RB00001VTqZpYAL,2026/08,2026-08-01,,,,
a03RB00001STmHiYAL,株式会社イーグランド_2026/08,a04RB00000kUAPXYA4,月,001RB00001VTqZVYA1,2026/08,2026-08-01,,,,
a03RB00001STmHjYAL,株式会社穂積住宅_2026/08,a04RB00000kUAPbYAO,月,001RB00001VTqaGYAT,2026/08,2026-08-01,,,,
a03RB00001STmHkYAL,リアルティホールディングス株式会社_2026/08,a04RB00000kUAPdYAO,月,001RB00001VTtIUYA1,2026/08,2026-08-01,,,,
a03RB00001STmHlYAL,株式会社ヨコハマ地所_2026/08,a04RB00000kUAPgYAO,月,001RB00001VTqYlYAL,2026/08,2026-08-01,,,,
a03RB00001STmHmYAL,株式会社エージェント_2026/08,a04RB00000kUAPjYAO,月,001RB00001VTqZWYA1,2026/08,2026-08-01,,,,
a03RB00001STmHnYAL,株式会社博進コスモプラザ_2026/08,a04RB00000kUAPlYAO,月,001RB00001VTtIXYA1,2026/08,2026-08-01,,,,
a03RB00001STmHoYAL,株式会社香川不動産買取センター_2026/08,a04RB00000kUAPnYAO,月,001RB00001VTqaKYAT,2026/08,2026-08-01,,,,
a03RB00001STmHpYAL,ONETEAM不動産_2026/08,a04RB00000kUAPxYAO,月,001RB00001VTtIdYAL,2026/08,2026-08-01,,,,
a03RB00001STmHqYAL,TC神鋼不動産株式会社_2026/08,a04RB00000kUAPzYAO,月,001RB00001VTqfsYAD,2026/08,2026-08-01,,,,
a03RB00001STmHrYAL,株式会社TAKUTO_2026/08,a04RB00000kUAQ0YAO,月,001RB00001VTtIfYAL,2026/08,2026-08-01,,,,
a03RB00001STmHsYAL,ホームトレードセンター株式会社_2026/08,a04RB00000kUAQ2YAO,月,001RB00001VTqnbYAD,2026/08,2026-08-01,,,,
a03RB00001STmHtYAL,株式会社アズスタット_2026/08,a04RB00000kUAQ3YAO,月,001RB00001VTqnHYAT,2026/08,2026-08-01,,,,
a03RB00001STmHuYAL,株式会社レーベントラスト_2026/08,a04RB00000kUAQ6YAO,月,001RB00001VTqbqYAD,2026/08,2026-08-01,,,,
a03RB00001STmHvYAL,株式会社 三福管理センター_2026/08,a04RB00000kUAQ9YAO,月,001RB00001VTqatYAD,2026/08,2026-08-01,,,,
a03RB00001STmHwYAL,株式会社ケン・プロパティマネジメント_2026/08,a04RB00000kUAQAYA4,月,001RB00001VTrGkYAL,2026/08,2026-08-01,,,,
a03RB00001STmHxYAL,株式会社建新_2026/08,a04RB00000kUAQBYA4,月,001RB00001VTtIiYAL,2026/08,2026-08-01,,,,
a03RB00001STmHyYAL,株式会社夢のおてつだい_2026/08,a04RB00000kUAQCYA4,月,001RB00001VTrkYYAT,2026/08,2026-08-01,,,,
a03RB00001T6sPWYAZ,a03RB00001T6sPW,a04RB00000mYhriYAC,月,001RB00001VTrr2YAD,2026/07,2026-07-01,a00RB000029DnWEYA0,a04RB00000mYhriYAC,001RB00001VTrr2YAD,2026-07-20
a03RB00001T6sPXYAZ,a03RB00001T6sPX,a04RB00000mYhriYAC,月,001RB00001VTrr2YAD,2026/07,2026-07-01,a00RB000029DnWEYA0,a04RB00000mYhriYAC,001RB00001VTrr2YAD,2026-07-20
a03RB00001T6sPYYAZ,a03RB00001T6sPY,a04RB00000mYhriYAC,月,001RB00001VTrr2YAD,2026/07,2026-07-01,a00RB000029DnWEYA0,a04RB00000mYhriYAC,001RB00001VTrr2YAD,2026-07-20
a03RB00001T6sPZYAZ,a03RB00001T6sPZ,a04RB00000mYhriYAC,月,001RB00001VTrr2YAD,2026/07,2026-07-01,a00RB000029DnWEYA0,a04RB00000mYhriYAC,001RB00001VTrr2YAD,2026-07-20
a03RB00001T6sPaYAJ,a03RB00001T6sPa,a04RB00000mYhriYAC,月,001RB00001VTrr2YAD,2026/07,2026-07-01,a00RB000029DnWEYA0,a04RB00000mYhriYAC,001RB00001VTrr2YAD,2026-07-20
a03RB00001T6sPbYAJ,a03RB00001T6sPb,a04RB00000mYhriYAC,月,001RB00001VTrr2YAD,2026/07,2026-07-01,a00RB000029DnWEYA0,a04RB00000mYhriYAC,001RB00001VTrr2YAD,2026-07-20
a03RB00001T6sPcYAJ,a03RB00001T6sPc,a04RB00000mYhriYAC,月,001RB00001VTrr2YAD,2026/07,2026-07-01,a00RB000029DnWEYA0,a04RB00000mYhriYAC,001RB00001VTrr2YAD,2026-07-20
a03RB00001T6sPdYAJ,a03RB00001T6sPd,a04RB00000mYhriYAC,月,001RB00001VTrr2YAD,2026/07,2026-07-01,a00RB000029DnWEYA0,a04RB00000mYhriYAC,001RB00001VTrr2YAD,2026-07-20
a03RB00001T6sPeYAJ,a03RB00001T6sPe,a04RB00000mYhriYAC,月,001RB00001VTrr2YAD,2026/07,2026-07-01,a00RB000029DnWEYA0,a04RB00000mYhriYAC,001RB00001VTrr2YAD,2026-07-20
a03RB00001T6sPfYAJ,a03RB00001T6sPf,a04RB00000mYhriYAC,月,001RB00001VTrr2YAD,2026/07,2026-07-01,a00RB000029DnWEYA0,a04RB00000mYhriYAC,001RB00001VTrr2YAD,2026-07-20
a03RB00001T6sPgYAJ,a03RB00001T6sPg,a04RB00000mYhriYAC,月,001RB00001VTrr2YAD,2026/07,2026-07-01,a00RB000029DnWEYA0,a04RB00000mYhriYAC,001RB00001VTrr2YAD,2026-07-20
a03RB00001T6sPhYAJ,a03RB00001T6sPh,a04RB00000mYhriYAC,月,001RB00001VTrr2YAD,2026/07,2026-07-01,a00RB000029DnWEYA0,a04RB00000mYhriYAC,001RB00001VTrr2YAD,2026-07-20
a03RB00001TISW5YAP,a03RB00001TISW5,a04RB00000md4o5YAA,月,001RB00001VTrRuYAL,2026/07,2026-07-01,a00RB000029OI8sYAG,a04RB00000md4o5YAA,001RB00001VTrRuYAL,2026-07-20
a03RB00001TWvoMYAT,a03RB00001TWvoM,a04RB00000miHmIYAU,月,001RB00001VTqgHYAT,2026/07,2026-07-01,a00RB00002B5oLJYAZ,a04RB00000miHmIYAU,001RB00001VTqgHYAT,2026-07-20
a03RB00001TX82PYAT,a03RB00001TX82P,a04RB00000miY3xYAE,月,001RB00001b3qNeYAI,2026/07,2026-07-01,a00RB000029dRq9YAE,a04RB00000miY3xYAE,001RB00001b3qNeYAI,2026-07-20
a03RB00001TXzTKYA1,a03RB00001TXzTK,a04RB00000mj59ZYAQ,月,001RB00001VTrrHYAT,2026/07,2026-07-01,a00RB000029duDrYAI,a04RB00000mj59ZYAQ,001RB00001VTrrHYAT,2026-07-20
a03RB00001Uj0riYAB,a03RB00001Uj0ri,a04RB00000kVL7MYAW,月,001RB00001VcyFLYAZ,2026/03,2026-03-01,a00RB000024Ux4HYAS,a04RB00000kVL7MYAW,001RB00001VcyFLYAZ,2026-03-02
a03RB00001Uj0rjYAB,a03RB00001Uj0rj,a04RB00000kUAO0YAO,月,001RB00001VTrmnYAD,2026/03,2026-03-01,a00RB00002Am2BqYAJ,a04RB00000kUAO0YAO,001RB00001VTrmnYAD,2026-07-20
a03RB00001Uj0rkYAB,a03RB00001Uj0rk,a04RB00000kUAO0YAO,月,001RB00001VTrmnYAD,2026/03,2026-03-01,a00RB00002Am2BqYAJ,a04RB00000kUAO0YAO,001RB00001VTrmnYAD,2026-07-20
a03RB00001Uj0rlYAB,a03RB00001Uj0rl,a04RB00000kUAO0YAO,月,001RB00001VTrmnYAD,2026/03,2026-03-01,a00RB00002Am2BqYAJ,a04RB00000kUAO0YAO,001RB00001VTrmnYAD,2026-07-20
a03RB00001Uj0rmYAB,a03RB00001Uj0rm,a04RB00000kVL7gYAG,月,001RB00001VcyFOYAZ,2026/03,2026-03-01,a00RB000027lnMpYAI,a04RB00000kVL7gYAG,001RB00001VcyFOYAZ,2026-03-31
a03RB00001Uj0rnYAB,a03RB00001Uj0rn,a04RB00000kVL7KYAW,月,001RB00001VcyFKYAZ,2026/05,2026-05-01,a00RB000024Ux5jYAC,a04RB00000kVL7KYAW,001RB00001VcyFKYAZ,2026-05-22
a03RB00001Uj0roYAB,a03RB00001Uj0ro,a04RB00000kVL7KYAW,月,001RB00001VcyFKYAZ,2026/05,2026-05-01,a00RB000024Ux5jYAC,a04RB00000kVL7KYAW,001RB00001VcyFKYAZ,2026-05-22
a03RB00001Uj0rpYAB,a03RB00001Uj0rp,a04RB00000kVL7KYAW,月,001RB00001VcyFKYAZ,2026/05,2026-05-01,a00RB000024Ux5jYAC,a04RB00000kVL7KYAW,001RB00001VcyFKYAZ,2026-05-22
a03RB00001Uj0rqYAB,a03RB00001Uj0rq,a04RB00000kVL7SYAW,月,001RB00001VTqxQYAT,2026/06,2026-06-01,a00RB000024Vf2AYAS,a04RB00000kVL7SYAW,001RB00001VTqxQYAT,2026-06-20
a03RB00001Uj0rrYAB,a03RB00001Uj0rr,a04RB00000kUAOFYA4,月,001RB00001VTqbbYAD,2026/06,2026-06-01,a00RB00002Am2BjYAJ,a04RB00000kUAOFYA4,001RB00001VTqbbYAD,2026-07-20
a03RB00001Uj0rsYAB,a03RB00001Uj0rs,a04RB00000kUAO7YAO,月,001RB00001VTqU3YAL,2026/06,2026-06-01,a00RB00002Am2BkYAJ,a04RB00000kUAO7YAO,001RB00001VTqU3YAL,2026-07-20
a03RB00001Uj0rtYAB,a03RB00001Uj0rt,a04RB00000kUAO2YAO,月,001RB00001VTCYFYA5,2026/06,2026-06-01,a00RB00002Am2BlYAJ,a04RB00000kUAO2YAO,001RB00001VTCYFYA5,2026-07-20
a03RB00001Uj0ruYAB,a03RB00001Uj0ru,a04RB00000kUAO1YAO,月,001RB00001VTCYGYA5,2026/06,2026-06-01,a00RB00002Am2BmYAJ,a04RB00000kUAO1YAO,001RB00001VTCYGYA5,2026-07-20
a03RB00001Uj0rvYAB,a03RB00001Uj0rv,a04RB00000kUANwYAO,月,001RB00001VTqUoYAL,2026/06,2026-06-01,a00RB00002Am2BoYAJ,a04RB00000kUANwYAO,001RB00001VTqUoYAL,2026-07-20
a03RB00001Uj0rwYAB,a03RB00001Uj0rw,a04RB00000kUANmYAO,月,001RB00001VTqlOYAT,2026/06,2026-06-01,a00RB00002Am2BpYAJ,a04RB00000kUANmYAO,001RB00001VTqlOYAT,2026-07-20
a03RB00001Uj0rxYAB,a03RB00001Uj0rx,a04RB00000kUANgYAO,月,001RB00001VTrs0YAD,2026/06,2026-06-01,a00RB00002Am2BKYAZ,a04RB00000kUANgYAO,001RB00001VTrs0YAD,2026-03-20
a03RB00001Uj0ryYAB,a03RB00001Uj0ry,a04RB00000kUAO0YAO,月,001RB00001VTrmnYAD,2026/06,2026-06-01,a00RB00002Am2BqYAJ,a04RB00000kUAO0YAO,001RB00001VTrmnYAD,2026-07-20
a03RB00001Uj0rzYAB,a03RB00001Uj0rz,a04RB00000kUAPjYAO,月,001RB00001VTqZWYA1,2026/06,2026-06-01,a00RB00002B0dy8YAB,a04RB00000kUAPjYAO,001RB00001VTqZWYA1,2026-07-20
a03RB00001Uj0s0YAB,a03RB00001Uj0s0,a04RB00000kUAQ2YAO,月,001RB00001VTqnbYAD,2026/06,2026-06-01,a00RB000027fzNaYAI,a04RB00000kUAQ2YAO,001RB00001VTqnbYAD,2026-06-20
a03RB00001Uj0s1YAB,a03RB00001Uj0s1,a04RB00000kUAQ3YAO,月,001RB00001VTqnHYAT,2026/06,2026-06-01,a00RB000027fzNbYAI,a04RB00000kUAQ3YAO,001RB00001VTqnHYAT,2026-06-20
a03RB00001Uj0s2YAB,a03RB00001Uj0s2,a04RB00000kUAORYA4,月,001RB00001VTqmBYAT,2026/06,2026-06-01,a00RB00002Am2BrYAJ,a04RB00000kUAORYA4,001RB00001VTqmBYAT,2026-07-20
a03RB00001Uj0s3YAB,a03RB00001Uj0s3,a04RB00000kUAPIYA4,月,001RB00001VTCZZYA5,2026/06,2026-06-01,a00RB00002Am2BAYAZ,a04RB00000kUAPIYA4,001RB00001VTCZZYA5,2026-05-18
a03RB00001Uj0s4YAB,a03RB00001Uj0s4,a04RB00000kUAP1YAO,月,001RB00001VTrUSYA1,2026/06,2026-06-01,a00RB00002Am2BbYAJ,a04RB00000kUAP1YAO,001RB00001VTrUSYA1,2026-07-20
a03RB00001Uj0s5YAB,a03RB00001Uj0s5,a04RB00000kUAPBYA4,月,001RB00001VTrYEYA1,2026/06,2026-06-01,a00RB00002Am2BdYAJ,a04RB00000kUAPBYA4,001RB00001VTrYEYA1,2026-07-20
a03RB00001Uj0s6YAB,a03RB00001Uj0s6,a04RB00000kUAPHYA4,月,001RB00001VTro2YAD,2026/06,2026-06-01,a00RB00002Am2BeYAJ,a04RB00000kUAPHYA4,001RB00001VTro2YAD,2026-07-20
a03RB00001Uj0s7YAB,a03RB00001Uj0s7,a04RB00000kUAQ0YAO,月,001RB00001VTtIfYAL,2026/06,2026-06-01,a00RB000027fzNjYAI,a04RB00000kUAQ0YAO,001RB00001VTtIfYAL,2026-06-20
a03RB00001Uj0s8YAB,a03RB00001Uj0s8,a04RB00000kUAPxYAO,月,001RB00001VTtIdYAL,2026/06,2026-06-01,a00RB00002AyetjYAB,a04RB00000kUAPxYAO,001RB00001VTtIdYAL,2026-07-20
a03RB00001Uj0s9YAB,a03RB00001Uj0s9,a04RB00000kUAPnYAO,月,001RB00001VTqaKYAT,2026/06,2026-06-01,a00RB000027fzNlYAI,a04RB00000kUAPnYAO,001RB00001VTqaKYAT,2026-06-20
a03RB00001Uj0sAYAR,a03RB00001Uj0sA,a04RB00000kUAPlYAO,月,001RB00001VTtIXYA1,2026/06,2026-06-01,a00RB00002AyetkYAB,a04RB00000kUAPlYAO,001RB00001VTtIXYA1,2026-07-20
a03RB00001Uj0sBYAR,a03RB00001Uj0sB,a04RB00000kUAPiYAO,月,001RB00001VTtIWYA1,2026/06,2026-06-01,a00RB00002Am2AUYAZ,a04RB00000kUAPiYAO,001RB00001VTtIWYA1,2026-06-20
a03RB00001Uj0sCYAR,a03RB00001Uj0sC,a04RB00000kUAPbYAO,月,001RB00001VTqaGYAT,2026/06,2026-06-01,a00RB000027fzNnYAI,a04RB00000kUAPbYAO,001RB00001VTqaGYAT,2026-06-20
a03RB00001Uj0sDYAR,a03RB00001Uj0sD,a04RB00000kUAPXYA4,月,001RB00001VTqZVYA1,2026/06,2026-06-01,a00RB00002AyetlYAB,a04RB00000kUAPXYA4,001RB00001VTqZVYA1,2026-07-20
a03RB00001Uj0sEYAR,a03RB00001Uj0sE,a04RB00000kUAPVYA4,月,001RB00001VTqZpYAL,2026/06,2026-06-01,a00RB00002AyetiYAB,a04RB00000kUAPVYA4,001RB00001VTqZpYAL,2026-07-20
a03RB00001Uj0sFYAR,a03RB00001Uj0sF,a04RB00000kUAPzYAO,月,001RB00001VTqfsYAD,2026/06,2026-06-01,a00RB000027flsLYAQ,a04RB00000kUAPzYAO,001RB00001VTqfsYAD,2026-06-20
a03RB00001Uj0sGYAR,a03RB00001Uj0sG,a04RB00000kUAQ6YAO,月,001RB00001VTqbqYAD,2026/06,2026-06-01,a00RB00002Am2BsYAJ,a04RB00000kUAQ6YAO,001RB00001VTqbqYAD,2026-07-20
a03RB00001Uj0sHYAR,a03RB00001Uj0sH,a04RB00000kUAPFYA4,月,001RB00001VTqkQYAT,2026/06,2026-06-01,a00RB00002Am2BfYAJ,a04RB00000kUAPFYA4,001RB00001VTqkQYAT,2026-07-20
a03RB00001Uj0sIYAR,a03RB00001Uj0sI,a04RB00000kUAPiYAO,月,001RB00001VTtIWYA1,2026/03,2026-03-01,a00RB00002Am2AVYAZ,a04RB00000kUAPiYAO,001RB00001VTtIWYA1,2026-03-20
a03RB00001Uj0sJYAR,a03RB00001Uj0sJ,a04RB00000kUAOjYAO,月,001RB00001VTqf7YAD,2026/04,2026-04-01,a00RB00002B4i4HYAR,a04RB00000kUAOjYAO,001RB00001VTqf7YAD,2026-07-20
a03RB00001Uj0sKYAR,a03RB00001Uj0sK,a04RB00000kUAPzYAO,月,001RB00001VTqfsYAD,2026/05,2026-05-01,a00RB00002Am2AvYAJ,a04RB00000kUAPzYAO,001RB00001VTqfsYAD,2026-05-20
a03RB00001Uj0sLYAR,a03RB00001Uj0sL,a04RB00000kUAPiYAO,月,001RB00001VTtIWYA1,2026/05,2026-05-01,a00RB00002Am2AwYAJ,a04RB00000kUAPiYAO,001RB00001VTtIWYA1,2026-05-20
a03RB00001Uj0sMYAR,a03RB00001Uj0sM,a04RB00000kUAPiYAO,月,001RB00001VTtIWYA1,2026/04,2026-04-01,a00RB00002Am2BBYAZ,a04RB00000kUAPiYAO,001RB00001VTtIWYA1,2026-04-20
a03RB00001Uj0sNYAR,a03RB00001Uj0sN,a04RB00000kUAPiYAO,月,001RB00001VTtIWYA1,2026/07,2026-07-01,a00RB00002Am2BnYAJ,a04RB00000kUAPiYAO,001RB00001VTtIWYA1,2026-07-20
a03RB00001UyXx0YAF,a03RB00001UyXx0,a04RB00000kUAQ2YAO,月,001RB00001VTqnbYAD,2026/06,2026-06-01,a00RB000027fzNaYAI,a04RB00000kUAQ2YAO,001RB00001VTqnbYAD,2026-06-20
a03RB00001UyXx1YAF,a03RB00001UyXx1,a04RB00000kUAQ3YAO,月,001RB00001VTqnHYAT,2026/06,2026-06-01,a00RB000027fzNbYAI,a04RB00000kUAQ3YAO,001RB00001VTqnHYAT,2026-06-20
a03RB00001UyXx2YAF,a03RB00001UyXx2,a04RB00000kUAPbYAO,月,001RB00001VTqaGYAT,2026/06,2026-06-01,a00RB000027fzNnYAI,a04RB00000kUAPbYAO,001RB00001VTqaGYAT,2026-06-20
a03RB00001UyXx3YAF,a03RB00001UyXx3,a04RB00000kUAOjYAO,月,001RB00001VTqf7YAD,2026/06,2026-06-01,a00RB00002B4i4HYAR,a04RB00000kUAOjYAO,001RB00001VTqf7YAD,2026-07-20
a03RB00001UyZVsYAN,a03RB00001UyZVs,a04RB00000n5JdiYAE,月,001RB00001br9KgYAI,2026/06,2026-06-01,a00RB00002B4i3EYAR,a04RB00000n5JdiYAE,001RB00001br9KgYAI,2026-06-20
a03RB00001UyZVtYAN,a03RB00001UyZVt,a04RB00000n5JdjYAE,月,001RB00001br9KfYAI,2026/06,2026-06-01,a00RB00002B4i3FYAR,a04RB00000n5JdjYAE,001RB00001br9KfYAI,2026-06-20
a03RB00001UyZVuYAN,a03RB00001UyZVu,a04RB00000n5JdkYAE,月,001RB00001br9KNYAY,2026/06,2026-06-01,a00RB00002B4i3GYAR,a04RB00000n5JdkYAE,001RB00001br9KNYAY,2026-06-20
a03RB00001UyZVvYAN,a03RB00001UyZVv,a04RB00000n5JdlYAE,月,001RB00001br9KLYAY,2026/06,2026-06-01,a00RB00002B4i3HYAR,a04RB00000n5JdlYAE,001RB00001br9KLYAY,2026-06-20
a03RB00001UyZVwYAN,a03RB00001UyZVw,a04RB00000n5JdmYAE,月,001RB00001br9KMYAY,2026/06,2026-06-01,a00RB00002B2ejcYAB,a04RB00000n5JdmYAE,001RB00001br9KMYAY,2026-06-20
a03RB00001UyZVxYAN,a03RB00001UyZVx,a04RB00000n5JdnYAE,月,001RB00001br9KQYAY,2026/06,2026-06-01,a00RB00002B4i3IYAR,a04RB00000n5JdnYAE,001RB00001br9KQYAY,2026-06-20
a03RB00001UyZVyYAN,a03RB00001UyZVy,a04RB00000n5JdoYAE,月,001RB00001br9KOYAY,2026/06,2026-06-01,a00RB00002B4i3JYAR,a04RB00000n5JdoYAE,001RB00001br9KOYAY,2026-06-20
a03RB00001UyZVzYAN,a03RB00001UyZVz,a04RB00000n5JdpYAE,月,001RB00001VTrvcYAD,2026/06,2026-06-01,a00RB00002B4i3KYAR,a04RB00000n5JdpYAE,001RB00001VTrvcYAD,2026-06-20
a03RB00001UyZW0YAN,a03RB00001UyZW0,a04RB00000n5JdpYAE,月,001RB00001VTrvcYAD,2026/06,2026-06-01,a00RB00002B4i3KYAR,a04RB00000n5JdpYAE,001RB00001VTrvcYAD,2026-06-20
a03RB00001UyZW1YAN,a03RB00001UyZW1,a04RB00000n5JdqYAE,月,001RB00001VTtIcYAL,2026/06,2026-06-01,a00RB00002B4i3LYAR,a04RB00000n5JdqYAE,001RB00001VTtIcYAL,2026-06-20
a03RB00001UyZW2YAN,a03RB00001UyZW2,a04RB00000n5JdrYAE,月,001RB00001br9KVYAY,2026/06,2026-06-01,a00RB00002B4i3MYAR,a04RB00000n5JdrYAE,001RB00001br9KVYAY,2026-06-20
a03RB00001UyZW3YAN,a03RB00001UyZW3,a04RB00000n5JdsYAE,月,001RB00001br9KKYAY,2026/06,2026-06-01,a00RB00002B5oL6YAJ,a04RB00000n5JdsYAE,001RB00001br9KKYAY,2026-03-20
a03RB00001UyZW4YAN,a03RB00001UyZW4,a04RB00000n5JdtYAE,月,001RB00001br9KSYAY,2026/06,2026-06-01,a00RB00002B4i3NYAR,a04RB00000n5JdtYAE,001RB00001br9KSYAY,2026-06-20
a03RB00001UyZW5YAN,a03RB00001UyZW5,a04RB00000n5JduYAE,月,001RB00001br9KdYAI,2026/06,2026-06-01,a00RB00002B4i3OYAR,a04RB00000n5JduYAE,001RB00001br9KdYAI,2026-06-20
a03RB00001UyZW6YAN,a03RB00001UyZW6,a04RB00000n5JdvYAE,月,001RB00001VTCYEYA5,2026/06,2026-06-01,a00RB00002B4i3PYAR,a04RB00000n5JdvYAE,001RB00001VTCYEYA5,2026-06-20
a03RB00001UyZW7YAN,a03RB00001UyZW7,a04RB00000n5JdvYAE,月,001RB00001VTCYEYA5,2026/06,2026-06-01,a00RB00002B4i3PYAR,a04RB00000n5JdvYAE,001RB00001VTCYEYA5,2026-06-20
a03RB00001UyZW8YAN,a03RB00001UyZW8,a04RB00000n5JdwYAE,月,001RB00001br9KYYAY,2026/06,2026-06-01,a00RB00002B4i3QYAR,a04RB00000n5JdwYAE,001RB00001br9KYYAY,2026-06-20
a03RB00001UyZW9YAN,a03RB00001UyZW9,a04RB00000n5JdxYAE,月,001RB00001br9KIYAY,2026/06,2026-06-01,a00RB00002B4i3RYAR,a04RB00000n5JdxYAE,001RB00001br9KIYAY,2026-06-20
a03RB00001UyZWAYA3,a03RB00001UyZWA,a04RB00000n5JdyYAE,月,001RB00001br9KcYAI,2026/06,2026-06-01,a00RB00002B4i3SYAR,a04RB00000n5JdyYAE,001RB00001br9KcYAI,2026-06-20
a03RB00001UyZWBYA3,a03RB00001UyZWB,a04RB00000n5JdzYAE,月,001RB00001br9KeYAI,2026/03,2026-03-01,a00RB00002B4i3UYAR,a04RB00000n5JdzYAE,001RB00001br9KeYAI,2026-03-20
a03RB00001UyZWCYA3,a03RB00001UyZWC,a04RB00000n5JdrYAE,月,001RB00001br9KVYAY,2026/03,2026-03-01,a00RB00002B4i3VYAR,a04RB00000n5JdrYAE,001RB00001br9KVYAY,2026-03-20
a03RB00001UyZWDYA3,a03RB00001UyZWD,a04RB00000n5Je0YAE,月,001RB00001VTtIVYA1,2026/03,2026-03-01,a00RB00002B4i3WYAR,a04RB00000n5Je0YAE,001RB00001VTtIVYA1,2026-03-20
a03RB00001UyZWEYA3,a03RB00001UyZWE,a04RB00000n5JdtYAE,月,001RB00001br9KSYAY,2026/03,2026-03-01,a00RB00002B4i3XYAR,a04RB00000n5JdtYAE,001RB00001br9KSYAY,2026-03-20
a03RB00001UyZWFYA3,a03RB00001UyZWF,a04RB00000n5JdiYAE,月,001RB00001br9KgYAI,2026/03,2026-03-01,a00RB00002B4i3YYAR,a04RB00000n5JdiYAE,001RB00001br9KgYAI,2026-03-20
a03RB00001UyZWGYA3,a03RB00001UyZWG,a04RB00000n5JdjYAE,月,001RB00001br9KfYAI,2026/03,2026-03-01,a00RB00002B4i3ZYAR,a04RB00000n5JdjYAE,001RB00001br9KfYAI,2026-03-20
a03RB00001UyZWHYA3,a03RB00001UyZWH,a04RB00000n5JdkYAE,月,001RB00001br9KNYAY,2026/03,2026-03-01,a00RB00002B4i3aYAB,a04RB00000n5JdkYAE,001RB00001br9KNYAY,2026-03-20
a03RB00001UyZWIYA3,a03RB00001UyZWI,a04RB00000n5Je1YAE,月,001RB00001VTqkQYAT,2026/03,2026-03-01,a00RB00002B4i3bYAB,a04RB00000n5Je1YAE,001RB00001VTqkQYAT,2026-03-20
a03RB00001UyZWJYA3,a03RB00001UyZWJ,a04RB00000n5Je2YAE,月,001RB00001VTCYwYAP,2026/04,2026-04-01,a00RB00002B4i3cYAB,a04RB00000n5Je2YAE,001RB00001VTCYwYAP,2026-04-20
a03RB00001UyZWKYA3,a03RB00001UyZWK,a04RB00000n5JdnYAE,月,001RB00001br9KQYAY,2026/04,2026-04-01,a00RB00002B4i3dYAB,a04RB00000n5JdnYAE,001RB00001br9KQYAY,2026-04-20
a03RB00001UyZWLYA3,a03RB00001UyZWL,a04RB00000n5JdoYAE,月,001RB00001br9KOYAY,2026/04,2026-04-01,a00RB00002B4i3eYAB,a04RB00000n5JdoYAE,001RB00001br9KOYAY,2026-04-20
a03RB00001UyZWMYA3,a03RB00001UyZWM,a04RB00000n5Je3YAE,月,001RB00001VcyFPYAZ,2026/04,2026-04-01,a00RB00002B4i3fYAB,a04RB00000n5Je3YAE,001RB00001VcyFPYAZ,2026-04-20
a03RB00001UyZWNYA3,a03RB00001UyZWN,a04RB00000n5JduYAE,月,001RB00001br9KdYAI,2026/04,2026-04-01,a00RB00002B4i3gYAB,a04RB00000n5JduYAE,001RB00001br9KdYAI,2026-04-20
a03RB00001UyZWOYA3,a03RB00001UyZWO,a04RB00000n5JdvYAE,月,001RB00001VTCYEYA5,2026/04,2026-04-01,a00RB00002B4i3hYAB,a04RB00000n5JdvYAE,001RB00001VTCYEYA5,2026-04-20
a03RB00001UyZWPYA3,a03RB00001UyZWP,a04RB00000n5JdvYAE,月,001RB00001VTCYEYA5,2026/04,2026-04-01,a00RB00002B4i3hYAB,a04RB00000n5JdvYAE,001RB00001VTCYEYA5,2026-04-20
a03RB00001UyZWQYA3,a03RB00001UyZWQ,a04RB00000n5Je4YAE,月,001RB00001VTqlZYAT,2026/04,2026-04-01,a00RB00002B4i3iYAB,a04RB00000n5Je4YAE,001RB00001VTqlZYAT,2026-04-20
a03RB00001UyZWRYA3,a03RB00001UyZWR,a04RB00000n5Je5YAE,月,001RB00001br9KRYAY,2026/04,2026-04-01,a00RB00002B4i3jYAB,a04RB00000n5Je5YAE,001RB00001br9KRYAY,2026-04-20
a03RB00001UyZWSYA3,a03RB00001UyZWS,a04RB00000n5Je6YAE,月,001RB00001br9KTYAY,2026/05,2026-05-01,a00RB00002B4i3kYAB,a04RB00000n5Je6YAE,001RB00001br9KTYAY,2026-05-20
a03RB00001UyZWTYA3,a03RB00001UyZWT,a04RB00000n5JdqYAE,月,001RB00001VTtIcYAL,2026/05,2026-05-01,a00RB00002B4i3lYAB,a04RB00000n5JdqYAE,001RB00001VTtIcYAL,2026-05-20
a03RB00001UyZWUYA3,a03RB00001UyZWU,a04RB00000n5JdrYAE,月,001RB00001br9KVYAY,2026/05,2026-05-01,a00RB00002B4i3mYAB,a04RB00000n5JdrYAE,001RB00001br9KVYAY,2026-05-20
a03RB00001UyZWVYA3,a03RB00001UyZWV,a04RB00000n5JdtYAE,月,001RB00001br9KSYAY,2026/05,2026-05-01,a00RB00002B4i3nYAB,a04RB00000n5JdtYAE,001RB00001br9KSYAY,2026-05-20
a03RB00001UyZWWYA3,a03RB00001UyZWW,a04RB00000n5JdiYAE,月,001RB00001br9KgYAI,2026/05,2026-05-01,a00RB00002B4i3oYAB,a04RB00000n5JdiYAE,001RB00001br9KgYAI,2026-05-20
a03RB00001UyZWXYA3,a03RB00001UyZWX,a04RB00000n5JdjYAE,月,001RB00001br9KfYAI,2026/05,2026-05-01,a00RB00002B4i3pYAB,a04RB00000n5JdjYAE,001RB00001br9KfYAI,2026-05-20
a03RB00001UyZWYYA3,a03RB00001UyZWY,a04RB00000n5JdkYAE,月,001RB00001br9KNYAY,2026/05,2026-05-01,a00RB00002B4i3qYAB,a04RB00000n5JdkYAE,001RB00001br9KNYAY,2026-05-20
a03RB00001UyZWZYA3,a03RB00001UyZWZ,a04RB00000n5Je1YAE,月,001RB00001VTqkQYAT,2026/05,2026-05-01,a00RB00002B4i3rYAB,a04RB00000n5Je1YAE,001RB00001VTqkQYAT,2026-05-20
a03RB00001UyZWaYAN,a03RB00001UyZWa,a04RB00000n5JdlYAE,月,001RB00001br9KLYAY,2026/05,2026-05-01,a00RB00002B4i3sYAB,a04RB00000n5JdlYAE,001RB00001br9KLYAY,2026-05-20
a03RB00001UyZWbYAN,a03RB00001UyZWb,a04RB00000n5Je2YAE,月,001RB00001VTCYwYAP,2026/05,2026-05-01,a00RB00002B4i3tYAB,a04RB00000n5Je2YAE,001RB00001VTCYwYAP,2026-05-20
a03RB00001UyZWcYAN,a03RB00001UyZWc,a04RB00000n5JdnYAE,月,001RB00001br9KQYAY,2026/05,2026-05-01,a00RB00002B4i3uYAB,a04RB00000n5JdnYAE,001RB00001br9KQYAY,2026-05-20
a03RB00001UyZWdYAN,a03RB00001UyZWd,a04RB00000n5JdoYAE,月,001RB00001br9KOYAY,2026/05,2026-05-01,a00RB00002B4i3vYAB,a04RB00000n5JdoYAE,001RB00001br9KOYAY,2026-05-20
a03RB00001UyZWeYAN,a03RB00001UyZWe,a04RB00000n5Je3YAE,月,001RB00001VcyFPYAZ,2026/05,2026-05-01,a00RB00002B4i3wYAB,a04RB00000n5Je3YAE,001RB00001VcyFPYAZ,2026-05-20
a03RB00001UyZWfYAN,a03RB00001UyZWf,a04RB00000n5JduYAE,月,001RB00001br9KdYAI,2026/05,2026-05-01,a00RB00002B4i3xYAB,a04RB00000n5JduYAE,001RB00001br9KdYAI,2026-05-20
a03RB00001UyZWgYAN,a03RB00001UyZWg,a04RB00000n5JdvYAE,月,001RB00001VTCYEYA5,2026/05,2026-05-01,a00RB00002B4i3yYAB,a04RB00000n5JdvYAE,001RB00001VTCYEYA5,2026-05-20
a03RB00001UyZWhYAN,a03RB00001UyZWh,a04RB00000n5JdvYAE,月,001RB00001VTCYEYA5,2026/05,2026-05-01,a00RB00002B4i3yYAB,a04RB00000n5JdvYAE,001RB00001VTCYEYA5,2026-05-20
a03RB00001UyZWiYAN,a03RB00001UyZWi,a04RB00000n5JdtYAE,月,001RB00001br9KSYAY,2026/04,2026-04-01,a00RB00002B4i3zYAB,a04RB00000n5JdtYAE,001RB00001br9KSYAY,2026-04-20
a03RB00001UyZWjYAN,a03RB00001UyZWj,a04RB00000n5JdiYAE,月,001RB00001br9KgYAI,2026/04,2026-04-01,a00RB00002B4i40YAB,a04RB00000n5JdiYAE,001RB00001br9KgYAI,2026-04-20
a03RB00001UyZWkYAN,a03RB00001UyZWk,a04RB00000n5JdjYAE,月,001RB00001br9KfYAI,2026/04,2026-04-01,a00RB00002B4i41YAB,a04RB00000n5JdjYAE,001RB00001br9KfYAI,2026-04-20
a03RB00001UyZWlYAN,a03RB00001UyZWl,a04RB00000n5JdkYAE,月,001RB00001br9KNYAY,2026/04,2026-04-01,a00RB00002B4i42YAB,a04RB00000n5JdkYAE,001RB00001br9KNYAY,2026-04-20
a03RB00001UyZWmYAN,a03RB00001UyZWm,a04RB00000n5Je1YAE,月,001RB00001VTqkQYAT,2026/04,2026-04-01,a00RB00002B4i43YAB,a04RB00000n5Je1YAE,001RB00001VTqkQYAT,2026-04-20
a03RB00001UyZWnYAN,a03RB00001UyZWn,a04RB00000n5JdlYAE,月,001RB00001br9KLYAY,2026/04,2026-04-01,a00RB00002B4i44YAB,a04RB00000n5JdlYAE,001RB00001br9KLYAY,2026-04-20
a03RB00001UyZWoYAN,a03RB00001UyZWo,a04RB00000n5JdlYAE,月,001RB00001br9KLYAY,2026/03,2026-03-01,a00RB00002B4i45YAB,a04RB00000n5JdlYAE,001RB00001br9KLYAY,2026-03-20
a03RB00001UyZWpYAN,a03RB00001UyZWp,a04RB00000n5Je2YAE,月,001RB00001VTCYwYAP,2026/03,2026-03-01,a00RB00002B4i46YAB,a04RB00000n5Je2YAE,001RB00001VTCYwYAP,2026-03-20
a03RB00001UyZWqYAN,a03RB00001UyZWq,a04RB00000n5JdnYAE,月,001RB00001br9KQYAY,2026/03,2026-03-01,a00RB00002B4i47YAB,a04RB00000n5JdnYAE,001RB00001br9KQYAY,2026-03-20
a03RB00001UyZWrYAN,a03RB00001UyZWr,a04RB00000n5JdoYAE,月,001RB00001br9KOYAY,2026/03,2026-03-01,a00RB00002B4i48YAB,a04RB00000n5JdoYAE,001RB00001br9KOYAY,2026-03-20
a03RB00001UyZWsYAN,a03RB00001UyZWs,a04RB00000n5Je4YAE,月,001RB00001VTqlZYAT,2026/03,2026-03-01,a00RB00002B4i49YAB,a04RB00000n5Je4YAE,001RB00001VTqlZYAT,2026-03-20
a03RB00001UyZWtYAN,a03RB00001UyZWt,a04RB00000n5JduYAE,月,001RB00001br9KdYAI,2026/03,2026-03-01,a00RB00002B4i4AYAR,a04RB00000n5JduYAE,001RB00001br9KdYAI,2026-03-20
a03RB00001UyZWuYAN,a03RB00001UyZWu,a04RB00000n5Je7YAE,月,001RB00001br9KbYAI,2026/07,2026-07-01,a00RB00002B4i4BYAR,a04RB00000n5Je7YAE,001RB00001br9KbYAI,2026-07-20
a03RB00001UyZWvYAN,a03RB00001UyZWv,a04RB00000n5Je8YAE,月,001RB00001br9KWYAY,2026/07,2026-07-01,a00RB00002B4i4CYAR,a04RB00000n5Je8YAE,001RB00001br9KWYAY,2026-07-20
a03RB00001UyZWwYAN,a03RB00001UyZWw,a04RB00000n5Je9YAE,月,001RB00001br9KaYAI,2026/07,2026-07-01,a00RB00002B4i4DYAR,a04RB00000n5Je9YAE,001RB00001br9KaYAI,2026-07-20
a03RB00001UyZWxYAN,a03RB00001UyZWx,a04RB00000n5JdzYAE,月,001RB00001br9KeYAI,2026/07,2026-07-01,a00RB00002B4i4EYAR,a04RB00000n5JdzYAE,001RB00001br9KeYAI,2026-07-20
a03RB00001UyZWyYAN,a03RB00001UyZWy,a04RB00000n5JdwYAE,月,001RB00001br9KYYAY,2026/07,2026-07-01,a00RB00002B4i4FYAR,a04RB00000n5JdwYAE,001RB00001br9KYYAY,2026-07-20
a03RB00001UyZWzYAN,a03RB00001UyZWz,a04RB00000n5JdxYAE,月,001RB00001br9KIYAY,2026/07,2026-07-01,a00RB00002B4i4GYAR,a04RB00000n5JdxYAE,001RB00001br9KIYAY,2026-07-20
a03RB00001UyZX0YAN,a03RB00001UyZX0,a04RB00000n5Je3YAE,月,001RB00001VcyFPYAZ,2026/07,2026-07-01,a00RB00002B4i4IYAR,a04RB00000n5Je3YAE,001RB00001VcyFPYAZ,2026-07-20
a03RB00001UyZX1YAN,a03RB00001UyZX1,a04RB00000n5JduYAE,月,001RB00001br9KdYAI,2026/07,2026-07-01,a00RB00002B4i4JYAR,a04RB00000n5JduYAE,001RB00001br9KdYAI,2026-07-20
a03RB00001UyZX2YAN,a03RB00001UyZX2,a04RB00000n5JdtYAE,月,001RB00001br9KSYAY,2026/07,2026-07-01,a00RB00002B4i4KYAR,a04RB00000n5JdtYAE,001RB00001br9KSYAY,2026-07-20
a03RB00001UyZX3YAN,a03RB00001UyZX3,a04RB00000n5JdiYAE,月,001RB00001br9KgYAI,2026/07,2026-07-01,a00RB00002B4i4LYAR,a04RB00000n5JdiYAE,001RB00001br9KgYAI,2026-07-20
a03RB00001UyZX4YAN,a03RB00001UyZX4,a04RB00000n5JdjYAE,月,001RB00001br9KfYAI,2026/07,2026-07-01,a00RB00002B4i4MYAR,a04RB00000n5JdjYAE,001RB00001br9KfYAI,2026-07-20
a03RB00001UyZX5YAN,a03RB00001UyZX5,a04RB00000n5JdkYAE,月,001RB00001br9KNYAY,2026/07,2026-07-01,a00RB00002B4i4NYAR,a04RB00000n5JdkYAE,001RB00001br9KNYAY,2026-07-20
a03RB00001UyZX6YAN,a03RB00001UyZX6,a04RB00000n5JeAYAU,月,001RB00001VTrrHYAT,2026/07,2026-07-01,,,,
a03RB00001UyZX7YAN,a03RB00001UyZX7,a04RB00000n5JdlYAE,月,001RB00001br9KLYAY,2026/07,2026-07-01,a00RB00002B4i4OYAR,a04RB00000n5JdlYAE,001RB00001br9KLYAY,2026-07-20
a03RB00001UyZX8YAN,a03RB00001UyZX8,a04RB00000n5JdmYAE,月,001RB00001br9KMYAY,2026/07,2026-07-01,a00RB00002B4i4PYAR,a04RB00000n5JdmYAE,001RB00001br9KMYAY,2026-07-20
a03RB00001UyZX9YAN,a03RB00001UyZX9,a04RB00000n5JdnYAE,月,001RB00001br9KQYAY,2026/07,2026-07-01,a00RB00002B4i4QYAR,a04RB00000n5JdnYAE,001RB00001br9KQYAY,2026-07-20
a03RB00001UyZXAYA3,a03RB00001UyZXA,a04RB00000n5JdoYAE,月,001RB00001br9KOYAY,2026/07,2026-07-01,a00RB00002B4i4RYAR,a04RB00000n5JdoYAE,001RB00001br9KOYAY,2026-07-20
a03RB00001VH5KKYA1,a03RB00001VH5KK,a04RB00000kUAO0YAO,月,001RB00001VTrmnYAD,2026/03,2026-03-01,,,,
a03RB00001VH5KLYA1,a03RB00001VH5KL,a04RB00000kUAO0YAO,月,001RB00001VTrmnYAD,2026/03,2026-03-01,,,,
a03RB00001VH5KMYA1,a03RB00001VH5KM,a04RB00000kUAO0YAO,月,001RB00001VTrmnYAD,2026/03,2026-03-01,,,,
a03RB00001VH5KNYA1,a03RB00001VH5KN,a04RB00000kUAO0YAO,月,001RB00001VTrmnYAD,2026/03,2026-03-01,,,,
a03RB00001VH5KOYA1,a03RB00001VH5KO,a04RB00000kUAO0YAO,月,001RB00001VTrmnYAD,2026/03,2026-03-01,,,,
a03RB00001VH5KPYA1,a03RB00001VH5KP,a04RB00000kUAOAYA4,月,001RB00001VTruAYAT,2026/06,2026-06-01,a00RB00002BahLdYAJ,a04RB00000kUAOAYA4,001RB00001VTruAYAT,2026-06-18
a03RB00001VH5KQYA1,a03RB00001VH5KQ,a04RB00000kUAPjYAO,月,001RB00001VTqZWYA1,2026/06,2026-06-01,a00RB00002B0dy8YAB,a04RB00000kUAPjYAO,001RB00001VTqZWYA1,2026-07-20
a03RB00001VH5KRYA1,a03RB00001VH5KR,a04RB00000kUAPlYAO,月,001RB00001VTtIXYA1,2026/06,2026-06-01,a00RB00002AyetkYAB,a04RB00000kUAPlYAO,001RB00001VTtIXYA1,2026-07-20
a03RB00001VH5KSYA1,a03RB00001VH5KS,a04RB00000n5JdsYAE,月,001RB00001br9KKYAY,2026/06,2026-06-01,a00RB00002BZaquYAD,a04RB00000n5JdsYAE,001RB00001br9KKYAY,2026-07-20
a03RB00001VH5KTYA1,a03RB00001VH5KT,a04RB00000kUAPdYAO,月,001RB00001VTtIUYA1,2026/06,2026-06-01,a00RB00002B5oL2YAJ,a04RB00000kUAPdYAO,001RB00001VTtIUYA1,2026-06-20
a03RB00001VH5KUYA1,a03RB00001VH5KU,a04RB00000kUAPXYA4,月,001RB00001VTqZVYA1,2026/06,2026-06-01,a00RB00002AyetlYAB,a04RB00000kUAPXYA4,001RB00001VTqZVYA1,2026-07-20
a03RB00001VH5KVYA1,a03RB00001VH5KV,a04RB00000kUAPVYA4,月,001RB00001VTqZpYAL,2026/06,2026-06-01,a00RB00002AyetiYAB,a04RB00000kUAPVYA4,001RB00001VTqZpYAL,2026-07-20
a03RB00001VK8GnYAL,a03RB00001VK8Gn,a04RB00000n9hzBYAQ,月,001RB00001VTqjbYAD,2026/06,2026-06-29,a00RB00002BahLeYAJ,a04RB00000n9hzBYAQ,001RB00001VTqjbYAD,2026-06-29
a03RB00001VLhyrYAD,a03RB00001VLhyr,a04RB00000kVL7KYAW,月,001RB00001VcyFKYAZ,2026/07,2026-07-01,a00RB00002BahLfYAJ,a04RB00000kVL7KYAW,001RB00001VcyFKYAZ,2026-07-02
a03RB00001VU9YAYA1,a03RB00001VU9YA,a04RB00000nCFH5YAO,月,001RB00001VTrvxYAD,2026/08,2026-08-01,a00RB00002Bbke2YAB,a04RB00000nCFH5YAO,001RB00001VTrvxYAD,2026-08-20
a03RB00001VUaoUYAT,a03RB00001VUaoU,a04RB00000kUAPJYA4,年,001RB00001VTrkSYAT,2026/07,2026-07-01,,,,
a03RB00001VUaoVYAT,a03RB00001VUaoV,a04RB00000kUAPJYA4,年,001RB00001VTrkSYAT,2026/06,2026-06-01,a00RB00002B5oL3YAJ,a04RB00000kUAPJYA4,001RB00001VTrkSYAT,2026-06-20
a03RB00001VUaoWYAT,a03RB00001VUaoW,a04RB00000kUAPJYA4,年,001RB00001VTrkSYAT,2026/06,2026-06-01,a00RB00002B5oL3YAJ,a04RB00000kUAPJYA4,001RB00001VTrkSYAT,2026-06-20
a03RB00001VUaoXYAT,a03RB00001VUaoX,a04RB00000kUAPNYA4,年,001RB00001VTrxYYAT,2026/06,2026-06-01,a00RB000027fzNvYAI,a04RB00000kUAPNYA4,001RB00001VTrxYYAT,2026-06-20
a03RB00001VUaoYYAT,a03RB00001VUaoY,a04RB00000kUAPOYA4,年,001RB00001VTrm3YAD,2026/06,2026-06-01,a00RB00002B5oL4YAJ,a04RB00000kUAPOYA4,001RB00001VTrm3YAD,2026-06-20
a03RB00001VUaoZYAT,a03RB00001VUaoZ,a04RB00000kUAObYAO,年,001RB00001VTqleYAD,2026/06,2026-06-01,,,,
a03RB00001VUaoaYAD,a03RB00001VUaoa,a04RB00000kUAOnYAO,年,001RB00001VTqsxYAD,2026/06,2026-06-01,a00RB000027fzNxYAI,a04RB00000kUAOnYAO,001RB00001VTqsxYAD,2026-06-20
a03RB00001VUaobYAD,a03RB00001VUaob,a04RB00000lZ54zYAC,年,001RB00001VTCYEYA5,2026/07,2026-07-01,,,,
a03RB00001VUaocYAD,a03RB00001VUaoc,a04RB00000kUAObYAO,年,001RB00001VTqleYAD,2026/07,2026-07-01,a00RB00002B5oLLYAZ,a04RB00000kUAObYAO,001RB00001VTqleYAD,2026-07-20
a03RB00001VVITJYA5,a03RB00001VVITJ,a04RB00000nCVWrYAO,月,001RB00001VTrvxYAD,2026/08,2026-08-01,a00RB00002BavLRYAZ,a04RB00000nCVWrYAO,001RB00001VTrvxYAD,2026-08-20
a03RB00001VWEogYAH,a03RB00001VWEog,a04RB00000nCmpRYAS,月,001RB00001VTrRuYAL,2026/07,2026-07-01,,,,
a03RB00001VWEohYAH,a03RB00001VWEoh,a04RB00000nCmpSYAS,月,001RB00001b3qNeYAI,2026/07,2026-07-01,,,,
a03RB00001VWEoiYAH,a03RB00001VWEoi,a04RB00000kUAPZYA4,年,001RB00001VTqaIYAT,2026/01,2026-01-01,,,,
a03RB00001VWEojYAH,a03RB00001VWEoj,a04RB00000kUAPZYA4,年,001RB00001VTqaIYAT,2026/01,2026-01-01,,,,
a03RB00001VWEokYAH,a03RB00001VWEok,a04RB00000nCmpTYAS,月,001RB00001VTruMYAT,2025/10,2025-10-01,,,,
a03RB00001VWEolYAH,a03RB00001VWEol,a04RB00000nCmpTYAS,月,001RB00001VTruMYAT,2025/09,2025-09-01,,,,
a03RB00001VWEomYAH,a03RB00001VWEom,a04RB00000nCmpTYAS,月,001RB00001VTruMYAT,2025/11,2025-11-01,,,,
a03RB00001VWEonYAH,a03RB00001VWEon,a04RB00000nCmpTYAS,月,001RB00001VTruMYAT,2025/12,2025-12-01,,,,
a03RB00001VX2zxYAD,a03RB00001VX2zx,a04RB00000kUAOAYA4,月,001RB00001VTruAYAT,2026/01,2026-01-01,,,,
a03RB00001VXL05YAH,a03RB00001VXL05,a04RB00000kUAOAYA4,月,001RB00001VTruAYAT,2026/06,2026-06-01,,,,
a03RB00001VXL06YAH,a03RB00001VXL06,a04RB00000kUAOAYA4,月,001RB00001VTruAYAT,2026/07,2026-07-01,,,,
a03RB00001VXL07YAH,a03RB00001VXL07,a04RB00000kUAOiYAO,年,001RB00001VTruMYAT,2026/01,2026-01-01,a00RB00002BbzTPYAZ,a04RB00000kUAOiYAO,001RB00001VTruMYAT,2026-01-29
a03RB00001VXL08YAH,a03RB00001VXL08,a04RB00000kUAOlYAO,年,001RB00001VTrwFYAT,2026/02,2026-02-01,a00RB00002BbzTQYAZ,a04RB00000kUAOlYAO,001RB00001VTrwFYAT,2026-02-20
a03RB00001VXL09YAH,a03RB00001VXL09,a04RB00000kUAOdYAO,月,001RB00001VTqmcYAD,2025/12,2025-12-01,a00RB00002BbzTRYAZ,a04RB00000kUAOdYAO,001RB00001VTqmcYAD,2025-12-19
a03RB00001VZHRpYAP,a03RB00001VZHRp,a04RB00000nD5TtYAK,月,001RB00001VTqxyYAD,2026/08,2026-08-01,a00RB00002BfPRJYA3,a04RB00000nD5TtYAK,001RB00001VTqxyYAD,2026-08-20
a03RB00001VrXgEYAV,a03RB00001VrXgE,a04RB00000nI5BVYA0,月,001RB00001VTr0AYAT,2026/08,2026-08-01,a00RB00002C0HH8YAN,a04RB00000nI5BVYA0,001RB00001VTr0AYAT,2026-08-20
a03RB00001Vsf74YAB,a03RB00001Vsf74,a04RB00000nIA1VYAW,月,001RB00001VTrvxYAD,2026/08,2026-08-01,a00RB00002C0iFgYAJ,a04RB00000nIA1VYAW,001RB00001VTrvxYAD,2026-08-20
a03RB00001WSLkwYAH,a03RB00001WSLkw,a04RB00000nQDdJYAW,月,001RB00001VTqWFYA1,2026/08,2026-08-01,a00RB00002Cb9PNYAZ,a04RB00000nQDdJYAW,001RB00001VTqWFYA1,2026-08-20
a03RB00001WSLkxYAH,a03RB00001WSLkx,a04RB00000nQDdJYAW,月,001RB00001VTqWFYA1,2026/08,2026-08-01,a00RB00002Cb9PNYAZ,a04RB00000nQDdJYAW,001RB00001VTqWFYA1,2026-08-20
a03RB00001WSLkyYAH,a03RB00001WSLky,a04RB00000nQDdJYAW,月,001RB00001VTqWFYA1,2026/08,2026-08-01,a00RB00002Cb9PNYAZ,a04RB00000nQDdJYAW,001RB00001VTqWFYA1,2026-08-20
a03RB00001WSLkzYAH,a03RB00001WSLkz,a04RB00000nQDdJYAW,月,001RB00001VTqWFYA1,2026/08,2026-08-01,a00RB00002Cb9PNYAZ,a04RB00000nQDdJYAW,001RB00001VTqWFYA1,2026-08-20
a03RB00001WSLl0YAH,a03RB00001WSLl0,a04RB00000nQDdJYAW,月,001RB00001VTqWFYA1,2026/08,2026-08-01,a00RB00002Cb9PNYAZ,a04RB00000nQDdJYAW,001RB00001VTqWFYA1,2026-08-20
a03RB00001WSLl1YAH,a03RB00001WSLl1,a04RB00000nQDdJYAW,月,001RB00001VTqWFYA1,2026/08,2026-08-01,a00RB00002Cb9PNYAZ,a04RB00000nQDdJYAW,001RB00001VTqWFYA1,2026-08-20
a03RB00001WYiuvYAD,a03RB00001WYiuv,a04RB00000nRlg9YAC,年,001RB00001dxx1tYAA,2026/08,2026-08-01,a00RB00002CgDsDYAV,a04RB00000nRlg9YAC,001RB00001dxx1tYAA,2026-08-20
a03RB00001WYiuwYAD,a03RB00001WYiuw,a04RB00000nRlg9YAC,年,001RB00001dxx1tYAA,2026/08,2026-08-01,a00RB00002CgDsDYAV,a04RB00000nRlg9YAC,001RB00001dxx1tYAA,2026-08-20
a03RB00001WYiuxYAD,a03RB00001WYiux,a04RB00000nRlg9YAC,年,001RB00001dxx1tYAA,2026/08,2026-08-01,a00RB00002CgDsDYAV,a04RB00000nRlg9YAC,001RB00001dxx1tYAA,2026-08-20
a03RB00001WYiuyYAD,a03RB00001WYiuy,a04RB00000nRlg9YAC,年,001RB00001dxx1tYAA,2026/08,2026-08-01,a00RB00002CgDsDYAV,a04RB00000nRlg9YAC,001RB00001dxx1tYAA,2026-08-20
a03RB00001WYiuzYAD,a03RB00001WYiuz,a04RB00000nRlg9YAC,年,001RB00001dxx1tYAA,2026/08,2026-08-01,a00RB00002CgDsDYAV,a04RB00000nRlg9YAC,001RB00001dxx1tYAA,2026-08-20
a03RB00001WYiv0YAD,a03RB00001WYiv0,a04RB00000nRlg9YAC,年,001RB00001dxx1tYAA,2026/08,2026-08-01,a00RB00002CgDsDYAV,a04RB00000nRlg9YAC,001RB00001dxx1tYAA,2026-08-20
a03RB00001WYiv1YAD,a03RB00001WYiv1,a04RB00000nRlg9YAC,年,001RB00001dxx1tYAA,2026/08,2026-08-01,a00RB00002CgDsDYAV,a04RB00000nRlg9YAC,001RB00001dxx1tYAA,2026-08-20
a03RB00001WYiv2YAD,a03RB00001WYiv2,a04RB00000nRlg9YAC,年,001RB00001dxx1tYAA,2026/08,2026-08-01,a00RB00002CgDsDYAV,a04RB00000nRlg9YAC,001RB00001dxx1tYAA,2026-08-20
a03RB00001WYiv3YAD,a03RB00001WYiv3,a04RB00000nRlg9YAC,年,001RB00001dxx1tYAA,2026/09,2026-09-01,a00RB00002CgDsDYAV,a04RB00000nRlg9YAC,001RB00001dxx1tYAA,2026-08-20
a03RB00001WYiv4YAD,a03RB00001WYiv4,a04RB00000nRlg9YAC,年,001RB00001dxx1tYAA,2026/09,2026-09-01,a00RB00002CgDsDYAV,a04RB00000nRlg9YAC,001RB00001dxx1tYAA,2026-08-20
a03RB00001WYiv5YAD,a03RB00001WYiv5,a04RB00000nRlg9YAC,年,001RB00001dxx1tYAA,2026/09,2026-09-01,a00RB00002CgDsDYAV,a04RB00000nRlg9YAC,001RB00001dxx1tYAA,2026-08-20
a03RB00001WYiv6YAD,a03RB00001WYiv6,a04RB00000nRlg9YAC,年,001RB00001dxx1tYAA,2026/09,2026-09-01,a00RB00002CgDsDYAV,a04RB00000nRlg9YAC,001RB00001dxx1tYAA,2026-08-20
a03RB00001WYiv7YAD,a03RB00001WYiv7,a04RB00000nRlg9YAC,年,001RB00001dxx1tYAA,2026/09,2026-09-01,a00RB00002CgDsDYAV,a04RB00000nRlg9YAC,001RB00001dxx1tYAA,2026-08-20
a03RB00001WYiv8YAD,a03RB00001WYiv8,a04RB00000nRlg9YAC,年,001RB00001dxx1tYAA,2026/09,2026-09-01,a00RB00002CgDsDYAV,a04RB00000nRlg9YAC,001RB00001dxx1tYAA,2026-08-20
a03RB00001WYiv9YAD,a03RB00001WYiv9,a04RB00000nRlg9YAC,年,001RB00001dxx1tYAA,2026/09,2026-09-01,a00RB00002CgDsDYAV,a04RB00000nRlg9YAC,001RB00001dxx1tYAA,2026-08-20
a03RB00001WYivAYAT,a03RB00001WYivA,a04RB00000nRlg9YAC,年,001RB00001dxx1tYAA,2026/09,2026-09-01,a00RB00002CgDsDYAV,a04RB00000nRlg9YAC,001RB00001dxx1tYAA,2026-08-20
a03RB00001WYivBYAT,a03RB00001WYivB,a04RB00000nRlg9YAC,年,001RB00001dxx1tYAA,2026/10,2026-10-01,a00RB00002CgDsDYAV,a04RB00000nRlg9YAC,001RB00001dxx1tYAA,2026-08-20
a03RB00001WYivCYAT,a03RB00001WYivC,a04RB00000nRlg9YAC,年,001RB00001dxx1tYAA,2026/10,2026-10-01,a00RB00002CgDsDYAV,a04RB00000nRlg9YAC,001RB00001dxx1tYAA,2026-08-20
a03RB00001WYivDYAT,a03RB00001WYivD,a04RB00000nRlg9YAC,年,001RB00001dxx1tYAA,2026/10,2026-10-01,a00RB00002CgDsDYAV,a04RB00000nRlg9YAC,001RB00001dxx1tYAA,2026-08-20
a03RB00001WYivEYAT,a03RB00001WYivE,a04RB00000nRlg9YAC,年,001RB00001dxx1tYAA,2026/10,2026-10-01,a00RB00002CgDsDYAV,a04RB00000nRlg9YAC,001RB00001dxx1tYAA,2026-08-20
a03RB00001WYivFYAT,a03RB00001WYivF,a04RB00000nRlg9YAC,年,001RB00001dxx1tYAA,2026/10,2026-10-01,a00RB00002CgDsDYAV,a04RB00000nRlg9YAC,001RB00001dxx1tYAA,2026-08-20
a03RB00001WYivGYAT,a03RB00001WYivG,a04RB00000nRlg9YAC,年,001RB00001dxx1tYAA,2026/10,2026-10-01,a00RB00002CgDsDYAV,a04RB00000nRlg9YAC,001RB00001dxx1tYAA,2026-08-20
a03RB00001WYivHYAT,a03RB00001WYivH,a04RB00000nRlg9YAC,年,001RB00001dxx1tYAA,2026/10,2026-10-01,a00RB00002CgDsDYAV,a04RB00000nRlg9YAC,001RB00001dxx1tYAA,2026-08-20
a03RB00001WYivIYAT,a03RB00001WYivI,a04RB00000nRlg9YAC,年,001RB00001dxx1tYAA,2026/10,2026-10-01,a00RB00002CgDsDYAV,a04RB00000nRlg9YAC,001RB00001dxx1tYAA,2026-08-20
a03RB00001WYivJYAT,a03RB00001WYivJ,a04RB00000nRlg9YAC,年,001RB00001dxx1tYAA,2026/11,2026-11-01,a00RB00002CgDsDYAV,a04RB00000nRlg9YAC,001RB00001dxx1tYAA,2026-08-20
a03RB00001WYivKYAT,a03RB00001WYivK,a04RB00000nRlg9YAC,年,001RB00001dxx1tYAA,2026/11,2026-11-01,a00RB00002CgDsDYAV,a04RB00000nRlg9YAC,001RB00001dxx1tYAA,2026-08-20
a03RB00001WYivLYAT,a03RB00001WYivL,a04RB00000nRlg9YAC,年,001RB00001dxx1tYAA,2026/11,2026-11-01,a00RB00002CgDsDYAV,a04RB00000nRlg9YAC,001RB00001dxx1tYAA,2026-08-20
a03RB00001WYivMYAT,a03RB00001WYivM,a04RB00000nRlg9YAC,年,001RB00001dxx1tYAA,2026/11,2026-11-01,a00RB00002CgDsDYAV,a04RB00000nRlg9YAC,001RB00001dxx1tYAA,2026-08-20
a03RB00001WYivNYAT,a03RB00001WYivN,a04RB00000nRlg9YAC,年,001RB00001dxx1tYAA,2026/11,2026-11-01,a00RB00002CgDsDYAV,a04RB00000nRlg9YAC,001RB00001dxx1tYAA,2026-08-20
a03RB00001WYivOYAT,a03RB00001WYivO,a04RB00000nRlg9YAC,年,001RB00001dxx1tYAA,2026/11,2026-11-01,a00RB00002CgDsDYAV,a04RB00000nRlg9YAC,001RB00001dxx1tYAA,2026-08-20
a03RB00001WYivPYAT,a03RB00001WYivP,a04RB00000nRlg9YAC,年,001RB00001dxx1tYAA,2026/11,2026-11-01,a00RB00002CgDsDYAV,a04RB00000nRlg9YAC,001RB00001dxx1tYAA,2026-08-20
a03RB00001WYivQYAT,a03RB00001WYivQ,a04RB00000nRlg9YAC,年,001RB00001dxx1tYAA,2026/11,2026-11-01,a00RB00002CgDsDYAV,a04RB00000nRlg9YAC,001RB00001dxx1tYAA,2026-08-20
a03RB00001WYivRYAT,a03RB00001WYivR,a04RB00000nRlg9YAC,年,001RB00001dxx1tYAA,2026/12,2026-12-01,a00RB00002CgDsDYAV,a04RB00000nRlg9YAC,001RB00001dxx1tYAA,2026-08-20
a03RB00001WYivSYAT,a03RB00001WYivS,a04RB00000nRlg9YAC,年,001RB00001dxx1tYAA,2026/12,2026-12-01,a00RB00002CgDsDYAV,a04RB00000nRlg9YAC,001RB00001dxx1tYAA,2026-08-20
a03RB00001WYivTYAT,a03RB00001WYivT,a04RB00000nRlg9YAC,年,001RB00001dxx1tYAA,2026/12,2026-12-01,a00RB00002CgDsDYAV,a04RB00000nRlg9YAC,001RB00001dxx1tYAA,2026-08-20
a03RB00001WYivUYAT,a03RB00001WYivU,a04RB00000nRlg9YAC,年,001RB00001dxx1tYAA,2026/12,2026-12-01,a00RB00002CgDsDYAV,a04RB00000nRlg9YAC,001RB00001dxx1tYAA,2026-08-20
a03RB00001WYivVYAT,a03RB00001WYivV,a04RB00000nRlg9YAC,年,001RB00001dxx1tYAA,2026/12,2026-12-01,a00RB00002CgDsDYAV,a04RB00000nRlg9YAC,001RB00001dxx1tYAA,2026-08-20
a03RB00001WYivWYAT,a03RB00001WYivW,a04RB00000nRlg9YAC,年,001RB00001dxx1tYAA,2026/12,2026-12-01,a00RB00002CgDsDYAV,a04RB00000nRlg9YAC,001RB00001dxx1tYAA,2026-08-20
a03RB00001WYivXYAT,a03RB00001WYivX,a04RB00000nRlg9YAC,年,001RB00001dxx1tYAA,2026/12,2026-12-01,a00RB00002CgDsDYAV,a04RB00000nRlg9YAC,001RB00001dxx1tYAA,2026-08-20
a03RB00001WYivYYAT,a03RB00001WYivY,a04RB00000nRlg9YAC,年,001RB00001dxx1tYAA,2026/12,2026-12-01,a00RB00002CgDsDYAV,a04RB00000nRlg9YAC,001RB00001dxx1tYAA,2026-08-20
a03RB00001WYivZYAT,a03RB00001WYivZ,a04RB00000nRlg9YAC,年,001RB00001dxx1tYAA,2027/01,2027-01-01,a00RB00002CgDsDYAV,a04RB00000nRlg9YAC,001RB00001dxx1tYAA,2026-08-20
a03RB00001WYivaYAD,a03RB00001WYiva,a04RB00000nRlg9YAC,年,001RB00001dxx1tYAA,2027/01,2027-01-01,a00RB00002CgDsDYAV,a04RB00000nRlg9YAC,001RB00001dxx1tYAA,2026-08-20
a03RB00001WYivbYAD,a03RB00001WYivb,a04RB00000nRlg9YAC,年,001RB00001dxx1tYAA,2027/01,2027-01-01,a00RB00002CgDsDYAV,a04RB00000nRlg9YAC,001RB00001dxx1tYAA,2026-08-20
a03RB00001WYivcYAD,a03RB00001WYivc,a04RB00000nRlg9YAC,年,001RB00001dxx1tYAA,2027/01,2027-01-01,a00RB00002CgDsDYAV,a04RB00000nRlg9YAC,001RB00001dxx1tYAA,2026-08-20
a03RB00001WYivdYAD,a03RB00001WYivd,a04RB00000nRlg9YAC,年,001RB00001dxx1tYAA,2027/01,2027-01-01,a00RB00002CgDsDYAV,a04RB00000nRlg9YAC,001RB00001dxx1tYAA,2026-08-20
a03RB00001WYiveYAD,a03RB00001WYive,a04RB00000nRlg9YAC,年,001RB00001dxx1tYAA,2027/01,2027-01-01,a00RB00002CgDsDYAV,a04RB00000nRlg9YAC,001RB00001dxx1tYAA,2026-08-20
a03RB00001WYivfYAD,a03RB00001WYivf,a04RB00000nRlg9YAC,年,001RB00001dxx1tYAA,2027/01,2027-01-01,a00RB00002CgDsDYAV,a04RB00000nRlg9YAC,001RB00001dxx1tYAA,2026-08-20
a03RB00001WYivgYAD,a03RB00001WYivg,a04RB00000nRlg9YAC,年,001RB00001dxx1tYAA,2027/01,2027-01-01,a00RB00002CgDsDYAV,a04RB00000nRlg9YAC,001RB00001dxx1tYAA,2026-08-20
a03RB00001WYivhYAD,a03RB00001WYivh,a04RB00000nRlg9YAC,年,001RB00001dxx1tYAA,2027/02,2027-02-01,a00RB00002CgDsDYAV,a04RB00000nRlg9YAC,001RB00001dxx1tYAA,2026-08-20
a03RB00001WYiviYAD,a03RB00001WYivi,a04RB00000nRlg9YAC,年,001RB00001dxx1tYAA,2027/02,2027-02-01,a00RB00002CgDsDYAV,a04RB00000nRlg9YAC,001RB00001dxx1tYAA,2026-08-20
a03RB00001WYivjYAD,a03RB00001WYivj,a04RB00000nRlg9YAC,年,001RB00001dxx1tYAA,2027/02,2027-02-01,a00RB00002CgDsDYAV,a04RB00000nRlg9YAC,001RB00001dxx1tYAA,2026-08-20
a03RB00001WYivkYAD,a03RB00001WYivk,a04RB00000nRlg9YAC,年,001RB00001dxx1tYAA,2027/02,2027-02-01,a00RB00002CgDsDYAV,a04RB00000nRlg9YAC,001RB00001dxx1tYAA,2026-08-20
a03RB00001WYivlYAD,a03RB00001WYivl,a04RB00000nRlg9YAC,年,001RB00001dxx1tYAA,2027/02,2027-02-01,a00RB00002CgDsDYAV,a04RB00000nRlg9YAC,001RB00001dxx1tYAA,2026-08-20
a03RB00001WYivmYAD,a03RB00001WYivm,a04RB00000nRlg9YAC,年,001RB00001dxx1tYAA,2027/02,2027-02-01,a00RB00002CgDsDYAV,a04RB00000nRlg9YAC,001RB00001dxx1tYAA,2026-08-20
a03RB00001WYivnYAD,a03RB00001WYivn,a04RB00000nRlg9YAC,年,001RB00001dxx1tYAA,2027/02,2027-02-01,a00RB00002CgDsDYAV,a04RB00000nRlg9YAC,001RB00001dxx1tYAA,2026-08-20
a03RB00001WYivoYAD,a03RB00001WYivo,a04RB00000nRlg9YAC,年,001RB00001dxx1tYAA,2027/02,2027-02-01,a00RB00002CgDsDYAV,a04RB00000nRlg9YAC,001RB00001dxx1tYAA,2026-08-20
a03RB00001WYivpYAD,a03RB00001WYivp,a04RB00000nRlg9YAC,年,001RB00001dxx1tYAA,2027/03,2027-03-01,a00RB00002CgDsDYAV,a04RB00000nRlg9YAC,001RB00001dxx1tYAA,2026-08-20
a03RB00001WYivqYAD,a03RB00001WYivq,a04RB00000nRlg9YAC,年,001RB00001dxx1tYAA,2027/03,2027-03-01,a00RB00002CgDsDYAV,a04RB00000nRlg9YAC,001RB00001dxx1tYAA,2026-08-20
a03RB00001WYivrYAD,a03RB00001WYivr,a04RB00000nRlg9YAC,年,001RB00001dxx1tYAA,2027/03,2027-03-01,a00RB00002CgDsDYAV,a04RB00000nRlg9YAC,001RB00001dxx1tYAA,2026-08-20
a03RB00001WYivsYAD,a03RB00001WYivs,a04RB00000nRlg9YAC,年,001RB00001dxx1tYAA,2027/03,2027-03-01,a00RB00002CgDsDYAV,a04RB00000nRlg9YAC,001RB00001dxx1tYAA,2026-08-20
a03RB00001WYivtYAD,a03RB00001WYivt,a04RB00000nRlg9YAC,年,001RB00001dxx1tYAA,2027/03,2027-03-01,a00RB00002CgDsDYAV,a04RB00000nRlg9YAC,001RB00001dxx1tYAA,2026-08-20
a03RB00001WYivuYAD,a03RB00001WYivu,a04RB00000nRlg9YAC,年,001RB00001dxx1tYAA,2027/03,2027-03-01,a00RB00002CgDsDYAV,a04RB00000nRlg9YAC,001RB00001dxx1tYAA,2026-08-20
a03RB00001WYivvYAD,a03RB00001WYivv,a04RB00000nRlg9YAC,年,001RB00001dxx1tYAA,2027/03,2027-03-01,a00RB00002CgDsDYAV,a04RB00000nRlg9YAC,001RB00001dxx1tYAA,2026-08-20
a03RB00001WYivwYAD,a03RB00001WYivw,a04RB00000nRlg9YAC,年,001RB00001dxx1tYAA,2027/03,2027-03-01,a00RB00002CgDsDYAV,a04RB00000nRlg9YAC,001RB00001dxx1tYAA,2026-08-20
a03RB00001WYivxYAD,a03RB00001WYivx,a04RB00000nRlg9YAC,年,001RB00001dxx1tYAA,2027/04,2027-04-01,a00RB00002CgDsDYAV,a04RB00000nRlg9YAC,001RB00001dxx1tYAA,2026-08-20
a03RB00001WYivyYAD,a03RB00001WYivy,a04RB00000nRlg9YAC,年,001RB00001dxx1tYAA,2027/04,2027-04-01,a00RB00002CgDsDYAV,a04RB00000nRlg9YAC,001RB00001dxx1tYAA,2026-08-20
a03RB00001WYivzYAD,a03RB00001WYivz,a04RB00000nRlg9YAC,年,001RB00001dxx1tYAA,2027/04,2027-04-01,a00RB00002CgDsDYAV,a04RB00000nRlg9YAC,001RB00001dxx1tYAA,2026-08-20
a03RB00001WYiw0YAD,a03RB00001WYiw0,a04RB00000nRlg9YAC,年,001RB00001dxx1tYAA,2027/04,2027-04-01,a00RB00002CgDsDYAV,a04RB00000nRlg9YAC,001RB00001dxx1tYAA,2026-08-20
a03RB00001WYiw1YAD,a03RB00001WYiw1,a04RB00000nRlg9YAC,年,001RB00001dxx1tYAA,2027/04,2027-04-01,a00RB00002CgDsDYAV,a04RB00000nRlg9YAC,001RB00001dxx1tYAA,2026-08-20
a03RB00001WYiw2YAD,a03RB00001WYiw2,a04RB00000nRlg9YAC,年,001RB00001dxx1tYAA,2027/04,2027-04-01,a00RB00002CgDsDYAV,a04RB00000nRlg9YAC,001RB00001dxx1tYAA,2026-08-20
a03RB00001WYiw3YAD,a03RB00001WYiw3,a04RB00000nRlg9YAC,年,001RB00001dxx1tYAA,2027/04,2027-04-01,a00RB00002CgDsDYAV,a04RB00000nRlg9YAC,001RB00001dxx1tYAA,2026-08-20
a03RB00001WYiw4YAD,a03RB00001WYiw4,a04RB00000nRlg9YAC,年,001RB00001dxx1tYAA,2027/04,2027-04-01,a00RB00002CgDsDYAV,a04RB00000nRlg9YAC,001RB00001dxx1tYAA,2026-08-20
a03RB00001WYiw5YAD,a03RB00001WYiw5,a04RB00000nRlg9YAC,年,001RB00001dxx1tYAA,2027/05,2027-05-01,a00RB00002CgDsDYAV,a04RB00000nRlg9YAC,001RB00001dxx1tYAA,2026-08-20
a03RB00001WYiw6YAD,a03RB00001WYiw6,a04RB00000nRlg9YAC,年,001RB00001dxx1tYAA,2027/05,2027-05-01,a00RB00002CgDsDYAV,a04RB00000nRlg9YAC,001RB00001dxx1tYAA,2026-08-20
a03RB00001WYiw7YAD,a03RB00001WYiw7,a04RB00000nRlg9YAC,年,001RB00001dxx1tYAA,2027/05,2027-05-01,a00RB00002CgDsDYAV,a04RB00000nRlg9YAC,001RB00001dxx1tYAA,2026-08-20
a03RB00001WYiw8YAD,a03RB00001WYiw8,a04RB00000nRlg9YAC,年,001RB00001dxx1tYAA,2027/05,2027-05-01,a00RB00002CgDsDYAV,a04RB00000nRlg9YAC,001RB00001dxx1tYAA,2026-08-20
a03RB00001WYiw9YAD,a03RB00001WYiw9,a04RB00000nRlg9YAC,年,001RB00001dxx1tYAA,2027/05,2027-05-01,a00RB00002CgDsDYAV,a04RB00000nRlg9YAC,001RB00001dxx1tYAA,2026-08-20
a03RB00001WYiwAYAT,a03RB00001WYiwA,a04RB00000nRlg9YAC,年,001RB00001dxx1tYAA,2027/05,2027-05-01,a00RB00002CgDsDYAV,a04RB00000nRlg9YAC,001RB00001dxx1tYAA,2026-08-20
a03RB00001WYiwBYAT,a03RB00001WYiwB,a04RB00000nRlg9YAC,年,001RB00001dxx1tYAA,2027/05,2027-05-01,a00RB00002CgDsDYAV,a04RB00000nRlg9YAC,001RB00001dxx1tYAA,2026-08-20
a03RB00001WYiwCYAT,a03RB00001WYiwC,a04RB00000nRlg9YAC,年,001RB00001dxx1tYAA,2027/05,2027-05-01,a00RB00002CgDsDYAV,a04RB00000nRlg9YAC,001RB00001dxx1tYAA,2026-08-20
a03RB00001WYiwDYAT,a03RB00001WYiwD,a04RB00000nRlg9YAC,年,001RB00001dxx1tYAA,2027/06,2027-06-01,a00RB00002CgDsDYAV,a04RB00000nRlg9YAC,001RB00001dxx1tYAA,2026-08-20
a03RB00001WYiwEYAT,a03RB00001WYiwE,a04RB00000nRlg9YAC,年,001RB00001dxx1tYAA,2027/06,2027-06-01,a00RB00002CgDsDYAV,a04RB00000nRlg9YAC,001RB00001dxx1tYAA,2026-08-20
a03RB00001WYiwFYAT,a03RB00001WYiwF,a04RB00000nRlg9YAC,年,001RB00001dxx1tYAA,2027/06,2027-06-01,a00RB00002CgDsDYAV,a04RB00000nRlg9YAC,001RB00001dxx1tYAA,2026-08-20
a03RB00001WYiwGYAT,a03RB00001WYiwG,a04RB00000nRlg9YAC,年,001RB00001dxx1tYAA,2027/06,2027-06-01,a00RB00002CgDsDYAV,a04RB00000nRlg9YAC,001RB00001dxx1tYAA,2026-08-20
a03RB00001WYiwHYAT,a03RB00001WYiwH,a04RB00000nRlg9YAC,年,001RB00001dxx1tYAA,2027/06,2027-06-01,a00RB00002CgDsDYAV,a04RB00000nRlg9YAC,001RB00001dxx1tYAA,2026-08-20
a03RB00001WYiwIYAT,a03RB00001WYiwI,a04RB00000nRlg9YAC,年,001RB00001dxx1tYAA,2027/06,2027-06-01,a00RB00002CgDsDYAV,a04RB00000nRlg9YAC,001RB00001dxx1tYAA,2026-08-20
a03RB00001WYiwJYAT,a03RB00001WYiwJ,a04RB00000nRlg9YAC,年,001RB00001dxx1tYAA,2027/06,2027-06-01,a00RB00002CgDsDYAV,a04RB00000nRlg9YAC,001RB00001dxx1tYAA,2026-08-20
a03RB00001WYiwKYAT,a03RB00001WYiwK,a04RB00000nRlg9YAC,年,001RB00001dxx1tYAA,2027/06,2027-06-01,a00RB00002CgDsDYAV,a04RB00000nRlg9YAC,001RB00001dxx1tYAA,2026-08-20
a03RB00001WYiwLYAT,a03RB00001WYiwL,a04RB00000nRlg9YAC,年,001RB00001dxx1tYAA,2027/07,2027-07-01,a00RB00002CgDsDYAV,a04RB00000nRlg9YAC,001RB00001dxx1tYAA,2026-08-20
a03RB00001WYiwMYAT,a03RB00001WYiwM,a04RB00000nRlg9YAC,年,001RB00001dxx1tYAA,2027/07,2027-07-01,a00RB00002CgDsDYAV,a04RB00000nRlg9YAC,001RB00001dxx1tYAA,2026-08-20
a03RB00001WYiwNYAT,a03RB00001WYiwN,a04RB00000nRlg9YAC,年,001RB00001dxx1tYAA,2027/07,2027-07-01,a00RB00002CgDsDYAV,a04RB00000nRlg9YAC,001RB00001dxx1tYAA,2026-08-20
a03RB00001WYiwOYAT,a03RB00001WYiwO,a04RB00000nRlg9YAC,年,001RB00001dxx1tYAA,2027/07,2027-07-01,a00RB00002CgDsDYAV,a04RB00000nRlg9YAC,001RB00001dxx1tYAA,2026-08-20
a03RB00001WYiwPYAT,a03RB00001WYiwP,a04RB00000nRlg9YAC,年,001RB00001dxx1tYAA,2027/07,2027-07-01,a00RB00002CgDsDYAV,a04RB00000nRlg9YAC,001RB00001dxx1tYAA,2026-08-20
a03RB00001WYiwQYAT,a03RB00001WYiwQ,a04RB00000nRlg9YAC,年,001RB00001dxx1tYAA,2027/07,2027-07-01,a00RB00002CgDsDYAV,a04RB00000nRlg9YAC,001RB00001dxx1tYAA,2026-08-20
a03RB00001WYiwRYAT,a03RB00001WYiwR,a04RB00000nRlg9YAC,年,001RB00001dxx1tYAA,2027/07,2027-07-01,a00RB00002CgDsDYAV,a04RB00000nRlg9YAC,001RB00001dxx1tYAA,2026-08-20
a03RB00001WYiwSYAT,a03RB00001WYiwS,a04RB00000nRlg9YAC,年,001RB00001dxx1tYAA,2027/07,2027-07-01,a00RB00002CgDsDYAV,a04RB00000nRlg9YAC,001RB00001dxx1tYAA,2026-08-20
a03RB00001WZCQ2YAP,a03RB00001WZCQ2,a04RB00000nS9IfYAK,月,001RB00001VTrqOYAT,2026/07,2026-07-01,,,,
a03RB00001WZCQ3YAP,a03RB00001WZCQ3,a04RB00000nS9IgYAK,月,001RB00001VTrvxYAD,2026/08,2026-08-01,,,,
a03RB00001WimNlYAJ,a03RB00001WimNl,a04RB00000nUMA9YAO,月,001RB00001VTrqmYAD,2026/08,2026-08-01,a00RB00002Crja9YAB,a04RB00000nUMA9YAO,001RB00001VTrqmYAD,2026-08-20
a03RB00001X0cEfYAJ,a03RB00001X0cEf,a04RB00000nYgjlYAC,年,001RB00001VTqleYAD,2026/08,2026-08-01,a00RB00002DAbgvYAD,a04RB00000nYgjlYAC,001RB00001VTqleYAD,2026-08-20
a03RB00001X0cEgYAJ,a03RB00001X0cEg,a04RB00000nYgjlYAC,年,001RB00001VTqleYAD,2026/09,2026-09-01,a00RB00002DAbgvYAD,a04RB00000nYgjlYAC,001RB00001VTqleYAD,2026-08-20
a03RB00001X0cEhYAJ,a03RB00001X0cEh,a04RB00000nYgjlYAC,年,001RB00001VTqleYAD,2026/10,2026-10-01,a00RB00002DAbgvYAD,a04RB00000nYgjlYAC,001RB00001VTqleYAD,2026-08-20
a03RB00001X0cEiYAJ,a03RB00001X0cEi,a04RB00000nYgjlYAC,年,001RB00001VTqleYAD,2026/11,2026-11-01,a00RB00002DAbgvYAD,a04RB00000nYgjlYAC,001RB00001VTqleYAD,2026-08-20
a03RB00001X0cEjYAJ,a03RB00001X0cEj,a04RB00000nYgjlYAC,年,001RB00001VTqleYAD,2026/12,2026-12-01,a00RB00002DAbgvYAD,a04RB00000nYgjlYAC,001RB00001VTqleYAD,2026-08-20
a03RB00001X0cEkYAJ,a03RB00001X0cEk,a04RB00000nYgjlYAC,年,001RB00001VTqleYAD,2027/01,2027-01-01,a00RB00002DAbgvYAD,a04RB00000nYgjlYAC,001RB00001VTqleYAD,2026-08-20
a03RB00001X0cElYAJ,a03RB00001X0cEl,a04RB00000nYgjlYAC,年,001RB00001VTqleYAD,2027/02,2027-02-01,a00RB00002DAbgvYAD,a04RB00000nYgjlYAC,001RB00001VTqleYAD,2026-08-20
a03RB00001X0cEmYAJ,a03RB00001X0cEm,a04RB00000nYgjlYAC,年,001RB00001VTqleYAD,2027/03,2027-03-01,a00RB00002DAbgvYAD,a04RB00000nYgjlYAC,001RB00001VTqleYAD,2026-08-20
a03RB00001X0cEnYAJ,a03RB00001X0cEn,a04RB00000nYgjlYAC,年,001RB00001VTqleYAD,2027/04,2027-04-01,a00RB00002DAbgvYAD,a04RB00000nYgjlYAC,001RB00001VTqleYAD,2026-08-20
a03RB00001X0cEoYAJ,a03RB00001X0cEo,a04RB00000nYgjlYAC,年,001RB00001VTqleYAD,2027/05,2027-05-01,a00RB00002DAbgvYAD,a04RB00000nYgjlYAC,001RB00001VTqleYAD,2026-08-20
a03RB00001X0cEpYAJ,a03RB00001X0cEp,a04RB00000nYgjlYAC,年,001RB00001VTqleYAD,2027/06,2027-06-01,a00RB00002DAbgvYAD,a04RB00000nYgjlYAC,001RB00001VTqleYAD,2026-08-20
a03RB00001X0cEqYAJ,a03RB00001X0cEq,a04RB00000nYgjlYAC,年,001RB00001VTqleYAD,2027/07,2027-07-01,a00RB00002DAbgvYAD,a04RB00000nYgjlYAC,001RB00001VTqleYAD,2026-08-20
