"No","優先度","主原因","Work名","SalesforceURL","Freee請求書ID","Freee請求書番号","取引先","解決済み取引先","請求日","請求金額","契約管理","契約期間","作成済み請求","請求明細","確認コード","個別確認対象","具体的な確認事項","確認後の対応","自動反映可否","担当","現在の検証メッセージ"
"1","高","既存請求明細との照合不一致","MFIW-000022","https://samuraiarchitects.lightning.force.com/lightning/r/Mig_FreeeInvoiceWork__c/a0FRB00000UtJvB2AV/view","53825605","INV-0000001028","株式会社スタッコ","株式会社スタッコ","2026-03-13","12870000","","CP-00000183","INV-0000000012","【要件定義】 ヒアリング・仕様整理 / 数量:1 / 単価:1,300,000 / 金額:1,300,000 / 確定:受託開発 || 【基本設計】UI設計・構成設計 / 数量:2 / 単価:1,300,000 / 金額:2,600,000 / 確定:受託開発 || 【詳細設計】 モジュール間IF仕様設計 / 数量:1 / 単価:1,300,000 / 金額:1,300,000 / 確定:受託開発 || 【実装】 インフラ構築/フロントエンド/バックエンド開発 / 数量:4 / 単価:1,300,000 / 金額:5,200,000 / 確定:受託開発 || 【テスト・導入】 動作検証、導入支援 / 数量:1 / 単価:1,300,000 / 金額:1,300,000 / 確定:受託開発","I01","明細照合: Salesforce請求「INV-0000000012」 / Freee請求書ID 53825605","作成済みSalesforce請求「INV-0000000012」とFreee請求書ID 53825605 の明細を、Freee明細ID・件名・数量・単価・金額単位で比較する。 Salesforce側の明細を残す・修正する・不足分を追加するのどれが正しいか確認する。","既存請求明細を直接削除せず、Freee原本との差分を確定してから不足明細の追加または誤明細の訂正を行う。 修正後にWorkを再検証し、ステータスが「反映可能」になったことを確認して本反映する。","不可（個別確認が必要）","経理（内容判断）／システム管理者（マスタ・ルール設定）","同じfreee請求書IDのSalesforce請求は存在しますが、すべての請求明細を照合できませんでした。既存の請求明細と移行Workの明細を確認してください。"
"2","高","商品名の類似性不足","MFIW-000044","https://samuraiarchitects.lightning.force.com/lightning/r/Mig_FreeeInvoiceWork__c/a0FRB00000UtK9v2AF/view","54113194","INV-0000001043","戸田建設株式会社","戸田建設株式会社","2026-03-20","500500","","CP-00000024","INV-0000000033","VISIOAL＿ベーシックプラン / 数量:3 / 単価:85,000 / 金額:255,000 / 確定:[月払] knock knock AI Enterpriseプラン 500クレジット || 既存写真との整合（敷地） / 数量:1 / 単価:30,000 / 金額:30,000 / 確定:Rendery セキュリティオプション(SSO)_運用費用 || 詳細整合（インテリア） / 数量:2 / 単価:25,000 / 金額:50,000 / 確定:Rendery セキュリティオプション(IP制限)_運用費用 || 確認タイミング追加 / 数量:1 / 単価:30,000 / 金額:30,000 / 確定:Rendery セキュリティオプション(SSO)_運用費用 || 追加修正 / 数量:3 / 単価:30,000 / 金額:90,000 / 確定:Rendery セキュリティオプション(SSO)_運用費用","P03","商品誤紐づけ確認: 「VISIOAL＿ベーシックプラン」 -> 「[月払] knock knock AI Enterpriseプラン 500クレジット」 || 商品誤紐づけ確認: 「既存写真との整合（敷地）」 -> 「Rendery セキュリティオプション(SSO)_運用費用」 || 商品誤紐づけ確認: 「詳細整合（インテリア）」 -> 「Rendery セキュリティオプション(IP制限)_運用費用」 || 商品誤紐づけ確認: 「確認タイミング追加」 -> 「Rendery セキュリティオプション(SSO)_運用費用」 || 商品誤紐づけ確認: 「追加修正」 -> 「Rendery セキュリティオプション(SSO)_運用費用」","Freee明細「VISIOAL＿ベーシックプラン」を商品「[月払] knock knock AI Enterpriseプラン 500クレジット」としてよいか、名称だけでなく単価・数量・契約内容も確認する。 Freee明細「既存写真との整合（敷地）」を商品「Rendery セキュリティオプション(SSO)_運用費用」としてよいか、名称だけでなく単価・数量・契約内容も確認する。 Freee明細「詳細整合（インテリア）」を商品「Rendery セキュリティオプション(IP制限)_運用費用」としてよいか、名称だけでなく単価・数量・契約内容も確認する。 Freee明細「確認タイミング追加」を商品「Rendery セキュリティオプション(SSO)_運用費用」としてよいか、名称だけでなく単価・数量・契約内容も確認する。 Freee明細「追加修正」を商品「Rendery セキュリティオプション(SSO)_運用費用」としてよいか、名称だけでなく単価・数量・契約内容も確認する。","商品対応が正しければ商品マッピングへ正式な別名として登録する。誤りなら確定商品を解除して正しい商品を選択する。 修正後にWorkを再検証し、ステータスが「反映可能」になったことを確認して本反映する。","不可（個別確認が必要）","経理（内容判断）／システム管理者（マスタ・ルール設定）","請求明細の件名と商品マスタ名が類似していないため、請求作成を停止しました。金額一致だけで商品が選ばれている可能性があります。明細「VISIOAL＿ベーシックプラン」の商品マスタを確認してください。"
"3","中","契約・契約期間未確定","MFIW-000271","https://samuraiarchitects.lightning.force.com/lightning/r/Mig_FreeeInvoiceWork__c/a0FRB00000Wj59D2AR/view","54153830","INV-0000001050","西和不動産株式会社 栗東店","西和不動産株式会社 栗東店","2026-03-20","12100","","","","knock knock AI Basicプラン / 数量:1 / 単価:11,000 / 金額:11,000 / 確定:knock knock AI Basicプラン(50クレジット)","C01","請求区分と契約先: 西和不動産株式会社 栗東店 / 請求日: 2026-03-20","取引先「西和不動産株式会社 栗東店」の請求が、月契約・年契約・単発請求のどれに該当するか確認する。 既存の有効契約へ紐づけるか、新しいFreee管理契約を作成するか確認する。 請求日 2026-03-20 を含む契約期間を作成または選択してよいか確認する。","確認した商品と請求区分を基に、取引先・商品・件名キーワード・請求区分が一意になるFreee請求契約ルールを登録して有効化する。 修正後にWorkを再検証し、ステータスが「反映可能」になったことを確認して本反映する。","契約ルール登録後に可","経理（内容判断）／システム管理者（マスタ・ルール設定）","契約管理を特定できません。取引先に有効な契約管理があるか確認してください。 / 契約期間を特定できません。請求日を含む契約期間があるか確認してください。"
"4","中","契約・商品未確定","MFIW-000275","https://samuraiarchitects.lightning.force.com/lightning/r/Mig_FreeeInvoiceWork__c/a0FRB00000Wj59H2AR/view","54153834","INV-0000001054","株式会社ヨコハマ地所","株式会社ヨコハマ地所","2026-03-20","12100","","","","knock knock AI_Basicプラン / 数量:1 / 単価:11,000 / 金額:11,000 / 候補:knock knock AI Basicプラン(50クレジット)","C01,P01","請求区分と契約先: 株式会社ヨコハマ地所 / 請求日: 2026-03-20 || 商品候補確認: 「knock knock AI_Basicプラン」 -> 「knock knock AI Basicプラン(50クレジット)」","取引先「株式会社ヨコハマ地所」の請求が、月契約・年契約・単発請求のどれに該当するか確認する。 既存の有効契約へ紐づけるか、新しいFreee管理契約を作成するか確認する。 請求日 2026-03-20 を含む契約期間を作成または選択してよいか確認する。 明細「knock knock AI_Basicプラン」（数量 1、単価 11,000 円）を商品「knock knock AI Basicプラン(50クレジット)」としてよいか確認する。","確認した商品と請求区分を基に、取引先・商品・件名キーワード・請求区分が一意になるFreee請求契約ルールを登録して有効化する。 確定商品マスタを設定する。今後も同じ明細名が発生する場合は、Freee請求明細商品マッピングも登録する。 修正後にWorkを再検証し、ステータスが「反映可能」になったことを確認して本反映する。","契約ルール登録後に可","経理（内容判断）／システム管理者（マスタ・ルール設定）","契約管理を特定できません。取引先に有効な契約管理があるか確認してください。 / 契約期間を特定できません。請求日を含む契約期間があるか確認してください。 / 商品マスタが未確定の請求明細Workがあります。候補商品を確認し、商品マスタを確定してください。"
"5","中","契約・契約期間未確定","MFIW-000276","https://samuraiarchitects.lightning.force.com/lightning/r/Mig_FreeeInvoiceWork__c/a0FRB00000Wj59I2AR/view","54153835","INV-0000001055","株式会社シアーズホーム","株式会社シアーズホーム","2026-03-20","12100","","","","knock knock AI Basicプラン(月額) / 数量:1 / 単価:11,000 / 金額:11,000 / 確定:knock knock AI Basicプラン(50クレジット)","C01","請求区分と契約先: 株式会社シアーズホーム / 請求日: 2026-03-20","取引先「株式会社シアーズホーム」の請求が、月契約・年契約・単発請求のどれに該当するか確認する。 既存の有効契約へ紐づけるか、新しいFreee管理契約を作成するか確認する。 請求日 2026-03-20 を含む契約期間を作成または選択してよいか確認する。","確認した商品と請求区分を基に、取引先・商品・件名キーワード・請求区分が一意になるFreee請求契約ルールを登録して有効化する。 修正後にWorkを再検証し、ステータスが「反映可能」になったことを確認して本反映する。","契約ルール登録後に可","経理（内容判断）／システム管理者（マスタ・ルール設定）","契約管理を特定できません。取引先に有効な契約管理があるか確認してください。 / 契約期間を特定できません。請求日を含む契約期間があるか確認してください。"
"6","中","商品未確定","MFIW-000277","https://samuraiarchitects.lightning.force.com/lightning/r/Mig_FreeeInvoiceWork__c/a0FRB00000Wj59J2AR/view","54153836","INV-0000001056","リアルティホールディングス株式会社","リアルティホールディングス株式会社","2026-03-20","175450","","CP-00000126","","knock knock AI_Enterpriseプラン_1100クレジット / 数量:1,100 / 単価:145 / 金額:159,500 / 商品未候補","P02","商品選択: 「knock knock AI_Enterpriseプラン_1100クレジット」","明細「knock knock AI_Enterpriseプラン_1100クレジット」（数量 1,100、単価 145 円）に対応する商品マスタを選ぶ。該当商品がなければ、汎用商品への集約か商品マスタ追加かを判断する。","確定商品マスタを設定する。今後も同じ明細名が発生する場合は、Freee請求明細商品マッピングも登録する。 修正後にWorkを再検証し、ステータスが「反映可能」になったことを確認して本反映する。","商品確定後に可","経理（内容判断）／システム管理者（マスタ・ルール設定）","商品マスタが未確定の請求明細Workがあります。候補商品を確認し、商品マスタを確定してください。"
"7","中","契約・商品未確定","MFIW-000280","https://samuraiarchitects.lightning.force.com/lightning/r/Mig_FreeeInvoiceWork__c/a0FRB00000Wj59M2AR/view","54153839","INV-0000001059","アグレ都市デザイン株式会社","アグレ都市デザイン株式会社","2026-03-20","12100","","","","knock knock AI_Basicプラン / 数量:1 / 単価:11,000 / 金額:11,000 / 候補:knock knock AI Basicプラン(50クレジット)","C01,P01","請求区分と契約先: アグレ都市デザイン株式会社 / 請求日: 2026-03-20 || 商品候補確認: 「knock knock AI_Basicプラン」 -> 「knock knock AI Basicプラン(50クレジット)」","取引先「アグレ都市デザイン株式会社」の請求が、月契約・年契約・単発請求のどれに該当するか確認する。 既存の有効契約へ紐づけるか、新しいFreee管理契約を作成するか確認する。 請求日 2026-03-20 を含む契約期間を作成または選択してよいか確認する。 明細「knock knock AI_Basicプラン」（数量 1、単価 11,000 円）を商品「knock knock AI Basicプラン(50クレジット)」としてよいか確認する。","確認した商品と請求区分を基に、取引先・商品・件名キーワード・請求区分が一意になるFreee請求契約ルールを登録して有効化する。 確定商品マスタを設定する。今後も同じ明細名が発生する場合は、Freee請求明細商品マッピングも登録する。 修正後にWorkを再検証し、ステータスが「反映可能」になったことを確認して本反映する。","契約ルール登録後に可","経理（内容判断）／システム管理者（マスタ・ルール設定）","契約管理を特定できません。取引先に有効な契約管理があるか確認してください。 / 契約期間を特定できません。請求日を含む契約期間があるか確認してください。 / 商品マスタが未確定の請求明細Workがあります。候補商品を確認し、商品マスタを確定してください。"
"8","中","契約・契約期間未確定","MFIW-000282","https://samuraiarchitects.lightning.force.com/lightning/r/Mig_FreeeInvoiceWork__c/a0FRB00000Wj59O2AR/view","54153843","INV-0000001061","株式会社JR東日本建築設計","株式会社JR東日本建築設計","2026-03-20","8800","","","","Rendery_Pro_月額利用料 / 数量:1 / 単価:8,000 / 金額:8,000 / 確定:Rendery Proプラン","C01","請求区分と契約先: 株式会社JR東日本建築設計 / 請求日: 2026-03-20","取引先「株式会社JR東日本建築設計」の請求が、月契約・年契約・単発請求のどれに該当するか確認する。 既存の有効契約へ紐づけるか、新しいFreee管理契約を作成するか確認する。 請求日 2026-03-20 を含む契約期間を作成または選択してよいか確認する。","確認した商品と請求区分を基に、取引先・商品・件名キーワード・請求区分が一意になるFreee請求契約ルールを登録して有効化する。 修正後にWorkを再検証し、ステータスが「反映可能」になったことを確認して本反映する。","契約ルール登録後に可","経理（内容判断）／システム管理者（マスタ・ルール設定）","契約管理を特定できません。取引先に有効な契約管理があるか確認してください。 / 契約期間を特定できません。請求日を含む契約期間があるか確認してください。"
"9","中","契約・契約期間未確定","MFIW-000283","https://samuraiarchitects.lightning.force.com/lightning/r/Mig_FreeeInvoiceWork__c/a0FRB00000Wj59P2AR/view","54153844","INV-0000001062","アイリスオーヤマ株式会社(空間デザイン部)","アイリスオーヤマ株式会社(空間デザイン部)","2026-03-20","12100","","","","RenderyEnterpriseプラン_月額 / 数量:1 / 単価:11,000 / 金額:11,000 / 確定:[OLD] Rendery Enterpriseプラン(2025年9月まで)","C01","請求区分と契約先: アイリスオーヤマ株式会社(空間デザイン部) / 請求日: 2026-03-20","取引先「アイリスオーヤマ株式会社(空間デザイン部)」の請求が、月契約・年契約・単発請求のどれに該当するか確認する。 既存の有効契約へ紐づけるか、新しいFreee管理契約を作成するか確認する。 請求日 2026-03-20 を含む契約期間を作成または選択してよいか確認する。","確認した商品と請求区分を基に、取引先・商品・件名キーワード・請求区分が一意になるFreee請求契約ルールを登録して有効化する。 修正後にWorkを再検証し、ステータスが「反映可能」になったことを確認して本反映する。","契約ルール登録後に可","経理（内容判断）／システム管理者（マスタ・ルール設定）","契約管理を特定できません。取引先に有効な契約管理があるか確認してください。 / 契約期間を特定できません。請求日を含む契約期間があるか確認してください。"
"10","中","契約・契約期間未確定","MFIW-000284","https://samuraiarchitects.lightning.force.com/lightning/r/Mig_FreeeInvoiceWork__c/a0FRB00000Wj59Q2AR/view","54153845","INV-0000001063","アイリスオーヤマ株式会社(ストアソリューション営業部ストアデザインチーム)","アイリスオーヤマ株式会社(ストアソリューション営業部ストアデザインチーム)","2026-03-20","48400","","","","RenderyEnterpriseプラン_月額 / 数量:4 / 単価:11,000 / 金額:44,000 / 確定:[OLD] Rendery Enterpriseプラン(2025年9月まで)","C01","請求区分と契約先: アイリスオーヤマ株式会社(ストアソリューション営業部ストアデザインチーム) / 請求日: 2026-03-20","取引先「アイリスオーヤマ株式会社(ストアソリューション営業部ストアデザインチーム)」の請求が、月契約・年契約・単発請求のどれに該当するか確認する。 既存の有効契約へ紐づけるか、新しいFreee管理契約を作成するか確認する。 請求日 2026-03-20 を含む契約期間を作成または選択してよいか確認する。","確認した商品と請求区分を基に、取引先・商品・件名キーワード・請求区分が一意になるFreee請求契約ルールを登録して有効化する。 修正後にWorkを再検証し、ステータスが「反映可能」になったことを確認して本反映する。","契約ルール登録後に可","経理（内容判断）／システム管理者（マスタ・ルール設定）","契約管理を特定できません。取引先に有効な契約管理があるか確認してください。 / 契約期間を特定できません。請求日を含む契約期間があるか確認してください。"
"11","中","契約・契約期間未確定","MFIW-000285","https://samuraiarchitects.lightning.force.com/lightning/r/Mig_FreeeInvoiceWork__c/a0FRB00000Wj59R2AR/view","54153846","INV-0000001064","九州旅客鉄道株式会社(博多設備区)","九州旅客鉄道株式会社(博多設備区)","2026-03-20","8800","","","","Rendery_Pro_月額利用料 / 数量:1 / 単価:8,000 / 金額:8,000 / 確定:Rendery Proプラン","C01","請求区分と契約先: 九州旅客鉄道株式会社(博多設備区) / 請求日: 2026-03-20","取引先「九州旅客鉄道株式会社(博多設備区)」の請求が、月契約・年契約・単発請求のどれに該当するか確認する。 既存の有効契約へ紐づけるか、新しいFreee管理契約を作成するか確認する。 請求日 2026-03-20 を含む契約期間を作成または選択してよいか確認する。","確認した商品と請求区分を基に、取引先・商品・件名キーワード・請求区分が一意になるFreee請求契約ルールを登録して有効化する。 修正後にWorkを再検証し、ステータスが「反映可能」になったことを確認して本反映する。","契約ルール登録後に可","経理（内容判断）／システム管理者（マスタ・ルール設定）","契約管理を特定できません。取引先に有効な契約管理があるか確認してください。 / 契約期間を特定できません。請求日を含む契約期間があるか確認してください。"
"12","中","契約・契約期間未確定","MFIW-000286","https://samuraiarchitects.lightning.force.com/lightning/r/Mig_FreeeInvoiceWork__c/a0FRB00000Wj59S2AR/view","54153848","INV-0000001065","株式会社ジョイフル本田","株式会社ジョイフル本田","2026-03-20","60500","","","","Rendery Enterpriseプラン_月額 / 数量:5 / 単価:11,000 / 金額:55,000 / 確定:[OLD] Rendery Enterpriseプラン(2025年9月まで)","C01","請求区分と契約先: 株式会社ジョイフル本田 / 請求日: 2026-03-20","取引先「株式会社ジョイフル本田」の請求が、月契約・年契約・単発請求のどれに該当するか確認する。 既存の有効契約へ紐づけるか、新しいFreee管理契約を作成するか確認する。 請求日 2026-03-20 を含む契約期間を作成または選択してよいか確認する。","確認した商品と請求区分を基に、取引先・商品・件名キーワード・請求区分が一意になるFreee請求契約ルールを登録して有効化する。 修正後にWorkを再検証し、ステータスが「反映可能」になったことを確認して本反映する。","契約ルール登録後に可","経理（内容判断）／システム管理者（マスタ・ルール設定）","契約管理を特定できません。取引先に有効な契約管理があるか確認してください。 / 契約期間を特定できません。請求日を含む契約期間があるか確認してください。"
"13","中","契約・契約期間未確定","MFIW-000291","https://samuraiarchitects.lightning.force.com/lightning/r/Mig_FreeeInvoiceWork__c/a0FRB00000Wio6k2AB/view","54248066","INV-0000001094","柏井建設株式会社","柏井建設株式会社","2026-03-20","82500","","","","Rendery Enterpriseプラン5アカウント_月額 / 数量:5 / 単価:15,000 / 金額:75,000 / 確定:Rendery Enterpriseプラン","C01","請求区分と契約先: 柏井建設株式会社 / 請求日: 2026-03-20","取引先「柏井建設株式会社」の請求が、月契約・年契約・単発請求のどれに該当するか確認する。 既存の有効契約へ紐づけるか、新しいFreee管理契約を作成するか確認する。 請求日 2026-03-20 を含む契約期間を作成または選択してよいか確認する。","確認した商品と請求区分を基に、取引先・商品・件名キーワード・請求区分が一意になるFreee請求契約ルールを登録して有効化する。 修正後にWorkを再検証し、ステータスが「反映可能」になったことを確認して本反映する。","契約ルール登録後に可","経理（内容判断）／システム管理者（マスタ・ルール設定）","契約管理を特定できません。取引先に有効な契約管理があるか確認してください。 / 契約期間を特定できません。請求日を含む契約期間があるか確認してください。"
"14","中","契約・商品未確定","MFIW-000292","https://samuraiarchitects.lightning.force.com/lightning/r/Mig_FreeeInvoiceWork__c/a0FRB00000Wio6l2AB/view","54249842","INV-0000001095","株式会社トーケン","株式会社トーケン","2026-03-20","1056000","","","","Rendery_Pro_10アカウント_年間一括払い / 数量:12 / 単価:80,000 / 金額:960,000 / 商品未候補","C01,P02","請求区分と契約先: 株式会社トーケン / 請求日: 2026-03-20 || 商品選択: 「Rendery_Pro_10アカウント_年間一括払い」","取引先「株式会社トーケン」の請求が、月契約・年契約・単発請求のどれに該当するか確認する。 既存の有効契約へ紐づけるか、新しいFreee管理契約を作成するか確認する。 請求日 2026-03-20 を含む契約期間を作成または選択してよいか確認する。 明細「Rendery_Pro_10アカウント_年間一括払い」（数量 12、単価 80,000 円）に対応する商品マスタを選ぶ。該当商品がなければ、汎用商品への集約か商品マスタ追加かを判断する。","確認した商品と請求区分を基に、取引先・商品・件名キーワード・請求区分が一意になるFreee請求契約ルールを登録して有効化する。 確定商品マスタを設定する。今後も同じ明細名が発生する場合は、Freee請求明細商品マッピングも登録する。 修正後にWorkを再検証し、ステータスが「反映可能」になったことを確認して本反映する。","契約ルール登録後に可","経理（内容判断）／システム管理者（マスタ・ルール設定）","契約管理を特定できません。取引先に有効な契約管理があるか確認してください。 / 契約期間を特定できません。請求日を含む契約期間があるか確認してください。 / 商品マスタが未確定の請求明細Workがあります。候補商品を確認し、商品マスタを確定してください。"
"15","中","契約・契約期間未確定","MFIW-000354","https://samuraiarchitects.lightning.force.com/lightning/r/Mig_FreeeInvoiceWork__c/a0FRB00000WjhrC2AR/view","54153857","INV-0000001071","九州旅客鉄道株式会社(建設工事部施設課)","九州旅客鉄道株式会社(建設工事部施設課)","2026-03-20","8800","","","","Rendery_Pro_月額 / 数量:1 / 単価:8,000 / 金額:8,000 / 確定:Rendery Proプラン","C01","請求区分と契約先: 九州旅客鉄道株式会社(建設工事部施設課) / 請求日: 2026-03-20","取引先「九州旅客鉄道株式会社(建設工事部施設課)」の請求が、月契約・年契約・単発請求のどれに該当するか確認する。 既存の有効契約へ紐づけるか、新しいFreee管理契約を作成するか確認する。 請求日 2026-03-20 を含む契約期間を作成または選択してよいか確認する。","確認した商品と請求区分を基に、取引先・商品・件名キーワード・請求区分が一意になるFreee請求契約ルールを登録して有効化する。 修正後にWorkを再検証し、ステータスが「反映可能」になったことを確認して本反映する。","契約ルール登録後に可","経理（内容判断）／システム管理者（マスタ・ルール設定）","契約管理を特定できません。取引先に有効な契約管理があるか確認してください。 / 契約期間を特定できません。請求日を含む契約期間があるか確認してください。"
"16","中","契約・契約期間未確定","MFIW-000356","https://samuraiarchitects.lightning.force.com/lightning/r/Mig_FreeeInvoiceWork__c/a0FRB00000WjhrE2AR/view","54153860","INV-0000001073","インフィニティ株式会社","インフィニティ株式会社","2026-03-20","8800","","","","Rendery_Pro_月額利用料 / 数量:1 / 単価:8,000 / 金額:8,000 / 確定:Rendery Proプラン","C01","請求区分と契約先: インフィニティ株式会社 / 請求日: 2026-03-20","取引先「インフィニティ株式会社」の請求が、月契約・年契約・単発請求のどれに該当するか確認する。 既存の有効契約へ紐づけるか、新しいFreee管理契約を作成するか確認する。 請求日 2026-03-20 を含む契約期間を作成または選択してよいか確認する。","確認した商品と請求区分を基に、取引先・商品・件名キーワード・請求区分が一意になるFreee請求契約ルールを登録して有効化する。 修正後にWorkを再検証し、ステータスが「反映可能」になったことを確認して本反映する。","契約ルール登録後に可","経理（内容判断）／システム管理者（マスタ・ルール設定）","契約管理を特定できません。取引先に有効な契約管理があるか確認してください。 / 契約期間を特定できません。請求日を含む契約期間があるか確認してください。"
"17","中","契約・商品未確定","MFIW-000357","https://samuraiarchitects.lightning.force.com/lightning/r/Mig_FreeeInvoiceWork__c/a0FRB00000WjhrF2AR/view","54153861","INV-0000001074","東急リゾーツ＆ステイ株式会社","東急リゾーツ＆ステイ株式会社","2026-03-20","108900","","","","Rendery　エンタープライズプラン / 数量:9 / 単価:11,000 / 金額:99,000 / 候補:[OLD] Rendery Enterpriseプラン(2025年9月まで)","C01,P01","請求区分と契約先: 東急リゾーツ＆ステイ株式会社 / 請求日: 2026-03-20 || 商品候補確認: 「Rendery　エンタープライズプラン」 -> 「[OLD] Rendery Enterpriseプラン(2025年9月まで)」","取引先「東急リゾーツ＆ステイ株式会社」の請求が、月契約・年契約・単発請求のどれに該当するか確認する。 既存の有効契約へ紐づけるか、新しいFreee管理契約を作成するか確認する。 請求日 2026-03-20 を含む契約期間を作成または選択してよいか確認する。 明細「Rendery　エンタープライズプラン」（数量 9、単価 11,000 円）を商品「[OLD] Rendery Enterpriseプラン(2025年9月まで)」としてよいか確認する。","確認した商品と請求区分を基に、取引先・商品・件名キーワード・請求区分が一意になるFreee請求契約ルールを登録して有効化する。 確定商品マスタを設定する。今後も同じ明細名が発生する場合は、Freee請求明細商品マッピングも登録する。 修正後にWorkを再検証し、ステータスが「反映可能」になったことを確認して本反映する。","契約ルール登録後に可","経理（内容判断）／システム管理者（マスタ・ルール設定）","契約管理を特定できません。取引先に有効な契約管理があるか確認してください。 / 契約期間を特定できません。請求日を含む契約期間があるか確認してください。 / 商品マスタが未確定の請求明細Workがあります。候補商品を確認し、商品マスタを確定してください。"
"18","中","商品未確定","MFIW-000359","https://samuraiarchitects.lightning.force.com/lightning/r/Mig_FreeeInvoiceWork__c/a0FRB00000WjhrH2AR/view","54153863","INV-0000001076","株式会社前田工務店","株式会社前田工務店","2026-03-20","60500","","CP-00000007","","Rendery(エンタープライズプラン：1ヶ月) / 数量:5 / 単価:11,000 / 金額:55,000 / 候補:[OLD] Rendery Enterpriseプラン(2025年9月まで)","P01","商品候補確認: 「Rendery(エンタープライズプラン：1ヶ月)」 -> 「[OLD] Rendery Enterpriseプラン(2025年9月まで)」","明細「Rendery(エンタープライズプラン：1ヶ月)」（数量 5、単価 11,000 円）を商品「[OLD] Rendery Enterpriseプラン(2025年9月まで)」としてよいか確認する。","確定商品マスタを設定する。今後も同じ明細名が発生する場合は、Freee請求明細商品マッピングも登録する。 修正後にWorkを再検証し、ステータスが「反映可能」になったことを確認して本反映する。","条件付き可（候補商品が一意であることを確認）","経理（内容判断）／システム管理者（マスタ・ルール設定）","商品マスタが未確定の請求明細Workがあります。候補商品を確認し、商品マスタを確定してください。"
"19","中","契約・契約期間未確定","MFIW-000365","https://samuraiarchitects.lightning.force.com/lightning/r/Mig_FreeeInvoiceWork__c/a0FRB00000WjhzH2AR/view","54153872","INV-0000001082","九州旅客鉄道株式会社(開発工事部)","九州旅客鉄道株式会社(開発工事部)","2026-03-20","8800","","","","Rendery_Pro_月額利用料 / 数量:1 / 単価:8,000 / 金額:8,000 / 確定:Rendery Proプラン","C01","請求区分と契約先: 九州旅客鉄道株式会社(開発工事部) / 請求日: 2026-03-20","取引先「九州旅客鉄道株式会社(開発工事部)」の請求が、月契約・年契約・単発請求のどれに該当するか確認する。 既存の有効契約へ紐づけるか、新しいFreee管理契約を作成するか確認する。 請求日 2026-03-20 を含む契約期間を作成または選択してよいか確認する。","確認した商品と請求区分を基に、取引先・商品・件名キーワード・請求区分が一意になるFreee請求契約ルールを登録して有効化する。 修正後にWorkを再検証し、ステータスが「反映可能」になったことを確認して本反映する。","契約ルール登録後に可","経理（内容判断）／システム管理者（マスタ・ルール設定）","契約管理を特定できません。取引先に有効な契約管理があるか確認してください。 / 契約期間を特定できません。請求日を含む契約期間があるか確認してください。"
"20","中","契約・契約期間未確定","MFIW-000367","https://samuraiarchitects.lightning.force.com/lightning/r/Mig_FreeeInvoiceWork__c/a0FRB00000WjhzJ2AR/view","54153877","INV-0000001084","株式会社ＬＩＸＩＬ住宅研究所","株式会社ＬＩＸＩＬ住宅研究所","2026-03-20","8800","","","","Rendery_Pro_月額利用料 / 数量:1 / 単価:8,000 / 金額:8,000 / 確定:Rendery Proプラン","C01","請求区分と契約先: 株式会社ＬＩＸＩＬ住宅研究所 / 請求日: 2026-03-20","取引先「株式会社ＬＩＸＩＬ住宅研究所」の請求が、月契約・年契約・単発請求のどれに該当するか確認する。 既存の有効契約へ紐づけるか、新しいFreee管理契約を作成するか確認する。 請求日 2026-03-20 を含む契約期間を作成または選択してよいか確認する。","確認した商品と請求区分を基に、取引先・商品・件名キーワード・請求区分が一意になるFreee請求契約ルールを登録して有効化する。 修正後にWorkを再検証し、ステータスが「反映可能」になったことを確認して本反映する。","契約ルール登録後に可","経理（内容判断）／システム管理者（マスタ・ルール設定）","契約管理を特定できません。取引先に有効な契約管理があるか確認してください。 / 契約期間を特定できません。請求日を含む契約期間があるか確認してください。"
"21","中","契約・商品未確定","MFIW-000368","https://samuraiarchitects.lightning.force.com/lightning/r/Mig_FreeeInvoiceWork__c/a0FRB00000WjhzK2AR/view","54153879","INV-0000001085","株式会社アークフロンティア　テラスエステート","株式会社アークフロンティア テラスエステート","2026-03-20","123200","","","","knock knock AI_Enterpriseプラン(月額) / 数量:700 / 単価:160 / 金額:112,000 / 商品未候補","C01,P02","請求区分と契約先: 株式会社アークフロンティア　テラスエステート / 請求日: 2026-03-20 || 商品選択: 「knock knock AI_Enterpriseプラン(月額)」","取引先「株式会社アークフロンティア　テラスエステート」の請求が、月契約・年契約・単発請求のどれに該当するか確認する。 既存の有効契約へ紐づけるか、新しいFreee管理契約を作成するか確認する。 請求日 2026-03-20 を含む契約期間を作成または選択してよいか確認する。 明細「knock knock AI_Enterpriseプラン(月額)」（数量 700、単価 160 円）に対応する商品マスタを選ぶ。該当商品がなければ、汎用商品への集約か商品マスタ追加かを判断する。","確認した商品と請求区分を基に、取引先・商品・件名キーワード・請求区分が一意になるFreee請求契約ルールを登録して有効化する。 確定商品マスタを設定する。今後も同じ明細名が発生する場合は、Freee請求明細商品マッピングも登録する。 修正後にWorkを再検証し、ステータスが「反映可能」になったことを確認して本反映する。","契約ルール登録後に可","経理（内容判断）／システム管理者（マスタ・ルール設定）","契約管理を特定できません。取引先に有効な契約管理があるか確認してください。 / 契約期間を特定できません。請求日を含む契約期間があるか確認してください。 / 商品マスタが未確定の請求明細Workがあります。候補商品を確認し、商品マスタを確定してください。"
"22","中","契約・契約期間未確定","MFIW-000370","https://samuraiarchitects.lightning.force.com/lightning/r/Mig_FreeeInvoiceWork__c/a0FRB00000WjhzM2AR/view","54246103","INV-0000001091","アイリスチトセ株式会社","アイリスチトセ株式会社","2026-03-20","84700","","","","Rendery＿Enterpriseプラン_月額 / 数量:7 / 単価:11,000 / 金額:77,000 / 確定:[OLD] Rendery Enterpriseプラン(2025年9月まで)","C01","請求区分と契約先: アイリスチトセ株式会社 / 請求日: 2026-03-20","取引先「アイリスチトセ株式会社」の請求が、月契約・年契約・単発請求のどれに該当するか確認する。 既存の有効契約へ紐づけるか、新しいFreee管理契約を作成するか確認する。 請求日 2026-03-20 を含む契約期間を作成または選択してよいか確認する。","確認した商品と請求区分を基に、取引先・商品・件名キーワード・請求区分が一意になるFreee請求契約ルールを登録して有効化する。 修正後にWorkを再検証し、ステータスが「反映可能」になったことを確認して本反映する。","契約ルール登録後に可","経理（内容判断）／システム管理者（マスタ・ルール設定）","契約管理を特定できません。取引先に有効な契約管理があるか確認してください。 / 契約期間を特定できません。請求日を含む契約期間があるか確認してください。"
"23","中","契約・契約期間未確定","MFIW-000371","https://samuraiarchitects.lightning.force.com/lightning/r/Mig_FreeeInvoiceWork__c/a0FRB00000WjhzN2AR/view","54246260","INV-0000001092","三菱地所株式会社(DX推進部)","三菱地所株式会社(DX推進部)","2026-03-20","17600","","","","Rendery_Pro_月額利用料 / 数量:2 / 単価:8,000 / 金額:16,000 / 確定:Rendery Proプラン","C01","請求区分と契約先: 三菱地所株式会社(DX推進部) / 請求日: 2026-03-20","取引先「三菱地所株式会社(DX推進部)」の請求が、月契約・年契約・単発請求のどれに該当するか確認する。 既存の有効契約へ紐づけるか、新しいFreee管理契約を作成するか確認する。 請求日 2026-03-20 を含む契約期間を作成または選択してよいか確認する。","確認した商品と請求区分を基に、取引先・商品・件名キーワード・請求区分が一意になるFreee請求契約ルールを登録して有効化する。 修正後にWorkを再検証し、ステータスが「反映可能」になったことを確認して本反映する。","契約ルール登録後に可","経理（内容判断）／システム管理者（マスタ・ルール設定）","契約管理を特定できません。取引先に有効な契約管理があるか確認してください。 / 契約期間を特定できません。請求日を含む契約期間があるか確認してください。"
"24","高","既存請求明細との照合不一致","MFIW-000056","https://samuraiarchitects.lightning.force.com/lightning/r/Mig_FreeeInvoiceWork__c/a0FRB00000UtKGA2A3/view","54891605","INV-0000001102","株式会社ＬＩＸＩＬ住宅研究所","株式会社 LIXIL住宅研究所","2026-03-27","176000","","CP-00000054","INV-0000000043","VISIOAL_ベーシックプラン / 数量:1 / 単価:70,000 / 金額:70,000 / 確定:受託開発 || 詳細整合（インテリア） / 数量:1 / 単価:25,000 / 金額:25,000 / 確定:Rendery セキュリティオプション(IP制限)_運用費用 || 既存写真との整合（インテリア） / 数量:1 / 単価:20,000 / 金額:20,000 / 確定:受託開発 || 図面整合用モデリング / 数量:1 / 単価:25,000 / 金額:25,000 / 確定:Rendery セキュリティオプション(IP制限)_運用費用 || デモ確認 / 数量:1 / 単価:20,000 / 金額:20,000 / 確定:受託開発","I01","明細照合: Salesforce請求「INV-0000000043」 / Freee請求書ID 54891605","作成済みSalesforce請求「INV-0000000043」とFreee請求書ID 54891605 の明細を、Freee明細ID・件名・数量・単価・金額単位で比較する。 Salesforce側の明細を残す・修正する・不足分を追加するのどれが正しいか確認する。","既存請求明細を直接削除せず、Freee原本との差分を確定してから不足明細の追加または誤明細の訂正を行う。 修正後にWorkを再検証し、ステータスが「反映可能」になったことを確認して本反映する。","不可（個別確認が必要）","経理（内容判断）／システム管理者（マスタ・ルール設定）","同じfreee請求書IDのSalesforce請求は存在しますが、すべての請求明細を照合できませんでした。既存の請求明細と移行Workの明細を確認してください。"
"25","中","契約・商品未確定","MFIW-000295","https://samuraiarchitects.lightning.force.com/lightning/r/Mig_FreeeInvoiceWork__c/a0FRB00000Wjfvr2AB/view","56527531","INV-0000001131","株式会社ヨコハマ地所","株式会社ヨコハマ地所","2026-04-20","12100","","","","knock knock AI_Basicプラン / 数量:1 / 単価:11,000 / 金額:11,000 / 候補:knock knock AI Basicプラン(50クレジット)","C01,P01","請求区分と契約先: 株式会社ヨコハマ地所 / 請求日: 2026-04-20 || 商品候補確認: 「knock knock AI_Basicプラン」 -> 「knock knock AI Basicプラン(50クレジット)」","取引先「株式会社ヨコハマ地所」の請求が、月契約・年契約・単発請求のどれに該当するか確認する。 既存の有効契約へ紐づけるか、新しいFreee管理契約を作成するか確認する。 請求日 2026-04-20 を含む契約期間を作成または選択してよいか確認する。 明細「knock knock AI_Basicプラン」（数量 1、単価 11,000 円）を商品「knock knock AI Basicプラン(50クレジット)」としてよいか確認する。","確認した商品と請求区分を基に、取引先・商品・件名キーワード・請求区分が一意になるFreee請求契約ルールを登録して有効化する。 確定商品マスタを設定する。今後も同じ明細名が発生する場合は、Freee請求明細商品マッピングも登録する。 修正後にWorkを再検証し、ステータスが「反映可能」になったことを確認して本反映する。","契約ルール登録後に可","経理（内容判断）／システム管理者（マスタ・ルール設定）","契約管理を特定できません。取引先に有効な契約管理があるか確認してください。 / 契約期間を特定できません。請求日を含む契約期間があるか確認してください。 / 商品マスタが未確定の請求明細Workがあります。候補商品を確認し、商品マスタを確定してください。"
"26","中","商品未確定","MFIW-000296","https://samuraiarchitects.lightning.force.com/lightning/r/Mig_FreeeInvoiceWork__c/a0FRB00000Wjfvs2AB/view","56527532","INV-0000001132","リアルティホールディングス株式会社","リアルティホールディングス株式会社","2026-04-20","175450","","CP-00000126","","knock knock AI_Enterpriseプラン_1200クレジット / 数量:1,100 / 単価:145 / 金額:159,500 / 商品未候補","P02","商品選択: 「knock knock AI_Enterpriseプラン_1200クレジット」","明細「knock knock AI_Enterpriseプラン_1200クレジット」（数量 1,100、単価 145 円）に対応する商品マスタを選ぶ。該当商品がなければ、汎用商品への集約か商品マスタ追加かを判断する。","確定商品マスタを設定する。今後も同じ明細名が発生する場合は、Freee請求明細商品マッピングも登録する。 修正後にWorkを再検証し、ステータスが「反映可能」になったことを確認して本反映する。","商品確定後に可","経理（内容判断）／システム管理者（マスタ・ルール設定）","商品マスタが未確定の請求明細Workがあります。候補商品を確認し、商品マスタを確定してください。"
"27","中","契約・商品未確定","MFIW-000299","https://samuraiarchitects.lightning.force.com/lightning/r/Mig_FreeeInvoiceWork__c/a0FRB00000Wjfvv2AB/view","56527536","INV-0000001135","アグレ都市デザイン株式会社","アグレ都市デザイン株式会社","2026-04-20","12100","","","","knock knock AI_Basicプラン / 数量:1 / 単価:11,000 / 金額:11,000 / 候補:knock knock AI Basicプラン(50クレジット)","C01,P01","請求区分と契約先: アグレ都市デザイン株式会社 / 請求日: 2026-04-20 || 商品候補確認: 「knock knock AI_Basicプラン」 -> 「knock knock AI Basicプラン(50クレジット)」","取引先「アグレ都市デザイン株式会社」の請求が、月契約・年契約・単発請求のどれに該当するか確認する。 既存の有効契約へ紐づけるか、新しいFreee管理契約を作成するか確認する。 請求日 2026-04-20 を含む契約期間を作成または選択してよいか確認する。 明細「knock knock AI_Basicプラン」（数量 1、単価 11,000 円）を商品「knock knock AI Basicプラン(50クレジット)」としてよいか確認する。","確認した商品と請求区分を基に、取引先・商品・件名キーワード・請求区分が一意になるFreee請求契約ルールを登録して有効化する。 確定商品マスタを設定する。今後も同じ明細名が発生する場合は、Freee請求明細商品マッピングも登録する。 修正後にWorkを再検証し、ステータスが「反映可能」になったことを確認して本反映する。","契約ルール登録後に可","経理（内容判断）／システム管理者（マスタ・ルール設定）","契約管理を特定できません。取引先に有効な契約管理があるか確認してください。 / 契約期間を特定できません。請求日を含む契約期間があるか確認してください。 / 商品マスタが未確定の請求明細Workがあります。候補商品を確認し、商品マスタを確定してください。"
"28","中","契約・契約期間未確定","MFIW-000301","https://samuraiarchitects.lightning.force.com/lightning/r/Mig_FreeeInvoiceWork__c/a0FRB00000Wjfvx2AB/view","56527538","INV-0000001137","株式会社JR東日本建築設計","株式会社JR東日本建築設計","2026-04-20","8800","","","","Rendery_Pro_月額利用料 / 数量:1 / 単価:8,000 / 金額:8,000 / 確定:Rendery Proプラン","C01","請求区分と契約先: 株式会社JR東日本建築設計 / 請求日: 2026-04-20","取引先「株式会社JR東日本建築設計」の請求が、月契約・年契約・単発請求のどれに該当するか確認する。 既存の有効契約へ紐づけるか、新しいFreee管理契約を作成するか確認する。 請求日 2026-04-20 を含む契約期間を作成または選択してよいか確認する。","確認した商品と請求区分を基に、取引先・商品・件名キーワード・請求区分が一意になるFreee請求契約ルールを登録して有効化する。 修正後にWorkを再検証し、ステータスが「反映可能」になったことを確認して本反映する。","契約ルール登録後に可","経理（内容判断）／システム管理者（マスタ・ルール設定）","契約管理を特定できません。取引先に有効な契約管理があるか確認してください。 / 契約期間を特定できません。請求日を含む契約期間があるか確認してください。"
"29","中","契約・契約期間未確定","MFIW-000302","https://samuraiarchitects.lightning.force.com/lightning/r/Mig_FreeeInvoiceWork__c/a0FRB00000Wjfvy2AB/view","56527539","INV-0000001138","アイリスオーヤマ株式会社(空間デザイン部)","アイリスオーヤマ株式会社(空間デザイン部)","2026-04-20","12100","","","","RenderyEnterpriseプラン_月額 / 数量:1 / 単価:11,000 / 金額:11,000 / 確定:[OLD] Rendery Enterpriseプラン(2025年9月まで)","C01","請求区分と契約先: アイリスオーヤマ株式会社(空間デザイン部) / 請求日: 2026-04-20","取引先「アイリスオーヤマ株式会社(空間デザイン部)」の請求が、月契約・年契約・単発請求のどれに該当するか確認する。 既存の有効契約へ紐づけるか、新しいFreee管理契約を作成するか確認する。 請求日 2026-04-20 を含む契約期間を作成または選択してよいか確認する。","確認した商品と請求区分を基に、取引先・商品・件名キーワード・請求区分が一意になるFreee請求契約ルールを登録して有効化する。 修正後にWorkを再検証し、ステータスが「反映可能」になったことを確認して本反映する。","契約ルール登録後に可","経理（内容判断）／システム管理者（マスタ・ルール設定）","契約管理を特定できません。取引先に有効な契約管理があるか確認してください。 / 契約期間を特定できません。請求日を含む契約期間があるか確認してください。"
"30","中","契約・契約期間未確定","MFIW-000303","https://samuraiarchitects.lightning.force.com/lightning/r/Mig_FreeeInvoiceWork__c/a0FRB00000Wjfvz2AB/view","56527540","INV-0000001139","アイリスオーヤマ株式会社(ストアソリューション営業部ストアデザインチーム)","アイリスオーヤマ株式会社(ストアソリューション営業部ストアデザインチーム)","2026-04-20","48400","","","","RenderyEnterpriseプラン_月額 / 数量:4 / 単価:11,000 / 金額:44,000 / 確定:[OLD] Rendery Enterpriseプラン(2025年9月まで)","C01","請求区分と契約先: アイリスオーヤマ株式会社(ストアソリューション営業部ストアデザインチーム) / 請求日: 2026-04-20","取引先「アイリスオーヤマ株式会社(ストアソリューション営業部ストアデザインチーム)」の請求が、月契約・年契約・単発請求のどれに該当するか確認する。 既存の有効契約へ紐づけるか、新しいFreee管理契約を作成するか確認する。 請求日 2026-04-20 を含む契約期間を作成または選択してよいか確認する。","確認した商品と請求区分を基に、取引先・商品・件名キーワード・請求区分が一意になるFreee請求契約ルールを登録して有効化する。 修正後にWorkを再検証し、ステータスが「反映可能」になったことを確認して本反映する。","契約ルール登録後に可","経理（内容判断）／システム管理者（マスタ・ルール設定）","契約管理を特定できません。取引先に有効な契約管理があるか確認してください。 / 契約期間を特定できません。請求日を含む契約期間があるか確認してください。"
"31","中","契約・契約期間未確定","MFIW-000304","https://samuraiarchitects.lightning.force.com/lightning/r/Mig_FreeeInvoiceWork__c/a0FRB00000Wjfw02AB/view","56527541","INV-0000001140","九州旅客鉄道株式会社(博多設備区)","九州旅客鉄道株式会社(博多設備区)","2026-04-20","8800","","","","Rendery_Pro_月額利用料 / 数量:1 / 単価:8,000 / 金額:8,000 / 確定:Rendery Proプラン","C01","請求区分と契約先: 九州旅客鉄道株式会社(博多設備区) / 請求日: 2026-04-20","取引先「九州旅客鉄道株式会社(博多設備区)」の請求が、月契約・年契約・単発請求のどれに該当するか確認する。 既存の有効契約へ紐づけるか、新しいFreee管理契約を作成するか確認する。 請求日 2026-04-20 を含む契約期間を作成または選択してよいか確認する。","確認した商品と請求区分を基に、取引先・商品・件名キーワード・請求区分が一意になるFreee請求契約ルールを登録して有効化する。 修正後にWorkを再検証し、ステータスが「反映可能」になったことを確認して本反映する。","契約ルール登録後に可","経理（内容判断）／システム管理者（マスタ・ルール設定）","契約管理を特定できません。取引先に有効な契約管理があるか確認してください。 / 契約期間を特定できません。請求日を含む契約期間があるか確認してください。"
"32","中","契約・契約期間未確定","MFIW-000305","https://samuraiarchitects.lightning.force.com/lightning/r/Mig_FreeeInvoiceWork__c/a0FRB00000Wjfw12AB/view","56527544","INV-0000001141","株式会社ジョイフル本田","株式会社ジョイフル本田","2026-04-20","60500","","","","Rendery Enterpriseプラン_月額 / 数量:5 / 単価:11,000 / 金額:55,000 / 確定:[OLD] Rendery Enterpriseプラン(2025年9月まで)","C01","請求区分と契約先: 株式会社ジョイフル本田 / 請求日: 2026-04-20","取引先「株式会社ジョイフル本田」の請求が、月契約・年契約・単発請求のどれに該当するか確認する。 既存の有効契約へ紐づけるか、新しいFreee管理契約を作成するか確認する。 請求日 2026-04-20 を含む契約期間を作成または選択してよいか確認する。","確認した商品と請求区分を基に、取引先・商品・件名キーワード・請求区分が一意になるFreee請求契約ルールを登録して有効化する。 修正後にWorkを再検証し、ステータスが「反映可能」になったことを確認して本反映する。","契約ルール登録後に可","経理（内容判断）／システム管理者（マスタ・ルール設定）","契約管理を特定できません。取引先に有効な契約管理があるか確認してください。 / 契約期間を特定できません。請求日を含む契約期間があるか確認してください。"
"33","中","契約・契約期間未確定","MFIW-000311","https://samuraiarchitects.lightning.force.com/lightning/r/Mig_FreeeInvoiceWork__c/a0FRB00000Wjfw72AB/view","56527552","INV-0000001147","九州旅客鉄道株式会社(建設工事部施設課)","九州旅客鉄道株式会社(建設工事部施設課)","2026-04-20","8800","","","","Rendery_Pro_月額 / 数量:1 / 単価:8,000 / 金額:8,000 / 確定:Rendery Proプラン","C01","請求区分と契約先: 九州旅客鉄道株式会社(建設工事部施設課) / 請求日: 2026-04-20","取引先「九州旅客鉄道株式会社(建設工事部施設課)」の請求が、月契約・年契約・単発請求のどれに該当するか確認する。 既存の有効契約へ紐づけるか、新しいFreee管理契約を作成するか確認する。 請求日 2026-04-20 を含む契約期間を作成または選択してよいか確認する。","確認した商品と請求区分を基に、取引先・商品・件名キーワード・請求区分が一意になるFreee請求契約ルールを登録して有効化する。 修正後にWorkを再検証し、ステータスが「反映可能」になったことを確認して本反映する。","契約ルール登録後に可","経理（内容判断）／システム管理者（マスタ・ルール設定）","契約管理を特定できません。取引先に有効な契約管理があるか確認してください。 / 契約期間を特定できません。請求日を含む契約期間があるか確認してください。"
"34","中","契約・契約期間未確定","MFIW-000313","https://samuraiarchitects.lightning.force.com/lightning/r/Mig_FreeeInvoiceWork__c/a0FRB00000Wj5UA2AZ/view","56527554","INV-0000001149","インフィニティ株式会社","インフィニティ株式会社","2026-04-20","8800","","","","Rendery_Pro_月額利用料 / 数量:1 / 単価:8,000 / 金額:8,000 / 確定:Rendery Proプラン","C01","請求区分と契約先: インフィニティ株式会社 / 請求日: 2026-04-20","取引先「インフィニティ株式会社」の請求が、月契約・年契約・単発請求のどれに該当するか確認する。 既存の有効契約へ紐づけるか、新しいFreee管理契約を作成するか確認する。 請求日 2026-04-20 を含む契約期間を作成または選択してよいか確認する。","確認した商品と請求区分を基に、取引先・商品・件名キーワード・請求区分が一意になるFreee請求契約ルールを登録して有効化する。 修正後にWorkを再検証し、ステータスが「反映可能」になったことを確認して本反映する。","契約ルール登録後に可","経理（内容判断）／システム管理者（マスタ・ルール設定）","契約管理を特定できません。取引先に有効な契約管理があるか確認してください。 / 契約期間を特定できません。請求日を含む契約期間があるか確認してください。"
"35","中","契約・商品未確定","MFIW-000314","https://samuraiarchitects.lightning.force.com/lightning/r/Mig_FreeeInvoiceWork__c/a0FRB00000Wj5UB2AZ/view","56527556","INV-0000001150","東急リゾーツ＆ステイ株式会社","東急リゾーツ＆ステイ株式会社","2026-04-20","108900","","","","Rendery　エンタープライズプラン / 数量:9 / 単価:11,000 / 金額:99,000 / 候補:[OLD] Rendery Enterpriseプラン(2025年9月まで)","C01,P01","請求区分と契約先: 東急リゾーツ＆ステイ株式会社 / 請求日: 2026-04-20 || 商品候補確認: 「Rendery　エンタープライズプラン」 -> 「[OLD] Rendery Enterpriseプラン(2025年9月まで)」","取引先「東急リゾーツ＆ステイ株式会社」の請求が、月契約・年契約・単発請求のどれに該当するか確認する。 既存の有効契約へ紐づけるか、新しいFreee管理契約を作成するか確認する。 請求日 2026-04-20 を含む契約期間を作成または選択してよいか確認する。 明細「Rendery　エンタープライズプラン」（数量 9、単価 11,000 円）を商品「[OLD] Rendery Enterpriseプラン(2025年9月まで)」としてよいか確認する。","確認した商品と請求区分を基に、取引先・商品・件名キーワード・請求区分が一意になるFreee請求契約ルールを登録して有効化する。 確定商品マスタを設定する。今後も同じ明細名が発生する場合は、Freee請求明細商品マッピングも登録する。 修正後にWorkを再検証し、ステータスが「反映可能」になったことを確認して本反映する。","契約ルール登録後に可","経理（内容判断）／システム管理者（マスタ・ルール設定）","契約管理を特定できません。取引先に有効な契約管理があるか確認してください。 / 契約期間を特定できません。請求日を含む契約期間があるか確認してください。 / 商品マスタが未確定の請求明細Workがあります。候補商品を確認し、商品マスタを確定してください。"
"36","中","契約・契約期間未確定","MFIW-000321","https://samuraiarchitects.lightning.force.com/lightning/r/Mig_FreeeInvoiceWork__c/a0FRB00000Wj5UI2AZ/view","56527564","INV-0000001157","九州旅客鉄道株式会社(開発工事部)","九州旅客鉄道株式会社(開発工事部)","2026-04-20","8800","","","","Rendery_Pro_月額利用料 / 数量:1 / 単価:8,000 / 金額:8,000 / 確定:Rendery Proプラン","C01","請求区分と契約先: 九州旅客鉄道株式会社(開発工事部) / 請求日: 2026-04-20","取引先「九州旅客鉄道株式会社(開発工事部)」の請求が、月契約・年契約・単発請求のどれに該当するか確認する。 既存の有効契約へ紐づけるか、新しいFreee管理契約を作成するか確認する。 請求日 2026-04-20 を含む契約期間を作成または選択してよいか確認する。","確認した商品と請求区分を基に、取引先・商品・件名キーワード・請求区分が一意になるFreee請求契約ルールを登録して有効化する。 修正後にWorkを再検証し、ステータスが「反映可能」になったことを確認して本反映する。","契約ルール登録後に可","経理（内容判断）／システム管理者（マスタ・ルール設定）","契約管理を特定できません。取引先に有効な契約管理があるか確認してください。 / 契約期間を特定できません。請求日を含む契約期間があるか確認してください。"
"37","中","契約・契約期間未確定","MFIW-000323","https://samuraiarchitects.lightning.force.com/lightning/r/Mig_FreeeInvoiceWork__c/a0FRB00000Wj5UK2AZ/view","56527566","INV-0000001159","株式会社ＬＩＸＩＬ住宅研究所","株式会社ＬＩＸＩＬ住宅研究所","2026-04-20","8800","","","","Rendery_Pro_月額利用料 / 数量:1 / 単価:8,000 / 金額:8,000 / 確定:Rendery Proプラン","C01","請求区分と契約先: 株式会社ＬＩＸＩＬ住宅研究所 / 請求日: 2026-04-20","取引先「株式会社ＬＩＸＩＬ住宅研究所」の請求が、月契約・年契約・単発請求のどれに該当するか確認する。 既存の有効契約へ紐づけるか、新しいFreee管理契約を作成するか確認する。 請求日 2026-04-20 を含む契約期間を作成または選択してよいか確認する。","確認した商品と請求区分を基に、取引先・商品・件名キーワード・請求区分が一意になるFreee請求契約ルールを登録して有効化する。 修正後にWorkを再検証し、ステータスが「反映可能」になったことを確認して本反映する。","契約ルール登録後に可","経理（内容判断）／システム管理者（マスタ・ルール設定）","契約管理を特定できません。取引先に有効な契約管理があるか確認してください。 / 契約期間を特定できません。請求日を含む契約期間があるか確認してください。"
"38","中","契約・商品未確定","MFIW-000325","https://samuraiarchitects.lightning.force.com/lightning/r/Mig_FreeeInvoiceWork__c/a0FRB00000Wj5UM2AZ/view","56647918","INV-0000001161","福井コンピュータアーキテクト","福井コンピュータアーキテクト","2026-04-20","5181000","","","","着手金として / 数量:1 / 単価:4,710,000 / 金額:4,710,000 / 商品未候補","C01,P02","請求区分と契約先: 福井コンピュータアーキテクト / 請求日: 2026-04-20 || 商品選択: 「着手金として」","取引先「福井コンピュータアーキテクト」の請求が、月契約・年契約・単発請求のどれに該当するか確認する。 既存の有効契約へ紐づけるか、新しいFreee管理契約を作成するか確認する。 請求日 2026-04-20 を含む契約期間を作成または選択してよいか確認する。 明細「着手金として」（数量 1、単価 4,710,000 円）に対応する商品マスタを選ぶ。該当商品がなければ、汎用商品への集約か商品マスタ追加かを判断する。","確認した商品と請求区分を基に、取引先・商品・件名キーワード・請求区分が一意になるFreee請求契約ルールを登録して有効化する。 確定商品マスタを設定する。今後も同じ明細名が発生する場合は、Freee請求明細商品マッピングも登録する。 修正後にWorkを再検証し、ステータスが「反映可能」になったことを確認して本反映する。","契約ルール登録後に可","経理（内容判断）／システム管理者（マスタ・ルール設定）","契約管理を特定できません。取引先に有効な契約管理があるか確認してください。 / 契約期間を特定できません。請求日を含む契約期間があるか確認してください。 / 商品マスタが未確定の請求明細Workがあります。候補商品を確認し、商品マスタを確定してください。"
"39","中","商品未確定","MFIW-000327","https://samuraiarchitects.lightning.force.com/lightning/r/Mig_FreeeInvoiceWork__c/a0FRB00000Wj5UO2AZ/view","56676178","INV-0000001163","東急建設株式会社","東急建設株式会社","2026-04-20","105600","","CP-00000005","","Rendery_Pro(2026年4月- 2027年3月) / 数量:1 / 単価:96,000 / 金額:96,000 / 商品未候補","P02","商品選択: 「Rendery_Pro(2026年4月- 2027年3月)」","明細「Rendery_Pro(2026年4月- 2027年3月)」（数量 1、単価 96,000 円）に対応する商品マスタを選ぶ。該当商品がなければ、汎用商品への集約か商品マスタ追加かを判断する。","確定商品マスタを設定する。今後も同じ明細名が発生する場合は、Freee請求明細商品マッピングも登録する。 修正後にWorkを再検証し、ステータスが「反映可能」になったことを確認して本反映する。","商品確定後に可","経理（内容判断）／システム管理者（マスタ・ルール設定）","商品マスタが未確定の請求明細Workがあります。候補商品を確認し、商品マスタを確定してください。"
"40","中","商品未確定","MFIW-000329","https://samuraiarchitects.lightning.force.com/lightning/r/Mig_FreeeInvoiceWork__c/a0FRB00000Wj5UQ2AZ/view","56678351","INV-0000001165","株式会社大塚商会","株式会社大塚商会","2026-04-20","14080","","CP-00000061","","Rendery_Pro_月額利用料_注文番号：405016881 / 数量:2 / 単価:6,400 / 金額:12,800 / 候補:[代理販売20%] Rendery Proプラン","P01","商品候補確認: 「Rendery_Pro_月額利用料_注文番号：405016881」 -> 「[代理販売20%] Rendery Proプラン」","明細「Rendery_Pro_月額利用料_注文番号：405016881」（数量 2、単価 6,400 円）を商品「[代理販売20%] Rendery Proプラン」としてよいか確認する。","確定商品マスタを設定する。今後も同じ明細名が発生する場合は、Freee請求明細商品マッピングも登録する。 修正後にWorkを再検証し、ステータスが「反映可能」になったことを確認して本反映する。","条件付き可（候補商品が一意であることを確認）","経理（内容判断）／システム管理者（マスタ・ルール設定）","商品マスタが未確定の請求明細Workがあります。候補商品を確認し、商品マスタを確定してください。"
"41","中","商品未確定","MFIW-000330","https://samuraiarchitects.lightning.force.com/lightning/r/Mig_FreeeInvoiceWork__c/a0FRB00000Wj5UR2AZ/view","56678813","INV-0000001166","株式会社大塚商会","株式会社大塚商会","2026-04-20","7040","","CP-00000061","","Rendery_Pro_４月利用料(株式会社長谷建築設計事務所様) / 数量:1 / 単価:6,400 / 金額:6,400 / 候補:[代理販売20%] Rendery Proプラン","P01","商品候補確認: 「Rendery_Pro_４月利用料(株式会社長谷建築設計事務所様)」 -> 「[代理販売20%] Rendery Proプラン」","明細「Rendery_Pro_４月利用料(株式会社長谷建築設計事務所様)」（数量 1、単価 6,400 円）を商品「[代理販売20%] Rendery Proプラン」としてよいか確認する。","確定商品マスタを設定する。今後も同じ明細名が発生する場合は、Freee請求明細商品マッピングも登録する。 修正後にWorkを再検証し、ステータスが「反映可能」になったことを確認して本反映する。","条件付き可（候補商品が一意であることを確認）","経理（内容判断）／システム管理者（マスタ・ルール設定）","商品マスタが未確定の請求明細Workがあります。候補商品を確認し、商品マスタを確定してください。"
"42","中","契約・契約期間未確定","MFIW-000331","https://samuraiarchitects.lightning.force.com/lightning/r/Mig_FreeeInvoiceWork__c/a0FRB00000Wj5US2AZ/view","56679018","INV-0000001167","株式会社アーキテクト・ディベロッパー","帝国不動産株式会社","2026-04-20","52800","","","","Rendery(Pro用)・月額料金 / 数量:6 / 単価:8,000 / 金額:48,000 / 確定:Rendery Proプラン","C01","請求区分と契約先: 株式会社アーキテクト・ディベロッパー / 請求日: 2026-04-20","取引先「株式会社アーキテクト・ディベロッパー」の請求が、月契約・年契約・単発請求のどれに該当するか確認する。 既存の有効契約へ紐づけるか、新しいFreee管理契約を作成するか確認する。 請求日 2026-04-20 を含む契約期間を作成または選択してよいか確認する。","確認した商品と請求区分を基に、取引先・商品・件名キーワード・請求区分が一意になるFreee請求契約ルールを登録して有効化する。 修正後にWorkを再検証し、ステータスが「反映可能」になったことを確認して本反映する。","契約ルール登録後に可","経理（内容判断）／システム管理者（マスタ・ルール設定）","契約管理を特定できません。取引先に有効な契約管理があるか確認してください。 / 契約期間を特定できません。請求日を含む契約期間があるか確認してください。"
"43","中","契約・契約期間未確定","MFIW-000332","https://samuraiarchitects.lightning.force.com/lightning/r/Mig_FreeeInvoiceWork__c/a0FRB00000Wj5UT2AZ/view","56680866","INV-0000001168","三菱地所株式会社(DX推進部)","三菱地所株式会社(DX推進部)","2026-04-20","17600","","","","Rendery_Pro_月額利用料 / 数量:2 / 単価:8,000 / 金額:16,000 / 確定:Rendery Proプラン","C01","請求区分と契約先: 三菱地所株式会社(DX推進部) / 請求日: 2026-04-20","取引先「三菱地所株式会社(DX推進部)」の請求が、月契約・年契約・単発請求のどれに該当するか確認する。 既存の有効契約へ紐づけるか、新しいFreee管理契約を作成するか確認する。 請求日 2026-04-20 を含む契約期間を作成または選択してよいか確認する。","確認した商品と請求区分を基に、取引先・商品・件名キーワード・請求区分が一意になるFreee請求契約ルールを登録して有効化する。 修正後にWorkを再検証し、ステータスが「反映可能」になったことを確認して本反映する。","契約ルール登録後に可","経理（内容判断）／システム管理者（マスタ・ルール設定）","契約管理を特定できません。取引先に有効な契約管理があるか確認してください。 / 契約期間を特定できません。請求日を含む契約期間があるか確認してください。"
"44","中","契約・商品未確定","MFIW-000334","https://samuraiarchitects.lightning.force.com/lightning/r/Mig_FreeeInvoiceWork__c/a0FRB00000WjFOi2AN/view","56681536","INV-0000001170","株式会社石勝エクステリア","株式会社石勝エクステリア","2026-04-20","1716000","","","","Rendery Enterpriseプラン_10アカウント_年払い / 数量:10 / 単価:132,000 / 金額:1,320,000 / 確定:[年払] Rendery Enterpriseプラン || 年払い割引 / 数量:10 / 単価:-12,000 / 金額:-120,000 / 商品未候補 || セキュリティオプション_シングルサインオン_運用費用_年払い / 数量:1 / 単価:360,000 / 金額:360,000 / 商品未候補","C01,P02","請求区分と契約先: 株式会社石勝エクステリア / 請求日: 2026-04-20 || 商品選択: 「年払い割引」 || 商品選択: 「セキュリティオプション_シングルサインオン_運用費用_年払い」","取引先「株式会社石勝エクステリア」の請求が、月契約・年契約・単発請求のどれに該当するか確認する。 既存の有効契約へ紐づけるか、新しいFreee管理契約を作成するか確認する。 請求日 2026-04-20 を含む契約期間を作成または選択してよいか確認する。 明細「年払い割引」（数量 10、単価 -12,000 円）に対応する商品マスタを選ぶ。該当商品がなければ、汎用商品への集約か商品マスタ追加かを判断する。 明細「セキュリティオプション_シングルサインオン_運用費用_年払い」（数量 1、単価 360,000 円）に対応する商品マスタを選ぶ。該当商品がなければ、汎用商品への集約か商品マスタ追加かを判断する。","確認した商品と請求区分を基に、取引先・商品・件名キーワード・請求区分が一意になるFreee請求契約ルールを登録して有効化する。 確定商品マスタを設定する。今後も同じ明細名が発生する場合は、Freee請求明細商品マッピングも登録する。 修正後にWorkを再検証し、ステータスが「反映可能」になったことを確認して本反映する。","契約ルール登録後に可","経理（内容判断）／システム管理者（マスタ・ルール設定）","契約管理を特定できません。取引先に有効な契約管理があるか確認してください。 / 契約期間を特定できません。請求日を含む契約期間があるか確認してください。 / 商品マスタが未確定の請求明細Workがあります。候補商品を確認し、商品マスタを確定してください。"
"45","中","契約・契約期間未確定","MFIW-000335","https://samuraiarchitects.lightning.force.com/lightning/r/Mig_FreeeInvoiceWork__c/a0FRB00000WjFOj2AN/view","56682295","INV-0000001171","野村不動産株式会社","野村不動産株式会社","2026-04-20","198000","","","","Rendery Enterpriseプラン_10アカウント_月額 / 数量:10 / 単価:15,000 / 金額:150,000 / 確定:Rendery Enterpriseプラン || セキュリティオプション（シングルサインオン）_月額 / 数量:1 / 単価:30,000 / 金額:30,000 / 確定:Rendery セキュリティオプション(SSO)_運用費用","C01","請求区分と契約先: 野村不動産株式会社 / 請求日: 2026-04-20","取引先「野村不動産株式会社」の請求が、月契約・年契約・単発請求のどれに該当するか確認する。 既存の有効契約へ紐づけるか、新しいFreee管理契約を作成するか確認する。 請求日 2026-04-20 を含む契約期間を作成または選択してよいか確認する。","確認した商品と請求区分を基に、取引先・商品・件名キーワード・請求区分が一意になるFreee請求契約ルールを登録して有効化する。 修正後にWorkを再検証し、ステータスが「反映可能」になったことを確認して本反映する。","契約ルール登録後に可","経理（内容判断）／システム管理者（マスタ・ルール設定）","契約管理を特定できません。取引先に有効な契約管理があるか確認してください。 / 契約期間を特定できません。請求日を含む契約期間があるか確認してください。"
"46","中","契約・商品未確定","MFIW-000342","https://samuraiarchitects.lightning.force.com/lightning/r/Mig_FreeeInvoiceWork__c/a0FRB00000WjFOq2AN/view","56685582","INV-0000001178","近鉄不動産株式会社","近鉄不動産株式会社","2026-04-20","676500","","","","[月額費用]Rendery Enterpriseプラン_11アカウント / 数量:11 / 単価:15,000 / 金額:165,000 / 候補:Rendery Enterpriseプラン || [月額費用]セキュリティオプション+_運用費用 / 数量:1 / 単価:100,000 / 金額:100,000 / 候補:Rendery セキュリティオプション(SSO)_初期費用 || [初月のみ]セキュリティオプション+_初期コスト / 数量:1 / 単価:350,000 / 金額:350,000 / 候補:Rendery セキュリティオプション+_初期費用","C01,P01,P02","請求区分と契約先: 近鉄不動産株式会社 / 請求日: 2026-04-20 || 商品候補確認: 「[月額費用]Rendery Enterpriseプラン_11アカウント」 -> 「Rendery Enterpriseプラン」 || 商品選択: 「[月額費用]セキュリティオプション+_運用費用」 || 商品選択: 「[初月のみ]セキュリティオプション+_初期コスト」","取引先「近鉄不動産株式会社」の請求が、月契約・年契約・単発請求のどれに該当するか確認する。 既存の有効契約へ紐づけるか、新しいFreee管理契約を作成するか確認する。 請求日 2026-04-20 を含む契約期間を作成または選択してよいか確認する。 明細「[月額費用]Rendery Enterpriseプラン_11アカウント」（数量 11、単価 15,000 円）を商品「Rendery Enterpriseプラン」としてよいか確認する。 明細「[月額費用]セキュリティオプション+_運用費用」（数量 1、単価 100,000 円）に対応する商品マスタを選ぶ。該当商品がなければ、汎用商品への集約か商品マスタ追加かを判断する。 明細「[初月のみ]セキュリティオプション+_初期コスト」（数量 1、単価 350,000 円）に対応する商品マスタを選ぶ。該当商品がなければ、汎用商品への集約か商品マスタ追加かを判断する。","確認した商品と請求区分を基に、取引先・商品・件名キーワード・請求区分が一意になるFreee請求契約ルールを登録して有効化する。 確定商品マスタを設定する。今後も同じ明細名が発生する場合は、Freee請求明細商品マッピングも登録する。 修正後にWorkを再検証し、ステータスが「反映可能」になったことを確認して本反映する。","契約ルール登録後に可","経理（内容判断）／システム管理者（マスタ・ルール設定）","契約管理を特定できません。取引先に有効な契約管理があるか確認してください。 / 契約期間を特定できません。請求日を含む契約期間があるか確認してください。 / 商品マスタが未確定の請求明細Workがあります。候補商品を確認し、商品マスタを確定してください。"
"47","中","契約・契約期間未確定","MFIW-000345","https://samuraiarchitects.lightning.force.com/lightning/r/Mig_FreeeInvoiceWork__c/a0FRB00000WjFOt2AN/view","56692848","INV-0000001181","アイリスチトセ株式会社","アイリスチトセ株式会社","2026-04-20","84700","","","","Rendery＿Enterpriseプラン_月額 / 数量:7 / 単価:11,000 / 金額:77,000 / 確定:[OLD] Rendery Enterpriseプラン(2025年9月まで)","C01","請求区分と契約先: アイリスチトセ株式会社 / 請求日: 2026-04-20","取引先「アイリスチトセ株式会社」の請求が、月契約・年契約・単発請求のどれに該当するか確認する。 既存の有効契約へ紐づけるか、新しいFreee管理契約を作成するか確認する。 請求日 2026-04-20 を含む契約期間を作成または選択してよいか確認する。","確認した商品と請求区分を基に、取引先・商品・件名キーワード・請求区分が一意になるFreee請求契約ルールを登録して有効化する。 修正後にWorkを再検証し、ステータスが「反映可能」になったことを確認して本反映する。","契約ルール登録後に可","経理（内容判断）／システム管理者（マスタ・ルール設定）","契約管理を特定できません。取引先に有効な契約管理があるか確認してください。 / 契約期間を特定できません。請求日を含む契約期間があるか確認してください。"
"48","中","契約・商品未確定","MFIW-000346","https://samuraiarchitects.lightning.force.com/lightning/r/Mig_FreeeInvoiceWork__c/a0FRB00000WjFOu2AN/view","56693657","INV-0000001182","株式会社フジタ","株式会社フジタ","2026-04-20","924000","","","","Rendery Enterpriseプラン5アカウント_年払い / 数量:5 / 単価:180,000 / 金額:900,000 / 確定:[年払] Rendery Enterpriseプラン || 年払い割引 / 数量:5 / 単価:-12,000 / 金額:-60,000 / 商品未候補","C01,P02","請求区分と契約先: 株式会社フジタ / 請求日: 2026-04-20 || 商品選択: 「年払い割引」","取引先「株式会社フジタ」の請求が、月契約・年契約・単発請求のどれに該当するか確認する。 既存の有効契約へ紐づけるか、新しいFreee管理契約を作成するか確認する。 請求日 2026-04-20 を含む契約期間を作成または選択してよいか確認する。 明細「年払い割引」（数量 5、単価 -12,000 円）に対応する商品マスタを選ぶ。該当商品がなければ、汎用商品への集約か商品マスタ追加かを判断する。","確認した商品と請求区分を基に、取引先・商品・件名キーワード・請求区分が一意になるFreee請求契約ルールを登録して有効化する。 確定商品マスタを設定する。今後も同じ明細名が発生する場合は、Freee請求明細商品マッピングも登録する。 修正後にWorkを再検証し、ステータスが「反映可能」になったことを確認して本反映する。","契約ルール登録後に可","経理（内容判断）／システム管理者（マスタ・ルール設定）","契約管理を特定できません。取引先に有効な契約管理があるか確認してください。 / 契約期間を特定できません。請求日を含む契約期間があるか確認してください。 / 商品マスタが未確定の請求明細Workがあります。候補商品を確認し、商品マスタを確定してください。"
"49","中","契約・商品未確定","MFIW-000349","https://samuraiarchitects.lightning.force.com/lightning/r/Mig_FreeeInvoiceWork__c/a0FRB00000WjFOx2AN/view","56697026","INV-0000001185","株式会社フジタ","株式会社フジタ","2026-04-20","1293600","","","","Rendery Enterpriseプラン_7アカウント_年払い / 数量:7 / 単価:180,000 / 金額:1,260,000 / 確定:[年払] Rendery Enterpriseプラン || 年払い割引 / 数量:7 / 単価:-12,000 / 金額:-84,000 / 商品未候補","C01,P02","請求区分と契約先: 株式会社フジタ / 請求日: 2026-04-20 || 商品選択: 「年払い割引」","取引先「株式会社フジタ」の請求が、月契約・年契約・単発請求のどれに該当するか確認する。 既存の有効契約へ紐づけるか、新しいFreee管理契約を作成するか確認する。 請求日 2026-04-20 を含む契約期間を作成または選択してよいか確認する。 明細「年払い割引」（数量 7、単価 -12,000 円）に対応する商品マスタを選ぶ。該当商品がなければ、汎用商品への集約か商品マスタ追加かを判断する。","確認した商品と請求区分を基に、取引先・商品・件名キーワード・請求区分が一意になるFreee請求契約ルールを登録して有効化する。 確定商品マスタを設定する。今後も同じ明細名が発生する場合は、Freee請求明細商品マッピングも登録する。 修正後にWorkを再検証し、ステータスが「反映可能」になったことを確認して本反映する。","契約ルール登録後に可","経理（内容判断）／システム管理者（マスタ・ルール設定）","契約管理を特定できません。取引先に有効な契約管理があるか確認してください。 / 契約期間を特定できません。請求日を含む契約期間があるか確認してください。 / 商品マスタが未確定の請求明細Workがあります。候補商品を確認し、商品マスタを確定してください。"
"50","中","契約・商品未確定","MFIW-000350","https://samuraiarchitects.lightning.force.com/lightning/r/Mig_FreeeInvoiceWork__c/a0FRB00000WjFOy2AN/view","56698344","INV-0000001186","株式会社フジタ","株式会社フジタ","2026-04-20","554400","","","","Rendery Enterpriseプラン_3アカウント_年払い / 数量:3 / 単価:180,000 / 金額:540,000 / 確定:[年払] Rendery Enterpriseプラン || 年払い割引 / 数量:3 / 単価:-12,000 / 金額:-36,000 / 商品未候補","C01,P02","請求区分と契約先: 株式会社フジタ / 請求日: 2026-04-20 || 商品選択: 「年払い割引」","取引先「株式会社フジタ」の請求が、月契約・年契約・単発請求のどれに該当するか確認する。 既存の有効契約へ紐づけるか、新しいFreee管理契約を作成するか確認する。 請求日 2026-04-20 を含む契約期間を作成または選択してよいか確認する。 明細「年払い割引」（数量 3、単価 -12,000 円）に対応する商品マスタを選ぶ。該当商品がなければ、汎用商品への集約か商品マスタ追加かを判断する。","確認した商品と請求区分を基に、取引先・商品・件名キーワード・請求区分が一意になるFreee請求契約ルールを登録して有効化する。 確定商品マスタを設定する。今後も同じ明細名が発生する場合は、Freee請求明細商品マッピングも登録する。 修正後にWorkを再検証し、ステータスが「反映可能」になったことを確認して本反映する。","契約ルール登録後に可","経理（内容判断）／システム管理者（マスタ・ルール設定）","契約管理を特定できません。取引先に有効な契約管理があるか確認してください。 / 契約期間を特定できません。請求日を含む契約期間があるか確認してください。 / 商品マスタが未確定の請求明細Workがあります。候補商品を確認し、商品マスタを確定してください。"
"51","中","契約・契約期間未確定","MFIW-000351","https://samuraiarchitects.lightning.force.com/lightning/r/Mig_FreeeInvoiceWork__c/a0FRB00000WjFOz2AN/view","56701208","INV-0000001187","株式会社JBリアルエステート","株式会社JBリアルエステート","2026-04-20","12100","","","","knock knock AI_Basicプラン(月額) / 数量:1 / 単価:11,000 / 金額:11,000 / 確定:knock knock AI Basicプラン(50クレジット)","C01","請求区分と契約先: 株式会社JBリアルエステート / 請求日: 2026-04-20","取引先「株式会社JBリアルエステート」の請求が、月契約・年契約・単発請求のどれに該当するか確認する。 既存の有効契約へ紐づけるか、新しいFreee管理契約を作成するか確認する。 請求日 2026-04-20 を含む契約期間を作成または選択してよいか確認する。","確認した商品と請求区分を基に、取引先・商品・件名キーワード・請求区分が一意になるFreee請求契約ルールを登録して有効化する。 修正後にWorkを再検証し、ステータスが「反映可能」になったことを確認して本反映する。","契約ルール登録後に可","経理（内容判断）／システム管理者（マスタ・ルール設定）","請求書移行Workの取込ステータスが反映可能ではありません。検証を実行し、要確認事項を解消してください。 / 契約管理を特定できません。取引先に有効な契約管理があるか確認してください。 / 契約期間を特定できません。請求日を含む契約期間があるか確認してください。"
"52","高","既存請求明細との照合不一致","MFIW-000087","https://samuraiarchitects.lightning.force.com/lightning/r/Mig_FreeeInvoiceWork__c/a0FRB00000UtKjB2AV/view","58268807","INV-0000001195","トヨタ・コニック・プロ株式会社","トヨタコニックプロ株式会社","2026-05-12","0","","CP-00000168","INV-0000000074"," / 数量:- / 単価:- / 金額:- / 確定:受託開発","I01","明細照合: Salesforce請求「INV-0000000074」 / Freee請求書ID 58268807","作成済みSalesforce請求「INV-0000000074」とFreee請求書ID 58268807 の明細を、Freee明細ID・件名・数量・単価・金額単位で比較する。 Salesforce側の明細を残す・修正する・不足分を追加するのどれが正しいか確認する。","既存請求明細を直接削除せず、Freee原本との差分を確定してから不足明細の追加または誤明細の訂正を行う。 修正後にWorkを再検証し、ステータスが「反映可能」になったことを確認して本反映する。","不可（個別確認が必要）","経理（内容判断）／システム管理者（マスタ・ルール設定）","同じfreee請求書IDのSalesforce請求は存在しますが、すべての請求明細を照合できませんでした。既存の請求明細と移行Workの明細を確認してください。"
"53","高","既存請求明細との照合不一致","MFIW-000090","https://samuraiarchitects.lightning.force.com/lightning/r/Mig_FreeeInvoiceWork__c/a0FRB00000Usb9g2AB/view","58486360","INV-0000001198","株式会社ＬＩＸＩＬ住宅研究所","株式会社 LIXIL住宅研究所","2026-05-15","3168000","","CP-00000054","INV-0000000006","保守・運用費 / 数量:1 / 単価:1,200,000 / 金額:1,200,000 / 確定:受託開発 || 運用サポート費 / 数量:1 / 単価:840,000 / 金額:840,000 / 確定:受託開発 || Renderyライセンス費 / 数量:1 / 単価:840,000 / 金額:840,000 / 確定:受託開発","I01","明細照合: Salesforce請求「INV-0000000006」 / Freee請求書ID 58486360","作成済みSalesforce請求「INV-0000000006」とFreee請求書ID 58486360 の明細を、Freee明細ID・件名・数量・単価・金額単位で比較する。 Salesforce側の明細を残す・修正する・不足分を追加するのどれが正しいか確認する。","既存請求明細を直接削除せず、Freee原本との差分を確定してから不足明細の追加または誤明細の訂正を行う。 修正後にWorkを再検証し、ステータスが「反映可能」になったことを確認して本反映する。","不可（個別確認が必要）","経理（内容判断）／システム管理者（マスタ・ルール設定）","同じfreee請求書IDのSalesforce請求は存在しますが、すべての請求明細を照合できませんでした。既存の請求明細と移行Workの明細を確認してください。"
"54","中","契約・契約期間未確定","MFIW-000222","https://samuraiarchitects.lightning.force.com/lightning/r/Mig_FreeeInvoiceWork__c/a0FRB00000WjSKM2A3/view","58573601","INV-0000001224","松栄不動産株式会社(アパマンショップ仙台東口店)","松栄不動産株式会社(アパマンショップ仙台東口店)","2026-05-20","12100","","","","knock knock AI Basicプラン / 数量:1 / 単価:11,000 / 金額:11,000 / 確定:knock knock AI Basicプラン(50クレジット)","C01","請求区分と契約先: 松栄不動産株式会社(アパマンショップ仙台東口店) / 請求日: 2026-05-20","取引先「松栄不動産株式会社(アパマンショップ仙台東口店)」の請求が、月契約・年契約・単発請求のどれに該当するか確認する。 既存の有効契約へ紐づけるか、新しいFreee管理契約を作成するか確認する。 請求日 2026-05-20 を含む契約期間を作成または選択してよいか確認する。","確認した商品と請求区分を基に、取引先・商品・件名キーワード・請求区分が一意になるFreee請求契約ルールを登録して有効化する。 修正後にWorkを再検証し、ステータスが「反映可能」になったことを確認して本反映する。","契約ルール登録後に可","経理（内容判断）／システム管理者（マスタ・ルール設定）","契約管理を特定できません。取引先に有効な契約管理があるか確認してください。 / 契約期間を特定できません。請求日を含む契約期間があるか確認してください。"
"55","中","契約・契約期間未確定","MFIW-000224","https://samuraiarchitects.lightning.force.com/lightning/r/Mig_FreeeInvoiceWork__c/a0FRB00000WjSKO2A3/view","58573606","INV-0000001226","株式会社ハートランド","株式会社ハートランド","2026-05-20","12100","","","","knock knock AI_Basicプラン(月額) / 数量:1 / 単価:11,000 / 金額:11,000 / 確定:knock knock AI Basicプラン(50クレジット)","C01","請求区分と契約先: 株式会社ハートランド / 請求日: 2026-05-20","取引先「株式会社ハートランド」の請求が、月契約・年契約・単発請求のどれに該当するか確認する。 既存の有効契約へ紐づけるか、新しいFreee管理契約を作成するか確認する。 請求日 2026-05-20 を含む契約期間を作成または選択してよいか確認する。","確認した商品と請求区分を基に、取引先・商品・件名キーワード・請求区分が一意になるFreee請求契約ルールを登録して有効化する。 修正後にWorkを再検証し、ステータスが「反映可能」になったことを確認して本反映する。","契約ルール登録後に可","経理（内容判断）／システム管理者（マスタ・ルール設定）","請求書移行Workの取込ステータスが反映可能ではありません。検証を実行し、要確認事項を解消してください。 / 契約管理を特定できません。取引先に有効な契約管理があるか確認してください。 / 契約期間を特定できません。請求日を含む契約期間があるか確認してください。"
"56","中","契約・契約期間未確定","MFIW-000225","https://samuraiarchitects.lightning.force.com/lightning/r/Mig_FreeeInvoiceWork__c/a0FRB00000WjSKP2A3/view","58573608","INV-0000001227","西和不動産株式会社 栗東店","西和不動産株式会社 栗東店","2026-05-20","12100","","","","knock knock AI Basicプラン / 数量:1 / 単価:11,000 / 金額:11,000 / 確定:knock knock AI Basicプラン(50クレジット)","C01","請求区分と契約先: 西和不動産株式会社 栗東店 / 請求日: 2026-05-20","取引先「西和不動産株式会社 栗東店」の請求が、月契約・年契約・単発請求のどれに該当するか確認する。 既存の有効契約へ紐づけるか、新しいFreee管理契約を作成するか確認する。 請求日 2026-05-20 を含む契約期間を作成または選択してよいか確認する。","確認した商品と請求区分を基に、取引先・商品・件名キーワード・請求区分が一意になるFreee請求契約ルールを登録して有効化する。 修正後にWorkを再検証し、ステータスが「反映可能」になったことを確認して本反映する。","契約ルール登録後に可","経理（内容判断）／システム管理者（マスタ・ルール設定）","契約管理を特定できません。取引先に有効な契約管理があるか確認してください。 / 契約期間を特定できません。請求日を含む契約期間があるか確認してください。"
"57","中","契約・商品未確定","MFIW-000229","https://samuraiarchitects.lightning.force.com/lightning/r/Mig_FreeeInvoiceWork__c/a0FRB00000WjSKT2A3/view","58573614","INV-0000001231","株式会社ヨコハマ地所","株式会社ヨコハマ地所","2026-05-20","12100","","","","knock knock AI_Basicプラン / 数量:1 / 単価:11,000 / 金額:11,000 / 候補:knock knock AI Basicプラン(50クレジット)","C01,P01","請求区分と契約先: 株式会社ヨコハマ地所 / 請求日: 2026-05-20 || 商品候補確認: 「knock knock AI_Basicプラン」 -> 「knock knock AI Basicプラン(50クレジット)」","取引先「株式会社ヨコハマ地所」の請求が、月契約・年契約・単発請求のどれに該当するか確認する。 既存の有効契約へ紐づけるか、新しいFreee管理契約を作成するか確認する。 請求日 2026-05-20 を含む契約期間を作成または選択してよいか確認する。 明細「knock knock AI_Basicプラン」（数量 1、単価 11,000 円）を商品「knock knock AI Basicプラン(50クレジット)」としてよいか確認する。","確認した商品と請求区分を基に、取引先・商品・件名キーワード・請求区分が一意になるFreee請求契約ルールを登録して有効化する。 確定商品マスタを設定する。今後も同じ明細名が発生する場合は、Freee請求明細商品マッピングも登録する。 修正後にWorkを再検証し、ステータスが「反映可能」になったことを確認して本反映する。","契約ルール登録後に可","経理（内容判断）／システム管理者（マスタ・ルール設定）","契約管理を特定できません。取引先に有効な契約管理があるか確認してください。 / 契約期間を特定できません。請求日を含む契約期間があるか確認してください。 / 商品マスタが未確定の請求明細Workがあります。候補商品を確認し、商品マスタを確定してください。"
"58","中","商品未確定","MFIW-000230","https://samuraiarchitects.lightning.force.com/lightning/r/Mig_FreeeInvoiceWork__c/a0FRB00000WjSKU2A3/view","58573616","INV-0000001232","リアルティホールディングス株式会社","リアルティホールディングス株式会社","2026-05-20","175450","","CP-00000126","","knock knock AI_Enterpriseプラン_1200クレジット / 数量:1,100 / 単価:145 / 金額:159,500 / 商品未候補","P02","商品選択: 「knock knock AI_Enterpriseプラン_1200クレジット」","明細「knock knock AI_Enterpriseプラン_1200クレジット」（数量 1,100、単価 145 円）に対応する商品マスタを選ぶ。該当商品がなければ、汎用商品への集約か商品マスタ追加かを判断する。","確定商品マスタを設定する。今後も同じ明細名が発生する場合は、Freee請求明細商品マッピングも登録する。 修正後にWorkを再検証し、ステータスが「反映可能」になったことを確認して本反映する。","商品確定後に可","経理（内容判断）／システム管理者（マスタ・ルール設定）","商品マスタが未確定の請求明細Workがあります。候補商品を確認し、商品マスタを確定してください。"
"59","中","契約・商品未確定","MFIW-000233","https://samuraiarchitects.lightning.force.com/lightning/r/Mig_FreeeInvoiceWork__c/a0FRB00000WjSKX2A3/view","58573621","INV-0000001235","アグレ都市デザイン株式会社","アグレ都市デザイン株式会社","2026-05-20","12100","","","","knock knock AI_Basicプラン / 数量:1 / 単価:11,000 / 金額:11,000 / 候補:knock knock AI Basicプラン(50クレジット)","C01,P01","請求区分と契約先: アグレ都市デザイン株式会社 / 請求日: 2026-05-20 || 商品候補確認: 「knock knock AI_Basicプラン」 -> 「knock knock AI Basicプラン(50クレジット)」","取引先「アグレ都市デザイン株式会社」の請求が、月契約・年契約・単発請求のどれに該当するか確認する。 既存の有効契約へ紐づけるか、新しいFreee管理契約を作成するか確認する。 請求日 2026-05-20 を含む契約期間を作成または選択してよいか確認する。 明細「knock knock AI_Basicプラン」（数量 1、単価 11,000 円）を商品「knock knock AI Basicプラン(50クレジット)」としてよいか確認する。","確認した商品と請求区分を基に、取引先・商品・件名キーワード・請求区分が一意になるFreee請求契約ルールを登録して有効化する。 確定商品マスタを設定する。今後も同じ明細名が発生する場合は、Freee請求明細商品マッピングも登録する。 修正後にWorkを再検証し、ステータスが「反映可能」になったことを確認して本反映する。","契約ルール登録後に可","経理（内容判断）／システム管理者（マスタ・ルール設定）","契約管理を特定できません。取引先に有効な契約管理があるか確認してください。 / 契約期間を特定できません。請求日を含む契約期間があるか確認してください。 / 商品マスタが未確定の請求明細Workがあります。候補商品を確認し、商品マスタを確定してください。"
"60","中","契約・契約期間未確定","MFIW-000235","https://samuraiarchitects.lightning.force.com/lightning/r/Mig_FreeeInvoiceWork__c/a0FRB00000WjSKZ2A3/view","58573626","INV-0000001237","株式会社JR東日本建築設計","株式会社JR東日本建築設計","2026-05-20","8800","","","","Rendery_Pro_月額利用料 / 数量:1 / 単価:8,000 / 金額:8,000 / 確定:Rendery Proプラン","C01","請求区分と契約先: 株式会社JR東日本建築設計 / 請求日: 2026-05-20","取引先「株式会社JR東日本建築設計」の請求が、月契約・年契約・単発請求のどれに該当するか確認する。 既存の有効契約へ紐づけるか、新しいFreee管理契約を作成するか確認する。 請求日 2026-05-20 を含む契約期間を作成または選択してよいか確認する。","確認した商品と請求区分を基に、取引先・商品・件名キーワード・請求区分が一意になるFreee請求契約ルールを登録して有効化する。 修正後にWorkを再検証し、ステータスが「反映可能」になったことを確認して本反映する。","契約ルール登録後に可","経理（内容判断）／システム管理者（マスタ・ルール設定）","契約管理を特定できません。取引先に有効な契約管理があるか確認してください。 / 契約期間を特定できません。請求日を含む契約期間があるか確認してください。"
"61","中","契約・契約期間未確定","MFIW-000236","https://samuraiarchitects.lightning.force.com/lightning/r/Mig_FreeeInvoiceWork__c/a0FRB00000WjSKa2AN/view","58573627","INV-0000001238","アイリスオーヤマ株式会社(空間デザイン部)","アイリスオーヤマ株式会社(空間デザイン部)","2026-05-20","12100","","","","RenderyEnterpriseプラン_月額 / 数量:1 / 単価:11,000 / 金額:11,000 / 確定:[OLD] Rendery Enterpriseプラン(2025年9月まで)","C01","請求区分と契約先: アイリスオーヤマ株式会社(空間デザイン部) / 請求日: 2026-05-20","取引先「アイリスオーヤマ株式会社(空間デザイン部)」の請求が、月契約・年契約・単発請求のどれに該当するか確認する。 既存の有効契約へ紐づけるか、新しいFreee管理契約を作成するか確認する。 請求日 2026-05-20 を含む契約期間を作成または選択してよいか確認する。","確認した商品と請求区分を基に、取引先・商品・件名キーワード・請求区分が一意になるFreee請求契約ルールを登録して有効化する。 修正後にWorkを再検証し、ステータスが「反映可能」になったことを確認して本反映する。","契約ルール登録後に可","経理（内容判断）／システム管理者（マスタ・ルール設定）","契約管理を特定できません。取引先に有効な契約管理があるか確認してください。 / 契約期間を特定できません。請求日を含む契約期間があるか確認してください。"
"62","中","契約・契約期間未確定","MFIW-000237","https://samuraiarchitects.lightning.force.com/lightning/r/Mig_FreeeInvoiceWork__c/a0FRB00000WjTBV2A3/view","58573629","INV-0000001239","アイリスオーヤマ株式会社(ストアソリューション営業部ストアデザインチーム)","アイリスオーヤマ株式会社(ストアソリューション営業部ストアデザインチーム)","2026-05-20","48400","","","","RenderyEnterpriseプラン_月額 / 数量:4 / 単価:11,000 / 金額:44,000 / 確定:[OLD] Rendery Enterpriseプラン(2025年9月まで)","C01","請求区分と契約先: アイリスオーヤマ株式会社(ストアソリューション営業部ストアデザインチーム) / 請求日: 2026-05-20","取引先「アイリスオーヤマ株式会社(ストアソリューション営業部ストアデザインチーム)」の請求が、月契約・年契約・単発請求のどれに該当するか確認する。 既存の有効契約へ紐づけるか、新しいFreee管理契約を作成するか確認する。 請求日 2026-05-20 を含む契約期間を作成または選択してよいか確認する。","確認した商品と請求区分を基に、取引先・商品・件名キーワード・請求区分が一意になるFreee請求契約ルールを登録して有効化する。 修正後にWorkを再検証し、ステータスが「反映可能」になったことを確認して本反映する。","契約ルール登録後に可","経理（内容判断）／システム管理者（マスタ・ルール設定）","契約管理を特定できません。取引先に有効な契約管理があるか確認してください。 / 契約期間を特定できません。請求日を含む契約期間があるか確認してください。"
"63","中","契約・契約期間未確定","MFIW-000238","https://samuraiarchitects.lightning.force.com/lightning/r/Mig_FreeeInvoiceWork__c/a0FRB00000WjTBW2A3/view","58573631","INV-0000001240","九州旅客鉄道株式会社(博多設備区)","九州旅客鉄道株式会社(博多設備区)","2026-05-20","8800","","","","Rendery_Pro_月額利用料 / 数量:1 / 単価:8,000 / 金額:8,000 / 確定:Rendery Proプラン","C01","請求区分と契約先: 九州旅客鉄道株式会社(博多設備区) / 請求日: 2026-05-20","取引先「九州旅客鉄道株式会社(博多設備区)」の請求が、月契約・年契約・単発請求のどれに該当するか確認する。 既存の有効契約へ紐づけるか、新しいFreee管理契約を作成するか確認する。 請求日 2026-05-20 を含む契約期間を作成または選択してよいか確認する。","確認した商品と請求区分を基に、取引先・商品・件名キーワード・請求区分が一意になるFreee請求契約ルールを登録して有効化する。 修正後にWorkを再検証し、ステータスが「反映可能」になったことを確認して本反映する。","契約ルール登録後に可","経理（内容判断）／システム管理者（マスタ・ルール設定）","契約管理を特定できません。取引先に有効な契約管理があるか確認してください。 / 契約期間を特定できません。請求日を含む契約期間があるか確認してください。"
"64","中","契約・契約期間未確定","MFIW-000239","https://samuraiarchitects.lightning.force.com/lightning/r/Mig_FreeeInvoiceWork__c/a0FRB00000WjTBX2A3/view","58573632","INV-0000001241","株式会社ジョイフル本田","株式会社ジョイフル本田","2026-05-20","60500","","","","Rendery Enterpriseプラン_月額 / 数量:5 / 単価:11,000 / 金額:55,000 / 確定:[OLD] Rendery Enterpriseプラン(2025年9月まで)","C01","請求区分と契約先: 株式会社ジョイフル本田 / 請求日: 2026-05-20","取引先「株式会社ジョイフル本田」の請求が、月契約・年契約・単発請求のどれに該当するか確認する。 既存の有効契約へ紐づけるか、新しいFreee管理契約を作成するか確認する。 請求日 2026-05-20 を含む契約期間を作成または選択してよいか確認する。","確認した商品と請求区分を基に、取引先・商品・件名キーワード・請求区分が一意になるFreee請求契約ルールを登録して有効化する。 修正後にWorkを再検証し、ステータスが「反映可能」になったことを確認して本反映する。","契約ルール登録後に可","経理（内容判断）／システム管理者（マスタ・ルール設定）","契約管理を特定できません。取引先に有効な契約管理があるか確認してください。 / 契約期間を特定できません。請求日を含む契約期間があるか確認してください。"
"65","中","契約・契約期間未確定","MFIW-000245","https://samuraiarchitects.lightning.force.com/lightning/r/Mig_FreeeInvoiceWork__c/a0FRB00000WjTBd2AN/view","58573642","INV-0000001247","九州旅客鉄道株式会社(建設工事部施設課)","九州旅客鉄道株式会社(建設工事部施設課)","2026-05-20","8800","","","","Rendery_Pro_月額 / 数量:1 / 単価:8,000 / 金額:8,000 / 確定:Rendery Proプラン","C01","請求区分と契約先: 九州旅客鉄道株式会社(建設工事部施設課) / 請求日: 2026-05-20","取引先「九州旅客鉄道株式会社(建設工事部施設課)」の請求が、月契約・年契約・単発請求のどれに該当するか確認する。 既存の有効契約へ紐づけるか、新しいFreee管理契約を作成するか確認する。 請求日 2026-05-20 を含む契約期間を作成または選択してよいか確認する。","確認した商品と請求区分を基に、取引先・商品・件名キーワード・請求区分が一意になるFreee請求契約ルールを登録して有効化する。 修正後にWorkを再検証し、ステータスが「反映可能」になったことを確認して本反映する。","契約ルール登録後に可","経理（内容判断）／システム管理者（マスタ・ルール設定）","契約管理を特定できません。取引先に有効な契約管理があるか確認してください。 / 契約期間を特定できません。請求日を含む契約期間があるか確認してください。"
"66","中","契約・契約期間未確定","MFIW-000247","https://samuraiarchitects.lightning.force.com/lightning/r/Mig_FreeeInvoiceWork__c/a0FRB00000WjTBf2AN/view","58573647","INV-0000001249","インフィニティ株式会社","インフィニティ株式会社","2026-05-20","8800","","","","Rendery_Pro_月額利用料 / 数量:1 / 単価:8,000 / 金額:8,000 / 確定:Rendery Proプラン","C01","請求区分と契約先: インフィニティ株式会社 / 請求日: 2026-05-20","取引先「インフィニティ株式会社」の請求が、月契約・年契約・単発請求のどれに該当するか確認する。 既存の有効契約へ紐づけるか、新しいFreee管理契約を作成するか確認する。 請求日 2026-05-20 を含む契約期間を作成または選択してよいか確認する。","確認した商品と請求区分を基に、取引先・商品・件名キーワード・請求区分が一意になるFreee請求契約ルールを登録して有効化する。 修正後にWorkを再検証し、ステータスが「反映可能」になったことを確認して本反映する。","契約ルール登録後に可","経理（内容判断）／システム管理者（マスタ・ルール設定）","契約管理を特定できません。取引先に有効な契約管理があるか確認してください。 / 契約期間を特定できません。請求日を含む契約期間があるか確認してください。"
"67","中","契約・商品未確定","MFIW-000248","https://samuraiarchitects.lightning.force.com/lightning/r/Mig_FreeeInvoiceWork__c/a0FRB00000WjTBg2AN/view","58573648","INV-0000001250","東急リゾーツ＆ステイ株式会社","東急リゾーツ＆ステイ株式会社","2026-05-20","108900","","","","Rendery　エンタープライズプラン / 数量:9 / 単価:11,000 / 金額:99,000 / 候補:[OLD] Rendery Enterpriseプラン(2025年9月まで)","C01,P01","請求区分と契約先: 東急リゾーツ＆ステイ株式会社 / 請求日: 2026-05-20 || 商品候補確認: 「Rendery　エンタープライズプラン」 -> 「[OLD] Rendery Enterpriseプラン(2025年9月まで)」","取引先「東急リゾーツ＆ステイ株式会社」の請求が、月契約・年契約・単発請求のどれに該当するか確認する。 既存の有効契約へ紐づけるか、新しいFreee管理契約を作成するか確認する。 請求日 2026-05-20 を含む契約期間を作成または選択してよいか確認する。 明細「Rendery　エンタープライズプラン」（数量 9、単価 11,000 円）を商品「[OLD] Rendery Enterpriseプラン(2025年9月まで)」としてよいか確認する。","確認した商品と請求区分を基に、取引先・商品・件名キーワード・請求区分が一意になるFreee請求契約ルールを登録して有効化する。 確定商品マスタを設定する。今後も同じ明細名が発生する場合は、Freee請求明細商品マッピングも登録する。 修正後にWorkを再検証し、ステータスが「反映可能」になったことを確認して本反映する。","契約ルール登録後に可","経理（内容判断）／システム管理者（マスタ・ルール設定）","契約管理を特定できません。取引先に有効な契約管理があるか確認してください。 / 契約期間を特定できません。請求日を含む契約期間があるか確認してください。 / 商品マスタが未確定の請求明細Workがあります。候補商品を確認し、商品マスタを確定してください。"
"68","中","契約・契約期間未確定","MFIW-000255","https://samuraiarchitects.lightning.force.com/lightning/r/Mig_FreeeInvoiceWork__c/a0FRB00000WjTBn2AN/view","58573663","INV-0000001257","九州旅客鉄道株式会社(開発工事部)","九州旅客鉄道株式会社(開発工事部)","2026-05-20","8800","","","","Rendery_Pro_月額利用料 / 数量:1 / 単価:8,000 / 金額:8,000 / 確定:Rendery Proプラン","C01","請求区分と契約先: 九州旅客鉄道株式会社(開発工事部) / 請求日: 2026-05-20","取引先「九州旅客鉄道株式会社(開発工事部)」の請求が、月契約・年契約・単発請求のどれに該当するか確認する。 既存の有効契約へ紐づけるか、新しいFreee管理契約を作成するか確認する。 請求日 2026-05-20 を含む契約期間を作成または選択してよいか確認する。","確認した商品と請求区分を基に、取引先・商品・件名キーワード・請求区分が一意になるFreee請求契約ルールを登録して有効化する。 修正後にWorkを再検証し、ステータスが「反映可能」になったことを確認して本反映する。","契約ルール登録後に可","経理（内容判断）／システム管理者（マスタ・ルール設定）","契約管理を特定できません。取引先に有効な契約管理があるか確認してください。 / 契約期間を特定できません。請求日を含む契約期間があるか確認してください。"
"69","中","契約・契約期間未確定","MFIW-000257","https://samuraiarchitects.lightning.force.com/lightning/r/Mig_FreeeInvoiceWork__c/a0FRB00000WjTmb2AF/view","58573667","INV-0000001259","株式会社ＬＩＸＩＬ住宅研究所","株式会社ＬＩＸＩＬ住宅研究所","2026-05-20","8800","","","","Rendery_Pro_月額利用料 / 数量:1 / 単価:8,000 / 金額:8,000 / 確定:Rendery Proプラン","C01","請求区分と契約先: 株式会社ＬＩＸＩＬ住宅研究所 / 請求日: 2026-05-20","取引先「株式会社ＬＩＸＩＬ住宅研究所」の請求が、月契約・年契約・単発請求のどれに該当するか確認する。 既存の有効契約へ紐づけるか、新しいFreee管理契約を作成するか確認する。 請求日 2026-05-20 を含む契約期間を作成または選択してよいか確認する。","確認した商品と請求区分を基に、取引先・商品・件名キーワード・請求区分が一意になるFreee請求契約ルールを登録して有効化する。 修正後にWorkを再検証し、ステータスが「反映可能」になったことを確認して本反映する。","契約ルール登録後に可","経理（内容判断）／システム管理者（マスタ・ルール設定）","契約管理を特定できません。取引先に有効な契約管理があるか確認してください。 / 契約期間を特定できません。請求日を含む契約期間があるか確認してください。"
"70","中","商品未確定","MFIW-000259","https://samuraiarchitects.lightning.force.com/lightning/r/Mig_FreeeInvoiceWork__c/a0FRB00000WjTmd2AF/view","58690508","INV-0000001263","株式会社大塚商会","株式会社大塚商会","2026-05-20","42240","","CP-00000061","","Rendery_Pro_月額利用料(ジェイアール北海道エンジニアリング株式会社分) / 数量:6 / 単価:6,400 / 金額:38,400 / 候補:[代理販売20%] Rendery Proプラン","P01","商品候補確認: 「Rendery_Pro_月額利用料(ジェイアール北海道エンジニアリング株式会社分)」 -> 「[代理販売20%] Rendery Proプラン」","明細「Rendery_Pro_月額利用料(ジェイアール北海道エンジニアリング株式会社分)」（数量 6、単価 6,400 円）を商品「[代理販売20%] Rendery Proプラン」としてよいか確認する。","確定商品マスタを設定する。今後も同じ明細名が発生する場合は、Freee請求明細商品マッピングも登録する。 修正後にWorkを再検証し、ステータスが「反映可能」になったことを確認して本反映する。","条件付き可（候補商品が一意であることを確認）","経理（内容判断）／システム管理者（マスタ・ルール設定）","商品マスタが未確定の請求明細Workがあります。候補商品を確認し、商品マスタを確定してください。"
"71","中","商品未確定","MFIW-000260","https://samuraiarchitects.lightning.force.com/lightning/r/Mig_FreeeInvoiceWork__c/a0FRB00000WjTme2AF/view","58690758","INV-0000001264","株式会社大塚商会","株式会社大塚商会","2026-05-20","14080","","CP-00000061","","Rendery_Pro_月額利用料_注文番号：405342479 / 数量:2 / 単価:6,400 / 金額:12,800 / 候補:[代理販売20%] Rendery Proプラン","P01","商品候補確認: 「Rendery_Pro_月額利用料_注文番号：405342479」 -> 「[代理販売20%] Rendery Proプラン」","明細「Rendery_Pro_月額利用料_注文番号：405342479」（数量 2、単価 6,400 円）を商品「[代理販売20%] Rendery Proプラン」としてよいか確認する。","確定商品マスタを設定する。今後も同じ明細名が発生する場合は、Freee請求明細商品マッピングも登録する。 修正後にWorkを再検証し、ステータスが「反映可能」になったことを確認して本反映する。","条件付き可（候補商品が一意であることを確認）","経理（内容判断）／システム管理者（マスタ・ルール設定）","商品マスタが未確定の請求明細Workがあります。候補商品を確認し、商品マスタを確定してください。"
"72","中","契約・契約期間未確定","MFIW-000261","https://samuraiarchitects.lightning.force.com/lightning/r/Mig_FreeeInvoiceWork__c/a0FRB00000WjTmf2AF/view","58691585","INV-0000001265","株式会社アーキテクト・ディベロッパー","帝国不動産株式会社","2026-05-20","52800","","","","Rendery(Pro用)・月額料金 / 数量:6 / 単価:8,000 / 金額:48,000 / 確定:Rendery Proプラン","C01","請求区分と契約先: 株式会社アーキテクト・ディベロッパー / 請求日: 2026-05-20","取引先「株式会社アーキテクト・ディベロッパー」の請求が、月契約・年契約・単発請求のどれに該当するか確認する。 既存の有効契約へ紐づけるか、新しいFreee管理契約を作成するか確認する。 請求日 2026-05-20 を含む契約期間を作成または選択してよいか確認する。","確認した商品と請求区分を基に、取引先・商品・件名キーワード・請求区分が一意になるFreee請求契約ルールを登録して有効化する。 修正後にWorkを再検証し、ステータスが「反映可能」になったことを確認して本反映する。","契約ルール登録後に可","経理（内容判断）／システム管理者（マスタ・ルール設定）","契約管理を特定できません。取引先に有効な契約管理があるか確認してください。 / 契約期間を特定できません。請求日を含む契約期間があるか確認してください。"
"73","中","契約・契約期間未確定","MFIW-000262","https://samuraiarchitects.lightning.force.com/lightning/r/Mig_FreeeInvoiceWork__c/a0FRB00000WjTmg2AF/view","58708849","INV-0000001267","三菱地所株式会社(DX推進部)","三菱地所株式会社(DX推進部)","2026-05-20","17600","","","","Rendery_Pro_月額利用料 / 数量:2 / 単価:8,000 / 金額:16,000 / 確定:Rendery Proプラン","C01","請求区分と契約先: 三菱地所株式会社(DX推進部) / 請求日: 2026-05-20","取引先「三菱地所株式会社(DX推進部)」の請求が、月契約・年契約・単発請求のどれに該当するか確認する。 既存の有効契約へ紐づけるか、新しいFreee管理契約を作成するか確認する。 請求日 2026-05-20 を含む契約期間を作成または選択してよいか確認する。","確認した商品と請求区分を基に、取引先・商品・件名キーワード・請求区分が一意になるFreee請求契約ルールを登録して有効化する。 修正後にWorkを再検証し、ステータスが「反映可能」になったことを確認して本反映する。","契約ルール登録後に可","経理（内容判断）／システム管理者（マスタ・ルール設定）","契約管理を特定できません。取引先に有効な契約管理があるか確認してください。 / 契約期間を特定できません。請求日を含む契約期間があるか確認してください。"
"74","中","商品未確定","MFIW-000264","https://samuraiarchitects.lightning.force.com/lightning/r/Mig_FreeeInvoiceWork__c/a0FRB00000WjTmi2AF/view","58709686","INV-0000001269","日鉄興和不動産株式会社","日鉄興和不動産株式会社","2026-05-20","1848000","","CP-00000076","","Rendery Enterpriseプラン10アカウント_年払い / 数量:10 / 単価:180,000 / 金額:1,800,000 / 確定:[年払] Rendery Enterpriseプラン || 年払い割引 / 数量:10 / 単価:-12,000 / 金額:-120,000 / 商品未候補","P02","商品選択: 「年払い割引」","明細「年払い割引」（数量 10、単価 -12,000 円）に対応する商品マスタを選ぶ。該当商品がなければ、汎用商品への集約か商品マスタ追加かを判断する。","確定商品マスタを設定する。今後も同じ明細名が発生する場合は、Freee請求明細商品マッピングも登録する。 修正後にWorkを再検証し、ステータスが「反映可能」になったことを確認して本反映する。","商品確定後に可","経理（内容判断）／システム管理者（マスタ・ルール設定）","商品マスタが未確定の請求明細Workがあります。候補商品を確認し、商品マスタを確定してください。"
"75","中","契約・契約期間未確定","MFIW-000265","https://samuraiarchitects.lightning.force.com/lightning/r/Mig_FreeeInvoiceWork__c/a0FRB00000WjTmj2AF/view","58710933","INV-0000001270","野村不動産株式会社","野村不動産株式会社","2026-05-20","198000","","","","Rendery Enterpriseプラン_10アカウント_月額 / 数量:10 / 単価:15,000 / 金額:150,000 / 確定:Rendery Enterpriseプラン || セキュリティオプション（シングルサインオン）_月額 / 数量:1 / 単価:30,000 / 金額:30,000 / 確定:Rendery セキュリティオプション(SSO)_運用費用","C01","請求区分と契約先: 野村不動産株式会社 / 請求日: 2026-05-20","取引先「野村不動産株式会社」の請求が、月契約・年契約・単発請求のどれに該当するか確認する。 既存の有効契約へ紐づけるか、新しいFreee管理契約を作成するか確認する。 請求日 2026-05-20 を含む契約期間を作成または選択してよいか確認する。","確認した商品と請求区分を基に、取引先・商品・件名キーワード・請求区分が一意になるFreee請求契約ルールを登録して有効化する。 修正後にWorkを再検証し、ステータスが「反映可能」になったことを確認して本反映する。","契約ルール登録後に可","経理（内容判断）／システム管理者（マスタ・ルール設定）","契約管理を特定できません。取引先に有効な契約管理があるか確認してください。 / 契約期間を特定できません。請求日を含む契約期間があるか確認してください。"
"76","中","契約・商品未確定","MFIW-000267","https://samuraiarchitects.lightning.force.com/lightning/r/Mig_FreeeInvoiceWork__c/a0FRB00000WjTml2AF/view","58711460","INV-0000001272","近鉄不動産株式会社","近鉄不動産株式会社","2026-05-20","291500","","","","[月額費用]Rendery Enterpriseプラン_11アカウント / 数量:11 / 単価:15,000 / 金額:165,000 / 候補:Rendery Enterpriseプラン || [月額費用]セキュリティオプション+_運用費用 / 数量:1 / 単価:100,000 / 金額:100,000 / 候補:Rendery セキュリティオプション(SSO)_初期費用","C01,P01,P02","請求区分と契約先: 近鉄不動産株式会社 / 請求日: 2026-05-20 || 商品候補確認: 「[月額費用]Rendery Enterpriseプラン_11アカウント」 -> 「Rendery Enterpriseプラン」 || 商品選択: 「[月額費用]セキュリティオプション+_運用費用」","取引先「近鉄不動産株式会社」の請求が、月契約・年契約・単発請求のどれに該当するか確認する。 既存の有効契約へ紐づけるか、新しいFreee管理契約を作成するか確認する。 請求日 2026-05-20 を含む契約期間を作成または選択してよいか確認する。 明細「[月額費用]Rendery Enterpriseプラン_11アカウント」（数量 11、単価 15,000 円）を商品「Rendery Enterpriseプラン」としてよいか確認する。 明細「[月額費用]セキュリティオプション+_運用費用」（数量 1、単価 100,000 円）に対応する商品マスタを選ぶ。該当商品がなければ、汎用商品への集約か商品マスタ追加かを判断する。","確認した商品と請求区分を基に、取引先・商品・件名キーワード・請求区分が一意になるFreee請求契約ルールを登録して有効化する。 確定商品マスタを設定する。今後も同じ明細名が発生する場合は、Freee請求明細商品マッピングも登録する。 修正後にWorkを再検証し、ステータスが「反映可能」になったことを確認して本反映する。","契約ルール登録後に可","経理（内容判断）／システム管理者（マスタ・ルール設定）","契約管理を特定できません。取引先に有効な契約管理があるか確認してください。 / 契約期間を特定できません。請求日を含む契約期間があるか確認してください。 / 商品マスタが未確定の請求明細Workがあります。候補商品を確認し、商品マスタを確定してください。"
"77","中","商品未確定","MFIW-000268","https://samuraiarchitects.lightning.force.com/lightning/r/Mig_FreeeInvoiceWork__c/a0FRB00000WjTmm2AF/view","58712318","INV-0000001273","若築建設株式会社","若築建設株式会社","2026-05-20","105600","","CP-00000102","","Rendery Proプラン1アカウント_年払い / 数量:1 / 単価:96,000 / 金額:96,000 / 商品未候補","P02","商品選択: 「Rendery Proプラン1アカウント_年払い」","明細「Rendery Proプラン1アカウント_年払い」（数量 1、単価 96,000 円）に対応する商品マスタを選ぶ。該当商品がなければ、汎用商品への集約か商品マスタ追加かを判断する。","確定商品マスタを設定する。今後も同じ明細名が発生する場合は、Freee請求明細商品マッピングも登録する。 修正後にWorkを再検証し、ステータスが「反映可能」になったことを確認して本反映する。","商品確定後に可","経理（内容判断）／システム管理者（マスタ・ルール設定）","商品マスタが未確定の請求明細Workがあります。候補商品を確認し、商品マスタを確定してください。"
"78","中","契約・契約期間未確定","MFIW-000114","https://samuraiarchitects.lightning.force.com/lightning/r/Mig_FreeeInvoiceWork__c/a0FRB00000UtKuT2AV/view","58733986","INV-0000001275","SFテスト","SFテスト","2026-05-21","33000","","","","テスト見積明細 / 数量:3 / 単価:10,000 / 金額:30,000 / 確定:[OLD_年払]Rendery Enterpriseプラン(2025年9月まで)","C01","請求区分と契約先: SFテスト / 請求日: 2026-05-21","取引先「SFテスト」の請求が、月契約・年契約・単発請求のどれに該当するか確認する。 既存の有効契約へ紐づけるか、新しいFreee管理契約を作成するか確認する。 請求日 2026-05-21 を含む契約期間を作成または選択してよいか確認する。","確認した商品と請求区分を基に、取引先・商品・件名キーワード・請求区分が一意になるFreee請求契約ルールを登録して有効化する。 修正後にWorkを再検証し、ステータスが「反映可能」になったことを確認して本反映する。","契約ルール登録後に可","経理（内容判断）／システム管理者（マスタ・ルール設定）","契約管理を特定できません。取引先に有効な契約管理があるか確認してください。 / 契約期間を特定できません。請求日を含む契約期間があるか確認してください。"
"79","高","既存請求明細との照合不一致","MFIW-000116","https://samuraiarchitects.lightning.force.com/lightning/r/Mig_FreeeInvoiceWork__c/a0FRB00000UtKw62AF/view","58940950","INV-0000001279","クウジット株式会社","クウジット株式会社","2026-05-22","165000","","CP-00000164","INV-0000000100","モニター等の機器設置作業 / 数量:1 / 単価:10,000 / 金額:10,000 / 確定:[OLD_年払]Rendery Enterpriseプラン(2025年9月まで) || 設置作業、動作確認 / 数量:1 / 単価:15,000 / 金額:15,000 / 確定:Rendery Enterpriseプラン || モニター等の機器撤去作業 / 数量:1 / 単価:10,000 / 金額:10,000 / 確定:[OLD_年払]Rendery Enterpriseプラン(2025年9月まで) || バックエンド：テスト用PCセットアップ / 数量:1 / 単価:30,000 / 金額:30,000 / 確定:Rendery セキュリティオプション(SSO)_運用費用 || バックエンド：小型モニターにiPad画面を表示 / 数量:1 / 単価:10,000 / 金額:10,000 / 確定:[OLD_年払]Rendery Enterpriseプラン(2025年9月まで) || フロントエンド：テスト用PCセットアップ / 数量:1 / 単価:30,000 / 金額:30,000 / 確定:Rendery セキュリティオプション(SSO)_運用費用 || フロントエンド：花挙動変更 / 数量:1 / 単価:10,000 / 金額:10,000 / 確定:[OLD_年払]Rendery Enterpriseプラン(2025年9月まで) || フロントエンド：小型モニターにiPad画面を表示 / 数量:1 / 単価:20,000 / 金額:20,000 / 確定:受託開発 || 当日待機費用 / 数量:3 / 単価:5,000 / 金額:15,000 / 確定:受託開発","I01","明細照合: Salesforce請求「INV-0000000100」 / Freee請求書ID 58940950","作成済みSalesforce請求「INV-0000000100」とFreee請求書ID 58940950 の明細を、Freee明細ID・件名・数量・単価・金額単位で比較する。 Salesforce側の明細を残す・修正する・不足分を追加するのどれが正しいか確認する。","既存請求明細を直接削除せず、Freee原本との差分を確定してから不足明細の追加または誤明細の訂正を行う。 修正後にWorkを再検証し、ステータスが「反映可能」になったことを確認して本反映する。","不可（個別確認が必要）","経理（内容判断）／システム管理者（マスタ・ルール設定）","同じfreee請求書IDのSalesforce請求は存在しますが、すべての請求明細を照合できませんでした。既存の請求明細と移行Workの明細を確認してください。"
"80","中","契約・契約期間未確定","MFIW-000125","https://samuraiarchitects.lightning.force.com/lightning/r/Mig_FreeeInvoiceWork__c/a0FRB00000UtM9t2AF/view","58810995","INV-0000001276","どさんこ不動産","どさんこ不動産","2026-06-19","33000","","","","テスト見積明細 / 数量:3 / 単価:10,000 / 金額:30,000 / 確定:[OLD_年払]Rendery Enterpriseプラン(2025年9月まで)","C01","請求区分と契約先: どさんこ不動産 / 請求日: 2026-06-19","取引先「どさんこ不動産」の請求が、月契約・年契約・単発請求のどれに該当するか確認する。 既存の有効契約へ紐づけるか、新しいFreee管理契約を作成するか確認する。 請求日 2026-06-19 を含む契約期間を作成または選択してよいか確認する。","確認した商品と請求区分を基に、取引先・商品・件名キーワード・請求区分が一意になるFreee請求契約ルールを登録して有効化する。 修正後にWorkを再検証し、ステータスが「反映可能」になったことを確認して本反映する。","契約ルール登録後に可","経理（内容判断）／システム管理者（マスタ・ルール設定）","契約管理を特定できません。取引先に有効な契約管理があるか確認してください。 / 契約期間を特定できません。請求日を含む契約期間があるか確認してください。"
"81","高","金額不一致","MFIW-000126","https://samuraiarchitects.lightning.force.com/lightning/r/Mig_FreeeInvoiceWork__c/a0FRB00000UtM9u2AF/view","59151137","INV-0000001282","帝国不動産株式会社","帝国不動産株式会社","2026-06-19","52800","","CP-00000196","INV-0000000109","Rendery(Pro用)・月額料金 / 数量:6 / 単価:8,000 / 金額:48,000 / 確定:Rendery Proプラン || Rendery(Pro用)・月額料金 / 数量:6 / 単価:8,000 / 金額:48,000 / 確定:Rendery Proプラン","A02","金額差異: 請求金額 52,800 円 / 明細合計 96,000 円 / 差額 43,200 円","Freee原本で、請求金額 52,800 円が税抜・税込のどちらか、税額と明細合計 96,000 円を確認する。現在の差額は 43,200 円。 差額が消費税、値引き、源泉税、調整額、または明細重複のどれに該当するか確認する。","Freee原本を正としてWorkの税額・請求金額・明細を補正し、合計一致後に再検証する。 修正後にWorkを再検証し、ステータスが「反映可能」になったことを確認して本反映する。","不可（個別確認が必要）","経理（内容判断）／システム管理者（マスタ・ルール設定）","請求金額と明細合計が一致していません。請求金額=52800、明細合計=105600"
"82","中","契約・契約期間未確定","MFIW-000127","https://samuraiarchitects.lightning.force.com/lightning/r/Mig_FreeeInvoiceWork__c/a0FRB00000UtM9v2AF/view","60979452","INV-0000001368","不動産A株式会社","不動産A株式会社","2026-06-19","26400","","","INV-0000000003","RenderyProプラン×３契約 / 数量:3 / 単価:8,000 / 金額:24,000 / 確定:Rendery Proプラン","C01","請求区分と契約先: 不動産A株式会社 / 請求日: 2026-06-19","取引先「不動産A株式会社」の請求が、月契約・年契約・単発請求のどれに該当するか確認する。 既存の有効契約へ紐づけるか、新しいFreee管理契約を作成するか確認する。 請求日 2026-06-19 を含む契約期間を作成または選択してよいか確認する。","確認した商品と請求区分を基に、取引先・商品・件名キーワード・請求区分が一意になるFreee請求契約ルールを登録して有効化する。 修正後にWorkを再検証し、ステータスが「反映可能」になったことを確認して本反映する。","契約ルール登録後に可","経理（内容判断）／システム管理者（マスタ・ルール設定）","契約管理を特定できません。取引先に有効な契約管理があるか確認してください。 / 契約期間を特定できません。請求日を含む契約期間があるか確認してください。"
"83","高","既存請求明細との照合不一致","MFIW-000158","https://samuraiarchitects.lightning.force.com/lightning/r/Mig_FreeeInvoiceWork__c/a0FRB00000Wifcv2AB/view","60861151","INV-0000001317","TC神鋼不動産株式会社","TC神鋼不動産株式会社","2026-06-20","12100","","CP-00000294","INV-0000000133","knock knock AI_Basicプラン(月額) / 数量:1 / 単価:11,000 / 金額:11,000 / 確定:knock knock AI Basicプラン(50クレジット)","I01","明細照合: Salesforce請求「INV-0000000133」 / Freee請求書ID 60861151","作成済みSalesforce請求「INV-0000000133」とFreee請求書ID 60861151 の明細を、Freee明細ID・件名・数量・単価・金額単位で比較する。 Salesforce側の明細を残す・修正する・不足分を追加するのどれが正しいか確認する。","既存請求明細を直接削除せず、Freee原本との差分を確定してから不足明細の追加または誤明細の訂正を行う。 修正後にWorkを再検証し、ステータスが「反映可能」になったことを確認して本反映する。","不可（個別確認が必要）","経理（内容判断）／システム管理者（マスタ・ルール設定）","同じfreee請求書IDのSalesforce請求は存在しますが、すべての請求明細を照合できませんでした。既存の請求明細と移行Workの明細を確認してください。"
"84","中","契約・契約期間未確定","MFIW-000164","https://samuraiarchitects.lightning.force.com/lightning/r/Mig_FreeeInvoiceWork__c/a0FRB00000WicaJ2AR/view","60792923","INV-0000001313","近鉄不動産株式会社","近鉄不動産株式会社","2026-06-20","324500","","","","[月額費用]Rendery Enterpriseプラン_13アカウント / 数量:13 / 単価:15,000 / 金額:195,000 / 確定:Rendery Enterpriseプラン || [月額費用]セキュリティオプション+_運用費用 / 数量:1 / 単価:100,000 / 金額:100,000 / 確定:Rendery セキュリティオプション(SSO)_初期費用","C01","請求区分と契約先: 近鉄不動産株式会社 / 請求日: 2026-06-20","取引先「近鉄不動産株式会社」の請求が、月契約・年契約・単発請求のどれに該当するか確認する。 既存の有効契約へ紐づけるか、新しいFreee管理契約を作成するか確認する。 請求日 2026-06-20 を含む契約期間を作成または選択してよいか確認する。","確認した商品と請求区分を基に、取引先・商品・件名キーワード・請求区分が一意になるFreee請求契約ルールを登録して有効化する。 修正後にWorkを再検証し、ステータスが「反映可能」になったことを確認して本反映する。","契約ルール登録後に可","経理（内容判断）／システム管理者（マスタ・ルール設定）","契約管理を特定できません。取引先に有効な契約管理があるか確認してください。 / 契約期間を特定できません。請求日を含む契約期間があるか確認してください。"
"85","高","既存請求明細との照合不一致","MFIW-000166","https://samuraiarchitects.lightning.force.com/lightning/r/Mig_FreeeInvoiceWork__c/a0FRB00000WicaL2AR/view","60861149","INV-0000001316","株式会社TAKUTO","株式会社TAKUTO","2026-06-20","12100","","CP-00000149","INV-0000000152","knock knock AI_Basicプラン(月額) / 数量:1 / 単価:11,000 / 金額:11,000 / 確定:knock knock AI Basicプラン(50クレジット)","I01","明細照合: Salesforce請求「INV-0000000152」 / Freee請求書ID 60861149","作成済みSalesforce請求「INV-0000000152」とFreee請求書ID 60861149 の明細を、Freee明細ID・件名・数量・単価・金額単位で比較する。 Salesforce側の明細を残す・修正する・不足分を追加するのどれが正しいか確認する。","既存請求明細を直接削除せず、Freee原本との差分を確定してから不足明細の追加または誤明細の訂正を行う。 修正後にWorkを再検証し、ステータスが「反映可能」になったことを確認して本反映する。","不可（個別確認が必要）","経理（内容判断）／システム管理者（マスタ・ルール設定）","同じfreee請求書IDのSalesforce請求は存在しますが、すべての請求明細を照合できませんでした。既存の請求明細と移行Workの明細を確認してください。"
"86","中","契約・契約期間未確定","MFIW-000168","https://samuraiarchitects.lightning.force.com/lightning/r/Mig_FreeeInvoiceWork__c/a0FRB00000WicaN2AR/view","60861154","INV-0000001319","株式会社ハートランド","株式会社ハートランド","2026-06-20","12100","","","","knock knock AI_Basicプラン(月額) / 数量:1 / 単価:11,000 / 金額:11,000 / 確定:knock knock AI Basicプラン(50クレジット)","C01","請求区分と契約先: 株式会社ハートランド / 請求日: 2026-06-20","取引先「株式会社ハートランド」の請求が、月契約・年契約・単発請求のどれに該当するか確認する。 既存の有効契約へ紐づけるか、新しいFreee管理契約を作成するか確認する。 請求日 2026-06-20 を含む契約期間を作成または選択してよいか確認する。","確認した商品と請求区分を基に、取引先・商品・件名キーワード・請求区分が一意になるFreee請求契約ルールを登録して有効化する。 修正後にWorkを再検証し、ステータスが「反映可能」になったことを確認して本反映する。","契約ルール登録後に可","経理（内容判断）／システム管理者（マスタ・ルール設定）","請求書移行Workの取込ステータスが反映可能ではありません。検証を実行し、要確認事項を解消してください。 / 契約管理を特定できません。取引先に有効な契約管理があるか確認してください。 / 契約期間を特定できません。請求日を含む契約期間があるか確認してください。"
"87","中","契約・契約期間未確定","MFIW-000169","https://samuraiarchitects.lightning.force.com/lightning/r/Mig_FreeeInvoiceWork__c/a0FRB00000WicaO2AR/view","60861155","INV-0000001320","西和不動産株式会社 栗東店","西和不動産株式会社 栗東店","2026-06-20","12100","","","","knock knock AI Basicプラン / 数量:1 / 単価:11,000 / 金額:11,000 / 確定:knock knock AI Basicプラン(50クレジット)","C01","請求区分と契約先: 西和不動産株式会社 栗東店 / 請求日: 2026-06-20","取引先「西和不動産株式会社 栗東店」の請求が、月契約・年契約・単発請求のどれに該当するか確認する。 既存の有効契約へ紐づけるか、新しいFreee管理契約を作成するか確認する。 請求日 2026-06-20 を含む契約期間を作成または選択してよいか確認する。","確認した商品と請求区分を基に、取引先・商品・件名キーワード・請求区分が一意になるFreee請求契約ルールを登録して有効化する。 修正後にWorkを再検証し、ステータスが「反映可能」になったことを確認して本反映する。","契約ルール登録後に可","経理（内容判断）／システム管理者（マスタ・ルール設定）","契約管理を特定できません。取引先に有効な契約管理があるか確認してください。 / 契約期間を特定できません。請求日を含む契約期間があるか確認してください。"
"88","高","既存請求明細との照合不一致","MFIW-000170","https://samuraiarchitects.lightning.force.com/lightning/r/Mig_FreeeInvoiceWork__c/a0FRB00000WicaP2AR/view","60861156","INV-0000001321","株式会社香川不動産買取センター","株式会社香川不動産買取センター","2026-06-20","12100","","CP-00000136","INV-0000000154","knock knock AI Basicプラン / 数量:1 / 単価:11,000 / 金額:11,000 / 確定:knock knock AI Basicプラン(50クレジット)","I01","明細照合: Salesforce請求「INV-0000000154」 / Freee請求書ID 60861156","作成済みSalesforce請求「INV-0000000154」とFreee請求書ID 60861156 の明細を、Freee明細ID・件名・数量・単価・金額単位で比較する。 Salesforce側の明細を残す・修正する・不足分を追加するのどれが正しいか確認する。","既存請求明細を直接削除せず、Freee原本との差分を確定してから不足明細の追加または誤明細の訂正を行う。 修正後にWorkを再検証し、ステータスが「反映可能」になったことを確認して本反映する。","不可（個別確認が必要）","経理（内容判断）／システム管理者（マスタ・ルール設定）","同じfreee請求書IDのSalesforce請求は存在しますが、すべての請求明細を照合できませんでした。既存の請求明細と移行Workの明細を確認してください。"
"89","高","商品名の類似性不足","MFIW-000171","https://samuraiarchitects.lightning.force.com/lightning/r/Mig_FreeeInvoiceWork__c/a0FRB00000WicaQ2AR/view","60861157","INV-0000001322","株式会社博進コスモプラザ","株式会社博進コスモプラザ","2026-06-20","12100","","CP-00000134","INV-0000000155","knock knock AI_Basicプラン / 数量:1 / 単価:11,000 / 金額:11,000 / 確定:[OLD] Rendery Enterpriseプラン(2025年9月まで)","P03","商品誤紐づけ確認: 「knock knock AI_Basicプラン」 -> 「[OLD] Rendery Enterpriseプラン(2025年9月まで)」","Freee明細「knock knock AI_Basicプラン」を商品「[OLD] Rendery Enterpriseプラン(2025年9月まで)」としてよいか、名称だけでなく単価・数量・契約内容も確認する。","商品対応が正しければ商品マッピングへ正式な別名として登録する。誤りなら確定商品を解除して正しい商品を選択する。 修正後にWorkを再検証し、ステータスが「反映可能」になったことを確認して本反映する。","不可（個別確認が必要）","経理（内容判断）／システム管理者（マスタ・ルール設定）","請求明細の件名と商品マスタ名が類似していないため、請求作成を停止しました。金額一致だけで商品が選ばれている可能性があります。明細「knock knock AI_Basicプラン」の商品マスタを確認してください。"
"90","中","契約・契約期間未確定","MFIW-000173","https://samuraiarchitects.lightning.force.com/lightning/r/Mig_FreeeInvoiceWork__c/a0FRB00000WicaS2AR/view","60861159","INV-0000001324","株式会社ヨコハマ地所","株式会社ヨコハマ地所","2026-06-20","12100","","","","knock knock AI_Basicプラン / 数量:1 / 単価:11,000 / 金額:11,000 / 確定:[OLD] Rendery Enterpriseプラン(2025年9月まで)","C01","請求区分と契約先: 株式会社ヨコハマ地所 / 請求日: 2026-06-20","取引先「株式会社ヨコハマ地所」の請求が、月契約・年契約・単発請求のどれに該当するか確認する。 既存の有効契約へ紐づけるか、新しいFreee管理契約を作成するか確認する。 請求日 2026-06-20 を含む契約期間を作成または選択してよいか確認する。","確認した商品と請求区分を基に、取引先・商品・件名キーワード・請求区分が一意になるFreee請求契約ルールを登録して有効化する。 修正後にWorkを再検証し、ステータスが「反映可能」になったことを確認して本反映する。","契約ルール登録後に可","経理（内容判断）／システム管理者（マスタ・ルール設定）","契約管理を特定できません。取引先に有効な契約管理があるか確認してください。 / 契約期間を特定できません。請求日を含む契約期間があるか確認してください。"
"91","中","商品未確定","MFIW-000174","https://samuraiarchitects.lightning.force.com/lightning/r/Mig_FreeeInvoiceWork__c/a0FRB00000WicaT2AR/view","60861161","INV-0000001325","リアルティホールディングス株式会社","リアルティホールディングス株式会社","2026-06-20","175450","","CP-00000126","","knock knock AI_Enterpriseプラン_1200クレジット / 数量:1,100 / 単価:145 / 金額:159,500 / 商品未候補","P02","商品選択: 「knock knock AI_Enterpriseプラン_1200クレジット」","明細「knock knock AI_Enterpriseプラン_1200クレジット」（数量 1,100、単価 145 円）に対応する商品マスタを選ぶ。該当商品がなければ、汎用商品への集約か商品マスタ追加かを判断する。","確定商品マスタを設定する。今後も同じ明細名が発生する場合は、Freee請求明細商品マッピングも登録する。 修正後にWorkを再検証し、ステータスが「反映可能」になったことを確認して本反映する。","商品確定後に可","経理（内容判断）／システム管理者（マスタ・ルール設定）","商品マスタが未確定の請求明細Workがあります。候補商品を確認し、商品マスタを確定してください。"
"92","高","既存請求明細との照合不一致","MFIW-000175","https://samuraiarchitects.lightning.force.com/lightning/r/Mig_FreeeInvoiceWork__c/a0FRB00000WicaU2AR/view","60861162","INV-0000001326","株式会社穂積住宅","株式会社穂積住宅","2026-06-20","36300","","CP-00000124","INV-0000000156","knock knock AI_Basicプラン(月額) / 数量:3 / 単価:11,000 / 金額:33,000 / 確定:knock knock AI Basicプラン(50クレジット)","I01","明細照合: Salesforce請求「INV-0000000156」 / Freee請求書ID 60861162","作成済みSalesforce請求「INV-0000000156」とFreee請求書ID 60861162 の明細を、Freee明細ID・件名・数量・単価・金額単位で比較する。 Salesforce側の明細を残す・修正する・不足分を追加するのどれが正しいか確認する。","既存請求明細を直接削除せず、Freee原本との差分を確定してから不足明細の追加または誤明細の訂正を行う。 修正後にWorkを再検証し、ステータスが「反映可能」になったことを確認して本反映する。","不可（個別確認が必要）","経理（内容判断）／システム管理者（マスタ・ルール設定）","同じfreee請求書IDのSalesforce請求は存在しますが、すべての請求明細を照合できませんでした。既存の請求明細と移行Workの明細を確認してください。"
"93","高","商品名の類似性不足","MFIW-000176","https://samuraiarchitects.lightning.force.com/lightning/r/Mig_FreeeInvoiceWork__c/a0FRB00000WicaV2AR/view","60861164","INV-0000001327","株式会社イーグランド","株式会社イーグランド","2026-06-20","12100","","CP-00000120","INV-0000000157","knock knock AI_Basicプラン / 数量:1 / 単価:11,000 / 金額:11,000 / 確定:[OLD] Rendery Enterpriseプラン(2025年9月まで)","P03","商品誤紐づけ確認: 「knock knock AI_Basicプラン」 -> 「[OLD] Rendery Enterpriseプラン(2025年9月まで)」","Freee明細「knock knock AI_Basicプラン」を商品「[OLD] Rendery Enterpriseプラン(2025年9月まで)」としてよいか、名称だけでなく単価・数量・契約内容も確認する。","商品対応が正しければ商品マッピングへ正式な別名として登録する。誤りなら確定商品を解除して正しい商品を選択する。 修正後にWorkを再検証し、ステータスが「反映可能」になったことを確認して本反映する。","不可（個別確認が必要）","経理（内容判断）／システム管理者（マスタ・ルール設定）","請求明細の件名と商品マスタ名が類似していないため、請求作成を停止しました。金額一致だけで商品が選ばれている可能性があります。明細「knock knock AI_Basicプラン」の商品マスタを確認してください。"
"94","高","商品名の類似性不足","MFIW-000177","https://samuraiarchitects.lightning.force.com/lightning/r/Mig_FreeeInvoiceWork__c/a0FRB00000WicaW2AR/view","60861166","INV-0000001328","株式会社ハウスプラザ","株式会社ハウスプラザ","2026-06-20","12100","","CP-00000118","INV-0000000158","knock knock AI_Basicプラン / 数量:1 / 単価:11,000 / 金額:11,000 / 確定:[OLD] Rendery Enterpriseプラン(2025年9月まで)","P03","商品誤紐づけ確認: 「knock knock AI_Basicプラン」 -> 「[OLD] Rendery Enterpriseプラン(2025年9月まで)」","Freee明細「knock knock AI_Basicプラン」を商品「[OLD] Rendery Enterpriseプラン(2025年9月まで)」としてよいか、名称だけでなく単価・数量・契約内容も確認する。","商品対応が正しければ商品マッピングへ正式な別名として登録する。誤りなら確定商品を解除して正しい商品を選択する。 修正後にWorkを再検証し、ステータスが「反映可能」になったことを確認して本反映する。","不可（個別確認が必要）","経理（内容判断）／システム管理者（マスタ・ルール設定）","請求明細の件名と商品マスタ名が類似していないため、請求作成を停止しました。金額一致だけで商品が選ばれている可能性があります。明細「knock knock AI_Basicプラン」の商品マスタを確認してください。"
"95","中","契約・契約期間未確定","MFIW-000178","https://samuraiarchitects.lightning.force.com/lightning/r/Mig_FreeeInvoiceWork__c/a0FRB00000WicaX2AR/view","60861167","INV-0000001329","株式会社JR東日本建築設計","株式会社JR東日本建築設計","2026-06-20","8800","","","","Rendery_Pro_月額利用料 / 数量:1 / 単価:8,000 / 金額:8,000 / 確定:Rendery Proプラン","C01","請求区分と契約先: 株式会社JR東日本建築設計 / 請求日: 2026-06-20","取引先「株式会社JR東日本建築設計」の請求が、月契約・年契約・単発請求のどれに該当するか確認する。 既存の有効契約へ紐づけるか、新しいFreee管理契約を作成するか確認する。 請求日 2026-06-20 を含む契約期間を作成または選択してよいか確認する。","確認した商品と請求区分を基に、取引先・商品・件名キーワード・請求区分が一意になるFreee請求契約ルールを登録して有効化する。 修正後にWorkを再検証し、ステータスが「反映可能」になったことを確認して本反映する。","契約ルール登録後に可","経理（内容判断）／システム管理者（マスタ・ルール設定）","契約管理を特定できません。取引先に有効な契約管理があるか確認してください。 / 契約期間を特定できません。請求日を含む契約期間があるか確認してください。"
"96","中","契約・契約期間未確定","MFIW-000179","https://samuraiarchitects.lightning.force.com/lightning/r/Mig_FreeeInvoiceWork__c/a0FRB00000WhTPL2A3/view","60861169","INV-0000001330","アイリスオーヤマ株式会社(空間デザイン部)","アイリスオーヤマ株式会社(空間デザイン部)","2026-06-20","12100","","","","RenderyEnterpriseプラン_月額 / 数量:1 / 単価:11,000 / 金額:11,000 / 確定:[OLD] Rendery Enterpriseプラン(2025年9月まで)","C01","請求区分と契約先: アイリスオーヤマ株式会社(空間デザイン部) / 請求日: 2026-06-20","取引先「アイリスオーヤマ株式会社(空間デザイン部)」の請求が、月契約・年契約・単発請求のどれに該当するか確認する。 既存の有効契約へ紐づけるか、新しいFreee管理契約を作成するか確認する。 請求日 2026-06-20 を含む契約期間を作成または選択してよいか確認する。","確認した商品と請求区分を基に、取引先・商品・件名キーワード・請求区分が一意になるFreee請求契約ルールを登録して有効化する。 修正後にWorkを再検証し、ステータスが「反映可能」になったことを確認して本反映する。","契約ルール登録後に可","経理（内容判断）／システム管理者（マスタ・ルール設定）","契約管理を特定できません。取引先に有効な契約管理があるか確認してください。 / 契約期間を特定できません。請求日を含む契約期間があるか確認してください。"
"97","中","契約・契約期間未確定","MFIW-000180","https://samuraiarchitects.lightning.force.com/lightning/r/Mig_FreeeInvoiceWork__c/a0FRB00000WhTPM2A3/view","60861170","INV-0000001331","アイリスオーヤマ株式会社(ストアソリューション営業部ストアデザインチーム)","アイリスオーヤマ株式会社(ストアソリューション営業部ストアデザインチーム)","2026-06-20","48400","","","","RenderyEnterpriseプラン_月額 / 数量:4 / 単価:11,000 / 金額:44,000 / 確定:[OLD] Rendery Enterpriseプラン(2025年9月まで)","C01","請求区分と契約先: アイリスオーヤマ株式会社(ストアソリューション営業部ストアデザインチーム) / 請求日: 2026-06-20","取引先「アイリスオーヤマ株式会社(ストアソリューション営業部ストアデザインチーム)」の請求が、月契約・年契約・単発請求のどれに該当するか確認する。 既存の有効契約へ紐づけるか、新しいFreee管理契約を作成するか確認する。 請求日 2026-06-20 を含む契約期間を作成または選択してよいか確認する。","確認した商品と請求区分を基に、取引先・商品・件名キーワード・請求区分が一意になるFreee請求契約ルールを登録して有効化する。 修正後にWorkを再検証し、ステータスが「反映可能」になったことを確認して本反映する。","契約ルール登録後に可","経理（内容判断）／システム管理者（マスタ・ルール設定）","契約管理を特定できません。取引先に有効な契約管理があるか確認してください。 / 契約期間を特定できません。請求日を含む契約期間があるか確認してください。"
"98","中","契約・契約期間未確定","MFIW-000181","https://samuraiarchitects.lightning.force.com/lightning/r/Mig_FreeeInvoiceWork__c/a0FRB00000WhTPN2A3/view","60861171","INV-0000001332","九州旅客鉄道株式会社(博多設備区)","九州旅客鉄道株式会社(博多設備区)","2026-06-20","8800","","","","Rendery_Pro_月額利用料 / 数量:1 / 単価:8,000 / 金額:8,000 / 確定:Rendery Proプラン","C01","請求区分と契約先: 九州旅客鉄道株式会社(博多設備区) / 請求日: 2026-06-20","取引先「九州旅客鉄道株式会社(博多設備区)」の請求が、月契約・年契約・単発請求のどれに該当するか確認する。 既存の有効契約へ紐づけるか、新しいFreee管理契約を作成するか確認する。 請求日 2026-06-20 を含む契約期間を作成または選択してよいか確認する。","確認した商品と請求区分を基に、取引先・商品・件名キーワード・請求区分が一意になるFreee請求契約ルールを登録して有効化する。 修正後にWorkを再検証し、ステータスが「反映可能」になったことを確認して本反映する。","契約ルール登録後に可","経理（内容判断）／システム管理者（マスタ・ルール設定）","契約管理を特定できません。取引先に有効な契約管理があるか確認してください。 / 契約期間を特定できません。請求日を含む契約期間があるか確認してください。"
"99","中","契約・契約期間未確定","MFIW-000183","https://samuraiarchitects.lightning.force.com/lightning/r/Mig_FreeeInvoiceWork__c/a0FRB00000WhTPP2A3/view","60861173","INV-0000001334","株式会社デザインアーク","株式会社デザインアーク","2026-06-20","181500","","","","Rendery_Enterpriseプラン / 数量:15 / 単価:11,000 / 金額:165,000 / 確定:Rendery_Enterpriseプラン","C01","請求区分と契約先: 株式会社デザインアーク / 請求日: 2026-06-20","取引先「株式会社デザインアーク」の請求が、月契約・年契約・単発請求のどれに該当するか確認する。 既存の有効契約へ紐づけるか、新しいFreee管理契約を作成するか確認する。 請求日 2026-06-20 を含む契約期間を作成または選択してよいか確認する。","確認した商品と請求区分を基に、取引先・商品・件名キーワード・請求区分が一意になるFreee請求契約ルールを登録して有効化する。 修正後にWorkを再検証し、ステータスが「反映可能」になったことを確認して本反映する。","契約ルール登録後に可","経理（内容判断）／システム管理者（マスタ・ルール設定）","契約管理を特定できません。取引先に有効な契約管理があるか確認してください。 / 契約期間を特定できません。請求日を含む契約期間があるか確認してください。"
"100","中","契約・契約期間未確定","MFIW-000187","https://samuraiarchitects.lightning.force.com/lightning/r/Mig_FreeeInvoiceWork__c/a0FRB00000WhTPT2A3/view","60861179","INV-0000001338","九州旅客鉄道株式会社(建設工事部施設課)","九州旅客鉄道株式会社(建設工事部施設課)","2026-06-20","8800","","","","Rendery_Pro_月額 / 数量:1 / 単価:8,000 / 金額:8,000 / 確定:Rendery Proプラン","C01","請求区分と契約先: 九州旅客鉄道株式会社(建設工事部施設課) / 請求日: 2026-06-20","取引先「九州旅客鉄道株式会社(建設工事部施設課)」の請求が、月契約・年契約・単発請求のどれに該当するか確認する。 既存の有効契約へ紐づけるか、新しいFreee管理契約を作成するか確認する。 請求日 2026-06-20 を含む契約期間を作成または選択してよいか確認する。","確認した商品と請求区分を基に、取引先・商品・件名キーワード・請求区分が一意になるFreee請求契約ルールを登録して有効化する。 修正後にWorkを再検証し、ステータスが「反映可能」になったことを確認して本反映する。","契約ルール登録後に可","経理（内容判断）／システム管理者（マスタ・ルール設定）","契約管理を特定できません。取引先に有効な契約管理があるか確認してください。 / 契約期間を特定できません。請求日を含む契約期間があるか確認してください。"
"101","中","契約・契約期間未確定","MFIW-000189","https://samuraiarchitects.lightning.force.com/lightning/r/Mig_FreeeInvoiceWork__c/a0FRB00000WhTPV2A3/view","60861181","INV-0000001340","東急リゾーツ＆ステイ株式会社","東急リゾーツ＆ステイ株式会社","2026-06-20","48400","","","","Rendery　エンタープライズプラン / 数量:4 / 単価:11,000 / 金額:44,000 / 確定:[OLD] Rendery Enterpriseプラン(2025年9月まで)","C01","請求区分と契約先: 東急リゾーツ＆ステイ株式会社 / 請求日: 2026-06-20","取引先「東急リゾーツ＆ステイ株式会社」の請求が、月契約・年契約・単発請求のどれに該当するか確認する。 既存の有効契約へ紐づけるか、新しいFreee管理契約を作成するか確認する。 請求日 2026-06-20 を含む契約期間を作成または選択してよいか確認する。","確認した商品と請求区分を基に、取引先・商品・件名キーワード・請求区分が一意になるFreee請求契約ルールを登録して有効化する。 修正後にWorkを再検証し、ステータスが「反映可能」になったことを確認して本反映する。","契約ルール登録後に可","経理（内容判断）／システム管理者（マスタ・ルール設定）","契約管理を特定できません。取引先に有効な契約管理があるか確認してください。 / 契約期間を特定できません。請求日を含む契約期間があるか確認してください。"
"102","高","商品名の類似性不足","MFIW-000193","https://samuraiarchitects.lightning.force.com/lightning/r/Mig_FreeeInvoiceWork__c/a0FRB00000WhTPZ2A3/view","60861185","INV-0000001344","株式会社エージェント","株式会社エージェント","2026-06-20","12100","","CP-00000132","INV-0000000142","knock knock AI Basicプラン(月額) / 数量:1 / 単価:11,000 / 金額:11,000 / 確定:[OLD] Rendery Enterpriseプラン(2025年9月まで)","P03","商品誤紐づけ確認: 「knock knock AI Basicプラン(月額)」 -> 「[OLD] Rendery Enterpriseプラン(2025年9月まで)」","Freee明細「knock knock AI Basicプラン(月額)」を商品「[OLD] Rendery Enterpriseプラン(2025年9月まで)」としてよいか、名称だけでなく単価・数量・契約内容も確認する。","商品対応が正しければ商品マッピングへ正式な別名として登録する。誤りなら確定商品を解除して正しい商品を選択する。 修正後にWorkを再検証し、ステータスが「反映可能」になったことを確認して本反映する。","不可（個別確認が必要）","経理（内容判断）／システム管理者（マスタ・ルール設定）","請求明細の件名と商品マスタ名が類似していないため、請求作成を停止しました。金額一致だけで商品が選ばれている可能性があります。明細「knock knock AI Basicプラン(月額)」の商品マスタを確認してください。"
"103","高","既存請求明細との照合不一致","MFIW-000194","https://samuraiarchitects.lightning.force.com/lightning/r/Mig_FreeeInvoiceWork__c/a0FRB00000WhTPa2AN/view","60861186","INV-0000001345","ホームトレードセンター株式会社","ホームトレードセンター株式会社","2026-06-20","12100","","CP-00000151","INV-0000000143","knock knock AI_Basicプラン(月額) / 数量:1 / 単価:11,000 / 金額:11,000 / 確定:knock knock AI Basicプラン(50クレジット)","I01","明細照合: Salesforce請求「INV-0000000143」 / Freee請求書ID 60861186","作成済みSalesforce請求「INV-0000000143」とFreee請求書ID 60861186 の明細を、Freee明細ID・件名・数量・単価・金額単位で比較する。 Salesforce側の明細を残す・修正する・不足分を追加するのどれが正しいか確認する。","既存請求明細を直接削除せず、Freee原本との差分を確定してから不足明細の追加または誤明細の訂正を行う。 修正後にWorkを再検証し、ステータスが「反映可能」になったことを確認して本反映する。","不可（個別確認が必要）","経理（内容判断）／システム管理者（マスタ・ルール設定）","同じfreee請求書IDのSalesforce請求は存在しますが、すべての請求明細を照合できませんでした。既存の請求明細と移行Workの明細を確認してください。"
"104","高","既存請求明細との照合不一致","MFIW-000195","https://samuraiarchitects.lightning.force.com/lightning/r/Mig_FreeeInvoiceWork__c/a0FRB00000WhTPb2AN/view","60861187","INV-0000001346","株式会社アズスタット","株式会社アズスタット","2026-06-20","12100","","CP-00000152","INV-0000000144","knock knock AI_Basicプラン(月額) / 数量:1 / 単価:11,000 / 金額:11,000 / 確定:knock knock AI Basicプラン(50クレジット)","I01","明細照合: Salesforce請求「INV-0000000144」 / Freee請求書ID 60861187","作成済みSalesforce請求「INV-0000000144」とFreee請求書ID 60861187 の明細を、Freee明細ID・件名・数量・単価・金額単位で比較する。 Salesforce側の明細を残す・修正する・不足分を追加するのどれが正しいか確認する。","既存請求明細を直接削除せず、Freee原本との差分を確定してから不足明細の追加または誤明細の訂正を行う。 修正後にWorkを再検証し、ステータスが「反映可能」になったことを確認して本反映する。","不可（個別確認が必要）","経理（内容判断）／システム管理者（マスタ・ルール設定）","同じfreee請求書IDのSalesforce請求は存在しますが、すべての請求明細を照合できませんでした。既存の請求明細と移行Workの明細を確認してください。"
"105","中","契約・契約期間未確定","MFIW-000196","https://samuraiarchitects.lightning.force.com/lightning/r/Mig_FreeeInvoiceWork__c/a0FRB00000WhTPc2AN/view","60861188","INV-0000001347","九州旅客鉄道株式会社(開発工事部)","九州旅客鉄道株式会社(開発工事部)","2026-06-20","8800","","","","Rendery_Pro_月額利用料 / 数量:1 / 単価:8,000 / 金額:8,000 / 確定:Rendery Proプラン","C01","請求区分と契約先: 九州旅客鉄道株式会社(開発工事部) / 請求日: 2026-06-20","取引先「九州旅客鉄道株式会社(開発工事部)」の請求が、月契約・年契約・単発請求のどれに該当するか確認する。 既存の有効契約へ紐づけるか、新しいFreee管理契約を作成するか確認する。 請求日 2026-06-20 を含む契約期間を作成または選択してよいか確認する。","確認した商品と請求区分を基に、取引先・商品・件名キーワード・請求区分が一意になるFreee請求契約ルールを登録して有効化する。 修正後にWorkを再検証し、ステータスが「反映可能」になったことを確認して本反映する。","契約ルール登録後に可","経理（内容判断）／システム管理者（マスタ・ルール設定）","契約管理を特定できません。取引先に有効な契約管理があるか確認してください。 / 契約期間を特定できません。請求日を含む契約期間があるか確認してください。"
"106","中","契約・契約期間未確定","MFIW-000198","https://samuraiarchitects.lightning.force.com/lightning/r/Mig_FreeeInvoiceWork__c/a0FRB00000WhTPe2AN/view","60861191","INV-0000001349","株式会社ＬＩＸＩＬ住宅研究所","株式会社ＬＩＸＩＬ住宅研究所","2026-06-20","8800","","","","Rendery_Pro_月額利用料 / 数量:1 / 単価:8,000 / 金額:8,000 / 確定:Rendery Proプラン","C01","請求区分と契約先: 株式会社ＬＩＸＩＬ住宅研究所 / 請求日: 2026-06-20","取引先「株式会社ＬＩＸＩＬ住宅研究所」の請求が、月契約・年契約・単発請求のどれに該当するか確認する。 既存の有効契約へ紐づけるか、新しいFreee管理契約を作成するか確認する。 請求日 2026-06-20 を含む契約期間を作成または選択してよいか確認する。","確認した商品と請求区分を基に、取引先・商品・件名キーワード・請求区分が一意になるFreee請求契約ルールを登録して有効化する。 修正後にWorkを再検証し、ステータスが「反映可能」になったことを確認して本反映する。","契約ルール登録後に可","経理（内容判断）／システム管理者（マスタ・ルール設定）","契約管理を特定できません。取引先に有効な契約管理があるか確認してください。 / 契約期間を特定できません。請求日を含む契約期間があるか確認してください。"
"107","高","商品名の類似性不足","MFIW-000202","https://samuraiarchitects.lightning.force.com/lightning/r/Mig_FreeeInvoiceWork__c/a0FRB00000WihDM2AZ/view","60901483","INV-0000001353","株式会社大塚商会","株式会社大塚商会","2026-06-20","14080","","CP-00000061","INV-0000000162","Rendery_Pro_月額利用料_注文番号：405342480 / 数量:2 / 単価:6,400 / 金額:12,800 / 確定:[代理販売20%] Rendery Proプラン","P03","商品誤紐づけ確認: 「Rendery_Pro_月額利用料_注文番号：405342480」 -> 「[代理販売20%] Rendery Proプラン」","Freee明細「Rendery_Pro_月額利用料_注文番号：405342480」を商品「[代理販売20%] Rendery Proプラン」としてよいか、名称だけでなく単価・数量・契約内容も確認する。","商品対応が正しければ商品マッピングへ正式な別名として登録する。誤りなら確定商品を解除して正しい商品を選択する。 修正後にWorkを再検証し、ステータスが「反映可能」になったことを確認して本反映する。","不可（個別確認が必要）","経理（内容判断）／システム管理者（マスタ・ルール設定）","請求明細の件名と商品マスタ名が類似していないため、請求作成を停止しました。金額一致だけで商品が選ばれている可能性があります。明細「Rendery_Pro_月額利用料_注文番号：405342480」の商品マスタを確認してください。"
"108","中","契約・契約期間未確定","MFIW-000203","https://samuraiarchitects.lightning.force.com/lightning/r/Mig_FreeeInvoiceWork__c/a0FRB00000WihDN2AZ/view","60904124","INV-0000001354","三菱地所株式会社(DX推進部)","三菱地所株式会社(DX推進部)","2026-06-20","17600","","","","Rendery_Pro_月額利用料 / 数量:2 / 単価:8,000 / 金額:16,000 / 確定:Rendery Proプラン","C01","請求区分と契約先: 三菱地所株式会社(DX推進部) / 請求日: 2026-06-20","取引先「三菱地所株式会社(DX推進部)」の請求が、月契約・年契約・単発請求のどれに該当するか確認する。 既存の有効契約へ紐づけるか、新しいFreee管理契約を作成するか確認する。 請求日 2026-06-20 を含む契約期間を作成または選択してよいか確認する。","確認した商品と請求区分を基に、取引先・商品・件名キーワード・請求区分が一意になるFreee請求契約ルールを登録して有効化する。 修正後にWorkを再検証し、ステータスが「反映可能」になったことを確認して本反映する。","契約ルール登録後に可","経理（内容判断）／システム管理者（マスタ・ルール設定）","契約管理を特定できません。取引先に有効な契約管理があるか確認してください。 / 契約期間を特定できません。請求日を含む契約期間があるか確認してください。"
"109","中","契約・契約期間未確定","MFIW-000204","https://samuraiarchitects.lightning.force.com/lightning/r/Mig_FreeeInvoiceWork__c/a0FRB00000WihDO2AZ/view","60905395","INV-0000001355","野村不動産株式会社","野村不動産株式会社","2026-06-20","198000","","","","Rendery Enterpriseプラン_10アカウント_月額 / 数量:10 / 単価:15,000 / 金額:150,000 / 確定:Rendery Enterpriseプラン || セキュリティオプション（シングルサインオン）_月額 / 数量:1 / 単価:30,000 / 金額:30,000 / 確定:Rendery セキュリティオプション(SSO)_運用費用","C01","請求区分と契約先: 野村不動産株式会社 / 請求日: 2026-06-20","取引先「野村不動産株式会社」の請求が、月契約・年契約・単発請求のどれに該当するか確認する。 既存の有効契約へ紐づけるか、新しいFreee管理契約を作成するか確認する。 請求日 2026-06-20 を含む契約期間を作成または選択してよいか確認する。","確認した商品と請求区分を基に、取引先・商品・件名キーワード・請求区分が一意になるFreee請求契約ルールを登録して有効化する。 修正後にWorkを再検証し、ステータスが「反映可能」になったことを確認して本反映する。","契約ルール登録後に可","経理（内容判断）／システム管理者（マスタ・ルール設定）","契約管理を特定できません。取引先に有効な契約管理があるか確認してください。 / 契約期間を特定できません。請求日を含む契約期間があるか確認してください。"
"110","中","商品未確定","MFIW-000206","https://samuraiarchitects.lightning.force.com/lightning/r/Mig_FreeeInvoiceWork__c/a0FRB00000WihDQ2AZ/view","60906771","INV-0000001357","梅林建設株式会社","梅林建設株式会社","2026-06-20","924000","","CP-00000105","","Rendery Enterpriseプラン5アカウント_年額 / 数量:5 / 単価:180,000 / 金額:900,000 / 確定:[年払] Rendery Enterpriseプラン || 年払い割引 / 数量:5 / 単価:-12,000 / 金額:-60,000 / 商品未候補","P02","商品選択: 「年払い割引」","明細「年払い割引」（数量 5、単価 -12,000 円）に対応する商品マスタを選ぶ。該当商品がなければ、汎用商品への集約か商品マスタ追加かを判断する。","確定商品マスタを設定する。今後も同じ明細名が発生する場合は、Freee請求明細商品マッピングも登録する。 修正後にWorkを再検証し、ステータスが「反映可能」になったことを確認して本反映する。","商品確定後に可","経理（内容判断）／システム管理者（マスタ・ルール設定）","商品マスタが未確定の請求明細Workがあります。候補商品を確認し、商品マスタを確定してください。"
"111","中","契約・契約期間未確定","MFIW-000207","https://samuraiarchitects.lightning.force.com/lightning/r/Mig_FreeeInvoiceWork__c/a0FRB00000WihDR2AZ/view","60907136","INV-0000001358","株式会社デザインアーク（東京スペースソリューション第１営業所）","株式会社デザインアーク（東京スペースソリューション第１営業所）","2026-06-20","33000","","","","Rendery Enterpriseプラン_月額 / 数量:2 / 単価:15,000 / 金額:30,000 / 確定:Rendery Enterpriseプラン","C01","請求区分と契約先: 株式会社デザインアーク（東京スペースソリューション第１営業所） / 請求日: 2026-06-20","取引先「株式会社デザインアーク（東京スペースソリューション第１営業所）」の請求が、月契約・年契約・単発請求のどれに該当するか確認する。 既存の有効契約へ紐づけるか、新しいFreee管理契約を作成するか確認する。 請求日 2026-06-20 を含む契約期間を作成または選択してよいか確認する。","確認した商品と請求区分を基に、取引先・商品・件名キーワード・請求区分が一意になるFreee請求契約ルールを登録して有効化する。 修正後にWorkを再検証し、ステータスが「反映可能」になったことを確認して本反映する。","契約ルール登録後に可","経理（内容判断）／システム管理者（マスタ・ルール設定）","契約管理を特定できません。取引先に有効な契約管理があるか確認してください。 / 契約期間を特定できません。請求日を含む契約期間があるか確認してください。"
"112","中","契約・商品未確定","MFIW-000208","https://samuraiarchitects.lightning.force.com/lightning/r/Mig_FreeeInvoiceWork__c/a0FRB00000WihDS2AZ/view","60907570","INV-0000001359","株式会社NTTファシリティーズ","株式会社NTTファシリティーズ","2026-06-20","1650000","","","","Rendery Enterpriseプラン_10アカウント_月払い費用 / 数量:10 / 単価:150,000 / 金額:1,500,000 / 商品未候補","C01,P02","請求区分と契約先: 株式会社NTTファシリティーズ / 請求日: 2026-06-20 || 商品選択: 「Rendery Enterpriseプラン_10アカウント_月払い費用」","取引先「株式会社NTTファシリティーズ」の請求が、月契約・年契約・単発請求のどれに該当するか確認する。 既存の有効契約へ紐づけるか、新しいFreee管理契約を作成するか確認する。 請求日 2026-06-20 を含む契約期間を作成または選択してよいか確認する。 明細「Rendery Enterpriseプラン_10アカウント_月払い費用」（数量 10、単価 150,000 円）に対応する商品マスタを選ぶ。該当商品がなければ、汎用商品への集約か商品マスタ追加かを判断する。","確認した商品と請求区分を基に、取引先・商品・件名キーワード・請求区分が一意になるFreee請求契約ルールを登録して有効化する。 確定商品マスタを設定する。今後も同じ明細名が発生する場合は、Freee請求明細商品マッピングも登録する。 修正後にWorkを再検証し、ステータスが「反映可能」になったことを確認して本反映する。","契約ルール登録後に可","経理（内容判断）／システム管理者（マスタ・ルール設定）","契約管理を特定できません。取引先に有効な契約管理があるか確認してください。 / 契約期間を特定できません。請求日を含む契約期間があるか確認してください。 / 商品マスタが未確定の請求明細Workがあります。候補商品を確認し、商品マスタを確定してください。"
"113","中","契約・契約期間未確定","MFIW-000209","https://samuraiarchitects.lightning.force.com/lightning/r/Mig_FreeeInvoiceWork__c/a0FRB00000WihDT2AZ/view","60946048","INV-0000001360","合同会社小島屋","合同会社小島屋","2026-06-20","8800","","","","Rendery_Proプラン_1アカウント(月額費用) / 数量:1 / 単価:8,000 / 金額:8,000 / 確定:Rendery Proプラン","C01","請求区分と契約先: 合同会社小島屋 / 請求日: 2026-06-20","取引先「合同会社小島屋」の請求が、月契約・年契約・単発請求のどれに該当するか確認する。 既存の有効契約へ紐づけるか、新しいFreee管理契約を作成するか確認する。 請求日 2026-06-20 を含む契約期間を作成または選択してよいか確認する。","確認した商品と請求区分を基に、取引先・商品・件名キーワード・請求区分が一意になるFreee請求契約ルールを登録して有効化する。 修正後にWorkを再検証し、ステータスが「反映可能」になったことを確認して本反映する。","契約ルール登録後に可","経理（内容判断）／システム管理者（マスタ・ルール設定）","契約管理を特定できません。取引先に有効な契約管理があるか確認してください。 / 契約期間を特定できません。請求日を含む契約期間があるか確認してください。"
"114","中","商品未確定","MFIW-000211","https://samuraiarchitects.lightning.force.com/lightning/r/Mig_FreeeInvoiceWork__c/a0FRB00000WihDV2AZ/view","60952602","INV-0000001362","創建ホーム株式会社","創建ホーム株式会社","2026-06-20","1108800","","CP-00000110","","Rendery Enterpriseプラン6アカウント_年払い / 数量:6 / 単価:180,000 / 金額:1,080,000 / 確定:[年払] Rendery Enterpriseプラン || 年払い割引 / 数量:6 / 単価:-12,000 / 金額:-72,000 / 商品未候補","P02","商品選択: 「年払い割引」","明細「年払い割引」（数量 6、単価 -12,000 円）に対応する商品マスタを選ぶ。該当商品がなければ、汎用商品への集約か商品マスタ追加かを判断する。","確定商品マスタを設定する。今後も同じ明細名が発生する場合は、Freee請求明細商品マッピングも登録する。 修正後にWorkを再検証し、ステータスが「反映可能」になったことを確認して本反映する。","商品確定後に可","経理（内容判断）／システム管理者（マスタ・ルール設定）","商品マスタが未確定の請求明細Workがあります。候補商品を確認し、商品マスタを確定してください。"
"115","中","契約・契約期間未確定","MFIW-000212","https://samuraiarchitects.lightning.force.com/lightning/r/Mig_FreeeInvoiceWork__c/a0FRB00000WihDW2AZ/view","60952846","INV-0000001363","株式会社コスモスイニシア（流通事業部）","株式会社コスモスイニシア（流通事業部）","2026-06-20","165000","","","","Rendery Enterpriseプラン_1アカウント(26年6月-27年3月分) / 数量:10 / 単価:15,000 / 金額:150,000 / 確定:Rendery Enterpriseプラン","C01","請求区分と契約先: 株式会社コスモスイニシア（流通事業部） / 請求日: 2026-06-20","取引先「株式会社コスモスイニシア（流通事業部）」の請求が、月契約・年契約・単発請求のどれに該当するか確認する。 既存の有効契約へ紐づけるか、新しいFreee管理契約を作成するか確認する。 請求日 2026-06-20 を含む契約期間を作成または選択してよいか確認する。","確認した商品と請求区分を基に、取引先・商品・件名キーワード・請求区分が一意になるFreee請求契約ルールを登録して有効化する。 修正後にWorkを再検証し、ステータスが「反映可能」になったことを確認して本反映する。","契約ルール登録後に可","経理（内容判断）／システム管理者（マスタ・ルール設定）","契約管理を特定できません。取引先に有効な契約管理があるか確認してください。 / 契約期間を特定できません。請求日を含む契約期間があるか確認してください。"
"116","高","既存請求明細との照合不一致","MFIW-000213","https://samuraiarchitects.lightning.force.com/lightning/r/Mig_FreeeInvoiceWork__c/a0FRB00000WihDX2AZ/view","60953208","INV-0000001364","株式会社大塚商会","株式会社大塚商会","2026-06-20","84480","","CP-00000061","INV-0000000165","Rendery_Pro_1アカウント年間利用料(アーキデザイン株式会社様) / 数量:12 / 単価:6,400 / 金額:76,800 / 確定:[年払_代理販売20%] Rendery Proプランネンバライ","I01","明細照合: Salesforce請求「INV-0000000165」 / Freee請求書ID 60953208","作成済みSalesforce請求「INV-0000000165」とFreee請求書ID 60953208 の明細を、Freee明細ID・件名・数量・単価・金額単位で比較する。 Salesforce側の明細を残す・修正する・不足分を追加するのどれが正しいか確認する。","既存請求明細を直接削除せず、Freee原本との差分を確定してから不足明細の追加または誤明細の訂正を行う。 修正後にWorkを再検証し、ステータスが「反映可能」になったことを確認して本反映する。","不可（個別確認が必要）","経理（内容判断）／システム管理者（マスタ・ルール設定）","同じfreee請求書IDのSalesforce請求は存在しますが、すべての請求明細を照合できませんでした。既存の請求明細と移行Workの明細を確認してください。"
"117","中","その他","MFIW-000215","https://samuraiarchitects.lightning.force.com/lightning/r/Mig_FreeeInvoiceWork__c/a0FRB00000WihDZ2AZ/view","60953721","INV-0000001366","三菱地所レジデンス株式会社","三菱地所レジデンス株式会社","2026-06-20","52800","","CP-00000069","","Rendery Enterpriseプラン_3アカウント_月払い / 数量:3 / 単価:16,000 / 金額:48,000 / 確定:Rendery_Enterpriseプラン","O01","検証メッセージを確認","検証メッセージとFreee原本を比較し、停止理由が解消しているか確認する。","修正後にWorkを再検証し、ステータスが「反映可能」になったことを確認して本反映する。","再検証後に可","経理（内容判断）／システム管理者（マスタ・ルール設定）","商品マスタが未確定の請求明細Workがあります。候補商品を確認し、商品マスタを確定してください。"
"118","中","契約・商品未確定","MFIW-000156","https://samuraiarchitects.lightning.force.com/lightning/r/Mig_FreeeInvoiceWork__c/a0FRB00000WieAb2AJ/view","61438597","INV-0000001370","コクヨ株式会社 ワークプレイス事業本部 スペースソリューション本部","コクヨ株式会社 ワークプレイス事業本部 スペースソリューション本部","2026-06-25","544500","","","","パースディレクション / 数量:1 / 単価:495,000 / 金額:495,000 / 商品未候補 || ※パース製作も含む / 数量:- / 単価:- / 金額:- / 商品未候補","C01,P02","請求区分と契約先: コクヨ株式会社 ワークプレイス事業本部 スペースソリューション本部 / 請求日: 2026-06-25 || 商品選択: 「パースディレクション」 || 商品選択: 「※パース製作も含む」","取引先「コクヨ株式会社 ワークプレイス事業本部 スペースソリューション本部」の請求が、月契約・年契約・単発請求のどれに該当するか確認する。 既存の有効契約へ紐づけるか、新しいFreee管理契約を作成するか確認する。 請求日 2026-06-25 を含む契約期間を作成または選択してよいか確認する。 明細「パースディレクション」（数量 1、単価 495,000 円）に対応する商品マスタを選ぶ。該当商品がなければ、汎用商品への集約か商品マスタ追加かを判断する。 明細「※パース製作も含む」（数量 -、単価 - 円）に対応する商品マスタを選ぶ。該当商品がなければ、汎用商品への集約か商品マスタ追加かを判断する。","確認した商品と請求区分を基に、取引先・商品・件名キーワード・請求区分が一意になるFreee請求契約ルールを登録して有効化する。 確定商品マスタを設定する。今後も同じ明細名が発生する場合は、Freee請求明細商品マッピングも登録する。 修正後にWorkを再検証し、ステータスが「反映可能」になったことを確認して本反映する。","契約ルール登録後に可","経理（内容判断）／システム管理者（マスタ・ルール設定）","契約管理を特定できません。取引先に有効な契約管理があるか確認してください。 / 契約期間を特定できません。請求日を含む契約期間があるか確認してください。 / 商品マスタが未確定の請求明細Workがあります。候補商品を確認し、商品マスタを確定してください。"
"119","中","契約・商品未確定","MFIW-000157","https://samuraiarchitects.lightning.force.com/lightning/r/Mig_FreeeInvoiceWork__c/a0FRB00000Wi6a42AB/view","61466312","INV-0000001371","株式会社コスモスイニシア","株式会社コスモスイニシア","2026-06-26","440000","","","","プロポーザルに関するディレクション業務（着手金） / 数量:1 / 単価:400,000 / 金額:400,000 / 商品未候補","C01,P02","請求区分と契約先: 株式会社コスモスイニシア / 請求日: 2026-06-26 || 商品選択: 「プロポーザルに関するディレクション業務（着手金）」","取引先「株式会社コスモスイニシア」の請求が、月契約・年契約・単発請求のどれに該当するか確認する。 既存の有効契約へ紐づけるか、新しいFreee管理契約を作成するか確認する。 請求日 2026-06-26 を含む契約期間を作成または選択してよいか確認する。 明細「プロポーザルに関するディレクション業務（着手金）」（数量 1、単価 400,000 円）に対応する商品マスタを選ぶ。該当商品がなければ、汎用商品への集約か商品マスタ追加かを判断する。","確認した商品と請求区分を基に、取引先・商品・件名キーワード・請求区分が一意になるFreee請求契約ルールを登録して有効化する。 確定商品マスタを設定する。今後も同じ明細名が発生する場合は、Freee請求明細商品マッピングも登録する。 修正後にWorkを再検証し、ステータスが「反映可能」になったことを確認して本反映する。","契約ルール登録後に可","経理（内容判断）／システム管理者（マスタ・ルール設定）","契約管理を特定できません。取引先に有効な契約管理があるか確認してください。 / 契約期間を特定できません。請求日を含む契約期間があるか確認してください。 / 商品マスタが未確定の請求明細Workがあります。候補商品を確認し、商品マスタを確定してください。"
"120","中","契約・商品未確定","MFIW-000150","https://samuraiarchitects.lightning.force.com/lightning/r/Mig_FreeeInvoiceWork__c/a0FRB00000Wi4gd2AB/view","61624916","INV-0000001372","株式会社オリバー","株式会社オリバー","2026-06-29","3300000","","","","着手金として / 数量:1 / 単価:3,000,000 / 金額:3,000,000 / 商品未候補","C01,P02","請求区分と契約先: 株式会社オリバー / 請求日: 2026-06-29 || 商品選択: 「着手金として」","取引先「株式会社オリバー」の請求が、月契約・年契約・単発請求のどれに該当するか確認する。 既存の有効契約へ紐づけるか、新しいFreee管理契約を作成するか確認する。 請求日 2026-06-29 を含む契約期間を作成または選択してよいか確認する。 明細「着手金として」（数量 1、単価 3,000,000 円）に対応する商品マスタを選ぶ。該当商品がなければ、汎用商品への集約か商品マスタ追加かを判断する。","確認した商品と請求区分を基に、取引先・商品・件名キーワード・請求区分が一意になるFreee請求契約ルールを登録して有効化する。 確定商品マスタを設定する。今後も同じ明細名が発生する場合は、Freee請求明細商品マッピングも登録する。 修正後にWorkを再検証し、ステータスが「反映可能」になったことを確認して本反映する。","契約ルール登録後に可","経理（内容判断）／システム管理者（マスタ・ルール設定）","契約管理を特定できません。取引先に有効な契約管理があるか確認してください。 / 契約期間を特定できません。請求日を含む契約期間があるか確認してください。 / 商品マスタが未確定の請求明細Workがあります。候補商品を確認し、商品マスタを確定してください。"
"121","中","契約・商品未確定","MFIW-000151","https://samuraiarchitects.lightning.force.com/lightning/r/Mig_FreeeInvoiceWork__c/a0FRB00000Wi4ge2AB/view","61633340","INV-0000001373","株式会社ＬＩＸＩＬ","株式会社ＬＩＸＩＬ","2026-06-29","13624600","","","","AIによる空間提案ツール開発 （2026年6⽉-9⽉） / 数量:- / 単価:- / 金額:- / 商品未候補 || 要件定義・コンサルティング / 数量:1 / 単価:1,600,000 / 金額:1,600,000 / 商品未候補 || UX/UIデザイン / 数量:1 / 単価:1,200,000 / 金額:1,200,000 / 商品未候補 || フロントエンド開発 / 数量:1 / 単価:2,500,000 / 金額:2,500,000 / 商品未候補 || AI画像⽣成パイプライン / 数量:1 / 単価:1,000,000 / 金額:1,000,000 / 商品未候補 || バックエンド/API開発 / 数量:1 / 単価:3,200,000 / 金額:3,200,000 / 商品未候補 || テスト・品質保証 / 数量:1 / 単価:600,000 / 金額:600,000 / 商品未候補 || PM・運⽤準備 / 数量:1 / 単価:1,600,000 / 金額:1,600,000 / 商品未候補 || システム保守運⽤費⽤ （2026年9⽉-2027年3⽉） / 数量:- / 単価:- / 金額:- / 商品未候補 || 保守費用 / 数量:7 / 単価:50,000 / 金額:350,000 / 確定:Rendery セキュリティオプション(ドメイン制限)_初期費用 || AI 画像⽣成 API 費⽤ ※1000組×1組当たり4枚画像⽣成想定 / 数量:7 / 単価:48,000 / 金額:336,000 / 商品未候補","C01,P02","請求区分と契約先: 株式会社ＬＩＸＩＬ / 請求日: 2026-06-29 || 商品選択: 「AIによる空間提案ツール開発 （2026年6⽉-9⽉）」 || 商品選択: 「要件定義・コンサルティング」 || 商品選択: 「UX/UIデザイン」 || 商品選択: 「フロントエンド開発」 || 商品選択: 「AI画像⽣成パイプライン」 || 商品選択: 「バックエンド/API開発」 || 商品選択: 「テスト・品質保証」 || 商品選択: 「PM・運⽤準備」 || 商品選択: 「システム保守運⽤費⽤ （2026年9⽉-2027年3⽉）」 || 商品選択: 「AI 画像⽣成 API 費⽤ ※1000組×1組当たり4枚画像⽣成想定」","取引先「株式会社ＬＩＸＩＬ」の請求が、月契約・年契約・単発請求のどれに該当するか確認する。 既存の有効契約へ紐づけるか、新しいFreee管理契約を作成するか確認する。 請求日 2026-06-29 を含む契約期間を作成または選択してよいか確認する。 明細「AIによる空間提案ツール開発 （2026年6⽉-9⽉）」（数量 -、単価 - 円）に対応する商品マスタを選ぶ。該当商品がなければ、汎用商品への集約か商品マスタ追加かを判断する。 明細「要件定義・コンサルティング」（数量 1、単価 1,600,000 円）に対応する商品マスタを選ぶ。該当商品がなければ、汎用商品への集約か商品マスタ追加かを判断する。 明細「UX/UIデザイン」（数量 1、単価 1,200,000 円）に対応する商品マスタを選ぶ。該当商品がなければ、汎用商品への集約か商品マスタ追加かを判断する。 明細「フロントエンド開発」（数量 1、単価 2,500,000 円）に対応する商品マスタを選ぶ。該当商品がなければ、汎用商品への集約か商品マスタ追加かを判断する。 明細「AI画像⽣成パイプライン」（数量 1、単価 1,000,000 円）に対応する商品マスタを選ぶ。該当商品がなければ、汎用商品への集約か商品マスタ追加かを判断する。 明細「バックエンド/API開発」（数量 1、単価 3,200,000 円）に対応する商品マスタを選ぶ。該当商品がなければ、汎用商品への集約か商品マスタ追加かを判断する。 明細「テスト・品質保証」（数量 1、単価 600,000 円）に対応する商品マスタを選ぶ。該当商品がなければ、汎用商品への集約か商品マスタ追加かを判断する。 明細「PM・運⽤準備」（数量 1、単価 1,600,000 円）に対応する商品マスタを選ぶ。該当商品がなければ、汎用商品への集約か商品マスタ追加かを判断する。 明細「システム保守運⽤費⽤ （2026年9⽉-2027年3⽉）」（数量 -、単価 - 円）に対応する商品マスタを選ぶ。該当商品がなければ、汎用商品への集約か商品マスタ追加かを判断する。 明細「AI 画像⽣成 API 費⽤ ※1000組×1組当たり4枚画像⽣成想定」（数量 7、単価 48,000 円）に対応する商品マスタを選ぶ。該当商品がなければ、汎用商品への集約か商品マスタ追加かを判断する。","確認した商品と請求区分を基に、取引先・商品・件名キーワード・請求区分が一意になるFreee請求契約ルールを登録して有効化する。 確定商品マスタを設定する。今後も同じ明細名が発生する場合は、Freee請求明細商品マッピングも登録する。 修正後にWorkを再検証し、ステータスが「反映可能」になったことを確認して本反映する。","契約ルール登録後に可","経理（内容判断）／システム管理者（マスタ・ルール設定）","契約管理を特定できません。取引先に有効な契約管理があるか確認してください。 / 契約期間を特定できません。請求日を含む契約期間があるか確認してください。 / 商品マスタが未確定の請求明細Workがあります。候補商品を確認し、商品マスタを確定してください。"
"122","中","契約・商品未確定","MFIW-000152","https://samuraiarchitects.lightning.force.com/lightning/r/Mig_FreeeInvoiceWork__c/a0FRB00000Wi4gf2AB/view","61633945","INV-0000001374","株式会社ＬＩＸＩＬ","株式会社ＬＩＸＩＬ","2026-06-29","3861000","","","","着手金 / 数量:1 / 単価:3,510,000 / 金額:3,510,000 / 商品未候補","C01,P02","請求区分と契約先: 株式会社ＬＩＸＩＬ / 請求日: 2026-06-29 || 商品選択: 「着手金」","取引先「株式会社ＬＩＸＩＬ」の請求が、月契約・年契約・単発請求のどれに該当するか確認する。 既存の有効契約へ紐づけるか、新しいFreee管理契約を作成するか確認する。 請求日 2026-06-29 を含む契約期間を作成または選択してよいか確認する。 明細「着手金」（数量 1、単価 3,510,000 円）に対応する商品マスタを選ぶ。該当商品がなければ、汎用商品への集約か商品マスタ追加かを判断する。","確認した商品と請求区分を基に、取引先・商品・件名キーワード・請求区分が一意になるFreee請求契約ルールを登録して有効化する。 確定商品マスタを設定する。今後も同じ明細名が発生する場合は、Freee請求明細商品マッピングも登録する。 修正後にWorkを再検証し、ステータスが「反映可能」になったことを確認して本反映する。","契約ルール登録後に可","経理（内容判断）／システム管理者（マスタ・ルール設定）","契約管理を特定できません。取引先に有効な契約管理があるか確認してください。 / 契約期間を特定できません。請求日を含む契約期間があるか確認してください。 / 商品マスタが未確定の請求明細Workがあります。候補商品を確認し、商品マスタを確定してください。"
"123","中","契約・商品未確定","MFIW-000153","https://samuraiarchitects.lightning.force.com/lightning/r/Mig_FreeeInvoiceWork__c/a0FRB00000WiSXe2AN/view","62159546","INV-0000001375","クウジット株式会社","クウジット株式会社","2026-07-02","247500","","","","システム保守運用費＿2026年4-6月度 / 数量:1 / 単価:225,000 / 金額:225,000 / 商品未候補","C01,P02","請求区分と契約先: クウジット株式会社 / 請求日: 2026-07-02 || 商品選択: 「システム保守運用費＿2026年4-6月度」","取引先「クウジット株式会社」の請求が、月契約・年契約・単発請求のどれに該当するか確認する。 既存の有効契約へ紐づけるか、新しいFreee管理契約を作成するか確認する。 請求日 2026-07-02 を含む契約期間を作成または選択してよいか確認する。 明細「システム保守運用費＿2026年4-6月度」（数量 1、単価 225,000 円）に対応する商品マスタを選ぶ。該当商品がなければ、汎用商品への集約か商品マスタ追加かを判断する。","確認した商品と請求区分を基に、取引先・商品・件名キーワード・請求区分が一意になるFreee請求契約ルールを登録して有効化する。 確定商品マスタを設定する。今後も同じ明細名が発生する場合は、Freee請求明細商品マッピングも登録する。 修正後にWorkを再検証し、ステータスが「反映可能」になったことを確認して本反映する。","契約ルール登録後に可","経理（内容判断）／システム管理者（マスタ・ルール設定）","契約管理を特定できません。取引先に有効な契約管理があるか確認してください。 / 契約期間を特定できません。請求日を含む契約期間があるか確認してください。 / 商品マスタが未確定の請求明細Workがあります。候補商品を確認し、商品マスタを確定してください。"
"124","中","商品未確定","MFIW-000154","https://samuraiarchitects.lightning.force.com/lightning/r/Mig_FreeeInvoiceWork__c/a0FRB00000Wic2L2AR/view","62334543","INV-0000001376","梅林建設株式会社","梅林建設株式会社","2026-07-03","72630","","CP-00000105","","交通費 / 数量:1 / 単価:72,630 / 金額:66,028 / 商品未候補","P02","商品選択: 「交通費」","明細「交通費」（数量 1、単価 72,630 円）に対応する商品マスタを選ぶ。該当商品がなければ、汎用商品への集約か商品マスタ追加かを判断する。","確定商品マスタを設定する。今後も同じ明細名が発生する場合は、Freee請求明細商品マッピングも登録する。 修正後にWorkを再検証し、ステータスが「反映可能」になったことを確認して本反映する。","商品確定後に可","経理（内容判断）／システム管理者（マスタ・ルール設定）","商品マスタが未確定の請求明細Workがあります。候補商品を確認し、商品マスタを確定してください。"
"125","中","契約・商品未確定","MFIW-000373","https://samuraiarchitects.lightning.force.com/lightning/r/Mig_FreeeInvoiceWork__c/a0FRB00000XX8tV2AT/view","62557474","INV-0000001379","愛知建築士会","愛知建築士会","2026-07-07","127800","","","","講師費 / 数量:1 / 単価:60,000 / 金額:54,546 / 商品未候補 || 交通費（往復） / 数量:3 / 単価:22,600 / 金額:61,636 / 商品未候補","C01,P02","請求区分と契約先: 愛知建築士会 / 請求日: 2026-07-07 || 商品選択: 「講師費」 || 商品選択: 「交通費（往復）」","取引先「愛知建築士会」の請求が、月契約・年契約・単発請求のどれに該当するか確認する。 既存の有効契約へ紐づけるか、新しいFreee管理契約を作成するか確認する。 請求日 2026-07-07 を含む契約期間を作成または選択してよいか確認する。 明細「講師費」（数量 1、単価 60,000 円）に対応する商品マスタを選ぶ。該当商品がなければ、汎用商品への集約か商品マスタ追加かを判断する。 明細「交通費（往復）」（数量 3、単価 22,600 円）に対応する商品マスタを選ぶ。該当商品がなければ、汎用商品への集約か商品マスタ追加かを判断する。","確認した商品と請求区分を基に、取引先・商品・件名キーワード・請求区分が一意になるFreee請求契約ルールを登録して有効化する。 確定商品マスタを設定する。今後も同じ明細名が発生する場合は、Freee請求明細商品マッピングも登録する。 修正後にWorkを再検証し、ステータスが「反映可能」になったことを確認して本反映する。","契約ルール登録後に可","経理（内容判断）／システム管理者（マスタ・ルール設定）","契約管理を特定できません。取引先に有効な契約管理があるか確認してください。 / 契約期間を特定できません。請求日を含む契約期間があるか確認してください。 / 商品マスタが未確定の請求明細Workがあります。候補商品を確認し、商品マスタを確定してください。"
"126","中","契約・商品未確定","MFIW-000374","https://samuraiarchitects.lightning.force.com/lightning/r/Mig_FreeeInvoiceWork__c/a0FRB00000YomM12AJ/view","62989809","INV-0000001380","野村不動産株式会社","野村不動産株式会社","2026-07-14","495000","","","","外観モデル / 数量:6 / 単価:75,000 / 金額:450,000 / 商品未候補","C01,P02","請求区分と契約先: 野村不動産株式会社 / 請求日: 2026-07-14 || 商品選択: 「外観モデル」","取引先「野村不動産株式会社」の請求が、月契約・年契約・単発請求のどれに該当するか確認する。 既存の有効契約へ紐づけるか、新しいFreee管理契約を作成するか確認する。 請求日 2026-07-14 を含む契約期間を作成または選択してよいか確認する。 明細「外観モデル」（数量 6、単価 75,000 円）に対応する商品マスタを選ぶ。該当商品がなければ、汎用商品への集約か商品マスタ追加かを判断する。","確認した商品と請求区分を基に、取引先・商品・件名キーワード・請求区分が一意になるFreee請求契約ルールを登録して有効化する。 確定商品マスタを設定する。今後も同じ明細名が発生する場合は、Freee請求明細商品マッピングも登録する。 修正後にWorkを再検証し、ステータスが「反映可能」になったことを確認して本反映する。","契約ルール登録後に可","経理（内容判断）／システム管理者（マスタ・ルール設定）","契約管理を特定できません。取引先に有効な契約管理があるか確認してください。 / 契約期間を特定できません。請求日を含む契約期間があるか確認してください。 / 商品マスタが未確定の請求明細Workがあります。候補商品を確認し、商品マスタを確定してください。"
"127","中","契約・契約期間未確定","MFIW-000375","https://samuraiarchitects.lightning.force.com/lightning/r/Mig_FreeeInvoiceWork__c/a0FRB00000Ypg4s2AB/view","63077917","INV-0000001381","三井不動産レジデンシャルリース株式会社(ソリューション推進部)","三井不動産レジデンシャルリース株式会社(ソリューション推進部)","2026-07-20","145200","","","","Rendery Enterpriseプラン_月額 / 数量:12 / 単価:11,000 / 金額:132,000 / 確定:[OLD] Rendery Enterpriseプラン(2025年9月まで)","C01","請求区分と契約先: 三井不動産レジデンシャルリース株式会社(ソリューション推進部) / 請求日: 2026-07-20","取引先「三井不動産レジデンシャルリース株式会社(ソリューション推進部)」の請求が、月契約・年契約・単発請求のどれに該当するか確認する。 既存の有効契約へ紐づけるか、新しいFreee管理契約を作成するか確認する。 請求日 2026-07-20 を含む契約期間を作成または選択してよいか確認する。","確認した商品と請求区分を基に、取引先・商品・件名キーワード・請求区分が一意になるFreee請求契約ルールを登録して有効化する。 修正後にWorkを再検証し、ステータスが「反映可能」になったことを確認して本反映する。","契約ルール登録後に可","経理（内容判断）／システム管理者（マスタ・ルール設定）","契約管理を特定できません。取引先に有効な契約管理があるか確認してください。 / 契約期間を特定できません。請求日を含む契約期間があるか確認してください。"
"128","中","契約・契約期間未確定","MFIW-000377","https://samuraiarchitects.lightning.force.com/lightning/r/Mig_FreeeInvoiceWork__c/a0FRB00000Ypg4u2AB/view","63077927","INV-0000001383","株式会社三越伊勢丹プロパティ・デザイン","株式会社三越伊勢丹プロパティ・デザイン","2026-07-20","52800","","","","Rendery_Pro_月額利用料 / 数量:6 / 単価:8,000 / 金額:48,000 / 確定:Rendery Proプラン","C01","請求区分と契約先: 株式会社三越伊勢丹プロパティ・デザイン / 請求日: 2026-07-20","取引先「株式会社三越伊勢丹プロパティ・デザイン」の請求が、月契約・年契約・単発請求のどれに該当するか確認する。 既存の有効契約へ紐づけるか、新しいFreee管理契約を作成するか確認する。 請求日 2026-07-20 を含む契約期間を作成または選択してよいか確認する。","確認した商品と請求区分を基に、取引先・商品・件名キーワード・請求区分が一意になるFreee請求契約ルールを登録して有効化する。 修正後にWorkを再検証し、ステータスが「反映可能」になったことを確認して本反映する。","契約ルール登録後に可","経理（内容判断）／システム管理者（マスタ・ルール設定）","契約管理を特定できません。取引先に有効な契約管理があるか確認してください。 / 契約期間を特定できません。請求日を含む契約期間があるか確認してください。"
"129","中","契約・商品未確定","MFIW-000378","https://samuraiarchitects.lightning.force.com/lightning/r/Mig_FreeeInvoiceWork__c/a0FRB00000Ypg4v2AB/view","63077930","INV-0000001384","株式会社アールシーコア","株式会社アールシーコア","2026-07-20","275000","","","","Rendery Enterpriseプラン10アカウント_月額 / 数量:10 / 単価:15,000 / 金額:150,000 / 確定:Rendery Enterpriseプラン || セキュリティオプション+_運用費用_月額 / 数量:1 / 単価:100,000 / 金額:100,000 / 候補:Rendery セキュリティオプション(SSO)_初期費用","C01,P02","請求区分と契約先: 株式会社アールシーコア / 請求日: 2026-07-20 || 商品選択: 「セキュリティオプション+_運用費用_月額」","取引先「株式会社アールシーコア」の請求が、月契約・年契約・単発請求のどれに該当するか確認する。 既存の有効契約へ紐づけるか、新しいFreee管理契約を作成するか確認する。 請求日 2026-07-20 を含む契約期間を作成または選択してよいか確認する。 明細「セキュリティオプション+_運用費用_月額」（数量 1、単価 100,000 円）に対応する商品マスタを選ぶ。該当商品がなければ、汎用商品への集約か商品マスタ追加かを判断する。","確認した商品と請求区分を基に、取引先・商品・件名キーワード・請求区分が一意になるFreee請求契約ルールを登録して有効化する。 確定商品マスタを設定する。今後も同じ明細名が発生する場合は、Freee請求明細商品マッピングも登録する。 修正後にWorkを再検証し、ステータスが「反映可能」になったことを確認して本反映する。","契約ルール登録後に可","経理（内容判断）／システム管理者（マスタ・ルール設定）","契約管理を特定できません。取引先に有効な契約管理があるか確認してください。 / 契約期間を特定できません。請求日を含む契約期間があるか確認してください。 / 商品マスタが未確定の請求明細Workがあります。候補商品を確認し、商品マスタを確定してください。"
"130","中","契約・契約期間未確定","MFIW-000381","https://samuraiarchitects.lightning.force.com/lightning/r/Mig_FreeeInvoiceWork__c/a0FRB00000Ypg4y2AB/view","63077938","INV-0000001387","株式会社錢高組","株式会社錢高組","2026-07-20","26400","","","","Rendery_Pro_3アカウント_月額費用 / 数量:3 / 単価:8,000 / 金額:24,000 / 確定:Rendery Proプラン","C01","請求区分と契約先: 株式会社錢高組 / 請求日: 2026-07-20","取引先「株式会社錢高組」の請求が、月契約・年契約・単発請求のどれに該当するか確認する。 既存の有効契約へ紐づけるか、新しいFreee管理契約を作成するか確認する。 請求日 2026-07-20 を含む契約期間を作成または選択してよいか確認する。","確認した商品と請求区分を基に、取引先・商品・件名キーワード・請求区分が一意になるFreee請求契約ルールを登録して有効化する。 修正後にWorkを再検証し、ステータスが「反映可能」になったことを確認して本反映する。","契約ルール登録後に可","経理（内容判断）／システム管理者（マスタ・ルール設定）","契約管理を特定できません。取引先に有効な契約管理があるか確認してください。 / 契約期間を特定できません。請求日を含む契約期間があるか確認してください。"
"131","中","契約・契約期間未確定","MFIW-000386","https://samuraiarchitects.lightning.force.com/lightning/r/Mig_FreeeInvoiceWork__c/a0FRB00000YptF02AJ/view","63077950","INV-0000001392","柏井建設株式会社","柏井建設株式会社","2026-07-20","82500","","","","Rendery Enterpriseプラン5アカウント_月額 / 数量:5 / 単価:15,000 / 金額:75,000 / 確定:Rendery Enterpriseプラン","C01","請求区分と契約先: 柏井建設株式会社 / 請求日: 2026-07-20","取引先「柏井建設株式会社」の請求が、月契約・年契約・単発請求のどれに該当するか確認する。 既存の有効契約へ紐づけるか、新しいFreee管理契約を作成するか確認する。 請求日 2026-07-20 を含む契約期間を作成または選択してよいか確認する。","確認した商品と請求区分を基に、取引先・商品・件名キーワード・請求区分が一意になるFreee請求契約ルールを登録して有効化する。 修正後にWorkを再検証し、ステータスが「反映可能」になったことを確認して本反映する。","契約ルール登録後に可","経理（内容判断）／システム管理者（マスタ・ルール設定）","契約管理を特定できません。取引先に有効な契約管理があるか確認してください。 / 契約期間を特定できません。請求日を含む契約期間があるか確認してください。"
"132","中","商品未確定","MFIW-000388","https://samuraiarchitects.lightning.force.com/lightning/r/Mig_FreeeInvoiceWork__c/a0FRB00000YptF22AJ/view","63077956","INV-0000001394","コンチネンタルホーム株式会社","コンチネンタルホーム株式会社","2026-07-20","44000","","CP-00000285","","Rendery_Proプラン_5アカウント(月額費用) / 数量:5 / 単価:8,000 / 金額:40,000 / 候補:Rendery Proプラン","P01","商品候補確認: 「Rendery_Proプラン_5アカウント(月額費用)」 -> 「Rendery Proプラン」","明細「Rendery_Proプラン_5アカウント(月額費用)」（数量 5、単価 8,000 円）を商品「Rendery Proプラン」としてよいか確認する。","確定商品マスタを設定する。今後も同じ明細名が発生する場合は、Freee請求明細商品マッピングも登録する。 修正後にWorkを再検証し、ステータスが「反映可能」になったことを確認して本反映する。","条件付き可（候補商品が一意であることを確認）","経理（内容判断）／システム管理者（マスタ・ルール設定）","商品マスタが未確定の請求明細Workがあります。候補商品を確認し、商品マスタを確定してください。"
"133","中","契約・商品未確定","MFIW-000398","https://samuraiarchitects.lightning.force.com/lightning/r/Mig_FreeeInvoiceWork__c/a0FRB00000Yq7Em2AJ/view","63077980","INV-0000001404","近鉄不動産株式会社","近鉄不動産株式会社","2026-07-20","308000","","","","[月額費用]Rendery Enterpriseプラン_11アカウント / 数量:12 / 単価:15,000 / 金額:180,000 / 候補:Rendery Enterpriseプラン || [月額費用]セキュリティオプション+_運用費用 / 数量:1 / 単価:100,000 / 金額:100,000 / 候補:Rendery セキュリティオプション(SSO)_初期費用","C01,P01,P02","請求区分と契約先: 近鉄不動産株式会社 / 請求日: 2026-07-20 || 商品候補確認: 「[月額費用]Rendery Enterpriseプラン_11アカウント」 -> 「Rendery Enterpriseプラン」 || 商品選択: 「[月額費用]セキュリティオプション+_運用費用」","取引先「近鉄不動産株式会社」の請求が、月契約・年契約・単発請求のどれに該当するか確認する。 既存の有効契約へ紐づけるか、新しいFreee管理契約を作成するか確認する。 請求日 2026-07-20 を含む契約期間を作成または選択してよいか確認する。 明細「[月額費用]Rendery Enterpriseプラン_11アカウント」（数量 12、単価 15,000 円）を商品「Rendery Enterpriseプラン」としてよいか確認する。 明細「[月額費用]セキュリティオプション+_運用費用」（数量 1、単価 100,000 円）に対応する商品マスタを選ぶ。該当商品がなければ、汎用商品への集約か商品マスタ追加かを判断する。","確認した商品と請求区分を基に、取引先・商品・件名キーワード・請求区分が一意になるFreee請求契約ルールを登録して有効化する。 確定商品マスタを設定する。今後も同じ明細名が発生する場合は、Freee請求明細商品マッピングも登録する。 修正後にWorkを再検証し、ステータスが「反映可能」になったことを確認して本反映する。","契約ルール登録後に可","経理（内容判断）／システム管理者（マスタ・ルール設定）","契約管理を特定できません。取引先に有効な契約管理があるか確認してください。 / 契約期間を特定できません。請求日を含む契約期間があるか確認してください。 / 商品マスタが未確定の請求明細Workがあります。候補商品を確認し、商品マスタを確定してください。"
"134","中","契約・契約期間未確定","MFIW-000401","https://samuraiarchitects.lightning.force.com/lightning/r/Mig_FreeeInvoiceWork__c/a0FRB00000Yq7Ep2AJ/view","63077988","INV-0000001407","株式会社デザインアーク（東京スペースソリューション第１営業所）","株式会社デザインアーク（東京スペースソリューション第１営業所）","2026-07-20","33000","","","","Rendery Enterpriseプラン_月額 / 数量:2 / 単価:15,000 / 金額:30,000 / 確定:Rendery Enterpriseプラン","C01","請求区分と契約先: 株式会社デザインアーク（東京スペースソリューション第１営業所） / 請求日: 2026-07-20","取引先「株式会社デザインアーク（東京スペースソリューション第１営業所）」の請求が、月契約・年契約・単発請求のどれに該当するか確認する。 既存の有効契約へ紐づけるか、新しいFreee管理契約を作成するか確認する。 請求日 2026-07-20 を含む契約期間を作成または選択してよいか確認する。","確認した商品と請求区分を基に、取引先・商品・件名キーワード・請求区分が一意になるFreee請求契約ルールを登録して有効化する。 修正後にWorkを再検証し、ステータスが「反映可能」になったことを確認して本反映する。","契約ルール登録後に可","経理（内容判断）／システム管理者（マスタ・ルール設定）","契約管理を特定できません。取引先に有効な契約管理があるか確認してください。 / 契約期間を特定できません。請求日を含む契約期間があるか確認してください。"
"135","中","契約・契約期間未確定","MFIW-000403","https://samuraiarchitects.lightning.force.com/lightning/r/Mig_FreeeInvoiceWork__c/a0FRB00000Yq7Er2AJ/view","63077993","INV-0000001409","合同会社小島屋","合同会社小島屋","2026-07-20","8800","","","","Rendery_Proプラン_1アカウント(月額費用) / 数量:1 / 単価:8,000 / 金額:8,000 / 確定:Rendery Proプラン","C01","請求区分と契約先: 合同会社小島屋 / 請求日: 2026-07-20","取引先「合同会社小島屋」の請求が、月契約・年契約・単発請求のどれに該当するか確認する。 既存の有効契約へ紐づけるか、新しいFreee管理契約を作成するか確認する。 請求日 2026-07-20 を含む契約期間を作成または選択してよいか確認する。","確認した商品と請求区分を基に、取引先・商品・件名キーワード・請求区分が一意になるFreee請求契約ルールを登録して有効化する。 修正後にWorkを再検証し、ステータスが「反映可能」になったことを確認して本反映する。","契約ルール登録後に可","経理（内容判断）／システム管理者（マスタ・ルール設定）","契約管理を特定できません。取引先に有効な契約管理があるか確認してください。 / 契約期間を特定できません。請求日を含む契約期間があるか確認してください。"
"136","中","その他","MFIW-000404","https://samuraiarchitects.lightning.force.com/lightning/r/Mig_FreeeInvoiceWork__c/a0FRB00000Yq7Es2AJ/view","63077995","INV-0000001410","三菱地所レジデンス株式会社","三菱地所レジデンス株式会社","2026-07-20","52800","","CP-00000069","","Rendery Enterpriseプラン_3アカウント_月払い / 数量:3 / 単価:16,000 / 金額:48,000 / 確定:Rendery_Enterpriseプラン","O01","検証メッセージを確認","検証メッセージとFreee原本を比較し、停止理由が解消しているか確認する。","修正後にWorkを再検証し、ステータスが「反映可能」になったことを確認して本反映する。","再検証後に可","経理（内容判断）／システム管理者（マスタ・ルール設定）","商品マスタが未確定の請求明細Workがあります。候補商品を確認し、商品マスタを確定してください。"
"137","中","契約・商品未確定","MFIW-000405","https://samuraiarchitects.lightning.force.com/lightning/r/Mig_FreeeInvoiceWork__c/a0FRB00000YqK3t2AF/view","63110944","INV-0000001411","株式会社野村工務店","株式会社野村工務店","2026-07-20","1584000","","","","Rendery Enterpriseプラン_10アカウント_月額費用 / 数量:10 / 単価:12,000 / 金額:120,000 / 候補:[代理販売20%] Rendery Enterpriseプラン || Rendery Enterpriseプラン_10アカウント_月額費用 / 数量:10 / 単価:12,000 / 金額:120,000 / 候補:[代理販売20%] Rendery Enterpriseプラン || Rendery Enterpriseプラン_10アカウント_月額費用 / 数量:10 / 単価:12,000 / 金額:120,000 / 候補:[代理販売20%] Rendery Enterpriseプラン || Rendery Enterpriseプラン_10アカウント_月額費用 / 数量:10 / 単価:12,000 / 金額:120,000 / 候補:[代理販売20%] Rendery Enterpriseプラン || Rendery Enterpriseプラン_10アカウント_月額費用 / 数量:10 / 単価:12,000 / 金額:120,000 / 候補:[代理販売20%] Rendery Enterpriseプラン || Rendery Enterpriseプラン_10アカウント_月額費用 / 数量:10 / 単価:12,000 / 金額:120,000 / 候補:[代理販売20%] Rendery Enterpriseプラン || Rendery Enterpriseプラン_10アカウント_月額費用 / 数量:10 / 単価:12,000 / 金額:120,000 / 候補:[代理販売20%] Rendery Enterpriseプラン || Rendery Enterpriseプラン_10アカウント_月額費用 / 数量:10 / 単価:12,000 / 金額:120,000 / 候補:[代理販売20%] Rendery Enterpriseプラン || Rendery Enterpriseプラン_10アカウント_月額費用 / 数量:10 / 単価:12,000 / 金額:120,000 / 候補:[代理販売20%] Rendery Enterpriseプラン || Rendery Enterpriseプラン_10アカウント_月額費用 / 数量:10 / 単価:12,000 / 金額:120,000 / 候補:[代理販売20%] Rendery Enterpriseプラン || Rendery Enterpriseプラン_10アカウント_月額費用 / 数量:10 / 単価:12,000 / 金額:120,000 / 候補:[代理販売20%] Rendery Enterpriseプラン || Rendery Enterpriseプラン_10アカウント_月額費用 / 数量:10 / 単価:12,000 / 金額:120,000 / 候補:[代理販売20%] Rendery Enterpriseプラン","C01,P01","請求区分と契約先: 株式会社野村工務店 / 請求日: 2026-07-20 || 商品候補確認: 「Rendery Enterpriseプラン_10アカウント_月額費用」 -> 「[代理販売20%] Rendery Enterpriseプラン」","取引先「株式会社野村工務店」の請求が、月契約・年契約・単発請求のどれに該当するか確認する。 既存の有効契約へ紐づけるか、新しいFreee管理契約を作成するか確認する。 請求日 2026-07-20 を含む契約期間を作成または選択してよいか確認する。 明細「Rendery Enterpriseプラン_10アカウント_月額費用」（数量 10、単価 12,000 円）を商品「[代理販売20%] Rendery Enterpriseプラン」としてよいか確認する。 明細「Rendery Enterpriseプラン_10アカウント_月額費用」（数量 10、単価 12,000 円）を商品「[代理販売20%] Rendery Enterpriseプラン」としてよいか確認する。 明細「Rendery Enterpriseプラン_10アカウント_月額費用」（数量 10、単価 12,000 円）を商品「[代理販売20%] Rendery Enterpriseプラン」としてよいか確認する。 明細「Rendery Enterpriseプラン_10アカウント_月額費用」（数量 10、単価 12,000 円）を商品「[代理販売20%] Rendery Enterpriseプラン」としてよいか確認する。 明細「Rendery Enterpriseプラン_10アカウント_月額費用」（数量 10、単価 12,000 円）を商品「[代理販売20%] Rendery Enterpriseプラン」としてよいか確認する。 明細「Rendery Enterpriseプラン_10アカウント_月額費用」（数量 10、単価 12,000 円）を商品「[代理販売20%] Rendery Enterpriseプラン」としてよいか確認する。 明細「Rendery Enterpriseプラン_10アカウント_月額費用」（数量 10、単価 12,000 円）を商品「[代理販売20%] Rendery Enterpriseプラン」としてよいか確認する。 明細「Rendery Enterpriseプラン_10アカウント_月額費用」（数量 10、単価 12,000 円）を商品「[代理販売20%] Rendery Enterpriseプラン」としてよいか確認する。 明細「Rendery Enterpriseプラン_10アカウント_月額費用」（数量 10、単価 12,000 円）を商品「[代理販売20%] Rendery Enterpriseプラン」としてよいか確認する。 明細「Rendery Enterpriseプラン_10アカウント_月額費用」（数量 10、単価 12,000 円）を商品「[代理販売20%] Rendery Enterpriseプラン」としてよいか確認する。 明細「Rendery Enterpriseプラン_10アカウント_月額費用」（数量 10、単価 12,000 円）を商品「[代理販売20%] Rendery Enterpriseプラン」としてよいか確認する。 明細「Rendery Enterpriseプラン_10アカウント_月額費用」（数量 10、単価 12,000 円）を商品「[代理販売20%] Rendery Enterpriseプラン」としてよいか確認する。","確認した商品と請求区分を基に、取引先・商品・件名キーワード・請求区分が一意になるFreee請求契約ルールを登録して有効化する。 確定商品マスタを設定する。今後も同じ明細名が発生する場合は、Freee請求明細商品マッピングも登録する。 修正後にWorkを再検証し、ステータスが「反映可能」になったことを確認して本反映する。","契約ルール登録後に可","経理（内容判断）／システム管理者（マスタ・ルール設定）","契約管理を特定できません。取引先に有効な契約管理があるか確認してください。 / 契約期間を特定できません。請求日を含む契約期間があるか確認してください。 / 商品マスタが未確定の請求明細Workがあります。候補商品を確認し、商品マスタを確定してください。"
"138","中","契約・商品未確定","MFIW-000406","https://samuraiarchitects.lightning.force.com/lightning/r/Mig_FreeeInvoiceWork__c/a0FRB00000YqK3u2AF/view","63110969","INV-0000001412","株式会社サンテン・コーポレーション","株式会社サンテン・コーポレーション","2026-07-20","35200","","","","Rendery Proプラン_月額費用 / 数量:4 / 単価:8,000 / 金額:32,000 / 候補:Rendery Proプラン","C01,P01","請求区分と契約先: 株式会社サンテン・コーポレーション / 請求日: 2026-07-20 || 商品候補確認: 「Rendery Proプラン_月額費用」 -> 「Rendery Proプラン」","取引先「株式会社サンテン・コーポレーション」の請求が、月契約・年契約・単発請求のどれに該当するか確認する。 既存の有効契約へ紐づけるか、新しいFreee管理契約を作成するか確認する。 請求日 2026-07-20 を含む契約期間を作成または選択してよいか確認する。 明細「Rendery Proプラン_月額費用」（数量 4、単価 8,000 円）を商品「Rendery Proプラン」としてよいか確認する。","確認した商品と請求区分を基に、取引先・商品・件名キーワード・請求区分が一意になるFreee請求契約ルールを登録して有効化する。 確定商品マスタを設定する。今後も同じ明細名が発生する場合は、Freee請求明細商品マッピングも登録する。 修正後にWorkを再検証し、ステータスが「反映可能」になったことを確認して本反映する。","契約ルール登録後に可","経理（内容判断）／システム管理者（マスタ・ルール設定）","契約管理を特定できません。取引先に有効な契約管理があるか確認してください。 / 契約期間を特定できません。請求日を含む契約期間があるか確認してください。 / 商品マスタが未確定の請求明細Workがあります。候補商品を確認し、商品マスタを確定してください。"
"139","中","契約・商品未確定","MFIW-000407","https://samuraiarchitects.lightning.force.com/lightning/r/Mig_FreeeInvoiceWork__c/a0FRB00000YqK3v2AF/view","63120578","INV-0000001413","株式会社パインウェル","株式会社パインウェル","2026-07-20","8800","","","","Rendery Proプラン（月額） / 数量:1 / 単価:8,000 / 金額:8,000 / 候補:Rendery Proプラン","C01,P01","請求区分と契約先: 株式会社パインウェル / 請求日: 2026-07-20 || 商品候補確認: 「Rendery Proプラン（月額）」 -> 「Rendery Proプラン」","取引先「株式会社パインウェル」の請求が、月契約・年契約・単発請求のどれに該当するか確認する。 既存の有効契約へ紐づけるか、新しいFreee管理契約を作成するか確認する。 請求日 2026-07-20 を含む契約期間を作成または選択してよいか確認する。 明細「Rendery Proプラン（月額）」（数量 1、単価 8,000 円）を商品「Rendery Proプラン」としてよいか確認する。","確認した商品と請求区分を基に、取引先・商品・件名キーワード・請求区分が一意になるFreee請求契約ルールを登録して有効化する。 確定商品マスタを設定する。今後も同じ明細名が発生する場合は、Freee請求明細商品マッピングも登録する。 修正後にWorkを再検証し、ステータスが「反映可能」になったことを確認して本反映する。","契約ルール登録後に可","経理（内容判断）／システム管理者（マスタ・ルール設定）","契約管理を特定できません。取引先に有効な契約管理があるか確認してください。 / 契約期間を特定できません。請求日を含む契約期間があるか確認してください。 / 商品マスタが未確定の請求明細Workがあります。候補商品を確認し、商品マスタを確定してください。"
"140","中","商品未確定","MFIW-000410","https://samuraiarchitects.lightning.force.com/lightning/r/Mig_FreeeInvoiceWork__c/a0FRB00000YqK3y2AF/view","63125575","INV-0000001416","株式会社大塚商会","株式会社大塚商会","2026-07-20","14080","","CP-00000061","","Rendery_Pro_月額利用料_注文番号：405342481 / 数量:2 / 単価:6,400 / 金額:12,800 / 候補:[代理販売20%] Rendery Proプラン","P01","商品候補確認: 「Rendery_Pro_月額利用料_注文番号：405342481」 -> 「[代理販売20%] Rendery Proプラン」","明細「Rendery_Pro_月額利用料_注文番号：405342481」（数量 2、単価 6,400 円）を商品「[代理販売20%] Rendery Proプラン」としてよいか確認する。","確定商品マスタを設定する。今後も同じ明細名が発生する場合は、Freee請求明細商品マッピングも登録する。 修正後にWorkを再検証し、ステータスが「反映可能」になったことを確認して本反映する。","条件付き可（候補商品が一意であることを確認）","経理（内容判断）／システム管理者（マスタ・ルール設定）","商品マスタが未確定の請求明細Workがあります。候補商品を確認し、商品マスタを確定してください。"
"141","中","契約・契約期間未確定","MFIW-000411","https://samuraiarchitects.lightning.force.com/lightning/r/Mig_FreeeInvoiceWork__c/a0FRB00000YqK3z2AF/view","63125666","INV-0000001417","帝国不動産株式会社","帝国不動産株式会社","2026-07-20","52800","","","","Rendery(Pro用)・月額料金 / 数量:6 / 単価:8,000 / 金額:48,000 / 確定:Rendery Proプラン","C01","請求区分と契約先: 帝国不動産株式会社 / 請求日: 2026-07-20","取引先「帝国不動産株式会社」の請求が、月契約・年契約・単発請求のどれに該当するか確認する。 既存の有効契約へ紐づけるか、新しいFreee管理契約を作成するか確認する。 請求日 2026-07-20 を含む契約期間を作成または選択してよいか確認する。","確認した商品と請求区分を基に、取引先・商品・件名キーワード・請求区分が一意になるFreee請求契約ルールを登録して有効化する。 修正後にWorkを再検証し、ステータスが「反映可能」になったことを確認して本反映する。","契約ルール登録後に可","経理（内容判断）／システム管理者（マスタ・ルール設定）","契約管理を特定できません。取引先に有効な契約管理があるか確認してください。 / 契約期間を特定できません。請求日を含む契約期間があるか確認してください。"
"142","中","契約・契約期間未確定","MFIW-000412","https://samuraiarchitects.lightning.force.com/lightning/r/Mig_FreeeInvoiceWork__c/a0FRB00000YqK402AF/view","63125722","INV-0000001418","三菱地所株式会社(DX推進部)","三菱地所株式会社(DX推進部)","2026-07-20","17600","","","","Rendery_Pro_月額利用料 / 数量:2 / 単価:8,000 / 金額:16,000 / 確定:Rendery Proプラン","C01","請求区分と契約先: 三菱地所株式会社(DX推進部) / 請求日: 2026-07-20","取引先「三菱地所株式会社(DX推進部)」の請求が、月契約・年契約・単発請求のどれに該当するか確認する。 既存の有効契約へ紐づけるか、新しいFreee管理契約を作成するか確認する。 請求日 2026-07-20 を含む契約期間を作成または選択してよいか確認する。","確認した商品と請求区分を基に、取引先・商品・件名キーワード・請求区分が一意になるFreee請求契約ルールを登録して有効化する。 修正後にWorkを再検証し、ステータスが「反映可能」になったことを確認して本反映する。","契約ルール登録後に可","経理（内容判断）／システム管理者（マスタ・ルール設定）","契約管理を特定できません。取引先に有効な契約管理があるか確認してください。 / 契約期間を特定できません。請求日を含む契約期間があるか確認してください。"
"143","中","契約・商品未確定","MFIW-000413","https://samuraiarchitects.lightning.force.com/lightning/r/Mig_FreeeInvoiceWork__c/a0FRB00000YqK412AF/view","63126510","INV-0000001419","野村不動産株式会社","野村不動産株式会社","2026-07-20","2244000","","","","Rendery Enterpriseプラン_年払い / 数量:120 / 単価:14,000 / 金額:1,680,000 / 確定:[年払] Rendery Enterpriseプラン || セキュリティオプション(シングルサインオン)月額費用 / 数量:12 / 単価:30,000 / 金額:360,000 / 候補:Rendery セキュリティオプション(SSO)_運用費用","C01,P02","請求区分と契約先: 野村不動産株式会社 / 請求日: 2026-07-20 || 商品選択: 「セキュリティオプション(シングルサインオン)月額費用」","取引先「野村不動産株式会社」の請求が、月契約・年契約・単発請求のどれに該当するか確認する。 既存の有効契約へ紐づけるか、新しいFreee管理契約を作成するか確認する。 請求日 2026-07-20 を含む契約期間を作成または選択してよいか確認する。 明細「セキュリティオプション(シングルサインオン)月額費用」（数量 12、単価 30,000 円）に対応する商品マスタを選ぶ。該当商品がなければ、汎用商品への集約か商品マスタ追加かを判断する。","確認した商品と請求区分を基に、取引先・商品・件名キーワード・請求区分が一意になるFreee請求契約ルールを登録して有効化する。 確定商品マスタを設定する。今後も同じ明細名が発生する場合は、Freee請求明細商品マッピングも登録する。 修正後にWorkを再検証し、ステータスが「反映可能」になったことを確認して本反映する。","契約ルール登録後に可","経理（内容判断）／システム管理者（マスタ・ルール設定）","契約管理を特定できません。取引先に有効な契約管理があるか確認してください。 / 契約期間を特定できません。請求日を含む契約期間があるか確認してください。 / 商品マスタが未確定の請求明細Workがあります。候補商品を確認し、商品マスタを確定してください。"
"144","中","商品未確定","MFIW-000414","https://samuraiarchitects.lightning.force.com/lightning/r/Mig_FreeeInvoiceWork__c/a0FRB00000YqK422AF/view","63127138","INV-0000001420","株式会社大塚商会","株式会社大塚商会","2026-07-20","1584000","","CP-00000061","","Rendery Enterpriseプラン_10アカウント_月額費用 / 数量:10 / 単価:12,000 / 金額:120,000 / 候補:[代理販売20%] Rendery Enterpriseプラン || Rendery Enterpriseプラン_10アカウント_月額費用 / 数量:10 / 単価:12,000 / 金額:120,000 / 候補:[代理販売20%] Rendery Enterpriseプラン || Rendery Enterpriseプラン_10アカウント_月額費用 / 数量:10 / 単価:12,000 / 金額:120,000 / 候補:[代理販売20%] Rendery Enterpriseプラン || Rendery Enterpriseプラン_10アカウント_月額費用 / 数量:10 / 単価:12,000 / 金額:120,000 / 候補:[代理販売20%] Rendery Enterpriseプラン || Rendery Enterpriseプラン_10アカウント_月額費用 / 数量:10 / 単価:12,000 / 金額:120,000 / 候補:[代理販売20%] Rendery Enterpriseプラン || Rendery Enterpriseプラン_10アカウント_月額費用 / 数量:10 / 単価:12,000 / 金額:120,000 / 候補:[代理販売20%] Rendery Enterpriseプラン || Rendery Enterpriseプラン_10アカウント_月額費用 / 数量:10 / 単価:12,000 / 金額:120,000 / 候補:[代理販売20%] Rendery Enterpriseプラン || Rendery Enterpriseプラン_10アカウント_月額費用 / 数量:10 / 単価:12,000 / 金額:120,000 / 候補:[代理販売20%] Rendery Enterpriseプラン || Rendery Enterpriseプラン_10アカウント_月額費用 / 数量:10 / 単価:12,000 / 金額:120,000 / 候補:[代理販売20%] Rendery Enterpriseプラン || Rendery Enterpriseプラン_10アカウント_月額費用 / 数量:10 / 単価:12,000 / 金額:120,000 / 候補:[代理販売20%] Rendery Enterpriseプラン || Rendery Enterpriseプラン_10アカウント_月額費用 / 数量:10 / 単価:12,000 / 金額:120,000 / 候補:[代理販売20%] Rendery Enterpriseプラン || Rendery Enterpriseプラン_10アカウント_月額費用 / 数量:10 / 単価:12,000 / 金額:120,000 / 候補:[代理販売20%] Rendery Enterpriseプラン","P01","商品候補確認: 「Rendery Enterpriseプラン_10アカウント_月額費用」 -> 「[代理販売20%] Rendery Enterpriseプラン」","明細「Rendery Enterpriseプラン_10アカウント_月額費用」（数量 10、単価 12,000 円）を商品「[代理販売20%] Rendery Enterpriseプラン」としてよいか確認する。 明細「Rendery Enterpriseプラン_10アカウント_月額費用」（数量 10、単価 12,000 円）を商品「[代理販売20%] Rendery Enterpriseプラン」としてよいか確認する。 明細「Rendery Enterpriseプラン_10アカウント_月額費用」（数量 10、単価 12,000 円）を商品「[代理販売20%] Rendery Enterpriseプラン」としてよいか確認する。 明細「Rendery Enterpriseプラン_10アカウント_月額費用」（数量 10、単価 12,000 円）を商品「[代理販売20%] Rendery Enterpriseプラン」としてよいか確認する。 明細「Rendery Enterpriseプラン_10アカウント_月額費用」（数量 10、単価 12,000 円）を商品「[代理販売20%] Rendery Enterpriseプラン」としてよいか確認する。 明細「Rendery Enterpriseプラン_10アカウント_月額費用」（数量 10、単価 12,000 円）を商品「[代理販売20%] Rendery Enterpriseプラン」としてよいか確認する。 明細「Rendery Enterpriseプラン_10アカウント_月額費用」（数量 10、単価 12,000 円）を商品「[代理販売20%] Rendery Enterpriseプラン」としてよいか確認する。 明細「Rendery Enterpriseプラン_10アカウント_月額費用」（数量 10、単価 12,000 円）を商品「[代理販売20%] Rendery Enterpriseプラン」としてよいか確認する。 明細「Rendery Enterpriseプラン_10アカウント_月額費用」（数量 10、単価 12,000 円）を商品「[代理販売20%] Rendery Enterpriseプラン」としてよいか確認する。 明細「Rendery Enterpriseプラン_10アカウント_月額費用」（数量 10、単価 12,000 円）を商品「[代理販売20%] Rendery Enterpriseプラン」としてよいか確認する。 明細「Rendery Enterpriseプラン_10アカウント_月額費用」（数量 10、単価 12,000 円）を商品「[代理販売20%] Rendery Enterpriseプラン」としてよいか確認する。 明細「Rendery Enterpriseプラン_10アカウント_月額費用」（数量 10、単価 12,000 円）を商品「[代理販売20%] Rendery Enterpriseプラン」としてよいか確認する。","確定商品マスタを設定する。今後も同じ明細名が発生する場合は、Freee請求明細商品マッピングも登録する。 修正後にWorkを再検証し、ステータスが「反映可能」になったことを確認して本反映する。","条件付き可（候補商品が一意であることを確認）","経理（内容判断）／システム管理者（マスタ・ルール設定）","商品マスタが未確定の請求明細Workがあります。候補商品を確認し、商品マスタを確定してください。"
"145","中","契約・契約期間未確定","MFIW-000415","https://samuraiarchitects.lightning.force.com/lightning/r/Mig_FreeeInvoiceWork__c/a0FRB00000YqSO22AN/view","63128994","INV-0000001421","株式会社ワンズ・レーニア","株式会社ワンズ・レーニア","2026-07-20","82500","","","","Rendery enterpriseプラン / 数量:5 / 単価:15,000 / 金額:75,000 / 確定:Rendery Enterpriseプラン","C01","請求区分と契約先: 株式会社ワンズ・レーニア / 請求日: 2026-07-20","取引先「株式会社ワンズ・レーニア」の請求が、月契約・年契約・単発請求のどれに該当するか確認する。 既存の有効契約へ紐づけるか、新しいFreee管理契約を作成するか確認する。 請求日 2026-07-20 を含む契約期間を作成または選択してよいか確認する。","確認した商品と請求区分を基に、取引先・商品・件名キーワード・請求区分が一意になるFreee請求契約ルールを登録して有効化する。 修正後にWorkを再検証し、ステータスが「反映可能」になったことを確認して本反映する。","契約ルール登録後に可","経理（内容判断）／システム管理者（マスタ・ルール設定）","契約管理を特定できません。取引先に有効な契約管理があるか確認してください。 / 契約期間を特定できません。請求日を含む契約期間があるか確認してください。"
"146","中","契約・商品未確定","MFIW-000421","https://samuraiarchitects.lightning.force.com/lightning/r/Mig_FreeeInvoiceWork__c/a0FRB00000YqSO82AN/view","63150544","INV-0000001427","株式会社ヨコハマ地所","株式会社ヨコハマ地所","2026-07-20","12100","","","","knock knock AI_Basicプラン / 数量:1 / 単価:11,000 / 金額:11,000 / 候補:knock knock AI Basicプラン(50クレジット)","C01,P01","請求区分と契約先: 株式会社ヨコハマ地所 / 請求日: 2026-07-20 || 商品候補確認: 「knock knock AI_Basicプラン」 -> 「knock knock AI Basicプラン(50クレジット)」","取引先「株式会社ヨコハマ地所」の請求が、月契約・年契約・単発請求のどれに該当するか確認する。 既存の有効契約へ紐づけるか、新しいFreee管理契約を作成するか確認する。 請求日 2026-07-20 を含む契約期間を作成または選択してよいか確認する。 明細「knock knock AI_Basicプラン」（数量 1、単価 11,000 円）を商品「knock knock AI Basicプラン(50クレジット)」としてよいか確認する。","確認した商品と請求区分を基に、取引先・商品・件名キーワード・請求区分が一意になるFreee請求契約ルールを登録して有効化する。 確定商品マスタを設定する。今後も同じ明細名が発生する場合は、Freee請求明細商品マッピングも登録する。 修正後にWorkを再検証し、ステータスが「反映可能」になったことを確認して本反映する。","契約ルール登録後に可","経理（内容判断）／システム管理者（マスタ・ルール設定）","契約管理を特定できません。取引先に有効な契約管理があるか確認してください。 / 契約期間を特定できません。請求日を含む契約期間があるか確認してください。 / 商品マスタが未確定の請求明細Workがあります。候補商品を確認し、商品マスタを確定してください。"
"147","中","商品未確定","MFIW-000422","https://samuraiarchitects.lightning.force.com/lightning/r/Mig_FreeeInvoiceWork__c/a0FRB00000YqSO92AN/view","63150545","INV-0000001428","リアルティホールディングス株式会社","リアルティホールディングス株式会社","2026-07-20","175450","","CP-00000126","","knock knock AI_Enterpriseプラン_1200クレジット / 数量:1,100 / 単価:145 / 金額:159,500 / 商品未候補","P02","商品選択: 「knock knock AI_Enterpriseプラン_1200クレジット」","明細「knock knock AI_Enterpriseプラン_1200クレジット」（数量 1,100、単価 145 円）に対応する商品マスタを選ぶ。該当商品がなければ、汎用商品への集約か商品マスタ追加かを判断する。","確定商品マスタを設定する。今後も同じ明細名が発生する場合は、Freee請求明細商品マッピングも登録する。 修正後にWorkを再検証し、ステータスが「反映可能」になったことを確認して本反映する。","商品確定後に可","経理（内容判断）／システム管理者（マスタ・ルール設定）","商品マスタが未確定の請求明細Workがあります。候補商品を確認し、商品マスタを確定してください。"
"148","中","契約・契約期間未確定","MFIW-000426","https://samuraiarchitects.lightning.force.com/lightning/r/Mig_FreeeInvoiceWork__c/a0FRB00000YqLuR2AV/view","63150551","INV-0000001432","株式会社JR東日本建築設計","株式会社JR東日本建築設計","2026-07-20","8800","","","","Rendery_Pro_月額利用料 / 数量:1 / 単価:8,000 / 金額:8,000 / 確定:Rendery Proプラン","C01","請求区分と契約先: 株式会社JR東日本建築設計 / 請求日: 2026-07-20","取引先「株式会社JR東日本建築設計」の請求が、月契約・年契約・単発請求のどれに該当するか確認する。 既存の有効契約へ紐づけるか、新しいFreee管理契約を作成するか確認する。 請求日 2026-07-20 を含む契約期間を作成または選択してよいか確認する。","確認した商品と請求区分を基に、取引先・商品・件名キーワード・請求区分が一意になるFreee請求契約ルールを登録して有効化する。 修正後にWorkを再検証し、ステータスが「反映可能」になったことを確認して本反映する。","契約ルール登録後に可","経理（内容判断）／システム管理者（マスタ・ルール設定）","契約管理を特定できません。取引先に有効な契約管理があるか確認してください。 / 契約期間を特定できません。請求日を含む契約期間があるか確認してください。"
"149","中","契約・契約期間未確定","MFIW-000427","https://samuraiarchitects.lightning.force.com/lightning/r/Mig_FreeeInvoiceWork__c/a0FRB00000YqLuS2AV/view","63150553","INV-0000001433","アイリスオーヤマ株式会社(空間デザイン部)","アイリスオーヤマ株式会社(空間デザイン部)","2026-07-20","12100","","","","RenderyEnterpriseプラン_月額 / 数量:1 / 単価:11,000 / 金額:11,000 / 確定:[OLD] Rendery Enterpriseプラン(2025年9月まで)","C01","請求区分と契約先: アイリスオーヤマ株式会社(空間デザイン部) / 請求日: 2026-07-20","取引先「アイリスオーヤマ株式会社(空間デザイン部)」の請求が、月契約・年契約・単発請求のどれに該当するか確認する。 既存の有効契約へ紐づけるか、新しいFreee管理契約を作成するか確認する。 請求日 2026-07-20 を含む契約期間を作成または選択してよいか確認する。","確認した商品と請求区分を基に、取引先・商品・件名キーワード・請求区分が一意になるFreee請求契約ルールを登録して有効化する。 修正後にWorkを再検証し、ステータスが「反映可能」になったことを確認して本反映する。","契約ルール登録後に可","経理（内容判断）／システム管理者（マスタ・ルール設定）","契約管理を特定できません。取引先に有効な契約管理があるか確認してください。 / 契約期間を特定できません。請求日を含む契約期間があるか確認してください。"
"150","中","契約・契約期間未確定","MFIW-000428","https://samuraiarchitects.lightning.force.com/lightning/r/Mig_FreeeInvoiceWork__c/a0FRB00000YqLuT2AV/view","63150554","INV-0000001434","アイリスオーヤマ株式会社(ストアソリューション営業部ストアデザインチーム)","アイリスオーヤマ株式会社(ストアソリューション営業部ストアデザインチーム)","2026-07-20","48400","","","","RenderyEnterpriseプラン_月額 / 数量:4 / 単価:11,000 / 金額:44,000 / 確定:[OLD] Rendery Enterpriseプラン(2025年9月まで)","C01","請求区分と契約先: アイリスオーヤマ株式会社(ストアソリューション営業部ストアデザインチーム) / 請求日: 2026-07-20","取引先「アイリスオーヤマ株式会社(ストアソリューション営業部ストアデザインチーム)」の請求が、月契約・年契約・単発請求のどれに該当するか確認する。 既存の有効契約へ紐づけるか、新しいFreee管理契約を作成するか確認する。 請求日 2026-07-20 を含む契約期間を作成または選択してよいか確認する。","確認した商品と請求区分を基に、取引先・商品・件名キーワード・請求区分が一意になるFreee請求契約ルールを登録して有効化する。 修正後にWorkを再検証し、ステータスが「反映可能」になったことを確認して本反映する。","契約ルール登録後に可","経理（内容判断）／システム管理者（マスタ・ルール設定）","契約管理を特定できません。取引先に有効な契約管理があるか確認してください。 / 契約期間を特定できません。請求日を含む契約期間があるか確認してください。"
"151","中","契約・契約期間未確定","MFIW-000429","https://samuraiarchitects.lightning.force.com/lightning/r/Mig_FreeeInvoiceWork__c/a0FRB00000YqLuU2AV/view","63150555","INV-0000001435","九州旅客鉄道株式会社(博多設備区)","九州旅客鉄道株式会社(博多設備区)","2026-07-20","8800","","","","Rendery_Pro_月額利用料 / 数量:1 / 単価:8,000 / 金額:8,000 / 確定:Rendery Proプラン","C01","請求区分と契約先: 九州旅客鉄道株式会社(博多設備区) / 請求日: 2026-07-20","取引先「九州旅客鉄道株式会社(博多設備区)」の請求が、月契約・年契約・単発請求のどれに該当するか確認する。 既存の有効契約へ紐づけるか、新しいFreee管理契約を作成するか確認する。 請求日 2026-07-20 を含む契約期間を作成または選択してよいか確認する。","確認した商品と請求区分を基に、取引先・商品・件名キーワード・請求区分が一意になるFreee請求契約ルールを登録して有効化する。 修正後にWorkを再検証し、ステータスが「反映可能」になったことを確認して本反映する。","契約ルール登録後に可","経理（内容判断）／システム管理者（マスタ・ルール設定）","契約管理を特定できません。取引先に有効な契約管理があるか確認してください。 / 契約期間を特定できません。請求日を含む契約期間があるか確認してください。"
"152","中","契約・契約期間未確定","MFIW-000431","https://samuraiarchitects.lightning.force.com/lightning/r/Mig_FreeeInvoiceWork__c/a0FRB00000YqLuW2AV/view","63150560","INV-0000001437","株式会社デザインアーク","株式会社デザインアーク","2026-07-20","181500","","","","Rendery_Enterpriseプラン / 数量:15 / 単価:11,000 / 金額:165,000 / 確定:Rendery_Enterpriseプラン","C01","請求区分と契約先: 株式会社デザインアーク / 請求日: 2026-07-20","取引先「株式会社デザインアーク」の請求が、月契約・年契約・単発請求のどれに該当するか確認する。 既存の有効契約へ紐づけるか、新しいFreee管理契約を作成するか確認する。 請求日 2026-07-20 を含む契約期間を作成または選択してよいか確認する。","確認した商品と請求区分を基に、取引先・商品・件名キーワード・請求区分が一意になるFreee請求契約ルールを登録して有効化する。 修正後にWorkを再検証し、ステータスが「反映可能」になったことを確認して本反映する。","契約ルール登録後に可","経理（内容判断）／システム管理者（マスタ・ルール設定）","契約管理を特定できません。取引先に有効な契約管理があるか確認してください。 / 契約期間を特定できません。請求日を含む契約期間があるか確認してください。"
"153","中","契約・契約期間未確定","MFIW-000435","https://samuraiarchitects.lightning.force.com/lightning/r/Mig_FreeeInvoiceWork__c/a0FRB00000Yr46j2AB/view","63150568","INV-0000001441","九州旅客鉄道株式会社(建設工事部施設課)","九州旅客鉄道株式会社(建設工事部施設課)","2026-07-20","8800","","","","Rendery_Pro_月額 / 数量:1 / 単価:8,000 / 金額:8,000 / 確定:Rendery Proプラン","C01","請求区分と契約先: 九州旅客鉄道株式会社(建設工事部施設課) / 請求日: 2026-07-20","取引先「九州旅客鉄道株式会社(建設工事部施設課)」の請求が、月契約・年契約・単発請求のどれに該当するか確認する。 既存の有効契約へ紐づけるか、新しいFreee管理契約を作成するか確認する。 請求日 2026-07-20 を含む契約期間を作成または選択してよいか確認する。","確認した商品と請求区分を基に、取引先・商品・件名キーワード・請求区分が一意になるFreee請求契約ルールを登録して有効化する。 修正後にWorkを再検証し、ステータスが「反映可能」になったことを確認して本反映する。","契約ルール登録後に可","経理（内容判断）／システム管理者（マスタ・ルール設定）","契約管理を特定できません。取引先に有効な契約管理があるか確認してください。 / 契約期間を特定できません。請求日を含む契約期間があるか確認してください。"
"154","中","契約・契約期間未確定","MFIW-000437","https://samuraiarchitects.lightning.force.com/lightning/r/Mig_FreeeInvoiceWork__c/a0FRB00000Yr46l2AB/view","63150570","INV-0000001443","東急リゾーツ＆ステイ株式会社","東急リゾーツ＆ステイ株式会社","2026-07-20","48400","","","","Rendery　エンタープライズプラン / 数量:4 / 単価:11,000 / 金額:44,000 / 確定:[OLD] Rendery Enterpriseプラン(2025年9月まで)","C01","請求区分と契約先: 東急リゾーツ＆ステイ株式会社 / 請求日: 2026-07-20","取引先「東急リゾーツ＆ステイ株式会社」の請求が、月契約・年契約・単発請求のどれに該当するか確認する。 既存の有効契約へ紐づけるか、新しいFreee管理契約を作成するか確認する。 請求日 2026-07-20 を含む契約期間を作成または選択してよいか確認する。","確認した商品と請求区分を基に、取引先・商品・件名キーワード・請求区分が一意になるFreee請求契約ルールを登録して有効化する。 修正後にWorkを再検証し、ステータスが「反映可能」になったことを確認して本反映する。","契約ルール登録後に可","経理（内容判断）／システム管理者（マスタ・ルール設定）","契約管理を特定できません。取引先に有効な契約管理があるか確認してください。 / 契約期間を特定できません。請求日を含む契約期間があるか確認してください。"
"155","中","契約・契約期間未確定","MFIW-000443","https://samuraiarchitects.lightning.force.com/lightning/r/Mig_FreeeInvoiceWork__c/a0FRB00000Yr46r2AB/view","63150578","INV-0000001449","九州旅客鉄道株式会社(開発工事部)","九州旅客鉄道株式会社(開発工事部)","2026-07-20","8800","","","","Rendery_Pro_月額利用料 / 数量:1 / 単価:8,000 / 金額:8,000 / 確定:Rendery Proプラン","C01","請求区分と契約先: 九州旅客鉄道株式会社(開発工事部) / 請求日: 2026-07-20","取引先「九州旅客鉄道株式会社(開発工事部)」の請求が、月契約・年契約・単発請求のどれに該当するか確認する。 既存の有効契約へ紐づけるか、新しいFreee管理契約を作成するか確認する。 請求日 2026-07-20 を含む契約期間を作成または選択してよいか確認する。","確認した商品と請求区分を基に、取引先・商品・件名キーワード・請求区分が一意になるFreee請求契約ルールを登録して有効化する。 修正後にWorkを再検証し、ステータスが「反映可能」になったことを確認して本反映する。","契約ルール登録後に可","経理（内容判断）／システム管理者（マスタ・ルール設定）","契約管理を特定できません。取引先に有効な契約管理があるか確認してください。 / 契約期間を特定できません。請求日を含む契約期間があるか確認してください。"
"156","中","契約・契約期間未確定","MFIW-000445","https://samuraiarchitects.lightning.force.com/lightning/r/Mig_FreeeInvoiceWork__c/a0FRB00000YrJ2X2AV/view","63150580","INV-0000001451","株式会社ＬＩＸＩＬ住宅研究所","株式会社ＬＩＸＩＬ住宅研究所","2026-07-20","8800","","","","Rendery_Pro_月額利用料 / 数量:1 / 単価:8,000 / 金額:8,000 / 確定:Rendery Proプラン","C01","請求区分と契約先: 株式会社ＬＩＸＩＬ住宅研究所 / 請求日: 2026-07-20","取引先「株式会社ＬＩＸＩＬ住宅研究所」の請求が、月契約・年契約・単発請求のどれに該当するか確認する。 既存の有効契約へ紐づけるか、新しいFreee管理契約を作成するか確認する。 請求日 2026-07-20 を含む契約期間を作成または選択してよいか確認する。","確認した商品と請求区分を基に、取引先・商品・件名キーワード・請求区分が一意になるFreee請求契約ルールを登録して有効化する。 修正後にWorkを再検証し、ステータスが「反映可能」になったことを確認して本反映する。","契約ルール登録後に可","経理（内容判断）／システム管理者（マスタ・ルール設定）","契約管理を特定できません。取引先に有効な契約管理があるか確認してください。 / 契約期間を特定できません。請求日を含む契約期間があるか確認してください。"
"157","中","契約・商品未確定","MFIW-000447","https://samuraiarchitects.lightning.force.com/lightning/r/Mig_FreeeInvoiceWork__c/a0FRB00000YswQ42AJ/view","63150583","INV-0000001453","プラス株式会社","プラス株式会社","2026-07-31","6600000","","","","事業開発検討 / 数量:1 / 単価:4,000,000 / 金額:4,000,000 / 商品未候補 || 3Dモデル自動生成システム開発PoC / 数量:1 / 単価:2,000,000 / 金額:2,000,000 / 商品未候補","C01,P02","請求区分と契約先: プラス株式会社 / 請求日: 2026-07-31 || 商品選択: 「事業開発検討」 || 商品選択: 「3Dモデル自動生成システム開発PoC」","取引先「プラス株式会社」の請求が、月契約・年契約・単発請求のどれに該当するか確認する。 既存の有効契約へ紐づけるか、新しいFreee管理契約を作成するか確認する。 請求日 2026-07-31 を含む契約期間を作成または選択してよいか確認する。 明細「事業開発検討」（数量 1、単価 4,000,000 円）に対応する商品マスタを選ぶ。該当商品がなければ、汎用商品への集約か商品マスタ追加かを判断する。 明細「3Dモデル自動生成システム開発PoC」（数量 1、単価 2,000,000 円）に対応する商品マスタを選ぶ。該当商品がなければ、汎用商品への集約か商品マスタ追加かを判断する。","確認した商品と請求区分を基に、取引先・商品・件名キーワード・請求区分が一意になるFreee請求契約ルールを登録して有効化する。 確定商品マスタを設定する。今後も同じ明細名が発生する場合は、Freee請求明細商品マッピングも登録する。 修正後にWorkを再検証し、ステータスが「反映可能」になったことを確認して本反映する。","契約ルール登録後に可","経理（内容判断）／システム管理者（マスタ・ルール設定）","契約管理を特定できません。取引先に有効な契約管理があるか確認してください。 / 契約期間を特定できません。請求日を含む契約期間があるか確認してください。 / 商品マスタが未確定の請求明細Workがあります。候補商品を確認し、商品マスタを確定してください。"
