Id,Name,Account__c,ParentContract__c,ParentContract__r.Account__c,ParentContract__r.Status__c,ContractPeriod__c,ContractPeriod__r.Contract__c,Billing_Date__c,Payment_Date__c,TargetPeriodStartDate__c,TargetPeriodEndDate__c,TotalAmount__c,AmountWithTax__c,InvoiceAmount__c,TaxAmount__c,PaidAmount__c,UnpaidAmount__c,CancelStatus__c,PaymentStatus__c,Freee_Invoice_Status__c,Freee_Sync_Status__c,Freee_Invoice_Id__c,Freee_Invoice_Number__c,Freee_Invoice_URL__c,Sent_To_Freee__c,CreatedDate
a00RB000023liu7YAA,INV-0000000003,001RB00001UvdpFYAR,,,,,,2026-06-19,2026-07-31,,,24000,26400,26400,2400,0,26400,通常,決済待ち,送付待ち,Success,60979452,INV-0000001368,https://invoice.secure.freee.co.jp/reports/invoices/60979452,true,2026-06-18T10:55:21.000+0000
a00RB000024Ux4BYAS,INV-0000000004,001RB00001VTrvXYAT,a04RB00000kVL7WYAW,001RB00001VTrvXYAT,Draft,a0BRB00000ypw692AA,a04RB00000kVL7WYAW,2026-03-23,2026-04-30,,,780000,924000,924000,144000,924000,0,通常,決済済み,送付済み,Success,54529958,INV-0000001097,https://invoice.secure.freee.co.jp/reports/invoices/54529958,true,2026-06-22T00:58:56.000+0000
a00RB000024Ux4CYAS,INV-0000000005,001RB00001VTraTYAT,a04RB00000kUAOUYA4,001RB00001VTraTYAT,Activated,a0BRB00000ynb6P2AQ,a04RB00000kUAOUYA4,2026-05-15,2026-05-31,,,216000,237600,237600,21600,237600,0,通常,決済済み,送付待ち,Success,58486126,INV-0000001197,https://invoice.secure.freee.co.jp/reports/invoices/58486126,true,2026-06-22T00:58:56.000+0000
a00RB000024Ux4DYAS,INV-0000000006,001RB00001VTraTYAT,a04RB00000kUAOUYA4,001RB00001VTraTYAT,Activated,a0BRB00000ynb6P2AQ,a04RB00000kUAOUYA4,2026-05-15,2026-05-31,,,2880000,3168000,3168000,288000,3168000,0,通常,決済済み,送付待ち,Success,58486360,INV-0000001198,https://invoice.secure.freee.co.jp/reports/invoices/58486360,true,2026-06-22T00:58:56.000+0000
a00RB000024Ux4EYAS,INV-0000000007,001RB00001VTraTYAT,a04RB00000kUAOUYA4,001RB00001VTraTYAT,Activated,a0BRB00000ynb6P2AQ,a04RB00000kUAOUYA4,2026-03-25,2026-04-30,,,49000,53900,53900,4900,53900,0,通常,決済済み,送付済み,Success,54695329,INV-0000001101,https://invoice.secure.freee.co.jp/reports/invoices/54695329,true,2026-06-22T00:58:56.000+0000
a00RB000024Ux4FYAS,INV-0000000008,001RB00001VTrvcYAD,a04RB00000kVL7cYAG,001RB00001VTrvcYAD,Draft,a0BRB00000ypw6H2AQ,a04RB00000kVL7cYAG,2026-06-09,2026-07-31,,,160000,176000,176000,16000,176000,0,通常,決済済み,送付済み,Success,60417633,INV-0000001286,https://invoice.secure.freee.co.jp/reports/invoices/60417633,true,2026-06-22T00:58:56.000+0000
a00RB000024Ux4GYAS,INV-0000000009,001RB00001VTqgBYAT,a04RB00000kVL7VYAW,001RB00001VTqgBYAT,Draft,a0BRB00000ypw662AA,a04RB00000kVL7VYAW,2026-03-19,2026-04-30,,,885000,973500,973500,88500,973500,0,通常,決済済み,送付済み,Success,54361336,INV-0000001096,https://invoice.secure.freee.co.jp/reports/invoices/54361336,true,2026-06-22T00:58:56.000+0000
a00RB000024Ux4HYAS,INV-0000000010,001RB00001VcyFLYAZ,a04RB00000kVL7MYAW,001RB00001VcyFLYAZ,Draft,a0BRB00000ypw5t2AA,a04RB00000kVL7MYAW,2026-03-02,2026-04-30,,,51940,56940,56940,5000,56940,0,通常,決済済み,送付済み,Success,53082772,INV-0000001025,https://invoice.secure.freee.co.jp/reports/invoices/53082772,true,2026-06-22T00:58:56.000+0000
a00RB000024Ux4IYAS,INV-0000000011,001RB00001VTqkoYAD,a04RB00000kVL7eYAG,001RB00001VTqkoYAD,Draft,a0BRB00000ypw6J2AQ,a04RB00000kVL7eYAG,2026-03-02,2026-03-31,,,1670000,1670000,1670000,151818,1837000,0,通常,決済済み,送付済み,Success,53100155,INV-0000001026,https://invoice.secure.freee.co.jp/reports/invoices/53100155,true,2026-06-22T00:58:56.000+0000
a00RB000024Ux4JYAS,INV-0000000012,001RB00001VcyFMYAZ,a04RB00000kVL7XYAW,001RB00001VcyFMYAZ,Draft,a0BRB00000ypw6A2AQ,a04RB00000kVL7XYAW,2026-03-13,2026-04-30,,,11700000,12870000,12870000,1170000,12870000,0,通常,決済済み,送付済み,Success,53825605,INV-0000001028,https://invoice.secure.freee.co.jp/reports/invoices/53825605,true,2026-06-22T00:58:56.000+0000
a00RB000024Ux4KYAS,INV-0000000013,001RB00001VTqlYYAT,a04RB00000kUANdYAO,001RB00001VTqlYYAT,Activated,a0BRB00000ynb5Y2AQ,a04RB00000kUANdYAO,2026-03-18,2026-04-30,,,64000,70400,70400,6400,70400,0,通常,決済済み,送付済み,Success,54237366,INV-0000001087,https://invoice.secure.freee.co.jp/reports/invoices/54237366,true,2026-06-22T00:58:56.000+0000
a00RB000024Ux4LYAS,INV-0000000014,001RB00001VTqlHYAT,a04RB00000kUANiYAO,001RB00001VTqlHYAT,Activated,a0BRB00000ynb5d2AA,a04RB00000kUANiYAO,2026-03-18,2026-04-30,,,462000,508200,508200,46200,508200,0,通常,決済済み,送付済み,Success,54237761,INV-0000001088,https://invoice.secure.freee.co.jp/reports/invoices/54237761,true,2026-06-22T00:58:56.000+0000
a00RB000024Ux4MYAS,INV-0000000015,001RB00001VTqleYAD,a04RB00000kUAObYAO,001RB00001VTqleYAD,Activated,a0BRB00000ynb6W2AQ,a04RB00000kUAObYAO,2026-03-18,2026-04-30,,,12800,14080,14080,1280,14080,0,通常,決済済み,送付済み,Success,54238142,INV-0000001089,https://invoice.secure.freee.co.jp/reports/invoices/54238142,true,2026-06-22T00:58:56.000+0000
a00RB000024Ux4NYAS,INV-0000000016,001RB00001VTrtrYAD,a04RB00000kUAOEYA4,001RB00001VTrtrYAD,Activated,a0BRB00000ynb692AA,a04RB00000kUAOEYA4,2026-03-18,2026-04-30,,,48000,52800,52800,4800,52800,0,通常,決済済み,送付済み,Success,54240654,INV-0000001090,https://invoice.secure.freee.co.jp/reports/invoices/54240654,true,2026-06-22T00:58:56.000+0000
a00RB000024Ux4OYAS,INV-0000000017,001RB00001VcyFNYAZ,a04RB00000kVL7dYAG,001RB00001VcyFNYAZ,Draft,a0BRB00000ypw6I2AQ,a04RB00000kVL7dYAG,2026-04-09,2026-05-31,,,120000,132000,132000,12000,132000,0,通常,決済済み,送付済み,Success,56091285,INV-0000001106,https://invoice.secure.freee.co.jp/reports/invoices/56091285,true,2026-06-22T00:58:56.000+0000
a00RB000024Ux4PYAS,INV-0000000018,001RB00001VTqbXYAT,a04RB00000kUAOTYA4,001RB00001VTqbXYAT,Activated,a0BRB00000ynb6O2AQ,a04RB00000kUAOTYA4,2026-04-09,,,,132000,145200,145200,13200,0,145200,通常,決済待ち,送付待ち,Success,56133730,INV-0000001107,https://invoice.secure.freee.co.jp/reports/invoices/56133730,true,2026-06-22T00:58:56.000+0000
a00RB000024Ux4QYAS,INV-0000000019,001RB00001VTqUVYA1,a04RB00000kVL7iYAG,001RB00001VTqUVYA1,Draft,a0BRB00000ypw6O2AQ,a04RB00000kVL7iYAG,2026-03-20,2026-04-30,,,209000,229900,229900,20900,229900,0,通常,決済済み,送付済み,Success,54067648,INV-0000001029,https://invoice.secure.freee.co.jp/reports/invoices/54067648,true,2026-06-22T00:58:56.000+0000
a00RB000024Ux4RYAS,INV-0000000020,001RB00001VTqbXYAT,a04RB00000kUAOTYA4,001RB00001VTqbXYAT,Activated,a0BRB00000ynb6O2AQ,a04RB00000kUAOTYA4,2026-03-20,2026-04-30,,,110000,121000,121000,11000,121000,0,通常,決済済み,送付済み,Success,54067657,INV-0000001030,https://invoice.secure.freee.co.jp/reports/invoices/54067657,true,2026-06-22T00:58:56.000+0000
a00RB000024Ux4SYAS,INV-0000000021,001RB00001VTrGkYAL,a04RB00000kUAQAYA4,001RB00001VTrGkYAL,Activated,a0BRB00000ynn622AA,a04RB00000kUAQAYA4,2026-03-20,2026-04-30,,,11000,12100,12100,1100,12100,0,通常,決済済み,送付済み,Success,54067660,INV-0000001031,https://invoice.secure.freee.co.jp/reports/invoices/54067660,true,2026-06-22T00:58:56.000+0000
a00RB000024Ux4TYAS,INV-0000000022,001RB00001VTqxsYAD,a04RB00000kUAOfYAO,001RB00001VTqxsYAD,Activated,a0BRB00000ynb6a2AA,a04RB00000kUAOfYAO,2026-03-20,2026-04-30,,,40000,44000,44000,4000,44000,0,通常,決済済み,送付済み,Success,54067663,INV-0000001032,https://invoice.secure.freee.co.jp/reports/invoices/54067663,true,2026-06-22T00:58:56.000+0000
a00RB000024Ux4UYAS,INV-0000000023,001RB00001VTqnMYAT,a04RB00000kVL7aYAG,001RB00001VTqnMYAT,Draft,a0BRB00000ypw6E2AQ,a04RB00000kVL7aYAG,2026-03-20,2026-04-30,,,140000,154000,154000,14000,154000,0,通常,決済済み,送付済み,Success,54067665,INV-0000001033,https://invoice.secure.freee.co.jp/reports/invoices/54067665,true,2026-06-22T00:58:56.000+0000
a00RB000024Ux4VYAS,INV-0000000024,001RB00001VTqxQYAT,a04RB00000kVL7SYAW,001RB00001VTqxQYAT,Draft,a0BRB00000ypw602AA,a04RB00000kVL7SYAW,2026-03-20,2026-04-30,,,250000,275000,275000,25000,275000,0,通常,決済済み,送付済み,Success,54067668,INV-0000001034,https://invoice.secure.freee.co.jp/reports/invoices/54067668,true,2026-06-22T00:58:56.000+0000
a00RB000024Ux4WYAS,INV-0000000025,001RB00001VTqy1YAD,a04RB00000kUAOgYAO,001RB00001VTqy1YAD,Activated,a0BRB00000ynb6b2AA,a04RB00000kUAOgYAO,2026-03-20,2026-04-30,,,8000,8800,8800,800,8800,0,通常,決済済み,送付済み,Success,54067671,INV-0000001035,https://invoice.secure.freee.co.jp/reports/invoices/54067671,true,2026-06-22T00:58:56.000+0000
a00RB000024Ux4XYAS,INV-0000000026,001RB00001VTqatYAD,a04RB00000kUAQ9YAO,001RB00001VTqatYAD,Activated,a0BRB00000ynn612AA,a04RB00000kUAQ9YAO,2026-03-20,2026-04-30,,,55000,60500,60500,5500,60500,0,通常,決済済み,送付済み,Success,54067674,INV-0000001036,https://invoice.secure.freee.co.jp/reports/invoices/54067674,true,2026-06-22T00:58:56.000+0000
a00RB000024Ux4YYAS,INV-0000000027,001RB00001VTqW8YAL,a04RB00000kUAOpYAO,001RB00001VTqW8YAL,Activated,a0BRB00000ynb6k2AA,a04RB00000kUAOpYAO,2026-03-20,2026-04-30,,,24000,26400,26400,2400,26400,0,通常,決済済み,送付済み,Success,54067677,INV-0000001037,https://invoice.secure.freee.co.jp/reports/invoices/54067677,true,2026-06-22T00:58:56.000+0000
a00RB000024Ux4ZYAS,INV-0000000028,001RB00001VTr0hYAD,a04RB00000kUAOhYAO,001RB00001VTr0hYAD,Activated,a0BRB00000ynb6c2AA,a04RB00000kUAOhYAO,2026-03-20,2026-04-30,,,8000,8800,8800,800,8800,0,通常,決済済み,送付済み,Success,54067679,INV-0000001038,https://invoice.secure.freee.co.jp/reports/invoices/54067679,true,2026-06-22T00:58:56.000+0000
a00RB000024Ux4aYAC,INV-0000000029,001RB00001VTrkYYAT,a04RB00000kUAQCYA4,001RB00001VTrkYYAT,Activated,a0BRB00000ynn642AA,a04RB00000kUAQCYA4,2026-03-20,2026-04-30,,,55000,60500,60500,5500,60500,0,通常,決済済み,送付済み,Success,54067681,INV-0000001039,https://invoice.secure.freee.co.jp/reports/invoices/54067681,true,2026-06-22T00:58:56.000+0000
a00RB000024Ux4bYAC,INV-0000000030,001RB00001VTtIiYAL,a04RB00000kUAQBYA4,001RB00001VTtIiYAL,Activated,a0BRB00000ynn632AA,a04RB00000kUAQBYA4,2026-03-20,2026-04-30,,,11000,12100,12100,1100,0,12100,通常,決済待ち,送付済み,Success,54067683,INV-0000001040,https://invoice.secure.freee.co.jp/reports/invoices/54067683,true,2026-06-22T00:58:56.000+0000
a00RB000024Ux4cYAC,INV-0000000031,001RB00001VTrkRYAT,a04RB00000kUAOtYAO,001RB00001VTrkRYAT,Activated,a0BRB00000ynb6o2AA,a04RB00000kUAOtYAO,2026-03-20,2026-04-30,,,16000,17600,17600,1600,17600,0,通常,決済済み,送付済み,Success,54067686,INV-0000001041,https://invoice.secure.freee.co.jp/reports/invoices/54067686,true,2026-06-22T00:58:56.000+0000
a00RB000024Ux4dYAC,INV-0000000032,001RB00001VTtIUYA1,a04RB00000kUAPdYAO,001RB00001VTtIUYA1,解約,a0BRB00000ynn5V2AQ,a04RB00000kUAPdYAO,2026-03-20,2026-04-30,,,159500,175450,175450,15950,0,175450,通常,決済待ち,送付待ち,Success,54108710,INV-0000001042,https://invoice.secure.freee.co.jp/reports/invoices/54108710,true,2026-06-22T00:58:56.000+0000
a00RB000024Ux4eYAC,INV-0000000033,001RB00001VTrmnYAD,a04RB00000kUAO0YAO,001RB00001VTrmnYAD,Activated,a0BRB00000ynb5v2AA,a04RB00000kUAO0YAO,2026-03-20,2026-04-30,,,455000,500500,500500,45500,500500,0,通常,決済済み,送付済み,Success,54113194,INV-0000001043,https://invoice.secure.freee.co.jp/reports/invoices/54113194,true,2026-06-22T00:58:56.000+0000
a00RB000024Ux4fYAC,INV-0000000034,001RB00001VTtIfYAL,a04RB00000kUAQ0YAO,001RB00001VTtIfYAL,Activated,a0BRB00000ynn5s2AA,a04RB00000kUAQ0YAO,2026-03-20,2026-04-30,,,11000,12100,12100,1100,12100,0,通常,決済済み,送付済み,Success,54153823,INV-0000001045,https://invoice.secure.freee.co.jp/reports/invoices/54153823,true,2026-06-22T00:58:56.000+0000
a00RB000024Ux4gYAC,INV-0000000035,001RB00001VTqfsYAD,a04RB00000kUAPzYAO,001RB00001VTqfsYAD,解約,,,2026-03-20,2026-04-30,,,11000,12100,12100,1100,12100,0,通常,決済済み,送付済み,Success,54153824,INV-0000001046,https://invoice.secure.freee.co.jp/reports/invoices/54153824,true,2026-06-22T00:58:56.000+0000
a00RB000024Ux4hYAC,INV-0000000036,001RB00001VTtIeYAL,a04RB00000kVL7fYAG,001RB00001VTtIeYAL,Draft,a0BRB00000ypw6K2AQ,a04RB00000kVL7fYAG,2026-03-20,2026-04-30,,,11000,12100,12100,1100,12100,0,通常,決済済み,送付済み,Success,54153825,INV-0000001047,https://invoice.secure.freee.co.jp/reports/invoices/54153825,true,2026-06-22T00:58:56.000+0000
a00RB000024Ux4iYAC,INV-0000000037,001RB00001VTtIdYAL,a04RB00000kUAPxYAO,001RB00001VTtIdYAL,Activated,a0BRB00000ynn5p2AA,a04RB00000kUAPxYAO,2026-03-20,2026-03-31,,,11000,12100,12100,1100,12100,0,通常,決済済み,送付済み,Success,54153827,INV-0000001048,https://invoice.secure.freee.co.jp/reports/invoices/54153827,true,2026-06-22T00:58:56.000+0000
a00RB000024Ux4jYAC,INV-0000000038,001RB00001VTtIcYAL,a04RB00000kVL7ZYAW,001RB00001VTtIcYAL,Draft,a0BRB00000ypw6C2AQ,a04RB00000kVL7ZYAW,2026-03-20,2026-04-30,,,11000,12100,12100,1100,12100,0,通常,決済済み,送付済み,Success,54153829,INV-0000001049,https://invoice.secure.freee.co.jp/reports/invoices/54153829,true,2026-06-22T00:58:56.000+0000
a00RB000024Ux4kYAC,INV-0000000039,001RB00001VTqeXYAT,a04RB00000kUAP3YAO,001RB00001VTqeXYAT,Activated,a0BRB00000ynb6y2AA,a04RB00000kUAP3YAO,2026-03-24,2026-04-30,,,8000,8800,8800,800,8800,0,通常,決済済み,送付済み,Success,54597510,INV-0000001098,https://invoice.secure.freee.co.jp/reports/invoices/54597510,true,2026-06-22T00:58:56.000+0000
a00RB000024Ux4lYAC,INV-0000000040,001RB00001VTrGlYAL,a04RB00000kVL7bYAG,001RB00001VTrGlYAL,Draft,a0BRB00000ypw6F2AQ,a04RB00000kVL7bYAG,2026-03-24,2026-04-30,,,44000,48400,48400,4400,48400,0,通常,決済済み,送付済み,Success,54616884,INV-0000001099,https://invoice.secure.freee.co.jp/reports/invoices/54616884,true,2026-06-22T00:58:56.000+0000
a00RB000024Ux4mYAC,INV-0000000041,001RB00001VTqidYAD,a04RB00000kVL7RYAW,001RB00001VTqidYAD,Draft,a0BRB00000ypw5z2AA,a04RB00000kVL7RYAW,2026-03-24,2026-04-30,,,250000,275000,275000,25000,275000,0,通常,決済済み,送付済み,Success,54630843,INV-0000001100,https://invoice.secure.freee.co.jp/reports/invoices/54630843,true,2026-06-22T00:58:56.000+0000
a00RB000024Ux4nYAC,INV-0000000042,001RB00001VTrlAYAT,a04RB00000kVL7TYAW,001RB00001VTrlAYAT,Draft,a0BRB00000ypw642AA,a04RB00000kVL7TYAW,2026-03-27,,,,75000,82500,82500,7500,0,82500,通常,決済待ち,送付待ち,Success,53459621,INV-0000001027,https://invoice.secure.freee.co.jp/reports/invoices/53459621,true,2026-06-22T00:58:56.000+0000
a00RB000024Ux4oYAC,INV-0000000043,001RB00001VTraTYAT,a04RB00000kUAOUYA4,001RB00001VTraTYAT,Activated,a0BRB00000ynb6P2AQ,a04RB00000kUAOUYA4,2026-03-27,2026-04-30,,,160000,176000,176000,16000,176000,0,通常,決済済み,送付済み,Success,54891605,INV-0000001102,https://invoice.secure.freee.co.jp/reports/invoices/54891605,true,2026-06-22T00:58:56.000+0000
a00RB000024Ux4qYAC,INV-0000000045,001RB00001VcyFOYAZ,a04RB00000kVL7gYAG,001RB00001VcyFOYAZ,Draft,a0BRB00000ypw6M2AQ,a04RB00000kVL7gYAG,2026-03-31,2026-04-30,,,1870000,1870000,1870000,170000,2057000,0,通常,決済済み,送付済み,Success,55195797,INV-0000001104,https://invoice.secure.freee.co.jp/reports/invoices/55195797,true,2026-06-22T00:58:56.000+0000
a00RB000024Ux4sYAC,INV-0000000047,001RB00001VTqbXYAT,a04RB00000kUAOTYA4,001RB00001VTqbXYAT,Activated,a0BRB00000ynb6O2AQ,a04RB00000kUAOTYA4,2026-04-14,2026-05-31,,,132000,145200,145200,13200,145200,0,通常,決済済み,送付済み,Success,56351917,INV-0000001108,https://invoice.secure.freee.co.jp/reports/invoices/56351917,true,2026-06-22T00:58:56.000+0000
a00RB000024Ux4tYAC,INV-0000000048,001RB00001VTqUVYA1,a04RB00000kVL7iYAG,001RB00001VTqUVYA1,Draft,a0BRB00000ypw6P2AQ,a04RB00000kVL7iYAG,2026-04-20,2026-05-31,,,209000,229900,229900,20900,229900,0,通常,決済済み,送付済み,Success,56461100,INV-0000001109,https://invoice.secure.freee.co.jp/reports/invoices/56461100,true,2026-06-22T00:58:56.000+0000
a00RB000024Ux4uYAC,INV-0000000049,001RB00001VTqbXYAT,a04RB00000kUAOTYA4,001RB00001VTqbXYAT,Activated,a0BRB00000ynb6O2AQ,a04RB00000kUAOTYA4,2026-04-20,2026-05-31,,,132000,145200,145200,13200,0,145200,通常,決済待ち,送付待ち,Success,56461105,INV-0000001110,https://invoice.secure.freee.co.jp/reports/invoices/56461105,true,2026-06-22T00:58:56.000+0000
a00RB000024Ux4vYAC,INV-0000000050,001RB00001VTrGkYAL,a04RB00000kUAQAYA4,001RB00001VTrGkYAL,Activated,a0BRB00000ynn622AA,a04RB00000kUAQAYA4,2026-04-20,2026-05-31,,,11000,12100,12100,1100,12100,0,通常,決済済み,送付済み,Success,56461107,INV-0000001111,https://invoice.secure.freee.co.jp/reports/invoices/56461107,true,2026-06-22T00:58:56.000+0000
a00RB000024Ux4wYAC,INV-0000000051,001RB00001VTqxsYAD,a04RB00000kUAOfYAO,001RB00001VTqxsYAD,Activated,a0BRB00000ynb6a2AA,a04RB00000kUAOfYAO,2026-04-20,2026-05-31,,,40000,44000,44000,4000,44000,0,通常,決済済み,送付済み,Success,56461109,INV-0000001112,https://invoice.secure.freee.co.jp/reports/invoices/56461109,true,2026-06-22T00:58:56.000+0000
a00RB000024Ux4xYAC,INV-0000000052,001RB00001VTqxQYAT,a04RB00000kVL7SYAW,001RB00001VTqxQYAT,Draft,a0BRB00000ypw612AA,a04RB00000kVL7SYAW,2026-04-20,2026-05-31,,,250000,275000,275000,25000,275000,0,通常,決済済み,送付済み,Success,56461111,INV-0000001113,https://invoice.secure.freee.co.jp/reports/invoices/56461111,true,2026-06-22T00:58:56.000+0000
a00RB000024Ux4yYAC,INV-0000000053,001RB00001VTqy1YAD,a04RB00000kUAOgYAO,001RB00001VTqy1YAD,Activated,a0BRB00000ynb6b2AA,a04RB00000kUAOgYAO,2026-04-20,2026-05-31,,,8000,8800,8800,800,8800,0,通常,決済済み,送付済み,Success,56461113,INV-0000001114,https://invoice.secure.freee.co.jp/reports/invoices/56461113,true,2026-06-22T00:58:56.000+0000
a00RB000024Ux4zYAC,INV-0000000054,001RB00001VTqatYAD,a04RB00000kUAQ9YAO,001RB00001VTqatYAD,Activated,a0BRB00000ynn612AA,a04RB00000kUAQ9YAO,2026-04-20,2026-05-31,,,55000,60500,60500,5500,60500,0,通常,決済済み,送付済み,Success,56461115,INV-0000001115,https://invoice.secure.freee.co.jp/reports/invoices/56461115,true,2026-06-22T00:58:56.000+0000
a00RB000024Ux50YAC,INV-0000000055,001RB00001VTqW8YAL,a04RB00000kUAOpYAO,001RB00001VTqW8YAL,Activated,a0BRB00000ynb6k2AA,a04RB00000kUAOpYAO,2026-04-20,2026-05-31,,,24000,26400,26400,2400,26400,0,通常,決済済み,送付済み,Success,56461117,INV-0000001116,https://invoice.secure.freee.co.jp/reports/invoices/56461117,true,2026-06-22T00:58:56.000+0000
a00RB000024Ux51YAC,INV-0000000056,001RB00001VTr0hYAD,a04RB00000kUAOhYAO,001RB00001VTr0hYAD,Activated,a0BRB00000ynb6c2AA,a04RB00000kUAOhYAO,2026-04-20,2026-05-31,,,8000,8800,8800,800,8800,0,通常,決済済み,送付済み,Success,56461119,INV-0000001117,https://invoice.secure.freee.co.jp/reports/invoices/56461119,true,2026-06-22T00:58:56.000+0000
a00RB000024Ux52YAC,INV-0000000057,001RB00001VTrkYYAT,a04RB00000kUAQCYA4,001RB00001VTrkYYAT,Activated,a0BRB00000ynn642AA,a04RB00000kUAQCYA4,2026-04-20,2026-05-31,,,55000,60500,60500,5500,60500,0,通常,決済済み,送付済み,Success,56461121,INV-0000001118,https://invoice.secure.freee.co.jp/reports/invoices/56461121,true,2026-06-22T00:58:56.000+0000
a00RB000024Ux53YAC,INV-0000000058,001RB00001VTtIiYAL,a04RB00000kUAQBYA4,001RB00001VTtIiYAL,Activated,a0BRB00000ynn632AA,a04RB00000kUAQBYA4,2026-04-20,2026-05-31,,,11000,12100,12100,1100,0,12100,通常,決済待ち,送付済み,Success,56461123,INV-0000001119,https://invoice.secure.freee.co.jp/reports/invoices/56461123,true,2026-06-22T00:58:56.000+0000
a00RB000024Ux54YAC,INV-0000000059,001RB00001VTrkRYAT,a04RB00000kUAOtYAO,001RB00001VTrkRYAT,Activated,a0BRB00000ynb6o2AA,a04RB00000kUAOtYAO,2026-04-20,2026-05-31,,,16000,17600,17600,1600,17600,0,通常,決済済み,送付済み,Success,56461125,INV-0000001120,https://invoice.secure.freee.co.jp/reports/invoices/56461125,true,2026-06-22T00:58:56.000+0000
a00RB000024Ux55YAC,INV-0000000060,001RB00001VTrI5YAL,a04RB00000kUAP0YAO,001RB00001VTrI5YAL,Activated,a0BRB00000ynb6v2AA,a04RB00000kUAP0YAO,2026-04-20,2026-05-31,,,75000,82500,82500,7500,82500,0,通常,決済済み,送付済み,Success,56461126,INV-0000001121,https://invoice.secure.freee.co.jp/reports/invoices/56461126,true,2026-06-22T00:58:56.000+0000
a00RB000024Ux56YAC,INV-0000000061,001RB00001VTtIfYAL,a04RB00000kUAQ0YAO,001RB00001VTtIfYAL,Activated,a0BRB00000ynn5s2AA,a04RB00000kUAQ0YAO,2026-04-20,2026-05-31,,,11000,12100,12100,1100,12100,0,通常,決済済み,送付済み,Success,56527514,INV-0000001122,https://invoice.secure.freee.co.jp/reports/invoices/56527514,true,2026-06-22T00:58:56.000+0000
a00RB000024Ux57YAC,INV-0000000062,001RB00001VTqfsYAD,a04RB00000kUAPzYAO,001RB00001VTqfsYAD,解約,,,2026-04-20,2026-05-31,,,11000,12100,12100,1100,12100,0,通常,決済済み,送付済み,Success,56527519,INV-0000001123,https://invoice.secure.freee.co.jp/reports/invoices/56527519,true,2026-06-22T00:58:56.000+0000
a00RB000024Ux58YAC,INV-0000000063,001RB00001VTtIeYAL,a04RB00000kVL7fYAG,001RB00001VTtIeYAL,Draft,a0BRB00000ypw6L2AQ,a04RB00000kVL7fYAG,2026-04-20,2026-05-31,,,11000,12100,12100,1100,12100,0,通常,決済済み,送付済み,Success,56527522,INV-0000001124,https://invoice.secure.freee.co.jp/reports/invoices/56527522,true,2026-06-22T00:58:56.000+0000
a00RB000024Ux59YAC,INV-0000000064,001RB00001VTtIdYAL,a04RB00000kUAPxYAO,001RB00001VTtIdYAL,Activated,a0BRB00000ynn5p2AA,a04RB00000kUAPxYAO,2026-04-20,2026-04-30,,,11000,12100,12100,1100,12100,0,通常,決済済み,送付済み,Success,56527524,INV-0000001125,https://invoice.secure.freee.co.jp/reports/invoices/56527524,true,2026-06-22T00:58:56.000+0000
a00RB000024Ux5AYAS,INV-0000000065,001RB00001VTtIcYAL,a04RB00000kVL7ZYAW,001RB00001VTtIcYAL,Draft,a0BRB00000ypw6D2AQ,a04RB00000kVL7ZYAW,2026-04-20,2026-05-31,,,11000,12100,12100,1100,12100,0,通常,決済済み,送付済み,Success,56527525,INV-0000001126,https://invoice.secure.freee.co.jp/reports/invoices/56527525,true,2026-06-22T00:58:56.000+0000
a00RB000024Ux5BYAS,INV-0000000066,001RB00001VTtIZYA1,a04RB00000kVL7QYAW,001RB00001VTtIZYA1,Draft,a0BRB00000ypw5y2AA,a04RB00000kVL7QYAW,2026-04-20,2026-05-31,,,11000,12100,12100,1100,12100,0,通常,決済済み,送付済み,Success,56527526,INV-0000001127,https://invoice.secure.freee.co.jp/reports/invoices/56527526,true,2026-06-22T00:58:56.000+0000
a00RB000024Ux5CYAS,INV-0000000067,001RB00001VTqaKYAT,a04RB00000kUAPnYAO,001RB00001VTqaKYAT,Activated,a0BRB00000ynn5f2AA,a04RB00000kUAPnYAO,2026-04-20,2026-05-31,,,11000,12100,12100,1100,12100,0,通常,決済済み,送付済み,Success,56527527,INV-0000001128,https://invoice.secure.freee.co.jp/reports/invoices/56527527,true,2026-06-22T00:58:56.000+0000
a00RB000024Ux5DYAS,INV-0000000068,001RB00001VTCYEYA5,a04RB00000kVL7jYAG,001RB00001VTCYEYA5,Draft,a0BRB00000ypw6S2AQ,a04RB00000kVL7jYAG,2026-04-22,2026-05-31,,,600000,660000,660000,60000,0,660000,通常,決済待ち,送付済み,Success,56826003,INV-0000001188,https://invoice.secure.freee.co.jp/reports/invoices/56826003,true,2026-06-22T00:58:56.000+0000
a00RB000024Ux5EYAS,INV-0000000069,001RB00001VTqgBYAT,a04RB00000kVL7VYAW,001RB00001VTqgBYAT,Draft,a0BRB00000ypw672AA,a04RB00000kVL7VYAW,2026-04-22,2026-05-31,,,604000,950400,950400,346400,0,950400,通常,決済待ち,送付済み,Success,56841170,INV-0000001189,https://invoice.secure.freee.co.jp/reports/invoices/56841170,true,2026-06-22T00:58:56.000+0000
a00RB000024Ux5FYAS,INV-0000000070,001RB00001VTqgBYAT,a04RB00000kVL7VYAW,001RB00001VTqgBYAT,Draft,a0BRB00000ypw672AA,a04RB00000kVL7VYAW,2026-04-22,2026-05-31,,,1276000,2217600,2217600,941600,2217600,0,通常,決済済み,送付済み,Success,56841400,INV-0000001190,https://invoice.secure.freee.co.jp/reports/invoices/56841400,true,2026-06-22T00:58:56.000+0000
a00RB000024Ux5GYAS,INV-0000000071,001RB00001VTCYEYA5,a04RB00000kVL7jYAG,001RB00001VTCYEYA5,Draft,a0BRB00000ypw6S2AQ,a04RB00000kVL7jYAG,2026-04-22,2026-05-31,,,280000,308000,308000,28000,308000,0,通常,決済済み,送付済み,Success,56857997,INV-0000001191,https://invoice.secure.freee.co.jp/reports/invoices/56857997,true,2026-06-22T00:58:56.000+0000
a00RB000024Ux5HYAS,INV-0000000072,001RB00001VTqU8YAL,a04RB00000kUAPEYA4,001RB00001VTqU8YAL,Activated,a0BRB00000ynn552AA,a04RB00000kUAPEYA4,2026-04-23,2026-05-31,,,8000,8800,8800,800,8800,0,通常,決済済み,送付済み,Success,56898984,INV-0000001192,https://invoice.secure.freee.co.jp/reports/invoices/56898984,true,2026-06-22T00:58:56.000+0000
a00RB000024Ux5IYAS,INV-0000000073,001RB00001VTqeXYAT,a04RB00000kUAP3YAO,001RB00001VTqeXYAT,Activated,a0BRB00000ynb6y2AA,a04RB00000kUAP3YAO,2026-04-30,2026-05-31,,,8000,8800,8800,800,0,8800,通常,決済待ち,送付待ち,Success,57073276,INV-0000001193,https://invoice.secure.freee.co.jp/reports/invoices/57073276,true,2026-06-22T00:58:56.000+0000
a00RB000024Ux5JYAS,INV-0000000074,001RB00001VTrkUYAT,a04RB00000kVL7OYAW,001RB00001VTrkUYAT,Draft,a0BRB00000ypw5v2AA,a04RB00000kVL7OYAW,2026-05-12,,,,0,0,0,0,0,0,通常,決済待ち,送付待ち,Success,58268807,INV-0000001195,https://invoice.secure.freee.co.jp/reports/invoices/58268807,true,2026-06-22T00:58:56.000+0000
a00RB000024Ux5KYAS,INV-0000000075,001RB00001VTruAYAT,a04RB00000kUAOAYA4,001RB00001VTruAYAT,Activated,a0BRB00000ynb652AA,a04RB00000kUAOAYA4,2026-05-13,,,,225000,181500,181500,-43500,0,181500,通常,決済待ち,送付待ち,Success,58388932,INV-0000001196,https://invoice.secure.freee.co.jp/reports/invoices/58388932,true,2026-06-22T00:58:56.000+0000
a00RB000024Ux5LYAS,INV-0000000076,001RB00001VTqlYYAT,a04RB00000kUANdYAO,001RB00001VTqlYYAT,Activated,a0BRB00000ynb5Y2AQ,a04RB00000kUANdYAO,2026-05-19,2026-06-30,,,64000,70400,70400,6400,70400,0,通常,決済済み,送付済み,Success,58689117,INV-0000001261,https://invoice.secure.freee.co.jp/reports/invoices/58689117,true,2026-06-22T00:58:56.000+0000
a00RB000024Ux5MYAS,INV-0000000077,001RB00001VTqlHYAT,a04RB00000kUANiYAO,001RB00001VTqlHYAT,Activated,a0BRB00000ynb5d2AA,a04RB00000kUANiYAO,2026-05-19,2026-06-25,,,484000,532400,532400,48400,532400,0,通常,決済済み,送付済み,Success,58689637,INV-0000001262,https://invoice.secure.freee.co.jp/reports/invoices/58689637,true,2026-06-22T00:58:56.000+0000
a00RB000024Ux5NYAS,INV-0000000078,001RB00001VTqlZYAT,a04RB00000kVL7JYAW,001RB00001VTqlZYAT,Draft,a0BRB00000ypw5q2AA,a04RB00000kVL7JYAW,2026-05-19,2026-06-30,,,77000,84700,84700,7700,84700,0,通常,決済済み,送付済み,Success,58692141,INV-0000001266,https://invoice.secure.freee.co.jp/reports/invoices/58692141,true,2026-06-22T00:58:56.000+0000
a00RB000024Ux5OYAS,INV-0000000079,001RB00001VTqUVYA1,a04RB00000kVL7iYAG,001RB00001VTqUVYA1,Draft,a0BRB00000ypw6Q2AQ,a04RB00000kVL7iYAG,2026-05-20,2026-06-30,,,209000,229900,229900,20900,229900,0,通常,決済済み,送付済み,Success,58549424,INV-0000001199,https://invoice.secure.freee.co.jp/reports/invoices/58549424,true,2026-06-22T00:58:56.000+0000
a00RB000024Ux5PYAS,INV-0000000080,001RB00001VTqbXYAT,a04RB00000kUAOTYA4,001RB00001VTqbXYAT,Activated,a0BRB00000ynb6O2AQ,a04RB00000kUAOTYA4,2026-05-20,2026-06-30,,,132000,145200,145200,13200,145200,0,通常,決済済み,送付済み,Success,58549433,INV-0000001200,https://invoice.secure.freee.co.jp/reports/invoices/58549433,true,2026-06-22T00:58:56.000+0000
a00RB000024Ux5QYAS,INV-0000000081,001RB00001VTrGkYAL,a04RB00000kUAQAYA4,001RB00001VTrGkYAL,Activated,a0BRB00000ynn622AA,a04RB00000kUAQAYA4,2026-05-20,2026-06-30,,,11000,12100,12100,1100,12100,0,通常,決済済み,送付済み,Success,58549436,INV-0000001201,https://invoice.secure.freee.co.jp/reports/invoices/58549436,true,2026-06-22T00:58:56.000+0000
a00RB000024Ux5RYAS,INV-0000000082,001RB00001VTqxsYAD,a04RB00000kUAOfYAO,001RB00001VTqxsYAD,Activated,a0BRB00000ynb6a2AA,a04RB00000kUAOfYAO,2026-05-20,2026-06-30,,,40000,44000,44000,4000,44000,0,通常,決済済み,送付済み,Success,58549439,INV-0000001202,https://invoice.secure.freee.co.jp/reports/invoices/58549439,true,2026-06-22T00:58:56.000+0000
a00RB000024Ux5SYAS,INV-0000000083,001RB00001VTqxQYAT,a04RB00000kVL7SYAW,001RB00001VTqxQYAT,Draft,a0BRB00000ypw622AA,a04RB00000kVL7SYAW,2026-05-20,2026-06-30,,,250000,275000,275000,25000,275000,0,通常,決済済み,送付済み,Success,58549442,INV-0000001203,https://invoice.secure.freee.co.jp/reports/invoices/58549442,true,2026-06-22T00:58:56.000+0000
a00RB000024Ux5TYAS,INV-0000000084,001RB00001VTqy1YAD,a04RB00000kUAOgYAO,001RB00001VTqy1YAD,Activated,a0BRB00000ynb6b2AA,a04RB00000kUAOgYAO,2026-05-20,2026-06-30,,,8000,8800,8800,800,8800,0,通常,決済済み,送付済み,Success,58549444,INV-0000001204,https://invoice.secure.freee.co.jp/reports/invoices/58549444,true,2026-06-22T00:58:56.000+0000
a00RB000024Ux5UYAS,INV-0000000085,001RB00001VTqatYAD,a04RB00000kUAQ9YAO,001RB00001VTqatYAD,Activated,a0BRB00000ynn612AA,a04RB00000kUAQ9YAO,2026-05-20,2026-06-30,,,55000,60500,60500,5500,60500,0,通常,決済済み,送付済み,Success,58549447,INV-0000001205,https://invoice.secure.freee.co.jp/reports/invoices/58549447,true,2026-06-22T00:58:56.000+0000
a00RB000024Ux5VYAS,INV-0000000086,001RB00001VTqW8YAL,a04RB00000kUAOpYAO,001RB00001VTqW8YAL,Activated,a0BRB00000ynb6k2AA,a04RB00000kUAOpYAO,2026-05-20,2026-06-30,,,24000,26400,26400,2400,26400,0,通常,決済済み,送付済み,Success,58549450,INV-0000001206,https://invoice.secure.freee.co.jp/reports/invoices/58549450,true,2026-06-22T00:58:56.000+0000
a00RB000024Ux5WYAS,INV-0000000087,001RB00001VTr0hYAD,a04RB00000kUAOhYAO,001RB00001VTr0hYAD,Activated,a0BRB00000ynb6c2AA,a04RB00000kUAOhYAO,2026-05-20,2026-06-30,,,8000,8800,8800,800,8800,0,通常,決済済み,送付済み,Success,58549452,INV-0000001207,https://invoice.secure.freee.co.jp/reports/invoices/58549452,true,2026-06-22T00:58:56.000+0000
a00RB000024Ux5XYAS,INV-0000000088,001RB00001VTrkYYAT,a04RB00000kUAQCYA4,001RB00001VTrkYYAT,Activated,a0BRB00000ynn642AA,a04RB00000kUAQCYA4,2026-05-20,2026-06-30,,,55000,60500,60500,5500,60500,0,通常,決済済み,送付済み,Success,58549455,INV-0000001208,https://invoice.secure.freee.co.jp/reports/invoices/58549455,true,2026-06-22T00:58:56.000+0000
a00RB000024Ux5YYAS,INV-0000000089,001RB00001VTtIiYAL,a04RB00000kUAQBYA4,001RB00001VTtIiYAL,Activated,a0BRB00000ynn632AA,a04RB00000kUAQBYA4,2026-05-20,2026-06-30,,,11000,12100,12100,1100,0,12100,通常,決済待ち,送付済み,Success,58549457,INV-0000001209,https://invoice.secure.freee.co.jp/reports/invoices/58549457,true,2026-06-22T00:58:56.000+0000
a00RB000024Ux5ZYAS,INV-0000000090,001RB00001VTrkRYAT,a04RB00000kUAOtYAO,001RB00001VTrkRYAT,Activated,a0BRB00000ynb6o2AA,a04RB00000kUAOtYAO,2026-05-20,2026-06-30,,,16000,17600,17600,1600,17600,0,通常,決済済み,送付済み,Success,58549460,INV-0000001210,https://invoice.secure.freee.co.jp/reports/invoices/58549460,true,2026-06-22T00:58:56.000+0000
a00RB000024Ux5aYAC,INV-0000000091,001RB00001VTrI5YAL,a04RB00000kUAP0YAO,001RB00001VTrI5YAL,Activated,a0BRB00000ynb6v2AA,a04RB00000kUAP0YAO,2026-05-20,2026-06-30,,,75000,82500,82500,7500,82500,0,通常,決済済み,送付済み,Success,58549463,INV-0000001211,https://invoice.secure.freee.co.jp/reports/invoices/58549463,true,2026-06-22T00:58:56.000+0000
a00RB000024Ux5bYAC,INV-0000000092,001RB00001VTrlBYAT,a04RB00000kUAOyYAO,001RB00001VTrlBYAT,Activated,a0BRB00000ynb6t2AA,a04RB00000kUAOyYAO,2026-05-20,2026-06-30,,,16000,17600,17600,1600,17600,0,通常,決済済み,送付済み,Success,58549465,INV-0000001212,https://invoice.secure.freee.co.jp/reports/invoices/58549465,true,2026-06-22T00:58:56.000+0000
a00RB000024Ux5cYAC,INV-0000000093,001RB00001VTqgHYAT,a04RB00000kUAOzYAO,001RB00001VTqgHYAT,Expired,a0BRB00000ynb6u2AA,a04RB00000kUAOzYAO,2026-05-20,2026-06-30,,,24000,26400,26400,2400,26400,0,通常,決済済み,送付済み,Success,58549467,INV-0000001213,https://invoice.secure.freee.co.jp/reports/invoices/58549467,true,2026-06-22T00:58:56.000+0000
a00RB000024Ux5dYAC,INV-0000000094,001RB00001VTqeXYAT,a04RB00000kUAP3YAO,001RB00001VTqeXYAT,Activated,a0BRB00000ynb6y2AA,a04RB00000kUAP3YAO,2026-05-20,2026-06-30,,,8000,8800,8800,800,0,8800,通常,決済待ち,送付済み,Success,58549470,INV-0000001214,https://invoice.secure.freee.co.jp/reports/invoices/58549470,true,2026-06-22T00:58:56.000+0000
a00RB000024Ux5eYAC,INV-0000000095,001RB00001VTrkbYAD,a04RB00000kUAP5YAO,001RB00001VTrkbYAD,Activated,a0BRB00000ynb702AA,a04RB00000kUAP5YAO,2026-05-20,2026-06-30,,,75000,82500,82500,7500,82500,0,通常,決済済み,送付済み,Success,58549473,INV-0000001215,https://invoice.secure.freee.co.jp/reports/invoices/58549473,true,2026-06-22T00:58:56.000+0000
a00RB000024Ux5fYAC,INV-0000000096,001RB00001VTrlqYAD,a04RB00000kUAP6YAO,001RB00001VTrlqYAD,Activated,a0BRB00000ynb712AA,a04RB00000kUAP6YAO,2026-05-20,2026-06-30,,,75000,82500,82500,7500,82500,0,通常,決済済み,送付済み,Success,58549475,INV-0000001216,https://invoice.secure.freee.co.jp/reports/invoices/58549475,true,2026-06-22T00:58:56.000+0000
a00RB000024Ux5gYAC,INV-0000000097,001RB00001VTqnvYAD,a04RB00000kUAP4YAO,001RB00001VTqnvYAD,Activated,a0BRB00000ynb6z2AA,a04RB00000kUAP4YAO,2026-05-20,2026-06-30,,,16000,17600,17600,1600,17600,0,通常,決済済み,送付済み,Success,58549477,INV-0000001217,https://invoice.secure.freee.co.jp/reports/invoices/58549477,true,2026-06-22T00:58:56.000+0000
a00RB000024Ux5hYAC,INV-0000000098,001RB00001VTrqeYAD,a04RB00000kUAPAYA4,001RB00001VTrqeYAD,Activated,a0BRB00000ynb752AA,a04RB00000kUAPAYA4,2026-05-20,2026-06-30,,,8000,8800,8800,800,8800,0,通常,決済済み,送付済み,Success,58549480,INV-0000001218,https://invoice.secure.freee.co.jp/reports/invoices/58549480,true,2026-06-22T00:58:56.000+0000
a00RB000024Ux5iYAC,INV-0000000099,001RB00001VTqgBYAT,a04RB00000kVL7VYAW,001RB00001VTqgBYAT,Draft,a0BRB00000ypw682AA,a04RB00000kVL7VYAW,2026-05-22,2026-06-30,,,750000,825000,825000,75000,825000,0,通常,決済済み,送付済み,Success,58937326,INV-0000001278,https://invoice.secure.freee.co.jp/reports/invoices/58937326,true,2026-06-22T00:58:56.000+0000
a00RB000024Ux5jYAC,INV-0000000100,001RB00001VcyFKYAZ,a04RB00000kVL7KYAW,001RB00001VcyFKYAZ,Draft,a0BRB00000ypw5r2AA,a04RB00000kVL7KYAW,2026-05-22,2026-06-30,,,150000,165000,165000,15000,165000,0,通常,決済済み,送付済み,Success,58940950,INV-0000001279,https://invoice.secure.freee.co.jp/reports/invoices/58940950,true,2026-06-22T00:58:56.000+0000
a00RB000024Ux5kYAC,INV-0000000101,001RB00001VTqsxYAD,a04RB00000kUAOnYAO,001RB00001VTqsxYAD,Activated,a0BRB00000ynb6i2AA,a04RB00000kUAOnYAO,2026-05-22,2026-06-30,,,840000,924000,924000,84000,0,924000,通常,決済待ち,送付待ち,Success,58947453,INV-0000001280,https://invoice.secure.freee.co.jp/reports/invoices/58947453,true,2026-06-22T00:58:56.000+0000
a00RB000024Vf1xYAC,INV-0000000102,001RB00001VTraTYAT,a04RB00000kUAOUYA4,001RB00001VTraTYAT,Activated,a0BRB00000ynb6P2AQ,a04RB00000kUAOUYA4,2026-05-25,2026-06-30,,,140000,154000,154000,14000,154000,0,通常,決済済み,送付済み,Success,59062064,INV-0000001281,https://invoice.secure.freee.co.jp/reports/invoices/59062064,true,2026-06-22T00:58:56.000+0000
a00RB000024Vf1yYAC,INV-0000000103,001RB00001VTrvcYAD,a04RB00000kVL7cYAG,001RB00001VTrvcYAD,Draft,a0BRB00000ypw6G2AQ,a04RB00000kVL7cYAG,2026-05-27,,,,295000,324500,324500,29500,0,324500,通常,決済待ち,送付待ち,Success,59295041,INV-0000001283,https://invoice.secure.freee.co.jp/reports/invoices/59295041,true,2026-06-22T00:58:56.000+0000
a00RB000024Vf1zYAC,INV-0000000104,001RB00001VTrxYYAT,a04RB00000kVL7UYAW,001RB00001VTrxYYAT,Draft,a0BRB00000ypw652AA,a04RB00000kVL7UYAW,2026-05-31,2026-07-31,,,96000,105600,105600,9600,105600,0,通常,決済済み,送付済み,Success,60012375,INV-0000001284,https://invoice.secure.freee.co.jp/reports/invoices/60012375,true,2026-06-22T00:58:56.000+0000
a00RB000024Vf20YAC,INV-0000000105,001RB00001VTCZLYA5,a04RB00000kVL7PYAW,001RB00001VTCZLYA5,Draft,a0BRB00000ypw5w2AA,a04RB00000kVL7PYAW,2026-05-31,2026-06-30,,,6000000,6600000,6600000,600000,6600000,0,通常,決済済み,送付済み,Success,60414862,INV-0000001285,https://invoice.secure.freee.co.jp/reports/invoices/60414862,true,2026-06-22T00:58:56.000+0000
a00RB000024Vf21YAC,INV-0000000106,001RB00001VTraTYAT,a04RB00000kUAOUYA4,001RB00001VTraTYAT,Activated,a0BRB00000ynb6P2AQ,a04RB00000kUAOUYA4,2026-06-10,2026-06-30,,,630000,693000,693000,63000,693000,0,通常,決済済み,送付済み,Success,60518749,INV-0000001287,https://invoice.secure.freee.co.jp/reports/invoices/60518749,true,2026-06-22T00:58:56.000+0000
a00RB000024Vf24YAC,INV-0000000109,001RB00001VcyFPYAZ,a04RB00000kVL7hYAG,001RB00001VcyFPYAZ,Draft,a0BRB00000ypw6N2AQ,a04RB00000kVL7hYAG,2026-06-19,2026-07-31,,,48000,52800,52800,4800,0,52800,通常,決済待ち,送付済み,Success,59151137,INV-0000001282,https://invoice.secure.freee.co.jp/reports/invoices/59151137,true,2026-06-22T00:58:56.000+0000
a00RB000024Vf25YAC,INV-0000000110,001RB00001VTCZ9YAP,a04RB00000kVL7LYAW,001RB00001VTCZ9YAP,Draft,a0BRB00000ypw5s2AA,a04RB00000kVL7LYAW,2026-06-19,2026-07-31,,,495000,544500,544500,49500,0,544500,通常,決済待ち,送付済み,Success,60984868,INV-0000001369,https://invoice.secure.freee.co.jp/reports/invoices/60984868,true,2026-06-22T00:58:56.000+0000
a00RB000024Vf26YAC,INV-0000000111,001RB00001VTqUVYA1,a04RB00000kVL7iYAG,001RB00001VTqUVYA1,Draft,a0BRB00000ypw6R2AQ,a04RB00000kVL7iYAG,2026-06-20,2026-07-31,,,209000,229900,229900,20900,0,229900,通常,決済待ち,送付済み,Success,60792877,INV-0000001288,https://invoice.secure.freee.co.jp/reports/invoices/60792877,true,2026-06-22T00:58:56.000+0000
a00RB000024Vf27YAC,INV-0000000112,001RB00001VTqbXYAT,a04RB00000kUAOTYA4,001RB00001VTqbXYAT,Activated,a0BRB00000ynb6O2AQ,a04RB00000kUAOTYA4,2026-06-20,2026-07-31,,,132000,145200,145200,13200,0,145200,通常,決済待ち,送付済み,Success,60792884,INV-0000001289,https://invoice.secure.freee.co.jp/reports/invoices/60792884,true,2026-06-22T00:58:56.000+0000
a00RB000024Vf28YAC,INV-0000000113,001RB00001VTrGkYAL,a04RB00000kUAQAYA4,001RB00001VTrGkYAL,Activated,a0BRB00000ynn622AA,a04RB00000kUAQAYA4,2026-06-20,2026-07-31,,,11000,12100,12100,1100,0,12100,通常,決済待ち,送付済み,Success,60792886,INV-0000001290,https://invoice.secure.freee.co.jp/reports/invoices/60792886,true,2026-06-22T00:58:56.000+0000
a00RB000024Vf29YAC,INV-0000000114,001RB00001VTqxsYAD,a04RB00000kUAOfYAO,001RB00001VTqxsYAD,Activated,a0BRB00000ynb6a2AA,a04RB00000kUAOfYAO,2026-06-20,2026-07-31,,,48000,52800,52800,4800,0,52800,通常,決済待ち,送付済み,Success,60792889,INV-0000001291,https://invoice.secure.freee.co.jp/reports/invoices/60792889,true,2026-06-22T00:58:56.000+0000
a00RB000024Vf2AYAS,INV-0000000115,001RB00001VTqxQYAT,a04RB00000kVL7SYAW,001RB00001VTqxQYAT,Draft,a0BRB00000ypw632AA,a04RB00000kVL7SYAW,2026-06-20,2026-07-31,,,250000,275000,275000,25000,0,275000,通常,決済待ち,送付済み,Success,60792891,INV-0000001292,https://invoice.secure.freee.co.jp/reports/invoices/60792891,true,2026-06-22T00:58:56.000+0000
a00RB000024Vf2BYAS,INV-0000000116,001RB00001VTqy1YAD,a04RB00000kUAOgYAO,001RB00001VTqy1YAD,Activated,a0BRB00000ynb6b2AA,a04RB00000kUAOgYAO,2026-06-20,2026-07-31,,,16000,17600,17600,1600,0,17600,通常,決済待ち,送付済み,Success,60792892,INV-0000001293,https://invoice.secure.freee.co.jp/reports/invoices/60792892,true,2026-06-22T00:58:56.000+0000
a00RB000024Vf2CYAS,INV-0000000117,001RB00001VTqatYAD,a04RB00000kUAQ9YAO,001RB00001VTqatYAD,Activated,a0BRB00000ynn612AA,a04RB00000kUAQ9YAO,2026-06-20,2026-07-31,,,55000,60500,60500,5500,0,60500,通常,決済待ち,送付済み,Success,60792893,INV-0000001294,https://invoice.secure.freee.co.jp/reports/invoices/60792893,true,2026-06-22T00:58:56.000+0000
a00RB000024Vf2DYAS,INV-0000000118,001RB00001VTqW8YAL,a04RB00000kUAOpYAO,001RB00001VTqW8YAL,Activated,a0BRB00000ynb6k2AA,a04RB00000kUAOpYAO,2026-06-20,2026-07-31,,,24000,26400,26400,2400,26400,0,通常,決済済み,送付済み,Success,60792894,INV-0000001295,https://invoice.secure.freee.co.jp/reports/invoices/60792894,true,2026-06-22T00:58:56.000+0000
a00RB000024Vf2EYAS,INV-0000000119,001RB00001VTr0hYAD,a04RB00000kUAOhYAO,001RB00001VTr0hYAD,Activated,a0BRB00000ynb6c2AA,a04RB00000kUAOhYAO,2026-06-20,2026-07-31,,,8000,8800,8800,800,8800,0,通常,決済済み,送付済み,Success,60792896,INV-0000001296,https://invoice.secure.freee.co.jp/reports/invoices/60792896,true,2026-06-22T00:58:56.000+0000
a00RB000024Vf2FYAS,INV-0000000120,001RB00001VTrkYYAT,a04RB00000kUAQCYA4,001RB00001VTrkYYAT,Activated,a0BRB00000ynn642AA,a04RB00000kUAQCYA4,2026-06-20,2026-07-31,,,55000,60500,60500,5500,60500,0,通常,決済済み,送付済み,Success,60792897,INV-0000001297,https://invoice.secure.freee.co.jp/reports/invoices/60792897,true,2026-06-22T00:58:56.000+0000
a00RB000024Vf2GYAS,INV-0000000121,001RB00001VTtIiYAL,a04RB00000kUAQBYA4,001RB00001VTtIiYAL,Activated,a0BRB00000ynn632AA,a04RB00000kUAQBYA4,2026-06-20,2026-07-31,,,11000,12100,12100,1100,0,12100,通常,決済待ち,送付済み,Success,60792898,INV-0000001298,https://invoice.secure.freee.co.jp/reports/invoices/60792898,true,2026-06-22T00:58:56.000+0000
a00RB000024Vf2HYAS,INV-0000000122,001RB00001VTrkRYAT,a04RB00000kUAOtYAO,001RB00001VTrkRYAT,Activated,a0BRB00000ynb6o2AA,a04RB00000kUAOtYAO,2026-06-20,2026-07-31,,,16000,17600,17600,1600,17600,0,通常,決済済み,送付済み,Success,60792899,INV-0000001299,https://invoice.secure.freee.co.jp/reports/invoices/60792899,true,2026-06-22T00:58:56.000+0000
a00RB000024Vf2IYAS,INV-0000000123,001RB00001VTrI5YAL,a04RB00000kUAP0YAO,001RB00001VTrI5YAL,Activated,a0BRB00000ynb6v2AA,a04RB00000kUAP0YAO,2026-06-20,2026-07-31,,,75000,82500,82500,7500,82500,0,通常,決済済み,送付済み,Success,60792900,INV-0000001300,https://invoice.secure.freee.co.jp/reports/invoices/60792900,true,2026-06-22T00:58:56.000+0000
a00RB000024Vf2JYAS,INV-0000000124,001RB00001VTrlBYAT,a04RB00000kUAOyYAO,001RB00001VTrlBYAT,Activated,a0BRB00000ynb6t2AA,a04RB00000kUAOyYAO,2026-06-20,2026-07-31,,,16000,17600,17600,1600,17600,0,通常,決済済み,送付済み,Success,60792903,INV-0000001301,https://invoice.secure.freee.co.jp/reports/invoices/60792903,true,2026-06-22T00:58:56.000+0000
a00RB000024Vf2KYAS,INV-0000000125,001RB00001VTqgHYAT,a04RB00000kUAOzYAO,001RB00001VTqgHYAT,Expired,a0BRB00000ynb6u2AA,a04RB00000kUAOzYAO,2026-06-20,2026-07-31,,,24000,26400,26400,2400,0,26400,通常,決済待ち,送付済み,Success,60792904,INV-0000001302,https://invoice.secure.freee.co.jp/reports/invoices/60792904,true,2026-06-22T00:58:56.000+0000
a00RB000024Vf2LYAS,INV-0000000126,001RB00001VTqeXYAT,a04RB00000kUAP3YAO,001RB00001VTqeXYAT,Activated,a0BRB00000ynb6y2AA,a04RB00000kUAP3YAO,2026-06-20,2026-07-31,,,8000,8800,8800,800,0,8800,通常,決済待ち,送付済み,Success,60792905,INV-0000001303,https://invoice.secure.freee.co.jp/reports/invoices/60792905,true,2026-06-22T00:58:56.000+0000
a00RB000024Vf2MYAS,INV-0000000127,001RB00001VTrkbYAD,a04RB00000kUAP5YAO,001RB00001VTrkbYAD,Activated,a0BRB00000ynb702AA,a04RB00000kUAP5YAO,2026-06-20,2026-07-31,,,75000,82500,82500,7500,82500,0,通常,決済済み,送付済み,Success,60792906,INV-0000001304,https://invoice.secure.freee.co.jp/reports/invoices/60792906,true,2026-06-22T00:58:56.000+0000
a00RB000024Vf2NYAS,INV-0000000128,001RB00001VTrlqYAD,a04RB00000kUAP6YAO,001RB00001VTrlqYAD,Activated,a0BRB00000ynb712AA,a04RB00000kUAP6YAO,2026-06-20,2026-07-31,,,75000,82500,82500,7500,0,82500,通常,決済待ち,送付済み,Success,60792907,INV-0000001305,https://invoice.secure.freee.co.jp/reports/invoices/60792907,true,2026-06-22T00:58:56.000+0000
a00RB000024Vf2OYAS,INV-0000000129,001RB00001VTrqdYAD,a04RB00000kUAP7YAO,001RB00001VTrqdYAD,Activated,a0BRB00000ynb722AA,a04RB00000kUAP7YAO,2026-06-20,2026-07-31,,,8000,8800,8800,800,8800,0,通常,決済済み,送付済み,Success,60792909,INV-0000001306,https://invoice.secure.freee.co.jp/reports/invoices/60792909,true,2026-06-22T00:58:56.000+0000
a00RB000024Vf2PYAS,INV-0000000130,001RB00001VTqnvYAD,a04RB00000kUAP4YAO,001RB00001VTqnvYAD,Activated,a0BRB00000ynb6z2AA,a04RB00000kUAP4YAO,2026-06-20,2026-07-31,,,16000,17600,17600,1600,17600,0,通常,決済済み,送付済み,Success,60792910,INV-0000001307,https://invoice.secure.freee.co.jp/reports/invoices/60792910,true,2026-06-22T00:58:56.000+0000
a00RB000024Vf2QYAS,INV-0000000131,001RB00001VTCZLYA5,a04RB00000kVL7PYAW,001RB00001VTCZLYA5,Draft,a0BRB00000ypw5x2AA,a04RB00000kVL7PYAW,2026-06-30,2026-07-31,,,6000000,6600000,6600000,600000,0,6600000,通常,決済待ち,送付済み,Success,60792928,INV-0000001315,https://invoice.secure.freee.co.jp/reports/invoices/60792928,true,2026-06-22T00:58:56.000+0000
a00RB000027ffOkYAI,INV-0000000132,001RB00001VTCZZYA5,a04RB00000kUAPIYA4,001RB00001VTCZZYA5,Activated,a0BRB00000ynn592AA,a04RB00000kUAPIYA4,2026-06-23,2026-07-31,,,32000,35200,35200,,0,35200,通常,決済待ち,送付済み,Success,62350392,INV-0000001378,https://invoice.secure.freee.co.jp/reports/invoices/62350392,true,2026-07-06T22:20:37.000+0000
a00RB000027flsLYAQ,INV-0000000133,001RB00001VTqfsYAD,a04RB00000kUAPzYAO,001RB00001VTqfsYAD,解約,,,2026-06-20,2026-07-31,,,11000,12100,12100,,0,12100,通常,決済待ち,送付済み,Success,60861151,INV-0000001317,https://invoice.secure.freee.co.jp/reports/invoices/60861151,true,2026-07-06T22:24:11.000+0000
a00RB000027fzNRYAY,INV-0000000134,001RB00001VTqbbYAD,a04RB00000kUAOFYA4,001RB00001VTqbbYAD,Activated,a0BRB00000ynb6A2AQ,a04RB00000kUAOFYA4,2026-06-20,2026-07-31,,,8000,8800,8800,,0,8800,通常,決済待ち,送付済み,Success,60861172,INV-0000001333,https://invoice.secure.freee.co.jp/reports/invoices/60861172,true,2026-07-06T22:34:29.000+0000
a00RB000027fzNSYAY,INV-0000000135,001RB00001VTqU3YAL,a04RB00000kUAO7YAO,001RB00001VTqU3YAL,Activated,a0BRB00000ynb622AA,a04RB00000kUAO7YAO,2026-06-20,2026-07-31,,,8000,8800,8800,,8800,0,通常,決済済み,送付済み,Success,60861174,INV-0000001335,https://invoice.secure.freee.co.jp/reports/invoices/60861174,true,2026-07-06T22:34:29.000+0000
a00RB000027fzNTYAY,INV-0000000136,001RB00001VTCYFYA5,a04RB00000kUAO2YAO,001RB00001VTCYFYA5,Activated,a0BRB00000ynb5x2AA,a04RB00000kUAO2YAO,2026-06-20,2026-07-31,,,16000,17600,17600,,0,17600,通常,決済待ち,送付済み,Success,60861175,INV-0000001336,https://invoice.secure.freee.co.jp/reports/invoices/60861175,true,2026-07-06T22:34:29.000+0000
a00RB000027fzNUYAY,INV-0000000137,001RB00001VTCYGYA5,a04RB00000kUAO1YAO,001RB00001VTCYGYA5,Activated,a0BRB00000ynb5w2AA,a04RB00000kUAO1YAO,2026-06-20,2026-07-31,,,55000,60500,60500,,60500,0,通常,決済済み,送付済み,Success,60861177,INV-0000001337,https://invoice.secure.freee.co.jp/reports/invoices/60861177,true,2026-07-06T22:34:29.000+0000
a00RB000027fzNVYAY,INV-0000000138,001RB00001VTqUoYAL,a04RB00000kUANwYAO,001RB00001VTqUoYAL,Activated,a0BRB00000ynb5r2AA,a04RB00000kUANwYAO,2026-06-20,2026-07-31,,,8000,8800,8800,,0,8800,通常,決済待ち,送付済み,Success,60861180,INV-0000001339,https://invoice.secure.freee.co.jp/reports/invoices/60861180,true,2026-07-06T22:34:29.000+0000
a00RB000027fzNWYAY,INV-0000000139,001RB00001VTqlOYAT,a04RB00000kUANmYAO,001RB00001VTqlOYAT,Activated,a0BRB00000ynb5h2AA,a04RB00000kUANmYAO,2026-06-20,2026-07-31,,,8000,8800,8800,,0,8800,通常,決済待ち,送付済み,Success,60861182,INV-0000001341,https://invoice.secure.freee.co.jp/reports/invoices/60861182,true,2026-07-06T22:34:29.000+0000
a00RB000027fzNXYAY,INV-0000000140,001RB00001VTrs0YAD,a04RB00000kUANgYAO,001RB00001VTrs0YAD,Activated,a0BRB00000ynb5b2AA,a04RB00000kUANgYAO,2026-06-20,2026-07-31,,,11000,12100,12100,,0,12100,通常,決済待ち,送付済み,Success,60861183,INV-0000001342,https://invoice.secure.freee.co.jp/reports/invoices/60861183,true,2026-07-06T22:34:29.000+0000
a00RB000027fzNYYAY,INV-0000000141,001RB00001VTrmnYAD,a04RB00000kUAO0YAO,001RB00001VTrmnYAD,Activated,a0BRB00000ynb5v2AA,a04RB00000kUAO0YAO,2026-06-20,2026-07-31,,,55000,60500,60500,,0,60500,通常,決済待ち,送付済み,Success,60861184,INV-0000001343,https://invoice.secure.freee.co.jp/reports/invoices/60861184,true,2026-07-06T22:34:29.000+0000
a00RB000027fzNZYAY,INV-0000000142,001RB00001VTqZWYA1,a04RB00000kUAPjYAO,001RB00001VTqZWYA1,Activated,a0BRB00000ynn5b2AA,a04RB00000kUAPjYAO,2026-06-20,2026-07-31,,,11000,12100,12100,,0,12100,通常,決済待ち,送付済み,Success,60861185,INV-0000001344,https://invoice.secure.freee.co.jp/reports/invoices/60861185,true,2026-07-06T22:34:29.000+0000
a00RB000027fzNaYAI,INV-0000000143,001RB00001VTqnbYAD,a04RB00000kUAQ2YAO,001RB00001VTqnbYAD,Activated,a0BRB00000ynn5u2AA,a04RB00000kUAQ2YAO,2026-06-20,2026-07-31,,,11000,12100,12100,,12100,0,通常,決済済み,送付済み,Success,60861186,INV-0000001345,https://invoice.secure.freee.co.jp/reports/invoices/60861186,true,2026-07-06T22:34:29.000+0000
a00RB000027fzNbYAI,INV-0000000144,001RB00001VTqnHYAT,a04RB00000kUAQ3YAO,001RB00001VTqnHYAT,Activated,a0BRB00000ynn5v2AA,a04RB00000kUAQ3YAO,2026-06-20,2026-07-31,,,11000,12100,12100,,0,12100,通常,決済待ち,送付済み,Success,60861187,INV-0000001346,https://invoice.secure.freee.co.jp/reports/invoices/60861187,true,2026-07-06T22:34:29.000+0000
a00RB000027fzNcYAI,INV-0000000145,001RB00001VTqmBYAT,a04RB00000kUAORYA4,001RB00001VTqmBYAT,Activated,a0BRB00000ynb6M2AQ,a04RB00000kUAORYA4,2026-06-20,2026-07-31,,,55000,60500,60500,,0,60500,通常,決済待ち,送付済み,Success,60861189,INV-0000001348,https://invoice.secure.freee.co.jp/reports/invoices/60861189,true,2026-07-06T22:34:29.000+0000
a00RB000027fzNdYAI,INV-0000000146,001RB00001VTrqeYAD,a04RB00000kUAPAYA4,001RB00001VTrqeYAD,Activated,a0BRB00000ynb752AA,a04RB00000kUAPAYA4,2026-06-20,2026-07-31,,,8000,8800,8800,,0,8800,通常,決済待ち,送付済み,Success,60792913,INV-0000001308,https://invoice.secure.freee.co.jp/reports/invoices/60792913,true,2026-07-06T22:34:29.000+0000
a00RB000027fzNeYAI,INV-0000000147,001RB00001VTrUSYA1,a04RB00000kUAP1YAO,001RB00001VTrUSYA1,Activated,a0BRB00000ynb6w2AA,a04RB00000kUAP1YAO,2026-06-20,2026-07-31,,,40000,44000,44000,,0,44000,通常,決済待ち,送付済み,Success,60792915,INV-0000001309,https://invoice.secure.freee.co.jp/reports/invoices/60792915,true,2026-07-06T22:34:29.000+0000
a00RB000027fzNfYAI,INV-0000000148,001RB00001VTqU8YAL,a04RB00000kUAPEYA4,001RB00001VTqU8YAL,Activated,a0BRB00000ynn552AA,a04RB00000kUAPEYA4,2026-06-20,2026-07-31,,,8000,8800,8800,,8800,0,通常,決済済み,送付済み,Success,60792917,INV-0000001310,https://invoice.secure.freee.co.jp/reports/invoices/60792917,true,2026-07-06T22:34:29.000+0000
a00RB000027fzNgYAI,INV-0000000149,001RB00001VTrYEYA1,a04RB00000kUAPBYA4,001RB00001VTrYEYA1,Activated,a0BRB00000ynb762AA,a04RB00000kUAPBYA4,2026-06-20,2026-07-31,,,8000,8800,8800,,0,8800,通常,決済待ち,送付済み,Success,60792918,INV-0000001311,https://invoice.secure.freee.co.jp/reports/invoices/60792918,true,2026-07-06T22:34:29.000+0000
a00RB000027fzNhYAI,INV-0000000150,001RB00001VTrqdYAD,a04RB00000kUAP7YAO,001RB00001VTrqdYAD,Activated,a0BRB00000ynb722AA,a04RB00000kUAP7YAO,2026-06-20,2026-07-31,,,8000,8800,8800,,0,8800,通常,決済待ち,送付済み,Success,60792921,INV-0000001312,https://invoice.secure.freee.co.jp/reports/invoices/60792921,true,2026-07-06T22:34:29.000+0000
a00RB000027fzNiYAI,INV-0000000151,001RB00001VTro2YAD,a04RB00000kUAPHYA4,001RB00001VTro2YAD,Activated,a0BRB00000ynn582AA,a04RB00000kUAPHYA4,2026-06-20,2026-07-31,,,8000,8800,8800,,0,8800,通常,決済待ち,送付済み,Success,60792925,INV-0000001314,https://invoice.secure.freee.co.jp/reports/invoices/60792925,true,2026-07-06T22:34:29.000+0000
a00RB000027fzNjYAI,INV-0000000152,001RB00001VTtIfYAL,a04RB00000kUAQ0YAO,001RB00001VTtIfYAL,Activated,a0BRB00000ynn5s2AA,a04RB00000kUAQ0YAO,2026-06-20,2026-07-31,,,11000,12100,12100,,0,12100,通常,決済待ち,送付済み,Success,60861149,INV-0000001316,https://invoice.secure.freee.co.jp/reports/invoices/60861149,true,2026-07-06T22:34:29.000+0000
a00RB000027fzNkYAI,INV-0000000153,001RB00001VTtIdYAL,a04RB00000kUAPxYAO,001RB00001VTtIdYAL,Activated,a0BRB00000ynn5p2AA,a04RB00000kUAPxYAO,2026-06-20,2026-07-31,,,11000,12100,12100,,0,12100,通常,決済待ち,送付済み,Success,60861153,INV-0000001318,https://invoice.secure.freee.co.jp/reports/invoices/60861153,true,2026-07-06T22:34:29.000+0000
a00RB000027fzNlYAI,INV-0000000154,001RB00001VTqaKYAT,a04RB00000kUAPnYAO,001RB00001VTqaKYAT,Activated,a0BRB00000ynn5f2AA,a04RB00000kUAPnYAO,2026-06-20,2026-07-31,,,11000,12100,12100,,0,12100,通常,決済待ち,送付済み,Success,60861156,INV-0000001321,https://invoice.secure.freee.co.jp/reports/invoices/60861156,true,2026-07-06T22:34:29.000+0000
a00RB000027fzNmYAI,INV-0000000155,001RB00001VTtIXYA1,a04RB00000kUAPlYAO,001RB00001VTtIXYA1,Activated,a0BRB00000ynn5d2AA,a04RB00000kUAPlYAO,2026-06-20,2026-07-31,,,11000,12100,12100,,0,12100,通常,決済待ち,送付済み,Success,60861157,INV-0000001322,https://invoice.secure.freee.co.jp/reports/invoices/60861157,true,2026-07-06T22:34:29.000+0000
a00RB000027fzNnYAI,INV-0000000156,001RB00001VTqaGYAT,a04RB00000kUAPbYAO,001RB00001VTqaGYAT,Activated,a0BRB00000ynn5T2AQ,a04RB00000kUAPbYAO,2026-06-20,2026-07-31,,,33000,36300,36300,,36300,0,通常,決済済み,送付済み,Success,60861162,INV-0000001326,https://invoice.secure.freee.co.jp/reports/invoices/60861162,true,2026-07-06T22:34:29.000+0000
a00RB000027fzNoYAI,INV-0000000157,001RB00001VTqZVYA1,a04RB00000kUAPXYA4,001RB00001VTqZVYA1,Activated,a0BRB00000ynn5P2AQ,a04RB00000kUAPXYA4,2026-06-20,2026-07-31,,,11000,12100,12100,,0,12100,通常,決済待ち,送付済み,Success,60861164,INV-0000001327,https://invoice.secure.freee.co.jp/reports/invoices/60861164,true,2026-07-06T22:34:29.000+0000
a00RB000027fzNpYAI,INV-0000000158,001RB00001VTqZpYAL,a04RB00000kUAPVYA4,001RB00001VTqZpYAL,Activated,a0BRB00000ynn5N2AQ,a04RB00000kUAPVYA4,2026-06-20,2026-07-31,,,11000,12100,12100,,0,12100,通常,決済待ち,送付済み,Success,60861166,INV-0000001328,https://invoice.secure.freee.co.jp/reports/invoices/60861166,true,2026-07-06T22:34:29.000+0000
a00RB000027fzNqYAI,INV-0000000159,001RB00001VTqbqYAD,a04RB00000kUAQ6YAO,001RB00001VTqbqYAD,Activated,a0BRB00000ynn5y2AA,a04RB00000kUAQ6YAO,2026-06-20,2026-07-31,,,55000,60500,60500,,0,60500,通常,決済待ち,送付済み,Success,60861193,INV-0000001350,https://invoice.secure.freee.co.jp/reports/invoices/60861193,true,2026-07-06T22:34:29.000+0000
a00RB000027fzNrYAI,INV-0000000160,001RB00001VTqlYYAT,a04RB00000kUANdYAO,001RB00001VTqlYYAT,Activated,a0BRB00000ynb5Y2AQ,a04RB00000kUANdYAO,2026-06-20,2026-07-31,,,64000,70400,70400,,70400,0,通常,決済済み,送付済み,Success,60899966,INV-0000001351,https://invoice.secure.freee.co.jp/reports/invoices/60899966,true,2026-07-06T22:34:29.000+0000
a00RB000027fzNsYAI,INV-0000000161,001RB00001VTqlHYAT,a04RB00000kUANiYAO,001RB00001VTqlHYAT,Activated,a0BRB00000ynb5d2AA,a04RB00000kUANiYAO,2026-06-20,2026-07-31,,,550000,605000,605000,,0,605000,通常,決済待ち,送付済み,Success,60900081,INV-0000001352,https://invoice.secure.freee.co.jp/reports/invoices/60900081,true,2026-07-06T22:34:29.000+0000
a00RB000027fzNtYAI,INV-0000000162,001RB00001VTqleYAD,a04RB00000kUAObYAO,001RB00001VTqleYAD,Activated,a0BRB00000ynb6W2AQ,a04RB00000kUAObYAO,2026-06-20,2026-07-31,,,12800,14080,14080,,0,14080,通常,決済待ち,送付済み,Success,60901483,INV-0000001353,https://invoice.secure.freee.co.jp/reports/invoices/60901483,true,2026-07-06T22:34:29.000+0000
a00RB000027fzNuYAI,INV-0000000163,001RB00001VTqkQYAT,a04RB00000kUAPFYA4,001RB00001VTqkQYAT,Activated,a0BRB00000ynn562AA,a04RB00000kUAPFYA4,2026-06-20,2026-07-31,,,8000,8800,8800,,8800,0,通常,決済済み,送付済み,Success,60905677,INV-0000001356,https://invoice.secure.freee.co.jp/reports/invoices/60905677,true,2026-07-06T22:34:29.000+0000
a00RB000027fzNvYAI,INV-0000000164,001RB00001VTrxYYAT,a04RB00000kUAPNYA4,001RB00001VTrxYYAT,Activated,a0BRB00000ynn5E2AQ,a04RB00000kUAPNYA4,2026-06-20,2026-07-31,,,96000,105600,105600,,0,105600,通常,決済待ち,送付済み,Success,60946173,INV-0000001361,https://invoice.secure.freee.co.jp/reports/invoices/60946173,true,2026-07-06T22:34:29.000+0000
a00RB000027fzNwYAI,INV-0000000165,001RB00001VTqleYAD,a04RB00000kUAObYAO,001RB00001VTqleYAD,Activated,a0BRB00000ynb6W2AQ,a04RB00000kUAObYAO,2026-06-20,2026-07-31,,,921600,84480,84480,,0,84480,通常,決済待ち,送付済み,Success,60953208,INV-0000001364,https://invoice.secure.freee.co.jp/reports/invoices/60953208,true,2026-07-06T22:34:29.000+0000
a00RB000027fzNxYAI,INV-0000000166,001RB00001VTqsxYAD,a04RB00000kUAOnYAO,001RB00001VTqsxYAD,Activated,a0BRB00000ynb6i2AA,a04RB00000kUAOnYAO,2026-06-20,2026-07-31,,,75000,82500,82500,,0,82500,通常,決済待ち,送付済み,Success,60953422,INV-0000001365,https://invoice.secure.freee.co.jp/reports/invoices/60953422,true,2026-07-06T22:34:29.000+0000
a00RB000027lnMpYAI,INV-0000000167,001RB00001VcyFOYAZ,a04RB00000kVL7gYAG,001RB00001VcyFOYAZ,Draft,a0BRB00000ypw6M2AQ,a04RB00000kVL7gYAG,2026-03-31,2026-04-30,,,1870000,2057000,2057000,,0,2057000,通常,決済待ち,送付待ち,Success,55195079,INV-0000001103,https://invoice.secure.freee.co.jp/reports/invoices/55195079,true,2026-07-07T03:59:01.000+0000
a00RB000027lnMqYAI,INV-0000000168,001RB00001VTruAYAT,a04RB00000kUAOAYA4,001RB00001VTruAYAT,Activated,a0BRB00000ynb652AA,a04RB00000kUAOAYA4,2026-03-20,2026-04-30,,,75000,60500,60500,,60500,0,通常,決済済み,送付済み,Success,54153851,INV-0000001067,https://invoice.secure.freee.co.jp/reports/invoices/54153851,true,2026-07-07T03:59:01.000+0000
a00RB000027lnMrYAI,INV-0000000169,001RB00001VTruAYAT,a04RB00000kUAOAYA4,001RB00001VTruAYAT,Activated,a0BRB00000ynb652AA,a04RB00000kUAOAYA4,2026-05-20,2026-06-30,,,75000,60500,60500,,60500,0,通常,決済済み,送付済み,Success,58573635,INV-0000001243,https://invoice.secure.freee.co.jp/reports/invoices/58573635,true,2026-07-07T03:59:01.000+0000
a00RB000027lnMsYAI,INV-0000000170,001RB00001VTruAYAT,a04RB00000kUAOAYA4,001RB00001VTruAYAT,Activated,a0BRB00000ynb652AA,a04RB00000kUAOAYA4,2026-04-20,2026-05-31,,,75000,60500,60500,,60500,0,通常,決済済み,送付済み,Success,56527546,INV-0000001143,https://invoice.secure.freee.co.jp/reports/invoices/56527546,true,2026-07-07T03:59:01.000+0000
a00RB000029DnWEYA0,INV-0000000171,001RB00001VTrr2YAD,a04RB00000mYhriYAC,001RB00001VTrr2YAD,Draft,a0BRB000011EvWn2AK,a04RB00000mYhriYAC,2026-07-20,2026-08-31,2026-07-01,2026-07-31,1440000,,,,0,1584000,通常,決済待ち,送付待ち,Success,63110944,INV-0000001411,https://invoice.secure.freee.co.jp/reports/invoices/63110944,true,2026-07-14T11:11:59.000+0000
a00RB000029OI8sYAG,INV-0000000172,001RB00001VTrRuYAL,a04RB00000md4o5YAA,001RB00001VTrRuYAL,Draft,a0BRB000011KClV2AW,a04RB00000md4o5YAA,2026-07-20,2026-08-31,2026-07-01,2026-07-31,32000,,,,0,35200,通常,決済待ち,送付済み,Success,63110969,INV-0000001412,https://invoice.secure.freee.co.jp/reports/invoices/63110969,true,2026-07-15T06:56:33.000+0000
a00RB000029dDiLYAU,INV-0000000173,001RB00001VTqgHYAT,a04RB00000miHmIYAU,001RB00001VTqgHYAT,Activated,a0BRB000011R30j2AC,a04RB00000miHmIYAU,2026-07-20,2026-08-31,2026-07-01,2026-07-31,40000,,,,,,通常,決済待ち,送付待ち,Processing,,,,false,2026-07-16T05:42:45.000+0000
a00RB000029dRq9YAE,INV-0000000174,001RB00001b3qNeYAI,a04RB00000miY3xYAE,001RB00001b3qNeYAI,Draft,a0BRB000011R8A52AK,a04RB00000miY3xYAE,2026-07-20,2026-08-31,2026-07-01,2026-07-31,8000,,,,0,8800,通常,決済待ち,送付済み,Success,63120578,INV-0000001413,https://invoice.secure.freee.co.jp/reports/invoices/63120578,true,2026-07-16T05:54:06.000+0000
a00RB000029duDrYAI,INV-0000000177,001RB00001VTrrHYAT,a04RB00000mj59ZYAQ,001RB00001VTrrHYAT,Draft,a0BRB000011Rijp2AC,a04RB00000mj59ZYAQ,2026-07-20,2026-08-31,2026-07-01,2026-07-31,75000,,,,0,82500,通常,決済待ち,送付済み,Success,63128994,INV-0000001421,https://invoice.secure.freee.co.jp/reports/invoices/63128994,true,2026-07-16T07:21:47.000+0000
a00RB00002Am2AUYAZ,INV-0000000178,001RB00001VTtIWYA1,a04RB00000kUAPiYAO,001RB00001VTtIWYA1,Activated,a0BRB0000124jua2AA,a04RB00000kUAPiYAO,2026-06-20,2026-07-31,,,55000,60500,60500,,60500,0,通常,決済済み,送付済み,Success,60861158,INV-0000001323,https://invoice.secure.freee.co.jp/reports/invoices/60861158,true,2026-07-23T07:04:29.000+0000
a00RB00002Am2AVYAZ,INV-0000000179,001RB00001VTtIWYA1,a04RB00000kUAPiYAO,001RB00001VTtIWYA1,Activated,a0BRB0000124juX2AQ,a04RB00000kUAPiYAO,2026-03-20,2026-04-30,,,55000,60500,60500,,60500,0,通常,決済済み,送付済み,Success,54153833,INV-0000001053,https://invoice.secure.freee.co.jp/reports/invoices/54153833,true,2026-07-23T07:04:29.000+0000
a00RB00002Am2AWYAZ,INV-0000000180,001RB00001VTqbbYAD,a04RB00000kUAOFYA4,001RB00001VTqbbYAD,Activated,a0BRB00000ynb6A2AQ,a04RB00000kUAOFYA4,2026-03-20,2026-04-30,,,8000,8800,8800,,8800,0,通常,決済済み,送付済み,Success,54153849,INV-0000001066,https://invoice.secure.freee.co.jp/reports/invoices/54153849,true,2026-07-23T07:04:29.000+0000
a00RB00002Am2AXYAZ,INV-0000000181,001RB00001VTqU3YAL,a04RB00000kUAO7YAO,001RB00001VTqU3YAL,Activated,a0BRB00000ynb622AA,a04RB00000kUAO7YAO,2026-03-20,2026-04-30,,,8000,8800,8800,,8800,0,通常,決済済み,送付済み,Success,54153853,INV-0000001068,https://invoice.secure.freee.co.jp/reports/invoices/54153853,true,2026-07-23T07:04:29.000+0000
a00RB00002Am2AYYAZ,INV-0000000182,001RB00001VTCYFYA5,a04RB00000kUAO2YAO,001RB00001VTCYFYA5,Activated,a0BRB00000ynb5x2AA,a04RB00000kUAO2YAO,2026-03-20,2026-04-30,,,16000,17600,17600,,17600,0,通常,決済済み,送付済み,Success,54153854,INV-0000001069,https://invoice.secure.freee.co.jp/reports/invoices/54153854,true,2026-07-23T07:04:29.000+0000
a00RB00002Am2AZYAZ,INV-0000000183,001RB00001VTqlOYAT,a04RB00000kUANmYAO,001RB00001VTqlOYAT,Activated,a0BRB00000ynb5h2AA,a04RB00000kUANmYAO,2026-04-20,2026-05-31,,,8000,8800,8800,,8800,0,通常,決済済み,送付済み,Success,56527557,INV-0000001151,https://invoice.secure.freee.co.jp/reports/invoices/56527557,true,2026-07-23T07:04:29.000+0000
a00RB00002Am2AaYAJ,INV-0000000184,001RB00001VTrs0YAD,a04RB00000kUANgYAO,001RB00001VTrs0YAD,Activated,a0BRB00000ynb5b2AA,a04RB00000kUANgYAO,2026-04-20,2026-05-31,,,11000,12100,12100,,12100,0,通常,決済済み,送付済み,Success,56527558,INV-0000001152,https://invoice.secure.freee.co.jp/reports/invoices/56527558,true,2026-07-23T07:04:29.000+0000
a00RB00002Am2AbYAJ,INV-0000000185,001RB00001VTrmnYAD,a04RB00000kUAO0YAO,001RB00001VTrmnYAD,Activated,a0BRB00000ynb5v2AA,a04RB00000kUAO0YAO,2026-04-20,2026-05-31,,,55000,60500,60500,,60500,0,通常,決済済み,送付済み,Success,56527559,INV-0000001153,https://invoice.secure.freee.co.jp/reports/invoices/56527559,true,2026-07-23T07:04:29.000+0000
a00RB00002Am2AcYAJ,INV-0000000186,001RB00001VTqmBYAT,a04RB00000kUAORYA4,001RB00001VTqmBYAT,Activated,a0BRB00000ynb6M2AQ,a04RB00000kUAORYA4,2026-04-20,2026-05-31,,,55000,60500,60500,,60500,0,通常,決済済み,送付済み,Success,56527565,INV-0000001158,https://invoice.secure.freee.co.jp/reports/invoices/56527565,true,2026-07-23T07:04:29.000+0000
a00RB00002Am2AdYAJ,INV-0000000187,001RB00001VTqbqYAD,a04RB00000kUAQ6YAO,001RB00001VTqbqYAD,Activated,a0BRB00000ynn5y2AA,a04RB00000kUAQ6YAO,2026-04-20,2026-05-31,,,55000,60500,60500,,0,60500,通常,決済待ち,送付済み,Success,56527568,INV-0000001160,https://invoice.secure.freee.co.jp/reports/invoices/56527568,true,2026-07-23T07:04:29.000+0000
a00RB00002Am2AeYAJ,INV-0000000188,001RB00001VTqlYYAT,a04RB00000kUANdYAO,001RB00001VTqlYYAT,Activated,a0BRB00000ynb5Y2AQ,a04RB00000kUANdYAO,2026-04-20,2026-05-31,,,64000,70400,70400,,70400,0,通常,決済済み,送付済み,Success,56675516,INV-0000001162,https://invoice.secure.freee.co.jp/reports/invoices/56675516,true,2026-07-23T07:04:29.000+0000
a00RB00002Am2AfYAJ,INV-0000000189,001RB00001VTqlHYAT,a04RB00000kUANiYAO,001RB00001VTqlHYAT,Activated,a0BRB00000ynb5d2AA,a04RB00000kUANiYAO,2026-04-20,2026-05-31,,,462000,508200,508200,,508200,0,通常,決済済み,送付済み,Success,56677820,INV-0000001164,https://invoice.secure.freee.co.jp/reports/invoices/56677820,true,2026-07-23T07:04:29.000+0000
a00RB00002Am2AgYAJ,INV-0000000190,001RB00001VTqf7YAD,a04RB00000kUAOjYAO,001RB00001VTqf7YAD,Activated,a0BRB00000ynb6e2AA,a04RB00000kUAOjYAO,2026-04-20,2026-05-31,,,16000,17600,17600,,17600,0,通常,決済済み,送付済み,Success,56681225,INV-0000001169,https://invoice.secure.freee.co.jp/reports/invoices/56681225,true,2026-07-23T07:04:29.000+0000
a00RB00002Am2AhYAJ,INV-0000000191,001RB00001VTrlBYAT,a04RB00000kUAOyYAO,001RB00001VTrlBYAT,Activated,a0BRB00000ynb6t2AA,a04RB00000kUAOyYAO,2026-04-20,2026-05-31,,,16000,17600,17600,,17600,0,通常,決済済み,送付済み,Success,56683113,INV-0000001172,https://invoice.secure.freee.co.jp/reports/invoices/56683113,true,2026-07-23T07:04:29.000+0000
a00RB00002Am2AiYAJ,INV-0000000192,001RB00001VTqgHYAT,a04RB00000kUAOzYAO,001RB00001VTqgHYAT,Expired,a0BRB00000ynb6u2AA,a04RB00000kUAOzYAO,2026-04-20,2026-05-31,,,24000,26400,26400,,26400,0,通常,決済済み,送付済み,Success,56683462,INV-0000001173,https://invoice.secure.freee.co.jp/reports/invoices/56683462,true,2026-07-23T07:04:29.000+0000
a00RB00002Am2AjYAJ,INV-0000000193,001RB00001VTqeXYAT,a04RB00000kUAP3YAO,001RB00001VTqeXYAT,Activated,a0BRB00000ynb6y2AA,a04RB00000kUAP3YAO,2026-04-20,2026-05-31,,,8000,8800,8800,,0,8800,通常,決済待ち,送付済み,Success,56683907,INV-0000001174,https://invoice.secure.freee.co.jp/reports/invoices/56683907,true,2026-07-23T07:04:29.000+0000
a00RB00002Am2AkYAJ,INV-0000000194,001RB00001VTrkbYAD,a04RB00000kUAP5YAO,001RB00001VTrkbYAD,Activated,a0BRB00000ynb702AA,a04RB00000kUAP5YAO,2026-04-20,2026-05-31,,,75000,82500,82500,,82500,0,通常,決済済み,送付済み,Success,56684523,INV-0000001175,https://invoice.secure.freee.co.jp/reports/invoices/56684523,true,2026-07-23T07:04:29.000+0000
a00RB00002Am2AlYAJ,INV-0000000195,001RB00001VTrlqYAD,a04RB00000kUAP6YAO,001RB00001VTrlqYAD,Activated,a0BRB00000ynb712AA,a04RB00000kUAP6YAO,2026-04-20,2026-05-30,,,75000,82500,82500,,82500,0,通常,決済済み,送付済み,Success,56684847,INV-0000001176,https://invoice.secure.freee.co.jp/reports/invoices/56684847,true,2026-07-23T07:04:29.000+0000
a00RB00002Am2AmYAJ,INV-0000000196,001RB00001VTrqdYAD,a04RB00000kUAP7YAO,001RB00001VTrqdYAD,Activated,a0BRB00000ynb722AA,a04RB00000kUAP7YAO,2026-04-20,2026-05-31,,,8000,8800,8800,,8800,0,通常,決済済み,送付済み,Success,56685055,INV-0000001177,https://invoice.secure.freee.co.jp/reports/invoices/56685055,true,2026-07-23T07:04:29.000+0000
a00RB00002Am2AnYAJ,INV-0000000197,001RB00001VTqnvYAD,a04RB00000kUAP4YAO,001RB00001VTqnvYAD,Activated,a0BRB00000ynb6z2AA,a04RB00000kUAP4YAO,2026-04-20,2026-05-31,,,16000,17600,17600,,17600,0,通常,決済済み,送付済み,Success,56692304,INV-0000001179,https://invoice.secure.freee.co.jp/reports/invoices/56692304,true,2026-07-23T07:04:29.000+0000
a00RB00002Am2AoYAJ,INV-0000000198,001RB00001VTrqeYAD,a04RB00000kUAPAYA4,001RB00001VTrqeYAD,Activated,a0BRB00000ynb752AA,a04RB00000kUAPAYA4,2026-04-20,2026-05-31,,,8000,8800,8800,,8800,0,通常,決済済み,送付済み,Success,56692529,INV-0000001180,https://invoice.secure.freee.co.jp/reports/invoices/56692529,true,2026-07-23T07:04:29.000+0000
a00RB00002Am2ApYAJ,INV-0000000199,001RB00001VTrUSYA1,a04RB00000kUAP1YAO,001RB00001VTrUSYA1,Activated,a0BRB00000ynb6w2AA,a04RB00000kUAP1YAO,2026-04-20,2026-05-31,,,40000,44000,44000,,44000,0,通常,決済済み,送付済み,Success,56695322,INV-0000001183,https://invoice.secure.freee.co.jp/reports/invoices/56695322,true,2026-07-23T07:04:29.000+0000
a00RB00002Am2AqYAJ,INV-0000000200,001RB00001VTrYEYA1,a04RB00000kUAPBYA4,001RB00001VTrYEYA1,Activated,a0BRB00000ynb762AA,a04RB00000kUAPBYA4,2026-04-20,2026-05-31,,,8000,8800,8800,,8800,0,通常,決済済み,送付済み,Success,56695878,INV-0000001184,https://invoice.secure.freee.co.jp/reports/invoices/56695878,true,2026-07-23T07:04:29.000+0000
a00RB00002Am2ArYAJ,INV-0000000201,001RB00001VTqeXYAT,a04RB00000kUAP3YAO,001RB00001VTqeXYAT,Activated,a0BRB00000ynb6y2AA,a04RB00000kUAP3YAO,2026-04-20,2026-05-31,,,8000,8800,8800,,8800,0,通常,決済済み,送付済み,Success,57147191,INV-0000001194,https://invoice.secure.freee.co.jp/reports/invoices/57147191,true,2026-07-23T07:04:29.000+0000
a00RB00002Am2AsYAJ,INV-0000000202,001RB00001VTrUSYA1,a04RB00000kUAP1YAO,001RB00001VTrUSYA1,Activated,a0BRB00000ynb6w2AA,a04RB00000kUAP1YAO,2026-05-20,2026-06-30,,,40000,44000,44000,,44000,0,通常,決済済み,送付済み,Success,58549482,INV-0000001219,https://invoice.secure.freee.co.jp/reports/invoices/58549482,true,2026-07-23T07:04:29.000+0000
a00RB00002Am2AtYAJ,INV-0000000203,001RB00001VTqU8YAL,a04RB00000kUAPEYA4,001RB00001VTqU8YAL,Activated,a0BRB00000ynn552AA,a04RB00000kUAPEYA4,2026-05-20,2026-06-30,,,8000,8800,8800,,8800,0,通常,決済済み,送付済み,Success,58549485,INV-0000001220,https://invoice.secure.freee.co.jp/reports/invoices/58549485,true,2026-07-23T07:04:29.000+0000
a00RB00002Am2AuYAJ,INV-0000000204,001RB00001VTrYEYA1,a04RB00000kUAPBYA4,001RB00001VTrYEYA1,Activated,a0BRB00000ynb762AA,a04RB00000kUAPBYA4,2026-05-20,2026-06-30,,,8000,8800,8800,,8800,0,通常,決済済み,送付済み,Success,58549487,INV-0000001221,https://invoice.secure.freee.co.jp/reports/invoices/58549487,true,2026-07-23T07:04:29.000+0000
a00RB00002Am2AvYAJ,INV-0000000205,001RB00001VTqfsYAD,a04RB00000kUAPzYAO,001RB00001VTqfsYAD,解約,a0BRB0000124lpt2AA,a04RB00000kUAPzYAO,2026-05-20,2026-06-30,,,11000,12100,12100,,12100,0,通常,決済済み,送付済み,Success,58573600,INV-0000001223,https://invoice.secure.freee.co.jp/reports/invoices/58573600,true,2026-07-23T07:04:29.000+0000
a00RB00002Am2AwYAJ,INV-0000000206,001RB00001VTtIWYA1,a04RB00000kUAPiYAO,001RB00001VTtIWYA1,Activated,a0BRB0000124juZ2AQ,a04RB00000kUAPiYAO,2026-05-20,2026-06-30,,,55000,60500,60500,,60500,0,通常,決済済み,送付済み,Success,58573613,INV-0000001230,https://invoice.secure.freee.co.jp/reports/invoices/58573613,true,2026-07-23T07:04:29.000+0000
a00RB00002Am2AxYAJ,INV-0000000207,001RB00001VTqbbYAD,a04RB00000kUAOFYA4,001RB00001VTqbbYAD,Activated,a0BRB00000ynb6A2AQ,a04RB00000kUAOFYA4,2026-05-20,2026-06-30,,,8000,8800,8800,,8800,0,通常,決済済み,送付済み,Success,58573634,INV-0000001242,https://invoice.secure.freee.co.jp/reports/invoices/58573634,true,2026-07-23T07:04:29.000+0000
a00RB00002Am2AyYAJ,INV-0000000208,001RB00001VTqU3YAL,a04RB00000kUAO7YAO,001RB00001VTqU3YAL,Activated,a0BRB00000ynb622AA,a04RB00000kUAO7YAO,2026-05-20,2026-06-30,,,8000,8800,8800,,8800,0,通常,決済済み,送付済み,Success,58573637,INV-0000001244,https://invoice.secure.freee.co.jp/reports/invoices/58573637,true,2026-07-23T07:04:29.000+0000
a00RB00002Am2AzYAJ,INV-0000000209,001RB00001VTCYFYA5,a04RB00000kUAO2YAO,001RB00001VTCYFYA5,Activated,a0BRB00000ynb5x2AA,a04RB00000kUAO2YAO,2026-05-20,2026-06-30,,,16000,17600,17600,,17600,0,通常,決済済み,送付済み,Success,58573639,INV-0000001245,https://invoice.secure.freee.co.jp/reports/invoices/58573639,true,2026-07-23T07:04:29.000+0000
a00RB00002Am2B0YAJ,INV-0000000210,001RB00001VTCYGYA5,a04RB00000kUAO1YAO,001RB00001VTCYGYA5,Activated,a0BRB00000ynb5w2AA,a04RB00000kUAO1YAO,2026-05-20,2026-06-30,,,55000,60500,60500,,60500,0,通常,決済済み,送付済み,Success,58573640,INV-0000001246,https://invoice.secure.freee.co.jp/reports/invoices/58573640,true,2026-07-23T07:04:29.000+0000
a00RB00002Am2B1YAJ,INV-0000000211,001RB00001VTqUoYAL,a04RB00000kUANwYAO,001RB00001VTqUoYAL,Activated,a0BRB00000ynb5r2AA,a04RB00000kUANwYAO,2026-05-20,2026-06-30,,,8000,8800,8800,,8800,0,通常,決済済み,送付済み,Success,58573644,INV-0000001248,https://invoice.secure.freee.co.jp/reports/invoices/58573644,true,2026-07-23T07:04:29.000+0000
a00RB00002Am2B2YAJ,INV-0000000212,001RB00001VTqlOYAT,a04RB00000kUANmYAO,001RB00001VTqlOYAT,Activated,a0BRB00000ynb5h2AA,a04RB00000kUANmYAO,2026-05-20,2026-06-30,,,8000,8800,8800,,8800,0,通常,決済済み,送付済み,Success,58573650,INV-0000001251,https://invoice.secure.freee.co.jp/reports/invoices/58573650,true,2026-07-23T07:04:29.000+0000
a00RB00002Am2B3YAJ,INV-0000000213,001RB00001VTrs0YAD,a04RB00000kUANgYAO,001RB00001VTrs0YAD,Activated,a0BRB00000ynb5b2AA,a04RB00000kUANgYAO,2026-05-20,2026-06-30,,,11000,12100,12100,,12100,0,通常,決済済み,送付済み,Success,58573652,INV-0000001252,https://invoice.secure.freee.co.jp/reports/invoices/58573652,true,2026-07-23T07:04:29.000+0000
a00RB00002Am2B4YAJ,INV-0000000214,001RB00001VTrmnYAD,a04RB00000kUAO0YAO,001RB00001VTrmnYAD,Activated,a0BRB00000ynb5v2AA,a04RB00000kUAO0YAO,2026-05-20,2026-06-30,,,55000,60500,60500,,60500,0,通常,決済済み,送付済み,Success,58573654,INV-0000001253,https://invoice.secure.freee.co.jp/reports/invoices/58573654,true,2026-07-23T07:04:29.000+0000
a00RB00002Am2B5YAJ,INV-0000000215,001RB00001VTqmBYAT,a04RB00000kUAORYA4,001RB00001VTqmBYAT,Activated,a0BRB00000ynb6M2AQ,a04RB00000kUAORYA4,2026-05-20,2026-06-30,,,55000,60500,60500,,60500,0,通常,決済済み,送付済み,Success,58573666,INV-0000001258,https://invoice.secure.freee.co.jp/reports/invoices/58573666,true,2026-07-23T07:04:29.000+0000
a00RB00002Am2B6YAJ,INV-0000000216,001RB00001VTqbqYAD,a04RB00000kUAQ6YAO,001RB00001VTqbqYAD,Activated,a0BRB00000ynn5y2AA,a04RB00000kUAQ6YAO,2026-05-20,2026-06-30,,,55000,60500,60500,,0,60500,通常,決済待ち,送付済み,Success,58573670,INV-0000001260,https://invoice.secure.freee.co.jp/reports/invoices/58573670,true,2026-07-23T07:04:29.000+0000
a00RB00002Am2B7YAJ,INV-0000000217,001RB00001VTqf7YAD,a04RB00000kUAOjYAO,001RB00001VTqf7YAD,Activated,a0BRB00000ynb6e2AA,a04RB00000kUAOjYAO,2026-05-20,2026-06-30,,,16000,17600,17600,,17600,0,通常,決済済み,送付済み,Success,58709445,INV-0000001268,https://invoice.secure.freee.co.jp/reports/invoices/58709445,true,2026-07-23T07:04:29.000+0000
a00RB00002Am2B8YAJ,INV-0000000218,001RB00001VTrqdYAD,a04RB00000kUAP7YAO,001RB00001VTrqdYAD,Activated,a0BRB00000ynb722AA,a04RB00000kUAP7YAO,2026-05-20,2026-06-30,,,8000,8800,8800,,8800,0,通常,決済済み,送付済み,Success,58711258,INV-0000001271,https://invoice.secure.freee.co.jp/reports/invoices/58711258,true,2026-07-23T07:04:29.000+0000
a00RB00002Am2B9YAJ,INV-0000000219,001RB00001VTro2YAD,a04RB00000kUAPHYA4,001RB00001VTro2YAD,Activated,a0BRB00000ynn582AA,a04RB00000kUAPHYA4,2026-05-20,2026-06-30,,,8000,8800,8800,,8800,0,通常,決済済み,送付済み,Success,58712978,INV-0000001274,https://invoice.secure.freee.co.jp/reports/invoices/58712978,true,2026-07-23T07:04:29.000+0000
a00RB00002Am2BAYAZ,INV-0000000220,001RB00001VTCZZYA5,a04RB00000kUAPIYA4,001RB00001VTCZZYA5,Activated,a0BRB00000ynn592AA,a04RB00000kUAPIYA4,2026-05-18,2026-06-30,,,32000,35200,35200,,35200,0,通常,決済済み,送付済み,Success,62350333,INV-0000001377,https://invoice.secure.freee.co.jp/reports/invoices/62350333,true,2026-07-23T07:04:29.000+0000
a00RB00002Am2BBYAZ,INV-0000000221,001RB00001VTtIWYA1,a04RB00000kUAPiYAO,001RB00001VTtIWYA1,Activated,a0BRB0000124juY2AQ,a04RB00000kUAPiYAO,2026-04-20,2026-05-31,,,55000,60500,60500,,60500,0,通常,決済済み,送付済み,Success,56527529,INV-0000001130,https://invoice.secure.freee.co.jp/reports/invoices/56527529,true,2026-07-23T07:04:29.000+0000
a00RB00002Am2BCYAZ,INV-0000000222,001RB00001VTqbbYAD,a04RB00000kUAOFYA4,001RB00001VTqbbYAD,Activated,a0BRB00000ynb6A2AQ,a04RB00000kUAOFYA4,2026-04-20,2026-05-31,,,8000,8800,8800,,8800,0,通常,決済済み,送付済み,Success,56527545,INV-0000001142,https://invoice.secure.freee.co.jp/reports/invoices/56527545,true,2026-07-23T07:04:29.000+0000
a00RB00002Am2BDYAZ,INV-0000000223,001RB00001VTqU3YAL,a04RB00000kUAO7YAO,001RB00001VTqU3YAL,Activated,a0BRB00000ynb622AA,a04RB00000kUAO7YAO,2026-04-20,2026-05-31,,,8000,8800,8800,,8800,0,通常,決済済み,送付済み,Success,56527548,INV-0000001144,https://invoice.secure.freee.co.jp/reports/invoices/56527548,true,2026-07-23T07:04:29.000+0000
a00RB00002Am2BEYAZ,INV-0000000224,001RB00001VTCYFYA5,a04RB00000kUAO2YAO,001RB00001VTCYFYA5,Activated,a0BRB00000ynb5x2AA,a04RB00000kUAO2YAO,2026-04-20,2026-05-31,,,16000,17600,17600,,17600,0,通常,決済済み,送付済み,Success,56527550,INV-0000001145,https://invoice.secure.freee.co.jp/reports/invoices/56527550,true,2026-07-23T07:04:29.000+0000
a00RB00002Am2BFYAZ,INV-0000000225,001RB00001VTCYGYA5,a04RB00000kUAO1YAO,001RB00001VTCYGYA5,Activated,a0BRB00000ynb5w2AA,a04RB00000kUAO1YAO,2026-04-20,2026-05-31,,,55000,60500,60500,,60500,0,通常,決済済み,送付済み,Success,56527551,INV-0000001146,https://invoice.secure.freee.co.jp/reports/invoices/56527551,true,2026-07-23T07:04:29.000+0000
a00RB00002Am2BGYAZ,INV-0000000226,001RB00001VTqUoYAL,a04RB00000kUANwYAO,001RB00001VTqUoYAL,Activated,a0BRB00000ynb5r2AA,a04RB00000kUANwYAO,2026-04-20,2026-05-31,,,8000,8800,8800,,8800,0,通常,決済済み,送付済み,Success,56527553,INV-0000001148,https://invoice.secure.freee.co.jp/reports/invoices/56527553,true,2026-07-23T07:04:29.000+0000
a00RB00002Am2BHYAZ,INV-0000000227,001RB00001VTCYGYA5,a04RB00000kUAO1YAO,001RB00001VTCYGYA5,Activated,a0BRB00000ynb5w2AA,a04RB00000kUAO1YAO,2026-03-20,2026-04-30,,,55000,60500,60500,,60500,0,通常,決済済み,送付済み,Success,54153856,INV-0000001070,https://invoice.secure.freee.co.jp/reports/invoices/54153856,true,2026-07-23T07:04:29.000+0000
a00RB00002Am2BIYAZ,INV-0000000228,001RB00001VTqUoYAL,a04RB00000kUANwYAO,001RB00001VTqUoYAL,Activated,a0BRB00000ynb5r2AA,a04RB00000kUANwYAO,2026-03-20,2026-04-30,,,8000,8800,8800,,8800,0,通常,決済済み,送付済み,Success,54153858,INV-0000001072,https://invoice.secure.freee.co.jp/reports/invoices/54153858,true,2026-07-23T07:04:29.000+0000
a00RB00002Am2BJYAZ,INV-0000000229,001RB00001VTqlOYAT,a04RB00000kUANmYAO,001RB00001VTqlOYAT,Activated,a0BRB00000ynb5h2AA,a04RB00000kUANmYAO,2026-03-20,2026-04-30,,,8000,8800,8800,,8800,0,通常,決済済み,送付済み,Success,54153862,INV-0000001075,https://invoice.secure.freee.co.jp/reports/invoices/54153862,true,2026-07-23T07:04:29.000+0000
a00RB00002Am2BKYAZ,INV-0000000230,001RB00001VTrs0YAD,a04RB00000kUANgYAO,001RB00001VTrs0YAD,Activated,a0BRB00000ynb5b2AA,a04RB00000kUANgYAO,2026-03-20,2026-04-30,,,11000,12100,12100,,12100,0,通常,決済済み,送付済み,Success,54153865,INV-0000001077,https://invoice.secure.freee.co.jp/reports/invoices/54153865,true,2026-07-23T07:04:29.000+0000
a00RB00002Am2BLYAZ,INV-0000000231,001RB00001VTrmnYAD,a04RB00000kUAO0YAO,001RB00001VTrmnYAD,Activated,a0BRB00000ynb5v2AA,a04RB00000kUAO0YAO,2026-03-20,2026-04-30,,,55000,60500,60500,,60500,0,通常,決済済み,送付済み,Success,54153866,INV-0000001078,https://invoice.secure.freee.co.jp/reports/invoices/54153866,true,2026-07-23T07:04:29.000+0000
a00RB00002Am2BMYAZ,INV-0000000232,001RB00001VTqmBYAT,a04RB00000kUAORYA4,001RB00001VTqmBYAT,Activated,a0BRB00000ynb6M2AQ,a04RB00000kUAORYA4,2026-03-20,2026-04-30,,,55000,60500,60500,,60500,0,通常,決済済み,送付済み,Success,54153874,INV-0000001083,https://invoice.secure.freee.co.jp/reports/invoices/54153874,true,2026-07-23T07:04:29.000+0000
a00RB00002Am2BNYAZ,INV-0000000233,001RB00001VTqbqYAD,a04RB00000kUAQ6YAO,001RB00001VTqbqYAD,Activated,a0BRB00000ynn5y2AA,a04RB00000kUAQ6YAO,2026-03-20,2026-04-30,,,55000,60500,60500,,0,60500,通常,決済待ち,送付済み,Success,54153880,INV-0000001086,https://invoice.secure.freee.co.jp/reports/invoices/54153880,true,2026-07-23T07:04:29.000+0000
a00RB00002Am2BOYAZ,INV-0000000234,001RB00001VTqf7YAD,a04RB00000kUAOjYAO,001RB00001VTqf7YAD,Activated,a0BRB00000ynb6e2AA,a04RB00000kUAOjYAO,2026-03-20,2026-04-30,,,16000,17600,17600,,17600,0,通常,決済済み,送付済み,Success,54246390,INV-0000001093,https://invoice.secure.freee.co.jp/reports/invoices/54246390,true,2026-07-23T07:04:29.000+0000
a00RB00002Am2BPYAZ,INV-0000000235,001RB00001VTqy1YAD,a04RB00000kUAOgYAO,001RB00001VTqy1YAD,Activated,a0BRB00000ynb6b2AA,a04RB00000kUAOgYAO,2026-07-20,2026-08-31,,,16000,17600,17600,,0,17600,通常,決済待ち,送付済み,Success,63077933,INV-0000001385,https://invoice.secure.freee.co.jp/reports/invoices/63077933,true,2026-07-23T07:04:29.000+0000
a00RB00002Am2BQYAZ,INV-0000000236,001RB00001VTqatYAD,a04RB00000kUAQ9YAO,001RB00001VTqatYAD,Activated,a0BRB00000ynn612AA,a04RB00000kUAQ9YAO,2026-07-20,2026-08-31,,,55000,60500,60500,,0,60500,通常,決済待ち,送付済み,Success,63077936,INV-0000001386,https://invoice.secure.freee.co.jp/reports/invoices/63077936,true,2026-07-23T07:04:29.000+0000
a00RB00002Am2BRYAZ,INV-0000000237,001RB00001VTr0hYAD,a04RB00000kUAOhYAO,001RB00001VTr0hYAD,Activated,a0BRB00000ynb6c2AA,a04RB00000kUAOhYAO,2026-07-20,2026-08-31,,,8000,8800,8800,,0,8800,通常,決済待ち,送付済み,Success,63077941,INV-0000001388,https://invoice.secure.freee.co.jp/reports/invoices/63077941,true,2026-07-23T07:04:29.000+0000
a00RB00002Am2BSYAZ,INV-0000000238,001RB00001VTrkYYAT,a04RB00000kUAQCYA4,001RB00001VTrkYYAT,Activated,a0BRB00000ynn642AA,a04RB00000kUAQCYA4,2026-07-20,2026-08-31,,,55000,60500,60500,,60500,0,通常,決済済み,送付済み,Success,63077943,INV-0000001389,https://invoice.secure.freee.co.jp/reports/invoices/63077943,true,2026-07-23T07:04:29.000+0000
a00RB00002Am2BTYAZ,INV-0000000239,001RB00001VTrkRYAT,a04RB00000kUAOtYAO,001RB00001VTrkRYAT,Activated,a0BRB00000ynb6o2AA,a04RB00000kUAOtYAO,2026-07-20,2026-08-31,,,16000,17600,17600,,0,17600,通常,決済待ち,送付済み,Success,63077948,INV-0000001391,https://invoice.secure.freee.co.jp/reports/invoices/63077948,true,2026-07-23T07:04:29.000+0000
a00RB00002Am2BUYAZ,INV-0000000240,001RB00001VTrlBYAT,a04RB00000kUAOyYAO,001RB00001VTrlBYAT,Activated,a0BRB00000ynb6t2AA,a04RB00000kUAOyYAO,2026-07-20,2026-08-31,,,16000,17600,17600,,0,17600,通常,決済待ち,送付済み,Success,63077953,INV-0000001393,https://invoice.secure.freee.co.jp/reports/invoices/63077953,true,2026-07-23T07:04:29.000+0000
a00RB00002Am2BVYAZ,INV-0000000241,001RB00001VTqeXYAT,a04RB00000kUAP3YAO,001RB00001VTqeXYAT,Activated,a0BRB00000ynb6y2AA,a04RB00000kUAP3YAO,2026-07-20,2026-08-31,,,8000,8800,8800,,0,8800,通常,決済待ち,送付済み,Success,63077959,INV-0000001395,https://invoice.secure.freee.co.jp/reports/invoices/63077959,true,2026-07-23T07:04:29.000+0000
a00RB00002Am2BWYAZ,INV-0000000242,001RB00001VTrkbYAD,a04RB00000kUAP5YAO,001RB00001VTrkbYAD,Activated,a0BRB00000ynb702AA,a04RB00000kUAP5YAO,2026-07-20,2026-08-31,,,75000,82500,82500,,0,82500,通常,決済待ち,送付済み,Success,63077961,INV-0000001396,https://invoice.secure.freee.co.jp/reports/invoices/63077961,true,2026-07-23T07:04:29.000+0000
a00RB00002Am2BXYAZ,INV-0000000243,001RB00001VTrlqYAD,a04RB00000kUAP6YAO,001RB00001VTrlqYAD,Activated,a0BRB00000ynb712AA,a04RB00000kUAP6YAO,2026-07-20,2026-08-31,,,75000,82500,82500,,0,82500,通常,決済待ち,送付済み,Success,63077963,INV-0000001397,https://invoice.secure.freee.co.jp/reports/invoices/63077963,true,2026-07-23T07:04:29.000+0000
a00RB00002Am2BYYAZ,INV-0000000244,001RB00001VTrqdYAD,a04RB00000kUAP7YAO,001RB00001VTrqdYAD,Activated,a0BRB00000ynb722AA,a04RB00000kUAP7YAO,2026-07-20,2026-08-31,,,8000,8800,8800,,0,8800,通常,決済待ち,送付済み,Success,63077966,INV-0000001398,https://invoice.secure.freee.co.jp/reports/invoices/63077966,true,2026-07-23T07:04:29.000+0000
a00RB00002Am2BZYAZ,INV-0000000245,001RB00001VTqnvYAD,a04RB00000kUAP4YAO,001RB00001VTqnvYAD,Activated,a0BRB00000ynb6z2AA,a04RB00000kUAP4YAO,2026-07-20,2026-08-31,,,16000,17600,17600,,0,17600,通常,決済待ち,送付済み,Success,63077968,INV-0000001399,https://invoice.secure.freee.co.jp/reports/invoices/63077968,true,2026-07-23T07:04:29.000+0000
a00RB00002Am2BaYAJ,INV-0000000246,001RB00001VTrqeYAD,a04RB00000kUAPAYA4,001RB00001VTrqeYAD,Activated,a0BRB00000ynb752AA,a04RB00000kUAPAYA4,2026-07-20,2026-08-31,,,8000,8800,8800,,0,8800,通常,決済待ち,送付済み,Success,63077971,INV-0000001400,https://invoice.secure.freee.co.jp/reports/invoices/63077971,true,2026-07-23T07:04:29.000+0000
a00RB00002Am2BbYAJ,INV-0000000247,001RB00001VTrUSYA1,a04RB00000kUAP1YAO,001RB00001VTrUSYA1,Activated,a0BRB00000ynb6w2AA,a04RB00000kUAP1YAO,2026-07-20,2026-08-31,,,40000,44000,44000,,0,44000,通常,決済待ち,送付済み,Success,63077973,INV-0000001401,https://invoice.secure.freee.co.jp/reports/invoices/63077973,true,2026-07-23T07:04:29.000+0000
a00RB00002Am2BcYAJ,INV-0000000248,001RB00001VTqU8YAL,a04RB00000kUAPEYA4,001RB00001VTqU8YAL,Activated,a0BRB00000ynn552AA,a04RB00000kUAPEYA4,2026-07-20,2026-08-31,,,8000,8800,8800,,0,8800,通常,決済待ち,送付済み,Success,63077976,INV-0000001402,https://invoice.secure.freee.co.jp/reports/invoices/63077976,true,2026-07-23T07:04:29.000+0000
a00RB00002Am2BdYAJ,INV-0000000249,001RB00001VTrYEYA1,a04RB00000kUAPBYA4,001RB00001VTrYEYA1,Activated,a0BRB00000ynb762AA,a04RB00000kUAPBYA4,2026-07-20,2026-08-31,,,8000,8800,8800,,0,8800,通常,決済待ち,送付済み,Success,63077979,INV-0000001403,https://invoice.secure.freee.co.jp/reports/invoices/63077979,true,2026-07-23T07:04:29.000+0000
a00RB00002Am2BeYAJ,INV-0000000250,001RB00001VTro2YAD,a04RB00000kUAPHYA4,001RB00001VTro2YAD,Activated,a0BRB00000ynn582AA,a04RB00000kUAPHYA4,2026-07-20,2026-08-31,,,8000,8800,8800,,0,8800,通常,決済待ち,送付済み,Success,63077983,INV-0000001405,https://invoice.secure.freee.co.jp/reports/invoices/63077983,true,2026-07-23T07:04:29.000+0000
a00RB00002Am2BfYAJ,INV-0000000251,001RB00001VTqkQYAT,a04RB00000kUAPFYA4,001RB00001VTqkQYAT,Activated,a0BRB00000ynn562AA,a04RB00000kUAPFYA4,2026-07-20,2026-08-31,,,8000,8800,8800,,0,8800,通常,決済待ち,送付済み,Success,63077986,INV-0000001406,https://invoice.secure.freee.co.jp/reports/invoices/63077986,true,2026-07-23T07:04:29.000+0000
a00RB00002Am2BgYAJ,INV-0000000252,001RB00001VTqsxYAD,a04RB00000kUAOnYAO,001RB00001VTqsxYAD,Activated,a0BRB00000ynb6i2AA,a04RB00000kUAOnYAO,2026-07-20,2026-08-31,,,75000,82500,82500,,0,82500,通常,決済待ち,送付済み,Success,63077990,INV-0000001408,https://invoice.secure.freee.co.jp/reports/invoices/63077990,true,2026-07-23T07:04:29.000+0000
a00RB00002Am2BhYAJ,INV-0000000253,001RB00001VTqlYYAT,a04RB00000kUANdYAO,001RB00001VTqlYYAT,Activated,a0BRB00000ynb5Y2AQ,a04RB00000kUANdYAO,2026-07-20,2026-08-31,,,64000,70400,70400,,0,70400,通常,決済待ち,送付済み,Success,63124834,INV-0000001414,https://invoice.secure.freee.co.jp/reports/invoices/63124834,true,2026-07-23T07:04:29.000+0000
a00RB00002Am2BiYAJ,INV-0000000254,001RB00001VTqlHYAT,a04RB00000kUANiYAO,001RB00001VTqlHYAT,Activated,a0BRB00000ynb5d2AA,a04RB00000kUANiYAO,2026-07-20,2026-08-31,,,550000,605000,605000,,0,605000,通常,決済待ち,送付済み,Success,63125492,INV-0000001415,https://invoice.secure.freee.co.jp/reports/invoices/63125492,true,2026-07-23T07:04:29.000+0000
a00RB00002Am2BjYAJ,INV-0000000255,001RB00001VTqbbYAD,a04RB00000kUAOFYA4,001RB00001VTqbbYAD,Activated,a0BRB00000ynb6A2AQ,a04RB00000kUAOFYA4,2026-07-20,2026-08-31,,,8000,8800,8800,,0,8800,通常,決済待ち,送付済み,Success,63150558,INV-0000001436,https://invoice.secure.freee.co.jp/reports/invoices/63150558,true,2026-07-23T07:04:29.000+0000
a00RB00002Am2BkYAJ,INV-0000000256,001RB00001VTqU3YAL,a04RB00000kUAO7YAO,001RB00001VTqU3YAL,Activated,a0BRB00000ynb622AA,a04RB00000kUAO7YAO,2026-07-20,2026-08-31,,,8000,8800,8800,,0,8800,通常,決済待ち,送付済み,Success,63150563,INV-0000001438,https://invoice.secure.freee.co.jp/reports/invoices/63150563,true,2026-07-23T07:04:29.000+0000
a00RB00002Am2BlYAJ,INV-0000000257,001RB00001VTCYFYA5,a04RB00000kUAO2YAO,001RB00001VTCYFYA5,Activated,a0BRB00000ynb5x2AA,a04RB00000kUAO2YAO,2026-07-20,2026-08-31,,,16000,17600,17600,,0,17600,通常,決済待ち,送付済み,Success,63150566,INV-0000001439,https://invoice.secure.freee.co.jp/reports/invoices/63150566,true,2026-07-23T07:04:29.000+0000
a00RB00002Am2BmYAJ,INV-0000000258,001RB00001VTCYGYA5,a04RB00000kUAO1YAO,001RB00001VTCYGYA5,Activated,a0BRB00000ynb5w2AA,a04RB00000kUAO1YAO,2026-07-20,2026-08-31,,,55000,60500,60500,,0,60500,通常,決済待ち,送付済み,Success,63150567,INV-0000001440,https://invoice.secure.freee.co.jp/reports/invoices/63150567,true,2026-07-23T07:04:29.000+0000
a00RB00002Am2BnYAJ,INV-0000000259,001RB00001VTtIWYA1,a04RB00000kUAPiYAO,001RB00001VTtIWYA1,Activated,a0BRB0000124jub2AA,a04RB00000kUAPiYAO,2026-07-20,2026-08-31,,,55000,60500,60500,,0,60500,通常,決済待ち,送付済み,Success,63150543,INV-0000001426,https://invoice.secure.freee.co.jp/reports/invoices/63150543,true,2026-07-23T07:04:29.000+0000
a00RB00002Am2BoYAJ,INV-0000000260,001RB00001VTqUoYAL,a04RB00000kUANwYAO,001RB00001VTqUoYAL,Activated,a0BRB00000ynb5r2AA,a04RB00000kUANwYAO,2026-07-20,2026-08-31,,,8000,8800,8800,,0,8800,通常,決済待ち,送付済み,Success,63150569,INV-0000001442,https://invoice.secure.freee.co.jp/reports/invoices/63150569,true,2026-07-23T07:04:29.000+0000
a00RB00002Am2BpYAJ,INV-0000000261,001RB00001VTqlOYAT,a04RB00000kUANmYAO,001RB00001VTqlOYAT,Activated,a0BRB00000ynb5h2AA,a04RB00000kUANmYAO,2026-07-20,2026-08-31,,,8000,8800,8800,,0,8800,通常,決済待ち,送付済み,Success,63150571,INV-0000001444,https://invoice.secure.freee.co.jp/reports/invoices/63150571,true,2026-07-23T07:04:29.000+0000
a00RB00002Am2BqYAJ,INV-0000000262,001RB00001VTrmnYAD,a04RB00000kUAO0YAO,001RB00001VTrmnYAD,Activated,a0BRB00000ynb5v2AA,a04RB00000kUAO0YAO,2026-07-20,2026-08-31,,,55000,60500,60500,,0,60500,通常,決済待ち,送付済み,Success,63150572,INV-0000001445,https://invoice.secure.freee.co.jp/reports/invoices/63150572,true,2026-07-23T07:04:29.000+0000
a00RB00002Am2BrYAJ,INV-0000000263,001RB00001VTqmBYAT,a04RB00000kUAORYA4,001RB00001VTqmBYAT,Activated,a0BRB00000ynb6M2AQ,a04RB00000kUAORYA4,2026-07-20,2026-08-31,,,55000,60500,60500,,0,60500,通常,決済待ち,送付済み,Success,63150579,INV-0000001450,https://invoice.secure.freee.co.jp/reports/invoices/63150579,true,2026-07-23T07:04:29.000+0000
a00RB00002Am2BsYAJ,INV-0000000264,001RB00001VTqbqYAD,a04RB00000kUAQ6YAO,001RB00001VTqbqYAD,Activated,a0BRB00000ynn5y2AA,a04RB00000kUAQ6YAO,2026-07-20,2026-08-31,,,55000,60500,60500,,0,60500,通常,決済待ち,送付済み,Success,63150581,INV-0000001452,https://invoice.secure.freee.co.jp/reports/invoices/63150581,true,2026-07-23T07:04:29.000+0000
a00RB00002AvrgkYAB,INV-0000000265,001RB00001VTqaKYAT,a04RB00000kUAPnYAO,001RB00001VTqaKYAT,Activated,a0BRB00000ynn5f2AA,a04RB00000kUAPnYAO,2026-03-20,2026-04-30,,,11000,12100,12100,,12100,0,通常,決済済み,送付済み,Success,54153831,INV-0000001051,https://invoice.secure.freee.co.jp/reports/invoices/54153831,true,2026-07-24T00:02:20.000+0000
a00RB00002AvrglYAB,INV-0000000266,001RB00001VTqaKYAT,a04RB00000kUAPnYAO,001RB00001VTqaKYAT,Activated,a0BRB00000ynn5f2AA,a04RB00000kUAPnYAO,2026-05-20,2026-06-30,,,11000,12100,12100,,12100,0,通常,決済済み,送付済み,Success,58573609,INV-0000001228,https://invoice.secure.freee.co.jp/reports/invoices/58573609,true,2026-07-24T00:02:20.000+0000
a00RB00002AvrgmYAB,INV-0000000267,001RB00001VTqaKYAT,a04RB00000kUAPnYAO,001RB00001VTqaKYAT,Activated,a0BRB00000ynn5f2AA,a04RB00000kUAPnYAO,2026-07-20,2026-08-31,,,11000,12100,12100,,0,12100,通常,決済待ち,送付済み,Success,63150541,INV-0000001424,https://invoice.secure.freee.co.jp/reports/invoices/63150541,true,2026-07-24T00:02:20.000+0000
a00RB00002AyE69YAF,INV-0000000268,001RB00001VTqaGYAT,a04RB00000kUAPbYAO,001RB00001VTqaGYAT,Activated,a0BRB00000ynn5T2AQ,a04RB00000kUAPbYAO,2026-03-20,2026-04-30,,,33000,36300,36300,,36300,0,通常,決済済み,送付済み,Success,54153837,INV-0000001057,https://invoice.secure.freee.co.jp/reports/invoices/54153837,true,2026-07-24T02:12:15.000+0000
a00RB00002AyE6AYAV,INV-0000000269,001RB00001VTqnbYAD,a04RB00000kUAQ2YAO,001RB00001VTqnbYAD,Activated,a0BRB00000ynn5u2AA,a04RB00000kUAQ2YAO,2026-04-20,2026-05-31,,,11000,12100,12100,,12100,0,通常,決済済み,送付済み,Success,56527562,INV-0000001155,https://invoice.secure.freee.co.jp/reports/invoices/56527562,true,2026-07-24T02:12:15.000+0000
a00RB00002AyE6BYAV,INV-0000000270,001RB00001VTqnHYAT,a04RB00000kUAQ3YAO,001RB00001VTqnHYAT,Activated,a0BRB00000ynn5v2AA,a04RB00000kUAQ3YAO,2026-04-20,2026-05-31,,,11000,12100,12100,,0,12100,通常,決済待ち,送付済み,Success,56527563,INV-0000001156,https://invoice.secure.freee.co.jp/reports/invoices/56527563,true,2026-07-24T02:12:15.000+0000
a00RB00002AyE6CYAV,INV-0000000271,001RB00001VTtIfYAL,a04RB00000kUAQ0YAO,001RB00001VTtIfYAL,Activated,a0BRB00000ynn5s2AA,a04RB00000kUAQ0YAO,2026-05-20,2026-06-30,,,11000,12100,12100,,12100,0,通常,決済済み,送付済み,Success,58573596,INV-0000001222,https://invoice.secure.freee.co.jp/reports/invoices/58573596,true,2026-07-24T02:12:15.000+0000
a00RB00002AyE6DYAV,INV-0000000272,001RB00001VTqaGYAT,a04RB00000kUAPbYAO,001RB00001VTqaGYAT,Activated,a0BRB00000ynn5T2AQ,a04RB00000kUAPbYAO,2026-05-20,2026-06-30,,,33000,36300,36300,,36300,0,通常,決済済み,送付済み,Success,58573618,INV-0000001233,https://invoice.secure.freee.co.jp/reports/invoices/58573618,true,2026-07-24T02:12:15.000+0000
a00RB00002AyE6EYAV,INV-0000000273,001RB00001VTqnbYAD,a04RB00000kUAQ2YAO,001RB00001VTqnbYAD,Activated,a0BRB00000ynn5u2AA,a04RB00000kUAQ2YAO,2026-05-20,2026-06-30,,,11000,12100,12100,,12100,0,通常,決済済み,送付済み,Success,58573658,INV-0000001255,https://invoice.secure.freee.co.jp/reports/invoices/58573658,true,2026-07-24T02:12:15.000+0000
a00RB00002AyE6FYAV,INV-0000000274,001RB00001VTqnHYAT,a04RB00000kUAQ3YAO,001RB00001VTqnHYAT,Activated,a0BRB00000ynn5v2AA,a04RB00000kUAQ3YAO,2026-05-20,2026-06-30,,,11000,12100,12100,,0,12100,通常,決済待ち,送付済み,Success,58573661,INV-0000001256,https://invoice.secure.freee.co.jp/reports/invoices/58573661,true,2026-07-24T02:12:15.000+0000
a00RB00002AyE6GYAV,INV-0000000275,001RB00001VTqaGYAT,a04RB00000kUAPbYAO,001RB00001VTqaGYAT,Activated,a0BRB00000ynn5T2AQ,a04RB00000kUAPbYAO,2026-04-20,2026-05-31,,,33000,36300,36300,,36300,0,通常,決済済み,送付済み,Success,56527533,INV-0000001133,https://invoice.secure.freee.co.jp/reports/invoices/56527533,true,2026-07-24T02:12:15.000+0000
a00RB00002AyE6HYAV,INV-0000000276,001RB00001VTqnbYAD,a04RB00000kUAQ2YAO,001RB00001VTqnbYAD,Activated,a0BRB00000ynn5u2AA,a04RB00000kUAQ2YAO,2026-03-20,2026-04-30,,,11000,12100,12100,,12100,0,通常,決済済み,送付済み,Success,54153869,INV-0000001080,https://invoice.secure.freee.co.jp/reports/invoices/54153869,true,2026-07-24T02:12:15.000+0000
a00RB00002AyE6IYAV,INV-0000000277,001RB00001VTqnHYAT,a04RB00000kUAQ3YAO,001RB00001VTqnHYAT,Activated,a0BRB00000ynn5v2AA,a04RB00000kUAQ3YAO,2026-03-20,2026-04-30,,,11000,12100,12100,,0,12100,通常,決済待ち,送付済み,Success,54153871,INV-0000001081,https://invoice.secure.freee.co.jp/reports/invoices/54153871,true,2026-07-24T02:12:15.000+0000
a00RB00002AyE6JYAV,INV-0000000278,001RB00001VTrGkYAL,a04RB00000kUAQAYA4,001RB00001VTrGkYAL,Activated,a0BRB00000ynn622AA,a04RB00000kUAQAYA4,2026-07-20,2026-08-31,,,11000,12100,12100,,0,12100,通常,決済待ち,送付済み,Success,63077925,INV-0000001382,https://invoice.secure.freee.co.jp/reports/invoices/63077925,true,2026-07-24T02:12:15.000+0000
a00RB00002AyE6KYAV,INV-0000000279,001RB00001VTtIiYAL,a04RB00000kUAQBYA4,001RB00001VTtIiYAL,Activated,a0BRB00000ynn632AA,a04RB00000kUAQBYA4,2026-07-20,2026-08-31,,,11000,12100,12100,,0,12100,通常,決済待ち,送付済み,Success,63077945,INV-0000001390,https://invoice.secure.freee.co.jp/reports/invoices/63077945,true,2026-07-24T02:12:15.000+0000
a00RB00002AyE6LYAV,INV-0000000280,001RB00001VTtIfYAL,a04RB00000kUAQ0YAO,001RB00001VTtIfYAL,Activated,a0BRB00000ynn5s2AA,a04RB00000kUAQ0YAO,2026-07-20,2026-08-31,,,11000,12100,12100,,0,12100,通常,決済待ち,送付済み,Success,63150536,INV-0000001422,https://invoice.secure.freee.co.jp/reports/invoices/63150536,true,2026-07-24T02:12:15.000+0000
a00RB00002AyE6MYAV,INV-0000000281,001RB00001VTqaGYAT,a04RB00000kUAPbYAO,001RB00001VTqaGYAT,Activated,a0BRB00000ynn5T2AQ,a04RB00000kUAPbYAO,2026-07-20,2026-08-31,,,33000,36300,36300,,0,36300,通常,決済待ち,送付済み,Success,63150546,INV-0000001429,https://invoice.secure.freee.co.jp/reports/invoices/63150546,true,2026-07-24T02:12:15.000+0000
a00RB00002AyE6NYAV,INV-0000000282,001RB00001VTqnbYAD,a04RB00000kUAQ2YAO,001RB00001VTqnbYAD,Activated,a0BRB00000ynn5u2AA,a04RB00000kUAQ2YAO,2026-07-20,2026-08-31,,,11000,12100,12100,,0,12100,通常,決済待ち,送付済み,Success,63150574,INV-0000001447,https://invoice.secure.freee.co.jp/reports/invoices/63150574,true,2026-07-24T02:12:15.000+0000
a00RB00002AyE6OYAV,INV-0000000283,001RB00001VTqnHYAT,a04RB00000kUAQ3YAO,001RB00001VTqnHYAT,Activated,a0BRB00000ynn5v2AA,a04RB00000kUAQ3YAO,2026-07-20,2026-08-31,,,11000,12100,12100,,0,12100,通常,決済待ち,送付済み,Success,63150577,INV-0000001448,https://invoice.secure.freee.co.jp/reports/invoices/63150577,true,2026-07-24T02:12:15.000+0000
a00RB00002AyetYYAR,INV-0000000288,001RB00001VTtIXYA1,a04RB00000kUAPlYAO,001RB00001VTtIXYA1,Activated,a0BRB00000ynn5d2AA,a04RB00000kUAPlYAO,2026-03-20,2026-04-30,,,11000,12100,12100,,12100,0,通常,決済済み,送付済み,Success,54153832,INV-0000001052,https://invoice.secure.freee.co.jp/reports/invoices/54153832,true,2026-07-24T05:19:15.000+0000
a00RB00002AyetZYAR,INV-0000000289,001RB00001VTqZVYA1,a04RB00000kUAPXYA4,001RB00001VTqZVYA1,Activated,a0BRB00000ynn5P2AQ,a04RB00000kUAPXYA4,2026-03-20,2026-04-30,,,11000,12100,12100,,12100,0,通常,決済済み,送付済み,Success,54153838,INV-0000001058,https://invoice.secure.freee.co.jp/reports/invoices/54153838,true,2026-07-24T05:19:15.000+0000
a00RB00002AyetaYAB,INV-0000000290,001RB00001VTqZpYAL,a04RB00000kUAPVYA4,001RB00001VTqZpYAL,Activated,a0BRB00000ynn5N2AQ,a04RB00000kUAPVYA4,2026-03-20,2026-04-30,,,11000,12100,12100,,12100,0,通常,決済済み,送付済み,Success,54153841,INV-0000001060,https://invoice.secure.freee.co.jp/reports/invoices/54153841,true,2026-07-24T05:19:15.000+0000
a00RB00002AyetbYAB,INV-0000000291,001RB00001VTtIdYAL,a04RB00000kUAPxYAO,001RB00001VTtIdYAL,Activated,a0BRB00000ynn5p2AA,a04RB00000kUAPxYAO,2026-05-20,2026-05-31,,,11000,12100,12100,,12100,0,通常,決済済み,送付済み,Success,58573604,INV-0000001225,https://invoice.secure.freee.co.jp/reports/invoices/58573604,true,2026-07-24T05:19:15.000+0000
a00RB00002AyetcYAB,INV-0000000292,001RB00001VTtIXYA1,a04RB00000kUAPlYAO,001RB00001VTtIXYA1,Activated,a0BRB00000ynn5d2AA,a04RB00000kUAPlYAO,2026-05-20,2026-06-30,,,11000,12100,12100,,12100,0,通常,決済済み,送付済み,Success,58573611,INV-0000001229,https://invoice.secure.freee.co.jp/reports/invoices/58573611,true,2026-07-24T05:19:15.000+0000
a00RB00002AyetdYAB,INV-0000000293,001RB00001VTqZVYA1,a04RB00000kUAPXYA4,001RB00001VTqZVYA1,Activated,a0BRB00000ynn5P2AQ,a04RB00000kUAPXYA4,2026-05-20,2026-06-30,,,11000,12100,12100,,12100,0,通常,決済済み,送付済み,Success,58573620,INV-0000001234,https://invoice.secure.freee.co.jp/reports/invoices/58573620,true,2026-07-24T05:19:15.000+0000
a00RB00002AyeteYAB,INV-0000000294,001RB00001VTqZpYAL,a04RB00000kUAPVYA4,001RB00001VTqZpYAL,Activated,a0BRB00000ynn5N2AQ,a04RB00000kUAPVYA4,2026-05-20,2026-06-30,,,11000,12100,12100,,0,12100,通常,決済待ち,送付済み,Success,58573624,INV-0000001236,https://invoice.secure.freee.co.jp/reports/invoices/58573624,true,2026-07-24T05:19:15.000+0000
a00RB00002AyetfYAB,INV-0000000295,001RB00001VTtIXYA1,a04RB00000kUAPlYAO,001RB00001VTtIXYA1,Activated,a0BRB00000ynn5d2AA,a04RB00000kUAPlYAO,2026-04-20,2026-05-31,,,11000,12100,12100,,12100,0,通常,決済済み,送付済み,Success,56527528,INV-0000001129,https://invoice.secure.freee.co.jp/reports/invoices/56527528,true,2026-07-24T05:19:15.000+0000
a00RB00002AyetgYAB,INV-0000000296,001RB00001VTqZVYA1,a04RB00000kUAPXYA4,001RB00001VTqZVYA1,Activated,a0BRB00000ynn5P2AQ,a04RB00000kUAPXYA4,2026-04-20,2026-05-31,,,11000,12100,12100,,12100,0,通常,決済済み,送付済み,Success,56527535,INV-0000001134,https://invoice.secure.freee.co.jp/reports/invoices/56527535,true,2026-07-24T05:19:15.000+0000
a00RB00002AyethYAB,INV-0000000297,001RB00001VTqZpYAL,a04RB00000kUAPVYA4,001RB00001VTqZpYAL,Activated,a0BRB00000ynn5N2AQ,a04RB00000kUAPVYA4,2026-04-20,2026-05-31,,,11000,12100,12100,,12100,0,通常,決済済み,送付済み,Success,56527537,INV-0000001136,https://invoice.secure.freee.co.jp/reports/invoices/56527537,true,2026-07-24T05:19:15.000+0000
a00RB00002AyetiYAB,INV-0000000298,001RB00001VTqZpYAL,a04RB00000kUAPVYA4,001RB00001VTqZpYAL,Activated,a0BRB00000ynn5N2AQ,a04RB00000kUAPVYA4,2026-07-20,2026-08-31,,,11000,12100,12100,,0,12100,通常,決済待ち,送付済み,Success,63150549,INV-0000001431,https://invoice.secure.freee.co.jp/reports/invoices/63150549,true,2026-07-24T05:19:15.000+0000
a00RB00002AyetjYAB,INV-0000000299,001RB00001VTtIdYAL,a04RB00000kUAPxYAO,001RB00001VTtIdYAL,Activated,a0BRB00000ynn5p2AA,a04RB00000kUAPxYAO,2026-07-20,2026-08-31,,,11000,12100,12100,,0,12100,通常,決済待ち,送付済み,Success,63150540,INV-0000001423,https://invoice.secure.freee.co.jp/reports/invoices/63150540,true,2026-07-24T05:19:15.000+0000
a00RB00002AyetkYAB,INV-0000000300,001RB00001VTtIXYA1,a04RB00000kUAPlYAO,001RB00001VTtIXYA1,Activated,a0BRB00000ynn5d2AA,a04RB00000kUAPlYAO,2026-07-20,2026-08-31,,,11000,12100,12100,,0,12100,通常,決済待ち,送付済み,Success,63150542,INV-0000001425,https://invoice.secure.freee.co.jp/reports/invoices/63150542,true,2026-07-24T05:19:15.000+0000
a00RB00002AyetlYAB,INV-0000000301,001RB00001VTqZVYA1,a04RB00000kUAPXYA4,001RB00001VTqZVYA1,Activated,a0BRB00000ynn5P2AQ,a04RB00000kUAPXYA4,2026-07-20,2026-08-31,,,11000,12100,12100,,0,12100,通常,決済待ち,送付済み,Success,63150547,INV-0000001430,https://invoice.secure.freee.co.jp/reports/invoices/63150547,true,2026-07-24T05:19:15.000+0000
a00RB00002B0dy5YAB,INV-0000000284,001RB00001VTqZWYA1,a04RB00000kUAPjYAO,001RB00001VTqZWYA1,Activated,a0BRB00000ynn5b2AA,a04RB00000kUAPjYAO,2026-04-20,2026-05-31,,,11000,12100,12100,,12100,0,通常,決済済み,送付済み,Success,56527560,INV-0000001154,https://invoice.secure.freee.co.jp/reports/invoices/56527560,true,2026-07-24T04:53:32.000+0000
a00RB00002B0dy6YAB,INV-0000000285,001RB00001VTqZWYA1,a04RB00000kUAPjYAO,001RB00001VTqZWYA1,Activated,a0BRB00000ynn5b2AA,a04RB00000kUAPjYAO,2026-05-20,2026-06-30,,,11000,12100,12100,,12100,0,通常,決済済み,送付済み,Success,58573656,INV-0000001254,https://invoice.secure.freee.co.jp/reports/invoices/58573656,true,2026-07-24T04:53:32.000+0000
a00RB00002B0dy7YAB,INV-0000000286,001RB00001VTqZWYA1,a04RB00000kUAPjYAO,001RB00001VTqZWYA1,Activated,a0BRB00000ynn5b2AA,a04RB00000kUAPjYAO,2026-03-20,2026-04-30,,,11000,12100,12100,,12100,0,通常,決済済み,送付済み,Success,54153867,INV-0000001079,https://invoice.secure.freee.co.jp/reports/invoices/54153867,true,2026-07-24T04:53:32.000+0000
a00RB00002B0dy8YAB,INV-0000000287,001RB00001VTqZWYA1,a04RB00000kUAPjYAO,001RB00001VTqZWYA1,Activated,a0BRB00000ynn5b2AA,a04RB00000kUAPjYAO,2026-07-20,2026-08-31,,,11000,12100,12100,,0,12100,通常,決済待ち,送付済み,Success,63150573,INV-0000001446,https://invoice.secure.freee.co.jp/reports/invoices/63150573,true,2026-07-24T04:53:32.000+0000
a00RB00002B2ejcYAB,INV-0000000378,001RB00001br9KMYAY,a04RB00000n5JdmYAE,001RB00001br9KMYAY,Activated,a0BRB000012EChG2AW,a04RB00000n5JdmYAE,2026-06-20,2026-07-31,,,44000,48400,48400,,0,48400,通常,決済待ち,送付済み,Success,60861181,INV-0000001340,https://invoice.secure.freee.co.jp/reports/invoices/60861181,true,2026-07-24T10:55:36.000+0000
a00RB00002B2ejdYAB,INV-0000000379,001RB00001br9KKYAY,a04RB00000n5JdsYAE,001RB00001br9KKYAY,Activated,a0BRB000012EChM2AW,a04RB00000n5JdsYAE,2026-06-20,2026-07-20,,,11000,12100,12100,,0,12100,通常,決済待ち,送付済み,Success,60861159,INV-0000001324,https://invoice.secure.freee.co.jp/reports/invoices/60861159,true,2026-07-24T10:55:36.000+0000
a00RB00002B4i3EYAR,INV-0000000302,001RB00001br9KgYAI,a04RB00000n5JdiYAE,001RB00001br9KgYAI,Activated,a0BRB000012EChC2AW,a04RB00000n5JdiYAE,2026-06-20,2026-07-31,,,11000,12100,12100,,0,12100,通常,決済待ち,送付済み,Success,60861169,INV-0000001330,https://invoice.secure.freee.co.jp/reports/invoices/60861169,true,2026-07-24T10:37:57.000+0000
a00RB00002B4i3FYAR,INV-0000000303,001RB00001br9KfYAI,a04RB00000n5JdjYAE,001RB00001br9KfYAI,Activated,a0BRB000012EChD2AW,a04RB00000n5JdjYAE,2026-06-20,2026-07-31,,,44000,48400,48400,,0,48400,通常,決済待ち,送付済み,Success,60861170,INV-0000001331,https://invoice.secure.freee.co.jp/reports/invoices/60861170,true,2026-07-24T10:37:57.000+0000
a00RB00002B4i3GYAR,INV-0000000304,001RB00001br9KNYAY,a04RB00000n5JdkYAE,001RB00001br9KNYAY,Activated,a0BRB000012EChE2AW,a04RB00000n5JdkYAE,2026-06-20,2026-07-31,,,8000,8800,8800,,0,8800,通常,決済待ち,送付済み,Success,60861171,INV-0000001332,https://invoice.secure.freee.co.jp/reports/invoices/60861171,true,2026-07-24T10:37:57.000+0000
a00RB00002B4i3HYAR,INV-0000000305,001RB00001br9KLYAY,a04RB00000n5JdlYAE,001RB00001br9KLYAY,Activated,a0BRB000012EChF2AW,a04RB00000n5JdlYAE,2026-06-20,2026-07-31,,,8000,8800,8800,,0,8800,通常,決済待ち,送付済み,Success,60861179,INV-0000001338,https://invoice.secure.freee.co.jp/reports/invoices/60861179,true,2026-07-24T10:37:57.000+0000
a00RB00002B4i3IYAR,INV-0000000306,001RB00001br9KQYAY,a04RB00000n5JdnYAE,001RB00001br9KQYAY,Activated,a0BRB000012EChH2AW,a04RB00000n5JdnYAE,2026-06-20,2026-07-31,,,8000,8800,8800,,0,8800,通常,決済待ち,送付済み,Success,60861188,INV-0000001347,https://invoice.secure.freee.co.jp/reports/invoices/60861188,true,2026-07-24T10:37:57.000+0000
a00RB00002B4i3JYAR,INV-0000000307,001RB00001br9KOYAY,a04RB00000n5JdoYAE,001RB00001br9KOYAY,Activated,a0BRB000012EChI2AW,a04RB00000n5JdoYAE,2026-06-20,2026-07-31,,,8000,8800,8800,,0,8800,通常,決済待ち,送付済み,Success,60861191,INV-0000001349,https://invoice.secure.freee.co.jp/reports/invoices/60861191,true,2026-07-24T10:37:57.000+0000
a00RB00002B4i3KYAR,INV-0000000308,001RB00001VTrvcYAD,a04RB00000n5JdpYAE,001RB00001VTrvcYAD,Activated,a0BRB000012EChJ2AW,a04RB00000n5JdpYAE,2026-06-20,2026-07-31,,,295000,324500,324500,,0,324500,通常,決済待ち,送付済み,Success,60792923,INV-0000001313,https://invoice.secure.freee.co.jp/reports/invoices/60792923,true,2026-07-24T10:37:57.000+0000
a00RB00002B4i3LYAR,INV-0000000309,001RB00001VTtIcYAL,a04RB00000n5JdqYAE,001RB00001VTtIcYAL,Activated,a0BRB000012EChK2AW,a04RB00000n5JdqYAE,2026-06-20,2026-07-31,,,11000,12100,12100,,0,12100,通常,決済待ち,送付済み,Success,60861154,INV-0000001319,https://invoice.secure.freee.co.jp/reports/invoices/60861154,true,2026-07-24T10:37:57.000+0000
a00RB00002B4i3MYAR,INV-0000000310,001RB00001br9KVYAY,a04RB00000n5JdrYAE,001RB00001br9KVYAY,Activated,a0BRB000012EChL2AW,a04RB00000n5JdrYAE,2026-06-20,2026-07-31,,,11000,12100,12100,,0,12100,通常,決済待ち,送付済み,Success,60861155,INV-0000001320,https://invoice.secure.freee.co.jp/reports/invoices/60861155,true,2026-07-24T10:37:57.000+0000
a00RB00002B4i3NYAR,INV-0000000311,001RB00001br9KSYAY,a04RB00000n5JdtYAE,001RB00001br9KSYAY,Activated,a0BRB000012EChN2AW,a04RB00000n5JdtYAE,2026-06-20,2026-07-31,,,8000,8800,8800,,0,8800,通常,決済待ち,送付済み,Success,60861167,INV-0000001329,https://invoice.secure.freee.co.jp/reports/invoices/60861167,true,2026-07-24T10:37:57.000+0000
a00RB00002B4i3OYAR,INV-0000000312,001RB00001br9KdYAI,a04RB00000n5JduYAE,001RB00001br9KdYAI,Activated,a0BRB000012EChO2AW,a04RB00000n5JduYAE,2026-06-20,2026-07-31,,,16000,17600,17600,,0,17600,通常,決済待ち,送付済み,Success,60904124,INV-0000001354,https://invoice.secure.freee.co.jp/reports/invoices/60904124,true,2026-07-24T10:37:57.000+0000
a00RB00002B4i3PYAR,INV-0000000313,001RB00001VTCYEYA5,a04RB00000n5JdvYAE,001RB00001VTCYEYA5,Activated,a0BRB000012EChP2AW,a04RB00000n5JdvYAE,2026-06-20,2026-07-31,,,180000,198000,198000,,0,198000,通常,決済待ち,送付済み,Success,60905395,INV-0000001355,https://invoice.secure.freee.co.jp/reports/invoices/60905395,true,2026-07-24T10:37:57.000+0000
a00RB00002B4i3QYAR,INV-0000000314,001RB00001br9KYYAY,a04RB00000n5JdwYAE,001RB00001br9KYYAY,Activated,a0BRB000012EChQ2AW,a04RB00000n5JdwYAE,2026-06-20,2026-07-31,,,30000,33000,33000,,33000,0,通常,決済済み,送付済み,Success,60907136,INV-0000001358,https://invoice.secure.freee.co.jp/reports/invoices/60907136,true,2026-07-24T10:37:57.000+0000
a00RB00002B4i3RYAR,INV-0000000315,001RB00001br9KIYAY,a04RB00000n5JdxYAE,001RB00001br9KIYAY,Activated,a0BRB000012EChR2AW,a04RB00000n5JdxYAE,2026-06-20,2026-07-31,,,8000,8800,8800,,8800,0,通常,決済済み,送付済み,Success,60946048,INV-0000001360,https://invoice.secure.freee.co.jp/reports/invoices/60946048,true,2026-07-24T10:37:57.000+0000
a00RB00002B4i3SYAR,INV-0000000316,001RB00001br9KcYAI,a04RB00000n5JdyYAE,001RB00001br9KcYAI,Activated,a0BRB000012EChS2AW,a04RB00000n5JdyYAE,2026-06-20,2026-07-31,,,150000,165000,165000,,0,165000,通常,決済待ち,送付済み,Success,60952846,INV-0000001363,https://invoice.secure.freee.co.jp/reports/invoices/60952846,true,2026-07-24T10:37:57.000+0000
a00RB00002B4i3TYAR,INV-0000000317,001RB00001VTqf7YAD,a04RB00000kUAOjYAO,001RB00001VTqf7YAD,Activated,a0BRB00000ynb6e2AA,a04RB00000kUAOjYAO,2026-06-20,2026-07-31,,,45000,52800,52800,,0,52800,通常,決済待ち,送付済み,Success,60953721,INV-0000001366,https://invoice.secure.freee.co.jp/reports/invoices/60953721,true,2026-07-24T10:37:57.000+0000
a00RB00002B4i3UYAR,INV-0000000318,001RB00001br9KeYAI,a04RB00000n5JdzYAE,001RB00001br9KeYAI,Activated,a0BRB000012EChT2AW,a04RB00000n5JdzYAE,2026-03-20,2026-04-30,,,75000,82500,82500,,82500,0,通常,決済済み,送付済み,Success,54248066,INV-0000001094,https://invoice.secure.freee.co.jp/reports/invoices/54248066,true,2026-07-24T10:37:57.000+0000
a00RB00002B4i3VYAR,INV-0000000319,001RB00001br9KVYAY,a04RB00000n5JdrYAE,001RB00001br9KVYAY,Activated,a0BRB000012EChU2AW,a04RB00000n5JdrYAE,2026-03-20,2026-04-30,,,11000,12100,12100,,12100,0,通常,決済済み,送付済み,Success,54153830,INV-0000001050,https://invoice.secure.freee.co.jp/reports/invoices/54153830,true,2026-07-24T10:37:57.000+0000
a00RB00002B4i3WYAR,INV-0000000320,001RB00001VTtIVYA1,a04RB00000n5Je0YAE,001RB00001VTtIVYA1,Activated,a0BRB000012EChV2AW,a04RB00000n5Je0YAE,2026-03-20,2026-04-30,,,11000,12100,12100,,12100,0,通常,決済済み,送付済み,Success,54153835,INV-0000001055,https://invoice.secure.freee.co.jp/reports/invoices/54153835,true,2026-07-24T10:37:57.000+0000
a00RB00002B4i3XYAR,INV-0000000321,001RB00001br9KSYAY,a04RB00000n5JdtYAE,001RB00001br9KSYAY,Activated,a0BRB000012EChW2AW,a04RB00000n5JdtYAE,2026-03-20,2026-04-30,,,8000,8800,8800,,8800,0,通常,決済済み,送付済み,Success,54153843,INV-0000001061,https://invoice.secure.freee.co.jp/reports/invoices/54153843,true,2026-07-24T10:37:57.000+0000
a00RB00002B4i3YYAR,INV-0000000322,001RB00001br9KgYAI,a04RB00000n5JdiYAE,001RB00001br9KgYAI,Activated,a0BRB000012EChX2AW,a04RB00000n5JdiYAE,2026-03-20,2026-04-30,,,11000,12100,12100,,0,12100,通常,決済待ち,送付済み,Success,54153844,INV-0000001062,https://invoice.secure.freee.co.jp/reports/invoices/54153844,true,2026-07-24T10:37:57.000+0000
a00RB00002B4i3ZYAR,INV-0000000323,001RB00001br9KfYAI,a04RB00000n5JdjYAE,001RB00001br9KfYAI,Activated,a0BRB000012EChY2AW,a04RB00000n5JdjYAE,2026-03-20,2026-04-30,,,44000,48400,48400,,48400,0,通常,決済済み,送付済み,Success,54153845,INV-0000001063,https://invoice.secure.freee.co.jp/reports/invoices/54153845,true,2026-07-24T10:37:57.000+0000
a00RB00002B4i3aYAB,INV-0000000324,001RB00001br9KNYAY,a04RB00000n5JdkYAE,001RB00001br9KNYAY,Activated,a0BRB000012EChZ2AW,a04RB00000n5JdkYAE,2026-03-20,2026-04-30,,,8000,8800,8800,,8800,0,通常,決済済み,送付済み,Success,54153846,INV-0000001064,https://invoice.secure.freee.co.jp/reports/invoices/54153846,true,2026-07-24T10:37:57.000+0000
a00RB00002B4i3bYAB,INV-0000000325,001RB00001VTqkQYAT,a04RB00000n5Je1YAE,001RB00001VTqkQYAT,Activated,a0BRB000012ECha2AG,a04RB00000n5Je1YAE,2026-03-20,2026-04-30,,,55000,60500,60500,,60500,0,通常,決済済み,送付済み,Success,54153848,INV-0000001065,https://invoice.secure.freee.co.jp/reports/invoices/54153848,true,2026-07-24T10:37:57.000+0000
a00RB00002B4i3cYAB,INV-0000000326,001RB00001VTCYwYAP,a04RB00000n5Je2YAE,001RB00001VTCYwYAP,Activated,a0BRB000012EChb2AG,a04RB00000n5Je2YAE,2026-04-20,2026-05-31,,,8000,8800,8800,,8800,0,通常,決済済み,送付済み,Success,56527554,INV-0000001149,https://invoice.secure.freee.co.jp/reports/invoices/56527554,true,2026-07-24T10:37:57.000+0000
a00RB00002B4i3dYAB,INV-0000000327,001RB00001br9KQYAY,a04RB00000n5JdnYAE,001RB00001br9KQYAY,Activated,a0BRB000012EChc2AG,a04RB00000n5JdnYAE,2026-04-20,2026-05-31,,,8000,8800,8800,,8800,0,通常,決済済み,送付済み,Success,56527564,INV-0000001157,https://invoice.secure.freee.co.jp/reports/invoices/56527564,true,2026-07-24T10:37:57.000+0000
a00RB00002B4i3eYAB,INV-0000000328,001RB00001br9KOYAY,a04RB00000n5JdoYAE,001RB00001br9KOYAY,Activated,a0BRB000012EChd2AG,a04RB00000n5JdoYAE,2026-04-20,2026-05-31,,,8000,8800,8800,,8800,0,通常,決済済み,送付済み,Success,56527566,INV-0000001159,https://invoice.secure.freee.co.jp/reports/invoices/56527566,true,2026-07-24T10:37:57.000+0000
a00RB00002B4i3fYAB,INV-0000000329,001RB00001VcyFPYAZ,a04RB00000n5Je3YAE,001RB00001VcyFPYAZ,Activated,a0BRB000012EChe2AG,a04RB00000n5Je3YAE,2026-04-20,2026-05-31,,,48000,52800,52800,,52800,0,通常,決済済み,送付済み,Success,56679018,INV-0000001167,https://invoice.secure.freee.co.jp/reports/invoices/56679018,true,2026-07-24T10:37:57.000+0000
a00RB00002B4i3gYAB,INV-0000000330,001RB00001br9KdYAI,a04RB00000n5JduYAE,001RB00001br9KdYAI,Activated,a0BRB000012EChf2AG,a04RB00000n5JduYAE,2026-04-20,2026-05-31,,,16000,17600,17600,,17600,0,通常,決済済み,送付済み,Success,56680866,INV-0000001168,https://invoice.secure.freee.co.jp/reports/invoices/56680866,true,2026-07-24T10:37:57.000+0000
a00RB00002B4i3hYAB,INV-0000000331,001RB00001VTCYEYA5,a04RB00000n5JdvYAE,001RB00001VTCYEYA5,Activated,a0BRB000012EChg2AG,a04RB00000n5JdvYAE,2026-04-20,2026-05-31,,,180000,198000,198000,,198000,0,通常,決済済み,送付済み,Success,56682295,INV-0000001171,https://invoice.secure.freee.co.jp/reports/invoices/56682295,true,2026-07-24T10:37:57.000+0000
a00RB00002B4i3iYAB,INV-0000000332,001RB00001VTqlZYAT,a04RB00000n5Je4YAE,001RB00001VTqlZYAT,Activated,a0BRB000012EChh2AG,a04RB00000n5Je4YAE,2026-04-20,2026-05-31,,,77000,84700,84700,,84700,0,通常,決済済み,送付済み,Success,56692848,INV-0000001181,https://invoice.secure.freee.co.jp/reports/invoices/56692848,true,2026-07-24T10:37:57.000+0000
a00RB00002B4i3jYAB,INV-0000000333,001RB00001br9KRYAY,a04RB00000n5Je5YAE,001RB00001br9KRYAY,Activated,a0BRB000012EChi2AG,a04RB00000n5Je5YAE,2026-04-20,2026-05-31,,,11000,12100,12100,,12100,0,通常,決済済み,送付済み,Success,56701208,INV-0000001187,https://invoice.secure.freee.co.jp/reports/invoices/56701208,true,2026-07-24T10:37:57.000+0000
a00RB00002B4i3kYAB,INV-0000000334,001RB00001br9KTYAY,a04RB00000n5Je6YAE,001RB00001br9KTYAY,Activated,a0BRB000012EChj2AG,a04RB00000n5Je6YAE,2026-05-20,2026-06-30,,,11000,12100,12100,,12100,0,通常,決済済み,送付済み,Success,58573601,INV-0000001224,https://invoice.secure.freee.co.jp/reports/invoices/58573601,true,2026-07-24T10:37:57.000+0000
a00RB00002B4i3lYAB,INV-0000000335,001RB00001VTtIcYAL,a04RB00000n5JdqYAE,001RB00001VTtIcYAL,Activated,a0BRB000012EChk2AG,a04RB00000n5JdqYAE,2026-05-20,2026-06-30,,,11000,12100,12100,,12100,0,通常,決済済み,送付済み,Success,58573606,INV-0000001226,https://invoice.secure.freee.co.jp/reports/invoices/58573606,true,2026-07-24T10:37:57.000+0000
a00RB00002B4i3mYAB,INV-0000000336,001RB00001br9KVYAY,a04RB00000n5JdrYAE,001RB00001br9KVYAY,Activated,a0BRB000012EChl2AG,a04RB00000n5JdrYAE,2026-05-20,2026-06-30,,,11000,12100,12100,,0,12100,通常,決済待ち,送付済み,Success,58573608,INV-0000001227,https://invoice.secure.freee.co.jp/reports/invoices/58573608,true,2026-07-24T10:37:57.000+0000
a00RB00002B4i3nYAB,INV-0000000337,001RB00001br9KSYAY,a04RB00000n5JdtYAE,001RB00001br9KSYAY,Activated,a0BRB000012EChm2AG,a04RB00000n5JdtYAE,2026-05-20,2026-06-30,,,8000,8800,8800,,8800,0,通常,決済済み,送付済み,Success,58573626,INV-0000001237,https://invoice.secure.freee.co.jp/reports/invoices/58573626,true,2026-07-24T10:37:57.000+0000
a00RB00002B4i3oYAB,INV-0000000338,001RB00001br9KgYAI,a04RB00000n5JdiYAE,001RB00001br9KgYAI,Activated,a0BRB000012EChn2AG,a04RB00000n5JdiYAE,2026-05-20,2026-06-30,,,11000,12100,12100,,0,12100,通常,決済待ち,送付済み,Success,58573627,INV-0000001238,https://invoice.secure.freee.co.jp/reports/invoices/58573627,true,2026-07-24T10:37:57.000+0000
a00RB00002B4i3pYAB,INV-0000000339,001RB00001br9KfYAI,a04RB00000n5JdjYAE,001RB00001br9KfYAI,Activated,a0BRB000012ECho2AG,a04RB00000n5JdjYAE,2026-05-20,2026-06-30,,,44000,48400,48400,,0,48400,通常,決済待ち,送付済み,Success,58573629,INV-0000001239,https://invoice.secure.freee.co.jp/reports/invoices/58573629,true,2026-07-24T10:37:57.000+0000
a00RB00002B4i3qYAB,INV-0000000340,001RB00001br9KNYAY,a04RB00000n5JdkYAE,001RB00001br9KNYAY,Activated,a0BRB000012EChp2AG,a04RB00000n5JdkYAE,2026-05-20,2026-06-30,,,8000,8800,8800,,8800,0,通常,決済済み,送付済み,Success,58573631,INV-0000001240,https://invoice.secure.freee.co.jp/reports/invoices/58573631,true,2026-07-24T10:37:57.000+0000
a00RB00002B4i3rYAB,INV-0000000341,001RB00001VTqkQYAT,a04RB00000n5Je1YAE,001RB00001VTqkQYAT,Activated,a0BRB000012EChq2AG,a04RB00000n5Je1YAE,2026-05-20,2026-06-30,,,55000,60500,60500,,60500,0,通常,決済済み,送付済み,Success,58573632,INV-0000001241,https://invoice.secure.freee.co.jp/reports/invoices/58573632,true,2026-07-24T10:37:57.000+0000
a00RB00002B4i3sYAB,INV-0000000342,001RB00001br9KLYAY,a04RB00000n5JdlYAE,001RB00001br9KLYAY,Activated,a0BRB000012EChr2AG,a04RB00000n5JdlYAE,2026-05-20,2026-06-30,,,8000,8800,8800,,8800,0,通常,決済済み,送付済み,Success,58573642,INV-0000001247,https://invoice.secure.freee.co.jp/reports/invoices/58573642,true,2026-07-24T10:37:57.000+0000
a00RB00002B4i3tYAB,INV-0000000343,001RB00001VTCYwYAP,a04RB00000n5Je2YAE,001RB00001VTCYwYAP,Activated,a0BRB000012EChs2AG,a04RB00000n5Je2YAE,2026-05-20,2026-06-30,,,8000,8800,8800,,8800,0,通常,決済済み,送付済み,Success,58573647,INV-0000001249,https://invoice.secure.freee.co.jp/reports/invoices/58573647,true,2026-07-24T10:37:57.000+0000
a00RB00002B4i3uYAB,INV-0000000344,001RB00001br9KQYAY,a04RB00000n5JdnYAE,001RB00001br9KQYAY,Activated,a0BRB000012ECht2AG,a04RB00000n5JdnYAE,2026-05-20,2026-06-30,,,8000,8800,8800,,8800,0,通常,決済済み,送付済み,Success,58573663,INV-0000001257,https://invoice.secure.freee.co.jp/reports/invoices/58573663,true,2026-07-24T10:37:57.000+0000
a00RB00002B4i3vYAB,INV-0000000345,001RB00001br9KOYAY,a04RB00000n5JdoYAE,001RB00001br9KOYAY,Activated,a0BRB000012EChu2AG,a04RB00000n5JdoYAE,2026-05-20,2026-06-30,,,8000,8800,8800,,8800,0,通常,決済済み,送付済み,Success,58573667,INV-0000001259,https://invoice.secure.freee.co.jp/reports/invoices/58573667,true,2026-07-24T10:37:57.000+0000
a00RB00002B4i3wYAB,INV-0000000346,001RB00001VcyFPYAZ,a04RB00000n5Je3YAE,001RB00001VcyFPYAZ,Activated,a0BRB000012EChv2AG,a04RB00000n5Je3YAE,2026-05-20,2026-06-30,,,48000,52800,52800,,52800,0,通常,決済済み,送付済み,Success,58691585,INV-0000001265,https://invoice.secure.freee.co.jp/reports/invoices/58691585,true,2026-07-24T10:37:57.000+0000
a00RB00002B4i3xYAB,INV-0000000347,001RB00001br9KdYAI,a04RB00000n5JduYAE,001RB00001br9KdYAI,Activated,a0BRB000012EChw2AG,a04RB00000n5JduYAE,2026-05-20,2026-06-30,,,16000,17600,17600,,17600,0,通常,決済済み,送付済み,Success,58708849,INV-0000001267,https://invoice.secure.freee.co.jp/reports/invoices/58708849,true,2026-07-24T10:37:57.000+0000
a00RB00002B4i3yYAB,INV-0000000348,001RB00001VTCYEYA5,a04RB00000n5JdvYAE,001RB00001VTCYEYA5,Activated,a0BRB000012EChx2AG,a04RB00000n5JdvYAE,2026-05-20,2026-06-30,,,180000,198000,198000,,0,198000,通常,決済待ち,送付済み,Success,58710933,INV-0000001270,https://invoice.secure.freee.co.jp/reports/invoices/58710933,true,2026-07-24T10:37:57.000+0000
a00RB00002B4i3zYAB,INV-0000000349,001RB00001br9KSYAY,a04RB00000n5JdtYAE,001RB00001br9KSYAY,Activated,a0BRB000012EChy2AG,a04RB00000n5JdtYAE,2026-04-20,2026-05-31,,,8000,8800,8800,,8800,0,通常,決済済み,送付済み,Success,56527538,INV-0000001137,https://invoice.secure.freee.co.jp/reports/invoices/56527538,true,2026-07-24T10:37:57.000+0000
a00RB00002B4i40YAB,INV-0000000350,001RB00001br9KgYAI,a04RB00000n5JdiYAE,001RB00001br9KgYAI,Activated,a0BRB000012EChz2AG,a04RB00000n5JdiYAE,2026-04-20,2026-05-31,,,11000,12100,12100,,12100,0,通常,決済済み,送付済み,Success,56527539,INV-0000001138,https://invoice.secure.freee.co.jp/reports/invoices/56527539,true,2026-07-24T10:37:57.000+0000
a00RB00002B4i41YAB,INV-0000000351,001RB00001br9KfYAI,a04RB00000n5JdjYAE,001RB00001br9KfYAI,Activated,a0BRB000012ECi02AG,a04RB00000n5JdjYAE,2026-04-20,2026-05-31,,,44000,48400,48400,,48400,0,通常,決済済み,送付済み,Success,56527540,INV-0000001139,https://invoice.secure.freee.co.jp/reports/invoices/56527540,true,2026-07-24T10:37:57.000+0000
a00RB00002B4i42YAB,INV-0000000352,001RB00001br9KNYAY,a04RB00000n5JdkYAE,001RB00001br9KNYAY,Activated,a0BRB000012ECi12AG,a04RB00000n5JdkYAE,2026-04-20,2026-05-31,,,8000,8800,8800,,8800,0,通常,決済済み,送付済み,Success,56527541,INV-0000001140,https://invoice.secure.freee.co.jp/reports/invoices/56527541,true,2026-07-24T10:37:57.000+0000
a00RB00002B4i43YAB,INV-0000000353,001RB00001VTqkQYAT,a04RB00000n5Je1YAE,001RB00001VTqkQYAT,Activated,a0BRB000012ECi22AG,a04RB00000n5Je1YAE,2026-04-20,2026-05-31,,,55000,60500,60500,,60500,0,通常,決済済み,送付済み,Success,56527544,INV-0000001141,https://invoice.secure.freee.co.jp/reports/invoices/56527544,true,2026-07-24T10:37:57.000+0000
a00RB00002B4i44YAB,INV-0000000354,001RB00001br9KLYAY,a04RB00000n5JdlYAE,001RB00001br9KLYAY,Activated,a0BRB000012ECi32AG,a04RB00000n5JdlYAE,2026-04-20,2026-05-31,,,8000,8800,8800,,8800,0,通常,決済済み,送付済み,Success,56527552,INV-0000001147,https://invoice.secure.freee.co.jp/reports/invoices/56527552,true,2026-07-24T10:37:57.000+0000
a00RB00002B4i45YAB,INV-0000000355,001RB00001br9KLYAY,a04RB00000n5JdlYAE,001RB00001br9KLYAY,Activated,a0BRB000012ECi42AG,a04RB00000n5JdlYAE,2026-03-20,2026-04-30,,,8000,8800,8800,,8800,0,通常,決済済み,送付済み,Success,54153857,INV-0000001071,https://invoice.secure.freee.co.jp/reports/invoices/54153857,true,2026-07-24T10:37:57.000+0000
a00RB00002B4i46YAB,INV-0000000356,001RB00001VTCYwYAP,a04RB00000n5Je2YAE,001RB00001VTCYwYAP,Activated,a0BRB000012ECi52AG,a04RB00000n5Je2YAE,2026-03-20,2026-04-30,,,8000,8800,8800,,8800,0,通常,決済済み,送付済み,Success,54153860,INV-0000001073,https://invoice.secure.freee.co.jp/reports/invoices/54153860,true,2026-07-24T10:37:57.000+0000
a00RB00002B4i47YAB,INV-0000000357,001RB00001br9KQYAY,a04RB00000n5JdnYAE,001RB00001br9KQYAY,Activated,a0BRB000012ECi62AG,a04RB00000n5JdnYAE,2026-03-20,2026-04-30,,,8000,8800,8800,,8800,0,通常,決済済み,送付済み,Success,54153872,INV-0000001082,https://invoice.secure.freee.co.jp/reports/invoices/54153872,true,2026-07-24T10:37:57.000+0000
a00RB00002B4i48YAB,INV-0000000358,001RB00001br9KOYAY,a04RB00000n5JdoYAE,001RB00001br9KOYAY,Activated,a0BRB000012ECi72AG,a04RB00000n5JdoYAE,2026-03-20,2026-04-30,,,8000,8800,8800,,8800,0,通常,決済済み,送付済み,Success,54153877,INV-0000001084,https://invoice.secure.freee.co.jp/reports/invoices/54153877,true,2026-07-24T10:37:57.000+0000
a00RB00002B4i49YAB,INV-0000000359,001RB00001VTqlZYAT,a04RB00000n5Je4YAE,001RB00001VTqlZYAT,Activated,a0BRB000012ECi82AG,a04RB00000n5Je4YAE,2026-03-20,2026-04-30,,,77000,84700,84700,,84700,0,通常,決済済み,送付済み,Success,54246103,INV-0000001091,https://invoice.secure.freee.co.jp/reports/invoices/54246103,true,2026-07-24T10:37:57.000+0000
a00RB00002B4i4AYAR,INV-0000000360,001RB00001br9KdYAI,a04RB00000n5JduYAE,001RB00001br9KdYAI,Activated,a0BRB000012ECi92AG,a04RB00000n5JduYAE,2026-03-20,2026-04-30,,,16000,17600,17600,,17600,0,通常,決済済み,送付済み,Success,54246260,INV-0000001092,https://invoice.secure.freee.co.jp/reports/invoices/54246260,true,2026-07-24T10:37:57.000+0000
a00RB00002B4i4BYAR,INV-0000000361,001RB00001br9KbYAI,a04RB00000n5Je7YAE,001RB00001br9KbYAI,Activated,a0BRB000012ECiA2AW,a04RB00000n5Je7YAE,2026-07-20,2026-08-31,,,132000,145200,145200,,0,145200,通常,決済待ち,送付済み,Success,63077917,INV-0000001381,https://invoice.secure.freee.co.jp/reports/invoices/63077917,true,2026-07-24T10:37:57.000+0000
a00RB00002B4i4CYAR,INV-0000000362,001RB00001br9KWYAY,a04RB00000n5Je8YAE,001RB00001br9KWYAY,Activated,a0BRB000012ECiB2AW,a04RB00000n5Je8YAE,2026-07-20,2026-08-31,,,48000,52800,52800,,0,52800,通常,決済待ち,送付済み,Success,63077927,INV-0000001383,https://invoice.secure.freee.co.jp/reports/invoices/63077927,true,2026-07-24T10:37:57.000+0000
a00RB00002B4i4DYAR,INV-0000000363,001RB00001br9KaYAI,a04RB00000n5Je9YAE,001RB00001br9KaYAI,Activated,a0BRB000012ECiC2AW,a04RB00000n5Je9YAE,2026-07-20,2026-08-31,,,24000,26400,26400,,0,26400,通常,決済待ち,送付済み,Success,63077938,INV-0000001387,https://invoice.secure.freee.co.jp/reports/invoices/63077938,true,2026-07-24T10:37:57.000+0000
a00RB00002B4i4EYAR,INV-0000000364,001RB00001br9KeYAI,a04RB00000n5JdzYAE,001RB00001br9KeYAI,Activated,a0BRB000012ECiD2AW,a04RB00000n5JdzYAE,2026-07-20,2026-08-31,,,75000,82500,82500,,0,82500,通常,決済待ち,送付済み,Success,63077950,INV-0000001392,https://invoice.secure.freee.co.jp/reports/invoices/63077950,true,2026-07-24T10:37:57.000+0000
a00RB00002B4i4FYAR,INV-0000000365,001RB00001br9KYYAY,a04RB00000n5JdwYAE,001RB00001br9KYYAY,Activated,a0BRB000012ECiE2AW,a04RB00000n5JdwYAE,2026-07-20,2026-08-31,,,30000,33000,33000,,0,33000,通常,決済待ち,送付済み,Success,63077988,INV-0000001407,https://invoice.secure.freee.co.jp/reports/invoices/63077988,true,2026-07-24T10:37:57.000+0000
a00RB00002B4i4GYAR,INV-0000000366,001RB00001br9KIYAY,a04RB00000n5JdxYAE,001RB00001br9KIYAY,Activated,a0BRB000012ECiF2AW,a04RB00000n5JdxYAE,2026-07-20,2026-08-31,,,8000,8800,8800,,0,8800,通常,決済待ち,送付済み,Success,63077993,INV-0000001409,https://invoice.secure.freee.co.jp/reports/invoices/63077993,true,2026-07-24T10:37:57.000+0000
a00RB00002B4i4HYAR,INV-0000000367,001RB00001VTqf7YAD,a04RB00000kUAOjYAO,001RB00001VTqf7YAD,Activated,a0BRB00000ynb6e2AA,a04RB00000kUAOjYAO,2026-07-20,2026-08-31,,,45000,52800,52800,,0,52800,通常,決済待ち,送付済み,Success,63077995,INV-0000001410,https://invoice.secure.freee.co.jp/reports/invoices/63077995,true,2026-07-24T10:37:57.000+0000
a00RB00002B4i4IYAR,INV-0000000368,001RB00001VcyFPYAZ,a04RB00000n5Je3YAE,001RB00001VcyFPYAZ,Activated,a0BRB000012ECiG2AW,a04RB00000n5Je3YAE,2026-07-20,2026-08-31,,,48000,52800,52800,,0,52800,通常,決済待ち,送付済み,Success,63125666,INV-0000001417,https://invoice.secure.freee.co.jp/reports/invoices/63125666,true,2026-07-24T10:37:57.000+0000
a00RB00002B4i4JYAR,INV-0000000369,001RB00001br9KdYAI,a04RB00000n5JduYAE,001RB00001br9KdYAI,Activated,a0BRB000012ECiH2AW,a04RB00000n5JduYAE,2026-07-20,2026-08-31,,,16000,17600,17600,,0,17600,通常,決済待ち,送付済み,Success,63125722,INV-0000001418,https://invoice.secure.freee.co.jp/reports/invoices/63125722,true,2026-07-24T10:37:57.000+0000
a00RB00002B4i4KYAR,INV-0000000370,001RB00001br9KSYAY,a04RB00000n5JdtYAE,001RB00001br9KSYAY,Activated,a0BRB000012ECiI2AW,a04RB00000n5JdtYAE,2026-07-20,2026-08-31,,,8000,8800,8800,,0,8800,通常,決済待ち,送付済み,Success,63150551,INV-0000001432,https://invoice.secure.freee.co.jp/reports/invoices/63150551,true,2026-07-24T10:37:57.000+0000
a00RB00002B4i4LYAR,INV-0000000371,001RB00001br9KgYAI,a04RB00000n5JdiYAE,001RB00001br9KgYAI,Activated,a0BRB000012ECiJ2AW,a04RB00000n5JdiYAE,2026-07-20,2026-08-31,,,11000,12100,12100,,0,12100,通常,決済待ち,送付済み,Success,63150553,INV-0000001433,https://invoice.secure.freee.co.jp/reports/invoices/63150553,true,2026-07-24T10:37:57.000+0000
a00RB00002B4i4MYAR,INV-0000000372,001RB00001br9KfYAI,a04RB00000n5JdjYAE,001RB00001br9KfYAI,Activated,a0BRB000012ECiK2AW,a04RB00000n5JdjYAE,2026-07-20,2026-08-31,,,44000,48400,48400,,0,48400,通常,決済待ち,送付済み,Success,63150554,INV-0000001434,https://invoice.secure.freee.co.jp/reports/invoices/63150554,true,2026-07-24T10:37:57.000+0000
a00RB00002B4i4NYAR,INV-0000000373,001RB00001br9KNYAY,a04RB00000n5JdkYAE,001RB00001br9KNYAY,Activated,a0BRB000012ECiL2AW,a04RB00000n5JdkYAE,2026-07-20,2026-08-31,,,8000,8800,8800,,0,8800,通常,決済待ち,送付済み,Success,63150555,INV-0000001435,https://invoice.secure.freee.co.jp/reports/invoices/63150555,true,2026-07-24T10:37:57.000+0000
a00RB00002B4i4OYAR,INV-0000000374,001RB00001br9KLYAY,a04RB00000n5JdlYAE,001RB00001br9KLYAY,Activated,a0BRB000012ECiN2AW,a04RB00000n5JdlYAE,2026-07-20,2026-08-31,,,8000,8800,8800,,0,8800,通常,決済待ち,送付済み,Success,63150568,INV-0000001441,https://invoice.secure.freee.co.jp/reports/invoices/63150568,true,2026-07-24T10:37:57.000+0000
a00RB00002B4i4PYAR,INV-0000000375,001RB00001br9KMYAY,a04RB00000n5JdmYAE,001RB00001br9KMYAY,Activated,a0BRB000012ECiO2AW,a04RB00000n5JdmYAE,2026-07-20,2026-08-31,,,44000,48400,48400,,0,48400,通常,決済待ち,送付済み,Success,63150570,INV-0000001443,https://invoice.secure.freee.co.jp/reports/invoices/63150570,true,2026-07-24T10:37:57.000+0000
a00RB00002B4i4QYAR,INV-0000000376,001RB00001br9KQYAY,a04RB00000n5JdnYAE,001RB00001br9KQYAY,Activated,a0BRB000012ECiP2AW,a04RB00000n5JdnYAE,2026-07-20,2026-08-31,,,8000,8800,8800,,0,8800,通常,決済待ち,送付済み,Success,63150578,INV-0000001449,https://invoice.secure.freee.co.jp/reports/invoices/63150578,true,2026-07-24T10:37:57.000+0000
a00RB00002B4i4RYAR,INV-0000000377,001RB00001br9KOYAY,a04RB00000n5JdoYAE,001RB00001br9KOYAY,Activated,a0BRB000012ECiQ2AW,a04RB00000n5JdoYAE,2026-07-20,2026-08-31,,,8000,8800,8800,,0,8800,通常,決済待ち,送付済み,Success,63150580,INV-0000001451,https://invoice.secure.freee.co.jp/reports/invoices/63150580,true,2026-07-24T10:37:57.000+0000
a00RB00002B5oL2YAJ,INV-0000000380,001RB00001VTtIUYA1,a04RB00000kUAPdYAO,001RB00001VTtIUYA1,解約,a0BRB00000ynn5V2AQ,a04RB00000kUAPdYAO,2026-06-20,2026-07-31,,,175450000,175450,175450,,0,175450,通常,決済待ち,送付済み,Success,60861161,INV-0000001325,https://invoice.secure.freee.co.jp/reports/invoices/60861161,true,2026-07-24T11:59:31.000+0000
a00RB00002B5oL3YAJ,INV-0000000381,001RB00001VTrkSYAT,a04RB00000kUAPJYA4,001RB00001VTrkSYAT,Activated,a0BRB00000ynn5A2AQ,a04RB00000kUAPJYA4,2026-06-20,2026-07-31,,,840000,924000,924000,,924000,0,通常,決済済み,送付済み,Success,60906771,INV-0000001357,https://invoice.secure.freee.co.jp/reports/invoices/60906771,true,2026-07-24T11:59:31.000+0000
a00RB00002B5oL4YAJ,INV-0000000382,001RB00001VTrm3YAD,a04RB00000kUAPOYA4,001RB00001VTrm3YAD,Activated,a0BRB00000ynn5F2AQ,a04RB00000kUAPOYA4,2026-06-20,2026-07-31,,,1008000,1108800,1108800,,1108800,0,通常,決済済み,送付済み,Success,60952602,INV-0000001362,https://invoice.secure.freee.co.jp/reports/invoices/60952602,true,2026-07-24T11:59:31.000+0000
a00RB00002B5oL5YAJ,INV-0000000383,001RB00001br9KPYAY,a04RB00000kUAOxYAO,001RB00001VTrHrYAL,Activated,a0BRB00000ynb6s2AA,a04RB00000kUAOxYAO,2026-03-20,2026-04-30,,,960000,1056000,1056000,,0,1056000,通常,決済待ち,送付済み,Success,54249842,INV-0000001095,https://invoice.secure.freee.co.jp/reports/invoices/54249842,true,2026-07-24T11:59:31.000+0000
a00RB00002B5oL6YAJ,INV-0000000384,001RB00001br9KKYAY,a04RB00000n5JdsYAE,001RB00001br9KKYAY,Activated,a0BRB000012EChM2AW,a04RB00000n5JdsYAE,2026-03-20,2026-04-20,,,11000,12100,12100,,12100,0,通常,決済済み,送付済み,Success,54153834,INV-0000001054,https://invoice.secure.freee.co.jp/reports/invoices/54153834,true,2026-07-24T11:59:31.000+0000
a00RB00002B5oL7YAJ,INV-0000000385,001RB00001VTtIUYA1,a04RB00000kUAPdYAO,001RB00001VTtIUYA1,解約,a0BRB00000ynn5V2AQ,a04RB00000kUAPdYAO,2026-03-20,2026-04-30,,,175450000,175450,175450,,175450,0,通常,決済済み,送付済み,Success,54153836,INV-0000001056,https://invoice.secure.freee.co.jp/reports/invoices/54153836,true,2026-07-24T11:59:31.000+0000
a00RB00002B5oL8YAJ,INV-0000000386,001RB00001VTCYzYAP,a04RB00000kUAPWYA4,001RB00001VTCYzYAP,解約,a0BRB00000ynn5O2AQ,a04RB00000kUAPWYA4,2026-03-20,2026-04-30,,,11000,12100,12100,,12100,0,通常,決済済み,送付済み,Success,54153839,INV-0000001059,https://invoice.secure.freee.co.jp/reports/invoices/54153839,true,2026-07-24T11:59:31.000+0000
a00RB00002B5oL9YAJ,INV-0000000387,001RB00001VTrseYAD,a04RB00000kUANhYAO,001RB00001VTrseYAD,Activated,a0BRB00000ynb5c2AA,a04RB00000kUANhYAO,2026-04-20,2026-05-31,,,8000,105600,105600,,105600,0,通常,決済済み,送付済み,Success,56676178,INV-0000001163,https://invoice.secure.freee.co.jp/reports/invoices/56676178,true,2026-07-24T11:59:31.000+0000
a00RB00002B5oLAYAZ,INV-0000000388,001RB00001VTqleYAD,a04RB00000kUAObYAO,001RB00001VTqleYAD,Activated,a0BRB00000ynb6W2AQ,a04RB00000kUAObYAO,2026-04-20,2026-05-31,,,12800,14080,14080,,14080,0,通常,決済済み,送付済み,Success,56678351,INV-0000001165,https://invoice.secure.freee.co.jp/reports/invoices/56678351,true,2026-07-24T11:59:31.000+0000
a00RB00002B5oLBYAZ,INV-0000000389,001RB00001VTqleYAD,a04RB00000kUAObYAO,001RB00001VTqleYAD,Activated,a0BRB00000ynb6W2AQ,a04RB00000kUAObYAO,2026-04-20,2026-05-31,,,6400,7040,7040,,7040,0,通常,決済済み,送付済み,Success,56678813,INV-0000001166,https://invoice.secure.freee.co.jp/reports/invoices/56678813,true,2026-07-24T11:59:31.000+0000
a00RB00002B5oLCYAZ,INV-0000000390,001RB00001VTtIUYA1,a04RB00000kUAPdYAO,001RB00001VTtIUYA1,解約,a0BRB00000ynn5V2AQ,a04RB00000kUAPdYAO,2026-05-20,2026-06-30,,,175450000,175450,175450,,175450,0,通常,決済済み,送付済み,Success,58573616,INV-0000001232,https://invoice.secure.freee.co.jp/reports/invoices/58573616,true,2026-07-24T11:59:31.000+0000
a00RB00002B5oLDYAZ,INV-0000000391,001RB00001VTqleYAD,a04RB00000kUAObYAO,001RB00001VTqleYAD,Activated,a0BRB00000ynb6W2AQ,a04RB00000kUAObYAO,2026-05-20,2026-06-30,,,38400,42240,42240,,42240,0,通常,決済済み,送付済み,Success,58690508,INV-0000001263,https://invoice.secure.freee.co.jp/reports/invoices/58690508,true,2026-07-24T11:59:31.000+0000
a00RB00002B5oLEYAZ,INV-0000000392,001RB00001VTqleYAD,a04RB00000kUAObYAO,001RB00001VTqleYAD,Activated,a0BRB00000ynb6W2AQ,a04RB00000kUAObYAO,2026-05-20,2026-06-30,,,12800,14080,14080,,14080,0,通常,決済済み,送付済み,Success,58690758,INV-0000001264,https://invoice.secure.freee.co.jp/reports/invoices/58690758,true,2026-07-24T11:59:31.000+0000
a00RB00002B5oLFYAZ,INV-0000000393,001RB00001VTrnKYAT,a04RB00000kUAOqYAO,001RB00001VTrnKYAT,Activated,a0BRB00000ynb6l2AA,a04RB00000kUAOqYAO,2026-05-20,2026-06-30,,,1680000,1848000,1848000,,0,1848000,通常,決済待ち,送付済み,Success,58709686,INV-0000001269,https://invoice.secure.freee.co.jp/reports/invoices/58709686,true,2026-07-24T11:59:31.000+0000
a00RB00002B5oLGYAZ,INV-0000000394,001RB00001VTrmvYAD,a04RB00000kUAPGYA4,001RB00001VTrmvYAD,Activated,a0BRB00000ynn572AA,a04RB00000kUAPGYA4,2026-05-20,2026-06-30,,,96000,105600,105600,,105600,0,通常,決済済み,送付済み,Success,58712318,INV-0000001273,https://invoice.secure.freee.co.jp/reports/invoices/58712318,true,2026-07-24T11:59:31.000+0000
a00RB00002B5oLHYAZ,INV-0000000395,001RB00001VTtIUYA1,a04RB00000kUAPdYAO,001RB00001VTtIUYA1,解約,a0BRB00000ynn5V2AQ,a04RB00000kUAPdYAO,2026-04-20,2026-05-31,,,175450000,175450,175450,,175450,0,通常,決済済み,送付済み,Success,56527532,INV-0000001132,https://invoice.secure.freee.co.jp/reports/invoices/56527532,true,2026-07-24T11:59:31.000+0000
a00RB00002B5oLIYAZ,INV-0000000396,001RB00001VTCYmYAP,a04RB00000kUANjYAO,001RB00001VTCYmYAP,Activated,a0BRB00000ynb5e2AA,a04RB00000kUANjYAO,2026-03-20,2026-04-30,,,55000,60500,60500,,0,60500,通常,決済待ち,送付待ち,Success,54153863,INV-0000001076,https://invoice.secure.freee.co.jp/reports/invoices/54153863,true,2026-07-24T11:59:31.000+0000
a00RB00002B5oLJYAZ,INV-0000000397,001RB00001VTqgHYAT,a04RB00000miHmIYAU,001RB00001VTqgHYAT,Activated,a0BRB000011R30j2AC,a04RB00000miHmIYAU,2026-07-20,2026-08-31,,,40000,44000,44000,,0,44000,通常,決済待ち,送付済み,Success,63077956,INV-0000001394,https://invoice.secure.freee.co.jp/reports/invoices/63077956,true,2026-07-24T11:59:31.000+0000
a00RB00002B5oLKYAZ,INV-0000000398,001RB00001VTqleYAD,a04RB00000kUAObYAO,001RB00001VTqleYAD,Activated,a0BRB00000ynb6W2AQ,a04RB00000kUAObYAO,2026-07-20,2026-08-31,,,12800,14080,14080,,0,14080,通常,決済待ち,送付済み,Success,63125575,INV-0000001416,https://invoice.secure.freee.co.jp/reports/invoices/63125575,true,2026-07-24T11:59:31.000+0000
a00RB00002B5oLLYAZ,INV-0000000399,001RB00001VTqleYAD,a04RB00000kUAObYAO,001RB00001VTqleYAD,Activated,a0BRB00000ynb6W2AQ,a04RB00000kUAObYAO,2026-07-20,2026-08-31,,,1440000,1584000,1584000,,0,1584000,通常,決済待ち,送付済み,Success,63127138,INV-0000001420,https://invoice.secure.freee.co.jp/reports/invoices/63127138,true,2026-07-24T11:59:31.000+0000
a00RB00002B5oLMYAZ,INV-0000000400,001RB00001VTtIUYA1,a04RB00000kUAPdYAO,001RB00001VTtIUYA1,解約,a0BRB00000ynn5V2AQ,a04RB00000kUAPdYAO,2026-07-20,2026-08-31,,,175450000,175450,175450,,0,175450,通常,決済待ち,送付済み,Success,63150545,INV-0000001428,https://invoice.secure.freee.co.jp/reports/invoices/63150545,true,2026-07-24T11:59:31.000+0000
a00RB00002B5xxmYAB,INV-0000000401,001RB00001VTCYzYAP,a04RB00000kUAPWYA4,001RB00001VTCYzYAP,解約,a0BRB00000ynn5O2AQ,a04RB00000kUAPWYA4,2026-05-20,2026-06-30,,,11000,12100,12100,,12100,0,通常,決済済み,送付済み,Success,58573621,INV-0000001235,https://invoice.secure.freee.co.jp/reports/invoices/58573621,true,2026-07-24T12:26:24.000+0000
a00RB00002B5xxnYAB,INV-0000000402,001RB00001VTCYzYAP,a04RB00000kUAPWYA4,001RB00001VTCYzYAP,解約,a0BRB00000ynn5O2AQ,a04RB00000kUAPWYA4,2026-04-20,2026-05-31,,,11000,12100,12100,,12100,0,通常,決済済み,送付済み,Success,56527536,INV-0000001135,https://invoice.secure.freee.co.jp/reports/invoices/56527536,true,2026-07-24T12:26:24.000+0000
a00RB00002BMqK5YAL,INV-0000000403,001RB00001VTqjbYAD,a04RB00000n9hzBYAQ,001RB00001VTqjbYAD,更新予定,a0BRB000012RmbZ2AS,a04RB00000n9hzBYAQ,,2026-07-31,2026-06-29,,3000000,3300000,3000000,300000,,,通常,決済待ち,送付済み,,,,,false,2026-07-27T06:01:36.000+0000
a00RB00002BOnJhYAL,INV-0000000404,001RB00001VTqidYAD,a04RB00000nA94DYAS,001RB00001VTqidYAD,Activated,,,2026-06-29,2026-07-31,2026-06-29,2027-03-31,0,3861000,3510000,351000,,,通常,決済待ち,送付待ち,,,,,false,2026-07-27T07:50:43.000+0000
a00RB00002BZaqsYAD,INV-0000000405,001RB00001br9KKYAY,a04RB00000n5JdsYAE,001RB00001br9KKYAY,Activated,a0BRB000012EChM2AW,a04RB00000n5JdsYAE,2026-05-20,2026-06-20,,,11000,12100,12100,,12100,0,通常,決済済み,送付済み,Success,58573614,INV-0000001231,https://invoice.secure.freee.co.jp/reports/invoices/58573614,true,2026-07-28T05:00:41.000+0000
a00RB00002BZaqtYAD,INV-0000000406,001RB00001br9KKYAY,a04RB00000n5JdsYAE,001RB00001br9KKYAY,Activated,a0BRB000012EChM2AW,a04RB00000n5JdsYAE,2026-04-20,2026-05-20,,,11000,12100,12100,,12100,0,通常,決済済み,送付済み,Success,56527531,INV-0000001131,https://invoice.secure.freee.co.jp/reports/invoices/56527531,true,2026-07-28T05:00:41.000+0000
a00RB00002BZaquYAD,INV-0000000407,001RB00001br9KKYAY,a04RB00000n5JdsYAE,001RB00001br9KKYAY,Activated,a0BRB000012EChM2AW,a04RB00000n5JdsYAE,2026-07-20,2026-08-31,,,11000,12100,12100,,0,12100,通常,決済待ち,送付済み,Success,63150544,INV-0000001427,https://invoice.secure.freee.co.jp/reports/invoices/63150544,true,2026-07-28T05:00:41.000+0000
a00RB00002BahLdYAJ,INV-0000000408,001RB00001VTruAYAT,a04RB00000kUAOAYA4,001RB00001VTruAYAT,Activated,a0BRB000012R4gz2AC,a04RB00000kUAOAYA4,2026-06-18,,,,270000,217800,217800,,0,217800,通常,決済待ち,送付待ち,Success,60970507,INV-0000001367,https://invoice.secure.freee.co.jp/reports/invoices/60970507,true,2026-07-28T05:08:11.000+0000
a00RB00002BahLeYAJ,INV-0000000409,001RB00001VTqjbYAD,a04RB00000n9hzBYAQ,001RB00001VTqjbYAD,更新予定,a0BRB000012RmbZ2AS,a04RB00000n9hzBYAQ,2026-06-29,2026-07-31,2026-06-29,2026-07-31,3000000,3300000,3300000,,0,3300000,通常,決済待ち,送付済み,Success,61624916,INV-0000001372,https://invoice.secure.freee.co.jp/reports/invoices/61624916,true,2026-07-28T05:08:11.000+0000
a00RB00002BahLfYAJ,INV-0000000410,001RB00001VcyFKYAZ,a04RB00000kVL7KYAW,001RB00001VcyFKYAZ,Draft,a0BRB00000ynn552AA,a04RB00000kUAPEYA4,2026-07-02,2026-08-31,,,225000,247500,247500,,0,247500,通常,決済待ち,送付済み,Success,62159546,INV-0000001375,https://invoice.secure.freee.co.jp/reports/invoices/62159546,true,2026-07-28T05:08:11.000+0000
a00RB00002BavLRYAZ,INV-0000000411,001RB00001VTrvxYAD,a04RB00000nCVWrYAO,001RB00001VTrvxYAD,Draft,a0BRB000012ZwHB2A0,a04RB00000nCVWrYAO,2026-08-20,2026-09-30,2026-08-01,2026-08-31,8000,,,,,,通常,決済待ち,送付待ち,Success,63826047,INV-0000001456,https://invoice.secure.freee.co.jp/reports/invoices/63826047,true,2026-07-28T06:46:08.000+0000
a00RB00002Bbke2YAB,INV-0000000412,001RB00001VTrvxYAD,a04RB00000nCFH5YAO,001RB00001VTrvxYAD,Draft,a0BRB000012ZyPR2A0,a04RB00000nCFH5YAO,2026-08-20,2026-09-30,2026-08-01,2026-08-31,150000,,,,,,通常,決済待ち,送付待ち,Success,63826529,INV-0000001457,https://invoice.secure.freee.co.jp/reports/invoices/63826529,true,2026-07-28T06:51:53.000+0000
a00RB00002BbzTPYAZ,INV-0000000413,001RB00001VTruMYAT,a04RB00000kUAOiYAO,001RB00001VTruMYAT,Activated,a0BRB00000ynb6d2AA,a04RB00000kUAOiYAO,2026-01-29,2026-02-28,,,288000,316800,316800,28800,316800,0,通常,決済済み,送付済み,Success,50683953,INV-0000000926,https://invoice.secure.freee.co.jp/reports/invoices/50683953,true,2026-07-28T07:43:18.000+0000
a00RB00002BbzTQYAZ,INV-0000000414,001RB00001VTrwFYAT,a04RB00000kUAOlYAO,001RB00001VTrwFYAT,Activated,a0BRB00000ynb6g2AA,a04RB00000kUAOlYAO,2026-02-20,2026-03-31,,,150000,165000,165000,15000,165000,0,通常,決済済み,送付済み,Success,52182829,INV-0000001012,https://invoice.secure.freee.co.jp/reports/invoices/52182829,true,2026-07-28T07:43:18.000+0000
a00RB00002BbzTRYAZ,INV-0000000415,001RB00001VTqmcYAD,a04RB00000kUAOdYAO,001RB00001VTqmcYAD,Activated,a0BRB00000ynb6Y2AQ,a04RB00000kUAOdYAO,2025-12-19,2026-01-31,,,48000,52800,52800,4800,52800,0,通常,決済済み,送付済み,Success,46403134,INV-0000000773,https://invoice.secure.freee.co.jp/reports/invoices/46403134,true,2026-07-28T07:43:18.000+0000
a00RB00002BfPRJYA3,INV-0000000416,001RB00001VTqxyYAD,a04RB00000nD5TtYAK,001RB00001VTqxyYAD,Draft,a0BRB000012bYDx2AM,a04RB00000nD5TtYAK,2026-08-20,2026-09-30,2026-08-01,2026-08-31,105000,,,,,,通常,決済待ち,送付待ち,Success,63912843,INV-0000001458,https://invoice.secure.freee.co.jp/reports/invoices/63912843,true,2026-07-28T10:58:57.000+0000
a00RB00002C0HH8YAN,INV-0000000417,001RB00001VTr0AYAT,a04RB00000nI5BVYA0,001RB00001VTr0AYAT,Draft,a0BRB000012nzgf2AA,a04RB00000nI5BVYA0,2026-08-20,2026-09-30,2026-08-01,2026-08-31,75000,,,,,,通常,決済待ち,送付待ち,Success,64191669,INV-0000001461,https://invoice.secure.freee.co.jp/reports/invoices/64191669,true,2026-07-30T04:11:52.000+0000
a00RB00002C0iFgYAJ,INV-0000000418,001RB00001VTrvxYAD,a04RB00000nIA1VYAW,001RB00001VTrvxYAD,Draft,a0BRB000012oRhh2AE,a04RB00000nIA1VYAW,2026-08-20,2026-09-30,2026-08-01,2026-08-31,8000,,,,,,通常,決済待ち,送付待ち,Success,64189345,INV-0000001460,https://invoice.secure.freee.co.jp/reports/invoices/64189345,true,2026-07-30T04:34:07.000+0000
a00RB00002Cb9PNYAZ,INV-0000000419,001RB00001VTqWFYA1,a04RB00000nQDdJYAW,001RB00001VTqWFYA1,Draft,a0BRB000013FRP42AO,a04RB00000nQDdJYAW,2026-08-20,2026-09-30,2026-08-01,2026-08-31,96000,,,,,,通常,決済待ち,送付待ち,Success,64577373,INV-0000001462,https://invoice.secure.freee.co.jp/reports/invoices/64577373,true,2026-08-03T02:28:15.000+0000
a00RB00002CgDsDYAV,INV-0000000420,001RB00001dxx1tYAA,a04RB00000nRlg9YAC,001RB00001dxx1tYAA,更新予定,a0BRB000013IDuF2AW,a04RB00000nRlg9YAC,2026-08-20,2026-09-30,2026-08-01,2027-07-31,240000,,,,,,通常,決済待ち,送付待ち,Success,64586791,INV-0000001463,https://invoice.secure.freee.co.jp/reports/invoices/64586791,true,2026-08-03T09:12:17.000+0000
a00RB00002Crja9YAB,INV-0000000421,001RB00001VTrqmYAD,a04RB00000nUMA9YAO,001RB00001VTrqmYAD,Draft,a0BRB000013Q4Yo2AK,a04RB00000nUMA9YAO,2026-08-20,2026-09-30,2026-08-01,2026-08-31,8000,,,,,,通常,決済待ち,送付待ち,Success,64598346,INV-0000001464,https://invoice.secure.freee.co.jp/reports/invoices/64598346,true,2026-08-04T04:16:49.000+0000
a00RB00002DAbgvYAD,INV-0000000422,001RB00001VTqleYAD,a04RB00000nYgjlYAC,001RB00001VTqleYAD,Draft,a0BRB000013b0LN2AY,a04RB00000nYgjlYAC,2026-08-20,2026-09-30,2026-08-01,2027-07-31,76800,,,,,,通常,決済待ち,送付待ち,Processing,,,,false,2026-08-05T08:36:17.000+0000
