Id,Name,ContractPeriod__c,ContractYearMonth__c,Month__c,PeriodEndDate__c,RevenueAmount__c,Total__c,MRR_Target__c,ProductMaster__r.MRR_Target__c
a03RB00001NswUHYAZ,サンフロンティア不動産株式会社_2024/06,a0BRB00000ynb5Y2AQ,2024/06,2024/06,2024-06-30,64000,64000,false,true
a03RB00001NswUIYAZ,サンフロンティア不動産株式会社_2024/07,a0BRB00000ynb5Y2AQ,2024/07,2024/07,2024-07-31,64000,64000,false,true
a03RB00001NswUJYAZ,サンフロンティア不動産株式会社_2024/08,a0BRB00000ynb5Y2AQ,2024/08,2024/08,2024-08-31,64000,64000,false,true
a03RB00001NswUKYAZ,サンフロンティア不動産株式会社_2024/09,a0BRB00000ynb5Y2AQ,2024/09,2024/09,2024-09-30,64000,64000,false,true
a03RB00001NswULYAZ,サンフロンティア不動産株式会社_2024/10,a0BRB00000ynb5Y2AQ,2024/10,2024/10,2024-10-31,64000,64000,false,true
a03RB00001NswUMYAZ,サンフロンティア不動産株式会社_2024/11,a0BRB00000ynb5Y2AQ,2024/11,2024/11,2024-11-30,64000,64000,false,true
a03RB00001NswUNYAZ,サンフロンティア不動産株式会社_2024/12,a0BRB00000ynb5Y2AQ,2024/12,2024/12,2024-12-31,64000,64000,false,true
a03RB00001NswUOYAZ,サンフロンティア不動産株式会社_2025/01,a0BRB00000ynb5Y2AQ,2025/01,2025/01,2025-01-31,64000,64000,false,true
a03RB00001NswUPYAZ,サンフロンティア不動産株式会社_2025/02,a0BRB00000ynb5Y2AQ,2025/02,2025/02,2025-02-28,64000,64000,false,true
a03RB00001NswUQYAZ,サンフロンティア不動産株式会社_2025/03,a0BRB00000ynb5Y2AQ,2025/03,2025/03,2025-03-31,64000,64000,false,true
a03RB00001NswURYAZ,サンフロンティア不動産株式会社_2025/04,a0BRB00000ynb5Y2AQ,2025/04,2025/04,2025-04-30,64000,64000,false,true
a03RB00001NswUSYAZ,サンフロンティア不動産株式会社_2025/05,a0BRB00000ynb5Y2AQ,2025/05,2025/05,2025-05-31,64000,64000,false,true
a03RB00001NswUTYAZ,サンフロンティア不動産株式会社_2025/06,a0BRB00000ynb5Y2AQ,2025/06,2025/06,2025-06-30,64000,64000,false,true
a03RB00001NswUUYAZ,サンフロンティア不動産株式会社_2025/07,a0BRB00000ynb5Y2AQ,2025/07,2025/07,2025-07-31,64000,64000,false,true
a03RB00001NswUVYAZ,サンフロンティア不動産株式会社_2025/08,a0BRB00000ynb5Y2AQ,2025/08,2025/08,2025-08-31,64000,64000,false,true
a03RB00001NswUWYAZ,サンフロンティア不動産株式会社_2025/09,a0BRB00000ynb5Y2AQ,2025/09,2025/09,2025-09-30,64000,64000,false,true
a03RB00001NswUXYAZ,サンフロンティア不動産株式会社_2025/10,a0BRB00000ynb5Y2AQ,2025/10,2025/10,2025-10-31,64000,64000,false,true
a03RB00001NswUYYAZ,サンフロンティア不動産株式会社_2025/11,a0BRB00000ynb5Y2AQ,2025/11,2025/11,2025-11-30,64000,64000,false,true
a03RB00001NswUZYAZ,サンフロンティア不動産株式会社_2025/12,a0BRB00000ynb5Y2AQ,2025/12,2025/12,2025-12-31,64000,64000,false,true
a03RB00001NswUaYAJ,サンフロンティア不動産株式会社_2026/01,a0BRB00000ynb5Y2AQ,2026/01,2026/01,2026-01-31,64000,64000,false,true
a03RB00001NswUbYAJ,サンフロンティア不動産株式会社_2026/02,a0BRB00000ynb5Y2AQ,2026/02,2026/02,2026-02-28,64000,64000,false,true
a03RB00001NswUcYAJ,サンフロンティア不動産株式会社_2026/03,a0BRB00000ynb5Y2AQ,2026/03,2026/03,2026-03-31,64000,64000,false,true
a03RB00001NswUdYAJ,サンフロンティア不動産株式会社_2026/04,a0BRB00000ynb5Y2AQ,2026/04,2026/04,2026-04-30,64000,64000,false,true
a03RB00001NswUeYAJ,サンフロンティア不動産株式会社_2026/05,a0BRB00000ynb5Y2AQ,2026/05,2026/05,2026-05-31,64000,64000,false,true
a03RB00001NswUfYAJ,東急不動産株式会社_2024/08,a0BRB00000ynb5Z2AQ,2024/08,2024/08,2024-08-31,,264000,false,
a03RB00001NswUgYAJ,東急不動産株式会社_2024/09,a0BRB00000ynb5Z2AQ,2024/09,2024/09,2024-09-30,,264000,false,
a03RB00001NswUhYAJ,東急不動産株式会社_2024/10,a0BRB00000ynb5Z2AQ,2024/10,2024/10,2024-10-31,,264000,false,
a03RB00001NswUiYAJ,東急不動産株式会社_2024/11,a0BRB00000ynb5Z2AQ,2024/11,2024/11,2024-11-30,,154000,false,
a03RB00001NswUjYAJ,東急不動産株式会社_2024/12,a0BRB00000ynb5Z2AQ,2024/12,2024/12,2024-12-31,,231000,false,
a03RB00001NswUkYAJ,東急不動産株式会社_2025/01,a0BRB00000ynb5Z2AQ,2025/01,2025/01,2025-01-31,,231000,false,
a03RB00001NswUlYAJ,東急不動産株式会社_2025/02,a0BRB00000ynb5Z2AQ,2025/02,2025/02,2025-02-28,,231000,false,
a03RB00001NswUmYAJ,東急不動産株式会社_2025/03,a0BRB00000ynb5Z2AQ,2025/03,2025/03,2025-03-31,,231000,false,
a03RB00001NswUnYAJ,東急不動産株式会社_2025/04,a0BRB00000ynb5Z2AQ,2025/04,2025/04,2025-04-30,,209000,false,
a03RB00001NswUoYAJ,東急不動産株式会社_2025/05,a0BRB00000ynb5Z2AQ,2025/05,2025/05,2025-05-31,,176000,false,
a03RB00001NswUpYAJ,東急不動産株式会社_2025/06,a0BRB00000ynb5Z2AQ,2025/06,2025/06,2025-06-30,,176000,false,
a03RB00001NswUqYAJ,東急不動産株式会社_2025/07,a0BRB00000ynb5Z2AQ,2025/07,2025/07,2025-07-31,,176000,false,
a03RB00001NswUrYAJ,東急不動産株式会社_2025/08,a0BRB00000ynb5Z2AQ,2025/08,2025/08,2025-08-31,,187000,false,
a03RB00001NswUsYAJ,東急不動産株式会社_2025/09,a0BRB00000ynb5Z2AQ,2025/09,2025/09,2025-09-30,,187000,false,
a03RB00001NswUtYAJ,東急不動産株式会社_2025/10,a0BRB00000ynb5Z2AQ,2025/10,2025/10,2025-10-31,,187000,false,
a03RB00001NswUuYAJ,東急不動産株式会社_2025/11,a0BRB00000ynb5Z2AQ,2025/11,2025/11,2025-11-30,,209000,false,
a03RB00001NswUvYAJ,東急不動産株式会社_2025/12,a0BRB00000ynb5Z2AQ,2025/12,2025/12,2025-12-31,,209000,false,
a03RB00001NswUwYAJ,東急不動産株式会社_2026/01,a0BRB00000ynb5Z2AQ,2026/01,2026/01,2026-01-31,,209000,false,
a03RB00001NswUxYAJ,東急不動産株式会社_2026/02,a0BRB00000ynb5Z2AQ,2026/02,2026/02,2026-02-28,,209000,false,
a03RB00001NswUyYAJ,東急不動産株式会社_2026/03,a0BRB00000ynb5Z2AQ,2026/03,2026/03,2026-03-31,,209000,false,
a03RB00001NswUzYAJ,東急不動産株式会社_2026/04,a0BRB00000ynb5Z2AQ,2026/04,2026/04,2026-04-30,,209000,false,
a03RB00001NswV0YAJ,東急不動産株式会社_2026/05,a0BRB00000ynb5Z2AQ,2026/05,2026/05,2026-05-31,,209000,false,
a03RB00001NswV1YAJ,東急不動産株式会社_2026/06,a0BRB00000ynb5Z2AQ,2026/06,2026/06,2026-06-30,,209000,false,
a03RB00001NswV2YAJ,株式会社 ノムラメディアス_2024/08,a0BRB00000ynb5a2AA,2024/08,2024/08,2024-08-31,,104000,false,
a03RB00001NswV3YAJ,株式会社 ノムラメディアス_2024/09,a0BRB00000ynb5a2AA,2024/09,2024/09,2024-09-30,,104000,false,
a03RB00001NswV4YAJ,株式会社 ノムラメディアス_2024/10,a0BRB00000ynb5a2AA,2024/10,2024/10,2024-10-31,,104000,false,
a03RB00001NswV5YAJ,株式会社 ノムラメディアス_2024/11,a0BRB00000ynb5a2AA,2024/11,2024/11,2024-11-30,,104000,false,
a03RB00001NswV6YAJ,株式会社 ノムラメディアス_2024/12,a0BRB00000ynb5a2AA,2024/12,2024/12,2024-12-31,,104000,false,
a03RB00001NswV7YAJ,株式会社 ノムラメディアス_2025/01,a0BRB00000ynb5a2AA,2025/01,2025/01,2025-01-31,,104000,false,
a03RB00001NswV8YAJ,株式会社 ノムラメディアス_2025/02,a0BRB00000ynb5a2AA,2025/02,2025/02,2025-02-28,,104000,false,
a03RB00001NswV9YAJ,東急株式会社_2024/10,a0BRB00000ynb5b2AA,2024/10,2024/10,2024-10-31,,11000,false,
a03RB00001NswVAYAZ,東急株式会社_2024/11,a0BRB00000ynb5b2AA,2024/11,2024/11,2024-11-30,,11000,false,
a03RB00001NswVBYAZ,東急株式会社_2024/12,a0BRB00000ynb5b2AA,2024/12,2024/12,2024-12-31,,11000,false,
a03RB00001NswVCYAZ,東急株式会社_2025/01,a0BRB00000ynb5b2AA,2025/01,2025/01,2025-01-31,,11000,false,
a03RB00001NswVDYAZ,東急株式会社_2025/02,a0BRB00000ynb5b2AA,2025/02,2025/02,2025-02-28,,11000,false,
a03RB00001NswVEYAZ,東急株式会社_2025/03,a0BRB00000ynb5b2AA,2025/03,2025/03,2025-03-31,,11000,false,
a03RB00001NswVFYAZ,東急株式会社_2025/04,a0BRB00000ynb5b2AA,2025/04,2025/04,2025-04-30,,11000,false,
a03RB00001NswVGYAZ,東急株式会社_2025/05,a0BRB00000ynb5b2AA,2025/05,2025/05,2025-05-31,,11000,false,
a03RB00001NswVHYAZ,東急株式会社_2025/06,a0BRB00000ynb5b2AA,2025/06,2025/06,2025-06-30,,11000,false,
a03RB00001NswVIYAZ,東急株式会社_2025/07,a0BRB00000ynb5b2AA,2025/07,2025/07,2025-07-31,,11000,false,
a03RB00001NswVJYAZ,東急株式会社_2025/08,a0BRB00000ynb5b2AA,2025/08,2025/08,2025-08-31,,11000,false,
a03RB00001NswVKYAZ,東急株式会社_2025/09,a0BRB00000ynb5b2AA,2025/09,2025/09,2025-09-30,,11000,false,
a03RB00001NswVLYAZ,東急株式会社_2025/10,a0BRB00000ynb5b2AA,2025/10,2025/10,2025-10-31,,11000,false,
a03RB00001NswVMYAZ,東急株式会社_2025/11,a0BRB00000ynb5b2AA,2025/11,2025/11,2025-11-30,,11000,false,
a03RB00001NswVNYAZ,東急株式会社_2025/12,a0BRB00000ynb5b2AA,2025/12,2025/12,2025-12-31,,11000,false,
a03RB00001NswVOYAZ,東急株式会社_2026/01,a0BRB00000ynb5b2AA,2026/01,2026/01,2026-01-31,,11000,false,
a03RB00001NswVPYAZ,東急株式会社_2026/02,a0BRB00000ynb5b2AA,2026/02,2026/02,2026-02-28,,11000,false,
a03RB00001NswVQYAZ,東急株式会社_2026/03,a0BRB00000ynb5b2AA,2026/03,2026/03,2026-03-31,,11000,false,
a03RB00001NswVRYAZ,東急株式会社_2026/04,a0BRB00000ynb5b2AA,2026/04,2026/04,2026-04-30,,11000,false,
a03RB00001NswVSYAZ,東急株式会社_2026/05,a0BRB00000ynb5b2AA,2026/05,2026/05,2026-05-31,,11000,false,
a03RB00001NswVTYAZ,東急建設 ○独特の請求書式あり_2024/09,a0BRB00000ynb5c2AA,2024/09,2024/09,2024-09-30,,8000,false,
a03RB00001NswVUYAZ,東急建設 ○独特の請求書式あり_2024/10,a0BRB00000ynb5c2AA,2024/10,2024/10,2024-10-31,,8000,false,
a03RB00001NswVVYAZ,東急建設 ○独特の請求書式あり_2024/11,a0BRB00000ynb5c2AA,2024/11,2024/11,2024-11-30,,8000,false,
a03RB00001NswVWYAZ,東急建設 ○独特の請求書式あり_2024/12,a0BRB00000ynb5c2AA,2024/12,2024/12,2024-12-31,,8000,false,
a03RB00001NswVXYAZ,東急建設 ○独特の請求書式あり_2025/01,a0BRB00000ynb5c2AA,2025/01,2025/01,2025-01-31,,8000,false,
a03RB00001NswVYYAZ,東急建設 ○独特の請求書式あり_2025/02,a0BRB00000ynb5c2AA,2025/02,2025/02,2025-02-28,,8000,false,
a03RB00001NswVZYAZ,東急建設 ○独特の請求書式あり_2025/03,a0BRB00000ynb5c2AA,2025/03,2025/03,2025-03-31,,8000,false,
a03RB00001NswVaYAJ,東急建設 ○独特の請求書式あり_2025/04,a0BRB00000ynb5c2AA,2025/04,2025/04,2025-04-30,,8000,false,
a03RB00001NswVbYAJ,東急建設 ○独特の請求書式あり_2025/07,a0BRB00000ynb5c2AA,2025/07,2025/07,2025-07-31,,8000,false,
a03RB00001NswVcYAJ,東急建設 ○独特の請求書式あり_2025/08,a0BRB00000ynb5c2AA,2025/08,2025/08,2025-08-31,,72000,false,
a03RB00001NswVdYAJ,東急建設 ○独特の請求書式あり_2025/09,a0BRB00000ynb5c2AA,2025/09,2025/09,2025-09-30,,,false,
a03RB00001NswVeYAJ,東急建設 ○独特の請求書式あり_2025/10,a0BRB00000ynb5c2AA,2025/10,2025/10,2025-10-31,,,false,
a03RB00001NswVfYAJ,東急建設 ○独特の請求書式あり_2025/11,a0BRB00000ynb5c2AA,2025/11,2025/11,2025-11-30,,,false,
a03RB00001NswVgYAJ,東急建設 ○独特の請求書式あり_2025/12,a0BRB00000ynb5c2AA,2025/12,2025/12,2025-12-31,,,false,
a03RB00001NswVhYAJ,東急建設 ○独特の請求書式あり_2026/01,a0BRB00000ynb5c2AA,2026/01,2026/01,2026-01-31,,,false,
a03RB00001NswViYAJ,東急建設 ○独特の請求書式あり_2026/02,a0BRB00000ynb5c2AA,2026/02,2026/02,2026-02-28,,,false,
a03RB00001NswVjYAJ,東急建設 ○独特の請求書式あり_2026/03,a0BRB00000ynb5c2AA,2026/03,2026/03,2026-03-31,,,false,
a03RB00001NswVkYAJ,東急建設 ○独特の請求書式あり_2026/04,a0BRB00000ynb5c2AA,2026/04,2026/04,2026-04-30,,8000,false,
a03RB00001NswVlYAJ,東急建設 ○独特の請求書式あり_2026/05,a0BRB00000ynb5c2AA,2026/05,2026/05,2026-05-31,,8000,false,
a03RB00001NswVmYAJ,東急建設 ○独特の請求書式あり_2026/06,a0BRB00000ynb5c2AA,2026/06,2026/06,2026-06-30,,8000,false,
a03RB00001NswVnYAJ,東急建設 ○独特の請求書式あり_2026/07,a0BRB00000ynb5c2AA,2026/07,2026/07,2026-07-31,,8000,false,
a03RB00001NswVoYAJ,東急建設 ○独特の請求書式あり_2026/08,a0BRB00000ynb5c2AA,2026/08,2026/08,2026-08-31,,8000,false,
a03RB00001NswVpYAJ,東急建設 ○独特の請求書式あり_2026/09,a0BRB00000ynb5c2AA,2026/09,2026/09,2026-09-30,,8000,false,
a03RB00001NswVqYAJ,東急建設 ○独特の請求書式あり_2026/10,a0BRB00000ynb5c2AA,2026/10,2026/10,2026-10-31,,8000,false,
a03RB00001NswVrYAJ,東急建設 ○独特の請求書式あり_2026/11,a0BRB00000ynb5c2AA,2026/11,2026/11,2026-11-30,,8000,false,
a03RB00001NswVsYAJ,東急建設 ○独特の請求書式あり_2026/12,a0BRB00000ynb5c2AA,2026/12,2026/12,2026-12-31,,8000,false,
a03RB00001NswVtYAJ,東急建設 ○独特の請求書式あり_2027/01,a0BRB00000ynb5c2AA,2027/01,2027/01,2027-01-31,,8000,false,
a03RB00001NswVuYAJ,東急建設 ○独特の請求書式あり_2027/02,a0BRB00000ynb5c2AA,2027/02,2027/02,2027-02-28,,8000,false,
a03RB00001NswVvYAJ,東急建設 ○独特の請求書式あり_2027/03,a0BRB00000ynb5c2AA,2027/03,2027/03,2027-03-31,,8000,false,
a03RB00001NswVwYAJ,株式会社フロンティアコンサルティング_2024/08,a0BRB00000ynb5d2AA,2024/08,2024/08,2024-08-31,27500,27500,false,true
a03RB00001NswVxYAJ,株式会社フロンティアコンサルティング_2024/09,a0BRB00000ynb5d2AA,2024/09,2024/09,2024-09-30,27500,27500,false,true
a03RB00001NswVyYAJ,株式会社フロンティアコンサルティング_2024/10,a0BRB00000ynb5d2AA,2024/10,2024/10,2024-10-31,27500,27500,false,true
a03RB00001NswVzYAJ,株式会社フロンティアコンサルティング_2024/11,a0BRB00000ynb5d2AA,2024/11,2024/11,2024-11-30,27500,27500,false,true
a03RB00001NswW0YAJ,株式会社フロンティアコンサルティング_2024/12,a0BRB00000ynb5d2AA,2024/12,2024/12,2024-12-31,27500,27500,false,true
a03RB00001NswW1YAJ,株式会社フロンティアコンサルティング_2025/01,a0BRB00000ynb5d2AA,2025/01,2025/01,2025-01-31,27500,27500,false,true
a03RB00001NswW2YAJ,株式会社フロンティアコンサルティング_2025/02,a0BRB00000ynb5d2AA,2025/02,2025/02,2025-02-28,396000,396000,false,true
a03RB00001NswW3YAJ,株式会社フロンティアコンサルティング_2025/03,a0BRB00000ynb5d2AA,2025/03,2025/03,2025-03-31,396000,396000,false,true
a03RB00001NswW4YAJ,株式会社フロンティアコンサルティング_2025/04,a0BRB00000ynb5d2AA,2025/04,2025/04,2025-04-30,396000,396000,false,true
a03RB00001NswW5YAJ,株式会社フロンティアコンサルティング_2025/05,a0BRB00000ynb5d2AA,2025/05,2025/05,2025-05-31,396000,396000,false,true
a03RB00001NswW6YAJ,株式会社フロンティアコンサルティング_2025/06,a0BRB00000ynb5d2AA,2025/06,2025/06,2025-06-30,418000,418000,false,true
a03RB00001NswW7YAJ,株式会社フロンティアコンサルティング_2025/07,a0BRB00000ynb5d2AA,2025/07,2025/07,2025-07-31,418000,418000,false,true
a03RB00001NswW8YAJ,株式会社フロンティアコンサルティング_2025/08,a0BRB00000ynb5d2AA,2025/08,2025/08,2025-08-31,418000,418000,false,true
a03RB00001NswW9YAJ,株式会社フロンティアコンサルティング_2025/09,a0BRB00000ynb5d2AA,2025/09,2025/09,2025-09-30,418000,418000,false,true
a03RB00001NswWAYAZ,株式会社フロンティアコンサルティング_2025/10,a0BRB00000ynb5d2AA,2025/10,2025/10,2025-10-31,462000,462000,false,true
a03RB00001NswWBYAZ,株式会社フロンティアコンサルティング_2025/11,a0BRB00000ynb5d2AA,2025/11,2025/11,2025-11-30,462000,462000,false,true
a03RB00001NswWCYAZ,株式会社フロンティアコンサルティング_2025/12,a0BRB00000ynb5d2AA,2025/12,2025/12,2025-12-31,462000,462000,false,true
a03RB00001NswWDYAZ,株式会社フロンティアコンサルティング_2026/01,a0BRB00000ynb5d2AA,2026/01,2026/01,2026-01-31,462000,462000,false,true
a03RB00001NswWEYAZ,株式会社フロンティアコンサルティング_2026/02,a0BRB00000ynb5d2AA,2026/02,2026/02,2026-02-28,462000,462000,false,true
a03RB00001NswWFYAZ,株式会社フロンティアコンサルティング_2026/03,a0BRB00000ynb5d2AA,2026/03,2026/03,2026-03-31,462000,462000,false,true
a03RB00001NswWGYAZ,株式会社フロンティアコンサルティング_2026/04,a0BRB00000ynb5d2AA,2026/04,2026/04,2026-04-30,462000,462000,false,true
a03RB00001NswWHYAZ,株式会社フロンティアコンサルティング_2026/05,a0BRB00000ynb5d2AA,2026/05,2026/05,2026-05-31,484000,484000,false,true
a03RB00001NswWIYAZ,株式会社フロンティアコンサルティング_2026/06,a0BRB00000ynb5d2AA,2026/06,2026/06,2026-06-30,550000,550000,false,true
a03RB00001NswWJYAZ,前田工務店_2024/10,a0BRB00000ynb5e2AA,2024/10,2024/10,2024-10-31,,55000,false,
a03RB00001NswWKYAZ,前田工務店_2024/11,a0BRB00000ynb5e2AA,2024/11,2024/11,2024-11-30,,55000,false,
a03RB00001NswWLYAZ,前田工務店_2024/12,a0BRB00000ynb5e2AA,2024/12,2024/12,2024-12-31,,55000,false,
a03RB00001NswWMYAZ,前田工務店_2025/01,a0BRB00000ynb5e2AA,2025/01,2025/01,2025-01-31,,55000,false,
a03RB00001NswWNYAZ,前田工務店_2025/02,a0BRB00000ynb5e2AA,2025/02,2025/02,2025-02-28,,55000,false,
a03RB00001NswWOYAZ,前田工務店_2025/03,a0BRB00000ynb5e2AA,2025/03,2025/03,2025-03-31,,55000,false,
a03RB00001NswWPYAZ,前田工務店_2025/04,a0BRB00000ynb5e2AA,2025/04,2025/04,2025-04-30,,55000,false,
a03RB00001NswWQYAZ,前田工務店_2025/05,a0BRB00000ynb5e2AA,2025/05,2025/05,2025-05-31,,55000,false,
a03RB00001NswWRYAZ,前田工務店_2025/06,a0BRB00000ynb5e2AA,2025/06,2025/06,2025-06-30,,55000,false,
a03RB00001NswWSYAZ,前田工務店_2025/07,a0BRB00000ynb5e2AA,2025/07,2025/07,2025-07-31,,55000,false,
a03RB00001NswWTYAZ,前田工務店_2025/08,a0BRB00000ynb5e2AA,2025/08,2025/08,2025-08-31,,55000,false,
a03RB00001NswWUYAZ,前田工務店_2025/09,a0BRB00000ynb5e2AA,2025/09,2025/09,2025-09-30,,55000,false,
a03RB00001NswWVYAZ,前田工務店_2025/10,a0BRB00000ynb5e2AA,2025/10,2025/10,2025-10-31,,55000,false,
a03RB00001NswWWYAZ,前田工務店_2025/11,a0BRB00000ynb5e2AA,2025/11,2025/11,2025-11-30,,55000,false,
a03RB00001NswWXYAZ,前田工務店_2025/12,a0BRB00000ynb5e2AA,2025/12,2025/12,2025-12-31,,55000,false,
a03RB00001NswWYYAZ,前田工務店_2026/01,a0BRB00000ynb5e2AA,2026/01,2026/01,2026-01-31,,55000,false,
a03RB00001NswWZYAZ,前田工務店_2026/02,a0BRB00000ynb5e2AA,2026/02,2026/02,2026-02-28,,8000,false,
a03RB00001NswWaYAJ,前田工務店_2026/03,a0BRB00000ynb5e2AA,2026/03,2026/03,2026-03-31,,8000,false,
a03RB00001NswWbYAJ,前田工務店_2026/04,a0BRB00000ynb5e2AA,2026/04,2026/04,2026-04-30,,8000,false,
a03RB00001NswWcYAJ,東京建物_2024/09,a0BRB00000ynb5f2AA,2024/09,2024/09,2024-09-30,,110000,false,
a03RB00001NswWdYAJ,東京建物_2024/10,a0BRB00000ynb5f2AA,2024/10,2024/10,2024-10-31,,110000,false,
a03RB00001NswWeYAJ,東京建物_2024/11,a0BRB00000ynb5f2AA,2024/11,2024/11,2024-11-30,,110000,false,
a03RB00001NswWfYAJ,東京建物_2024/12,a0BRB00000ynb5f2AA,2024/12,2024/12,2024-12-31,,110000,false,
a03RB00001NswWgYAJ,三井デザインテック_2024/09,a0BRB00000ynb5g2AA,2024/09,2024/09,2024-09-30,,20000,false,
a03RB00001NswWhYAJ,三井デザインテック_2024/10,a0BRB00000ynb5g2AA,2024/10,2024/10,2024-10-31,,20000,false,
a03RB00001NswWiYAJ,三井デザインテック_2024/11,a0BRB00000ynb5g2AA,2024/11,2024/11,2024-11-30,,20000,false,
a03RB00001NswWjYAJ,三井デザインテック_2024/12,a0BRB00000ynb5g2AA,2024/12,2024/12,2024-12-31,,20000,false,
a03RB00001NswWkYAJ,三井デザインテック_2025/01,a0BRB00000ynb5g2AA,2025/01,2025/01,2025-01-31,,20000,false,
a03RB00001NswWlYAJ,三井デザインテック_2025/02,a0BRB00000ynb5g2AA,2025/02,2025/02,2025-02-28,,20000,false,
a03RB00001NswWmYAJ,三井デザインテック_2025/03,a0BRB00000ynb5g2AA,2025/03,2025/03,2025-03-31,,20000,false,
a03RB00001NswWnYAJ,ムゲンエステート_2024/10,a0BRB00000ynn5I2AQ,2024/10,2024/10,2024-10-31,,8000,false,
a03RB00001NswWoYAJ,ムゲンエステート_2024/11,a0BRB00000ynn5I2AQ,2024/11,2024/11,2024-11-30,,8000,false,
a03RB00001NswWpYAJ,ムゲンエステート_2024/12,a0BRB00000ynn5I2AQ,2024/12,2024/12,2024-12-31,,8000,false,
a03RB00001NswWqYAJ,ムゲンエステート_2025/01,a0BRB00000ynn5I2AQ,2025/01,2025/01,2025-01-31,,8000,false,
a03RB00001NswWrYAJ,ムゲンエステート_2025/02,a0BRB00000ynn5I2AQ,2025/02,2025/02,2025-02-28,,8000,false,
a03RB00001NswWsYAJ,ムゲンエステート_2025/03,a0BRB00000ynn5I2AQ,2025/03,2025/03,2025-03-31,,8000,false,
a03RB00001NswWtYAJ,ムゲンエステート_2025/04,a0BRB00000ynn5I2AQ,2025/04,2025/04,2025-04-30,,8000,false,
a03RB00001NswWuYAJ,ムゲンエステート_2025/05,a0BRB00000ynn5I2AQ,2025/05,2025/05,2025-05-31,,8000,false,
a03RB00001NswWvYAJ,ムゲンエステート_2025/06,a0BRB00000ynn5I2AQ,2025/06,2025/06,2025-06-30,,8000,false,
a03RB00001NswWwYAJ,ムゲンエステート_2025/07,a0BRB00000ynn5I2AQ,2025/07,2025/07,2025-07-31,,8000,false,
a03RB00001NswWxYAJ,ムゲンエステート_2025/08,a0BRB00000ynn5I2AQ,2025/08,2025/08,2025-08-31,,8000,false,
a03RB00001NswWyYAJ,ムゲンエステート_2025/09,a0BRB00000ynn5I2AQ,2025/09,2025/09,2025-09-30,,8000,false,
a03RB00001NswWzYAJ,ムゲンエステート_2025/10,a0BRB00000ynn5I2AQ,2025/10,2025/10,2025-10-31,,8000,false,
a03RB00001NswX0YAJ,ムゲンエステート_2025/11,a0BRB00000ynn5I2AQ,2025/11,2025/11,2025-11-30,,8000,false,
a03RB00001NswX1YAJ,ムゲンエステート_2025/12,a0BRB00000ynn5I2AQ,2025/12,2025/12,2025-12-31,,8000,false,
a03RB00001NswX2YAJ,ムゲンエステート_2026/01,a0BRB00000ynn5I2AQ,2026/01,2026/01,2026-01-31,,8000,false,
a03RB00001NswX3YAJ,ムゲンエステート_2026/02,a0BRB00000ynn5I2AQ,2026/02,2026/02,2026-02-28,,8000,false,
a03RB00001NswX4YAJ,ムゲンエステート_2026/03,a0BRB00000ynb5h2AA,2026/03,2026/03,2026-03-31,,8000,false,
a03RB00001NswX5YAJ,ムゲンエステート_2026/04,a0BRB00000ynb5h2AA,2026/04,2026/04,2026-04-30,,8000,false,
a03RB00001NswX6YAJ,ムゲンエステート_2026/05,a0BRB00000ynb5h2AA,2026/05,2026/05,2026-05-31,,8000,false,
a03RB00001NswX7YAJ,studio55_2024/09,a0BRB00000ynb5i2AA,2024/09,2024/09,2024-09-30,,,false,
a03RB00001NswX8YAJ,studio55_2024/10,a0BRB00000ynb5i2AA,2024/10,2024/10,2024-10-31,,,false,
a03RB00001NswX9YAJ,studio55_2024/11,a0BRB00000ynb5i2AA,2024/11,2024/11,2024-11-30,,,false,
a03RB00001NswXAYAZ,コクヨ_2024/11,a0BRB00000ynb5j2AA,2024/11,2024/11,2024-11-30,,110000,false,
a03RB00001NswXBYAZ,コクヨ_2024/12,a0BRB00000ynb5j2AA,2024/12,2024/12,2024-12-31,,110000,false,
a03RB00001NswXCYAZ,コクヨ_2025/01,a0BRB00000ynb5j2AA,2025/01,2025/01,2025-01-31,,55000,false,
a03RB00001NswXDYAZ,コクヨ_2025/02,a0BRB00000ynb5j2AA,2025/02,2025/02,2025-02-28,,55000,false,
a03RB00001NswXEYAZ,コクヨ_2025/03,a0BRB00000ynb5j2AA,2025/03,2025/03,2025-03-31,,55000,false,
a03RB00001NswXFYAZ,戸田建設(開発推進部:年額)_2024/11,a0BRB00000ynb5k2AA,2024/11,2024/11,2024-11-30,,88000,false,
a03RB00001NswXGYAZ,戸田建設(開発推進部:年額)_2024/12,a0BRB00000ynb5k2AA,2024/12,2024/12,2024-12-31,,88000,false,
a03RB00001NswXHYAZ,戸田建設(開発推進部:年額)_2025/01,a0BRB00000ynb5k2AA,2025/01,2025/01,2025-01-31,,88000,false,
a03RB00001NswXIYAZ,戸田建設(開発推進部:年額)_2025/02,a0BRB00000ynb5k2AA,2025/02,2025/02,2025-02-28,,264000,false,
a03RB00001NswXJYAZ,戸田建設(開発推進部:年額)_2025/03,a0BRB00000ynb5k2AA,2025/03,2025/03,2025-03-31,,,false,
a03RB00001NswXKYAZ,戸田建設(開発推進部:年額)_2025/04,a0BRB00000ynb5k2AA,2025/04,2025/04,2025-04-30,,,false,
a03RB00001NswXLYAZ,戸田建設(開発推進部:年額)_2025/05,a0BRB00000ynb5k2AA,2025/05,2025/05,2025-05-31,,,false,
a03RB00001NswXMYAZ,戸田建設(開発推進部:年額)_2025/06,a0BRB00000ynb5k2AA,2025/06,2025/06,2025-06-30,,,false,
a03RB00001NswXNYAZ,戸田建設(開発推進部:年額)_2025/07,a0BRB00000ynb5k2AA,2025/07,2025/07,2025-07-31,,,false,
a03RB00001NswXOYAZ,戸田建設(開発推進部:年額)_2025/08,a0BRB00000ynb5k2AA,2025/08,2025/08,2025-08-31,,,false,
a03RB00001NswXPYAZ,戸田建設(開発推進部:年額)_2025/09,a0BRB00000ynb5k2AA,2025/09,2025/09,2025-09-30,,,false,
a03RB00001NswXQYAZ,戸田建設(開発推進部:年額)_2025/10,a0BRB00000ynb5k2AA,2025/10,2025/10,2025-10-31,,,false,
a03RB00001NswXRYAZ,戸田建設(開発推進部:年額)_2025/11,a0BRB00000ynb5k2AA,2025/11,2025/11,2025-11-30,,,false,
a03RB00001NswXSYAZ,戸田建設(開発推進部:年額)_2025/12,a0BRB00000ynb5k2AA,2025/12,2025/12,2025-12-31,,,false,
a03RB00001NswXTYAZ,戸田建設(開発推進部:年額)_2026/01,a0BRB00000ynb5k2AA,2026/01,2026/01,2026-01-31,,,false,
a03RB00001NswXUYAZ,東急リゾーツ＆ステイ_2024/11,a0BRB00000ynb5l2AA,2024/11,2024/11,2024-11-30,,99000,false,
a03RB00001NswXVYAZ,東急リゾーツ＆ステイ_2024/12,a0BRB00000ynb5l2AA,2024/12,2024/12,2024-12-31,,99000,false,
a03RB00001NswXWYAZ,東急リゾーツ＆ステイ_2025/01,a0BRB00000ynb5l2AA,2025/01,2025/01,2025-01-31,,99000,false,
a03RB00001NswXXYAZ,東急リゾーツ＆ステイ_2025/02,a0BRB00000ynb5l2AA,2025/02,2025/02,2025-02-28,,99000,false,
a03RB00001NswXYYAZ,東急リゾーツ＆ステイ_2025/03,a0BRB00000ynb5l2AA,2025/03,2025/03,2025-03-31,,99000,false,
a03RB00001NswXZYAZ,東急リゾーツ＆ステイ_2025/04,a0BRB00000ynb5l2AA,2025/04,2025/04,2025-04-30,,99000,false,
a03RB00001NswXaYAJ,東急リゾーツ＆ステイ_2025/05,a0BRB00000ynb5l2AA,2025/05,2025/05,2025-05-31,,99000,false,
a03RB00001NswXbYAJ,東急リゾーツ＆ステイ_2025/06,a0BRB00000ynb5l2AA,2025/06,2025/06,2025-06-30,,99000,false,
a03RB00001NswXcYAJ,東急リゾーツ＆ステイ_2025/07,a0BRB00000ynb5l2AA,2025/07,2025/07,2025-07-31,,99000,false,
a03RB00001NswXdYAJ,東急リゾーツ＆ステイ_2025/08,a0BRB00000ynb5l2AA,2025/08,2025/08,2025-08-31,,99000,false,
a03RB00001NswXeYAJ,東急リゾーツ＆ステイ_2025/09,a0BRB00000ynb5l2AA,2025/09,2025/09,2025-09-30,,99000,false,
a03RB00001NswXfYAJ,東急リゾーツ＆ステイ_2025/10,a0BRB00000ynb5l2AA,2025/10,2025/10,2025-10-31,,99000,false,
a03RB00001NswXgYAJ,東急リゾーツ＆ステイ_2025/11,a0BRB00000ynb5l2AA,2025/11,2025/11,2025-11-30,,99000,false,
a03RB00001NswXhYAJ,東急リゾーツ＆ステイ_2025/12,a0BRB00000ynb5l2AA,2025/12,2025/12,2025-12-31,,99000,false,
a03RB00001NswXiYAJ,東急リゾーツ＆ステイ_2026/01,a0BRB00000ynb5l2AA,2026/01,2026/01,2026-01-31,,99000,false,
a03RB00001NswXjYAJ,東急リゾーツ＆ステイ_2026/02,a0BRB00000ynb5l2AA,2026/02,2026/02,2026-02-28,,99000,false,
a03RB00001NswXkYAJ,東急リゾーツ＆ステイ_2026/03,a0BRB00000ynb5l2AA,2026/03,2026/03,2026-03-31,,99000,false,
a03RB00001NswXlYAJ,東急リゾーツ＆ステイ_2026/04,a0BRB00000ynb5l2AA,2026/04,2026/04,2026-04-30,,99000,false,
a03RB00001NswXmYAJ,東急リゾーツ＆ステイ_2026/05,a0BRB00000ynb5l2AA,2026/05,2026/05,2026-05-31,,99000,false,
a03RB00001NswXnYAJ,東急リゾーツ＆ステイ_2026/06,a0BRB00000ynb5l2AA,2026/06,2026/06,2026-06-30,,44000,false,
a03RB00001NswXoYAJ,インフィニティ株式会社_2024/11,a0BRB00000ynb5m2AA,2024/11,2024/11,2024-11-30,,8000,false,
a03RB00001NswXpYAJ,インフィニティ株式会社_2024/12,a0BRB00000ynb5m2AA,2024/12,2024/12,2024-12-31,,8000,false,
a03RB00001NswXqYAJ,インフィニティ株式会社_2025/01,a0BRB00000ynb5m2AA,2025/01,2025/01,2025-01-31,,8000,false,
a03RB00001NswXrYAJ,インフィニティ株式会社_2025/02,a0BRB00000ynb5m2AA,2025/02,2025/02,2025-02-28,,8000,false,
a03RB00001NswXsYAJ,インフィニティ株式会社_2025/03,a0BRB00000ynb5m2AA,2025/03,2025/03,2025-03-31,,8000,false,
a03RB00001NswXtYAJ,インフィニティ株式会社_2025/04,a0BRB00000ynb5m2AA,2025/04,2025/04,2025-04-30,,8000,false,
a03RB00001NswXuYAJ,インフィニティ株式会社_2025/05,a0BRB00000ynb5m2AA,2025/05,2025/05,2025-05-31,,8000,false,
a03RB00001NswXvYAJ,インフィニティ株式会社_2025/06,a0BRB00000ynb5m2AA,2025/06,2025/06,2025-06-30,,8000,false,
a03RB00001NswXwYAJ,インフィニティ株式会社_2025/07,a0BRB00000ynb5m2AA,2025/07,2025/07,2025-07-31,,8000,false,
a03RB00001NswXxYAJ,インフィニティ株式会社_2025/08,a0BRB00000ynb5m2AA,2025/08,2025/08,2025-08-31,,8000,false,
a03RB00001NswXyYAJ,インフィニティ株式会社_2025/09,a0BRB00000ynb5m2AA,2025/09,2025/09,2025-09-30,,8000,false,
a03RB00001NswXzYAJ,インフィニティ株式会社_2025/10,a0BRB00000ynb5m2AA,2025/10,2025/10,2025-10-31,,8000,false,
a03RB00001NswY0YAJ,インフィニティ株式会社_2025/11,a0BRB00000ynb5m2AA,2025/11,2025/11,2025-11-30,,8000,false,
a03RB00001NswY1YAJ,インフィニティ株式会社_2025/12,a0BRB00000ynb5m2AA,2025/12,2025/12,2025-12-31,,8000,false,
a03RB00001NswY2YAJ,インフィニティ株式会社_2026/01,a0BRB00000ynb5m2AA,2026/01,2026/01,2026-01-31,,8000,false,
a03RB00001NswY3YAJ,インフィニティ株式会社_2026/02,a0BRB00000ynb5m2AA,2026/02,2026/02,2026-02-28,,8000,false,
a03RB00001NswY4YAJ,インフィニティ株式会社_2026/03,a0BRB00000ynb5m2AA,2026/03,2026/03,2026-03-31,,8000,false,
a03RB00001NswY5YAJ,インフィニティ株式会社_2026/04,a0BRB00000ynb5m2AA,2026/04,2026/04,2026-04-30,,8000,false,
a03RB00001NswY6YAJ,インフィニティ株式会社_2026/05,a0BRB00000ynb5m2AA,2026/05,2026/05,2026-05-31,,8000,false,
a03RB00001NswY7YAJ,株式会社リノシスコーポレーション_2024/10,a0BRB00000ynb5n2AA,2024/10,2024/10,2024-10-31,,55000,false,
a03RB00001NswY8YAJ,株式会社リノシスコーポレーション_2024/11,a0BRB00000ynb5n2AA,2024/11,2024/11,2024-11-30,,55000,false,
a03RB00001NswY9YAJ,株式会社リノシスコーポレーション_2024/12,a0BRB00000ynb5n2AA,2024/12,2024/12,2024-12-31,,55000,false,
a03RB00001NswYAYAZ,株式会社リノシスコーポレーション_2025/01,a0BRB00000ynb5n2AA,2025/01,2025/01,2025-01-31,,55000,false,
a03RB00001NswYBYAZ,株式会社リノシスコーポレーション_2025/02,a0BRB00000ynb5n2AA,2025/02,2025/02,2025-02-28,,55000,false,
a03RB00001NswYCYAZ,株式会社リノシスコーポレーション_2025/03,a0BRB00000ynb5n2AA,2025/03,2025/03,2025-03-31,,55000,false,
a03RB00001NswYDYAZ,株式会社リノシスコーポレーション_2025/04,a0BRB00000ynb5n2AA,2025/04,2025/04,2025-04-30,,55000,false,
a03RB00001NswYEYAZ,株式会社リノシスコーポレーション_2025/05,a0BRB00000ynb5n2AA,2025/05,2025/05,2025-05-31,,55000,false,
a03RB00001NswYFYAZ,株式会社リノシスコーポレーション_2025/06,a0BRB00000ynb5n2AA,2025/06,2025/06,2025-06-30,,55000,false,
a03RB00001NswYGYAZ,株式会社リノシスコーポレーション_2025/07,a0BRB00000ynb5n2AA,2025/07,2025/07,2025-07-31,,55000,false,
a03RB00001NswYHYAZ,株式会社リノシスコーポレーション_2025/08,a0BRB00000ynb5n2AA,2025/08,2025/08,2025-08-31,,55000,false,
a03RB00001NswYIYAZ,株式会社リノシスコーポレーション_2025/09,a0BRB00000ynb5n2AA,2025/09,2025/09,2025-09-30,,55000,false,
a03RB00001NswYJYAZ,株式会社リノシスコーポレーション_2025/10,a0BRB00000ynb5n2AA,2025/10,2025/10,2025-10-31,,55000,false,
a03RB00001NswYKYAZ,ジェイアール北海道エンジニアリング株式会社(大塚商会)_2024/12,a0BRB00000ynb5o2AA,2024/12,2024/12,2024-12-31,,6400,false,
a03RB00001NswYLYAZ,ジェイアール北海道エンジニアリング株式会社(大塚商会)_2025/11,a0BRB00000ynb5o2AA,2025/11,2025/11,2025-11-30,,6400,false,
a03RB00001NswYMYAZ,ジェイアール北海道エンジニアリング株式会社(大塚商会)_2025/12,a0BRB00000ynb5o2AA,2025/12,2025/12,2025-12-31,,6400,false,
a03RB00001NswYNYAZ,ジェイアール北海道エンジニアリング株式会社(大塚商会)_2026/05,a0BRB00000ynb5o2AA,2026/05,2026/05,2026-05-31,,6400,false,
a03RB00001NswYOYAZ,ジェイアール北海道エンジニアリング株式会社(大塚商会)_2026/06,a0BRB00000ynb5o2AA,2026/06,2026/06,2026-06-30,,6400,false,
a03RB00001NswYPYAZ,ジェイアール北海道エンジニアリング株式会社(大塚商会)_2026/07,a0BRB00000ynb5o2AA,2026/07,2026/07,2026-07-31,,6400,false,
a03RB00001NswYQYAZ,ジェイアール北海道エンジニアリング株式会社(大塚商会)_2026/08,a0BRB00000ynb5o2AA,2026/08,2026/08,2026-08-31,,6400,false,
a03RB00001NswYRYAZ,ジェイアール北海道エンジニアリング株式会社(大塚商会)_2026/09,a0BRB00000ynb5o2AA,2026/09,2026/09,2026-09-30,,6400,false,
a03RB00001NswYSYAZ,ジェイアール北海道エンジニアリング株式会社(大塚商会)_2026/10,a0BRB00000ynb5o2AA,2026/10,2026/10,2026-10-31,,6400,false,
a03RB00001NswYTYAZ,リリカラ(大塚商会)_2024/11,a0BRB00000ynb5p2AA,2024/11,2024/11,2024-11-30,,12800,false,
a03RB00001NswYUYAZ,リリカラ(大塚商会)_2024/12,a0BRB00000ynb5p2AA,2024/12,2024/12,2024-12-31,,12800,false,
a03RB00001NswYVYAZ,リリカラ(大塚商会)_2025/01,a0BRB00000ynb5p2AA,2025/01,2025/01,2025-01-31,,12800,false,
a03RB00001NswYWYAZ,リリカラ(大塚商会)_2025/02,a0BRB00000ynb5p2AA,2025/02,2025/02,2025-02-28,,12800,false,
a03RB00001NswYXYAZ,リリカラ(大塚商会)_2025/03,a0BRB00000ynb5p2AA,2025/03,2025/03,2025-03-31,,12800,false,
a03RB00001NswYYYAZ,リリカラ(大塚商会)_2025/04,a0BRB00000ynb5p2AA,2025/04,2025/04,2025-04-30,,12800,false,
a03RB00001NswYZYAZ,リリカラ(大塚商会)_2025/05,a0BRB00000ynb5p2AA,2025/05,2025/05,2025-05-31,,12800,false,
a03RB00001NswYaYAJ,リリカラ(大塚商会)_2025/06,a0BRB00000ynb5p2AA,2025/06,2025/06,2025-06-30,,12800,false,
a03RB00001NswYbYAJ,リリカラ(大塚商会)_2025/07,a0BRB00000ynb5p2AA,2025/07,2025/07,2025-07-31,,12800,false,
a03RB00001NswYcYAJ,リリカラ(大塚商会)_2025/08,a0BRB00000ynb5p2AA,2025/08,2025/08,2025-08-31,,12800,false,
a03RB00001NswYdYAJ,リリカラ(大塚商会)_2025/09,a0BRB00000ynb5p2AA,2025/09,2025/09,2025-09-30,,12800,false,
a03RB00001NswYeYAJ,リリカラ(大塚商会)_2025/10,a0BRB00000ynb5p2AA,2025/10,2025/10,2025-10-31,,12800,false,
a03RB00001NswYfYAJ,リリカラ(大塚商会)_2025/11,a0BRB00000ynb5p2AA,2025/11,2025/11,2025-11-30,,12800,false,
a03RB00001NswYgYAJ,リリカラ(大塚商会)_2025/12,a0BRB00000ynb5p2AA,2025/12,2025/12,2025-12-31,,12800,false,
a03RB00001NswYhYAJ,リリカラ(大塚商会)_2026/01,a0BRB00000ynb5p2AA,2026/01,2026/01,2026-01-31,,12800,false,
a03RB00001NswYiYAJ,リリカラ(大塚商会)_2026/02,a0BRB00000ynb5p2AA,2026/02,2026/02,2026-02-28,,12800,false,
a03RB00001NswYjYAJ,リリカラ(大塚商会)_2026/03,a0BRB00000ynb5p2AA,2026/03,2026/03,2026-03-31,,12800,false,
a03RB00001NswYkYAJ,リリカラ(大塚商会)_2026/04,a0BRB00000ynb5p2AA,2026/04,2026/04,2026-04-30,,12800,false,
a03RB00001NswYlYAJ,リリカラ(大塚商会)_2026/05,a0BRB00000ynb5p2AA,2026/05,2026/05,2026-05-31,,12800,false,
a03RB00001NswYmYAJ,リリカラ(大塚商会)_2026/06,a0BRB00000ynb5p2AA,2026/06,2026/06,2026-06-30,,12800,false,
a03RB00001NswYnYAJ,リリカラ(大塚商会)_2026/07,a0BRB00000ynb5p2AA,2026/07,2026/07,2026-07-31,,12800,false,
a03RB00001NswYoYAJ,リリカラ(大塚商会)_2026/08,a0BRB00000ynb5p2AA,2026/08,2026/08,2026-08-31,,12800,false,
a03RB00001NswYpYAJ,リリカラ(大塚商会)_2026/09,a0BRB00000ynb5p2AA,2026/09,2026/09,2026-09-30,,12800,false,
a03RB00001NswYqYAJ,リリカラ(大塚商会)_2026/10,a0BRB00000ynb5p2AA,2026/10,2026/10,2026-10-31,,12800,false,
a03RB00001NswYrYAJ,株式会社イトーキ_2024/12,a0BRB00000ynb5q2AA,2024/12,2024/12,2024-12-31,,5000,false,
a03RB00001NswYsYAJ,株式会社イトーキ_2025/01,a0BRB00000ynb5q2AA,2025/01,2025/01,2025-01-31,,5000,false,
a03RB00001NswYtYAJ,株式会社イトーキ_2025/02,a0BRB00000ynb5q2AA,2025/02,2025/02,2025-02-28,,5000,false,
a03RB00001NswYuYAJ,株式会社イトーキ_2025/03,a0BRB00000ynb5q2AA,2025/03,2025/03,2025-03-31,,5000,false,
a03RB00001NswYvYAJ,株式会社イトーキ_2025/04,a0BRB00000ynb5q2AA,2025/04,2025/04,2025-04-30,,5000,false,
a03RB00001NswYwYAJ,株式会社イトーキ_2025/05,a0BRB00000ynb5q2AA,2025/05,2025/05,2025-05-31,,5000,false,
a03RB00001NswYxYAJ,株式会社イトーキ_2025/06,a0BRB00000ynb5q2AA,2025/06,2025/06,2025-06-30,,5000,false,
a03RB00001NswYyYAJ,株式会社イトーキ_2025/07,a0BRB00000ynb5q2AA,2025/07,2025/07,2025-07-31,,5000,false,
a03RB00001NswYzYAJ,株式会社イトーキ_2025/08,a0BRB00000ynb5q2AA,2025/08,2025/08,2025-08-31,,5000,false,
a03RB00001NswZ0YAJ,株式会社イトーキ_2025/09,a0BRB00000ynb5q2AA,2025/09,2025/09,2025-09-30,,5000,false,
a03RB00001NswZ1YAJ,株式会社イトーキ_2025/10,a0BRB00000ynb5q2AA,2025/10,2025/10,2025-10-31,,5000,false,
a03RB00001NswZ2YAJ,株式会社イトーキ_2025/11,a0BRB00000ynb5q2AA,2025/11,2025/11,2025-11-30,,5000,false,
a03RB00001NswZ3YAJ,株式会社イトーキ_2025/12,a0BRB00000ynb5q2AA,2025/12,2025/12,2025-12-31,,5000,false,
a03RB00001NswZ4YAJ,株式会社TRIAD_2025/01,a0BRB00000ynb5r2AA,2025/01,2025/01,2025-01-31,,8000,false,
a03RB00001NswZ5YAJ,株式会社TRIAD_2025/02,a0BRB00000ynb5r2AA,2025/02,2025/02,2025-02-28,,8000,false,
a03RB00001NswZ6YAJ,株式会社TRIAD_2025/03,a0BRB00000ynb5r2AA,2025/03,2025/03,2025-03-31,,8000,false,
a03RB00001NswZ7YAJ,株式会社TRIAD_2025/04,a0BRB00000ynb5r2AA,2025/04,2025/04,2025-04-30,,8000,false,
a03RB00001NswZ8YAJ,株式会社TRIAD_2025/05,a0BRB00000ynb5r2AA,2025/05,2025/05,2025-05-31,,8000,false,
a03RB00001NswZ9YAJ,株式会社TRIAD_2025/06,a0BRB00000ynb5r2AA,2025/06,2025/06,2025-06-30,,8000,false,
a03RB00001NswZAYAZ,株式会社TRIAD_2025/07,a0BRB00000ynb5r2AA,2025/07,2025/07,2025-07-31,,8000,false,
a03RB00001NswZBYAZ,株式会社TRIAD_2025/08,a0BRB00000ynb5r2AA,2025/08,2025/08,2025-08-31,,8000,false,
a03RB00001NswZCYAZ,株式会社TRIAD_2025/09,a0BRB00000ynb5r2AA,2025/09,2025/09,2025-09-30,,8000,false,
a03RB00001NswZDYAZ,株式会社TRIAD_2025/10,a0BRB00000ynb5r2AA,2025/10,2025/10,2025-10-31,,8000,false,
a03RB00001NswZEYAZ,株式会社TRIAD_2025/11,a0BRB00000ynb5r2AA,2025/11,2025/11,2025-11-30,,8000,false,
a03RB00001NswZFYAZ,株式会社TRIAD_2025/12,a0BRB00000ynb5r2AA,2025/12,2025/12,2025-12-31,,8000,false,
a03RB00001NswZGYAZ,株式会社TRIAD_2026/01,a0BRB00000ynb5r2AA,2026/01,2026/01,2026-01-31,,8000,false,
a03RB00001NswZHYAZ,株式会社TRIAD_2026/02,a0BRB00000ynb5r2AA,2026/02,2026/02,2026-02-28,,8000,false,
a03RB00001NswZIYAZ,株式会社TRIAD_2026/03,a0BRB00000ynb5r2AA,2026/03,2026/03,2026-03-31,,8000,false,
a03RB00001NswZJYAZ,株式会社TRIAD_2026/04,a0BRB00000ynb5r2AA,2026/04,2026/04,2026-04-30,,8000,false,
a03RB00001NswZKYAZ,株式会社TRIAD_2026/05,a0BRB00000ynb5r2AA,2026/05,2026/05,2026-05-31,,8000,false,
a03RB00001NswZLYAZ,九州旅客鉄道株式会社 工事部施設課_2024/12,a0BRB00000ynb5s2AA,2024/12,2024/12,2024-12-31,,8000,false,
a03RB00001NswZMYAZ,九州旅客鉄道株式会社 工事部施設課_2025/01,a0BRB00000ynb5s2AA,2025/01,2025/01,2025-01-31,,8000,false,
a03RB00001NswZNYAZ,九州旅客鉄道株式会社 工事部施設課_2025/02,a0BRB00000ynb5s2AA,2025/02,2025/02,2025-02-28,,8000,false,
a03RB00001NswZOYAZ,九州旅客鉄道株式会社 工事部施設課_2025/03,a0BRB00000ynb5s2AA,2025/03,2025/03,2025-03-31,,8000,false,
a03RB00001NswZPYAZ,九州旅客鉄道株式会社 工事部施設課_2025/04,a0BRB00000ynb5s2AA,2025/04,2025/04,2025-04-30,,8000,false,
a03RB00001NswZQYAZ,九州旅客鉄道株式会社 工事部施設課_2025/05,a0BRB00000ynb5s2AA,2025/05,2025/05,2025-05-31,,8000,false,
a03RB00001NswZRYAZ,九州旅客鉄道株式会社 工事部施設課_2025/06,a0BRB00000ynb5s2AA,2025/06,2025/06,2025-06-30,,8000,false,
a03RB00001NswZSYAZ,九州旅客鉄道株式会社 工事部施設課_2025/07,a0BRB00000ynb5s2AA,2025/07,2025/07,2025-07-31,,8000,false,
a03RB00001NswZTYAZ,九州旅客鉄道株式会社 工事部施設課_2025/08,a0BRB00000ynb5s2AA,2025/08,2025/08,2025-08-31,,8000,false,
a03RB00001NswZUYAZ,九州旅客鉄道株式会社 工事部施設課_2025/09,a0BRB00000ynb5s2AA,2025/09,2025/09,2025-09-30,,8000,false,
a03RB00001NswZVYAZ,九州旅客鉄道株式会社 工事部施設課_2025/10,a0BRB00000ynb5s2AA,2025/10,2025/10,2025-10-31,,8000,false,
a03RB00001NswZWYAZ,九州旅客鉄道株式会社 工事部施設課_2025/11,a0BRB00000ynb5s2AA,2025/11,2025/11,2025-11-30,,8000,false,
a03RB00001NswZXYAZ,九州旅客鉄道株式会社 工事部施設課_2025/12,a0BRB00000ynb5s2AA,2025/12,2025/12,2025-12-31,,8000,false,
a03RB00001NswZYYAZ,九州旅客鉄道株式会社 工事部施設課_2026/01,a0BRB00000ynb5s2AA,2026/01,2026/01,2026-01-31,,8000,false,
a03RB00001NswZZYAZ,九州旅客鉄道株式会社 工事部施設課_2026/02,a0BRB00000ynb5s2AA,2026/02,2026/02,2026-02-28,,8000,false,
a03RB00001NswZaYAJ,九州旅客鉄道株式会社 工事部施設課_2026/03,a0BRB00000ynb5s2AA,2026/03,2026/03,2026-03-31,,8000,false,
a03RB00001NswZbYAJ,九州旅客鉄道株式会社 工事部施設課_2026/04,a0BRB00000ynb5s2AA,2026/04,2026/04,2026-04-30,,8000,false,
a03RB00001NswZcYAJ,九州旅客鉄道株式会社 工事部施設課_2026/05,a0BRB00000ynb5s2AA,2026/05,2026/05,2026-05-31,,8000,false,
a03RB00001NswZdYAJ,株式会社オリバー_2025/01,a0BRB00000ynb5t2AA,2025/01,2025/01,2025-01-31,,,false,
a03RB00001NswZeYAJ,株式会社オリバー_2025/02,a0BRB00000ynb5t2AA,2025/02,2025/02,2025-02-28,,138600,false,
a03RB00001NswZfYAJ,株式会社オリバー_2025/03,a0BRB00000ynb5t2AA,2025/03,2025/03,2025-03-31,,,false,
a03RB00001NswZgYAJ,株式会社オリバー_2025/04,a0BRB00000ynb5t2AA,2025/04,2025/04,2025-04-30,,,false,
a03RB00001NswZhYAJ,株式会社オリバー_2025/05,a0BRB00000ynb5t2AA,2025/05,2025/05,2025-05-31,,,false,
a03RB00001NswZiYAJ,株式会社オリバー_2025/06,a0BRB00000ynb5t2AA,2025/06,2025/06,2025-06-30,,,false,
a03RB00001NswZjYAJ,株式会社オリバー_2025/07,a0BRB00000ynb5t2AA,2025/07,2025/07,2025-07-31,,,false,
a03RB00001NswZkYAJ,アイリスチトセ株式会社_2025/04,a0BRB00000ynb5u2AA,2025/04,2025/04,2025-04-30,,16000,false,
a03RB00001NswZlYAJ,アイリスチトセ株式会社_2025/05,a0BRB00000ynb5u2AA,2025/05,2025/05,2025-05-31,,16000,false,
a03RB00001NswZmYAJ,戸田建設(設計部:月額)_2025/02,a0BRB00000ynb5v2AA,2025/02,2025/02,2025-02-28,,22000,false,
a03RB00001NswZnYAJ,戸田建設(設計部:月額)_2025/03,a0BRB00000ynb5v2AA,2025/03,2025/03,2025-03-31,,22000,false,
a03RB00001NswZoYAJ,戸田建設(設計部:月額)_2025/04,a0BRB00000ynb5v2AA,2025/04,2025/04,2025-04-30,,22000,false,
a03RB00001NswZpYAJ,戸田建設(設計部:月額)_2025/05,a0BRB00000ynb5v2AA,2025/05,2025/05,2025-05-31,,22000,false,
a03RB00001NswZqYAJ,戸田建設(設計部:月額)_2025/06,a0BRB00000ynb5v2AA,2025/06,2025/06,2025-06-30,,22000,false,
a03RB00001NswZrYAJ,戸田建設(設計部:月額)_2025/07,a0BRB00000ynb5v2AA,2025/07,2025/07,2025-07-31,,22000,false,
a03RB00001NswZsYAJ,戸田建設(設計部:月額)_2025/08,a0BRB00000ynb5v2AA,2025/08,2025/08,2025-08-31,,55000,false,
a03RB00001NswZtYAJ,戸田建設(設計部:月額)_2025/09,a0BRB00000ynb5v2AA,2025/09,2025/09,2025-09-30,,55000,false,
a03RB00001NswZuYAJ,戸田建設(設計部:月額)_2025/10,a0BRB00000ynb5v2AA,2025/10,2025/10,2025-10-31,,55000,false,
a03RB00001NswZvYAJ,戸田建設(設計部:月額)_2025/11,a0BRB00000ynb5v2AA,2025/11,2025/11,2025-11-30,,55000,false,
a03RB00001NswZwYAJ,戸田建設(設計部:月額)_2025/12,a0BRB00000ynb5v2AA,2025/12,2025/12,2025-12-31,,55000,false,
a03RB00001NswZxYAJ,戸田建設(設計部:月額)_2026/01,a0BRB00000ynb5v2AA,2026/01,2026/01,2026-01-31,,55000,false,
a03RB00001NswZyYAJ,戸田建設(設計部:月額)_2026/02,a0BRB00000ynb5v2AA,2026/02,2026/02,2026-02-28,,55000,false,
a03RB00001NswZzYAJ,戸田建設(設計部:月額)_2026/03,a0BRB00000ynb5v2AA,2026/03,2026/03,2026-03-31,,55000,false,
a03RB00001Nswa0YAB,戸田建設(設計部:月額)_2026/04,a0BRB00000ynb5v2AA,2026/04,2026/04,2026-04-30,,55000,false,
a03RB00001Nswa1YAB,戸田建設(設計部:月額)_2026/05,a0BRB00000ynb5v2AA,2026/05,2026/05,2026-05-31,,55000,false,
a03RB00001Nswa2YAB,47内装株式会社_2025/03,a0BRB00000ynb5w2AA,2025/03,2025/03,2025-03-31,,110000,false,
a03RB00001Nswa3YAB,47内装株式会社_2025/04,a0BRB00000ynb5w2AA,2025/04,2025/04,2025-04-30,,110000,false,
a03RB00001Nswa4YAB,47内装株式会社_2025/05,a0BRB00000ynb5w2AA,2025/05,2025/05,2025-05-31,,110000,false,
a03RB00001Nswa5YAB,47内装株式会社_2025/06,a0BRB00000ynb5w2AA,2025/06,2025/06,2025-06-30,,55000,false,
a03RB00001Nswa6YAB,47内装株式会社_2025/07,a0BRB00000ynb5w2AA,2025/07,2025/07,2025-07-31,,55000,false,
a03RB00001Nswa7YAB,47内装株式会社_2025/08,a0BRB00000ynb5w2AA,2025/08,2025/08,2025-08-31,,55000,false,
a03RB00001Nswa8YAB,47内装株式会社_2025/09,a0BRB00000ynb5w2AA,2025/09,2025/09,2025-09-30,,55000,false,
a03RB00001Nswa9YAB,47内装株式会社_2025/10,a0BRB00000ynb5w2AA,2025/10,2025/10,2025-10-31,,55000,false,
a03RB00001NswaAYAR,47内装株式会社_2025/11,a0BRB00000ynb5w2AA,2025/11,2025/11,2025-11-30,,55000,false,
a03RB00001NswaBYAR,47内装株式会社_2025/12,a0BRB00000ynb5w2AA,2025/12,2025/12,2025-12-31,,55000,false,
a03RB00001NswaCYAR,47内装株式会社_2026/01,a0BRB00000ynb5w2AA,2026/01,2026/01,2026-01-31,,55000,false,
a03RB00001NswaDYAR,47内装株式会社_2026/02,a0BRB00000ynb5w2AA,2026/02,2026/02,2026-02-28,,55000,false,
a03RB00001NswaEYAR,47内装株式会社_2026/03,a0BRB00000ynb5w2AA,2026/03,2026/03,2026-03-31,,55000,false,
a03RB00001NswaFYAR,47内装株式会社_2026/04,a0BRB00000ynb5w2AA,2026/04,2026/04,2026-04-30,,55000,false,
a03RB00001NswaGYAR,47内装株式会社_2026/05,a0BRB00000ynb5w2AA,2026/05,2026/05,2026-05-31,,55000,false,
a03RB00001NswaHYAR,ANAスカイビルサービス株式会社 ※郵送希望_2025/04,a0BRB00000ynb5x2AA,2025/04,2025/04,2025-04-30,,16000,false,
a03RB00001NswaIYAR,ANAスカイビルサービス株式会社 ※郵送希望_2025/05,a0BRB00000ynb5x2AA,2025/05,2025/05,2025-05-31,,16000,false,
a03RB00001NswaJYAR,ANAスカイビルサービス株式会社 ※郵送希望_2025/06,a0BRB00000ynb5x2AA,2025/06,2025/06,2025-06-30,,16000,false,
a03RB00001NswaKYAR,ANAスカイビルサービス株式会社 ※郵送希望_2025/07,a0BRB00000ynb5x2AA,2025/07,2025/07,2025-07-31,,16000,false,
a03RB00001NswaLYAR,ANAスカイビルサービス株式会社 ※郵送希望_2025/08,a0BRB00000ynb5x2AA,2025/08,2025/08,2025-08-31,,16000,false,
a03RB00001NswaMYAR,ANAスカイビルサービス株式会社 ※郵送希望_2025/09,a0BRB00000ynb5x2AA,2025/09,2025/09,2025-09-30,,16000,false,
a03RB00001NswaNYAR,ANAスカイビルサービス株式会社 ※郵送希望_2025/10,a0BRB00000ynb5x2AA,2025/10,2025/10,2025-10-31,,16000,false,
a03RB00001NswaOYAR,ANAスカイビルサービス株式会社 ※郵送希望_2025/11,a0BRB00000ynb5x2AA,2025/11,2025/11,2025-11-30,,16000,false,
a03RB00001NswaPYAR,ANAスカイビルサービス株式会社 ※郵送希望_2025/12,a0BRB00000ynb5x2AA,2025/12,2025/12,2025-12-31,,16000,false,
a03RB00001NswaQYAR,ANAスカイビルサービス株式会社 ※郵送希望_2026/01,a0BRB00000ynb5x2AA,2026/01,2026/01,2026-01-31,,16000,false,
a03RB00001NswaRYAR,ANAスカイビルサービス株式会社 ※郵送希望_2026/02,a0BRB00000ynb5x2AA,2026/02,2026/02,2026-02-28,,16000,false,
a03RB00001NswaSYAR,ANAスカイビルサービス株式会社 ※郵送希望_2026/03,a0BRB00000ynb5x2AA,2026/03,2026/03,2026-03-31,,16000,false,
a03RB00001NswaTYAR,ANAスカイビルサービス株式会社 ※郵送希望_2026/04,a0BRB00000ynb5x2AA,2026/04,2026/04,2026-04-30,,16000,false,
a03RB00001NswaUYAR,ANAスカイビルサービス株式会社 ※郵送希望_2026/05,a0BRB00000ynb5x2AA,2026/05,2026/05,2026-05-31,,16000,false,
a03RB00001NswaVYAR,株式会社 ノムラメディアス_2025/03,a0BRB00000ynb5y2AA,2025/03,2025/03,2025-03-31,,55000,false,
a03RB00001NswaWYAR,株式会社 ノムラメディアス_2025/04,a0BRB00000ynb5y2AA,2025/04,2025/04,2025-04-30,,55000,false,
a03RB00001NswaXYAR,株式会社 ノムラメディアス_2025/05,a0BRB00000ynb5y2AA,2025/05,2025/05,2025-05-31,,55000,false,
a03RB00001NswaYYAR,株式会社 ノムラメディアス_2025/06,a0BRB00000ynb5y2AA,2025/06,2025/06,2025-06-30,,55000,false,
a03RB00001NswaZYAR,株式会社 ノムラメディアス_2025/07,a0BRB00000ynb5y2AA,2025/07,2025/07,2025-07-31,,55000,false,
a03RB00001NswaaYAB,株式会社 ノムラメディアス_2025/08,a0BRB00000ynb5y2AA,2025/08,2025/08,2025-08-31,,55000,false,
a03RB00001NswabYAB,株式会社 ノムラメディアス_2025/09,a0BRB00000ynb5y2AA,2025/09,2025/09,2025-09-30,,55000,false,
a03RB00001NswacYAB,株式会社 ノムラメディアス_2025/10,a0BRB00000ynb5y2AA,2025/10,2025/10,2025-10-31,,55000,false,
a03RB00001NswadYAB,株式会社 ノムラメディアス_2025/11,a0BRB00000ynb5y2AA,2025/11,2025/11,2025-11-30,,55000,false,
a03RB00001NswaeYAB,株式会社 ノムラメディアス_2025/12,a0BRB00000ynb5y2AA,2025/12,2025/12,2025-12-31,,55000,false,
a03RB00001NswafYAB,株式会社 ノムラメディアス_2026/01,a0BRB00000ynb5y2AA,2026/01,2026/01,2026-01-31,,55000,false,
a03RB00001NswagYAB,株式会社 ノムラメディアス_2026/02,a0BRB00000ynb5y2AA,2026/02,2026/02,2026-02-28,,55000,false,
a03RB00001NswahYAB,株式会社URリンケージ(月額払い)_2025/03,a0BRB00000ynb5z2AA,2025/03,2025/03,2025-03-31,,8000,false,
a03RB00001NswaiYAB,株式会社URリンケージ(月額払い)_2025/04,a0BRB00000ynb5z2AA,2025/04,2025/04,2025-04-30,,8000,false,
a03RB00001NswajYAB,株式会社URリンケージ(年額払い)_2025/03,a0BRB00000ynb602AA,2025/03,2025/03,2025-03-31,,8000,false,
a03RB00001NswakYAB,株式会社URリンケージ(年額払い)_2025/04,a0BRB00000ynb602AA,2025/04,2025/04,2025-04-30,,8000,false,
a03RB00001NswalYAB,株式会社URリンケージ(年額払い)_2025/05,a0BRB00000ynb602AA,2025/05,2025/05,2025-05-31,,8000,false,
a03RB00001NswamYAB,株式会社URリンケージ(年額払い)_2025/06,a0BRB00000ynb602AA,2025/06,2025/06,2025-06-30,,8000,false,
a03RB00001NswanYAB,株式会社URリンケージ(年額払い)_2025/07,a0BRB00000ynb602AA,2025/07,2025/07,2025-07-31,,8000,false,
a03RB00001NswaoYAB,株式会社URリンケージ(年額払い)_2025/08,a0BRB00000ynb602AA,2025/08,2025/08,2025-08-31,,8000,false,
a03RB00001NswapYAB,株式会社URリンケージ(年額払い)_2025/09,a0BRB00000ynb602AA,2025/09,2025/09,2025-09-30,,8000,false,
a03RB00001NswaqYAB,株式会社URリンケージ(年額払い)_2025/10,a0BRB00000ynb602AA,2025/10,2025/10,2025-10-31,,8000,false,
a03RB00001NswarYAB,株式会社URリンケージ(年額払い)_2025/11,a0BRB00000ynb602AA,2025/11,2025/11,2025-11-30,,8000,false,
a03RB00001NswasYAB,株式会社URリンケージ(年額払い)_2025/12,a0BRB00000ynb602AA,2025/12,2025/12,2025-12-31,,8000,false,
a03RB00001NswatYAB,株式会社URリンケージ(年額払い)_2026/01,a0BRB00000ynb602AA,2026/01,2026/01,2026-01-31,,8000,false,
a03RB00001NswauYAB,株式会社URリンケージ(年額払い)_2026/02,a0BRB00000ynb602AA,2026/02,2026/02,2026-02-28,,8000,false,
a03RB00001NswavYAB,佐伯綜合建設(大塚商会)_2025/02,a0BRB00000ynb612AA,2025/02,2025/02,2025-02-28,,6400,false,
a03RB00001NswawYAB,佐伯綜合建設(大塚商会)_2025/03,a0BRB00000ynb612AA,2025/03,2025/03,2025-03-31,,6400,false,
a03RB00001NswaxYAB,佐伯綜合建設(大塚商会)_2025/04,a0BRB00000ynb612AA,2025/04,2025/04,2025-04-30,,6400,false,
a03RB00001NswayYAB,佐伯綜合建設(大塚商会)_2025/05,a0BRB00000ynb612AA,2025/05,2025/05,2025-05-31,,6400,false,
a03RB00001NswazYAB,佐伯綜合建設(大塚商会)_2025/06,a0BRB00000ynb612AA,2025/06,2025/06,2025-06-30,,6400,false,
a03RB00001Nswb0YAB,佐伯綜合建設(大塚商会)_2025/07,a0BRB00000ynb612AA,2025/07,2025/07,2025-07-31,,6400,false,
a03RB00001Nswb1YAB,佐伯綜合建設(大塚商会)_2025/08,a0BRB00000ynb612AA,2025/08,2025/08,2025-08-31,,6400,false,
a03RB00001Nswb2YAB,佐伯綜合建設(大塚商会)_2025/09,a0BRB00000ynb612AA,2025/09,2025/09,2025-09-30,,6400,false,
a03RB00001Nswb3YAB,佐伯綜合建設(大塚商会)_2025/10,a0BRB00000ynb612AA,2025/10,2025/10,2025-10-31,,6400,false,
a03RB00001Nswb4YAB,佐伯綜合建設(大塚商会)_2025/11,a0BRB00000ynb612AA,2025/11,2025/11,2025-11-30,,6400,false,
a03RB00001Nswb5YAB,佐伯綜合建設(大塚商会)_2025/12,a0BRB00000ynb612AA,2025/12,2025/12,2025-12-31,,6400,false,
a03RB00001Nswb6YAB,佐伯綜合建設(大塚商会)_2026/01,a0BRB00000ynb612AA,2026/01,2026/01,2026-01-31,,6400,false,
a03RB00001Nswb7YAB,佐伯綜合建設(大塚商会)_2026/02,a0BRB00000ynb612AA,2026/02,2026/02,2026-02-28,,6400,false,
a03RB00001Nswb8YAB,佐伯綜合建設(大塚商会)_2026/03,a0BRB00000ynb612AA,2026/03,2026/03,2026-03-31,,6400,false,
a03RB00001Nswb9YAB,佐伯綜合建設(大塚商会)_2026/04,a0BRB00000ynb612AA,2026/04,2026/04,2026-04-30,,6400,false,
a03RB00001NswbAYAR,佐伯綜合建設(大塚商会)_2026/05,a0BRB00000ynb612AA,2026/05,2026/05,2026-05-31,,6400,false,
a03RB00001NswbBYAR,佐伯綜合建設(大塚商会)_2026/06,a0BRB00000ynb612AA,2026/06,2026/06,2026-06-30,,6400,false,
a03RB00001NswbCYAR,佐伯綜合建設(大塚商会)_2026/07,a0BRB00000ynb612AA,2026/07,2026/07,2026-07-31,,6400,false,
a03RB00001NswbDYAR,佐伯綜合建設(大塚商会)_2026/08,a0BRB00000ynb612AA,2026/08,2026/08,2026-08-31,,6400,false,
a03RB00001NswbEYAR,佐伯綜合建設(大塚商会)_2026/09,a0BRB00000ynb612AA,2026/09,2026/09,2026-09-30,,6400,false,
a03RB00001NswbFYAR,佐伯綜合建設(大塚商会)_2026/10,a0BRB00000ynb612AA,2026/10,2026/10,2026-10-31,,6400,false,
a03RB00001NswbGYAR,佐伯綜合建設(大塚商会)_2026/11,a0BRB00000ynb612AA,2026/11,2026/11,2026-11-30,,6400,false,
a03RB00001NswbHYAR,佐伯綜合建設(大塚商会)_2026/12,a0BRB00000ynb612AA,2026/12,2026/12,2026-12-31,,6400,false,
a03RB00001NswbIYAR,佐伯綜合建設(大塚商会)_2027/01,a0BRB00000ynb612AA,2027/01,2027/01,2027-01-31,,6400,false,
a03RB00001NswbJYAR,吉村紳 一級建築士事務所_2025/04,a0BRB00000ynb622AA,2025/04,2025/04,2025-04-30,,8000,false,
a03RB00001NswbKYAR,吉村紳 一級建築士事務所_2025/05,a0BRB00000ynb622AA,2025/05,2025/05,2025-05-31,,8000,false,
a03RB00001NswbLYAR,吉村紳 一級建築士事務所_2025/06,a0BRB00000ynb622AA,2025/06,2025/06,2025-06-30,,8000,false,
a03RB00001NswbMYAR,吉村紳 一級建築士事務所_2025/07,a0BRB00000ynb622AA,2025/07,2025/07,2025-07-31,,8000,false,
a03RB00001NswbNYAR,吉村紳 一級建築士事務所_2025/08,a0BRB00000ynb622AA,2025/08,2025/08,2025-08-31,,8000,false,
a03RB00001NswbOYAR,吉村紳 一級建築士事務所_2025/09,a0BRB00000ynb622AA,2025/09,2025/09,2025-09-30,,8000,false,
a03RB00001NswbPYAR,吉村紳 一級建築士事務所_2025/10,a0BRB00000ynb622AA,2025/10,2025/10,2025-10-31,,8000,false,
a03RB00001NswbQYAR,吉村紳 一級建築士事務所_2025/11,a0BRB00000ynb622AA,2025/11,2025/11,2025-11-30,,8000,false,
a03RB00001NswbRYAR,吉村紳 一級建築士事務所_2025/12,a0BRB00000ynb622AA,2025/12,2025/12,2025-12-31,,8000,false,
a03RB00001NswbSYAR,吉村紳 一級建築士事務所_2026/01,a0BRB00000ynb622AA,2026/01,2026/01,2026-01-31,,8000,false,
a03RB00001NswbTYAR,吉村紳 一級建築士事務所_2026/02,a0BRB00000ynb622AA,2026/02,2026/02,2026-02-28,,8000,false,
a03RB00001NswbUYAR,吉村紳 一級建築士事務所_2026/03,a0BRB00000ynb622AA,2026/03,2026/03,2026-03-31,,8000,false,
a03RB00001NswbVYAR,吉村紳 一級建築士事務所_2026/04,a0BRB00000ynb622AA,2026/04,2026/04,2026-04-30,,8000,false,
a03RB00001NswbWYAR,吉村紳 一級建築士事務所_2026/05,a0BRB00000ynb622AA,2026/05,2026/05,2026-05-31,,8000,false,
a03RB00001NswbXYAR,株式会社乃村工藝社_2025/01,a0BRB00000ynb632AA,2025/01,2025/01,2025-01-31,,16000,false,
a03RB00001NswbYYAR,株式会社乃村工藝社_2025/02,a0BRB00000ynb632AA,2025/02,2025/02,2025-02-28,,16000,false,
a03RB00001NswbZYAR,株式会社乃村工藝社_2025/03,a0BRB00000ynb632AA,2025/03,2025/03,2025-03-31,,16000,false,
a03RB00001NswbaYAB,株式会社乃村工藝社_2025/04,a0BRB00000ynb632AA,2025/04,2025/04,2025-04-30,,16000,false,
a03RB00001NswbbYAB,矢作建設工業株式会社_2025/04,a0BRB00000ynb642AA,2025/04,2025/04,2025-04-30,,32000,false,
a03RB00001NswbcYAB,矢作建設工業株式会社_2025/07,a0BRB00000ynb642AA,2025/07,2025/07,2025-07-31,,55000,false,
a03RB00001NswbdYAB,矢作建設工業株式会社_2025/08,a0BRB00000ynb642AA,2025/08,2025/08,2025-08-31,,49584,false,
a03RB00001NswbeYAB,矢作建設工業株式会社_2025/09,a0BRB00000ynb642AA,2025/09,2025/09,2025-09-30,,49584,false,
a03RB00001NswbfYAB,矢作建設工業株式会社_2025/10,a0BRB00000ynb642AA,2025/10,2025/10,2025-10-31,,49584,false,
a03RB00001NswbgYAB,矢作建設工業株式会社_2025/11,a0BRB00000ynb642AA,2025/11,2025/11,2025-11-30,,49584,false,
a03RB00001NswbhYAB,矢作建設工業株式会社_2025/12,a0BRB00000ynb642AA,2025/12,2025/12,2025-12-31,,49584,false,
a03RB00001NswbiYAB,矢作建設工業株式会社_2026/01,a0BRB00000ynb642AA,2026/01,2026/01,2026-01-31,,49584,false,
a03RB00001NswbjYAB,矢作建設工業株式会社_2026/02,a0BRB00000ynb642AA,2026/02,2026/02,2026-02-28,,49584,false,
a03RB00001NswbkYAB,矢作建設工業株式会社_2026/03,a0BRB00000ynb642AA,2026/03,2026/03,2026-03-31,,49584,false,
a03RB00001NswblYAB,矢作建設工業株式会社_2026/04,a0BRB00000ynb642AA,2026/04,2026/04,2026-04-30,,49584,false,
a03RB00001NswbmYAB,矢作建設工業株式会社_2026/05,a0BRB00000ynb642AA,2026/05,2026/05,2026-05-31,,49584,false,
a03RB00001NswbnYAB,矢作建設工業株式会社_2026/06,a0BRB00000ynb642AA,2026/06,2026/06,2026-06-30,,49584,false,
a03RB00001NswboYAB,矢作建設工業株式会社_2026/07,a0BRB00000ynb642AA,2026/07,2026/07,2026-07-31,,49584,false,
a03RB00001NswbpYAB,株式会社デザインアーク_2025/05,a0BRB00000ynb652AA,2025/05,2025/05,2025-05-31,132000,132000,false,true
a03RB00001NswbqYAB,株式会社デザインアーク_2025/06,a0BRB00000ynb652AA,2025/06,2025/06,2025-06-30,66000,66000,false,true
a03RB00001NswbrYAB,株式会社デザインアーク_2025/07,a0BRB00000ynb652AA,2025/07,2025/07,2025-07-31,66000,66000,false,true
a03RB00001NswbsYAB,株式会社デザインアーク_2025/08,a0BRB00000ynb652AA,2025/08,2025/08,2025-08-31,66000,66000,false,true
a03RB00001NswbtYAB,株式会社デザインアーク_2025/09,a0BRB00000ynb652AA,2025/09,2025/09,2025-09-30,66000,66000,false,true
a03RB00001NswbuYAB,株式会社デザインアーク_2025/10,a0BRB00000ynb652AA,2025/10,2025/10,2025-10-31,66000,66000,false,true
a03RB00001NswbvYAB,株式会社デザインアーク_2025/11,a0BRB00000ynb652AA,2025/11,2025/11,2025-11-30,66000,66000,false,true
a03RB00001NswbwYAB,株式会社デザインアーク_2025/12,a0BRB00000ynb652AA,2025/12,2025/12,2025-12-31,66000,66000,false,true
a03RB00001NswbxYAB,株式会社デザインアーク_2026/01,a0BRB00000ynb652AA,2026/01,2026/01,2026-01-31,66000,66000,false,true
a03RB00001NswbyYAB,株式会社デザインアーク_2026/02,a0BRB00000ynb652AA,2026/02,2026/02,2026-02-28,55000,55000,false,true
a03RB00001NswbzYAB,株式会社デザインアーク_2026/03,a0BRB00000ynb652AA,2026/03,2026/03,2026-03-31,55000,55000,false,true
a03RB00001Nswc0YAB,株式会社デザインアーク_2026/04,a0BRB00000ynb652AA,2026/04,2026/04,2026-04-30,55000,55000,false,true
a03RB00001Nswc1YAB,株式会社デザインアーク_2026/05,a0BRB00000ynb652AA,2026/05,2026/05,2026-05-31,55000,55000,false,true
a03RB00001Nswc2YAB,大塚商会(株式会社長谷建築設計事務所様)_2025/04,a0BRB00000ynb662AA,2025/04,2025/04,2025-04-30,,6400,false,
a03RB00001Nswc3YAB,大塚商会(株式会社長谷建築設計事務所様)_2025/05,a0BRB00000ynb662AA,2025/05,2025/05,2025-05-31,,6400,false,
a03RB00001Nswc4YAB,大塚商会(株式会社長谷建築設計事務所様)_2026/04,a0BRB00000ynb662AA,2026/04,2026/04,2026-04-30,,6400,false,
a03RB00001Nswc5YAB,アイリスオーヤマ（ストアデザイン部）_2025/05,a0BRB00000ynb672AA,2025/05,2025/05,2025-05-31,,24000,false,
a03RB00001Nswc6YAB,アイリスオーヤマ（空間デザイン部）_2025/05,a0BRB00000ynb682AA,2025/05,2025/05,2025-05-31,,8000,false,
a03RB00001Nswc7YAB,株式会社アーキテクト・ディベロッパー（5月1日より帝国不動産株式会社）_2025/05,a0BRB00000ynb692AA,2025/05,2025/05,2025-05-31,40000,40000,false,true
a03RB00001Nswc8YAB,株式会社アーキテクト・ディベロッパー（5月1日より帝国不動産株式会社）_2025/06,a0BRB00000ynb692AA,2025/06,2025/06,2025-06-30,40000,40000,false,true
a03RB00001Nswc9YAB,株式会社アーキテクト・ディベロッパー（5月1日より帝国不動産株式会社）_2025/07,a0BRB00000ynb692AA,2025/07,2025/07,2025-07-31,40000,40000,false,true
a03RB00001NswcAYAR,株式会社アーキテクト・ディベロッパー（5月1日より帝国不動産株式会社）_2025/08,a0BRB00000ynb692AA,2025/08,2025/08,2025-08-31,40000,40000,false,true
a03RB00001NswcBYAR,株式会社アーキテクト・ディベロッパー（5月1日より帝国不動産株式会社）_2025/09,a0BRB00000ynb692AA,2025/09,2025/09,2025-09-30,40000,40000,false,true
a03RB00001NswcCYAR,株式会社アーキテクト・ディベロッパー（5月1日より帝国不動産株式会社）_2025/10,a0BRB00000ynb692AA,2025/10,2025/10,2025-10-31,48000,48000,false,true
a03RB00001NswcDYAR,株式会社アーキテクト・ディベロッパー（5月1日より帝国不動産株式会社）_2025/11,a0BRB00000ynb692AA,2025/11,2025/11,2025-11-30,48000,48000,false,true
a03RB00001NswcEYAR,株式会社アーキテクト・ディベロッパー（5月1日より帝国不動産株式会社）_2025/12,a0BRB00000ynb692AA,2025/12,2025/12,2025-12-31,48000,48000,false,true
a03RB00001NswcFYAR,株式会社アーキテクト・ディベロッパー（5月1日より帝国不動産株式会社）_2026/01,a0BRB00000ynb692AA,2026/01,2026/01,2026-01-31,48000,48000,false,true
a03RB00001NswcGYAR,株式会社アーキテクト・ディベロッパー（5月1日より帝国不動産株式会社）_2026/02,a0BRB00000ynb692AA,2026/02,2026/02,2026-02-28,48000,48000,false,true
a03RB00001NswcHYAR,株式会社アーキテクト・ディベロッパー（5月1日より帝国不動産株式会社）_2026/03,a0BRB00000ynb692AA,2026/03,2026/03,2026-03-31,48000,48000,false,true
a03RB00001NswcIYAR,株式会社アーキテクト・ディベロッパー（5月1日より帝国不動産株式会社）_2026/04,a0BRB00000ynb692AA,2026/04,2026/04,2026-04-30,48000,48000,false,true
a03RB00001NswcJYAR,株式会社アーキテクト・ディベロッパー（5月1日より帝国不動産株式会社）_2026/05,a0BRB00000ynb692AA,2026/05,2026/05,2026-05-31,48000,48000,false,true
a03RB00001NswcKYAR,株式会社アーキテクト・ディベロッパー（5月1日より帝国不動産株式会社）_2026/06,a0BRB00000ynb692AA,2026/06,2026/06,2026-06-30,48000,48000,false,true
a03RB00001NswcLYAR,野原グループ株式会社_2025/05,a0BRB00000ynb6A2AQ,2025/05,2025/05,2025-05-31,,8000,false,
a03RB00001NswcMYAR,野原グループ株式会社_2025/06,a0BRB00000ynb6A2AQ,2025/06,2025/06,2025-06-30,,8000,false,
a03RB00001NswcNYAR,野原グループ株式会社_2025/07,a0BRB00000ynb6A2AQ,2025/07,2025/07,2025-07-31,,8000,false,
a03RB00001NswcOYAR,野原グループ株式会社_2025/08,a0BRB00000ynb6A2AQ,2025/08,2025/08,2025-08-31,,8000,false,
a03RB00001NswcPYAR,野原グループ株式会社_2025/09,a0BRB00000ynb6A2AQ,2025/09,2025/09,2025-09-30,,8000,false,
a03RB00001NswcQYAR,野原グループ株式会社_2025/10,a0BRB00000ynb6A2AQ,2025/10,2025/10,2025-10-31,,8000,false,
a03RB00001NswcRYAR,野原グループ株式会社_2025/11,a0BRB00000ynb6A2AQ,2025/11,2025/11,2025-11-30,,8000,false,
a03RB00001NswcSYAR,野原グループ株式会社_2025/12,a0BRB00000ynb6A2AQ,2025/12,2025/12,2025-12-31,,8000,false,
a03RB00001NswcTYAR,野原グループ株式会社_2026/01,a0BRB00000ynb6A2AQ,2026/01,2026/01,2026-01-31,,8000,false,
a03RB00001NswcUYAR,野原グループ株式会社_2026/02,a0BRB00000ynb6A2AQ,2026/02,2026/02,2026-02-28,,8000,false,
a03RB00001NswcVYAR,野原グループ株式会社_2026/03,a0BRB00000ynb6A2AQ,2026/03,2026/03,2026-03-31,,8000,false,
a03RB00001NswcWYAR,野原グループ株式会社_2026/04,a0BRB00000ynb6A2AQ,2026/04,2026/04,2026-04-30,,8000,false,
a03RB00001NswcXYAR,野原グループ株式会社_2026/05,a0BRB00000ynb6A2AQ,2026/05,2026/05,2026-05-31,,8000,false,
a03RB00001NswcYYAR,高松テクノサービス株式会社 ＊年払い、特別価格_2025/05,a0BRB00000ynb6B2AQ,2025/05,2025/05,2025-05-31,,15834,false,
a03RB00001NswcZYAR,高松テクノサービス株式会社 ＊年払い、特別価格_2025/06,a0BRB00000ynb6B2AQ,2025/06,2025/06,2025-06-30,,15834,false,
a03RB00001NswcaYAB,高松テクノサービス株式会社 ＊年払い、特別価格_2025/07,a0BRB00000ynb6B2AQ,2025/07,2025/07,2025-07-31,,15834,false,
a03RB00001NswcbYAB,高松テクノサービス株式会社 ＊年払い、特別価格_2025/08,a0BRB00000ynb6B2AQ,2025/08,2025/08,2025-08-31,,15834,false,
a03RB00001NswccYAB,高松テクノサービス株式会社 ＊年払い、特別価格_2025/09,a0BRB00000ynb6B2AQ,2025/09,2025/09,2025-09-30,,15834,false,
a03RB00001NswcdYAB,高松テクノサービス株式会社 ＊年払い、特別価格_2025/10,a0BRB00000ynb6B2AQ,2025/10,2025/10,2025-10-31,,15834,false,
a03RB00001NswceYAB,高松テクノサービス株式会社 ＊年払い、特別価格_2025/11,a0BRB00000ynb6B2AQ,2025/11,2025/11,2025-11-30,,15834,false,
a03RB00001NswcfYAB,高松テクノサービス株式会社 ＊年払い、特別価格_2025/12,a0BRB00000ynb6B2AQ,2025/12,2025/12,2025-12-31,,15834,false,
a03RB00001NswcgYAB,高松テクノサービス株式会社 ＊年払い、特別価格_2026/01,a0BRB00000ynb6B2AQ,2026/01,2026/01,2026-01-31,,15834,false,
a03RB00001NswchYAB,高松テクノサービス株式会社 ＊年払い、特別価格_2026/02,a0BRB00000ynb6B2AQ,2026/02,2026/02,2026-02-28,,15834,false,
a03RB00001NswciYAB,高松テクノサービス株式会社 ＊年払い、特別価格_2026/03,a0BRB00000ynb6B2AQ,2026/03,2026/03,2026-03-31,,15834,false,
a03RB00001NswcjYAB,高松テクノサービス株式会社 ＊年払い、特別価格_2026/04,a0BRB00000ynb6B2AQ,2026/04,2026/04,2026-04-30,,15834,false,
a03RB00001NswckYAB,株式会社ジョイフル本田_2025/05,a0BRB00000ynb6C2AQ,2025/05,2025/05,2025-05-31,,55000,false,
a03RB00001NswclYAB,株式会社ジョイフル本田_2025/06,a0BRB00000ynb6C2AQ,2025/06,2025/06,2025-06-30,,55000,false,
a03RB00001NswcmYAB,株式会社ジョイフル本田_2025/07,a0BRB00000ynb6C2AQ,2025/07,2025/07,2025-07-31,,55000,false,
a03RB00001NswcnYAB,株式会社ジョイフル本田_2025/08,a0BRB00000ynb6C2AQ,2025/08,2025/08,2025-08-31,,55000,false,
a03RB00001NswcoYAB,株式会社ジョイフル本田_2025/09,a0BRB00000ynb6C2AQ,2025/09,2025/09,2025-09-30,,55000,false,
a03RB00001NswcpYAB,株式会社ジョイフル本田_2025/10,a0BRB00000ynb6C2AQ,2025/10,2025/10,2025-10-31,,55000,false,
a03RB00001NswcqYAB,株式会社ジョイフル本田_2025/11,a0BRB00000ynb6C2AQ,2025/11,2025/11,2025-11-30,,55000,false,
a03RB00001NswcrYAB,株式会社ジョイフル本田_2025/12,a0BRB00000ynb6C2AQ,2025/12,2025/12,2025-12-31,,55000,false,
a03RB00001NswcsYAB,株式会社ジョイフル本田_2026/01,a0BRB00000ynb6C2AQ,2026/01,2026/01,2026-01-31,,55000,false,
a03RB00001NswctYAB,株式会社ジョイフル本田_2026/02,a0BRB00000ynb6C2AQ,2026/02,2026/02,2026-02-28,,55000,false,
a03RB00001NswcuYAB,株式会社ジョイフル本田_2026/03,a0BRB00000ynb6C2AQ,2026/03,2026/03,2026-03-31,,55000,false,
a03RB00001NswcvYAB,株式会社ジョイフル本田_2026/04,a0BRB00000ynb6C2AQ,2026/04,2026/04,2026-04-30,,55000,false,
a03RB00001NswcwYAB,株式会社ジョイフル本田_2026/05,a0BRB00000ynb6C2AQ,2026/05,2026/05,2026-05-31,,55000,false,
a03RB00001NswcxYAB,九州旅客鉄道株式会社 博多設備区_2025/05,a0BRB00000ynb6D2AQ,2025/05,2025/05,2025-05-31,,8000,false,
a03RB00001NswcyYAB,九州旅客鉄道株式会社 博多設備区_2025/06,a0BRB00000ynb6D2AQ,2025/06,2025/06,2025-06-30,,8000,false,
a03RB00001NswczYAB,九州旅客鉄道株式会社 博多設備区_2025/07,a0BRB00000ynb6D2AQ,2025/07,2025/07,2025-07-31,,8000,false,
a03RB00001Nswd0YAB,九州旅客鉄道株式会社 博多設備区_2025/08,a0BRB00000ynb6D2AQ,2025/08,2025/08,2025-08-31,,8000,false,
a03RB00001Nswd1YAB,九州旅客鉄道株式会社 博多設備区_2025/09,a0BRB00000ynb6D2AQ,2025/09,2025/09,2025-09-30,,8000,false,
a03RB00001Nswd2YAB,九州旅客鉄道株式会社 博多設備区_2025/10,a0BRB00000ynb6D2AQ,2025/10,2025/10,2025-10-31,,8000,false,
a03RB00001Nswd3YAB,九州旅客鉄道株式会社 博多設備区_2025/11,a0BRB00000ynb6D2AQ,2025/11,2025/11,2025-11-30,,8000,false,
a03RB00001Nswd4YAB,九州旅客鉄道株式会社 博多設備区_2025/12,a0BRB00000ynb6D2AQ,2025/12,2025/12,2025-12-31,,8000,false,
a03RB00001Nswd5YAB,九州旅客鉄道株式会社 博多設備区_2026/01,a0BRB00000ynb6D2AQ,2026/01,2026/01,2026-01-31,,8000,false,
a03RB00001Nswd6YAB,九州旅客鉄道株式会社 博多設備区_2026/02,a0BRB00000ynb6D2AQ,2026/02,2026/02,2026-02-28,,8000,false,
a03RB00001Nswd7YAB,九州旅客鉄道株式会社 博多設備区_2026/03,a0BRB00000ynb6D2AQ,2026/03,2026/03,2026-03-31,,8000,false,
a03RB00001Nswd8YAB,九州旅客鉄道株式会社 博多設備区_2026/04,a0BRB00000ynb6D2AQ,2026/04,2026/04,2026-04-30,,8000,false,
a03RB00001Nswd9YAB,九州旅客鉄道株式会社 博多設備区_2026/05,a0BRB00000ynb6D2AQ,2026/05,2026/05,2026-05-31,,8000,false,
a03RB00001NswdAYAR,アイリスチトセ株式会社_2025/06,a0BRB00000ynb6E2AQ,2025/06,2025/06,2025-06-30,,77000,false,
a03RB00001NswdBYAR,アイリスチトセ株式会社_2025/07,a0BRB00000ynb6E2AQ,2025/07,2025/07,2025-07-31,,77000,false,
a03RB00001NswdCYAR,アイリスチトセ株式会社_2025/08,a0BRB00000ynb6E2AQ,2025/08,2025/08,2025-08-31,,77000,false,
a03RB00001NswdDYAR,アイリスチトセ株式会社_2025/09,a0BRB00000ynb6E2AQ,2025/09,2025/09,2025-09-30,,77000,false,
a03RB00001NswdEYAR,アイリスチトセ株式会社_2025/10,a0BRB00000ynb6E2AQ,2025/10,2025/10,2025-10-31,,77000,false,
a03RB00001NswdFYAR,アイリスチトセ株式会社_2025/11,a0BRB00000ynb6E2AQ,2025/11,2025/11,2025-11-30,,77000,false,
a03RB00001NswdGYAR,アイリスチトセ株式会社_2025/12,a0BRB00000ynb6E2AQ,2025/12,2025/12,2025-12-31,,77000,false,
a03RB00001NswdHYAR,アイリスチトセ株式会社_2026/01,a0BRB00000ynb6E2AQ,2026/01,2026/01,2026-01-31,,77000,false,
a03RB00001NswdIYAR,アイリスチトセ株式会社_2026/02,a0BRB00000ynb6E2AQ,2026/02,2026/02,2026-02-28,,77000,false,
a03RB00001NswdJYAR,アイリスチトセ株式会社_2026/03,a0BRB00000ynb6E2AQ,2026/03,2026/03,2026-03-31,,77000,false,
a03RB00001NswdKYAR,アイリスチトセ株式会社_2026/04,a0BRB00000ynb6E2AQ,2026/04,2026/04,2026-04-30,,77000,false,
a03RB00001NswdLYAR,アイリスチトセ株式会社_2026/05,a0BRB00000ynb6E2AQ,2026/05,2026/05,2026-05-31,,77000,false,
a03RB00001NswdMYAR,アイリスオーヤマ（ストアデザイン部）_2025/06,a0BRB00000ynb6F2AQ,2025/06,2025/06,2025-06-30,,44000,false,
a03RB00001NswdNYAR,アイリスオーヤマ（ストアデザイン部）_2025/07,a0BRB00000ynb6F2AQ,2025/07,2025/07,2025-07-31,,44000,false,
a03RB00001NswdOYAR,アイリスオーヤマ（ストアデザイン部）_2025/08,a0BRB00000ynb6F2AQ,2025/08,2025/08,2025-08-31,,44000,false,
a03RB00001NswdPYAR,アイリスオーヤマ（ストアデザイン部）_2025/09,a0BRB00000ynb6F2AQ,2025/09,2025/09,2025-09-30,,44000,false,
a03RB00001NswdQYAR,アイリスオーヤマ（ストアデザイン部）_2025/10,a0BRB00000ynb6F2AQ,2025/10,2025/10,2025-10-31,,44000,false,
a03RB00001NswdRYAR,アイリスオーヤマ（ストアデザイン部）_2025/11,a0BRB00000ynb6F2AQ,2025/11,2025/11,2025-11-30,,44000,false,
a03RB00001NswdSYAR,アイリスオーヤマ（ストアデザイン部）_2025/12,a0BRB00000ynb6F2AQ,2025/12,2025/12,2025-12-31,,44000,false,
a03RB00001NswdTYAR,アイリスオーヤマ（ストアデザイン部）_2026/01,a0BRB00000ynb6F2AQ,2026/01,2026/01,2026-01-31,,44000,false,
a03RB00001NswdUYAR,アイリスオーヤマ（ストアデザイン部）_2026/02,a0BRB00000ynb6F2AQ,2026/02,2026/02,2026-02-28,,44000,false,
a03RB00001NswdVYAR,アイリスオーヤマ（ストアデザイン部）_2026/03,a0BRB00000ynb6F2AQ,2026/03,2026/03,2026-03-31,,44000,false,
a03RB00001NswdWYAR,アイリスオーヤマ（ストアデザイン部）_2026/04,a0BRB00000ynb6F2AQ,2026/04,2026/04,2026-04-30,,44000,false,
a03RB00001NswdXYAR,アイリスオーヤマ（ストアデザイン部）_2026/05,a0BRB00000ynb6F2AQ,2026/05,2026/05,2026-05-31,,44000,false,
a03RB00001NswdYYAR,アイリスオーヤマ（空間デザイン部）_2025/06,a0BRB00000ynb6G2AQ,2025/06,2025/06,2025-06-30,,11000,false,
a03RB00001NswdZYAR,アイリスオーヤマ（空間デザイン部）_2025/07,a0BRB00000ynb6G2AQ,2025/07,2025/07,2025-07-31,,11000,false,
a03RB00001NswdaYAB,アイリスオーヤマ（空間デザイン部）_2025/08,a0BRB00000ynb6G2AQ,2025/08,2025/08,2025-08-31,,11000,false,
a03RB00001NswdbYAB,アイリスオーヤマ（空間デザイン部）_2025/09,a0BRB00000ynb6G2AQ,2025/09,2025/09,2025-09-30,,11000,false,
a03RB00001NswdcYAB,アイリスオーヤマ（空間デザイン部）_2025/10,a0BRB00000ynb6G2AQ,2025/10,2025/10,2025-10-31,,11000,false,
a03RB00001NswddYAB,アイリスオーヤマ（空間デザイン部）_2025/11,a0BRB00000ynb6G2AQ,2025/11,2025/11,2025-11-30,,11000,false,
a03RB00001NswdeYAB,アイリスオーヤマ（空間デザイン部）_2025/12,a0BRB00000ynb6G2AQ,2025/12,2025/12,2025-12-31,,11000,false,
a03RB00001NswdfYAB,アイリスオーヤマ（空間デザイン部）_2026/01,a0BRB00000ynb6G2AQ,2026/01,2026/01,2026-01-31,,11000,false,
a03RB00001NswdgYAB,アイリスオーヤマ（空間デザイン部）_2026/02,a0BRB00000ynb6G2AQ,2026/02,2026/02,2026-02-28,,11000,false,
a03RB00001NswdhYAB,アイリスオーヤマ（空間デザイン部）_2026/03,a0BRB00000ynb6G2AQ,2026/03,2026/03,2026-03-31,,11000,false,
a03RB00001NswdiYAB,アイリスオーヤマ（空間デザイン部）_2026/04,a0BRB00000ynb6G2AQ,2026/04,2026/04,2026-04-30,,11000,false,
a03RB00001NswdjYAB,アイリスオーヤマ（空間デザイン部）_2026/05,a0BRB00000ynb6G2AQ,2026/05,2026/05,2026-05-31,,11000,false,
a03RB00001NswdkYAB,ショウワ グループ株式会社_2024/12,a0BRB00000ynb6H2AQ,2024/12,2024/12,2024-12-31,,8000,false,
a03RB00001NswdlYAB,ショウワ グループ株式会社_2025/01,a0BRB00000ynb6H2AQ,2025/01,2025/01,2025-01-31,,8000,false,
a03RB00001NswdmYAB,ショウワ グループ株式会社_2025/02,a0BRB00000ynb6H2AQ,2025/02,2025/02,2025-02-28,,8000,false,
a03RB00001NswdnYAB,ショウワ グループ株式会社_2025/03,a0BRB00000ynb6H2AQ,2025/03,2025/03,2025-03-31,,8000,false,
a03RB00001NswdoYAB,ショウワ グループ株式会社_2025/04,a0BRB00000ynb6H2AQ,2025/04,2025/04,2025-04-30,,8000,false,
a03RB00001NswdpYAB,ショウワ グループ株式会社_2025/05,a0BRB00000ynb6H2AQ,2025/05,2025/05,2025-05-31,,8000,false,
a03RB00001NswdqYAB,九州旅客鉄道株式会社 開発工事部_2025/06,a0BRB00000ynb6I2AQ,2025/06,2025/06,2025-06-30,,8000,false,
a03RB00001NswdrYAB,九州旅客鉄道株式会社 開発工事部_2025/07,a0BRB00000ynb6I2AQ,2025/07,2025/07,2025-07-31,,8000,false,
a03RB00001NswdsYAB,九州旅客鉄道株式会社 開発工事部_2025/08,a0BRB00000ynb6I2AQ,2025/08,2025/08,2025-08-31,,8000,false,
a03RB00001NswdtYAB,九州旅客鉄道株式会社 開発工事部_2025/09,a0BRB00000ynb6I2AQ,2025/09,2025/09,2025-09-30,,8000,false,
a03RB00001NswduYAB,九州旅客鉄道株式会社 開発工事部_2025/10,a0BRB00000ynb6I2AQ,2025/10,2025/10,2025-10-31,,8000,false,
a03RB00001NswdvYAB,九州旅客鉄道株式会社 開発工事部_2025/11,a0BRB00000ynb6I2AQ,2025/11,2025/11,2025-11-30,,8000,false,
a03RB00001NswdwYAB,九州旅客鉄道株式会社 開発工事部_2025/12,a0BRB00000ynb6I2AQ,2025/12,2025/12,2025-12-31,,8000,false,
a03RB00001NswdxYAB,九州旅客鉄道株式会社 開発工事部_2026/01,a0BRB00000ynb6I2AQ,2026/01,2026/01,2026-01-31,,8000,false,
a03RB00001NswdyYAB,九州旅客鉄道株式会社 開発工事部_2026/02,a0BRB00000ynb6I2AQ,2026/02,2026/02,2026-02-28,,8000,false,
a03RB00001NswdzYAB,九州旅客鉄道株式会社 開発工事部_2026/03,a0BRB00000ynb6I2AQ,2026/03,2026/03,2026-03-31,,8000,false,
a03RB00001Nswe0YAB,九州旅客鉄道株式会社 開発工事部_2026/04,a0BRB00000ynb6I2AQ,2026/04,2026/04,2026-04-30,,8000,false,
a03RB00001Nswe1YAB,九州旅客鉄道株式会社 開発工事部_2026/05,a0BRB00000ynb6I2AQ,2026/05,2026/05,2026-05-31,,8000,false,
a03RB00001Nswe2YAB,株式会社JR東日本建築設計_2025/07,a0BRB00000ynb6J2AQ,2025/07,2025/07,2025-07-31,,8000,false,
a03RB00001Nswe3YAB,株式会社JR東日本建築設計_2025/08,a0BRB00000ynb6J2AQ,2025/08,2025/08,2025-08-31,,8000,false,
a03RB00001Nswe4YAB,株式会社JR東日本建築設計_2025/09,a0BRB00000ynb6J2AQ,2025/09,2025/09,2025-09-30,,8000,false,
a03RB00001Nswe5YAB,株式会社JR東日本建築設計_2025/10,a0BRB00000ynb6J2AQ,2025/10,2025/10,2025-10-31,,8000,false,
a03RB00001Nswe6YAB,株式会社JR東日本建築設計_2025/11,a0BRB00000ynb6J2AQ,2025/11,2025/11,2025-11-30,,8000,false,
a03RB00001Nswe7YAB,株式会社JR東日本建築設計_2025/12,a0BRB00000ynb6J2AQ,2025/12,2025/12,2025-12-31,,8000,false,
a03RB00001Nswe8YAB,株式会社JR東日本建築設計_2026/01,a0BRB00000ynb6J2AQ,2026/01,2026/01,2026-01-31,,8000,false,
a03RB00001Nswe9YAB,株式会社JR東日本建築設計_2026/02,a0BRB00000ynb6J2AQ,2026/02,2026/02,2026-02-28,,8000,false,
a03RB00001NsweAYAR,株式会社JR東日本建築設計_2026/03,a0BRB00000ynb6J2AQ,2026/03,2026/03,2026-03-31,,8000,false,
a03RB00001NsweBYAR,株式会社JR東日本建築設計_2026/04,a0BRB00000ynb6J2AQ,2026/04,2026/04,2026-04-30,,8000,false,
a03RB00001NsweCYAR,株式会社JR東日本建築設計_2026/05,a0BRB00000ynb6J2AQ,2026/05,2026/05,2026-05-31,,8000,false,
a03RB00001NsweDYAR,株式会社JR東日本建築設計_2026/06,a0BRB00000ynb6J2AQ,2026/06,2026/06,2026-06-30,,8000,false,
a03RB00001NsweEYAR,株式会社JR東日本建築設計_2026/07,a0BRB00000ynb6J2AQ,2026/07,2026/07,2026-07-31,,8000,false,
a03RB00001NsweFYAR,株式会社JR東日本建築設計_2026/08,a0BRB00000ynb6J2AQ,2026/08,2026/08,2026-08-31,,8000,false,
a03RB00001NsweGYAR,株式会社JR東日本建築設計_2026/09,a0BRB00000ynb6J2AQ,2026/09,2026/09,2026-09-30,,8000,false,
a03RB00001NsweHYAR,株式会社JR東日本建築設計_2026/10,a0BRB00000ynb6J2AQ,2026/10,2026/10,2026-10-31,,8000,false,
a03RB00001NsweIYAR,株式会社JR東日本建築設計_2026/11,a0BRB00000ynb6J2AQ,2026/11,2026/11,2026-11-30,,8000,false,
a03RB00001NsweJYAR,株式会社JR東日本建築設計_2026/12,a0BRB00000ynb6J2AQ,2026/12,2026/12,2026-12-31,,8000,false,
a03RB00001NsweKYAR,株式会社JR東日本建築設計_2027/01,a0BRB00000ynb6J2AQ,2027/01,2027/01,2027-01-31,,8000,false,
a03RB00001NsweLYAR,株式会社JR東日本建築設計_2027/02,a0BRB00000ynb6J2AQ,2027/02,2027/02,2027-02-28,,8000,false,
a03RB00001NsweMYAR,株式会社JR東日本建築設計_2027/03,a0BRB00000ynb6J2AQ,2027/03,2027/03,2027-03-31,,8000,false,
a03RB00001NsweNYAR,大東建託株式会社_2025/08,a0BRB00000ynb6K2AQ,2025/08,2025/08,2025-08-31,,132000,false,
a03RB00001NsweOYAR,大東建託株式会社_2025/09,a0BRB00000ynb6K2AQ,2025/09,2025/09,2025-09-30,,132000,false,
a03RB00001NswePYAR,大東建託株式会社_2025/10,a0BRB00000ynb6K2AQ,2025/10,2025/10,2025-10-31,,132000,false,
a03RB00001NsweQYAR,大東建託株式会社_2025/11,a0BRB00000ynb6K2AQ,2025/11,2025/11,2025-11-30,,132000,false,
a03RB00001NsweRYAR,株式会社 一条工務店_2025/08,a0BRB00000ynb6L2AQ,2025/08,2025/08,2025-08-31,,16000,false,
a03RB00001NsweSYAR,株式会社 一条工務店_2025/09,a0BRB00000ynb6L2AQ,2025/09,2025/09,2025-09-30,,16000,false,
a03RB00001NsweTYAR,株式会社 一条工務店_2025/10,a0BRB00000ynb6L2AQ,2025/10,2025/10,2025-10-31,,16000,false,
a03RB00001NsweUYAR,JOA株式会社_2025/09,a0BRB00000ynb6M2AQ,2025/09,2025/09,2025-09-30,,55000,false,
a03RB00001NsweVYAR,JOA株式会社_2025/10,a0BRB00000ynb6M2AQ,2025/10,2025/10,2025-10-31,,55000,false,
a03RB00001NsweWYAR,JOA株式会社_2025/11,a0BRB00000ynb6M2AQ,2025/11,2025/11,2025-11-30,,55000,false,
a03RB00001NsweXYAR,JOA株式会社_2025/12,a0BRB00000ynb6M2AQ,2025/12,2025/12,2025-12-31,,55000,false,
a03RB00001NsweYYAR,JOA株式会社_2026/01,a0BRB00000ynb6M2AQ,2026/01,2026/01,2026-01-31,,55000,false,
a03RB00001NsweZYAR,JOA株式会社_2026/02,a0BRB00000ynb6M2AQ,2026/02,2026/02,2026-02-28,,55000,false,
a03RB00001NsweaYAB,JOA株式会社_2026/03,a0BRB00000ynb6M2AQ,2026/03,2026/03,2026-03-31,,55000,false,
a03RB00001NswebYAB,JOA株式会社_2026/04,a0BRB00000ynb6M2AQ,2026/04,2026/04,2026-04-30,,55000,false,
a03RB00001NswecYAB,JOA株式会社_2026/05,a0BRB00000ynb6M2AQ,2026/05,2026/05,2026-05-31,,55000,false,
a03RB00001NswedYAB,株式会社B-PROJECT_2025/09,a0BRB00000ynb6N2AQ,2025/09,2025/09,2025-09-30,,66000,false,
a03RB00001NsweeYAB,株式会社B-PROJECT_2025/10,a0BRB00000ynb6N2AQ,2025/10,2025/10,2025-10-31,,66000,false,
a03RB00001NswefYAB,株式会社B-PROJECT_2025/11,a0BRB00000ynb6N2AQ,2025/11,2025/11,2025-11-30,,66000,false,
a03RB00001NswegYAB,株式会社B-PROJECT_2025/12,a0BRB00000ynb6N2AQ,2025/12,2025/12,2025-12-31,,66000,false,
a03RB00001NswehYAB,株式会社B-PROJECT_2026/01,a0BRB00000ynb6N2AQ,2026/01,2026/01,2026-01-31,,66000,false,
a03RB00001NsweiYAB,三井不動産レジデンシャルリース株式会社(ソリューション推進部)_2025/09,a0BRB00000ynb6O2AQ,2025/09,2025/09,2025-09-30,110000,110000,false,true
a03RB00001NswejYAB,三井不動産レジデンシャルリース株式会社(ソリューション推進部)_2025/10,a0BRB00000ynb6O2AQ,2025/10,2025/10,2025-10-31,110000,110000,false,true
a03RB00001NswekYAB,三井不動産レジデンシャルリース株式会社(ソリューション推進部)_2025/11,a0BRB00000ynb6O2AQ,2025/11,2025/11,2025-11-30,110000,110000,false,true
a03RB00001NswelYAB,三井不動産レジデンシャルリース株式会社(ソリューション推進部)_2025/12,a0BRB00000ynb6O2AQ,2025/12,2025/12,2025-12-31,110000,110000,false,true
a03RB00001NswemYAB,三井不動産レジデンシャルリース株式会社(ソリューション推進部)_2026/01,a0BRB00000ynb6O2AQ,2026/01,2026/01,2026-01-31,110000,110000,false,true
a03RB00001NswenYAB,三井不動産レジデンシャルリース株式会社(ソリューション推進部)_2026/02,a0BRB00000ynb6O2AQ,2026/02,2026/02,2026-02-28,110000,110000,false,true
a03RB00001NsweoYAB,三井不動産レジデンシャルリース株式会社(ソリューション推進部)_2026/03,a0BRB00000ynb6O2AQ,2026/03,2026/03,2026-03-31,110000,110000,false,true
a03RB00001NswepYAB,三井不動産レジデンシャルリース株式会社(ソリューション推進部)_2026/04,a0BRB00000ynb6O2AQ,2026/04,2026/04,2026-04-30,132000,132000,false,true
a03RB00001NsweqYAB,三井不動産レジデンシャルリース株式会社(ソリューション推進部)_2026/05,a0BRB00000ynb6O2AQ,2026/05,2026/05,2026-05-31,132000,132000,false,true
a03RB00001NswerYAB,株式会社LIXIL住宅研究所 リノベーション推進室_2025/09,a0BRB00000ynb6P2AQ,2025/09,2025/09,2025-09-30,16000,16000,false,true
a03RB00001NswesYAB,株式会社LIXIL住宅研究所 リノベーション推進室_2025/10,a0BRB00000ynb6P2AQ,2025/10,2025/10,2025-10-31,16000,16000,false,true
a03RB00001NswetYAB,株式会社LIXIL住宅研究所 リノベーション推進室_2025/11,a0BRB00000ynb6P2AQ,2025/11,2025/11,2025-11-30,16000,16000,false,true
a03RB00001NsweuYAB,株式会社LIXIL住宅研究所 リノベーション推進室_2025/12,a0BRB00000ynb6P2AQ,2025/12,2025/12,2025-12-31,16000,16000,false,true
a03RB00001NswevYAB,株式会社LIXIL住宅研究所 リノベーション推進室_2026/01,a0BRB00000ynb6P2AQ,2026/01,2026/01,2026-01-31,16000,16000,false,true
a03RB00001NswewYAB,株式会社LIXIL住宅研究所 リノベーション推進室_2026/02,a0BRB00000ynb6P2AQ,2026/02,2026/02,2026-02-28,16000,16000,false,true
a03RB00001NswexYAB,株式会社LIXIL住宅研究所 リノベーション推進室_2026/03,a0BRB00000ynb6P2AQ,2026/03,2026/03,2026-03-31,8000,8000,false,true
a03RB00001NsweyYAB,株式会社LIXIL住宅研究所 リノベーション推進室_2026/04,a0BRB00000ynb6P2AQ,2026/04,2026/04,2026-04-30,8000,8000,false,true
a03RB00001NswezYAB,株式会社LIXIL住宅研究所 リノベーション推進室_2026/05,a0BRB00000ynb6P2AQ,2026/05,2026/05,2026-05-31,8000,8000,false,true
a03RB00001Nswf0YAB,三菱地所株式会社(DX推進部)_2025/10,a0BRB00000ynb6Q2AQ,2025/10,2025/10,2025-10-31,,16000,false,
a03RB00001Nswf1YAB,三菱地所株式会社(DX推進部)_2025/11,a0BRB00000ynb6Q2AQ,2025/11,2025/11,2025-11-30,,16000,false,
a03RB00001Nswf2YAB,三菱地所株式会社(DX推進部)_2025/12,a0BRB00000ynb6Q2AQ,2025/12,2025/12,2025-12-31,,16000,false,
a03RB00001Nswf3YAB,三菱地所株式会社(DX推進部)_2026/01,a0BRB00000ynb6Q2AQ,2026/01,2026/01,2026-01-31,,16000,false,
a03RB00001Nswf4YAB,三菱地所株式会社(DX推進部)_2026/02,a0BRB00000ynb6Q2AQ,2026/02,2026/02,2026-02-28,,16000,false,
a03RB00001Nswf5YAB,三菱地所株式会社(DX推進部)_2026/03,a0BRB00000ynb6Q2AQ,2026/03,2026/03,2026-03-31,,16000,false,
a03RB00001Nswf6YAB,三菱地所株式会社(DX推進部)_2026/04,a0BRB00000ynb6Q2AQ,2026/04,2026/04,2026-04-30,,16000,false,
a03RB00001Nswf7YAB,三菱地所株式会社(DX推進部)_2026/05,a0BRB00000ynb6Q2AQ,2026/05,2026/05,2026-05-31,,16000,false,
a03RB00001Nswf8YAB,株式会社コスモスイニシア デジタル推進部門_2025/10,a0BRB00000ynb6R2AQ,2025/10,2025/10,2025-10-31,,100000,false,
a03RB00001Nswf9YAB,株式会社コスモスイニシア デジタル推進部門_2025/11,a0BRB00000ynb6R2AQ,2025/11,2025/11,2025-11-30,,100000,false,
a03RB00001NswfAYAR,株式会社コスモスイニシア デジタル推進部門_2025/12,a0BRB00000ynb6R2AQ,2025/12,2025/12,2025-12-31,,100000,false,
a03RB00001NswfBYAR,株式会社コスモスイニシア デジタル推進部門_2026/01,a0BRB00000ynb6R2AQ,2026/01,2026/01,2026-01-31,,100000,false,
a03RB00001NswfCYAR,株式会社コスモスイニシア デジタル推進部門_2026/02,a0BRB00000ynb6R2AQ,2026/02,2026/02,2026-02-28,,100000,false,
a03RB00001NswfDYAR,株式会社コスモスイニシア デジタル推進部門_2026/03,a0BRB00000ynb6R2AQ,2026/03,2026/03,2026-03-31,,100000,false,
a03RB00001NswfEYAR,株式会社コスモスイニシア 建築本部_2025/10,a0BRB00000ynb6S2AQ,2025/10,2025/10,2025-10-31,,77000,false,
a03RB00001NswfFYAR,株式会社コスモスイニシア 建築本部_2025/11,a0BRB00000ynb6S2AQ,2025/11,2025/11,2025-11-30,,77000,false,
a03RB00001NswfGYAR,株式会社コスモスイニシア 建築本部_2025/12,a0BRB00000ynb6S2AQ,2025/12,2025/12,2025-12-31,,77000,false,
a03RB00001NswfHYAR,株式会社コスモスイニシア 建築本部_2026/01,a0BRB00000ynb6S2AQ,2026/01,2026/01,2026-01-31,,77000,false,
a03RB00001NswfIYAR,株式会社コスモスイニシア 建築本部_2026/02,a0BRB00000ynb6S2AQ,2026/02,2026/02,2026-02-28,,77000,false,
a03RB00001NswfJYAR,株式会社コスモスイニシア 建築本部_2026/03,a0BRB00000ynb6S2AQ,2026/03,2026/03,2026-03-31,,77000,false,
a03RB00001NswfKYAR,株式会社コスモスイニシア 建築本部_2026/04,a0BRB00000ynb6S2AQ,2026/04,2026/04,2026-04-30,,98000,false,
a03RB00001NswfLYAR,株式会社コスモスイニシア 建築本部_2026/05,a0BRB00000ynb6S2AQ,2026/05,2026/05,2026-05-31,,98000,false,
a03RB00001NswfMYAR,株式会社コスモスイニシア 建築本部_2026/06,a0BRB00000ynb6S2AQ,2026/06,2026/06,2026-06-30,,98000,false,
a03RB00001NswfNYAR,株式会社コスモスイニシア 建築本部_2026/07,a0BRB00000ynb6S2AQ,2026/07,2026/07,2026-07-31,,98000,false,
a03RB00001NswfOYAR,株式会社コスモスイニシア 建築本部_2026/08,a0BRB00000ynb6S2AQ,2026/08,2026/08,2026-08-31,,98000,false,
a03RB00001NswfPYAR,株式会社コスモスイニシア 建築本部_2026/09,a0BRB00000ynb6S2AQ,2026/09,2026/09,2026-09-30,,98000,false,
a03RB00001NswfQYAR,株式会社コスモスイニシア 建築本部_2026/10,a0BRB00000ynb6S2AQ,2026/10,2026/10,2026-10-31,,98000,false,
a03RB00001NswfRYAR,株式会社コスモスイニシア 建築本部_2026/11,a0BRB00000ynb6S2AQ,2026/11,2026/11,2026-11-30,,98000,false,
a03RB00001NswfSYAR,株式会社コスモスイニシア 建築本部_2026/12,a0BRB00000ynb6S2AQ,2026/12,2026/12,2026-12-31,,98000,false,
a03RB00001NswfTYAR,株式会社コスモスイニシア 建築本部_2027/01,a0BRB00000ynb6S2AQ,2027/01,2027/01,2027-01-31,,98000,false,
a03RB00001NswfUYAR,株式会社コスモスイニシア 建築本部_2027/02,a0BRB00000ynb6S2AQ,2027/02,2027/02,2027-02-28,,98000,false,
a03RB00001NswfVYAR,株式会社コスモスイニシア 建築本部_2027/03,a0BRB00000ynb6S2AQ,2027/03,2027/03,2027-03-31,,98000,false,
a03RB00001NswfWYAR,株式会社コスモスイニシア 建築本部(セキュリティオプション年払い）_2026/04,a0BRB00000ynb6T2AQ,2026/04,2026/04,2026-04-30,,70000,false,
a03RB00001NswfXYAR,株式会社コスモスイニシア 建築本部(セキュリティオプション年払い）_2026/05,a0BRB00000ynb6T2AQ,2026/05,2026/05,2026-05-31,,70000,false,
a03RB00001NswfYYAR,株式会社コスモスイニシア 建築本部(セキュリティオプション年払い）_2026/06,a0BRB00000ynb6T2AQ,2026/06,2026/06,2026-06-30,,70000,false,
a03RB00001NswfZYAR,株式会社コスモスイニシア 建築本部(セキュリティオプション年払い）_2026/07,a0BRB00000ynb6T2AQ,2026/07,2026/07,2026-07-31,,70000,false,
a03RB00001NswfaYAB,株式会社コスモスイニシア 建築本部(セキュリティオプション年払い）_2026/08,a0BRB00000ynb6T2AQ,2026/08,2026/08,2026-08-31,,70000,false,
a03RB00001NswfbYAB,株式会社コスモスイニシア 建築本部(セキュリティオプション年払い）_2026/09,a0BRB00000ynb6T2AQ,2026/09,2026/09,2026-09-30,,70000,false,
a03RB00001NswfcYAB,株式会社コスモスイニシア 建築本部(セキュリティオプション年払い）_2026/10,a0BRB00000ynb6T2AQ,2026/10,2026/10,2026-10-31,,70000,false,
a03RB00001NswfdYAB,株式会社コスモスイニシア 建築本部(セキュリティオプション年払い）_2026/11,a0BRB00000ynb6T2AQ,2026/11,2026/11,2026-11-30,,70000,false,
a03RB00001NswfeYAB,株式会社コスモスイニシア 建築本部(セキュリティオプション年払い）_2026/12,a0BRB00000ynb6T2AQ,2026/12,2026/12,2026-12-31,,70000,false,
a03RB00001NswffYAB,株式会社コスモスイニシア 建築本部(セキュリティオプション年払い）_2027/01,a0BRB00000ynb6T2AQ,2027/01,2027/01,2027-01-31,,70000,false,
a03RB00001NswfgYAB,株式会社コスモスイニシア 建築本部(セキュリティオプション年払い）_2027/02,a0BRB00000ynb6T2AQ,2027/02,2027/02,2027-02-28,,70000,false,
a03RB00001NswfhYAB,株式会社コスモスイニシア 建築本部(セキュリティオプション年払い）_2027/03,a0BRB00000ynb6T2AQ,2027/03,2027/03,2027-03-31,,70000,false,
a03RB00001NswfiYAB,株式会社コスモスイニシア 事業本部（流通事業）_2025/10,a0BRB00000ynb6U2AQ,2025/10,2025/10,2025-10-31,,33000,false,
a03RB00001NswfjYAB,株式会社コスモスイニシア 事業本部（流通事業）_2025/11,a0BRB00000ynb6U2AQ,2025/11,2025/11,2025-11-30,,33000,false,
a03RB00001NswfkYAB,株式会社コスモスイニシア 事業本部（流通事業）_2025/12,a0BRB00000ynb6U2AQ,2025/12,2025/12,2025-12-31,,33000,false,
a03RB00001NswflYAB,株式会社コスモスイニシア 事業本部（流通事業）_2026/01,a0BRB00000ynb6U2AQ,2026/01,2026/01,2026-01-31,,33000,false,
a03RB00001NswfmYAB,株式会社コスモスイニシア 事業本部（流通事業）_2026/02,a0BRB00000ynb6U2AQ,2026/02,2026/02,2026-02-28,,33000,false,
a03RB00001NswfnYAB,株式会社コスモスイニシア 事業本部（流通事業）_2026/03,a0BRB00000ynb6U2AQ,2026/03,2026/03,2026-03-31,,33000,false,
a03RB00001NswfoYAB,株式会社コスモスイニシア 事業本部（流通事業）_2026/04,a0BRB00000ynb6U2AQ,2026/04,2026/04,2026-04-30,,42000,false,
a03RB00001NswfpYAB,株式会社コスモスイニシア 事業本部（流通事業）_2026/05,a0BRB00000ynb6U2AQ,2026/05,2026/05,2026-05-31,,42000,false,
a03RB00001NswfqYAB,株式会社コスモスイニシア 事業本部（流通事業）_2026/06,a0BRB00000ynb6U2AQ,2026/06,2026/06,2026-06-30,,42000,false,
a03RB00001NswfrYAB,株式会社コスモスイニシア 事業本部（流通事業）_2026/07,a0BRB00000ynb6U2AQ,2026/07,2026/07,2026-07-31,,42000,false,
a03RB00001NswfsYAB,株式会社コスモスイニシア 事業本部（流通事業）_2026/08,a0BRB00000ynb6U2AQ,2026/08,2026/08,2026-08-31,,42000,false,
a03RB00001NswftYAB,株式会社コスモスイニシア 事業本部（流通事業）_2026/09,a0BRB00000ynb6U2AQ,2026/09,2026/09,2026-09-30,,42000,false,
a03RB00001NswfuYAB,株式会社コスモスイニシア 事業本部（流通事業）_2026/10,a0BRB00000ynb6U2AQ,2026/10,2026/10,2026-10-31,,42000,false,
a03RB00001NswfvYAB,株式会社コスモスイニシア 事業本部（流通事業）_2026/11,a0BRB00000ynb6U2AQ,2026/11,2026/11,2026-11-30,,42000,false,
a03RB00001NswfwYAB,株式会社コスモスイニシア 事業本部（流通事業）_2026/12,a0BRB00000ynb6U2AQ,2026/12,2026/12,2026-12-31,,42000,false,
a03RB00001NswfxYAB,株式会社コスモスイニシア 事業本部（流通事業）_2027/01,a0BRB00000ynb6U2AQ,2027/01,2027/01,2027-01-31,,42000,false,
a03RB00001NswfyYAB,株式会社コスモスイニシア 事業本部（流通事業）_2027/02,a0BRB00000ynb6U2AQ,2027/02,2027/02,2027-02-28,,42000,false,
a03RB00001NswfzYAB,株式会社コスモスイニシア 事業本部（流通事業）_2027/03,a0BRB00000ynb6U2AQ,2027/03,2027/03,2027-03-31,,42000,false,
a03RB00001Nswg0YAB,株式会社コスモスイニシア 流通事業部(セキュリティオプション年払い）_2026/04,a0BRB00000ynb6V2AQ,2026/04,2026/04,2026-04-30,,30000,false,
a03RB00001Nswg1YAB,株式会社コスモスイニシア 流通事業部(セキュリティオプション年払い）_2026/05,a0BRB00000ynb6V2AQ,2026/05,2026/05,2026-05-31,,30000,false,
a03RB00001Nswg2YAB,株式会社コスモスイニシア 流通事業部(セキュリティオプション年払い）_2026/06,a0BRB00000ynb6V2AQ,2026/06,2026/06,2026-06-30,,30000,false,
a03RB00001Nswg3YAB,株式会社コスモスイニシア 流通事業部(セキュリティオプション年払い）_2026/07,a0BRB00000ynb6V2AQ,2026/07,2026/07,2026-07-31,,30000,false,
a03RB00001Nswg4YAB,株式会社コスモスイニシア 流通事業部(セキュリティオプション年払い）_2026/08,a0BRB00000ynb6V2AQ,2026/08,2026/08,2026-08-31,,30000,false,
a03RB00001Nswg5YAB,株式会社コスモスイニシア 流通事業部(セキュリティオプション年払い）_2026/09,a0BRB00000ynb6V2AQ,2026/09,2026/09,2026-09-30,,30000,false,
a03RB00001Nswg6YAB,株式会社コスモスイニシア 流通事業部(セキュリティオプション年払い）_2026/10,a0BRB00000ynb6V2AQ,2026/10,2026/10,2026-10-31,,30000,false,
a03RB00001Nswg7YAB,株式会社コスモスイニシア 流通事業部(セキュリティオプション年払い）_2026/11,a0BRB00000ynb6V2AQ,2026/11,2026/11,2026-11-30,,30000,false,
a03RB00001Nswg8YAB,株式会社コスモスイニシア 流通事業部(セキュリティオプション年払い）_2026/12,a0BRB00000ynb6V2AQ,2026/12,2026/12,2026-12-31,,30000,false,
a03RB00001Nswg9YAB,株式会社コスモスイニシア 流通事業部(セキュリティオプション年払い）_2027/01,a0BRB00000ynb6V2AQ,2027/01,2027/01,2027-01-31,,30000,false,
a03RB00001NswgAYAR,株式会社コスモスイニシア 流通事業部(セキュリティオプション年払い）_2027/02,a0BRB00000ynb6V2AQ,2027/02,2027/02,2027-02-28,,30000,false,
a03RB00001NswgBYAR,株式会社コスモスイニシア 流通事業部(セキュリティオプション年払い）_2027/03,a0BRB00000ynb6V2AQ,2027/03,2027/03,2027-03-31,,30000,false,
a03RB00001NswgCYAR,大塚商会（大和財宅）_2025/09,a0BRB00000ynb6W2AQ,2025/09,2025/09,2025-09-30,88000,88000,false,true
a03RB00001NswgDYAR,大塚商会（大和財宅）_2025/10,a0BRB00000ynb6W2AQ,2025/10,2025/10,2025-10-31,88000,88000,false,true
a03RB00001NswgEYAR,大塚商会（大和財宅）_2025/11,a0BRB00000ynb6W2AQ,2025/11,2025/11,2025-11-30,88000,88000,false,true
a03RB00001NswgFYAR,大塚商会（大和財宅）_2025/12,a0BRB00000ynb6W2AQ,2025/12,2025/12,2025-12-31,88000,88000,false,true
a03RB00001NswgGYAR,大塚商会（大和財宅）_2026/01,a0BRB00000ynb6W2AQ,2026/01,2026/01,2026-01-31,88000,88000,false,true
a03RB00001NswgHYAR,大塚商会（大和財宅）_2026/02,a0BRB00000ynb6W2AQ,2026/02,2026/02,2026-02-28,88000,88000,false,true
a03RB00001NswgIYAR,大塚商会（大和財宅）_2026/03,a0BRB00000ynb6W2AQ,2026/03,2026/03,2026-03-31,88000,88000,false,true
a03RB00001NswgJYAR,大塚商会（大和財宅）_2026/04,a0BRB00000ynb6W2AQ,2026/04,2026/04,2026-04-30,88000,88000,false,true
a03RB00001NswgKYAR,大塚商会（大和財宅）_2026/05,a0BRB00000ynb6W2AQ,2026/05,2026/05,2026-05-31,88000,88000,false,true
a03RB00001NswgLYAR,大塚商会（大和財宅）_2026/06,a0BRB00000ynb6W2AQ,2026/06,2026/06,2026-06-30,88000,88000,false,true
a03RB00001NswgMYAR,大塚商会（大和財宅）_2026/07,a0BRB00000ynb6W2AQ,2026/07,2026/07,2026-07-31,88000,88000,false,true
a03RB00001NswgNYAR,大塚商会（大和財宅）_2026/08,a0BRB00000ynb6W2AQ,2026/08,2026/08,2026-08-31,88000,88000,false,true
a03RB00001NswgOYAR,株式会社アットオフィス デザイン企画部_2025/10,a0BRB00000ynb6X2AQ,2025/10,2025/10,2025-10-31,,55000,false,
a03RB00001NswgPYAR,株式会社アットオフィス デザイン企画部_2025/11,a0BRB00000ynb6X2AQ,2025/11,2025/11,2025-11-30,,,false,
a03RB00001NswgQYAR,株式会社アットオフィス デザイン企画部_2025/12,a0BRB00000ynb6X2AQ,2025/12,2025/12,2025-12-31,,110000,false,
a03RB00001NswgRYAR,株式会社アットオフィス デザイン企画部_2026/01,a0BRB00000ynb6X2AQ,2026/01,2026/01,2026-01-31,,55000,false,
a03RB00001NswgSYAR,生和コーポレーション株式会社_2025/11,a0BRB00000ynb6Y2AQ,2025/11,2025/11,2025-11-30,,52800,false,
a03RB00001NswgTYAR,生和コーポレーション株式会社_2025/12,a0BRB00000ynb6Y2AQ,2025/12,2025/12,2025-12-31,,,false,
a03RB00001NswgUYAR,生和コーポレーション株式会社_2026/01,a0BRB00000ynb6Y2AQ,2026/01,2026/01,2026-01-31,,,false,
a03RB00001NswgVYAR,生和コーポレーション株式会社_2026/02,a0BRB00000ynb6Y2AQ,2026/02,2026/02,2026-02-28,,,false,
a03RB00001NswgWYAR,生和コーポレーション株式会社_2026/03,a0BRB00000ynb6Y2AQ,2026/03,2026/03,2026-03-31,,,false,
a03RB00001NswgXYAR,生和コーポレーション株式会社_2026/04,a0BRB00000ynb6Y2AQ,2026/04,2026/04,2026-04-30,,8000,false,
a03RB00001NswgYYAR,西日本旅客鉄道株式会社 金沢支社 金沢建築区_2025/11,a0BRB00000ynb6Z2AQ,2025/11,2025/11,2025-11-30,,5000,false,
a03RB00001NswgZYAR,西日本旅客鉄道株式会社 金沢支社 金沢建築区_2025/12,a0BRB00000ynb6Z2AQ,2025/12,2025/12,2025-12-31,,5000,false,
a03RB00001NswgaYAB,西日本旅客鉄道株式会社 金沢支社 金沢建築区_2026/01,a0BRB00000ynb6Z2AQ,2026/01,2026/01,2026-01-31,,5000,false,
a03RB00001NswgbYAB,西日本旅客鉄道株式会社 金沢支社 金沢建築区_2026/02,a0BRB00000ynb6Z2AQ,2026/02,2026/02,2026-02-28,,5000,false,
a03RB00001NswgcYAB,西日本旅客鉄道株式会社 金沢支社 金沢建築区_2026/03,a0BRB00000ynb6Z2AQ,2026/03,2026/03,2026-03-31,,5000,false,
a03RB00001NswgdYAB,株式会社三越伊勢丹プロパティデザイン_2026/01,a0BRB00000ynb6a2AA,2026/01,2026/01,2026-01-31,40000,40000,false,true
a03RB00001NswgeYAB,株式会社三越伊勢丹プロパティデザイン_2026/02,a0BRB00000ynb6a2AA,2026/02,2026/02,2026-02-28,40000,40000,false,true
a03RB00001NswgfYAB,株式会社三越伊勢丹プロパティデザイン_2026/03,a0BRB00000ynb6a2AA,2026/03,2026/03,2026-03-31,40000,40000,false,true
a03RB00001NswggYAB,株式会社三越伊勢丹プロパティデザイン_2026/04,a0BRB00000ynb6a2AA,2026/04,2026/04,2026-04-30,40000,40000,false,true
a03RB00001NswghYAB,株式会社三越伊勢丹プロパティデザイン_2026/05,a0BRB00000ynb6a2AA,2026/05,2026/05,2026-05-31,40000,40000,false,true
a03RB00001NswgiYAB,株式会社三越伊勢丹プロパティデザイン_2026/06,a0BRB00000ynb6a2AA,2026/06,2026/06,2026-06-30,48000,48000,false,true
a03RB00001NswgjYAB,豊通ファシリティーズ株式会社 建築・設計部_2026/01,a0BRB00000ynb6b2AA,2026/01,2026/01,2026-01-31,8000,8000,false,true
a03RB00001NswgkYAB,豊通ファシリティーズ株式会社 建築・設計部_2026/02,a0BRB00000ynb6b2AA,2026/02,2026/02,2026-02-28,8000,8000,false,true
a03RB00001NswglYAB,豊通ファシリティーズ株式会社 建築・設計部_2026/03,a0BRB00000ynb6b2AA,2026/03,2026/03,2026-03-31,8000,8000,false,true
a03RB00001NswgmYAB,豊通ファシリティーズ株式会社 建築・設計部_2026/04,a0BRB00000ynb6b2AA,2026/04,2026/04,2026-04-30,8000,8000,false,true
a03RB00001NswgnYAB,豊通ファシリティーズ株式会社 建築・設計部_2026/05,a0BRB00000ynb6b2AA,2026/05,2026/05,2026-05-31,8000,8000,false,true
a03RB00001NswgoYAB,豊通ファシリティーズ株式会社 建築・設計部_2026/06,a0BRB00000ynb6b2AA,2026/06,2026/06,2026-06-30,16000,16000,false,true
a03RB00001NswgpYAB,フロンヴィルホームズ名古屋株式会社_2026/03,a0BRB00000ynb6c2AA,2026/03,2026/03,2026-03-31,8000,8000,false,true
a03RB00001NswgqYAB,フロンヴィルホームズ名古屋株式会社_2026/04,a0BRB00000ynb6c2AA,2026/04,2026/04,2026-04-30,8000,8000,false,true
a03RB00001NswgrYAB,フロンヴィルホームズ名古屋株式会社_2026/05,a0BRB00000ynb6c2AA,2026/05,2026/05,2026-05-31,8000,8000,false,true
a03RB00001NswgsYAB,フロンヴィルホームズ名古屋株式会社_2026/08,a0BRB00000ynb6c2AA,2026/08,2026/08,2026-08-31,20000,20000,false,true
a03RB00001NswgtYAB,大東建託株式会社 商品開発部_2026/01,a0BRB00000ynb6d2AA,2026/01,2026/01,2026-01-31,,24000,false,
a03RB00001NswguYAB,大東建託株式会社 商品開発部_2026/02,a0BRB00000ynb6d2AA,2026/02,2026/02,2026-02-28,,24000,false,
a03RB00001NswgvYAB,大東建託株式会社 商品開発部_2026/03,a0BRB00000ynb6d2AA,2026/03,2026/03,2026-03-31,,24000,false,
a03RB00001NswgwYAB,大東建託株式会社 商品開発部_2026/04,a0BRB00000ynb6d2AA,2026/04,2026/04,2026-04-30,,24000,false,
a03RB00001NswgxYAB,大東建託株式会社 商品開発部_2026/05,a0BRB00000ynb6d2AA,2026/05,2026/05,2026-05-31,,24000,false,
a03RB00001NswgyYAB,大東建託株式会社 商品開発部_2026/06,a0BRB00000ynb6d2AA,2026/06,2026/06,2026-06-30,,24000,false,
a03RB00001NswgzYAB,大東建託株式会社 商品開発部_2026/07,a0BRB00000ynb6d2AA,2026/07,2026/07,2026-07-31,,24000,false,
a03RB00001Nswh0YAB,大東建託株式会社 商品開発部_2026/08,a0BRB00000ynb6d2AA,2026/08,2026/08,2026-08-31,,24000,false,
a03RB00001Nswh1YAB,大東建託株式会社 商品開発部_2026/09,a0BRB00000ynb6d2AA,2026/09,2026/09,2026-09-30,,24000,false,
a03RB00001Nswh2YAB,大東建託株式会社 商品開発部_2026/10,a0BRB00000ynb6d2AA,2026/10,2026/10,2026-10-31,,24000,false,
a03RB00001Nswh3YAB,大東建託株式会社 商品開発部_2026/11,a0BRB00000ynb6d2AA,2026/11,2026/11,2026-11-30,,24000,false,
a03RB00001Nswh4YAB,大東建託株式会社 商品開発部_2026/12,a0BRB00000ynb6d2AA,2026/12,2026/12,2026-12-31,,24000,false,
a03RB00001Nswh5YAB,三菱地所レジデンス株式会社_2026/01,a0BRB00000ynb6e2AA,2026/01,2026/01,2026-01-31,,16000,false,
a03RB00001Nswh6YAB,三菱地所レジデンス株式会社_2026/02,a0BRB00000ynb6e2AA,2026/02,2026/02,2026-02-28,,16000,false,
a03RB00001Nswh7YAB,三菱地所レジデンス株式会社_2026/03,a0BRB00000ynb6e2AA,2026/03,2026/03,2026-03-31,,16000,false,
a03RB00001Nswh8YAB,三菱地所レジデンス株式会社_2026/04,a0BRB00000ynb6e2AA,2026/04,2026/04,2026-04-30,,16000,false,
a03RB00001Nswh9YAB,三菱地所レジデンス株式会社_2026/05,a0BRB00000ynb6e2AA,2026/05,2026/05,2026-05-31,,16000,false,
a03RB00001NswhAYAR,三菱地所レジデンス株式会社_2026/06,a0BRB00000ynb6e2AA,2026/06,2026/06,2026-06-30,,16000,false,
a03RB00001NswhBYAR,三菱地所レジデンス株式会社_2026/08,a0BRB00000ynb6e2AA,2026/08,2026/08,2026-08-31,,140000,false,
a03RB00001NswhCYAR,株式会社石勝エクステリア_2025/10,a0BRB00000ynb6f2AA,2025/10,2025/10,2025-10-31,,100000,false,
a03RB00001NswhDYAR,株式会社石勝エクステリア_2025/11,a0BRB00000ynb6f2AA,2025/11,2025/11,2025-11-30,,100000,false,
a03RB00001NswhEYAR,株式会社石勝エクステリア_2025/12,a0BRB00000ynb6f2AA,2025/12,2025/12,2025-12-31,,110000,false,
a03RB00001NswhFYAR,株式会社石勝エクステリア_2026/01,a0BRB00000ynb6f2AA,2026/01,2026/01,2026-01-31,,110000,false,
a03RB00001NswhGYAR,株式会社石勝エクステリア_2026/02,a0BRB00000ynb6f2AA,2026/02,2026/02,2026-02-28,,110000,false,
a03RB00001NswhHYAR,株式会社石勝エクステリア_2026/03,a0BRB00000ynb6f2AA,2026/03,2026/03,2026-03-31,,110000,false,
a03RB00001NswhIYAR,株式会社石勝エクステリア_2026/04,a0BRB00000ynb6f2AA,2026/04,2026/04,2026-04-30,,100000,false,
a03RB00001NswhJYAR,株式会社石勝エクステリア_2026/05,a0BRB00000ynb6f2AA,2026/05,2026/05,2026-05-31,,100000,false,
a03RB00001NswhKYAR,株式会社石勝エクステリア_2026/06,a0BRB00000ynb6f2AA,2026/06,2026/06,2026-06-30,,100000,false,
a03RB00001NswhLYAR,株式会社石勝エクステリア_2026/07,a0BRB00000ynb6f2AA,2026/07,2026/07,2026-07-31,,100000,false,
a03RB00001NswhMYAR,株式会社石勝エクステリア_2026/08,a0BRB00000ynb6f2AA,2026/08,2026/08,2026-08-31,,100000,false,
a03RB00001NswhNYAR,株式会社石勝エクステリア_2026/09,a0BRB00000ynb6f2AA,2026/09,2026/09,2026-09-30,,100000,false,
a03RB00001NswhOYAR,株式会社石勝エクステリア_2026/10,a0BRB00000ynb6f2AA,2026/10,2026/10,2026-10-31,,100000,false,
a03RB00001NswhPYAR,株式会社石勝エクステリア_2026/11,a0BRB00000ynb6f2AA,2026/11,2026/11,2026-11-30,,100000,false,
a03RB00001NswhQYAR,株式会社石勝エクステリア_2026/12,a0BRB00000ynb6f2AA,2026/12,2026/12,2026-12-31,,100000,false,
a03RB00001NswhRYAR,株式会社石勝エクステリア_2027/01,a0BRB00000ynb6f2AA,2027/01,2027/01,2027-01-31,,100000,false,
a03RB00001NswhSYAR,株式会社石勝エクステリア_2027/02,a0BRB00000ynb6f2AA,2027/02,2027/02,2027-02-28,,100000,false,
a03RB00001NswhTYAR,株式会社石勝エクステリア_2027/03,a0BRB00000ynb6f2AA,2027/03,2027/03,2027-03-31,,100000,false,
a03RB00001NswhUYAR,株式会社フジタ（調達本部 インテリア・ソリューション統括部 インテリア部）_2026/02,a0BRB00000ynb6g2AA,2026/02,2026/02,2026-02-28,,75000,false,
a03RB00001NswhVYAR,株式会社フジタ（調達本部 インテリア・ソリューション統括部 インテリア部）_2026/03,a0BRB00000ynb6g2AA,2026/03,2026/03,2026-03-31,,75000,false,
a03RB00001NswhWYAR,株式会社フジタ（調達本部 インテリア・ソリューション統括部 インテリア部）_2026/04,a0BRB00000ynb6g2AA,2026/04,2026/04,2026-04-30,,70000,false,
a03RB00001NswhXYAR,株式会社フジタ（調達本部 インテリア・ソリューション統括部 インテリア部）_2026/05,a0BRB00000ynb6g2AA,2026/05,2026/05,2026-05-31,,70000,false,
a03RB00001NswhYYAR,株式会社フジタ（調達本部 インテリア・ソリューション統括部 インテリア部）_2026/06,a0BRB00000ynb6g2AA,2026/06,2026/06,2026-06-30,,70000,false,
a03RB00001NswhZYAR,株式会社フジタ（調達本部 インテリア・ソリューション統括部 インテリア部）_2026/07,a0BRB00000ynb6g2AA,2026/07,2026/07,2026-07-31,,70000,false,
a03RB00001NswhaYAB,株式会社フジタ（調達本部 インテリア・ソリューション統括部 インテリア部）_2026/08,a0BRB00000ynb6g2AA,2026/08,2026/08,2026-08-31,,70000,false,
a03RB00001NswhbYAB,株式会社フジタ（調達本部 インテリア・ソリューション統括部 インテリア部）_2026/09,a0BRB00000ynb6g2AA,2026/09,2026/09,2026-09-30,,70000,false,
a03RB00001NswhcYAB,株式会社フジタ（調達本部 インテリア・ソリューション統括部 インテリア部）_2026/10,a0BRB00000ynb6g2AA,2026/10,2026/10,2026-10-31,,70000,false,
a03RB00001NswhdYAB,株式会社フジタ（調達本部 インテリア・ソリューション統括部 インテリア部）_2026/11,a0BRB00000ynb6g2AA,2026/11,2026/11,2026-11-30,,70000,false,
a03RB00001NswheYAB,株式会社フジタ（調達本部 インテリア・ソリューション統括部 インテリア部）_2026/12,a0BRB00000ynb6g2AA,2026/12,2026/12,2026-12-31,,70000,false,
a03RB00001NswhfYAB,株式会社フジタ（調達本部 インテリア・ソリューション統括部 インテリア部）_2027/01,a0BRB00000ynb6g2AA,2027/01,2027/01,2027-01-31,,70000,false,
a03RB00001NswhgYAB,株式会社フジタ（調達本部 インテリア・ソリューション統括部 インテリア部）_2027/02,a0BRB00000ynb6g2AA,2027/02,2027/02,2027-02-28,,70000,false,
a03RB00001NswhhYAB,株式会社フジタ（調達本部 インテリア・ソリューション統括部 インテリア部）_2027/03,a0BRB00000ynb6g2AA,2027/03,2027/03,2027-03-31,,70000,false,
a03RB00001NswhiYAB,（三ヶ月のみ契約）前田建設工業株式会社_2026/01,a0BRB00000ynb6h2AA,2026/01,2026/01,2026-01-31,,75000,false,
a03RB00001NswhjYAB,（三ヶ月のみ契約）前田建設工業株式会社_2026/02,a0BRB00000ynb6h2AA,2026/02,2026/02,2026-02-28,,75000,false,
a03RB00001NswhkYAB,（三ヶ月のみ契約）前田建設工業株式会社_2026/03,a0BRB00000ynb6h2AA,2026/03,2026/03,2026-03-31,,75000,false,
a03RB00001NswhlYAB,ジーク株式会社_2026/02,a0BRB00000ynb6i2AA,2026/02,2026/02,2026-02-28,,70000,false,false
a03RB00001NswhmYAB,ジーク株式会社_2026/03,a0BRB00000ynb6i2AA,2026/03,2026/03,2026-03-31,,70000,false,false
a03RB00001NswhnYAB,ジーク株式会社_2026/04,a0BRB00000ynb6i2AA,2026/04,2026/04,2026-04-30,,70000,false,false
a03RB00001NswhoYAB,ジーク株式会社_2026/05,a0BRB00000ynb6i2AA,2026/05,2026/05,2026-05-31,,70000,false,false
a03RB00001NswhpYAB,ジーク株式会社_2026/06,a0BRB00000ynb6i2AA,2026/06,2026/06,2026-06-30,,70000,false,false
a03RB00001NswhqYAB,ジーク株式会社_2026/07,a0BRB00000ynb6i2AA,2026/07,2026/07,2026-07-31,,70000,false,false
a03RB00001NswhrYAB,ジーク株式会社_2026/08,a0BRB00000ynb6i2AA,2026/08,2026/08,2026-08-31,,70000,false,false
a03RB00001NswhsYAB,ジーク株式会社_2026/09,a0BRB00000ynb6i2AA,2026/09,2026/09,2026-09-30,,70000,false,false
a03RB00001NswhtYAB,ジーク株式会社_2026/10,a0BRB00000ynb6i2AA,2026/10,2026/10,2026-10-31,,70000,false,false
a03RB00001NswhuYAB,ジーク株式会社_2026/11,a0BRB00000ynb6i2AA,2026/11,2026/11,2026-11-30,,70000,false,false
a03RB00001NswhvYAB,ジーク株式会社_2026/12,a0BRB00000ynb6i2AA,2026/12,2026/12,2026-12-31,,70000,false,false
a03RB00001NswhwYAB,ジーク株式会社_2027/01,a0BRB00000ynb6i2AA,2027/01,2027/01,2027-01-31,,70000,false,false
a03RB00001NswhxYAB,株式会社アールシーコア_2026/01,a0BRB00000ynb6j2AA,2026/01,2026/01,2026-01-31,,150000,false,
a03RB00001NswhyYAB,株式会社アールシーコア_2026/02,a0BRB00000ynb6j2AA,2026/02,2026/02,2026-02-28,,150000,false,
a03RB00001NswhzYAB,株式会社アールシーコア_2026/04,a0BRB00000ynb6j2AA,2026/04,2026/04,2026-04-30,,150000,false,
a03RB00001Nswi0YAB,株式会社アールシーコア_2026/05,a0BRB00000ynb6j2AA,2026/05,2026/05,2026-05-31,,150000,false,
a03RB00001Nswi1YAB,株式会社錢高組_2026/02,a0BRB00000ynb6k2AA,2026/02,2026/02,2026-02-28,24000,24000,false,true
a03RB00001Nswi2YAB,株式会社錢高組_2026/03,a0BRB00000ynb6k2AA,2026/03,2026/03,2026-03-31,24000,24000,false,true
a03RB00001Nswi3YAB,株式会社錢高組_2026/04,a0BRB00000ynb6k2AA,2026/04,2026/04,2026-04-30,24000,24000,false,true
a03RB00001Nswi4YAB,株式会社錢高組_2026/05,a0BRB00000ynb6k2AA,2026/05,2026/05,2026-05-31,24000,24000,false,true
a03RB00001Nswi5YAB,日鉄興和不動産株式会社_2026/02,a0BRB00000ynb6l2AA,2026/02,2026/02,2026-02-28,,195000,false,
a03RB00001Nswi6YAB,日鉄興和不動産株式会社_2026/03,a0BRB00000ynb6l2AA,2026/03,2026/03,2026-03-31,,195000,false,
a03RB00001Nswi7YAB,日鉄興和不動産株式会社_2026/05,a0BRB00000ynb6l2AA,2026/05,2026/05,2026-05-31,,140000,false,
a03RB00001Nswi8YAB,日鉄興和不動産株式会社_2026/06,a0BRB00000ynb6l2AA,2026/06,2026/06,2026-06-30,,140000,false,
a03RB00001Nswi9YAB,日鉄興和不動産株式会社_2026/07,a0BRB00000ynb6l2AA,2026/07,2026/07,2026-07-31,,140000,false,
a03RB00001NswiAYAR,日鉄興和不動産株式会社_2026/08,a0BRB00000ynb6l2AA,2026/08,2026/08,2026-08-31,,140000,false,
a03RB00001NswiBYAR,日鉄興和不動産株式会社_2026/09,a0BRB00000ynb6l2AA,2026/09,2026/09,2026-09-30,,140000,false,
a03RB00001NswiCYAR,日鉄興和不動産株式会社_2026/10,a0BRB00000ynb6l2AA,2026/10,2026/10,2026-10-31,,140000,false,
a03RB00001NswiDYAR,日鉄興和不動産株式会社_2026/11,a0BRB00000ynb6l2AA,2026/11,2026/11,2026-11-30,,140000,false,
a03RB00001NswiEYAR,日鉄興和不動産株式会社_2026/12,a0BRB00000ynb6l2AA,2026/12,2026/12,2026-12-31,,140000,false,
a03RB00001NswiFYAR,日鉄興和不動産株式会社_2027/01,a0BRB00000ynb6l2AA,2027/01,2027/01,2027-01-31,,140000,false,
a03RB00001NswiGYAR,日鉄興和不動産株式会社_2027/02,a0BRB00000ynb6l2AA,2027/02,2027/02,2027-02-28,,140000,false,
a03RB00001NswiHYAR,日鉄興和不動産株式会社_2027/03,a0BRB00000ynb6l2AA,2027/03,2027/03,2027-03-31,,140000,false,
a03RB00001NswiIYAR,日鉄興和不動産株式会社_2027/04,a0BRB00000ynb6l2AA,2027/04,2027/04,2027-04-30,,140000,false,
a03RB00001NswiJYAR,株式会社石勝エクステリア(シングルサインオン分）_2025/10,a0BRB00000ynb6m2AA,2025/10,2025/10,2025-10-31,,30000,false,
a03RB00001NswiKYAR,株式会社石勝エクステリア(シングルサインオン分）_2025/11,a0BRB00000ynb6m2AA,2025/11,2025/11,2025-11-30,,30000,false,
a03RB00001NswiLYAR,株式会社石勝エクステリア(シングルサインオン分）_2025/12,a0BRB00000ynb6m2AA,2025/12,2025/12,2025-12-31,,30000,false,
a03RB00001NswiMYAR,株式会社石勝エクステリア(シングルサインオン分）_2026/01,a0BRB00000ynb6m2AA,2026/01,2026/01,2026-01-31,,30000,false,
a03RB00001NswiNYAR,株式会社石勝エクステリア(シングルサインオン分）_2026/02,a0BRB00000ynb6m2AA,2026/02,2026/02,2026-02-28,,30000,false,
a03RB00001NswiOYAR,株式会社石勝エクステリア(シングルサインオン分）_2026/03,a0BRB00000ynb6m2AA,2026/03,2026/03,2026-03-31,,30000,false,
a03RB00001NswiPYAR,株式会社石勝エクステリア(シングルサインオン分）_2026/04,a0BRB00000ynb6m2AA,2026/04,2026/04,2026-04-30,,30000,false,
a03RB00001NswiQYAR,株式会社石勝エクステリア(シングルサインオン分）_2026/05,a0BRB00000ynb6m2AA,2026/05,2026/05,2026-05-31,,30000,false,
a03RB00001NswiRYAR,株式会社石勝エクステリア(シングルサインオン分）_2026/06,a0BRB00000ynb6m2AA,2026/06,2026/06,2026-06-30,,30000,false,
a03RB00001NswiSYAR,株式会社石勝エクステリア(シングルサインオン分）_2026/07,a0BRB00000ynb6m2AA,2026/07,2026/07,2026-07-31,,30000,false,
a03RB00001NswiTYAR,株式会社石勝エクステリア(シングルサインオン分）_2026/08,a0BRB00000ynb6m2AA,2026/08,2026/08,2026-08-31,,30000,false,
a03RB00001NswiUYAR,株式会社石勝エクステリア(シングルサインオン分）_2026/09,a0BRB00000ynb6m2AA,2026/09,2026/09,2026-09-30,,30000,false,
a03RB00001NswiVYAR,株式会社石勝エクステリア(シングルサインオン分）_2026/10,a0BRB00000ynb6m2AA,2026/10,2026/10,2026-10-31,,30000,false,
a03RB00001NswiWYAR,株式会社石勝エクステリア(シングルサインオン分）_2026/11,a0BRB00000ynb6m2AA,2026/11,2026/11,2026-11-30,,30000,false,
a03RB00001NswiXYAR,株式会社石勝エクステリア(シングルサインオン分）_2026/12,a0BRB00000ynb6m2AA,2026/12,2026/12,2026-12-31,,30000,false,
a03RB00001NswiYYAR,株式会社石勝エクステリア(シングルサインオン分）_2027/01,a0BRB00000ynb6m2AA,2027/01,2027/01,2027-01-31,,30000,false,
a03RB00001NswiZYAR,株式会社石勝エクステリア(シングルサインオン分）_2027/02,a0BRB00000ynb6m2AA,2027/02,2027/02,2027-02-28,,30000,false,
a03RB00001NswiaYAB,株式会社石勝エクステリア(シングルサインオン分）_2027/03,a0BRB00000ynb6m2AA,2027/03,2027/03,2027-03-31,,30000,false,
a03RB00001NswibYAB,株式会社アールシーコア(セキュリティオプション月額）_2026/01,a0BRB00000ynb6n2AA,2026/01,2026/01,2026-01-31,,100000,false,
a03RB00001NswicYAB,株式会社アールシーコア(セキュリティオプション月額）_2026/02,a0BRB00000ynb6n2AA,2026/02,2026/02,2026-02-28,,100000,false,
a03RB00001NswidYAB,株式会社アールシーコア(セキュリティオプション月額）_2026/03,a0BRB00000ynb6n2AA,2026/03,2026/03,2026-03-31,,100000,false,
a03RB00001NswieYAB,株式会社アールシーコア(セキュリティオプション月額）_2026/04,a0BRB00000ynb6n2AA,2026/04,2026/04,2026-04-30,,100000,false,
a03RB00001NswifYAB,株式会社アールシーコア(セキュリティオプション月額）_2026/05,a0BRB00000ynb6n2AA,2026/05,2026/05,2026-05-31,,100000,false,
a03RB00001NswigYAB,Phantom株式会社_2026/02,a0BRB00000ynb6o2AA,2026/02,2026/02,2026-02-28,16000,16000,false,true
a03RB00001NswihYAB,Phantom株式会社_2026/03,a0BRB00000ynb6o2AA,2026/03,2026/03,2026-03-31,16000,16000,false,true
a03RB00001NswiiYAB,Phantom株式会社_2026/04,a0BRB00000ynb6o2AA,2026/04,2026/04,2026-04-30,16000,16000,false,true
a03RB00001NswijYAB,Phantom株式会社_2026/05,a0BRB00000ynb6o2AA,2026/05,2026/05,2026-05-31,16000,16000,false,true
a03RB00001NswikYAB,大東建託株式会社 流通設計部_2026/02,a0BRB00000ynb6p2AA,2026/02,2026/02,2026-02-28,,15000,false,
a03RB00001NswilYAB,野村不動産株式会社_2026/04,a0BRB00000ynb6q2AA,2026/04,2026/04,2026-04-30,,150000,false,
a03RB00001NswimYAB,野村不動産株式会社_2026/05,a0BRB00000ynb6q2AA,2026/05,2026/05,2026-05-31,,150000,false,
a03RB00001NswinYAB,野村不動産株式会社_2026/06,a0BRB00000ynb6q2AA,2026/06,2026/06,2026-06-30,,150000,false,
a03RB00001NswioYAB,野村不動産株式会社（シングルサインオン分）_2026/04,a0BRB00000ynb6r2AA,2026/04,2026/04,2026-04-30,,30000,false,
a03RB00001NswipYAB,野村不動産株式会社（シングルサインオン分）_2026/05,a0BRB00000ynb6r2AA,2026/05,2026/05,2026-05-31,,30000,false,
a03RB00001NswiqYAB,野村不動産株式会社（シングルサインオン分）_2026/06,a0BRB00000ynb6r2AA,2026/06,2026/06,2026-06-30,,30000,false,
a03RB00001NswirYAB,株式会社トーケン_2026/03,a0BRB00000ynb6s2AA,2026/03,2026/03,2026-03-31,,80000,false,
a03RB00001NswisYAB,株式会社トーケン_2026/04,a0BRB00000ynb6s2AA,2026/04,2026/04,2026-04-30,,80000,false,
a03RB00001NswitYAB,株式会社トーケン_2026/05,a0BRB00000ynb6s2AA,2026/05,2026/05,2026-05-31,,80000,false,
a03RB00001NswiuYAB,株式会社トーケン_2026/06,a0BRB00000ynb6s2AA,2026/06,2026/06,2026-06-30,,80000,false,
a03RB00001NswivYAB,株式会社トーケン_2026/07,a0BRB00000ynb6s2AA,2026/07,2026/07,2026-07-31,,80000,false,
a03RB00001NswiwYAB,株式会社トーケン_2026/08,a0BRB00000ynb6s2AA,2026/08,2026/08,2026-08-31,,80000,false,
a03RB00001NswixYAB,株式会社トーケン_2026/09,a0BRB00000ynb6s2AA,2026/09,2026/09,2026-09-30,,80000,false,
a03RB00001NswiyYAB,株式会社トーケン_2026/10,a0BRB00000ynb6s2AA,2026/10,2026/10,2026-10-31,,80000,false,
a03RB00001NswizYAB,株式会社トーケン_2026/11,a0BRB00000ynb6s2AA,2026/11,2026/11,2026-11-30,,80000,false,
a03RB00001Nswj0YAB,株式会社トーケン_2026/12,a0BRB00000ynb6s2AA,2026/12,2026/12,2026-12-31,,80000,false,
a03RB00001Nswj1YAB,株式会社トーケン_2027/01,a0BRB00000ynb6s2AA,2027/01,2027/01,2027-01-31,,80000,false,
a03RB00001Nswj2YAB,株式会社トーケン_2027/02,a0BRB00000ynb6s2AA,2027/02,2027/02,2027-02-28,,80000,false,
a03RB00001Nswj3YAB,花菱不動産株式会社_2026/04,a0BRB00000ynb6t2AA,2026/04,2026/04,2026-04-30,16000,16000,false,true
a03RB00001Nswj4YAB,花菱不動産株式会社_2026/05,a0BRB00000ynb6t2AA,2026/05,2026/05,2026-05-31,16000,16000,false,true
a03RB00001Nswj5YAB,コンチネンタルホーム株式会社_2026/04,a0BRB00000ynb6u2AA,2026/04,2026/04,2026-04-30,24000,24000,false,true
a03RB00001Nswj6YAB,コンチネンタルホーム株式会社_2026/05,a0BRB00000ynb6u2AA,2026/05,2026/05,2026-05-31,24000,24000,false,true
a03RB00001Nswj7YAB,柏井建設株式会社_2026/03,a0BRB00000ynb6v2AA,2026/03,2026/03,2026-03-31,75000,75000,false,true
a03RB00001Nswj8YAB,柏井建設株式会社_2026/04,a0BRB00000ynb6v2AA,2026/04,2026/04,2026-04-30,75000,75000,false,true
a03RB00001Nswj9YAB,柏井建設株式会社_2026/05,a0BRB00000ynb6v2AA,2026/05,2026/05,2026-05-31,75000,75000,false,true
a03RB00001NswjAYAR,株式会社紀伊國屋書店_2026/04,a0BRB00000ynb6w2AA,2026/04,2026/04,2026-04-30,,40000,false,
a03RB00001NswjBYAR,株式会社紀伊國屋書店_2026/05,a0BRB00000ynb6w2AA,2026/05,2026/05,2026-05-31,,40000,false,
a03RB00001NswjCYAR,株式会社サンケイビル_2026/04,a0BRB00000ynb6x2AA,2026/04,2026/04,2026-04-30,,70000,false,
a03RB00001NswjDYAR,株式会社サンケイビル_2026/05,a0BRB00000ynb6x2AA,2026/05,2026/05,2026-05-31,,70000,false,
a03RB00001NswjEYAR,株式会社サンケイビル_2026/06,a0BRB00000ynb6x2AA,2026/06,2026/06,2026-06-30,,70000,false,
a03RB00001NswjFYAR,株式会社サンケイビル_2026/07,a0BRB00000ynb6x2AA,2026/07,2026/07,2026-07-31,,70000,false,
a03RB00001NswjGYAR,株式会社サンケイビル_2026/08,a0BRB00000ynb6x2AA,2026/08,2026/08,2026-08-31,,70000,false,
a03RB00001NswjHYAR,株式会社サンケイビル_2026/09,a0BRB00000ynb6x2AA,2026/09,2026/09,2026-09-30,,70000,false,
a03RB00001NswjIYAR,株式会社サンケイビル_2026/10,a0BRB00000ynb6x2AA,2026/10,2026/10,2026-10-31,,70000,false,
a03RB00001NswjJYAR,株式会社サンケイビル_2026/11,a0BRB00000ynb6x2AA,2026/11,2026/11,2026-11-30,,70000,false,
a03RB00001NswjKYAR,株式会社サンケイビル_2026/12,a0BRB00000ynb6x2AA,2026/12,2026/12,2026-12-31,,70000,false,
a03RB00001NswjLYAR,株式会社サンケイビル_2027/01,a0BRB00000ynb6x2AA,2027/01,2027/01,2027-01-31,,70000,false,
a03RB00001NswjMYAR,株式会社サンケイビル_2027/02,a0BRB00000ynb6x2AA,2027/02,2027/02,2027-02-28,,70000,false,
a03RB00001NswjNYAR,株式会社サンケイビル_2027/03,a0BRB00000ynb6x2AA,2027/03,2027/03,2027-03-31,,70000,false,
a03RB00001NswjOYAR,三井住友建設株式会社_2026/03,a0BRB00000ynb6y2AA,2026/03,2026/03,2026-03-31,8000,8000,false,true
a03RB00001NswjPYAR,三井住友建設株式会社_2026/04,a0BRB00000ynb6y2AA,2026/04,2026/04,2026-04-30,8000,8000,false,true
a03RB00001NswjQYAR,三井住友建設株式会社_2026/05,a0BRB00000ynb6y2AA,2026/05,2026/05,2026-05-31,8000,8000,false,true
a03RB00001NswjRYAR,Asplead株式会社_2026/04,a0BRB00000ynb6z2AA,2026/04,2026/04,2026-04-30,16000,16000,false,true
a03RB00001NswjSYAR,Asplead株式会社_2026/05,a0BRB00000ynb6z2AA,2026/05,2026/05,2026-05-31,16000,16000,false,true
a03RB00001NswjTYAR,スタイルテック総合計画_2026/04,a0BRB00000ynb702AA,2026/04,2026/04,2026-04-30,75000,75000,false,true
a03RB00001NswjUYAR,スタイルテック総合計画_2026/05,a0BRB00000ynb702AA,2026/05,2026/05,2026-05-31,75000,75000,false,true
a03RB00001NswjVYAR,株式会社ecoaハウス_2026/04,a0BRB00000ynb712AA,2026/04,2026/04,2026-04-30,75000,75000,false,true
a03RB00001NswjWYAR,株式会社ecoaハウス_2026/05,a0BRB00000ynb712AA,2026/05,2026/05,2026-05-31,75000,75000,false,true
a03RB00001NswjXYAR,株式会社ドムコス_2026/04,a0BRB00000ynb722AA,2026/04,2026/04,2026-04-30,8000,8000,false,true
a03RB00001NswjYYAR,株式会社ドムコス_2026/05,a0BRB00000ynb722AA,2026/05,2026/05,2026-05-31,8000,8000,false,true
a03RB00001NswjZYAR,近鉄不動産_2026/04,a0BRB00000ynb732AA,2026/04,2026/04,2026-04-30,,165000,false,
a03RB00001NswjaYAB,近鉄不動産_2026/05,a0BRB00000ynb732AA,2026/05,2026/05,2026-05-31,,165000,false,
a03RB00001NswjbYAB,近鉄不動産_2026/06,a0BRB00000ynb732AA,2026/06,2026/06,2026-06-30,,180000,false,
a03RB00001NswjcYAB,近鉄不動産(セキュリティオプション月額）_2026/04,a0BRB00000ynb742AA,2026/04,2026/04,2026-04-30,,100000,false,
a03RB00001NswjdYAB,近鉄不動産(セキュリティオプション月額）_2026/05,a0BRB00000ynb742AA,2026/05,2026/05,2026-05-31,,100000,false,
a03RB00001NswjeYAB,フィールド・デザイン・アーキテクツ一級建築士事務所_2026/04,a0BRB00000ynb752AA,2026/04,2026/04,2026-04-30,8000,8000,false,true
a03RB00001NswjfYAB,フィールド・デザイン・アーキテクツ一級建築士事務所_2026/05,a0BRB00000ynb752AA,2026/05,2026/05,2026-05-31,8000,8000,false,true
a03RB00001NswjgYAB,株式会社ルミネ_2026/04,a0BRB00000ynb762AA,2026/04,2026/04,2026-04-30,,8000,false,
a03RB00001NswjhYAB,株式会社ルミネ_2026/05,a0BRB00000ynb762AA,2026/05,2026/05,2026-05-31,,8000,false,
a03RB00001NswjiYAB,株式会社フジタ BIM推進部_2026/04,a0BRB00000ynn532AA,2026/04,2026/04,2026-04-30,,42000,false,
a03RB00001NswjjYAB,株式会社フジタ BIM推進部_2026/05,a0BRB00000ynn532AA,2026/05,2026/05,2026-05-31,,42000,false,
a03RB00001NswjkYAB,株式会社フジタ BIM推進部_2026/06,a0BRB00000ynn532AA,2026/06,2026/06,2026-06-30,,42000,false,
a03RB00001NswjlYAB,株式会社フジタ BIM推進部_2026/07,a0BRB00000ynn532AA,2026/07,2026/07,2026-07-31,,42000,false,
a03RB00001NswjmYAB,株式会社フジタ BIM推進部_2026/08,a0BRB00000ynn532AA,2026/08,2026/08,2026-08-31,,42000,false,
a03RB00001NswjnYAB,株式会社フジタ BIM推進部_2026/09,a0BRB00000ynn532AA,2026/09,2026/09,2026-09-30,,42000,false,
a03RB00001NswjoYAB,株式会社フジタ BIM推進部_2026/10,a0BRB00000ynn532AA,2026/10,2026/10,2026-10-31,,42000,false,
a03RB00001NswjpYAB,株式会社フジタ BIM推進部_2026/11,a0BRB00000ynn532AA,2026/11,2026/11,2026-11-30,,42000,false,
a03RB00001NswjqYAB,株式会社フジタ BIM推進部_2026/12,a0BRB00000ynn532AA,2026/12,2026/12,2026-12-31,,42000,false,
a03RB00001NswjrYAB,株式会社フジタ BIM推進部_2027/01,a0BRB00000ynn532AA,2027/01,2027/01,2027-01-31,,42000,false,
a03RB00001NswjsYAB,株式会社フジタ BIM推進部_2027/02,a0BRB00000ynn532AA,2027/02,2027/02,2027-02-28,,42000,false,
a03RB00001NswjtYAB,株式会社フジタ BIM推進部_2027/03,a0BRB00000ynn532AA,2027/03,2027/03,2027-03-31,,42000,false,
a03RB00001NswjuYAB,株式会社フジタ 設計統括部_2026/04,a0BRB00000ynn542AA,2026/04,2026/04,2026-04-30,,98000,false,
a03RB00001NswjvYAB,株式会社フジタ 設計統括部_2026/05,a0BRB00000ynn542AA,2026/05,2026/05,2026-05-31,,98000,false,
a03RB00001NswjwYAB,株式会社フジタ 設計統括部_2026/06,a0BRB00000ynn542AA,2026/06,2026/06,2026-06-30,,98000,false,
a03RB00001NswjxYAB,株式会社フジタ 設計統括部_2026/07,a0BRB00000ynn542AA,2026/07,2026/07,2026-07-31,,98000,false,
a03RB00001NswjyYAB,株式会社フジタ 設計統括部_2026/08,a0BRB00000ynn542AA,2026/08,2026/08,2026-08-31,,98000,false,
a03RB00001NswjzYAB,株式会社フジタ 設計統括部_2026/09,a0BRB00000ynn542AA,2026/09,2026/09,2026-09-30,,98000,false,
a03RB00001Nswk0YAB,株式会社フジタ 設計統括部_2026/10,a0BRB00000ynn542AA,2026/10,2026/10,2026-10-31,,98000,false,
a03RB00001Nswk1YAB,株式会社フジタ 設計統括部_2026/11,a0BRB00000ynn542AA,2026/11,2026/11,2026-11-30,,98000,false,
a03RB00001Nswk2YAB,株式会社フジタ 設計統括部_2026/12,a0BRB00000ynn542AA,2026/12,2026/12,2026-12-31,,98000,false,
a03RB00001Nswk3YAB,株式会社フジタ 設計統括部_2027/01,a0BRB00000ynn542AA,2027/01,2027/01,2027-01-31,,98000,false,
a03RB00001Nswk4YAB,株式会社フジタ 設計統括部_2027/02,a0BRB00000ynn542AA,2027/02,2027/02,2027-02-28,,98000,false,
a03RB00001Nswk5YAB,株式会社フジタ 設計統括部_2027/03,a0BRB00000ynn542AA,2027/03,2027/03,2027-03-31,,98000,false,
a03RB00001Nswk6YAB,株式会社安井建築設計事務所_2026/04,a0BRB00000ynn552AA,2026/04,2026/04,2026-04-30,8000,8000,false,true
a03RB00001Nswk7YAB,株式会社安井建築設計事務所_2026/05,a0BRB00000ynn552AA,2026/05,2026/05,2026-05-31,8000,8000,false,true
a03RB00001Nswk8YAB,株式会社ジョイフル本田（Pro１アカウント）_2026/06,a0BRB00000ynn562AA,2026/06,2026/06,2026-06-30,,8000,false,
a03RB00001Nswk9YAB,若築建設株式会社_2026/05,a0BRB00000ynn572AA,2026/05,2026/05,2026-05-31,,8000,false,
a03RB00001NswkAYAR,若築建設株式会社_2026/06,a0BRB00000ynn572AA,2026/06,2026/06,2026-06-30,,8000,false,
a03RB00001NswkBYAR,若築建設株式会社_2026/07,a0BRB00000ynn572AA,2026/07,2026/07,2026-07-31,,8000,false,
a03RB00001NswkCYAR,若築建設株式会社_2026/08,a0BRB00000ynn572AA,2026/08,2026/08,2026-08-31,,8000,false,
a03RB00001NswkDYAR,若築建設株式会社_2026/09,a0BRB00000ynn572AA,2026/09,2026/09,2026-09-30,,8000,false,
a03RB00001NswkEYAR,若築建設株式会社_2026/10,a0BRB00000ynn572AA,2026/10,2026/10,2026-10-31,,8000,false,
a03RB00001NswkFYAR,若築建設株式会社_2026/11,a0BRB00000ynn572AA,2026/11,2026/11,2026-11-30,,8000,false,
a03RB00001NswkGYAR,若築建設株式会社_2026/12,a0BRB00000ynn572AA,2026/12,2026/12,2026-12-31,,8000,false,
a03RB00001NswkHYAR,若築建設株式会社_2027/01,a0BRB00000ynn572AA,2027/01,2027/01,2027-01-31,,8000,false,
a03RB00001NswkIYAR,若築建設株式会社_2027/02,a0BRB00000ynn572AA,2027/02,2027/02,2027-02-28,,8000,false,
a03RB00001NswkJYAR,若築建設株式会社_2027/03,a0BRB00000ynn572AA,2027/03,2027/03,2027-03-31,,8000,false,
a03RB00001NswkKYAR,若築建設株式会社_2027/04,a0BRB00000ynn572AA,2027/04,2027/04,2027-04-30,,8000,false,
a03RB00001NswkLYAR,西日本旅客鉄道株式会社 ビジネスデザイン部 JCLaaS事業部_2026/05,a0BRB00000ynn582AA,2026/05,2026/05,2026-05-31,,8000,false,
a03RB00001NswkMYAR,株式会社乃村工藝社 カルチャー・コミュニケーション推進本部_2026/05,a0BRB00000ynn592AA,2026/05,2026/05,2026-05-31,,32000,false,
a03RB00001NswkNYAR,株式会社乃村工藝社 カルチャー・コミュニケーション推進本部_2026/06,a0BRB00000ynn592AA,2026/06,2026/06,2026-06-30,,32000,false,
a03RB00001NswkOYAR,梅林建設株式会社_2026/06,a0BRB00000ynn5A2AQ,2026/06,2026/06,2026-06-30,,70000,false,false
a03RB00001NswkPYAR,梅林建設株式会社_2026/07,a0BRB00000ynn5A2AQ,2026/07,2026/07,2026-07-31,,70000,false,
a03RB00001NswkQYAR,梅林建設株式会社_2026/08,a0BRB00000ynn5A2AQ,2026/08,2026/08,2026-08-31,,70000,false,
a03RB00001NswkRYAR,梅林建設株式会社_2026/09,a0BRB00000ynn5A2AQ,2026/09,2026/09,2026-09-30,,70000,false,
a03RB00001NswkSYAR,梅林建設株式会社_2026/10,a0BRB00000ynn5A2AQ,2026/10,2026/10,2026-10-31,,70000,false,
a03RB00001NswkTYAR,梅林建設株式会社_2026/11,a0BRB00000ynn5A2AQ,2026/11,2026/11,2026-11-30,,70000,false,
a03RB00001NswkUYAR,梅林建設株式会社_2026/12,a0BRB00000ynn5A2AQ,2026/12,2026/12,2026-12-31,,70000,false,
a03RB00001NswkVYAR,梅林建設株式会社_2027/01,a0BRB00000ynn5A2AQ,2027/01,2027/01,2027-01-31,,70000,false,
a03RB00001NswkWYAR,梅林建設株式会社_2027/02,a0BRB00000ynn5A2AQ,2027/02,2027/02,2027-02-28,,70000,false,
a03RB00001NswkXYAR,梅林建設株式会社_2027/03,a0BRB00000ynn5A2AQ,2027/03,2027/03,2027-03-31,,70000,false,
a03RB00001NswkYYAR,梅林建設株式会社_2027/04,a0BRB00000ynn5A2AQ,2027/04,2027/04,2027-04-30,,70000,false,
a03RB00001NswkZYAR,梅林建設株式会社_2027/05,a0BRB00000ynn5A2AQ,2027/05,2027/05,2027-05-31,,70000,false,
a03RB00001NswkaYAB,株式会社デザインアーク 東京本店 東京スペースソリューション第１営業所_2026/06,a0BRB00000ynn5B2AQ,2026/06,2026/06,2026-06-30,,30000,false,
a03RB00001NswkbYAB,NTTファシリティーズ株式会社_2026/06,a0BRB00000ynn5C2AQ,2026/06,2026/06,2026-06-30,,1500000,false,
a03RB00001NswkcYAB,合同会社小島屋_2026/06,a0BRB00000ynn5D2AQ,2026/06,2026/06,2026-06-30,,8000,false,
a03RB00001NswkdYAB,株式会社エリオクリエイト_2026/06,a0BRB00000ynn5E2AQ,2026/06,2026/06,2026-06-30,,96000,false,
a03RB00001NswkeYAB,株式会社創建ホーム_2026/06,a0BRB00000ynn5F2AQ,2026/06,2026/06,2026-06-30,,1008000,false,
a03RB00001NswkfYAB,株式会社リアルエステートブラザーズ_2024/08,a0BRB00000ynn5G2AQ,2024/08,2024/08,2024-08-31,,11000,false,
a03RB00001NswkgYAB,株式会社リアルエステートブラザーズ_2024/09,a0BRB00000ynn5G2AQ,2024/09,2024/09,2024-09-30,,11000,false,
a03RB00001NswkhYAB,株式会社四ツ橋_2024/08,a0BRB00000ynn5H2AQ,2024/08,2024/08,2024-08-31,,10000,false,
a03RB00001NswkiYAB,株式会社四ツ橋_2024/09,a0BRB00000ynn5H2AQ,2024/09,2024/09,2024-09-30,,10000,false,
a03RB00001NswkjYAB,株式会社四ツ橋_2024/10,a0BRB00000ynn5H2AQ,2024/10,2024/10,2024-10-31,,10000,false,
a03RB00001NswkkYAB,ムゲンエステート_2024/10,a0BRB00000ynn5I2AQ,2024/10,2024/10,2024-10-31,,11000,false,
a03RB00001NswklYAB,ムゲンエステート_2024/11,a0BRB00000ynn5I2AQ,2024/11,2024/11,2024-11-30,,11000,false,
a03RB00001NswkmYAB,ムゲンエステート_2024/12,a0BRB00000ynn5I2AQ,2024/12,2024/12,2024-12-31,,11000,false,
a03RB00001NswknYAB,ムゲンエステート_2025/01,a0BRB00000ynn5I2AQ,2025/01,2025/01,2025-01-31,,11000,false,
a03RB00001NswkoYAB,ムゲンエステート_2025/02,a0BRB00000ynn5I2AQ,2025/02,2025/02,2025-02-28,,11000,false,
a03RB00001NswkpYAB,ムゲンエステート_2025/03,a0BRB00000ynn5I2AQ,2025/03,2025/03,2025-03-31,,11000,false,
a03RB00001NswkqYAB,ムゲンエステート_2025/04,a0BRB00000ynn5I2AQ,2025/04,2025/04,2025-04-30,,11000,false,
a03RB00001NswkrYAB,ムゲンエステート_2025/05,a0BRB00000ynn5I2AQ,2025/05,2025/05,2025-05-31,,11000,false,
a03RB00001NswksYAB,ムゲンエステート_2025/06,a0BRB00000ynn5I2AQ,2025/06,2025/06,2025-06-30,,11000,false,
a03RB00001NswktYAB,ムゲンエステート_2025/07,a0BRB00000ynn5I2AQ,2025/07,2025/07,2025-07-31,,11000,false,
a03RB00001NswkuYAB,ムゲンエステート_2025/08,a0BRB00000ynn5I2AQ,2025/08,2025/08,2025-08-31,,11000,false,
a03RB00001NswkvYAB,ムゲンエステート_2025/09,a0BRB00000ynn5I2AQ,2025/09,2025/09,2025-09-30,,11000,false,
a03RB00001NswkwYAB,ムゲンエステート_2025/10,a0BRB00000ynn5I2AQ,2025/10,2025/10,2025-10-31,,11000,false,
a03RB00001NswkxYAB,ムゲンエステート_2025/11,a0BRB00000ynn5I2AQ,2025/11,2025/11,2025-11-30,,11000,false,
a03RB00001NswkyYAB,ムゲンエステート_2025/12,a0BRB00000ynn5I2AQ,2025/12,2025/12,2025-12-31,,11000,false,
a03RB00001NswkzYAB,ムゲンエステート_2026/01,a0BRB00000ynn5I2AQ,2026/01,2026/01,2026-01-31,,11000,false,
a03RB00001Nswl0YAB,ムゲンエステート_2026/02,a0BRB00000ynn5I2AQ,2026/02,2026/02,2026-02-28,,11000,false,
a03RB00001Nswl1YAB,三井不動産レジデンシャルリース_2024/10,a0BRB00000ynn5J2AQ,2024/10,2024/10,2024-10-31,,11000,false,
a03RB00001Nswl2YAB,三井不動産レジデンシャルリース_2025/05,a0BRB00000ynn5J2AQ,2025/05,2025/05,2025-05-31,,11000,false,
a03RB00001Nswl3YAB,studio55_2024/09,a0BRB00000ynb5i2AA,2024/09,2024/09,2024-09-30,,,false,
a03RB00001Nswl4YAB,studio55_2024/10,a0BRB00000ynb5i2AA,2024/10,2024/10,2024-10-31,,,false,
a03RB00001Nswl5YAB,studio55_2024/11,a0BRB00000ynb5i2AA,2024/11,2024/11,2024-11-30,,,false,
a03RB00001Nswl6YAB,タクエーホーム株式会社_2024/09,a0BRB00000ynn5L2AQ,2024/09,2024/09,2024-09-30,,11000,false,
a03RB00001Nswl7YAB,タクエーホーム株式会社_2024/10,a0BRB00000ynn5L2AQ,2024/10,2024/10,2024-10-31,,11000,false,
a03RB00001Nswl8YAB,タクエーホーム株式会社_2024/11,a0BRB00000ynn5L2AQ,2024/11,2024/11,2024-11-30,,11000,false,
a03RB00001Nswl9YAB,タクエーホーム株式会社_2024/12,a0BRB00000ynn5L2AQ,2024/12,2024/12,2024-12-31,,11000,false,
a03RB00001NswlAYAR,タクエーホーム株式会社_2025/01,a0BRB00000ynn5L2AQ,2025/01,2025/01,2025-01-31,,11000,false,
a03RB00001NswlBYAR,タクエーホーム株式会社_2025/02,a0BRB00000ynn5L2AQ,2025/02,2025/02,2025-02-28,,11000,false,
a03RB00001NswlCYAR,タクエーホーム株式会社_2025/03,a0BRB00000ynn5L2AQ,2025/03,2025/03,2025-03-31,,11000,false,
a03RB00001NswlDYAR,タクエーホーム株式会社_2025/04,a0BRB00000ynn5L2AQ,2025/04,2025/04,2025-04-30,,11000,false,
a03RB00001NswlEYAR,タクエーホーム株式会社_2025/05,a0BRB00000ynn5L2AQ,2025/05,2025/05,2025-05-31,,11000,false,
a03RB00001NswlFYAR,タクエーホーム株式会社_2025/06,a0BRB00000ynn5L2AQ,2025/06,2025/06,2025-06-30,,11000,false,
a03RB00001NswlGYAR,タクエーホーム株式会社_2025/07,a0BRB00000ynn5L2AQ,2025/07,2025/07,2025-07-31,,11000,false,
a03RB00001NswlHYAR,タクエーホーム株式会社_2025/08,a0BRB00000ynn5L2AQ,2025/08,2025/08,2025-08-31,,11000,false,
a03RB00001NswlIYAR,タクエーホーム株式会社_2025/09,a0BRB00000ynn5L2AQ,2025/09,2025/09,2025-09-30,,11000,false,
a03RB00001NswlJYAR,㈱渚工務店 SmileHome_2024/09,a0BRB00000ynn5M2AQ,2024/09,2024/09,2024-09-30,,11000,false,
a03RB00001NswlKYAR,㈱渚工務店 SmileHome_2024/10,a0BRB00000ynn5M2AQ,2024/10,2024/10,2024-10-31,,11000,false,
a03RB00001NswlLYAR,㈱渚工務店 SmileHome_2024/11,a0BRB00000ynn5M2AQ,2024/11,2024/11,2024-11-30,,11000,false,
a03RB00001NswlMYAR,㈱渚工務店 SmileHome_2024/12,a0BRB00000ynn5M2AQ,2024/12,2024/12,2024-12-31,,11000,false,
a03RB00001NswlNYAR,㈱渚工務店 SmileHome_2025/01,a0BRB00000ynn5M2AQ,2025/01,2025/01,2025-01-31,,11000,false,
a03RB00001NswlOYAR,㈱渚工務店 SmileHome_2025/02,a0BRB00000ynn5M2AQ,2025/02,2025/02,2025-02-28,,11000,false,
a03RB00001NswlPYAR,ハウスプラザ_2024/10,a0BRB00000ynn5N2AQ,2024/10,2024/10,2024-10-31,,11000,false,
a03RB00001NswlQYAR,ハウスプラザ_2024/11,a0BRB00000ynn5N2AQ,2024/11,2024/11,2024-11-30,,11000,false,
a03RB00001NswlRYAR,ハウスプラザ_2024/12,a0BRB00000ynn5N2AQ,2024/12,2024/12,2024-12-31,,11000,false,
a03RB00001NswlSYAR,ハウスプラザ_2025/01,a0BRB00000ynn5N2AQ,2025/01,2025/01,2025-01-31,,11000,false,
a03RB00001NswlTYAR,ハウスプラザ_2025/02,a0BRB00000ynn5N2AQ,2025/02,2025/02,2025-02-28,,11000,false,
a03RB00001NswlUYAR,ハウスプラザ_2025/03,a0BRB00000ynn5N2AQ,2025/03,2025/03,2025-03-31,,11000,false,
a03RB00001NswlVYAR,ハウスプラザ_2025/04,a0BRB00000ynn5N2AQ,2025/04,2025/04,2025-04-30,,11000,false,
a03RB00001NswlWYAR,ハウスプラザ_2025/05,a0BRB00000ynn5N2AQ,2025/05,2025/05,2025-05-31,,11000,false,
a03RB00001NswlXYAR,ハウスプラザ_2025/06,a0BRB00000ynn5N2AQ,2025/06,2025/06,2025-06-30,,11000,false,
a03RB00001NswlYYAR,ハウスプラザ_2025/07,a0BRB00000ynn5N2AQ,2025/07,2025/07,2025-07-31,,11000,false,
a03RB00001NswlZYAR,ハウスプラザ_2025/08,a0BRB00000ynn5N2AQ,2025/08,2025/08,2025-08-31,,11000,false,
a03RB00001NswlaYAB,ハウスプラザ_2025/09,a0BRB00000ynn5N2AQ,2025/09,2025/09,2025-09-30,,11000,false,
a03RB00001NswlbYAB,ハウスプラザ_2025/10,a0BRB00000ynn5N2AQ,2025/10,2025/10,2025-10-31,,11000,false,
a03RB00001NswlcYAB,ハウスプラザ_2025/11,a0BRB00000ynn5N2AQ,2025/11,2025/11,2025-11-30,,11000,false,
a03RB00001NswldYAB,ハウスプラザ_2025/12,a0BRB00000ynn5N2AQ,2025/12,2025/12,2025-12-31,,11000,false,
a03RB00001NswleYAB,ハウスプラザ_2026/01,a0BRB00000ynn5N2AQ,2026/01,2026/01,2026-01-31,,11000,false,
a03RB00001NswlfYAB,ハウスプラザ_2026/02,a0BRB00000ynn5N2AQ,2026/02,2026/02,2026-02-28,,11000,false,
a03RB00001NswlgYAB,ハウスプラザ_2026/03,a0BRB00000ynn5N2AQ,2026/03,2026/03,2026-03-31,,11000,false,
a03RB00001NswlhYAB,ハウスプラザ_2026/04,a0BRB00000ynn5N2AQ,2026/04,2026/04,2026-04-30,,11000,false,
a03RB00001NswliYAB,ハウスプラザ_2026/05,a0BRB00000ynn5N2AQ,2026/05,2026/05,2026-05-31,,11000,false,
a03RB00001NswljYAB,アグレ都市デザイン株式会社_2024/09,a0BRB00000ynn5O2AQ,2024/09,2024/09,2024-09-30,,11000,false,
a03RB00001NswlkYAB,アグレ都市デザイン株式会社_2024/10,a0BRB00000ynn5O2AQ,2024/10,2024/10,2024-10-31,,11000,false,
a03RB00001NswllYAB,アグレ都市デザイン株式会社_2024/11,a0BRB00000ynn5O2AQ,2024/11,2024/11,2024-11-30,,11000,false,
a03RB00001NswlmYAB,アグレ都市デザイン株式会社_2024/12,a0BRB00000ynn5O2AQ,2024/12,2024/12,2024-12-31,,11000,false,
a03RB00001NswlnYAB,アグレ都市デザイン株式会社_2025/01,a0BRB00000ynn5O2AQ,2025/01,2025/01,2025-01-31,,11000,false,
a03RB00001NswloYAB,アグレ都市デザイン株式会社_2025/02,a0BRB00000ynn5O2AQ,2025/02,2025/02,2025-02-28,,11000,false,
a03RB00001NswlpYAB,アグレ都市デザイン株式会社_2025/03,a0BRB00000ynn5O2AQ,2025/03,2025/03,2025-03-31,,11000,false,
a03RB00001NswlqYAB,アグレ都市デザイン株式会社_2025/04,a0BRB00000ynn5O2AQ,2025/04,2025/04,2025-04-30,,11000,false,
a03RB00001NswlrYAB,アグレ都市デザイン株式会社_2025/05,a0BRB00000ynn5O2AQ,2025/05,2025/05,2025-05-31,,11000,false,
a03RB00001NswlsYAB,アグレ都市デザイン株式会社_2025/06,a0BRB00000ynn5O2AQ,2025/06,2025/06,2025-06-30,,11000,false,
a03RB00001NswltYAB,アグレ都市デザイン株式会社_2025/07,a0BRB00000ynn5O2AQ,2025/07,2025/07,2025-07-31,,11000,false,
a03RB00001NswluYAB,アグレ都市デザイン株式会社_2025/08,a0BRB00000ynn5O2AQ,2025/08,2025/08,2025-08-31,,11000,false,
a03RB00001NswlvYAB,アグレ都市デザイン株式会社_2025/09,a0BRB00000ynn5O2AQ,2025/09,2025/09,2025-09-30,,11000,false,
a03RB00001NswlwYAB,アグレ都市デザイン株式会社_2025/10,a0BRB00000ynn5O2AQ,2025/10,2025/10,2025-10-31,,11000,false,
a03RB00001NswlxYAB,アグレ都市デザイン株式会社_2025/11,a0BRB00000ynn5O2AQ,2025/11,2025/11,2025-11-30,,11000,false,
a03RB00001NswlyYAB,アグレ都市デザイン株式会社_2025/12,a0BRB00000ynn5O2AQ,2025/12,2025/12,2025-12-31,,11000,false,
a03RB00001NswlzYAB,アグレ都市デザイン株式会社_2026/01,a0BRB00000ynn5O2AQ,2026/01,2026/01,2026-01-31,,11000,false,
a03RB00001Nswm0YAB,アグレ都市デザイン株式会社_2026/02,a0BRB00000ynn5O2AQ,2026/02,2026/02,2026-02-28,,11000,false,
a03RB00001Nswm1YAB,アグレ都市デザイン株式会社_2026/03,a0BRB00000ynn5O2AQ,2026/03,2026/03,2026-03-31,,11000,false,
a03RB00001Nswm2YAB,アグレ都市デザイン株式会社_2026/04,a0BRB00000ynn5O2AQ,2026/04,2026/04,2026-04-30,,11000,false,
a03RB00001Nswm3YAB,アグレ都市デザイン株式会社_2026/05,a0BRB00000ynn5O2AQ,2026/05,2026/05,2026-05-31,,11000,false,
a03RB00001Nswm4YAB,株式会社イーグランド_2024/11,a0BRB00000ynn5P2AQ,2024/11,2024/11,2024-11-30,,11000,false,
a03RB00001Nswm5YAB,株式会社イーグランド_2024/12,a0BRB00000ynn5P2AQ,2024/12,2024/12,2024-12-31,,11000,false,
a03RB00001Nswm6YAB,株式会社イーグランド_2025/01,a0BRB00000ynn5P2AQ,2025/01,2025/01,2025-01-31,,11000,false,
a03RB00001Nswm7YAB,株式会社イーグランド_2025/02,a0BRB00000ynn5P2AQ,2025/02,2025/02,2025-02-28,,11000,false,
a03RB00001Nswm8YAB,株式会社イーグランド_2025/03,a0BRB00000ynn5P2AQ,2025/03,2025/03,2025-03-31,,11000,false,
a03RB00001Nswm9YAB,株式会社イーグランド_2025/04,a0BRB00000ynn5P2AQ,2025/04,2025/04,2025-04-30,,11000,false,
a03RB00001NswmAYAR,株式会社イーグランド_2025/05,a0BRB00000ynn5P2AQ,2025/05,2025/05,2025-05-31,,11000,false,
a03RB00001NswmBYAR,株式会社イーグランド_2025/06,a0BRB00000ynn5P2AQ,2025/06,2025/06,2025-06-30,,11000,false,
a03RB00001NswmCYAR,株式会社イーグランド_2025/07,a0BRB00000ynn5P2AQ,2025/07,2025/07,2025-07-31,,11000,false,
a03RB00001NswmDYAR,株式会社イーグランド_2025/08,a0BRB00000ynn5P2AQ,2025/08,2025/08,2025-08-31,,11000,false,
a03RB00001NswmEYAR,株式会社イーグランド_2025/09,a0BRB00000ynn5P2AQ,2025/09,2025/09,2025-09-30,,11000,false,
a03RB00001NswmFYAR,株式会社イーグランド_2025/10,a0BRB00000ynn5P2AQ,2025/10,2025/10,2025-10-31,,11000,false,
a03RB00001NswmGYAR,株式会社イーグランド_2025/11,a0BRB00000ynn5P2AQ,2025/11,2025/11,2025-11-30,,11000,false,
a03RB00001NswmHYAR,株式会社イーグランド_2025/12,a0BRB00000ynn5P2AQ,2025/12,2025/12,2025-12-31,,11000,false,
a03RB00001NswmIYAR,株式会社イーグランド_2026/01,a0BRB00000ynn5P2AQ,2026/01,2026/01,2026-01-31,,11000,false,
a03RB00001NswmJYAR,株式会社イーグランド_2026/02,a0BRB00000ynn5P2AQ,2026/02,2026/02,2026-02-28,,11000,false,
a03RB00001NswmKYAR,株式会社イーグランド_2026/03,a0BRB00000ynn5P2AQ,2026/03,2026/03,2026-03-31,,11000,false,
a03RB00001NswmLYAR,株式会社イーグランド_2026/04,a0BRB00000ynn5P2AQ,2026/04,2026/04,2026-04-30,,11000,false,
a03RB00001NswmMYAR,株式会社イーグランド_2026/05,a0BRB00000ynn5P2AQ,2026/05,2026/05,2026-05-31,,11000,false,
a03RB00001NswmNYAR,ドアーズ株式会社_2024/11,a0BRB00000ynn5Q2AQ,2024/11,2024/11,2024-11-30,,11000,false,
a03RB00001NswmOYAR,ドアーズ株式会社_2024/12,a0BRB00000ynn5Q2AQ,2024/12,2024/12,2024-12-31,,11000,false,
a03RB00001NswmPYAR,ドアーズ株式会社_2025/01,a0BRB00000ynn5Q2AQ,2025/01,2025/01,2025-01-31,,11000,false,
a03RB00001NswmQYAR,ドアーズ株式会社_2025/02,a0BRB00000ynn5Q2AQ,2025/02,2025/02,2025-02-28,,11000,false,
a03RB00001NswmRYAR,株式会社西武開発_2024/12,a0BRB00000ynn5R2AQ,2024/12,2024/12,2024-12-31,,93500,false,
a03RB00001NswmSYAR,株式会社西武開発_2025/01,a0BRB00000ynn5R2AQ,2025/01,2025/01,2025-01-31,,2376000,false,
a03RB00001NswmTYAR,株式会社西武開発_2026/01,a0BRB00000ynn5m2AA,2026/01,2026/01,2026-01-31,,257400,false,
a03RB00001NswmUYAR,株式会社西武開発_2026/02,a0BRB00000ynn5m2AA,2026/02,2026/02,2026-02-28,,257400,false,
a03RB00001NswmVYAR,株式会社西武開発_2026/03,a0BRB00000ynn5m2AA,2026/03,2026/03,2026-03-31,,257400,false,
a03RB00001NswmWYAR,株式会社西武開発_2026/04,a0BRB00000ynn5R2AQ,2026/04,2026/04,2026-04-30,,257400,false,
a03RB00001NswmXYAR,株式会社西武開発_2026/05,a0BRB00000ynn5R2AQ,2026/05,2026/05,2026-05-31,,257400,false,
a03RB00001NswmYYAR,株式会社西武開発_2026/06,a0BRB00000ynn5R2AQ,2026/06,2026/06,2026-06-30,,257400,false,
a03RB00001NswmZYAR,株式会社西武開発_2026/07,a0BRB00000ynn5R2AQ,2026/07,2026/07,2026-07-31,,257400,false,
a03RB00001NswmaYAB,わくわく不動産_2024/12,a0BRB00000ynn5S2AQ,2024/12,2024/12,2024-12-31,,11000,false,
a03RB00001NswmbYAB,わくわく不動産_2025/01,a0BRB00000ynn5S2AQ,2025/01,2025/01,2025-01-31,,11000,false,
a03RB00001NswmcYAB,わくわく不動産_2025/02,a0BRB00000ynn5S2AQ,2025/02,2025/02,2025-02-28,,11000,false,
a03RB00001NswmdYAB,わくわく不動産_2025/03,a0BRB00000ynn5S2AQ,2025/03,2025/03,2025-03-31,,11000,false,
a03RB00001NswmeYAB,わくわく不動産_2025/04,a0BRB00000ynn5S2AQ,2025/04,2025/04,2025-04-30,,11000,false,
a03RB00001NswmfYAB,わくわく不動産_2025/05,a0BRB00000ynn5S2AQ,2025/05,2025/05,2025-05-31,,11000,false,
a03RB00001NswmgYAB,わくわく不動産_2025/06,a0BRB00000ynn5S2AQ,2025/06,2025/06,2025-06-30,,11000,false,
a03RB00001NswmhYAB,わくわく不動産_2025/07,a0BRB00000ynn5S2AQ,2025/07,2025/07,2025-07-31,,11000,false,
a03RB00001NswmiYAB,わくわく不動産_2025/08,a0BRB00000ynn5S2AQ,2025/08,2025/08,2025-08-31,,11000,false,
a03RB00001NswmjYAB,わくわく不動産_2025/09,a0BRB00000ynn5S2AQ,2025/09,2025/09,2025-09-30,,11000,false,
a03RB00001NswmkYAB,わくわく不動産_2025/10,a0BRB00000ynn5S2AQ,2025/10,2025/10,2025-10-31,,11000,false,
a03RB00001NswmlYAB,わくわく不動産_2025/11,a0BRB00000ynn5S2AQ,2025/11,2025/11,2025-11-30,,11000,false,
a03RB00001NswmmYAB,わくわく不動産_2025/12,a0BRB00000ynn5S2AQ,2025/12,2025/12,2025-12-31,,11000,false,
a03RB00001NswmnYAB,わくわく不動産_2026/01,a0BRB00000ynn5S2AQ,2026/01,2026/01,2026-01-31,,11000,false,
a03RB00001NswmoYAB,わくわく不動産_2026/02,a0BRB00000ynn5S2AQ,2026/02,2026/02,2026-02-28,,11000,false,
a03RB00001NswmpYAB,株式会社穂積住宅_2024/12,a0BRB00000ynn5T2AQ,2024/12,2024/12,2024-12-31,,33000,false,
a03RB00001NswmqYAB,株式会社穂積住宅_2025/01,a0BRB00000ynn5T2AQ,2025/01,2025/01,2025-01-31,,33000,false,
a03RB00001NswmrYAB,株式会社穂積住宅_2025/02,a0BRB00000ynn5T2AQ,2025/02,2025/02,2025-02-28,,33000,false,
a03RB00001NswmsYAB,株式会社穂積住宅_2025/03,a0BRB00000ynn5T2AQ,2025/03,2025/03,2025-03-31,,33000,false,
a03RB00001NswmtYAB,株式会社穂積住宅_2025/04,a0BRB00000ynn5T2AQ,2025/04,2025/04,2025-04-30,,33000,false,
a03RB00001NswmuYAB,株式会社穂積住宅_2025/05,a0BRB00000ynn5T2AQ,2025/05,2025/05,2025-05-31,,33000,false,
a03RB00001NswmvYAB,株式会社穂積住宅_2025/06,a0BRB00000ynn5T2AQ,2025/06,2025/06,2025-06-30,,33000,false,
a03RB00001NswmwYAB,株式会社穂積住宅_2025/07,a0BRB00000ynn5T2AQ,2025/07,2025/07,2025-07-31,,33000,false,
a03RB00001NswmxYAB,株式会社穂積住宅_2025/08,a0BRB00000ynn5T2AQ,2025/08,2025/08,2025-08-31,,33000,false,
a03RB00001NswmyYAB,株式会社穂積住宅_2025/09,a0BRB00000ynn5T2AQ,2025/09,2025/09,2025-09-30,,33000,false,
a03RB00001NswmzYAB,株式会社穂積住宅_2025/10,a0BRB00000ynn5T2AQ,2025/10,2025/10,2025-10-31,,33000,false,
a03RB00001Nswn0YAB,株式会社穂積住宅_2025/11,a0BRB00000ynn5T2AQ,2025/11,2025/11,2025-11-30,,33000,false,
a03RB00001Nswn1YAB,株式会社穂積住宅_2025/12,a0BRB00000ynn5T2AQ,2025/12,2025/12,2025-12-31,,33000,false,
a03RB00001Nswn2YAB,株式会社穂積住宅_2026/01,a0BRB00000ynn5T2AQ,2026/01,2026/01,2026-01-31,,33000,false,
a03RB00001Nswn3YAB,株式会社穂積住宅_2026/02,a0BRB00000ynn5T2AQ,2026/02,2026/02,2026-02-28,,33000,false,
a03RB00001Nswn4YAB,株式会社穂積住宅_2026/03,a0BRB00000ynn5T2AQ,2026/03,2026/03,2026-03-31,,33000,false,
a03RB00001Nswn5YAB,株式会社穂積住宅_2026/04,a0BRB00000ynn5T2AQ,2026/04,2026/04,2026-04-30,,33000,false,
a03RB00001Nswn6YAB,株式会社穂積住宅_2026/05,a0BRB00000ynn5T2AQ,2026/05,2026/05,2026-05-31,,33000,false,
a03RB00001Nswn7YAB,有限会社タイセイプラン_2024/11,a0BRB00000ynn5U2AQ,2024/11,2024/11,2024-11-30,,11000,false,
a03RB00001Nswn8YAB,有限会社タイセイプラン_2024/12,a0BRB00000ynn5U2AQ,2024/12,2024/12,2024-12-31,,11000,false,
a03RB00001Nswn9YAB,有限会社タイセイプラン_2025/01,a0BRB00000ynn5U2AQ,2025/01,2025/01,2025-01-31,,11000,false,
a03RB00001NswnAYAR,有限会社タイセイプラン_2025/02,a0BRB00000ynn5U2AQ,2025/02,2025/02,2025-02-28,,11000,false,
a03RB00001NswnBYAR,有限会社タイセイプラン_2025/03,a0BRB00000ynn5U2AQ,2025/03,2025/03,2025-03-31,,11000,false,
a03RB00001NswnCYAR,有限会社タイセイプラン_2025/04,a0BRB00000ynn5U2AQ,2025/04,2025/04,2025-04-30,,11000,false,
a03RB00001NswnDYAR,有限会社タイセイプラン_2025/05,a0BRB00000ynn5U2AQ,2025/05,2025/05,2025-05-31,,11000,false,
a03RB00001NswnEYAR,有限会社タイセイプラン_2025/06,a0BRB00000ynn5U2AQ,2025/06,2025/06,2025-06-30,,11000,false,
a03RB00001NswnFYAR,有限会社タイセイプラン_2025/07,a0BRB00000ynn5U2AQ,2025/07,2025/07,2025-07-31,,11000,false,
a03RB00001NswnGYAR,有限会社タイセイプラン_2025/08,a0BRB00000ynn5U2AQ,2025/08,2025/08,2025-08-31,,11000,false,
a03RB00001NswnHYAR,有限会社タイセイプラン_2025/09,a0BRB00000ynn5U2AQ,2025/09,2025/09,2025-09-30,,11000,false,
a03RB00001NswnIYAR,有限会社タイセイプラン_2025/10,a0BRB00000ynn5U2AQ,2025/10,2025/10,2025-10-31,,11000,false,
a03RB00001NswnJYAR,有限会社タイセイプラン_2025/11,a0BRB00000ynn5U2AQ,2025/11,2025/11,2025-11-30,,11000,false,
a03RB00001NswnKYAR,有限会社タイセイプラン_2025/12,a0BRB00000ynn5U2AQ,2025/12,2025/12,2025-12-31,,11000,false,
a03RB00001NswnLYAR,有限会社タイセイプラン_2026/01,a0BRB00000ynn5U2AQ,2026/01,2026/01,2026-01-31,,11000,false,
a03RB00001NswnMYAR,有限会社タイセイプラン_2026/02,a0BRB00000ynn5U2AQ,2026/02,2026/02,2026-02-28,,11000,false,
a03RB00001NswnNYAR,リアルティホールディングス株式会社_2025/01,a0BRB00000ynn5V2AQ,2025/01,2025/01,2025-01-31,,163125,false,
a03RB00001NswnOYAR,リアルティホールディングス株式会社_2025/02,a0BRB00000ynn5V2AQ,2025/02,2025/02,2025-02-28,,159500,false,
a03RB00001NswnPYAR,リアルティホールディングス株式会社_2025/03,a0BRB00000ynn5V2AQ,2025/03,2025/03,2025-03-31,,159500,false,
a03RB00001NswnQYAR,リアルティホールディングス株式会社_2025/04,a0BRB00000ynn5V2AQ,2025/04,2025/04,2025-04-30,,223300,false,
a03RB00001NswnRYAR,リアルティホールディングス株式会社_2025/05,a0BRB00000ynn5V2AQ,2025/05,2025/05,2025-05-31,,223300,false,
a03RB00001NswnSYAR,リアルティホールディングス株式会社_2025/06,a0BRB00000ynn5V2AQ,2025/06,2025/06,2025-06-30,,223300,false,
a03RB00001NswnTYAR,リアルティホールディングス株式会社_2025/07,a0BRB00000ynn5V2AQ,2025/07,2025/07,2025-07-31,,174000,false,
a03RB00001NswnUYAR,リアルティホールディングス株式会社_2025/08,a0BRB00000ynn5V2AQ,2025/08,2025/08,2025-08-31,,174000,false,
a03RB00001NswnVYAR,リアルティホールディングス株式会社_2025/09,a0BRB00000ynn5V2AQ,2025/09,2025/09,2025-09-30,,135000,false,
a03RB00001NswnWYAR,リアルティホールディングス株式会社_2025/10,a0BRB00000ynn5V2AQ,2025/10,2025/10,2025-10-31,,135000,false,
a03RB00001NswnXYAR,リアルティホールディングス株式会社_2025/11,a0BRB00000ynn5V2AQ,2025/11,2025/11,2025-11-30,,135000,false,
a03RB00001NswnYYAR,リアルティホールディングス株式会社_2025/12,a0BRB00000ynn5V2AQ,2025/12,2025/12,2025-12-31,,135000,false,
a03RB00001NswnZYAR,リアルティホールディングス株式会社_2026/01,a0BRB00000ynn5V2AQ,2026/01,2026/01,2026-01-31,,135000,false,
a03RB00001NswnaYAB,リアルティホールディングス株式会社_2026/02,a0BRB00000ynn5V2AQ,2026/02,2026/02,2026-02-28,,174000,false,
a03RB00001NswnbYAB,リアルティホールディングス株式会社_2026/03,a0BRB00000ynn5V2AQ,2026/03,2026/03,2026-03-31,,159500,false,
a03RB00001NswncYAB,リアルティホールディングス株式会社_2026/04,a0BRB00000ynn5V2AQ,2026/04,2026/04,2026-04-30,,159500,false,
a03RB00001NswndYAB,リアルティホールディングス株式会社_2026/05,a0BRB00000ynn5V2AQ,2026/05,2026/05,2026-05-31,,159500,false,
a03RB00001NswneYAB,株式会社ライフラインサービス_2025/01,a0BRB00000ynn5W2AQ,2025/01,2025/01,2025-01-31,,11000,false,
a03RB00001NswnfYAB,株式会社ライフラインサービス_2025/02,a0BRB00000ynn5W2AQ,2025/02,2025/02,2025-02-28,,11000,false,
a03RB00001NswngYAB,株式会社ライフラインサービス_2025/03,a0BRB00000ynn5W2AQ,2025/03,2025/03,2025-03-31,,11000,false,
a03RB00001NswnhYAB,株式会社ライフラインサービス_2025/04,a0BRB00000ynn5W2AQ,2025/04,2025/04,2025-04-30,,11000,false,
a03RB00001NswniYAB,株式会社ライフラインサービス_2025/05,a0BRB00000ynn5W2AQ,2025/05,2025/05,2025-05-31,,11000,false,
a03RB00001NswnjYAB,株式会社ライフラインサービス_2025/06,a0BRB00000ynn5W2AQ,2025/06,2025/06,2025-06-30,,11000,false,
a03RB00001NswnkYAB,株式会社ライフラインサービス_2025/07,a0BRB00000ynn5W2AQ,2025/07,2025/07,2025-07-31,,11000,false,
a03RB00001NswnlYAB,株式会社ライフラインサービス_2025/08,a0BRB00000ynn5W2AQ,2025/08,2025/08,2025-08-31,,11000,false,
a03RB00001NswnmYAB,株式会社シアーズホーム(旧：株式会社サンタ不動産）_2025/02,a0BRB00000ynn5X2AQ,2025/02,2025/02,2025-02-28,,11000,false,
a03RB00001NswnnYAB,株式会社シアーズホーム(旧：株式会社サンタ不動産）_2025/03,a0BRB00000ynn5X2AQ,2025/03,2025/03,2025-03-31,,11000,false,
a03RB00001NswnoYAB,株式会社シアーズホーム(旧：株式会社サンタ不動産）_2025/04,a0BRB00000ynn5X2AQ,2025/04,2025/04,2025-04-30,,11000,false,
a03RB00001NswnpYAB,株式会社シアーズホーム(旧：株式会社サンタ不動産）_2025/05,a0BRB00000ynn5X2AQ,2025/05,2025/05,2025-05-31,,11000,false,
a03RB00001NswnqYAB,株式会社シアーズホーム(旧：株式会社サンタ不動産）_2025/06,a0BRB00000ynn5X2AQ,2025/06,2025/06,2025-06-30,,11000,false,
a03RB00001NswnrYAB,株式会社シアーズホーム(旧：株式会社サンタ不動産）_2025/07,a0BRB00000ynn5X2AQ,2025/07,2025/07,2025-07-31,,11000,false,
a03RB00001NswnsYAB,株式会社シアーズホーム(旧：株式会社サンタ不動産）_2025/08,a0BRB00000ynn5X2AQ,2025/08,2025/08,2025-08-31,,11000,false,
a03RB00001NswntYAB,株式会社シアーズホーム(旧：株式会社サンタ不動産）_2025/09,a0BRB00000ynn5X2AQ,2025/09,2025/09,2025-09-30,,11000,false,
a03RB00001NswnuYAB,株式会社シアーズホーム(旧：株式会社サンタ不動産）_2025/10,a0BRB00000ynn5X2AQ,2025/10,2025/10,2025-10-31,,11000,false,
a03RB00001NswnvYAB,株式会社シアーズホーム(旧：株式会社サンタ不動産）_2025/11,a0BRB00000ynn5X2AQ,2025/11,2025/11,2025-11-30,,11000,false,
a03RB00001NswnwYAB,株式会社シアーズホーム(旧：株式会社サンタ不動産）_2025/12,a0BRB00000ynn5X2AQ,2025/12,2025/12,2025-12-31,,11000,false,
a03RB00001NswnxYAB,株式会社シアーズホーム(旧：株式会社サンタ不動産）_2026/01,a0BRB00000ynn5X2AQ,2026/01,2026/01,2026-01-31,,11000,false,
a03RB00001NswnyYAB,株式会社シアーズホーム(旧：株式会社サンタ不動産）_2026/02,a0BRB00000ynn5X2AQ,2026/02,2026/02,2026-02-28,,11000,false,
a03RB00001NswnzYAB,株式会社シアーズホーム(旧：株式会社サンタ不動産）_2026/03,a0BRB00000ynn5X2AQ,2026/03,2026/03,2026-03-31,,11000,false,
a03RB00001Nswo0YAB,株式会社ヨコハマ地所_2025/02,a0BRB00000ynn5Y2AQ,2025/02,2025/02,2025-02-28,,11000,false,
a03RB00001Nswo1YAB,株式会社ヨコハマ地所_2025/03,a0BRB00000ynn5Y2AQ,2025/03,2025/03,2025-03-31,,11000,false,
a03RB00001Nswo2YAB,株式会社ヨコハマ地所_2025/04,a0BRB00000ynn5Y2AQ,2025/04,2025/04,2025-04-30,,11000,false,
a03RB00001Nswo3YAB,株式会社ヨコハマ地所_2025/05,a0BRB00000ynn5Y2AQ,2025/05,2025/05,2025-05-31,,11000,false,
a03RB00001Nswo4YAB,株式会社ヨコハマ地所_2025/06,a0BRB00000ynn5Y2AQ,2025/06,2025/06,2025-06-30,,11000,false,
a03RB00001Nswo5YAB,株式会社ヨコハマ地所_2025/07,a0BRB00000ynn5Y2AQ,2025/07,2025/07,2025-07-31,,11000,false,
a03RB00001Nswo6YAB,株式会社ヨコハマ地所_2025/08,a0BRB00000ynn5Y2AQ,2025/08,2025/08,2025-08-31,,11000,false,
a03RB00001Nswo7YAB,株式会社ヨコハマ地所_2025/09,a0BRB00000ynn5Y2AQ,2025/09,2025/09,2025-09-30,,11000,false,
a03RB00001Nswo8YAB,株式会社ヨコハマ地所_2025/10,a0BRB00000ynn5Y2AQ,2025/10,2025/10,2025-10-31,,11000,false,
a03RB00001Nswo9YAB,株式会社ヨコハマ地所_2025/11,a0BRB00000ynn5Y2AQ,2025/11,2025/11,2025-11-30,,11000,false,
a03RB00001NswoAYAR,株式会社ヨコハマ地所_2025/12,a0BRB00000ynn5Y2AQ,2025/12,2025/12,2025-12-31,,11000,false,
a03RB00001NswoBYAR,株式会社ヨコハマ地所_2026/01,a0BRB00000ynn5Y2AQ,2026/01,2026/01,2026-01-31,,11000,false,
a03RB00001NswoCYAR,株式会社ヨコハマ地所_2026/02,a0BRB00000ynn5Y2AQ,2026/02,2026/02,2026-02-28,,11000,false,
a03RB00001NswoDYAR,株式会社ヨコハマ地所_2026/03,a0BRB00000ynn5Y2AQ,2026/03,2026/03,2026-03-31,,11000,false,
a03RB00001NswoEYAR,株式会社ヨコハマ地所_2026/04,a0BRB00000ynn5Y2AQ,2026/04,2026/04,2026-04-30,,11000,false,
a03RB00001NswoFYAR,株式会社ヨコハマ地所_2026/05,a0BRB00000ynn5Y2AQ,2026/05,2026/05,2026-05-31,,11000,false,
a03RB00001NswoGYAR,株式会社Housebank千葉_2025/01,a0BRB00000ynn5a2AA,2025/01,2025/01,2025-01-31,,11000,false,
a03RB00001NswoHYAR,株式会社Housebank千葉_2025/02,a0BRB00000ynn5a2AA,2025/02,2025/02,2025-02-28,,11000,false,
a03RB00001NswoIYAR,株式会社Housebank千葉_2025/01,a0BRB00000ynn5a2AA,2025/01,2025/01,2025-01-31,,55000,false,
a03RB00001NswoJYAR,株式会社Housebank千葉_2025/02,a0BRB00000ynn5a2AA,2025/02,2025/02,2025-02-28,,55000,false,
a03RB00001NswoKYAR,株式会社Housebank千葉_2025/03,a0BRB00000ynn5a2AA,2025/03,2025/03,2025-03-31,,55000,false,
a03RB00001NswoLYAR,株式会社Housebank千葉_2025/04,a0BRB00000ynn5a2AA,2025/04,2025/04,2025-04-30,,55000,false,
a03RB00001NswoMYAR,株式会社Housebank千葉_2025/05,a0BRB00000ynn5a2AA,2025/05,2025/05,2025-05-31,,55000,false,
a03RB00001NswoNYAR,株式会社Housebank千葉_2025/06,a0BRB00000ynn5a2AA,2025/06,2025/06,2025-06-30,,55000,false,
a03RB00001NswoOYAR,株式会社Housebank千葉_2025/07,a0BRB00000ynn5a2AA,2025/07,2025/07,2025-07-31,,55000,false,
a03RB00001NswoPYAR,株式会社Housebank千葉_2025/08,a0BRB00000ynn5a2AA,2025/08,2025/08,2025-08-31,,55000,false,
a03RB00001NswoQYAR,株式会社Housebank千葉_2025/09,a0BRB00000ynn5a2AA,2025/09,2025/09,2025-09-30,,55000,false,
a03RB00001NswoRYAR,株式会社Housebank千葉_2025/10,a0BRB00000ynn5a2AA,2025/10,2025/10,2025-10-31,,55000,false,
a03RB00001NswoSYAR,株式会社Housebank千葉_2025/11,a0BRB00000ynn5a2AA,2025/11,2025/11,2025-11-30,,55000,false,
a03RB00001NswoTYAR,株式会社Housebank千葉_2025/12,a0BRB00000ynn5a2AA,2025/12,2025/12,2025-12-31,,55000,false,
a03RB00001NswoUYAR,株式会社Housebank千葉_2026/01,a0BRB00000ynn5a2AA,2026/01,2026/01,2026-01-31,,55000,false,
a03RB00001NswoVYAR,株式会社Housebank千葉_2026/02,a0BRB00000ynn5a2AA,2026/02,2026/02,2026-02-28,,55000,false,
a03RB00001NswoWYAR,株式会社Housebank千葉_2026/03,a0BRB00000ynn5a2AA,2026/03,2026/03,2026-03-31,,55000,false,
a03RB00001NswoXYAR,株式会社Housebank千葉_2026/04,a0BRB00000ynn5a2AA,2026/04,2026/04,2026-04-30,,55000,false,
a03RB00001NswoYYAR,株式会社Housebank千葉_2026/05,a0BRB00000ynn5a2AA,2026/05,2026/05,2026-05-31,,55000,false,
a03RB00001NswoZYAR,株式会社エージェント_2025/02,a0BRB00000ynn5b2AA,2025/02,2025/02,2025-02-28,,11000,false,
a03RB00001NswoaYAB,株式会社エージェント_2025/03,a0BRB00000ynn5b2AA,2025/03,2025/03,2025-03-31,,11000,false,
a03RB00001NswobYAB,株式会社エージェント_2025/04,a0BRB00000ynn5b2AA,2025/04,2025/04,2025-04-30,,11000,false,
a03RB00001NswocYAB,株式会社エージェント_2025/05,a0BRB00000ynn5b2AA,2025/05,2025/05,2025-05-31,,11000,false,
a03RB00001NswodYAB,株式会社エージェント_2025/06,a0BRB00000ynn5b2AA,2025/06,2025/06,2025-06-30,,11000,false,
a03RB00001NswoeYAB,株式会社エージェント_2025/07,a0BRB00000ynn5b2AA,2025/07,2025/07,2025-07-31,,11000,false,
a03RB00001NswofYAB,株式会社エージェント_2025/08,a0BRB00000ynn5b2AA,2025/08,2025/08,2025-08-31,,11000,false,
a03RB00001NswogYAB,株式会社エージェント_2025/09,a0BRB00000ynn5b2AA,2025/09,2025/09,2025-09-30,,11000,false,
a03RB00001NswohYAB,株式会社エージェント_2025/10,a0BRB00000ynn5b2AA,2025/10,2025/10,2025-10-31,,11000,false,
a03RB00001NswoiYAB,株式会社エージェント_2025/11,a0BRB00000ynn5b2AA,2025/11,2025/11,2025-11-30,,11000,false,
a03RB00001NswojYAB,株式会社エージェント_2025/12,a0BRB00000ynn5b2AA,2025/12,2025/12,2025-12-31,,11000,false,
a03RB00001NswokYAB,株式会社エージェント_2026/01,a0BRB00000ynn5b2AA,2026/01,2026/01,2026-01-31,,11000,false,
a03RB00001NswolYAB,株式会社エージェント_2026/02,a0BRB00000ynn5b2AA,2026/02,2026/02,2026-02-28,,11000,false,
a03RB00001NswomYAB,株式会社エージェント_2026/03,a0BRB00000ynn5b2AA,2026/03,2026/03,2026-03-31,,11000,false,
a03RB00001NswonYAB,株式会社エージェント_2026/04,a0BRB00000ynn5b2AA,2026/04,2026/04,2026-04-30,,11000,false,
a03RB00001NswooYAB,株式会社エージェント_2026/05,a0BRB00000ynn5b2AA,2026/05,2026/05,2026-05-31,,11000,false,
a03RB00001NswopYAB,株式会社ヤマユウ_2025/01,a0BRB00000ynn5c2AA,2025/01,2025/01,2025-01-31,,11000,false,
a03RB00001NswoqYAB,株式会社ヤマユウ_2025/02,a0BRB00000ynn5c2AA,2025/02,2025/02,2025-02-28,,11000,false,
a03RB00001NsworYAB,株式会社ヤマユウ_2025/03,a0BRB00000ynn5c2AA,2025/03,2025/03,2025-03-31,,11000,false,
a03RB00001NswosYAB,株式会社ヤマユウ_2025/04,a0BRB00000ynn5c2AA,2025/04,2025/04,2025-04-30,,11000,false,
a03RB00001NswotYAB,株式会社ヤマユウ_2025/05,a0BRB00000ynn5c2AA,2025/05,2025/05,2025-05-31,,11000,false,
a03RB00001NswouYAB,株式会社ヤマユウ_2025/06,a0BRB00000ynn5c2AA,2025/06,2025/06,2025-06-30,,11000,false,
a03RB00001NswovYAB,株式会社ヤマユウ_2025/07,a0BRB00000ynn5c2AA,2025/07,2025/07,2025-07-31,,11000,false,
a03RB00001NswowYAB,株式会社ヤマユウ_2025/08,a0BRB00000ynn5c2AA,2025/08,2025/08,2025-08-31,,11000,false,
a03RB00001NswoxYAB,株式会社ヤマユウ_2025/09,a0BRB00000ynn5c2AA,2025/09,2025/09,2025-09-30,,11000,false,
a03RB00001NswoyYAB,株式会社ヤマユウ_2025/10,a0BRB00000ynn5c2AA,2025/10,2025/10,2025-10-31,,11000,false,
a03RB00001NswozYAB,株式会社ヤマユウ_2025/11,a0BRB00000ynn5c2AA,2025/11,2025/11,2025-11-30,,11000,false,
a03RB00001Nswp0YAB,株式会社ヤマユウ_2025/12,a0BRB00000ynn5c2AA,2025/12,2025/12,2025-12-31,,11000,false,
a03RB00001Nswp1YAB,株式会社博進コスモプラザ_2025/02,a0BRB00000ynn5d2AA,2025/02,2025/02,2025-02-28,,11000,false,
a03RB00001Nswp2YAB,株式会社博進コスモプラザ_2025/03,a0BRB00000ynn5d2AA,2025/03,2025/03,2025-03-31,,11000,false,
a03RB00001Nswp3YAB,株式会社博進コスモプラザ_2025/04,a0BRB00000ynn5d2AA,2025/04,2025/04,2025-04-30,,11000,false,
a03RB00001Nswp4YAB,株式会社博進コスモプラザ_2025/05,a0BRB00000ynn5d2AA,2025/05,2025/05,2025-05-31,,11000,false,
a03RB00001Nswp5YAB,株式会社博進コスモプラザ_2025/06,a0BRB00000ynn5d2AA,2025/06,2025/06,2025-06-30,,11000,false,
a03RB00001Nswp6YAB,株式会社博進コスモプラザ_2025/07,a0BRB00000ynn5d2AA,2025/07,2025/07,2025-07-31,,11000,false,
a03RB00001Nswp7YAB,株式会社博進コスモプラザ_2025/08,a0BRB00000ynn5d2AA,2025/08,2025/08,2025-08-31,,11000,false,
a03RB00001Nswp8YAB,株式会社博進コスモプラザ_2025/09,a0BRB00000ynn5d2AA,2025/09,2025/09,2025-09-30,,11000,false,
a03RB00001Nswp9YAB,株式会社博進コスモプラザ_2025/10,a0BRB00000ynn5d2AA,2025/10,2025/10,2025-10-31,,11000,false,
a03RB00001NswpAYAR,株式会社博進コスモプラザ_2025/11,a0BRB00000ynn5d2AA,2025/11,2025/11,2025-11-30,,11000,false,
a03RB00001NswpBYAR,株式会社博進コスモプラザ_2025/12,a0BRB00000ynn5d2AA,2025/12,2025/12,2025-12-31,,11000,false,
a03RB00001NswpCYAR,株式会社博進コスモプラザ_2026/01,a0BRB00000ynn5d2AA,2026/01,2026/01,2026-01-31,,11000,false,
a03RB00001NswpDYAR,株式会社博進コスモプラザ_2026/02,a0BRB00000ynn5d2AA,2026/02,2026/02,2026-02-28,,11000,false,
a03RB00001NswpEYAR,株式会社博進コスモプラザ_2026/03,a0BRB00000ynn5d2AA,2026/03,2026/03,2026-03-31,,11000,false,
a03RB00001NswpFYAR,株式会社博進コスモプラザ_2026/04,a0BRB00000ynn5d2AA,2026/04,2026/04,2026-04-30,,11000,false,
a03RB00001NswpGYAR,株式会社博進コスモプラザ_2026/05,a0BRB00000ynn5d2AA,2026/05,2026/05,2026-05-31,,11000,false,
a03RB00001NswpHYAR,富士ハウジング神戸支店_2025/01,a0BRB00000ynn5e2AA,2025/01,2025/01,2025-01-31,,55000,false,
a03RB00001NswpIYAR,富士ハウジング神戸支店_2025/02,a0BRB00000ynn5e2AA,2025/02,2025/02,2025-02-28,,55000,false,
a03RB00001NswpJYAR,富士ハウジング神戸支店_2025/03,a0BRB00000ynn5e2AA,2025/03,2025/03,2025-03-31,,55000,false,
a03RB00001NswpKYAR,富士ハウジング神戸支店_2025/04,a0BRB00000ynn5e2AA,2025/04,2025/04,2025-04-30,,55000,false,
a03RB00001NswpLYAR,富士ハウジング神戸支店_2025/05,a0BRB00000ynn5e2AA,2025/05,2025/05,2025-05-31,,55000,false,
a03RB00001NswpMYAR,富士ハウジング神戸支店_2025/06,a0BRB00000ynn5e2AA,2025/06,2025/06,2025-06-30,,55000,false,
a03RB00001NswpNYAR,富士ハウジング神戸支店_2025/07,a0BRB00000ynn5e2AA,2025/07,2025/07,2025-07-31,,55000,false,
a03RB00001NswpOYAR,富士ハウジング神戸支店_2025/08,a0BRB00000ynn5e2AA,2025/08,2025/08,2025-08-31,,55000,false,
a03RB00001NswpPYAR,富士ハウジング神戸支店_2025/10,a0BRB00000ynn5e2AA,2025/10,2025/10,2025-10-31,,55000,false,
a03RB00001NswpQYAR,富士ハウジング神戸支店_2025/11,a0BRB00000ynn5e2AA,2025/11,2025/11,2025-11-30,,55000,false,
a03RB00001NswpRYAR,富士ハウジング神戸支店_2025/12,a0BRB00000ynn5e2AA,2025/12,2025/12,2025-12-31,,55000,false,
a03RB00001NswpSYAR,富士ハウジング神戸支店_2026/01,a0BRB00000ynn5e2AA,2026/01,2026/01,2026-01-31,,55000,false,
a03RB00001NswpTYAR,株式会社香川不動産買取センター_2025/03,a0BRB00000ynn5f2AA,2025/03,2025/03,2025-03-31,11000,11000,false,true
a03RB00001NswpUYAR,株式会社香川不動産買取センター_2025/04,a0BRB00000ynn5f2AA,2025/04,2025/04,2025-04-30,11000,11000,false,true
a03RB00001NswpVYAR,株式会社香川不動産買取センター_2025/05,a0BRB00000ynn5f2AA,2025/05,2025/05,2025-05-31,11000,11000,false,true
a03RB00001NswpWYAR,株式会社香川不動産買取センター_2025/06,a0BRB00000ynn5f2AA,2025/06,2025/06,2025-06-30,11000,11000,false,true
a03RB00001NswpXYAR,株式会社香川不動産買取センター_2025/07,a0BRB00000ynn5f2AA,2025/07,2025/07,2025-07-31,11000,11000,false,true
a03RB00001NswpYYAR,株式会社香川不動産買取センター_2025/08,a0BRB00000ynn5f2AA,2025/08,2025/08,2025-08-31,11000,11000,false,true
a03RB00001NswpZYAR,株式会社香川不動産買取センター_2025/09,a0BRB00000ynn5f2AA,2025/09,2025/09,2025-09-30,11000,11000,false,true
a03RB00001NswpaYAB,株式会社香川不動産買取センター_2025/10,a0BRB00000ynn5f2AA,2025/10,2025/10,2025-10-31,11000,11000,false,true
a03RB00001NswpbYAB,株式会社香川不動産買取センター_2025/11,a0BRB00000ynn5f2AA,2025/11,2025/11,2025-11-30,11000,11000,false,true
a03RB00001NswpcYAB,株式会社香川不動産買取センター_2025/12,a0BRB00000ynn5f2AA,2025/12,2025/12,2025-12-31,11000,11000,false,true
a03RB00001NswpdYAB,株式会社香川不動産買取センター_2026/01,a0BRB00000ynn5f2AA,2026/01,2026/01,2026-01-31,11000,11000,false,true
a03RB00001NswpeYAB,株式会社香川不動産買取センター_2026/02,a0BRB00000ynn5f2AA,2026/02,2026/02,2026-02-28,11000,11000,false,true
a03RB00001NswpfYAB,株式会社香川不動産買取センター_2026/03,a0BRB00000ynn5f2AA,2026/03,2026/03,2026-03-31,11000,11000,false,true
a03RB00001NswpgYAB,株式会社香川不動産買取センター_2026/04,a0BRB00000ynn5f2AA,2026/04,2026/04,2026-04-30,11000,11000,false,true
a03RB00001NswphYAB,株式会社香川不動産買取センター_2026/05,a0BRB00000ynn5f2AA,2026/05,2026/05,2026-05-31,11000,11000,false,true
a03RB00001NswpiYAB,リユースせいわ 西和不動産株式会社 栗東店_2025/04,a0BRB00000ynn5g2AA,2025/04,2025/04,2025-04-30,,11000,false,
a03RB00001NswpjYAB,リユースせいわ 西和不動産株式会社 栗東店_2025/05,a0BRB00000ynn5g2AA,2025/05,2025/05,2025-05-31,,11000,false,
a03RB00001NswpkYAB,リユースせいわ 西和不動産株式会社 栗東店_2025/06,a0BRB00000ynn5g2AA,2025/06,2025/06,2025-06-30,,11000,false,
a03RB00001NswplYAB,リユースせいわ 西和不動産株式会社 栗東店_2025/07,a0BRB00000ynn5g2AA,2025/07,2025/07,2025-07-31,,11000,false,
a03RB00001NswpmYAB,リユースせいわ 西和不動産株式会社 栗東店_2025/08,a0BRB00000ynn5g2AA,2025/08,2025/08,2025-08-31,,11000,false,
a03RB00001NswpnYAB,リユースせいわ 西和不動産株式会社 栗東店_2025/09,a0BRB00000ynn5g2AA,2025/09,2025/09,2025-09-30,,11000,false,
a03RB00001NswpoYAB,リユースせいわ 西和不動産株式会社 栗東店_2025/10,a0BRB00000ynn5g2AA,2025/10,2025/10,2025-10-31,,11000,false,
a03RB00001NswppYAB,リユースせいわ 西和不動産株式会社 栗東店_2025/11,a0BRB00000ynn5g2AA,2025/11,2025/11,2025-11-30,,11000,false,
a03RB00001NswpqYAB,リユースせいわ 西和不動産株式会社 栗東店_2025/12,a0BRB00000ynn5g2AA,2025/12,2025/12,2025-12-31,,11000,false,
a03RB00001NswprYAB,リユースせいわ 西和不動産株式会社 栗東店_2026/01,a0BRB00000ynn5g2AA,2026/01,2026/01,2026-01-31,,11000,false,
a03RB00001NswpsYAB,リユースせいわ 西和不動産株式会社 栗東店_2026/02,a0BRB00000ynn5g2AA,2026/02,2026/02,2026-02-28,,11000,false,
a03RB00001NswptYAB,リユースせいわ 西和不動産株式会社 栗東店_2026/04,a0BRB00000ynn5g2AA,2026/04,2026/04,2026-04-30,,11000,false,
a03RB00001NswpuYAB,リユースせいわ 西和不動産株式会社 栗東店_2026/05,a0BRB00000ynn5g2AA,2026/05,2026/05,2026-05-31,,11000,false,
a03RB00001NswpvYAB,リユースせいわ 西和不動産株式会社 栗東店_2026/06,a0BRB00000ynn5g2AA,2026/06,2026/06,2026-06-30,,11000,false,
a03RB00001NswpwYAB,西和不動産株式会社 イエしが 草津店_2025/04,a0BRB00000ynn5h2AA,2025/04,2025/04,2025-04-30,,11000,false,
a03RB00001NswpxYAB,西和不動産株式会社 イエしが 草津店_2025/05,a0BRB00000ynn5h2AA,2025/05,2025/05,2025-05-31,,11000,false,
a03RB00001NswpyYAB,西和不動産株式会社 イエしが 草津店_2025/06,a0BRB00000ynn5h2AA,2025/06,2025/06,2025-06-30,,11000,false,
a03RB00001NswpzYAB,西和不動産株式会社 イエしが 大津店_2025/03,a0BRB00000ynn5i2AA,2025/03,2025/03,2025-03-31,,,false,
a03RB00001Nswq0YAB,西和不動産株式会社 イエしが 大津店_2025/04,a0BRB00000ynn5i2AA,2025/04,2025/04,2025-04-30,,11000,false,
a03RB00001Nswq1YAB,西和不動産株式会社 イエしが 大津店_2025/05,a0BRB00000ynn5i2AA,2025/05,2025/05,2025-05-31,,11000,false,
a03RB00001Nswq2YAB,株式会社サンホームズ_2025/04,a0BRB00000ynn5j2AA,2025/04,2025/04,2025-04-30,,11000,false,
a03RB00001Nswq3YAB,株式会社サンホームズ_2025/05,a0BRB00000ynn5j2AA,2025/05,2025/05,2025-05-31,,11000,false,
a03RB00001Nswq4YAB,株式会社サンホームズ_2025/06,a0BRB00000ynn5j2AA,2025/06,2025/06,2025-06-30,,11000,false,
a03RB00001Nswq5YAB,株式会社サンホームズ_2025/07,a0BRB00000ynn5j2AA,2025/07,2025/07,2025-07-31,,11000,false,
a03RB00001Nswq6YAB,株式会社サンホームズ_2025/08,a0BRB00000ynn5j2AA,2025/08,2025/08,2025-08-31,,11000,false,
a03RB00001Nswq7YAB,株式会社サンホームズ_2025/09,a0BRB00000ynn5j2AA,2025/09,2025/09,2025-09-30,,11000,false,
a03RB00001Nswq8YAB,株式会社サンホームズ_2025/10,a0BRB00000ynn5j2AA,2025/10,2025/10,2025-10-31,,11000,false,
a03RB00001Nswq9YAB,株式会社サンホームズ_2025/11,a0BRB00000ynn5j2AA,2025/11,2025/11,2025-11-30,,11000,false,
a03RB00001NswqAYAR,株式会社サンホームズ_2025/12,a0BRB00000ynn5j2AA,2025/12,2025/12,2025-12-31,,11000,false,
a03RB00001NswqBYAR,有限会社山陽不動産_2025/04,a0BRB00000ynn5k2AA,2025/04,2025/04,2025-04-30,,11000,false,
a03RB00001NswqCYAR,株式会社Machidaホールディングス_2025/04,a0BRB00000ynn5l2AA,2025/04,2025/04,2025-04-30,,11000,false,
a03RB00001NswqDYAR,株式会社Machidaホールディングス_2025/05,a0BRB00000ynn5l2AA,2025/05,2025/05,2025-05-31,,11000,false,
a03RB00001NswqEYAR,株式会社Machidaホールディングス_2025/06,a0BRB00000ynn5l2AA,2025/06,2025/06,2025-06-30,,11000,false,
a03RB00001NswqFYAR,株式会社Machidaホールディングス_2025/07,a0BRB00000ynn5l2AA,2025/07,2025/07,2025-07-31,,11000,false,
a03RB00001NswqGYAR,株式会社Machidaホールディングス_2025/08,a0BRB00000ynn5l2AA,2025/08,2025/08,2025-08-31,,11000,false,
a03RB00001NswqHYAR,株式会社Machidaホールディングス_2025/09,a0BRB00000ynn5l2AA,2025/09,2025/09,2025-09-30,,11000,false,
a03RB00001NswqIYAR,株式会社Machidaホールディングス_2025/10,a0BRB00000ynn5l2AA,2025/10,2025/10,2025-10-31,,11000,false,
a03RB00001NswqJYAR,株式会社Machidaホールディングス_2025/11,a0BRB00000ynn5l2AA,2025/11,2025/11,2025-11-30,,11000,false,
a03RB00001NswqKYAR,株式会社Machidaホールディングス_2025/12,a0BRB00000ynn5l2AA,2025/12,2025/12,2025-12-31,,11000,false,
a03RB00001NswqLYAR,株式会社西武開発_2025/04,a0BRB00000ynn5m2AA,2025/04,2025/04,2025-04-30,,26400,false,
a03RB00001NswqMYAR,株式会社西武開発_2025/05,a0BRB00000ynn5m2AA,2025/05,2025/05,2025-05-31,,26400,false,
a03RB00001NswqNYAR,株式会社西武開発_2025/06,a0BRB00000ynn5m2AA,2025/06,2025/06,2025-06-30,,26400,false,
a03RB00001NswqOYAR,株式会社西武開発_2025/07,a0BRB00000ynn5m2AA,2025/07,2025/07,2025-07-31,,26400,false,
a03RB00001NswqPYAR,株式会社西武開発_2025/08,a0BRB00000ynn5m2AA,2025/08,2025/08,2025-08-31,,26400,false,
a03RB00001NswqQYAR,株式会社西武開発_2025/09,a0BRB00000ynn5m2AA,2025/09,2025/09,2025-09-30,,26400,false,
a03RB00001NswqRYAR,株式会社西武開発_2025/10,a0BRB00000ynn5m2AA,2025/10,2025/10,2025-10-31,,26400,false,
a03RB00001NswqSYAR,株式会社西武開発_2025/11,a0BRB00000ynn5m2AA,2025/11,2025/11,2025-11-30,,26400,false,
a03RB00001NswqTYAR,株式会社西武開発_2025/12,a0BRB00000ynn5m2AA,2025/12,2025/12,2025-12-31,,26400,false,
a03RB00001NswqUYAR,株式会社西武開発_2026/01,a0BRB00000ynn5m2AA,2026/01,2026/01,2026-01-31,,26400,false,
a03RB00001NswqVYAR,株式会社西武開発_2026/02,a0BRB00000ynn5m2AA,2026/02,2026/02,2026-02-28,,26400,false,
a03RB00001NswqWYAR,株式会社西武開発_2026/03,a0BRB00000ynn5m2AA,2026/03,2026/03,2026-03-31,,26400,false,
a03RB00001NswqXYAR,中尾建設工業株式会社(ナカオホーム)_2025/04,a0BRB00000ynn5n2AA,2025/04,2025/04,2025-04-30,,11000,false,
a03RB00001NswqYYAR,中尾建設工業株式会社(ナカオホーム)_2025/05,a0BRB00000ynn5n2AA,2025/05,2025/05,2025-05-31,,11000,false,
a03RB00001NswqZYAR,中尾建設工業株式会社(ナカオホーム)_2025/06,a0BRB00000ynn5n2AA,2025/06,2025/06,2025-06-30,,11000,false,
a03RB00001NswqaYAB,中尾建設工業株式会社(ナカオホーム)_2025/10,a0BRB00000ynn5n2AA,2025/10,2025/10,2025-10-31,,11000,false,
a03RB00001NswqbYAB,株式会社ハートランド_2025/04,a0BRB00000ynn5o2AA,2025/04,2025/04,2025-04-30,,11000,false,
a03RB00001NswqcYAB,株式会社ハートランド_2025/05,a0BRB00000ynn5o2AA,2025/05,2025/05,2025-05-31,,11000,false,
a03RB00001NswqdYAB,株式会社ハートランド_2025/06,a0BRB00000ynn5o2AA,2025/06,2025/06,2025-06-30,,11000,false,
a03RB00001NswqeYAB,株式会社ハートランド_2025/07,a0BRB00000ynn5o2AA,2025/07,2025/07,2025-07-31,,11000,false,
a03RB00001NswqfYAB,株式会社ハートランド_2025/08,a0BRB00000ynn5o2AA,2025/08,2025/08,2025-08-31,,11000,false,
a03RB00001NswqgYAB,株式会社ハートランド_2025/09,a0BRB00000ynn5o2AA,2025/09,2025/09,2025-09-30,,11000,false,
a03RB00001NswqhYAB,株式会社ハートランド_2025/10,a0BRB00000ynn5o2AA,2025/10,2025/10,2025-10-31,,11000,false,
a03RB00001NswqiYAB,株式会社ハートランド_2025/11,a0BRB00000ynn5o2AA,2025/11,2025/11,2025-11-30,,11000,false,
a03RB00001NswqjYAB,株式会社ハートランド_2025/12,a0BRB00000ynn5o2AA,2025/12,2025/12,2025-12-31,,11000,false,
a03RB00001NswqkYAB,株式会社ハートランド_2026/01,a0BRB00000ynn5o2AA,2026/01,2026/01,2026-01-31,,11000,false,
a03RB00001NswqlYAB,株式会社ハートランド_2026/02,a0BRB00000ynn5o2AA,2026/02,2026/02,2026-02-28,,11000,false,
a03RB00001NswqmYAB,株式会社ハートランド_2026/03,a0BRB00000ynn5o2AA,2026/03,2026/03,2026-03-31,,11000,false,
a03RB00001NswqnYAB,株式会社ハートランド_2026/04,a0BRB00000ynn5o2AA,2026/04,2026/04,2026-04-30,,11000,false,
a03RB00001NswqoYAB,株式会社ハートランド_2026/05,a0BRB00000ynn5o2AA,2026/05,2026/05,2026-05-31,,11000,false,
a03RB00001NswqpYAB,株式会社ハートランド_2026/06,a0BRB00000ynn5o2AA,2026/06,2026/06,2026-06-30,,11000,false,
a03RB00001NswqqYAB,ONETEAM不動産_2025/06,a0BRB00000ynn5p2AA,2025/06,2025/06,2025-06-30,55000,55000,false,true
a03RB00001NswqrYAB,ONETEAM不動産_2025/07,a0BRB00000ynn5p2AA,2025/07,2025/07,2025-07-31,11000,11000,false,true
a03RB00001NswqsYAB,ONETEAM不動産_2025/08,a0BRB00000ynn5p2AA,2025/08,2025/08,2025-08-31,11000,11000,false,true
a03RB00001NswqtYAB,ONETEAM不動産_2025/09,a0BRB00000ynn5p2AA,2025/09,2025/09,2025-09-30,11000,11000,false,true
a03RB00001NswquYAB,ONETEAM不動産_2025/10,a0BRB00000ynn5p2AA,2025/10,2025/10,2025-10-31,11000,11000,false,true
a03RB00001NswqvYAB,ONETEAM不動産_2025/11,a0BRB00000ynn5p2AA,2025/11,2025/11,2025-11-30,11000,11000,false,true
a03RB00001NswqwYAB,ONETEAM不動産_2025/12,a0BRB00000ynn5p2AA,2025/12,2025/12,2025-12-31,11000,11000,false,true
a03RB00001NswqxYAB,ONETEAM不動産_2026/01,a0BRB00000ynn5p2AA,2026/01,2026/01,2026-01-31,11000,11000,false,true
a03RB00001NswqyYAB,ONETEAM不動産_2026/02,a0BRB00000ynn5p2AA,2026/02,2026/02,2026-02-28,11000,11000,false,true
a03RB00001NswqzYAB,ONETEAM不動産_2026/03,a0BRB00000ynn5p2AA,2026/03,2026/03,2026-03-31,11000,11000,false,true
a03RB00001Nswr0YAB,ONETEAM不動産_2026/04,a0BRB00000ynn5p2AA,2026/04,2026/04,2026-04-30,11000,11000,false,true
a03RB00001Nswr1YAB,ONETEAM不動産_2026/05,a0BRB00000ynn5p2AA,2026/05,2026/05,2026-05-31,11000,11000,false,true
a03RB00001Nswr2YAB,松栄不動産株式会社_2025/06,a0BRB00000ynn5q2AA,2025/06,2025/06,2025-06-30,,11000,false,
a03RB00001Nswr3YAB,松栄不動産株式会社_2025/07,a0BRB00000ynn5q2AA,2025/07,2025/07,2025-07-31,,11000,false,
a03RB00001Nswr4YAB,松栄不動産株式会社_2025/08,a0BRB00000ynn5q2AA,2025/08,2025/08,2025-08-31,,11000,false,
a03RB00001Nswr5YAB,松栄不動産株式会社_2025/09,a0BRB00000ynn5q2AA,2025/09,2025/09,2025-09-30,,11000,false,
a03RB00001Nswr6YAB,松栄不動産株式会社_2025/10,a0BRB00000ynn5q2AA,2025/10,2025/10,2025-10-31,,11000,false,
a03RB00001Nswr7YAB,松栄不動産株式会社_2025/11,a0BRB00000ynn5q2AA,2025/11,2025/11,2025-11-30,,11000,false,
a03RB00001Nswr8YAB,松栄不動産株式会社_2025/12,a0BRB00000ynn5q2AA,2025/12,2025/12,2025-12-31,,11000,false,
a03RB00001Nswr9YAB,松栄不動産株式会社_2026/01,a0BRB00000ynn5q2AA,2026/01,2026/01,2026-01-31,,11000,false,
a03RB00001NswrAYAR,松栄不動産株式会社_2026/02,a0BRB00000ynn5q2AA,2026/02,2026/02,2026-02-28,,11000,false,
a03RB00001NswrBYAR,松栄不動産株式会社_2026/03,a0BRB00000ynn5q2AA,2026/03,2026/03,2026-03-31,,11000,false,
a03RB00001NswrCYAR,松栄不動産株式会社_2026/04,a0BRB00000ynn5q2AA,2026/04,2026/04,2026-04-30,,11000,false,
a03RB00001NswrDYAR,松栄不動産株式会社_2026/05,a0BRB00000ynn5q2AA,2026/05,2026/05,2026-05-31,,11000,false,
a03RB00001NswrEYAR,TC神鋼不動産株式会社_2025/07,,2025/07,2025/07,2025-07-31,11000,11000,false,true
a03RB00001NswrFYAR,TC神鋼不動産株式会社_2025/08,,2025/08,2025/08,2025-08-31,11000,11000,false,true
a03RB00001NswrGYAR,TC神鋼不動産株式会社_2025/09,,2025/09,2025/09,2025-09-30,11000,11000,false,true
a03RB00001NswrHYAR,TC神鋼不動産株式会社_2025/10,,2025/10,2025/10,2025-10-31,11000,11000,false,true
a03RB00001NswrIYAR,TC神鋼不動産株式会社_2025/11,,2025/11,2025/11,2025-11-30,11000,11000,false,true
a03RB00001NswrJYAR,TC神鋼不動産株式会社_2025/12,,2025/12,2025/12,2025-12-31,11000,11000,false,true
a03RB00001NswrKYAR,TC神鋼不動産株式会社_2026/01,,2026/01,2026/01,2026-01-31,11000,11000,false,true
a03RB00001NswrLYAR,TC神鋼不動産株式会社_2026/02,,2026/02,2026/02,2026-02-28,11000,11000,false,true
a03RB00001NswrMYAR,TC神鋼不動産株式会社_2026/03,,2026/03,2026/03,2026-03-31,11000,11000,false,true
a03RB00001NswrNYAR,TC神鋼不動産株式会社_2026/04,,2026/04,2026/04,2026-04-30,11000,11000,false,true
a03RB00001NswrOYAR,TC神鋼不動産株式会社_2026/05,a0BRB0000124lpt2AA,2026/05,2026/05,2026-05-31,11000,11000,false,true
a03RB00001NswrPYAR,株式会社TAKUTO_2025/07,a0BRB00000ynn5s2AA,2025/07,2025/07,2025-07-31,11000,11000,false,true
a03RB00001NswrQYAR,株式会社TAKUTO_2025/08,a0BRB00000ynn5s2AA,2025/08,2025/08,2025-08-31,11000,11000,false,true
a03RB00001NswrRYAR,株式会社TAKUTO_2025/09,a0BRB00000ynn5s2AA,2025/09,2025/09,2025-09-30,11000,11000,false,true
a03RB00001NswrSYAR,株式会社TAKUTO_2025/10,a0BRB00000ynn5s2AA,2025/10,2025/10,2025-10-31,11000,11000,false,true
a03RB00001NswrTYAR,株式会社TAKUTO_2025/11,a0BRB00000ynn5s2AA,2025/11,2025/11,2025-11-30,11000,11000,false,true
a03RB00001NswrUYAR,株式会社TAKUTO_2025/12,a0BRB00000ynn5s2AA,2025/12,2025/12,2025-12-31,11000,11000,false,true
a03RB00001NswrVYAR,株式会社TAKUTO_2026/01,a0BRB00000ynn5s2AA,2026/01,2026/01,2026-01-31,11000,11000,false,true
a03RB00001NswrWYAR,株式会社TAKUTO_2026/02,a0BRB00000ynn5s2AA,2026/02,2026/02,2026-02-28,11000,11000,false,true
a03RB00001NswrXYAR,株式会社TAKUTO_2026/03,a0BRB00000ynn5s2AA,2026/03,2026/03,2026-03-31,11000,11000,false,true
a03RB00001NswrYYAR,株式会社TAKUTO_2026/04,a0BRB00000ynn5s2AA,2026/04,2026/04,2026-04-30,11000,11000,false,true
a03RB00001NswrZYAR,株式会社TAKUTO_2026/05,a0BRB00000ynn5s2AA,2026/05,2026/05,2026-05-31,11000,11000,false,true
a03RB00001NswraYAB,株式会社グローバルセンター_2025/08,a0BRB00000ynn5t2AA,2025/08,2025/08,2025-08-31,,11000,false,
a03RB00001NswrbYAB,株式会社グローバルセンター_2025/09,a0BRB00000ynn5t2AA,2025/09,2025/09,2025-09-30,,11000,false,
a03RB00001NswrcYAB,株式会社グローバルセンター_2025/10,a0BRB00000ynn5t2AA,2025/10,2025/10,2025-10-31,,11000,false,
a03RB00001NswrdYAB,ホームトレードセンター株式会社_2025/08,a0BRB00000ynn5u2AA,2025/08,2025/08,2025-08-31,,11000,false,
a03RB00001NswreYAB,ホームトレードセンター株式会社_2025/09,a0BRB00000ynn5u2AA,2025/09,2025/09,2025-09-30,,11000,false,
a03RB00001NswrfYAB,ホームトレードセンター株式会社_2025/10,a0BRB00000ynn5u2AA,2025/10,2025/10,2025-10-31,,11000,false,
a03RB00001NswrgYAB,ホームトレードセンター株式会社_2025/11,a0BRB00000ynn5u2AA,2025/11,2025/11,2025-11-30,,11000,false,
a03RB00001NswrhYAB,ホームトレードセンター株式会社_2025/12,a0BRB00000ynn5u2AA,2025/12,2025/12,2025-12-31,,11000,false,
a03RB00001NswriYAB,ホームトレードセンター株式会社_2026/01,a0BRB00000ynn5u2AA,2026/01,2026/01,2026-01-31,,11000,false,
a03RB00001NswrjYAB,ホームトレードセンター株式会社_2026/02,a0BRB00000ynn5u2AA,2026/02,2026/02,2026-02-28,,11000,false,
a03RB00001NswrkYAB,ホームトレードセンター株式会社_2026/03,a0BRB00000ynn5u2AA,2026/03,2026/03,2026-03-31,,11000,false,
a03RB00001NswrlYAB,ホームトレードセンター株式会社_2026/04,a0BRB00000ynn5u2AA,2026/04,2026/04,2026-04-30,,11000,false,
a03RB00001NswrmYAB,ホームトレードセンター株式会社_2026/05,a0BRB00000ynn5u2AA,2026/05,2026/05,2026-05-31,,11000,false,
a03RB00001NswrnYAB,株式会社アズスタット_2025/08,a0BRB00000ynn5v2AA,2025/08,2025/08,2025-08-31,,11000,false,
a03RB00001NswroYAB,株式会社アズスタット_2025/09,a0BRB00000ynn5v2AA,2025/09,2025/09,2025-09-30,,11000,false,
a03RB00001NswrpYAB,株式会社アズスタット_2025/10,a0BRB00000ynn5v2AA,2025/10,2025/10,2025-10-31,,11000,false,
a03RB00001NswrqYAB,株式会社アズスタット_2025/11,a0BRB00000ynn5v2AA,2025/11,2025/11,2025-11-30,,11000,false,
a03RB00001NswrrYAB,株式会社アズスタット_2025/12,a0BRB00000ynn5v2AA,2025/12,2025/12,2025-12-31,,11000,false,
a03RB00001NswrsYAB,株式会社アズスタット_2026/01,a0BRB00000ynn5v2AA,2026/01,2026/01,2026-01-31,,11000,false,
a03RB00001NswrtYAB,株式会社アズスタット_2026/02,a0BRB00000ynn5v2AA,2026/02,2026/02,2026-02-28,,11000,false,
a03RB00001NswruYAB,株式会社アズスタット_2026/03,a0BRB00000ynn5v2AA,2026/03,2026/03,2026-03-31,,11000,false,
a03RB00001NswrvYAB,株式会社アズスタット_2026/04,a0BRB00000ynn5v2AA,2026/04,2026/04,2026-04-30,,11000,false,
a03RB00001NswrwYAB,株式会社アズスタット_2026/05,a0BRB00000ynn5v2AA,2026/05,2026/05,2026-05-31,,11000,false,
a03RB00001NswrxYAB,株式会社 秀建_2025/08,a0BRB00000ynn5w2AA,2025/08,2025/08,2025-08-31,,11000,false,
a03RB00001NswryYAB,株式会社 秀建_2025/09,a0BRB00000ynn5w2AA,2025/09,2025/09,2025-09-30,,11000,false,
a03RB00001NswrzYAB,株式会社 秀建_2025/10,a0BRB00000ynn5w2AA,2025/10,2025/10,2025-10-31,,11000,false,
a03RB00001Nsws0YAB,株式会社 秀建_2025/11,a0BRB00000ynn5w2AA,2025/11,2025/11,2025-11-30,,11000,false,
a03RB00001Nsws1YAB,株式会社 秀建_2025/12,a0BRB00000ynn5w2AA,2025/12,2025/12,2025-12-31,,11000,false,
a03RB00001Nsws2YAB,株式会社アークフロンティア テラスエステート_2025/09,a0BRB00000ynn5x2AA,2025/09,2025/09,2025-09-30,,112000,false,
a03RB00001Nsws3YAB,株式会社アークフロンティア テラスエステート_2025/10,a0BRB00000ynn5x2AA,2025/10,2025/10,2025-10-31,,112000,false,
a03RB00001Nsws4YAB,株式会社アークフロンティア テラスエステート_2025/11,a0BRB00000ynn5x2AA,2025/11,2025/11,2025-11-30,,112000,false,
a03RB00001Nsws5YAB,株式会社アークフロンティア テラスエステート_2025/12,a0BRB00000ynn5x2AA,2025/12,2025/12,2025-12-31,,112000,false,
a03RB00001Nsws6YAB,株式会社アークフロンティア テラスエステート_2026/01,a0BRB00000ynn5x2AA,2026/01,2026/01,2026-01-31,,112000,false,
a03RB00001Nsws7YAB,株式会社アークフロンティア テラスエステート_2026/02,a0BRB00000ynn5x2AA,2026/02,2026/02,2026-02-28,,112000,false,
a03RB00001Nsws8YAB,株式会社アークフロンティア テラスエステート_2026/03,a0BRB00000ynn5x2AA,2026/03,2026/03,2026-03-31,,112000,false,
a03RB00001Nsws9YAB,株式会社レーベントラスト_2025/09,a0BRB00000ynn5y2AA,2025/09,2025/09,2025-09-30,,55000,false,
a03RB00001NswsAYAR,株式会社レーベントラスト_2025/10,a0BRB00000ynn5y2AA,2025/10,2025/10,2025-10-31,,55000,false,
a03RB00001NswsBYAR,株式会社レーベントラスト_2025/11,a0BRB00000ynn5y2AA,2025/11,2025/11,2025-11-30,,55000,false,
a03RB00001NswsCYAR,株式会社レーベントラスト_2025/12,a0BRB00000ynn5y2AA,2025/12,2025/12,2025-12-31,,55000,false,
a03RB00001NswsDYAR,株式会社レーベントラスト_2026/01,a0BRB00000ynn5y2AA,2026/01,2026/01,2026-01-31,,55000,false,
a03RB00001NswsEYAR,株式会社レーベントラスト_2026/02,a0BRB00000ynn5y2AA,2026/02,2026/02,2026-02-28,,55000,false,
a03RB00001NswsFYAR,株式会社レーベントラスト_2026/03,a0BRB00000ynn5y2AA,2026/03,2026/03,2026-03-31,,55000,false,
a03RB00001NswsGYAR,株式会社レーベントラスト_2026/04,a0BRB00000ynn5y2AA,2026/04,2026/04,2026-04-30,,55000,false,
a03RB00001NswsHYAR,株式会社レーベントラスト_2026/05,a0BRB00000ynn5y2AA,2026/05,2026/05,2026-05-31,,55000,false,
a03RB00001NswsIYAR,株式会社CHINTAI_2025/10,a0BRB00000ynn5z2AA,2025/10,2025/10,2025-10-31,,145000,false,
a03RB00001NswsJYAR,株式会社CHINTAI_2025/11,a0BRB00000ynn5z2AA,2025/11,2025/11,2025-11-30,,145000,false,
a03RB00001NswsKYAR,株式会社CHINTAI_2026/02,a0BRB00000ynn5z2AA,2026/02,2026/02,2026-02-28,,145000,false,
a03RB00001NswsLYAR,東京建物不動産販売株式会社 ※10月のみ_2025/10,a0BRB00000ynn602AA,2025/10,2025/10,2025-10-31,,,false,
a03RB00001NswsMYAR,株式会社 三福管理センター_2025/11,a0BRB00000ynn612AA,2025/11,2025/11,2025-11-30,55000,55000,false,true
a03RB00001NswsNYAR,株式会社 三福管理センター_2025/12,a0BRB00000ynn612AA,2025/12,2025/12,2025-12-31,55000,55000,false,true
a03RB00001NswsOYAR,株式会社 三福管理センター_2026/01,a0BRB00000ynn612AA,2026/01,2026/01,2026-01-31,55000,55000,false,true
a03RB00001NswsPYAR,株式会社 三福管理センター_2026/02,a0BRB00000ynn612AA,2026/02,2026/02,2026-02-28,55000,55000,false,true
a03RB00001NswsQYAR,株式会社 三福管理センター_2026/03,a0BRB00000ynn612AA,2026/03,2026/03,2026-03-31,55000,55000,false,true
a03RB00001NswsRYAR,株式会社 三福管理センター_2026/04,a0BRB00000ynn612AA,2026/04,2026/04,2026-04-30,55000,55000,false,true
a03RB00001NswsSYAR,株式会社ケン・プロパティマネジメント_2025/12,a0BRB00000ynn622AA,2025/12,2025/12,2025-12-31,55000,55000,false,true
a03RB00001NswsTYAR,株式会社ケン・プロパティマネジメント_2026/01,a0BRB00000ynn622AA,2026/01,2026/01,2026-01-31,55000,55000,false,true
a03RB00001NswsUYAR,株式会社ケン・プロパティマネジメント_2026/02,a0BRB00000ynn622AA,2026/02,2026/02,2026-02-28,55000,55000,false,true
a03RB00001NswsVYAR,株式会社ケン・プロパティマネジメント_2026/03,a0BRB00000ynn622AA,2026/03,2026/03,2026-03-31,55000,55000,false,true
a03RB00001NswsWYAR,株式会社ケン・プロパティマネジメント_2026/04,a0BRB00000ynn622AA,2026/04,2026/04,2026-04-30,55000,55000,false,true
a03RB00001NswsXYAR,株式会社ケン・プロパティマネジメント_2026/05,a0BRB00000ynn622AA,2026/05,2026/05,2026-05-31,55000,55000,false,true
a03RB00001NswsYYAR,株式会社建新_2026/02,a0BRB00000ynn632AA,2026/02,2026/02,2026-02-28,11000,11000,false,true
a03RB00001NswsZYAR,株式会社建新_2026/03,a0BRB00000ynn632AA,2026/03,2026/03,2026-03-31,11000,11000,false,true
a03RB00001NswsaYAB,株式会社建新_2026/04,a0BRB00000ynn632AA,2026/04,2026/04,2026-04-30,11000,11000,false,true
a03RB00001NswsbYAB,株式会社建新_2026/05,a0BRB00000ynn632AA,2026/05,2026/05,2026-05-31,11000,11000,false,true
a03RB00001NswscYAB,株式会社夢のおてつだい_2026/02,a0BRB00000ynn642AA,2026/02,2026/02,2026-02-28,55000,55000,false,true
a03RB00001NswsdYAB,株式会社夢のおてつだい_2026/03,a0BRB00000ynn642AA,2026/03,2026/03,2026-03-31,55000,55000,false,true
a03RB00001NswseYAB,株式会社夢のおてつだい_2026/04,a0BRB00000ynn642AA,2026/04,2026/04,2026-04-30,55000,55000,false,true
a03RB00001NswsfYAB,株式会社夢のおてつだい_2026/05,a0BRB00000ynn642AA,2026/05,2026/05,2026-05-31,55000,55000,false,true
a03RB00001NswsgYAB,株式会社JBリアルエステート_2026/04,a0BRB00000ynn652AA,2026/04,2026/04,2026-04-30,,11000,false,
a03RB00001QugoIYAR,Mig_freee請求移行_アイリスチトセ株式会社_2026/05_INV-0000000078,a0BRB00000ypw5q2AA,2026/05,2026/05,2026-05-31,77000,77000,false,true
a03RB00001QugoJYAR,Mig_freee請求移行_クウジット株式会社_2026/05_INV-0000000100,a0BRB00000ypw5r2AA,2026/05,2026/05,2026-05-31,150000,150000,false,true
a03RB00001QugoKYAR,Mig_freee請求移行_コクヨ 株式会社_2026/06_INV-0000000110,a0BRB00000ypw5s2AA,2026/06,2026/06,2026-06-30,495000,495000,false,false
a03RB00001QugoLYAR,Mig_freee請求移行_さいたま家づくりネットワーク事務局_2026/03_INV-0000000010,a0BRB00000ypw5t2AA,2026/03,2026/03,2026-03-31,51940,51940,false,false
a03RB00001QugoNYAR,Mig_freee請求移行_トヨタコニックプロ株式会社_2026/05_INV-0000000074,a0BRB00000ypw5v2AA,2026/05,2026/05,2026-05-31,0,0,false,false
a03RB00001QugoOYAR,Mig_freee請求移行_プラス株式会社_2026/05_INV-0000000105,a0BRB00000ypw5w2AA,2026/05,2026/05,2026-05-31,6000000,6000000,false,false
a03RB00001QugoPYAR,Mig_freee請求移行_プラス株式会社_2026/06_INV-0000000131,a0BRB00000ypw5x2AA,2026/06,2026/06,2026-06-30,6000000,6000000,false,false
a03RB00001QugoQYAR,Mig_freee請求移行_リユースせいわ 西和不動産株式会社 栗東店_2026/04_INV-0000000066,a0BRB00000ypw5y2AA,2026/04,2026/04,2026-04-30,11000,11000,false,true
a03RB00001QugoRYAR,Mig_freee請求移行_株式会社LIXIL_2026/03_INV-0000000041,a0BRB00000ypw5z2AA,2026/03,2026/03,2026-03-31,250000,250000,false,false
a03RB00001QugoSYAR,Mig_freee請求移行_株式会社アールシーコア_2026/03_INV-0000000024,a0BRB00000ypw602AA,2026/03,2026/03,2026-03-31,250000,250000,false,true
a03RB00001QugoTYAR,Mig_freee請求移行_株式会社アールシーコア_2026/04_INV-0000000052,a0BRB00000ypw612AA,2026/04,2026/04,2026-04-30,250000,250000,false,true
a03RB00001QugoUYAR,Mig_freee請求移行_株式会社アールシーコア_2026/05_INV-0000000083,a0BRB00000ypw622AA,2026/05,2026/05,2026-05-31,250000,250000,false,true
a03RB00001QugoVYAR,Mig_freee請求移行_株式会社アールシーコア_2026/06_INV-0000000115,a0BRB00000ypw632AA,2026/06,2026/06,2026-06-30,250000,250000,false,true
a03RB00001QugoWYAR,Mig_freee請求移行_株式会社アイ・キューブ_2026/03_INV-0000000042,a0BRB00000ypw642AA,2026/03,2026/03,2026-03-31,75000,75000,false,true
a03RB00001QugoXYAR,Mig_freee請求移行_株式会社エリオクリエイト_2026/05_INV-0000000104,a0BRB00000ypw652AA,2026/05,2026/05,2026-05-31,96000,96000,false,true
a03RB00001QugoYYAR,Mig_freee請求移行_株式会社コスモスイニシア_2026/03_INV-0000000009,a0BRB00000ypw662AA,2026/03,2026/03,2026-03-31,885000,885000,false,false
a03RB00001QugoZYAR,Mig_freee請求移行_株式会社コスモスイニシア_2026/04_INV-0000000069,a0BRB00000ypw672AA,2026/04,2026/04,2026-04-30,604000,604000,false,true
a03RB00001QugoaYAB,Mig_freee請求移行_株式会社コスモスイニシア_2026/04_INV-0000000070,a0BRB00000ypw672AA,2026/04,2026/04,2026-04-30,1276000,1276000,false,true
a03RB00001QugobYAB,Mig_freee請求移行_株式会社コスモスイニシア_2026/05_INV-0000000099,a0BRB00000ypw682AA,2026/05,2026/05,2026-05-31,750000,750000,false,false
a03RB00001QugocYAB,Mig_freee請求移行_株式会社サンケイビル_2026/03_INV-0000000004,a0BRB00000ypw692AA,2026/03,2026/03,2026-03-31,780000,780000,false,false
a03RB00001QugodYAB,Mig_freee請求移行_株式会社スタッコ_2026/03_INV-0000000012,a0BRB00000ypw6A2AQ,2026/03,2026/03,2026-03-31,11700000,11700000,false,false
a03RB00001QugofYAB,Mig_freee請求移行_株式会社ハートランド_2026/03_INV-0000000038,a0BRB00000ypw6C2AQ,2026/03,2026/03,2026-03-31,11000,11000,false,true
a03RB00001QugogYAB,Mig_freee請求移行_株式会社ハートランド_2026/04_INV-0000000065,a0BRB00000ypw6D2AQ,2026/04,2026/04,2026-04-30,11000,11000,false,true
a03RB00001QugohYAB,Mig_freee請求移行_株式会社石勝エクステリア_2026/03_INV-0000000023,a0BRB00000ypw6E2AQ,2026/03,2026/03,2026-03-31,140000,140000,false,true
a03RB00001QugoiYAB,Mig_freee請求移行_株式会社中村不動産開発_2026/03_INV-0000000040,a0BRB00000ypw6F2AQ,2026/03,2026/03,2026-03-31,44000,44000,false,true
a03RB00001QugojYAB,Mig_freee請求移行_近鉄不動産株式会社_2026/05_INV-0000000103,a0BRB00000ypw6G2AQ,2026/05,2026/05,2026-05-31,295000,295000,false,true
a03RB00001QugokYAB,Mig_freee請求移行_近鉄不動産株式会社_2026/06_INV-0000000008,a0BRB00000ypw6H2AQ,2026/06,2026/06,2026-06-30,160000,160000,false,false
a03RB00001QugolYAB,Mig_freee請求移行_合同会社髙木秀太事務所 NOI STUDIO_2026/04_INV-0000000017,a0BRB00000ypw6I2AQ,2026/04,2026/04,2026-04-30,120000,120000,false,false
a03RB00001QugomYAB,Mig_freee請求移行_三菱商事 株式会社_2026/03_INV-0000000011,a0BRB00000ypw6J2AQ,2026/03,2026/03,2026-03-31,1670000,1670000,false,false
a03RB00001QugonYAB,Mig_freee請求移行_松栄不動産株式会社_2026/03_INV-0000000036,a0BRB00000ypw6K2AQ,2026/03,2026/03,2026-03-31,11000,11000,false,true
a03RB00001QugooYAB,Mig_freee請求移行_松栄不動産株式会社_2026/04_INV-0000000063,a0BRB00000ypw6L2AQ,2026/04,2026/04,2026-04-30,11000,11000,false,true
a03RB00001QugoqYAB,Mig_freee請求移行_神奈川県知事　黒岩　祐治_2026/03_INV-0000000045,a0BRB00000ypw6M2AQ,2026/03,2026/03,2026-03-31,1870000,1870000,false,false
a03RB00001QugosYAB,Mig_freee請求移行_帝国不動産株式会社_2026/06_INV-0000000109,a0BRB00000ypw6N2AQ,2026/06,2026/06,2026-06-30,48000,48000,false,true
a03RB00001QugotYAB,Mig_freee請求移行_東急不動産株式会社_2026/03_INV-0000000019,a0BRB00000ypw6O2AQ,2026/03,2026/03,2026-03-31,209000,209000,false,true
a03RB00001QugouYAB,Mig_freee請求移行_東急不動産株式会社_2026/04_INV-0000000048,a0BRB00000ypw6P2AQ,2026/04,2026/04,2026-04-30,209000,209000,false,true
a03RB00001QugovYAB,Mig_freee請求移行_東急不動産株式会社_2026/05_INV-0000000079,a0BRB00000ypw6Q2AQ,2026/05,2026/05,2026-05-31,209000,209000,false,true
a03RB00001QugowYAB,Mig_freee請求移行_東急不動産株式会社_2026/06_INV-0000000111,a0BRB00000ypw6R2AQ,2026/06,2026/06,2026-06-30,209000,209000,false,true
a03RB00001QugoxYAB,Mig_freee請求移行_野村不動産株式会社_2026/04_INV-0000000068,a0BRB00000ypw6S2AQ,2026/04,2026/04,2026-04-30,600000,600000,false,true
a03RB00001QugoyYAB,Mig_freee請求移行_野村不動産株式会社_2026/04_INV-0000000071,a0BRB00000ypw6S2AQ,2026/04,2026/04,2026-04-30,280000,280000,false,true
a03RB00001RIREcYAP,サンフロンティア不動産株式会社_2026/06,a0BRB00000ynb5Y2AQ,2026/06,2026/06,2026-06-30,64000,64000,false,true
a03RB00001RIREdYAP,studio55_2026/06,a0BRB00000ynb5i2AA,2026/06,2026/06,2026-06-30,,,false,
a03RB00001RIREeYAP,東急株式会社_2026/06,a0BRB00000ynb5b2AA,2026/06,2026/06,2026-06-30,11000,11000,false,
a03RB00001RIREfYAP,前田工務店_2026/06,a0BRB00000ynb5e2AA,2026/06,2026/06,2026-06-30,8000,8000,false,
a03RB00001RIREgYAP,ムゲンエステート_2026/06,a0BRB00000ynb5h2AA,2026/06,2026/06,2026-06-30,8000,8000,false,
a03RB00001RIREhYAP,ハウスプラザ_2026/06,a0BRB00000ynn5N2AQ,2026/06,2026/06,2026-06-30,11000,11000,false,
a03RB00001RIREiYAP,株式会社イーグランド_2026/06,a0BRB00000ynn5P2AQ,2026/06,2026/06,2026-06-30,11000,11000,false,
a03RB00001RIREjYAP,九州旅客鉄道株式会社　工事部施設課_2026/06,a0BRB00000ynb5s2AA,2026/06,2026/06,2026-06-30,8000,8000,false,
a03RB00001RIREkYAP,株式会社穂積住宅_2026/06,a0BRB00000ynn5T2AQ,2026/06,2026/06,2026-06-30,33000,33000,false,
a03RB00001RIRElYAP,株式会社TRIAD_2026/06,a0BRB00000ynb5r2AA,2026/06,2026/06,2026-06-30,8000,8000,false,
a03RB00001RIREmYAP,リアルティホールディングス株式会社_2026/06,a0BRB00000ynn5V2AQ,2026/06,2026/06,2026-06-30,159500,159500,false,
a03RB00001RIREnYAP,戸田建設(設計部:月額)_2026/06,a0BRB00000ynb5v2AA,2026/06,2026/06,2026-06-30,55000,55000,false,
a03RB00001RIREoYAP,株式会社ヨコハマ地所_2026/06,a0BRB00000ynn5Y2AQ,2026/06,2026/06,2026-06-30,11000,11000,false,
a03RB00001RIREpYAP,株式会社エージェント_2026/06,a0BRB00000ynn5b2AA,2026/06,2026/06,2026-06-30,11000,11000,false,
a03RB00001RIREqYAP,株式会社博進コスモプラザ_2026/06,a0BRB00000ynn5d2AA,2026/06,2026/06,2026-06-30,11000,11000,false,
a03RB00001RIRErYAP,47内装株式会社_2026/06,a0BRB00000ynb5w2AA,2026/06,2026/06,2026-06-30,55000,55000,false,
a03RB00001RIREsYAP,株式会社香川不動産買取センター_2026/06,a0BRB00000ynn5f2AA,2026/06,2026/06,2026-06-30,11000,11000,false,true
a03RB00001RIREtYAP,ANAスカイビルサービス株式会社　※郵送希望_2026/06,a0BRB00000ynb5x2AA,2026/06,2026/06,2026-06-30,16000,16000,false,
a03RB00001RIREuYAP,吉村紳　一級建築士事務所_2026/06,a0BRB00000ynb622AA,2026/06,2026/06,2026-06-30,8000,8000,false,
a03RB00001RIREvYAP,株式会社デザインアーク_2026/06,a0BRB00000ynb652AA,2026/06,2026/06,2026-06-30,55000,55000,false,true
a03RB00001RIREwYAP,野原グループ株式会社_2026/06,a0BRB00000ynb6A2AQ,2026/06,2026/06,2026-06-30,8000,8000,false,
a03RB00001RIRExYAP,九州旅客鉄道株式会社　博多設備区_2026/06,a0BRB00000ynb6D2AQ,2026/06,2026/06,2026-06-30,8000,8000,false,
a03RB00001RIREyYAP,アイリスオーヤマ（ストアデザイン部）_2026/06,a0BRB00000ynb6F2AQ,2026/06,2026/06,2026-06-30,44000,44000,false,
a03RB00001RIREzYAP,アイリスオーヤマ（空間デザイン部）_2026/06,a0BRB00000ynb6G2AQ,2026/06,2026/06,2026-06-30,11000,11000,false,
a03RB00001RIRF0YAP,九州旅客鉄道株式会社　開発工事部_2026/06,a0BRB00000ynb6I2AQ,2026/06,2026/06,2026-06-30,8000,8000,false,
a03RB00001RIRF1YAP,ONETEAM不動産_2026/06,a0BRB00000ynn5p2AA,2026/06,2026/06,2026-06-30,11000,11000,false,true
a03RB00001RIRF2YAP,TC神鋼不動産株式会社_2026/06,a0BRB0000124lpu2AA,2026/06,2026/06,2026-06-30,11000,11000,false,true
a03RB00001RIRF3YAP,株式会社TAKUTO_2026/06,a0BRB00000ynn5s2AA,2026/06,2026/06,2026-06-30,11000,11000,false,true
a03RB00001RIRF4YAP,ホームトレードセンター株式会社_2026/06,a0BRB00000ynn5u2AA,2026/06,2026/06,2026-06-30,11000,11000,false,
a03RB00001RIRF5YAP,株式会社アズスタット_2026/06,a0BRB00000ynn5v2AA,2026/06,2026/06,2026-06-30,11000,11000,false,
a03RB00001RIRF6YAP,JOA株式会社_2026/06,a0BRB00000ynb6M2AQ,2026/06,2026/06,2026-06-30,55000,55000,false,
a03RB00001RIRF7YAP,株式会社レーベントラスト_2026/06,a0BRB00000ynn5y2AA,2026/06,2026/06,2026-06-30,55000,55000,false,
a03RB00001RIRF8YAP,三菱地所株式会社(DX推進部)_2026/06,a0BRB00000ynb6Q2AQ,2026/06,2026/06,2026-06-30,16000,16000,false,
a03RB00001RIRF9YAP,生和コーポレーション株式会社_2026/06,a0BRB00000ynb6Y2AQ,2026/06,2026/06,2026-06-30,8000,8000,false,
a03RB00001RIRFAYA5,株式会社アールシーコア_2026/06,a0BRB00000ynb6j2AA,2026/06,2026/06,2026-06-30,150000,150000,false,
a03RB00001RIRFBYA5,株式会社アールシーコア(セキュリティオプション月額）_2026/06,a0BRB00000ynb6n2AA,2026/06,2026/06,2026-06-30,100000,100000,false,
a03RB00001RIRFCYA5,株式会社紀伊國屋書店_2026/06,a0BRB00000ynb6w2AA,2026/06,2026/06,2026-06-30,40000,40000,false,
a03RB00001RIRFDYA5,近鉄不動産(セキュリティオプション月額）_2026/06,a0BRB00000ynb742AA,2026/06,2026/06,2026-06-30,100000,100000,false,
a03RB00001RIRFEYA5,フィールド・デザイン・アーキテクツ一級建築士事務所_2026/06,a0BRB00000ynb752AA,2026/06,2026/06,2026-06-30,8000,8000,false,true
a03RB00001RIRFFYA5,株式会社ルミネ_2026/06,a0BRB00000ynb762AA,2026/06,2026/06,2026-06-30,8000,8000,false,
a03RB00001RIRFGYA5,株式会社安井建築設計事務所_2026/06,a0BRB00000ynn552AA,2026/06,2026/06,2026-06-30,8000,8000,false,true
a03RB00001RIRFHYA5,西日本旅客鉄道株式会社 ビジネスデザイン部　JCLaaS事業部_2026/06,a0BRB00000ynn582AA,2026/06,2026/06,2026-06-30,8000,8000,false,
a03RB00001RISiXYAX,Mig_freee請求移行_株式会社LIXIL住宅研究所 リノベーション推進室_2026/06_INV-0000000106,a0BRB00000ynb6P2AQ,2026/06,2026/06,2026-06-30,630000,630000,false,false
a03RB00001RISiYYAX,Mig_freee請求移行_三井不動産レジデンシャルリース株式会社(ソリューション推進部)_2026/06_INV-0000000112,a0BRB00000ynb6O2AQ,2026/06,2026/06,2026-06-30,132000,132000,false,true
a03RB00001RISiZYAX,Mig_freee請求移行_株式会社ケン・プロパティマネジメント_2026/06_INV-0000000113,a0BRB00000ynn622AA,2026/06,2026/06,2026-06-30,11000,11000,false,true
a03RB00001RISiaYAH,Mig_freee請求移行_株式会社 三福管理センター_2026/06_INV-0000000117,a0BRB00000ynn612AA,2026/06,2026/06,2026-06-30,55000,55000,false,true
a03RB00001RISibYAH,Mig_freee請求移行_株式会社錢高組_2026/06_INV-0000000118,a0BRB00000ynb6k2AA,2026/06,2026/06,2026-06-30,24000,24000,false,true
a03RB00001RISicYAH,Mig_freee請求移行_フロンヴィルホームズ名古屋株式会社_2026/06_INV-0000000119,a0BRB00000ynb6c2AA,2026/06,2026/06,2026-06-30,8000,8000,false,true
a03RB00001RISidYAH,Mig_freee請求移行_株式会社夢のおてつだい_2026/06_INV-0000000120,a0BRB00000ynn642AA,2026/06,2026/06,2026-06-30,55000,55000,false,true
a03RB00001RISieYAH,Mig_freee請求移行_株式会社建新_2026/06_INV-0000000121,a0BRB00000ynn632AA,2026/06,2026/06,2026-06-30,11000,11000,false,true
a03RB00001RISifYAH,Mig_freee請求移行_Phantom株式会社_2026/06_INV-0000000122,a0BRB00000ynb6o2AA,2026/06,2026/06,2026-06-30,16000,16000,false,true
a03RB00001RISigYAH,Mig_freee請求移行_柏井建設株式会社_2026/06_INV-0000000123,a0BRB00000ynb6v2AA,2026/06,2026/06,2026-06-30,75000,75000,false,true
a03RB00001RISihYAH,Mig_freee請求移行_花菱不動産株式会社_2026/06_INV-0000000124,a0BRB00000ynb6t2AA,2026/06,2026/06,2026-06-30,16000,16000,false,true
a03RB00001RISiiYAH,Mig_freee請求移行_コンチネンタルホーム株式会社_2026/06_INV-0000000125,a0BRB00000ynb6u2AA,2026/06,2026/06,2026-06-30,24000,24000,false,true
a03RB00001RISijYAH,Mig_freee請求移行_三井住友建設株式会社_2026/06_INV-0000000126,a0BRB00000ynb6y2AA,2026/06,2026/06,2026-06-30,8000,8000,false,true
a03RB00001RISikYAH,Mig_freee請求移行_スタイルテック総合計画_2026/06_INV-0000000127,a0BRB00000ynb702AA,2026/06,2026/06,2026-06-30,75000,75000,false,true
a03RB00001RISilYAH,Mig_freee請求移行_株式会社ecoaハウス_2026/06_INV-0000000128,a0BRB00000ynb712AA,2026/06,2026/06,2026-06-30,75000,75000,false,true
a03RB00001RISimYAH,Mig_freee請求移行_株式会社ドムコス_2026/06_INV-0000000129,a0BRB00000ynb722AA,2026/06,2026/06,2026-06-30,8000,8000,false,true
a03RB00001RISinYAH,Mig_freee請求移行_Asplead株式会社_2026/06_INV-0000000130,a0BRB00000ynb6z2AA,2026/06,2026/06,2026-06-30,16000,16000,false,true
a03RB00001RcABBYA3,サンフロンティア不動産株式会社_2026/07,a0BRB00000ynb5Y2AQ,2026/07,2026/07,2026-07-31,64000,64000,false,true
a03RB00001RcABCYA3,株式会社フロンティアコンサルティング_2026/07,a0BRB00000ynb5d2AA,2026/07,2026/07,2026-07-31,550000,550000,false,true
a03RB00001RcABDYA3,studio55_2026/07,a0BRB00000ynb5i2AA,2026/07,2026/07,2026-07-31,,,false,
a03RB00001RcABEYA3,東急株式会社_2026/07,a0BRB00000ynb5b2AA,2026/07,2026/07,2026-07-31,11000,11000,false,
a03RB00001RcABFYA3,前田工務店_2026/07,a0BRB00000ynb5e2AA,2026/07,2026/07,2026-07-31,8000,8000,false,
a03RB00001RcABGYA3,ムゲンエステート_2026/07,a0BRB00000ynb5h2AA,2026/07,2026/07,2026-07-31,8000,8000,false,
a03RB00001RcABHYA3,ハウスプラザ_2026/07,a0BRB00000ynn5N2AQ,2026/07,2026/07,2026-07-31,11000,11000,false,
a03RB00001RcABIYA3,東急リゾーツ＆ステイ_2026/07,a0BRB00000ynb5l2AA,2026/07,2026/07,2026-07-31,44000,44000,false,
a03RB00001RcABJYA3,株式会社イーグランド_2026/07,a0BRB00000ynn5P2AQ,2026/07,2026/07,2026-07-31,11000,11000,false,
a03RB00001RcABKYA3,九州旅客鉄道株式会社　工事部施設課_2026/07,a0BRB00000ynb5s2AA,2026/07,2026/07,2026-07-31,8000,8000,false,
a03RB00001RcABLYA3,株式会社穂積住宅_2026/07,a0BRB00000ynn5T2AQ,2026/07,2026/07,2026-07-31,33000,33000,false,
a03RB00001RcABMYA3,株式会社TRIAD_2026/07,a0BRB00000ynb5r2AA,2026/07,2026/07,2026-07-31,8000,8000,false,
a03RB00001RcABNYA3,リアルティホールディングス株式会社_2026/07,a0BRB00000ynn5V2AQ,2026/07,2026/07,2026-07-31,159500,159500,false,
a03RB00001RcABOYA3,戸田建設(設計部:月額)_2026/07,a0BRB00000ynb5v2AA,2026/07,2026/07,2026-07-31,55000,55000,false,
a03RB00001RcABPYA3,株式会社ヨコハマ地所_2026/07,a0BRB00000ynn5Y2AQ,2026/07,2026/07,2026-07-31,11000,11000,false,
a03RB00001RcABQYA3,株式会社エージェント_2026/07,a0BRB00000ynn5b2AA,2026/07,2026/07,2026-07-31,11000,11000,false,
a03RB00001RcABRYA3,株式会社博進コスモプラザ_2026/07,a0BRB00000ynn5d2AA,2026/07,2026/07,2026-07-31,11000,11000,false,
a03RB00001RcABSYA3,47内装株式会社_2026/07,a0BRB00000ynb5w2AA,2026/07,2026/07,2026-07-31,55000,55000,false,
a03RB00001RcABTYA3,株式会社香川不動産買取センター_2026/07,a0BRB00000ynn5f2AA,2026/07,2026/07,2026-07-31,11000,11000,false,true
a03RB00001RcABUYA3,ANAスカイビルサービス株式会社　※郵送希望_2026/07,a0BRB00000ynb5x2AA,2026/07,2026/07,2026-07-31,16000,16000,false,
a03RB00001RcABVYA3,吉村紳　一級建築士事務所_2026/07,a0BRB00000ynb622AA,2026/07,2026/07,2026-07-31,8000,8000,false,
a03RB00001RcABWYA3,株式会社デザインアーク_2026/07,a0BRB00000ynb652AA,2026/07,2026/07,2026-07-31,55000,55000,false,true
a03RB00001RcABXYA3,株式会社アーキテクト・ディベロッパー（5月1日より帝国不動産株式会社）_2026/07,a0BRB00000ynb692AA,2026/07,2026/07,2026-07-31,48000,48000,false,true
a03RB00001RcABYYA3,野原グループ株式会社_2026/07,a0BRB00000ynb6A2AQ,2026/07,2026/07,2026-07-31,8000,8000,false,
a03RB00001RcABZYA3,九州旅客鉄道株式会社　博多設備区_2026/07,a0BRB00000ynb6D2AQ,2026/07,2026/07,2026-07-31,8000,8000,false,
a03RB00001RcABaYAN,アイリスオーヤマ（ストアデザイン部）_2026/07,a0BRB00000ynb6F2AQ,2026/07,2026/07,2026-07-31,44000,44000,false,
a03RB00001RcABbYAN,アイリスオーヤマ（空間デザイン部）_2026/07,a0BRB00000ynb6G2AQ,2026/07,2026/07,2026-07-31,11000,11000,false,
a03RB00001RcABcYAN,九州旅客鉄道株式会社　開発工事部_2026/07,a0BRB00000ynb6I2AQ,2026/07,2026/07,2026-07-31,8000,8000,false,
a03RB00001RcABdYAN,ONETEAM不動産_2026/07,a0BRB00000ynn5p2AA,2026/07,2026/07,2026-07-31,11000,11000,false,true
a03RB00001RcABeYAN,TC神鋼不動産株式会社_2026/07,,2026/07,2026/07,2026-07-31,11000,11000,false,true
a03RB00001RcABfYAN,株式会社TAKUTO_2026/07,a0BRB00000ynn5s2AA,2026/07,2026/07,2026-07-31,11000,11000,false,true
a03RB00001RcABgYAN,ホームトレードセンター株式会社_2026/07,a0BRB00000ynn5u2AA,2026/07,2026/07,2026-07-31,11000,11000,false,
a03RB00001RcABhYAN,株式会社アズスタット_2026/07,a0BRB00000ynn5v2AA,2026/07,2026/07,2026-07-31,11000,11000,false,
a03RB00001RcABiYAN,JOA株式会社_2026/07,a0BRB00000ynb6M2AQ,2026/07,2026/07,2026-07-31,55000,55000,false,
a03RB00001RcABjYAN,三井不動産レジデンシャルリース株式会社(ソリューション推進部)_2026/07,a0BRB00000ynb6O2AQ,2026/07,2026/07,2026-07-31,132000,132000,false,true
a03RB00001RcABkYAN,株式会社LIXIL住宅研究所 リノベーション推進室_2026/07,a0BRB00000ynb6P2AQ,2026/07,2026/07,2026-07-31,8000,8000,false,true
a03RB00001RcABlYAN,株式会社LIXIL住宅研究所 リノベーション推進室_2026/07,a0BRB00000ynb6P2AQ,2026/07,2026/07,2026-07-31,630000,630000,false,false
a03RB00001RcABmYAN,株式会社レーベントラスト_2026/07,a0BRB00000ynn5y2AA,2026/07,2026/07,2026-07-31,55000,55000,false,
a03RB00001RcABnYAN,三菱地所株式会社(DX推進部)_2026/07,a0BRB00000ynb6Q2AQ,2026/07,2026/07,2026-07-31,16000,16000,false,
a03RB00001RcABoYAN,生和コーポレーション株式会社_2026/07,a0BRB00000ynb6Y2AQ,2026/07,2026/07,2026-07-31,8000,8000,false,
a03RB00001RcABpYAN,株式会社 三福管理センター_2026/07,a0BRB00000ynn612AA,2026/07,2026/07,2026-07-31,55000,55000,false,true
a03RB00001RcABqYAN,株式会社ケン・プロパティマネジメント_2026/07,a0BRB00000ynn622AA,2026/07,2026/07,2026-07-31,11000,11000,false,true
a03RB00001RcABrYAN,株式会社三越伊勢丹プロパティデザイン_2026/07,a0BRB00000ynb6a2AA,2026/07,2026/07,2026-07-31,48000,48000,false,true
a03RB00001RcABsYAN,豊通ファシリティーズ株式会社　建築・設計部_2026/07,a0BRB00000ynb6b2AA,2026/07,2026/07,2026-07-31,16000,16000,false,true
a03RB00001RcABtYAN,三菱地所レジデンス株式会社_2026/07,a0BRB00000ynb6e2AA,2026/07,2026/07,2026-07-31,140000,140000,false,
a03RB00001RcABuYAN,株式会社アールシーコア_2026/07,a0BRB00000ynb6j2AA,2026/07,2026/07,2026-07-31,150000,150000,false,
a03RB00001RcABvYAN,株式会社アールシーコア(セキュリティオプション月額）_2026/07,a0BRB00000ynb6n2AA,2026/07,2026/07,2026-07-31,100000,100000,false,
a03RB00001RcABwYAN,株式会社錢高組_2026/07,a0BRB00000ynb6k2AA,2026/07,2026/07,2026-07-31,24000,24000,false,true
a03RB00001RcABxYAN,Phantom株式会社_2026/07,a0BRB00000ynb6o2AA,2026/07,2026/07,2026-07-31,16000,16000,false,true
a03RB00001RcAByYAN,株式会社建新_2026/07,a0BRB00000ynn632AA,2026/07,2026/07,2026-07-31,11000,11000,false,true
a03RB00001RcABzYAN,株式会社夢のおてつだい_2026/07,a0BRB00000ynn642AA,2026/07,2026/07,2026-07-31,55000,55000,false,true
a03RB00001RcAC0YAN,フロンヴィルホームズ名古屋株式会社_2026/07,a0BRB00000ynb6c2AA,2026/07,2026/07,2026-07-31,20000,20000,false,true
a03RB00001RcAC1YAN,柏井建設株式会社_2026/07,a0BRB00000ynb6v2AA,2026/07,2026/07,2026-07-31,75000,75000,false,true
a03RB00001RcAC2YAN,三井住友建設株式会社_2026/07,a0BRB00000ynb6y2AA,2026/07,2026/07,2026-07-31,8000,8000,false,true
a03RB00001RcAC3YAN,野村不動産株式会社_2026/07,a0BRB00000ynb6q2AA,2026/07,2026/07,2026-07-31,150000,150000,false,
a03RB00001RcAC4YAN,野村不動産株式会社（シングルサインオン分）_2026/07,a0BRB00000ynb6r2AA,2026/07,2026/07,2026-07-31,30000,30000,false,
a03RB00001RcAC5YAN,花菱不動産株式会社_2026/07,a0BRB00000ynb6t2AA,2026/07,2026/07,2026-07-31,16000,16000,false,true
a03RB00001RcAC6YAN,コンチネンタルホーム株式会社_2026/07,a0BRB00000ynb6u2AA,2026/07,2026/07,2026-07-31,24000,24000,false,true
a03RB00001RcAC7YAN,株式会社紀伊國屋書店_2026/07,a0BRB00000ynb6w2AA,2026/07,2026/07,2026-07-31,40000,40000,false,
a03RB00001RcAC8YAN,Asplead株式会社_2026/07,a0BRB00000ynb6z2AA,2026/07,2026/07,2026-07-31,16000,16000,false,true
a03RB00001RcAC9YAN,スタイルテック総合計画_2026/07,a0BRB00000ynb702AA,2026/07,2026/07,2026-07-31,75000,75000,false,true
a03RB00001RcACAYA3,株式会社ecoaハウス_2026/07,a0BRB00000ynb712AA,2026/07,2026/07,2026-07-31,75000,75000,false,true
a03RB00001RcACBYA3,株式会社ドムコス_2026/07,a0BRB00000ynb722AA,2026/07,2026/07,2026-07-31,8000,8000,false,true
a03RB00001RcACCYA3,近鉄不動産_2026/07,a0BRB00000ynb732AA,2026/07,2026/07,2026-07-31,180000,180000,false,
a03RB00001RcACDYA3,近鉄不動産(セキュリティオプション月額）_2026/07,a0BRB00000ynb742AA,2026/07,2026/07,2026-07-31,100000,100000,false,
a03RB00001RcACEYA3,フィールド・デザイン・アーキテクツ一級建築士事務所_2026/07,a0BRB00000ynb752AA,2026/07,2026/07,2026-07-31,8000,8000,false,true
a03RB00001RcACFYA3,株式会社ルミネ_2026/07,a0BRB00000ynb762AA,2026/07,2026/07,2026-07-31,8000,8000,false,
a03RB00001RcACGYA3,株式会社安井建築設計事務所_2026/07,a0BRB00000ynn552AA,2026/07,2026/07,2026-07-31,8000,8000,false,true
a03RB00001RcACHYA3,西日本旅客鉄道株式会社 ビジネスデザイン部　JCLaaS事業部_2026/07,a0BRB00000ynn582AA,2026/07,2026/07,2026-07-31,8000,8000,false,
a03RB00001RcACIYA3,株式会社乃村工藝社  カルチャー・コミュニケーション推進本部_2026/07,a0BRB00000ynn592AA,2026/07,2026/07,2026-07-31,32000,32000,false,
a03RB00001RcACJYA3,株式会社ジョイフル本田（Pro１アカウント）_2026/07,a0BRB00000ynn562AA,2026/07,2026/07,2026-07-31,8000,8000,false,
a03RB00001RcACKYA3,株式会社デザインアーク　東京本店　東京スペースソリューション第１営業所_2026/07,a0BRB00000ynn5B2AQ,2026/07,2026/07,2026-07-31,30000,30000,false,
a03RB00001RcACLYA3,NTTファシリティーズ株式会社_2026/07,a0BRB00000ynn5C2AQ,2026/07,2026/07,2026-07-31,1500000,1500000,false,
a03RB00001RcACMYA3,合同会社小島屋_2026/07,a0BRB00000ynn5D2AQ,2026/07,2026/07,2026-07-31,8000,8000,false,
a03RB00001RcACNYA3,株式会社エリオクリエイト_2026/07,a0BRB00000ynn5E2AQ,2026/07,2026/07,2026-07-31,96000,96000,false,
a03RB00001RcACOYA3,株式会社創建ホーム_2026/07,a0BRB00000ynn5F2AQ,2026/07,2026/07,2026-07-31,1008000,1008000,false,
a03RB00001RcAfpYAF,野村不動産株式会社　商業事業本部_2026/07,a0BRB0000100Bsb2AE,2026/07,2026/07,2026-07-31,140000,140000,true,true
a03RB00001RcAfqYAF,野村不動産株式会社　商業事業本部_2026/07,a0BRB0000100Bsb2AE,2026/07,2026/07,2026-07-31,30000,30000,true,true
a03RB00001STmGpYAL,サンフロンティア不動産株式会社_2026/08,a0BRB000010uujm2AA,2026/08,2026/08,2026-08-31,64000,64000,false,true
a03RB00001STmGqYAL,東急株式会社_2026/08,a0BRB000010uujn2AA,2026/08,2026/08,2026-08-31,11000,11000,false,
a03RB00001STmGrYAL,株式会社フロンティアコンサルティング_2026/08,a0BRB000010uujo2AA,2026/08,2026/08,2026-08-31,550000,550000,false,true
a03RB00001STmGsYAL,前田工務店_2026/08,a0BRB000010uujp2AA,2026/08,2026/08,2026-08-31,8000,8000,false,
a03RB00001STmGtYAL,ムゲンエステート_2026/08,a0BRB000010uujq2AA,2026/08,2026/08,2026-08-31,8000,8000,false,
a03RB00001STmGuYAL,studio55_2026/08,a0BRB000010uujr2AA,2026/08,2026/08,2026-08-31,,,false,
a03RB00001STmGvYAL,東急リゾーツ＆ステイ_2026/08,a0BRB000010uujs2AA,2026/08,2026/08,2026-08-31,44000,44000,false,
a03RB00001STmGwYAL,株式会社TRIAD_2026/08,a0BRB000010uujv2AA,2026/08,2026/08,2026-08-31,8000,8000,false,
a03RB00001STmGxYAL,九州旅客鉄道株式会社　工事部施設課_2026/08,a0BRB000010uujw2AA,2026/08,2026/08,2026-08-31,8000,8000,false,
a03RB00001STmGyYAL,戸田建設(設計部:月額)_2026/08,a0BRB000010uujx2AA,2026/08,2026/08,2026-08-31,55000,55000,false,
a03RB00001STmGzYAL,47内装株式会社_2026/08,a0BRB000010uujy2AA,2026/08,2026/08,2026-08-31,55000,55000,false,
a03RB00001STmH0YAL,ANAスカイビルサービス株式会社　※郵送希望_2026/08,a0BRB000010uujz2AA,2026/08,2026/08,2026-08-31,16000,16000,false,
a03RB00001STmH1YAL,吉村紳　一級建築士事務所_2026/08,a0BRB000010uuk02AA,2026/08,2026/08,2026-08-31,8000,8000,false,
a03RB00001STmH2YAL,株式会社デザインアーク_2026/08,a0BRB000010uuk12AA,2026/08,2026/08,2026-08-31,55000,55000,false,true
a03RB00001STmH3YAL,株式会社アーキテクト・ディベロッパー（5月1日より帝国不動産株式会社）_2026/08,a0BRB000010uuk22AA,2026/08,2026/08,2026-08-31,48000,48000,false,true
a03RB00001STmH4YAL,野原グループ株式会社_2026/08,a0BRB000010uuk32AA,2026/08,2026/08,2026-08-31,8000,8000,false,
a03RB00001STmH5YAL,九州旅客鉄道株式会社　博多設備区_2026/08,a0BRB000010uuk42AA,2026/08,2026/08,2026-08-31,8000,8000,false,
a03RB00001STmH6YAL,アイリスオーヤマ（ストアデザイン部）_2026/08,a0BRB000010uuk52AA,2026/08,2026/08,2026-08-31,44000,44000,false,
a03RB00001STmH7YAL,アイリスオーヤマ（空間デザイン部）_2026/08,a0BRB000010uuk62AA,2026/08,2026/08,2026-08-31,11000,11000,false,
a03RB00001STmH8YAL,九州旅客鉄道株式会社　開発工事部_2026/08,a0BRB000010uuk72AA,2026/08,2026/08,2026-08-31,8000,8000,false,
a03RB00001STmH9YAL,JOA株式会社_2026/08,a0BRB000010uuk92AA,2026/08,2026/08,2026-08-31,55000,55000,false,
a03RB00001STmHAYA1,三井不動産レジデンシャルリース株式会社(ソリューション推進部)_2026/08,a0BRB000010uukA2AQ,2026/08,2026/08,2026-08-31,132000,132000,false,true
a03RB00001STmHBYA1,株式会社LIXIL住宅研究所 リノベーション推進室_2026/08,a0BRB000010uukB2AQ,2026/08,2026/08,2026-08-31,8000,8000,false,true
a03RB00001STmHCYA1,株式会社LIXIL住宅研究所 リノベーション推進室_2026/08,a0BRB000010uukB2AQ,2026/08,2026/08,2026-08-31,630000,630000,false,false
a03RB00001STmHDYA1,三菱地所株式会社(DX推進部)_2026/08,a0BRB000010uukC2AQ,2026/08,2026/08,2026-08-31,16000,16000,false,
a03RB00001STmHEYA1,生和コーポレーション株式会社_2026/08,a0BRB000010uukE2AQ,2026/08,2026/08,2026-08-31,8000,8000,false,
a03RB00001STmHFYA1,株式会社三越伊勢丹プロパティデザイン_2026/08,a0BRB000010uukF2AQ,2026/08,2026/08,2026-08-31,48000,48000,false,true
a03RB00001STmHGYA1,豊通ファシリティーズ株式会社　建築・設計部_2026/08,a0BRB000010uukG2AQ,2026/08,2026/08,2026-08-31,16000,16000,false,true
a03RB00001STmHHYA1,株式会社アールシーコア_2026/08,a0BRB000010uukJ2AQ,2026/08,2026/08,2026-08-31,150000,150000,false,
a03RB00001STmHIYA1,株式会社錢高組_2026/08,a0BRB000010uukK2AQ,2026/08,2026/08,2026-08-31,24000,24000,false,true
a03RB00001STmHJYA1,株式会社アールシーコア(セキュリティオプション月額）_2026/08,a0BRB000010uukL2AQ,2026/08,2026/08,2026-08-31,100000,100000,false,
a03RB00001STmHKYA1,Phantom株式会社_2026/08,a0BRB000010uukM2AQ,2026/08,2026/08,2026-08-31,16000,16000,false,true
a03RB00001STmHLYA1,野村不動産株式会社_2026/08,a0BRB000010uukN2AQ,2026/08,2026/08,2026-08-31,150000,150000,false,
a03RB00001STmHMYA1,野村不動産株式会社（シングルサインオン分）_2026/08,a0BRB000010uukO2AQ,2026/08,2026/08,2026-08-31,30000,30000,false,
a03RB00001STmHNYA1,花菱不動産株式会社_2026/08,a0BRB000010uukP2AQ,2026/08,2026/08,2026-08-31,16000,16000,false,true
a03RB00001STmHOYA1,コンチネンタルホーム株式会社_2026/08,a0BRB000010uukQ2AQ,2026/08,2026/08,2026-08-31,24000,24000,false,true
a03RB00001STmHPYA1,柏井建設株式会社_2026/08,a0BRB000010uukR2AQ,2026/08,2026/08,2026-08-31,75000,75000,false,true
a03RB00001STmHQYA1,株式会社紀伊國屋書店_2026/08,a0BRB000010uukS2AQ,2026/08,2026/08,2026-08-31,40000,40000,false,
a03RB00001STmHRYA1,三井住友建設株式会社_2026/08,a0BRB000010uukT2AQ,2026/08,2026/08,2026-08-31,8000,8000,false,true
a03RB00001STmHSYA1,Asplead株式会社_2026/08,a0BRB000010uukU2AQ,2026/08,2026/08,2026-08-31,16000,16000,false,true
a03RB00001STmHTYA1,スタイルテック総合計画_2026/08,a0BRB000010uukV2AQ,2026/08,2026/08,2026-08-31,75000,75000,false,true
a03RB00001STmHUYA1,株式会社ecoaハウス_2026/08,a0BRB000010uukW2AQ,2026/08,2026/08,2026-08-31,75000,75000,false,true
a03RB00001STmHVYA1,株式会社ドムコス_2026/08,a0BRB000010uukX2AQ,2026/08,2026/08,2026-08-31,8000,8000,false,true
a03RB00001STmHWYA1,近鉄不動産_2026/08,a0BRB000010uukY2AQ,2026/08,2026/08,2026-08-31,180000,180000,false,
a03RB00001STmHXYA1,近鉄不動産(セキュリティオプション月額）_2026/08,a0BRB000010uukZ2AQ,2026/08,2026/08,2026-08-31,100000,100000,false,
a03RB00001STmHYYA1,フィールド・デザイン・アーキテクツ一級建築士事務所_2026/08,a0BRB000010uuka2AA,2026/08,2026/08,2026-08-31,8000,8000,false,true
a03RB00001STmHZYA1,株式会社ルミネ_2026/08,a0BRB000010uukb2AA,2026/08,2026/08,2026-08-31,8000,8000,false,
a03RB00001STmHaYAL,株式会社安井建築設計事務所_2026/08,a0BRB000010uukc2AA,2026/08,2026/08,2026-08-31,8000,8000,false,true
a03RB00001STmHbYAL,株式会社ジョイフル本田（Pro１アカウント）_2026/08,a0BRB000010uukd2AA,2026/08,2026/08,2026-08-31,8000,8000,false,
a03RB00001STmHcYAL,西日本旅客鉄道株式会社 ビジネスデザイン部　JCLaaS事業部_2026/08,a0BRB000010uuke2AA,2026/08,2026/08,2026-08-31,8000,8000,false,
a03RB00001STmHdYAL,株式会社乃村工藝社  カルチャー・コミュニケーション推進本部_2026/08,a0BRB000010uukf2AA,2026/08,2026/08,2026-08-31,32000,32000,false,
a03RB00001STmHeYAL,株式会社デザインアーク　東京本店　東京スペースソリューション第１営業所_2026/08,a0BRB000010uukg2AA,2026/08,2026/08,2026-08-31,30000,30000,false,
a03RB00001STmHfYAL,NTTファシリティーズ株式会社_2026/08,a0BRB000010uukh2AA,2026/08,2026/08,2026-08-31,1500000,1500000,false,
a03RB00001STmHgYAL,合同会社小島屋_2026/08,a0BRB000010uuki2AA,2026/08,2026/08,2026-08-31,8000,8000,false,
a03RB00001STmHhYAL,ハウスプラザ_2026/08,a0BRB000010uukj2AA,2026/08,2026/08,2026-08-31,11000,11000,false,
a03RB00001STmHiYAL,株式会社イーグランド_2026/08,a0BRB000010uukk2AA,2026/08,2026/08,2026-08-31,11000,11000,false,
a03RB00001STmHjYAL,株式会社穂積住宅_2026/08,a0BRB000010uukl2AA,2026/08,2026/08,2026-08-31,33000,33000,false,
a03RB00001STmHkYAL,リアルティホールディングス株式会社_2026/08,a0BRB000010uukm2AA,2026/08,2026/08,2026-08-31,159500,159500,false,
a03RB00001STmHlYAL,株式会社ヨコハマ地所_2026/08,a0BRB000010uukn2AA,2026/08,2026/08,2026-08-31,11000,11000,false,
a03RB00001STmHmYAL,株式会社エージェント_2026/08,a0BRB000010uuko2AA,2026/08,2026/08,2026-08-31,11000,11000,false,
a03RB00001STmHnYAL,株式会社博進コスモプラザ_2026/08,a0BRB000010uukp2AA,2026/08,2026/08,2026-08-31,11000,11000,false,
a03RB00001STmHoYAL,株式会社香川不動産買取センター_2026/08,a0BRB000010uukq2AA,2026/08,2026/08,2026-08-31,11000,11000,false,true
a03RB00001STmHpYAL,ONETEAM不動産_2026/08,a0BRB000010uukr2AA,2026/08,2026/08,2026-08-31,11000,11000,false,true
a03RB00001STmHqYAL,TC神鋼不動産株式会社_2026/08,,2026/08,2026/08,2026-08-31,11000,11000,false,true
a03RB00001STmHrYAL,株式会社TAKUTO_2026/08,a0BRB000010uukt2AA,2026/08,2026/08,2026-08-31,11000,11000,false,true
a03RB00001STmHsYAL,ホームトレードセンター株式会社_2026/08,a0BRB000010uuku2AA,2026/08,2026/08,2026-08-31,11000,11000,false,
a03RB00001STmHtYAL,株式会社アズスタット_2026/08,a0BRB000010uukv2AA,2026/08,2026/08,2026-08-31,11000,11000,false,
a03RB00001STmHuYAL,株式会社レーベントラスト_2026/08,a0BRB000010uukw2AA,2026/08,2026/08,2026-08-31,55000,55000,false,
a03RB00001STmHvYAL,株式会社 三福管理センター_2026/08,a0BRB000010uukx2AA,2026/08,2026/08,2026-08-31,55000,55000,false,true
a03RB00001STmHwYAL,株式会社ケン・プロパティマネジメント_2026/08,a0BRB000010uuky2AA,2026/08,2026/08,2026-08-31,11000,11000,false,true
a03RB00001STmHxYAL,株式会社建新_2026/08,a0BRB000010uukz2AA,2026/08,2026/08,2026-08-31,11000,11000,false,true
a03RB00001STmHyYAL,株式会社夢のおてつだい_2026/08,a0BRB000010uul02AA,2026/08,2026/08,2026-08-31,55000,55000,false,true
a03RB00001T6sPWYAZ,a03RB00001T6sPW,a0BRB000011EvWn2AK,2026/07,2026/07,2026-07-31,120000,120000,true,true
a03RB00001T6sPXYAZ,a03RB00001T6sPX,a0BRB000011EvWn2AK,2026/07,2026/07,2026-07-31,120000,120000,true,true
a03RB00001T6sPYYAZ,a03RB00001T6sPY,a0BRB000011EvWn2AK,2026/07,2026/07,2026-07-31,120000,120000,true,true
a03RB00001T6sPZYAZ,a03RB00001T6sPZ,a0BRB000011EvWn2AK,2026/07,2026/07,2026-07-31,120000,120000,true,true
a03RB00001T6sPaYAJ,a03RB00001T6sPa,a0BRB000011EvWn2AK,2026/07,2026/07,2026-07-31,120000,120000,true,true
a03RB00001T6sPbYAJ,a03RB00001T6sPb,a0BRB000011EvWn2AK,2026/07,2026/07,2026-07-31,120000,120000,true,true
a03RB00001T6sPcYAJ,a03RB00001T6sPc,a0BRB000011EvWn2AK,2026/07,2026/07,2026-07-31,120000,120000,true,true
a03RB00001T6sPdYAJ,a03RB00001T6sPd,a0BRB000011EvWn2AK,2026/07,2026/07,2026-07-31,120000,120000,true,true
a03RB00001T6sPeYAJ,a03RB00001T6sPe,a0BRB000011EvWn2AK,2026/07,2026/07,2026-07-31,120000,120000,true,true
a03RB00001T6sPfYAJ,a03RB00001T6sPf,a0BRB000011EvWn2AK,2026/07,2026/07,2026-07-31,120000,120000,true,true
a03RB00001T6sPgYAJ,a03RB00001T6sPg,a0BRB000011EvWn2AK,2026/07,2026/07,2026-07-31,120000,120000,true,true
a03RB00001T6sPhYAJ,a03RB00001T6sPh,a0BRB000011EvWn2AK,2026/07,2026/07,2026-07-31,120000,120000,true,true
a03RB00001TISW5YAP,a03RB00001TISW5,a0BRB000011KClV2AW,2026/07,2026/07,2026-07-31,32000,32000,true,true
a03RB00001TWvoMYAT,a03RB00001TWvoM,a0BRB000011R30j2AC,2026/07,2026/07,2026-07-31,40000,40000,true,true
a03RB00001TX82PYAT,a03RB00001TX82P,a0BRB000011R8A52AK,2026/07,2026/07,2026-07-31,8000,8000,true,true
a03RB00001TXzTKYA1,a03RB00001TXzTK,a0BRB000011Rijp2AC,2026/07,2026/07,2026-07-31,75000,75000,false,false
a03RB00001Uj0riYAB,a03RB00001Uj0ri,a0BRB00000ypw5t2AA,2026/03,2026/03,2026-03-31,1940,1940,false,false
a03RB00001Uj0rjYAB,a03RB00001Uj0rj,a0BRB00000ynb5v2AA,2026/03,2026/03,2026-03-31,90000,90000,true,true
a03RB00001Uj0rkYAB,a03RB00001Uj0rk,a0BRB00000ynb5v2AA,2026/03,2026/03,2026-03-31,50000,50000,true,true
a03RB00001Uj0rlYAB,a03RB00001Uj0rl,a0BRB00000ynb5v2AA,2026/03,2026/03,2026-03-31,255000,255000,true,true
a03RB00001Uj0rmYAB,a03RB00001Uj0rm,a0BRB00000ypw6M2AQ,2026/03,2026/03,2026-03-31,150000,150000,false,false
a03RB00001Uj0rnYAB,a03RB00001Uj0rn,a0BRB00000ypw5r2AA,2026/05,2026/05,2026-05-31,15000,15000,false,false
a03RB00001Uj0roYAB,a03RB00001Uj0ro,a0BRB00000ypw5r2AA,2026/05,2026/05,2026-05-31,30000,30000,true,true
a03RB00001Uj0rpYAB,a03RB00001Uj0rp,a0BRB00000ypw5r2AA,2026/05,2026/05,2026-05-31,15000,15000,true,true
a03RB00001Uj0rqYAB,a03RB00001Uj0rq,a0BRB00000ypw632AA,2026/06,2026/06,2026-06-30,100000,100000,true,true
a03RB00001Uj0rrYAB,a03RB00001Uj0rr,a0BRB00000ynb6A2AQ,2026/06,2026/06,2026-06-30,8000,8000,true,true
a03RB00001Uj0rsYAB,a03RB00001Uj0rs,a0BRB00000ynb622AA,2026/06,2026/06,2026-06-30,8000,8000,true,true
a03RB00001Uj0rtYAB,a03RB00001Uj0rt,a0BRB00000ynb5x2AA,2026/06,2026/06,2026-06-30,16000,16000,true,true
a03RB00001Uj0ruYAB,a03RB00001Uj0ru,a0BRB00000ynb5w2AA,2026/06,2026/06,2026-06-30,55000,55000,true,true
a03RB00001Uj0rvYAB,a03RB00001Uj0rv,a0BRB00000ynb5r2AA,2026/06,2026/06,2026-06-30,8000,8000,true,true
a03RB00001Uj0rwYAB,a03RB00001Uj0rw,a0BRB00000ynb5h2AA,2026/06,2026/06,2026-06-30,8000,8000,true,true
a03RB00001Uj0rxYAB,a03RB00001Uj0rx,a0BRB00000ynb5b2AA,2026/06,2026/06,2026-06-30,11000,11000,true,true
a03RB00001Uj0ryYAB,a03RB00001Uj0ry,a0BRB00000ynb5v2AA,2026/06,2026/06,2026-06-30,55000,55000,true,true
a03RB00001Uj0rzYAB,a03RB00001Uj0rz,a0BRB00000ynn5b2AA,2026/06,2026/06,2026-06-30,11000,11000,true,true
a03RB00001Uj0s0YAB,a03RB00001Uj0s0,a0BRB00000ynn5u2AA,2026/06,2026/06,2026-06-30,11000,11000,true,true
a03RB00001Uj0s1YAB,a03RB00001Uj0s1,a0BRB00000ynn5v2AA,2026/06,2026/06,2026-06-30,11000,11000,true,true
a03RB00001Uj0s2YAB,a03RB00001Uj0s2,a0BRB00000ynb6M2AQ,2026/06,2026/06,2026-06-30,55000,55000,true,true
a03RB00001Uj0s3YAB,a03RB00001Uj0s3,a0BRB00000ynn592AA,2026/06,2026/06,2026-06-30,32000,32000,true,true
a03RB00001Uj0s4YAB,a03RB00001Uj0s4,a0BRB00000ynb6w2AA,2026/06,2026/06,2026-06-30,40000,40000,true,true
a03RB00001Uj0s5YAB,a03RB00001Uj0s5,a0BRB00000ynb762AA,2026/06,2026/06,2026-06-30,8000,8000,true,true
a03RB00001Uj0s6YAB,a03RB00001Uj0s6,a0BRB00000ynn582AA,2026/06,2026/06,2026-06-30,8000,8000,true,true
a03RB00001Uj0s7YAB,a03RB00001Uj0s7,a0BRB00000ynn5s2AA,2026/06,2026/06,2026-06-30,11000,11000,true,true
a03RB00001Uj0s8YAB,a03RB00001Uj0s8,a0BRB00000ynn5p2AA,2026/06,2026/06,2026-06-30,11000,11000,true,true
a03RB00001Uj0s9YAB,a03RB00001Uj0s9,a0BRB00000ynn5f2AA,2026/06,2026/06,2026-06-30,11000,11000,true,true
a03RB00001Uj0sAYAR,a03RB00001Uj0sA,a0BRB00000ynn5d2AA,2026/06,2026/06,2026-06-30,11000,11000,true,true
a03RB00001Uj0sBYAR,a03RB00001Uj0sB,a0BRB0000124jua2AA,2026/06,2026/06,2026-06-30,55000,55000,true,true
a03RB00001Uj0sCYAR,a03RB00001Uj0sC,a0BRB00000ynn5T2AQ,2026/06,2026/06,2026-06-30,33000,33000,true,true
a03RB00001Uj0sDYAR,a03RB00001Uj0sD,a0BRB00000ynn5P2AQ,2026/06,2026/06,2026-06-30,11000,11000,true,true
a03RB00001Uj0sEYAR,a03RB00001Uj0sE,a0BRB00000ynn5N2AQ,2026/06,2026/06,2026-06-30,11000,11000,true,true
a03RB00001Uj0sFYAR,a03RB00001Uj0sF,a0BRB0000124lpu2AA,2026/06,2026/06,2026-06-30,11000,11000,true,true
a03RB00001Uj0sGYAR,a03RB00001Uj0sG,a0BRB00000ynn5y2AA,2026/06,2026/06,2026-06-30,55000,55000,true,true
a03RB00001Uj0sHYAR,a03RB00001Uj0sH,a0BRB00000ynn562AA,2026/06,2026/06,2026-06-30,8000,8000,true,true
a03RB00001Uj0sIYAR,a03RB00001Uj0sI,a0BRB0000124juX2AQ,2026/03,2026/03,2026-03-31,55000,55000,true,true
a03RB00001Uj0sJYAR,a03RB00001Uj0sJ,a0BRB00000ynb6e2AA,2026/04,2026/04,2026-04-30,16000,16000,true,true
a03RB00001Uj0sKYAR,a03RB00001Uj0sK,a0BRB0000124lpt2AA,2026/05,2026/05,2026-05-31,11000,11000,true,true
a03RB00001Uj0sLYAR,a03RB00001Uj0sL,a0BRB0000124juZ2AQ,2026/05,2026/05,2026-05-31,55000,55000,true,true
a03RB00001Uj0sMYAR,a03RB00001Uj0sM,a0BRB0000124juY2AQ,2026/04,2026/04,2026-04-30,55000,55000,true,true
a03RB00001Uj0sNYAR,a03RB00001Uj0sN,a0BRB0000124jub2AA,2026/07,2026/07,2026-07-31,55000,55000,true,true
a03RB00001UyXx0YAF,a03RB00001UyXx0,a0BRB00000ynn5u2AA,2026/06,2026/06,2026-06-30,11000,11000,true,true
a03RB00001UyXx1YAF,a03RB00001UyXx1,a0BRB00000ynn5v2AA,2026/06,2026/06,2026-06-30,11000,11000,true,true
a03RB00001UyXx2YAF,a03RB00001UyXx2,a0BRB00000ynn5T2AQ,2026/06,2026/06,2026-06-30,33000,33000,true,true
a03RB00001UyXx3YAF,a03RB00001UyXx3,a0BRB00000ynb6e2AA,2026/06,2026/06,2026-06-30,48000,48000,false,false
a03RB00001UyZVsYAN,a03RB00001UyZVs,a0BRB000012EChC2AW,2026/06,2026/06,2026-06-30,11000,11000,true,true
a03RB00001UyZVtYAN,a03RB00001UyZVt,a0BRB000012EChD2AW,2026/06,2026/06,2026-06-30,44000,44000,true,true
a03RB00001UyZVuYAN,a03RB00001UyZVu,a0BRB000012EChE2AW,2026/06,2026/06,2026-06-30,8000,8000,true,true
a03RB00001UyZVvYAN,a03RB00001UyZVv,a0BRB000012EChF2AW,2026/06,2026/06,2026-06-30,8000,8000,true,true
a03RB00001UyZVwYAN,a03RB00001UyZVw,a0BRB000012EChG2AW,2026/06,2026/06,2026-06-30,44000,44000,true,true
a03RB00001UyZVxYAN,a03RB00001UyZVx,a0BRB000012EChH2AW,2026/06,2026/06,2026-06-30,8000,8000,true,true
a03RB00001UyZVyYAN,a03RB00001UyZVy,a0BRB000012EChI2AW,2026/06,2026/06,2026-06-30,8000,8000,true,true
a03RB00001UyZVzYAN,a03RB00001UyZVz,a0BRB000012EChJ2AW,2026/06,2026/06,2026-06-30,100000,100000,false,false
a03RB00001UyZW0YAN,a03RB00001UyZW0,a0BRB000012EChJ2AW,2026/06,2026/06,2026-06-30,195000,195000,true,true
a03RB00001UyZW1YAN,a03RB00001UyZW1,a0BRB000012EChK2AW,2026/06,2026/06,2026-06-30,11000,11000,true,true
a03RB00001UyZW2YAN,a03RB00001UyZW2,a0BRB000012EChL2AW,2026/06,2026/06,2026-06-30,11000,11000,true,true
a03RB00001UyZW3YAN,a03RB00001UyZW3,a0BRB000012EChM2AW,2026/06,2026/06,2026-06-30,11000,11000,true,true
a03RB00001UyZW4YAN,a03RB00001UyZW4,a0BRB000012EChN2AW,2026/06,2026/06,2026-06-30,8000,8000,true,true
a03RB00001UyZW5YAN,a03RB00001UyZW5,a0BRB000012EChO2AW,2026/06,2026/06,2026-06-30,16000,16000,true,true
a03RB00001UyZW6YAN,a03RB00001UyZW6,a0BRB000012EChP2AW,2026/06,2026/06,2026-06-30,30000,30000,true,true
a03RB00001UyZW7YAN,a03RB00001UyZW7,a0BRB000012EChP2AW,2026/06,2026/06,2026-06-30,150000,150000,true,true
a03RB00001UyZW8YAN,a03RB00001UyZW8,a0BRB000012EChQ2AW,2026/06,2026/06,2026-06-30,30000,30000,true,true
a03RB00001UyZW9YAN,a03RB00001UyZW9,a0BRB000012EChR2AW,2026/06,2026/06,2026-06-30,8000,8000,true,true
a03RB00001UyZWAYA3,a03RB00001UyZWA,a0BRB000012EChS2AW,2026/06,2026/06,2026-06-30,150000,150000,true,true
a03RB00001UyZWBYA3,a03RB00001UyZWB,a0BRB000012EChT2AW,2026/03,2026/03,2026-03-31,75000,75000,true,true
a03RB00001UyZWCYA3,a03RB00001UyZWC,a0BRB000012EChU2AW,2026/03,2026/03,2026-03-31,11000,11000,true,true
a03RB00001UyZWDYA3,a03RB00001UyZWD,a0BRB000012EChV2AW,2026/03,2026/03,2026-03-31,11000,11000,true,true
a03RB00001UyZWEYA3,a03RB00001UyZWE,a0BRB000012EChW2AW,2026/03,2026/03,2026-03-31,8000,8000,true,true
a03RB00001UyZWFYA3,a03RB00001UyZWF,a0BRB000012EChX2AW,2026/03,2026/03,2026-03-31,11000,11000,true,true
a03RB00001UyZWGYA3,a03RB00001UyZWG,a0BRB000012EChY2AW,2026/03,2026/03,2026-03-31,44000,44000,true,true
a03RB00001UyZWHYA3,a03RB00001UyZWH,a0BRB000012EChZ2AW,2026/03,2026/03,2026-03-31,8000,8000,true,true
a03RB00001UyZWIYA3,a03RB00001UyZWI,a0BRB000012ECha2AG,2026/03,2026/03,2026-03-31,55000,55000,true,true
a03RB00001UyZWJYA3,a03RB00001UyZWJ,a0BRB000012EChb2AG,2026/04,2026/04,2026-04-30,8000,8000,true,true
a03RB00001UyZWKYA3,a03RB00001UyZWK,a0BRB000012EChc2AG,2026/04,2026/04,2026-04-30,8000,8000,true,true
a03RB00001UyZWLYA3,a03RB00001UyZWL,a0BRB000012EChd2AG,2026/04,2026/04,2026-04-30,8000,8000,true,true
a03RB00001UyZWMYA3,a03RB00001UyZWM,a0BRB000012EChe2AG,2026/04,2026/04,2026-04-30,48000,48000,true,true
a03RB00001UyZWNYA3,a03RB00001UyZWN,a0BRB000012EChf2AG,2026/04,2026/04,2026-04-30,16000,16000,true,true
a03RB00001UyZWOYA3,a03RB00001UyZWO,a0BRB000012EChg2AG,2026/04,2026/04,2026-04-30,30000,30000,true,true
a03RB00001UyZWPYA3,a03RB00001UyZWP,a0BRB000012EChg2AG,2026/04,2026/04,2026-04-30,150000,150000,true,true
a03RB00001UyZWQYA3,a03RB00001UyZWQ,a0BRB000012EChh2AG,2026/04,2026/04,2026-04-30,77000,77000,true,true
a03RB00001UyZWRYA3,a03RB00001UyZWR,a0BRB000012EChi2AG,2026/04,2026/04,2026-04-30,11000,11000,true,true
a03RB00001UyZWSYA3,a03RB00001UyZWS,a0BRB000012EChj2AG,2026/05,2026/05,2026-05-31,11000,11000,true,true
a03RB00001UyZWTYA3,a03RB00001UyZWT,a0BRB000012EChk2AG,2026/05,2026/05,2026-05-31,11000,11000,true,true
a03RB00001UyZWUYA3,a03RB00001UyZWU,a0BRB000012EChl2AG,2026/05,2026/05,2026-05-31,11000,11000,true,true
a03RB00001UyZWVYA3,a03RB00001UyZWV,a0BRB000012EChm2AG,2026/05,2026/05,2026-05-31,8000,8000,true,true
a03RB00001UyZWWYA3,a03RB00001UyZWW,a0BRB000012EChn2AG,2026/05,2026/05,2026-05-31,11000,11000,true,true
a03RB00001UyZWXYA3,a03RB00001UyZWX,a0BRB000012ECho2AG,2026/05,2026/05,2026-05-31,44000,44000,true,true
a03RB00001UyZWYYA3,a03RB00001UyZWY,a0BRB000012EChp2AG,2026/05,2026/05,2026-05-31,8000,8000,true,true
a03RB00001UyZWZYA3,a03RB00001UyZWZ,a0BRB000012EChq2AG,2026/05,2026/05,2026-05-31,55000,55000,true,true
a03RB00001UyZWaYAN,a03RB00001UyZWa,a0BRB000012EChr2AG,2026/05,2026/05,2026-05-31,8000,8000,true,true
a03RB00001UyZWbYAN,a03RB00001UyZWb,a0BRB000012EChs2AG,2026/05,2026/05,2026-05-31,8000,8000,true,true
a03RB00001UyZWcYAN,a03RB00001UyZWc,a0BRB000012ECht2AG,2026/05,2026/05,2026-05-31,8000,8000,true,true
a03RB00001UyZWdYAN,a03RB00001UyZWd,a0BRB000012EChu2AG,2026/05,2026/05,2026-05-31,8000,8000,true,true
a03RB00001UyZWeYAN,a03RB00001UyZWe,a0BRB000012EChv2AG,2026/05,2026/05,2026-05-31,48000,48000,true,true
a03RB00001UyZWfYAN,a03RB00001UyZWf,a0BRB000012EChw2AG,2026/05,2026/05,2026-05-31,16000,16000,true,true
a03RB00001UyZWgYAN,a03RB00001UyZWg,a0BRB000012EChx2AG,2026/05,2026/05,2026-05-31,30000,30000,true,true
a03RB00001UyZWhYAN,a03RB00001UyZWh,a0BRB000012EChx2AG,2026/05,2026/05,2026-05-31,150000,150000,true,true
a03RB00001UyZWiYAN,a03RB00001UyZWi,a0BRB000012EChy2AG,2026/04,2026/04,2026-04-30,8000,8000,true,true
a03RB00001UyZWjYAN,a03RB00001UyZWj,a0BRB000012EChz2AG,2026/04,2026/04,2026-04-30,11000,11000,true,true
a03RB00001UyZWkYAN,a03RB00001UyZWk,a0BRB000012ECi02AG,2026/04,2026/04,2026-04-30,44000,44000,true,true
a03RB00001UyZWlYAN,a03RB00001UyZWl,a0BRB000012ECi12AG,2026/04,2026/04,2026-04-30,8000,8000,true,true
a03RB00001UyZWmYAN,a03RB00001UyZWm,a0BRB000012ECi22AG,2026/04,2026/04,2026-04-30,55000,55000,true,true
a03RB00001UyZWnYAN,a03RB00001UyZWn,a0BRB000012ECi32AG,2026/04,2026/04,2026-04-30,8000,8000,true,true
a03RB00001UyZWoYAN,a03RB00001UyZWo,a0BRB000012ECi42AG,2026/03,2026/03,2026-03-31,8000,8000,true,true
a03RB00001UyZWpYAN,a03RB00001UyZWp,a0BRB000012ECi52AG,2026/03,2026/03,2026-03-31,8000,8000,true,true
a03RB00001UyZWqYAN,a03RB00001UyZWq,a0BRB000012ECi62AG,2026/03,2026/03,2026-03-31,8000,8000,true,true
a03RB00001UyZWrYAN,a03RB00001UyZWr,a0BRB000012ECi72AG,2026/03,2026/03,2026-03-31,8000,8000,true,true
a03RB00001UyZWsYAN,a03RB00001UyZWs,a0BRB000012ECi82AG,2026/03,2026/03,2026-03-31,77000,77000,true,true
a03RB00001UyZWtYAN,a03RB00001UyZWt,a0BRB000012ECi92AG,2026/03,2026/03,2026-03-31,16000,16000,true,true
a03RB00001UyZWuYAN,a03RB00001UyZWu,a0BRB000012ECiA2AW,2026/07,2026/07,2026-07-31,132000,132000,true,true
a03RB00001UyZWvYAN,a03RB00001UyZWv,a0BRB000012ECiB2AW,2026/07,2026/07,2026-07-31,48000,48000,true,true
a03RB00001UyZWwYAN,a03RB00001UyZWw,a0BRB000012ECiC2AW,2026/07,2026/07,2026-07-31,24000,24000,true,true
a03RB00001UyZWxYAN,a03RB00001UyZWx,a0BRB000012ECiD2AW,2026/07,2026/07,2026-07-31,75000,75000,true,true
a03RB00001UyZWyYAN,a03RB00001UyZWy,a0BRB000012ECiE2AW,2026/07,2026/07,2026-07-31,30000,30000,true,true
a03RB00001UyZWzYAN,a03RB00001UyZWz,a0BRB000012ECiF2AW,2026/07,2026/07,2026-07-31,8000,8000,true,true
a03RB00001UyZX0YAN,a03RB00001UyZX0,a0BRB000012ECiG2AW,2026/07,2026/07,2026-07-31,48000,48000,true,true
a03RB00001UyZX1YAN,a03RB00001UyZX1,a0BRB000012ECiH2AW,2026/07,2026/07,2026-07-31,16000,16000,true,true
a03RB00001UyZX2YAN,a03RB00001UyZX2,a0BRB000012ECiI2AW,2026/07,2026/07,2026-07-31,8000,8000,true,true
a03RB00001UyZX3YAN,a03RB00001UyZX3,a0BRB000012ECiJ2AW,2026/07,2026/07,2026-07-31,11000,11000,true,true
a03RB00001UyZX4YAN,a03RB00001UyZX4,a0BRB000012ECiK2AW,2026/07,2026/07,2026-07-31,44000,44000,true,true
a03RB00001UyZX5YAN,a03RB00001UyZX5,a0BRB000012ECiL2AW,2026/07,2026/07,2026-07-31,8000,8000,true,true
a03RB00001UyZX6YAN,a03RB00001UyZX6,a0BRB000012ECiM2AW,2026/07,2026/07,2026-07-31,75000,75000,true,true
a03RB00001UyZX7YAN,a03RB00001UyZX7,a0BRB000012ECiN2AW,2026/07,2026/07,2026-07-31,8000,8000,true,true
a03RB00001UyZX8YAN,a03RB00001UyZX8,a0BRB000012ECiO2AW,2026/07,2026/07,2026-07-31,44000,44000,true,true
a03RB00001UyZX9YAN,a03RB00001UyZX9,a0BRB000012ECiP2AW,2026/07,2026/07,2026-07-31,8000,8000,true,true
a03RB00001UyZXAYA3,a03RB00001UyZXA,a0BRB000012ECiQ2AW,2026/07,2026/07,2026-07-31,8000,8000,true,true
a03RB00001VH5KKYA1,a03RB00001VH5KK,a0BRB00000ynb5v2AA,2026/03,2026/03,2026-03-31,90000,90000,false,false
a03RB00001VH5KLYA1,a03RB00001VH5KL,a0BRB00000ynb5v2AA,2026/03,2026/03,2026-03-31,30000,30000,false,false
a03RB00001VH5KMYA1,a03RB00001VH5KM,a0BRB00000ynb5v2AA,2026/03,2026/03,2026-03-31,50000,50000,false,false
a03RB00001VH5KNYA1,a03RB00001VH5KN,a0BRB00000ynb5v2AA,2026/03,2026/03,2026-03-31,30000,30000,false,false
a03RB00001VH5KOYA1,a03RB00001VH5KO,a0BRB00000ynb5v2AA,2026/03,2026/03,2026-03-31,255000,255000,false,false
a03RB00001VH5KPYA1,a03RB00001VH5KP,a0BRB000012R4gz2AC,2026/06,2026/06,2026-06-30,198000,198000,true,true
a03RB00001VH5KQYA1,a03RB00001VH5KQ,a0BRB00000ynn5b2AA,2026/06,2026/06,2026-06-30,11000,11000,true,true
a03RB00001VH5KRYA1,a03RB00001VH5KR,a0BRB00000ynn5d2AA,2026/06,2026/06,2026-06-30,11000,11000,true,true
a03RB00001VH5KSYA1,a03RB00001VH5KS,a0BRB000012EChM2AW,2026/06,2026/06,2026-06-30,11000,11000,true,true
a03RB00001VH5KTYA1,a03RB00001VH5KT,a0BRB00000ynn5V2AQ,2026/06,2026/06,2026-06-30,159500,159500,true,true
a03RB00001VH5KUYA1,a03RB00001VH5KU,a0BRB00000ynn5P2AQ,2026/06,2026/06,2026-06-30,11000,11000,true,true
a03RB00001VH5KVYA1,a03RB00001VH5KV,a0BRB00000ynn5N2AQ,2026/06,2026/06,2026-06-30,11000,11000,true,true
a03RB00001VK8GnYAL,a03RB00001VK8Gn,a0BRB000012RmbZ2AS,2026/06,2026/06,2026-07-28,3000000,3000000,false,false
a03RB00001VLhyrYAD,a03RB00001VLhyr,a0BRB00000ynn552AA,2026/07,2026/07,2026-07-31,225000,225000,false,false
a03RB00001VU9YAYA1,a03RB00001VU9YA,a0BRB000012ZyPR2A0,2026/08,2026/08,2026-08-31,150000,150000,false,false
a03RB00001VUaoUYAT,a03RB00001VUaoU,a0BRB00000ynn5A2AQ,2026/07,2026/07,2026-07-31,6052.5,6052.5,false,false
a03RB00001VUaoVYAT,a03RB00001VUaoV,a0BRB00000ynn5A2AQ,2026/06,2026/06,2026-06-30,-5000,-5000,false,false
a03RB00001VUaoWYAT,a03RB00001VUaoW,a0BRB00000ynn5A2AQ,2026/06,2026/06,2026-06-30,75000,75000,false,false
a03RB00001VUaoXYAT,a03RB00001VUaoX,a0BRB00000ynn5E2AQ,2026/06,2026/06,2026-06-30,8000,8000,true,true
a03RB00001VUaoYYAT,a03RB00001VUaoY,a0BRB00000ynn5F2AQ,2026/06,2026/06,2026-06-30,84000,84000,false,false
a03RB00001VUaoZYAT,a03RB00001VUaoZ,a0BRB00000ynb6W2AQ,2026/06,2026/06,2026-06-30,6400,6400,false,false
a03RB00001VUaoaYAD,a03RB00001VUaoa,a0BRB00000ynb6i2AA,2026/06,2026/06,2026-06-30,12500,12500,true,true
a03RB00001VUaobYAD,a03RB00001VUaob,a0BRB0000100Bsb2AE,2026/07,2026/07,2026-07-31,140000,140000,false,false
a03RB00001VUaocYAD,a03RB00001VUaoc,a0BRB00000ynb6W2AQ,2026/07,2026/07,2026-07-31,120000,120000,true,true
a03RB00001VVITJYA5,a03RB00001VVITJ,a0BRB000012ZwHB2A0,2026/08,2026/08,2026-08-31,8000,8000,true,true
a03RB00001VWEogYAH,a03RB00001VWEog,a0BRB000012acmf2AA,2026/07,2026/07,2026-07-31,32000,32000,true,true
a03RB00001VWEohYAH,a03RB00001VWEoh,a0BRB000012acmg2AA,2026/07,2026/07,2026-07-31,8000,8000,true,true
a03RB00001VWEoiYAH,a03RB00001VWEoi,a0BRB00000ynn5R2AQ,2026/01,2026/01,2026-01-31,-6000,-6000,true,true
a03RB00001VWEojYAH,a03RB00001VWEoj,a0BRB00000ynn5R2AQ,2026/01,2026/01,2026-01-31,240000,240000,true,true
a03RB00001VWEokYAH,a03RB00001VWEok,a0BRB000012acmh2AA,2025/10,2025/10,2025-10-31,132000,132000,true,true
a03RB00001VWEolYAH,a03RB00001VWEol,a0BRB000012acmi2AA,2025/09,2025/09,2025-09-30,132000,132000,true,true
a03RB00001VWEomYAH,a03RB00001VWEom,a0BRB000012acmj2AA,2025/11,2025/11,2025-11-30,132000,132000,true,true
a03RB00001VWEonYAH,a03RB00001VWEon,a0BRB000012acmk2AA,2025/12,2025/12,2025-12-31,132000,132000,true,true
a03RB00001VX2zxYAD,a03RB00001VX2zx,a0BRB00000ynb652AA,2026/01,2026/01,2026-01-31,385000,385000,false,false
a03RB00001VXL05YAH,a03RB00001VXL05,a0BRB000012R4gz2AC,2026/06,2026/06,2026-06-30,165000,165000,false,false
a03RB00001VXL06YAH,a03RB00001VXL06,a0BRB000012aLDx2AM,2026/07,2026/07,2026-07-31,165000,165000,false,false
a03RB00001VXL07YAH,a03RB00001VXL07,a0BRB00000ynb6d2AA,2026/01,2026/01,2026-01-31,24000,24000,true,true
a03RB00001VXL08YAH,a03RB00001VXL08,a0BRB00000ynb6g2AA,2026/02,2026/02,2026-02-28,12500,12500,true,true
a03RB00001VXL09YAH,a03RB00001VXL09,a0BRB00000ynb6Y2AQ,2025/12,2025/12,2025-12-31,48000,48000,true,true
a03RB00001VZHRpYAP,a03RB00001VZHRp,a0BRB000012bYDx2AM,2026/08,2026/08,2026-08-31,105000,105000,true,true
a03RB00001VrXgEYAV,a03RB00001VrXgE,a0BRB000012nzgf2AA,2026/08,2026/08,2026-08-31,75000,75000,true,true
a03RB00001Vsf74YAB,a03RB00001Vsf74,a0BRB000012oRhh2AE,2026/08,2026/08,2026-08-31,8000,8000,true,true
a03RB00001WSLkwYAH,a03RB00001WSLkw,a0BRB000013FRP42AO,2026/08,2026/08,2026-08-31,16000,16000,true,true
a03RB00001WSLkxYAH,a03RB00001WSLkx,a0BRB000013FRP42AO,2026/08,2026/08,2026-08-31,16000,16000,true,true
a03RB00001WSLkyYAH,a03RB00001WSLky,a0BRB000013FRP42AO,2026/08,2026/08,2026-08-31,16000,16000,true,true
a03RB00001WSLkzYAH,a03RB00001WSLkz,a0BRB000013FRP42AO,2026/08,2026/08,2026-08-31,16000,16000,true,true
a03RB00001WSLl0YAH,a03RB00001WSLl0,a0BRB000013FRP42AO,2026/08,2026/08,2026-08-31,16000,16000,true,true
a03RB00001WSLl1YAH,a03RB00001WSLl1,a0BRB000013FRP42AO,2026/08,2026/08,2026-08-31,16000,16000,true,true
a03RB00001WYiuvYAD,a03RB00001WYiuv,a0BRB000013IDuF2AW,2026/08,2026/08,2026-08-31,2500,2500,true,true
a03RB00001WYiuwYAD,a03RB00001WYiuw,a0BRB000013IDuF2AW,2026/08,2026/08,2026-08-31,2500,2500,true,true
a03RB00001WYiuxYAD,a03RB00001WYiux,a0BRB000013IDuF2AW,2026/08,2026/08,2026-08-31,2500,2500,true,true
a03RB00001WYiuyYAD,a03RB00001WYiuy,a0BRB000013IDuF2AW,2026/08,2026/08,2026-08-31,2500,2500,true,true
a03RB00001WYiuzYAD,a03RB00001WYiuz,a0BRB000013IDuF2AW,2026/08,2026/08,2026-08-31,2500,2500,true,true
a03RB00001WYiv0YAD,a03RB00001WYiv0,a0BRB000013IDuF2AW,2026/08,2026/08,2026-08-31,2500,2500,true,true
a03RB00001WYiv1YAD,a03RB00001WYiv1,a0BRB000013IDuF2AW,2026/08,2026/08,2026-08-31,2500,2500,true,true
a03RB00001WYiv2YAD,a03RB00001WYiv2,a0BRB000013IDuF2AW,2026/08,2026/08,2026-08-31,2500,2500,true,true
a03RB00001WYiv3YAD,a03RB00001WYiv3,a0BRB000013IDuF2AW,2026/09,2026/09,2026-09-30,2500,2500,true,true
a03RB00001WYiv4YAD,a03RB00001WYiv4,a0BRB000013IDuF2AW,2026/09,2026/09,2026-09-30,2500,2500,true,true
a03RB00001WYiv5YAD,a03RB00001WYiv5,a0BRB000013IDuF2AW,2026/09,2026/09,2026-09-30,2500,2500,true,true
a03RB00001WYiv6YAD,a03RB00001WYiv6,a0BRB000013IDuF2AW,2026/09,2026/09,2026-09-30,2500,2500,true,true
a03RB00001WYiv7YAD,a03RB00001WYiv7,a0BRB000013IDuF2AW,2026/09,2026/09,2026-09-30,2500,2500,true,true
a03RB00001WYiv8YAD,a03RB00001WYiv8,a0BRB000013IDuF2AW,2026/09,2026/09,2026-09-30,2500,2500,true,true
a03RB00001WYiv9YAD,a03RB00001WYiv9,a0BRB000013IDuF2AW,2026/09,2026/09,2026-09-30,2500,2500,true,true
a03RB00001WYivAYAT,a03RB00001WYivA,a0BRB000013IDuF2AW,2026/09,2026/09,2026-09-30,2500,2500,true,true
a03RB00001WYivBYAT,a03RB00001WYivB,a0BRB000013IDuF2AW,2026/10,2026/10,2026-10-31,2500,2500,true,true
a03RB00001WYivCYAT,a03RB00001WYivC,a0BRB000013IDuF2AW,2026/10,2026/10,2026-10-31,2500,2500,true,true
a03RB00001WYivDYAT,a03RB00001WYivD,a0BRB000013IDuF2AW,2026/10,2026/10,2026-10-31,2500,2500,true,true
a03RB00001WYivEYAT,a03RB00001WYivE,a0BRB000013IDuF2AW,2026/10,2026/10,2026-10-31,2500,2500,true,true
a03RB00001WYivFYAT,a03RB00001WYivF,a0BRB000013IDuF2AW,2026/10,2026/10,2026-10-31,2500,2500,true,true
a03RB00001WYivGYAT,a03RB00001WYivG,a0BRB000013IDuF2AW,2026/10,2026/10,2026-10-31,2500,2500,true,true
a03RB00001WYivHYAT,a03RB00001WYivH,a0BRB000013IDuF2AW,2026/10,2026/10,2026-10-31,2500,2500,true,true
a03RB00001WYivIYAT,a03RB00001WYivI,a0BRB000013IDuF2AW,2026/10,2026/10,2026-10-31,2500,2500,true,true
a03RB00001WYivJYAT,a03RB00001WYivJ,a0BRB000013IDuF2AW,2026/11,2026/11,2026-11-30,2500,2500,true,true
a03RB00001WYivKYAT,a03RB00001WYivK,a0BRB000013IDuF2AW,2026/11,2026/11,2026-11-30,2500,2500,true,true
a03RB00001WYivLYAT,a03RB00001WYivL,a0BRB000013IDuF2AW,2026/11,2026/11,2026-11-30,2500,2500,true,true
a03RB00001WYivMYAT,a03RB00001WYivM,a0BRB000013IDuF2AW,2026/11,2026/11,2026-11-30,2500,2500,true,true
a03RB00001WYivNYAT,a03RB00001WYivN,a0BRB000013IDuF2AW,2026/11,2026/11,2026-11-30,2500,2500,true,true
a03RB00001WYivOYAT,a03RB00001WYivO,a0BRB000013IDuF2AW,2026/11,2026/11,2026-11-30,2500,2500,true,true
a03RB00001WYivPYAT,a03RB00001WYivP,a0BRB000013IDuF2AW,2026/11,2026/11,2026-11-30,2500,2500,true,true
a03RB00001WYivQYAT,a03RB00001WYivQ,a0BRB000013IDuF2AW,2026/11,2026/11,2026-11-30,2500,2500,true,true
a03RB00001WYivRYAT,a03RB00001WYivR,a0BRB000013IDuF2AW,2026/12,2026/12,2026-12-31,2500,2500,true,true
a03RB00001WYivSYAT,a03RB00001WYivS,a0BRB000013IDuF2AW,2026/12,2026/12,2026-12-31,2500,2500,true,true
a03RB00001WYivTYAT,a03RB00001WYivT,a0BRB000013IDuF2AW,2026/12,2026/12,2026-12-31,2500,2500,true,true
a03RB00001WYivUYAT,a03RB00001WYivU,a0BRB000013IDuF2AW,2026/12,2026/12,2026-12-31,2500,2500,true,true
a03RB00001WYivVYAT,a03RB00001WYivV,a0BRB000013IDuF2AW,2026/12,2026/12,2026-12-31,2500,2500,true,true
a03RB00001WYivWYAT,a03RB00001WYivW,a0BRB000013IDuF2AW,2026/12,2026/12,2026-12-31,2500,2500,true,true
a03RB00001WYivXYAT,a03RB00001WYivX,a0BRB000013IDuF2AW,2026/12,2026/12,2026-12-31,2500,2500,true,true
a03RB00001WYivYYAT,a03RB00001WYivY,a0BRB000013IDuF2AW,2026/12,2026/12,2026-12-31,2500,2500,true,true
a03RB00001WYivZYAT,a03RB00001WYivZ,a0BRB000013IDuF2AW,2027/01,2027/01,2027-01-31,2500,2500,true,true
a03RB00001WYivaYAD,a03RB00001WYiva,a0BRB000013IDuF2AW,2027/01,2027/01,2027-01-31,2500,2500,true,true
a03RB00001WYivbYAD,a03RB00001WYivb,a0BRB000013IDuF2AW,2027/01,2027/01,2027-01-31,2500,2500,true,true
a03RB00001WYivcYAD,a03RB00001WYivc,a0BRB000013IDuF2AW,2027/01,2027/01,2027-01-31,2500,2500,true,true
a03RB00001WYivdYAD,a03RB00001WYivd,a0BRB000013IDuF2AW,2027/01,2027/01,2027-01-31,2500,2500,true,true
a03RB00001WYiveYAD,a03RB00001WYive,a0BRB000013IDuF2AW,2027/01,2027/01,2027-01-31,2500,2500,true,true
a03RB00001WYivfYAD,a03RB00001WYivf,a0BRB000013IDuF2AW,2027/01,2027/01,2027-01-31,2500,2500,true,true
a03RB00001WYivgYAD,a03RB00001WYivg,a0BRB000013IDuF2AW,2027/01,2027/01,2027-01-31,2500,2500,true,true
a03RB00001WYivhYAD,a03RB00001WYivh,a0BRB000013IDuF2AW,2027/02,2027/02,2027-02-28,2500,2500,true,true
a03RB00001WYiviYAD,a03RB00001WYivi,a0BRB000013IDuF2AW,2027/02,2027/02,2027-02-28,2500,2500,true,true
a03RB00001WYivjYAD,a03RB00001WYivj,a0BRB000013IDuF2AW,2027/02,2027/02,2027-02-28,2500,2500,true,true
a03RB00001WYivkYAD,a03RB00001WYivk,a0BRB000013IDuF2AW,2027/02,2027/02,2027-02-28,2500,2500,true,true
a03RB00001WYivlYAD,a03RB00001WYivl,a0BRB000013IDuF2AW,2027/02,2027/02,2027-02-28,2500,2500,true,true
a03RB00001WYivmYAD,a03RB00001WYivm,a0BRB000013IDuF2AW,2027/02,2027/02,2027-02-28,2500,2500,true,true
a03RB00001WYivnYAD,a03RB00001WYivn,a0BRB000013IDuF2AW,2027/02,2027/02,2027-02-28,2500,2500,true,true
a03RB00001WYivoYAD,a03RB00001WYivo,a0BRB000013IDuF2AW,2027/02,2027/02,2027-02-28,2500,2500,true,true
a03RB00001WYivpYAD,a03RB00001WYivp,a0BRB000013IDuF2AW,2027/03,2027/03,2027-03-31,2500,2500,true,true
a03RB00001WYivqYAD,a03RB00001WYivq,a0BRB000013IDuF2AW,2027/03,2027/03,2027-03-31,2500,2500,true,true
a03RB00001WYivrYAD,a03RB00001WYivr,a0BRB000013IDuF2AW,2027/03,2027/03,2027-03-31,2500,2500,true,true
a03RB00001WYivsYAD,a03RB00001WYivs,a0BRB000013IDuF2AW,2027/03,2027/03,2027-03-31,2500,2500,true,true
a03RB00001WYivtYAD,a03RB00001WYivt,a0BRB000013IDuF2AW,2027/03,2027/03,2027-03-31,2500,2500,true,true
a03RB00001WYivuYAD,a03RB00001WYivu,a0BRB000013IDuF2AW,2027/03,2027/03,2027-03-31,2500,2500,true,true
a03RB00001WYivvYAD,a03RB00001WYivv,a0BRB000013IDuF2AW,2027/03,2027/03,2027-03-31,2500,2500,true,true
a03RB00001WYivwYAD,a03RB00001WYivw,a0BRB000013IDuF2AW,2027/03,2027/03,2027-03-31,2500,2500,true,true
a03RB00001WYivxYAD,a03RB00001WYivx,a0BRB000013IDuF2AW,2027/04,2027/04,2027-04-30,2500,2500,true,true
a03RB00001WYivyYAD,a03RB00001WYivy,a0BRB000013IDuF2AW,2027/04,2027/04,2027-04-30,2500,2500,true,true
a03RB00001WYivzYAD,a03RB00001WYivz,a0BRB000013IDuF2AW,2027/04,2027/04,2027-04-30,2500,2500,true,true
a03RB00001WYiw0YAD,a03RB00001WYiw0,a0BRB000013IDuF2AW,2027/04,2027/04,2027-04-30,2500,2500,true,true
a03RB00001WYiw1YAD,a03RB00001WYiw1,a0BRB000013IDuF2AW,2027/04,2027/04,2027-04-30,2500,2500,true,true
a03RB00001WYiw2YAD,a03RB00001WYiw2,a0BRB000013IDuF2AW,2027/04,2027/04,2027-04-30,2500,2500,true,true
a03RB00001WYiw3YAD,a03RB00001WYiw3,a0BRB000013IDuF2AW,2027/04,2027/04,2027-04-30,2500,2500,true,true
a03RB00001WYiw4YAD,a03RB00001WYiw4,a0BRB000013IDuF2AW,2027/04,2027/04,2027-04-30,2500,2500,true,true
a03RB00001WYiw5YAD,a03RB00001WYiw5,a0BRB000013IDuF2AW,2027/05,2027/05,2027-05-31,2500,2500,true,true
a03RB00001WYiw6YAD,a03RB00001WYiw6,a0BRB000013IDuF2AW,2027/05,2027/05,2027-05-31,2500,2500,true,true
a03RB00001WYiw7YAD,a03RB00001WYiw7,a0BRB000013IDuF2AW,2027/05,2027/05,2027-05-31,2500,2500,true,true
a03RB00001WYiw8YAD,a03RB00001WYiw8,a0BRB000013IDuF2AW,2027/05,2027/05,2027-05-31,2500,2500,true,true
a03RB00001WYiw9YAD,a03RB00001WYiw9,a0BRB000013IDuF2AW,2027/05,2027/05,2027-05-31,2500,2500,true,true
a03RB00001WYiwAYAT,a03RB00001WYiwA,a0BRB000013IDuF2AW,2027/05,2027/05,2027-05-31,2500,2500,true,true
a03RB00001WYiwBYAT,a03RB00001WYiwB,a0BRB000013IDuF2AW,2027/05,2027/05,2027-05-31,2500,2500,true,true
a03RB00001WYiwCYAT,a03RB00001WYiwC,a0BRB000013IDuF2AW,2027/05,2027/05,2027-05-31,2500,2500,true,true
a03RB00001WYiwDYAT,a03RB00001WYiwD,a0BRB000013IDuF2AW,2027/06,2027/06,2027-06-30,2500,2500,true,true
a03RB00001WYiwEYAT,a03RB00001WYiwE,a0BRB000013IDuF2AW,2027/06,2027/06,2027-06-30,2500,2500,true,true
a03RB00001WYiwFYAT,a03RB00001WYiwF,a0BRB000013IDuF2AW,2027/06,2027/06,2027-06-30,2500,2500,true,true
a03RB00001WYiwGYAT,a03RB00001WYiwG,a0BRB000013IDuF2AW,2027/06,2027/06,2027-06-30,2500,2500,true,true
a03RB00001WYiwHYAT,a03RB00001WYiwH,a0BRB000013IDuF2AW,2027/06,2027/06,2027-06-30,2500,2500,true,true
a03RB00001WYiwIYAT,a03RB00001WYiwI,a0BRB000013IDuF2AW,2027/06,2027/06,2027-06-30,2500,2500,true,true
a03RB00001WYiwJYAT,a03RB00001WYiwJ,a0BRB000013IDuF2AW,2027/06,2027/06,2027-06-30,2500,2500,true,true
a03RB00001WYiwKYAT,a03RB00001WYiwK,a0BRB000013IDuF2AW,2027/06,2027/06,2027-06-30,2500,2500,true,true
a03RB00001WYiwLYAT,a03RB00001WYiwL,a0BRB000013IDuF2AW,2027/07,2027/07,2027-07-31,2500,2500,true,true
a03RB00001WYiwMYAT,a03RB00001WYiwM,a0BRB000013IDuF2AW,2027/07,2027/07,2027-07-31,2500,2500,true,true
a03RB00001WYiwNYAT,a03RB00001WYiwN,a0BRB000013IDuF2AW,2027/07,2027/07,2027-07-31,2500,2500,true,true
a03RB00001WYiwOYAT,a03RB00001WYiwO,a0BRB000013IDuF2AW,2027/07,2027/07,2027-07-31,2500,2500,true,true
a03RB00001WYiwPYAT,a03RB00001WYiwP,a0BRB000013IDuF2AW,2027/07,2027/07,2027-07-31,2500,2500,true,true
a03RB00001WYiwQYAT,a03RB00001WYiwQ,a0BRB000013IDuF2AW,2027/07,2027/07,2027-07-31,2500,2500,true,true
a03RB00001WYiwRYAT,a03RB00001WYiwR,a0BRB000013IDuF2AW,2027/07,2027/07,2027-07-31,2500,2500,true,true
a03RB00001WYiwSYAT,a03RB00001WYiwS,a0BRB000013IDuF2AW,2027/07,2027/07,2027-07-31,2500,2500,true,true
a03RB00001WZCQ2YAP,a03RB00001WZCQ2,a0BRB000013KK4t2AG,2026/07,2026/07,2026-07-31,8000,8000,true,true
a03RB00001WZCQ3YAP,a03RB00001WZCQ3,a0BRB000013KK4u2AG,2026/08,2026/08,2026-08-31,8000,8000,true,true
a03RB00001WimNlYAJ,a03RB00001WimNl,a0BRB000013Q4Yo2AK,2026/08,2026/08,2026-08-31,8000,8000,true,true
a03RB00001X0cEfYAJ,a03RB00001X0cEf,a0BRB000013b0LN2AY,2026/08,2026/08,2026-08-31,6400,6400,false,false
a03RB00001X0cEgYAJ,a03RB00001X0cEg,a0BRB000013b0LN2AY,2026/09,2026/09,2026-09-30,6400,6400,false,false
a03RB00001X0cEhYAJ,a03RB00001X0cEh,a0BRB000013b0LN2AY,2026/10,2026/10,2026-10-31,6400,6400,false,false
a03RB00001X0cEiYAJ,a03RB00001X0cEi,a0BRB000013b0LN2AY,2026/11,2026/11,2026-11-30,6400,6400,false,false
a03RB00001X0cEjYAJ,a03RB00001X0cEj,a0BRB000013b0LN2AY,2026/12,2026/12,2026-12-31,6400,6400,false,false
a03RB00001X0cEkYAJ,a03RB00001X0cEk,a0BRB000013b0LN2AY,2027/01,2027/01,2027-01-31,6400,6400,false,false
a03RB00001X0cElYAJ,a03RB00001X0cEl,a0BRB000013b0LN2AY,2027/02,2027/02,2027-02-28,6400,6400,false,false
a03RB00001X0cEmYAJ,a03RB00001X0cEm,a0BRB000013b0LN2AY,2027/03,2027/03,2027-03-31,6400,6400,false,false
a03RB00001X0cEnYAJ,a03RB00001X0cEn,a0BRB000013b0LN2AY,2027/04,2027/04,2027-04-30,6400,6400,false,false
a03RB00001X0cEoYAJ,a03RB00001X0cEo,a0BRB000013b0LN2AY,2027/05,2027/05,2027-05-31,6400,6400,false,false
a03RB00001X0cEpYAJ,a03RB00001X0cEp,a0BRB000013b0LN2AY,2027/06,2027/06,2027-06-30,6400,6400,false,false
a03RB00001X0cEqYAJ,a03RB00001X0cEq,a0BRB000013b0LN2AY,2027/07,2027/07,2027-07-31,6400,6400,false,false
